mtllib P-32_tex.mtl
v 4.349327 2.915052 1.059113
v 3.654081 2.989157 1.124467
v 4.340010 2.266773 1.260726
v 4.127470 0.276056 1.828272
v 3.703903 0.191462 1.803746
v 4.044648 0.744126 1.863740
v 4.511105 2.251535 -0.138739
v 4.447979 2.588970 -0.302749
v 4.530192 2.691513 -0.564870
v 4.530192 2.691602 -0.716687
v 4.547762 2.626662 -1.001620
v 4.530192 2.691513 -0.564870
v -1.877568 3.189082 2.374225
v -0.141874 2.955136 2.391794
v -0.551073 3.003655 2.391496
v 3.196801 0.141705 0.736742
v 1.292885 0.308013 0.758427
v 1.205431 0.413284 0.758895
v 3.442185 0.271358 -0.900818
v 3.202060 0.060037 -0.317525
v 3.533348 0.416895 -0.305975
v 1.261383 0.350073 -0.663248
v 3.320651 0.416707 -0.743183
v 2.131293 0.416685 -0.754897
v 4.624472 1.112573 -0.848609
v 4.565577 0.939629 -1.005931
v 4.629383 1.125525 -0.633157
v 4.548720 1.739711 -1.693705
v 4.551315 1.715987 -1.573476
v 4.663358 1.872720 -1.017306
v 4.566517 2.672814 -1.336122
v 4.529495 2.627049 -2.274858
v 4.566535 2.672814 -1.760906
v 1.593646 3.373814 -1.046220
v 1.593768 3.373825 -1.358018
v 1.707309 3.353203 -0.722171
v -4.236884 1.498868 1.920121
v -4.703202 1.424112 2.174294
v -3.628291 1.638917 2.423470
v 1.651984 0.375447 2.208820
v 1.266206 0.037317 2.510885
v 2.767018 0.416734 2.189332
v 2.767018 0.416734 2.189332
v 2.493074 0.374039 2.210765
v 4.353350 0.366994 2.214757
v 1.660813 0.335739 1.456804
v 1.655989 0.402004 1.058850
v 1.658480 0.398244 1.362325
v 1.656790 0.373808 1.058408
v 4.329527 0.312639 0.769714
v 4.269309 0.313351 0.423595
v 3.960990 0.416801 0.958563
v -3.977829 0.719413 1.760062
v -3.686350 0.321854 1.815878
v -3.687586 0.416718 2.045479
v -1.304082 0.409524 2.233685
v -2.887715 0.416613 2.190484
v -2.353847 0.516672 2.538080
v -2.654469 0.516672 2.526258
v -4.499525 1.696210 0.056572
v -4.489564 1.792979 0.328072
v -4.495572 1.745828 0.421239
v -1.471329 3.377270 -0.765953
v -1.988706 3.277691 -0.978566
v -0.229798 3.360822 -0.721996
v -4.471923 1.919948 -1.649671
v -4.440369 2.174853 -1.307440
v -4.440334 2.253501 -1.077639
v -1.293338 0.416630 -0.613560
v -1.363360 0.159677 -0.288627
v -2.343033 0.141253 -0.249213
v -2.343033 0.141253 -0.249213
v -1.363360 0.159677 -0.288627
v -0.032286 0.159638 -0.466199
v -2.320377 0.378363 -0.069449
v -1.293338 0.416630 -0.613560
v -2.343033 0.141253 -0.249213
v 4.406690 0.341846 -1.370279
v 3.728893 0.311629 -2.009640
v 4.364164 0.313147 -0.984915
v 0.103911 1.442360 -2.499396
v 0.809013 1.503540 -2.501485
v 2.325236 1.860547 -2.575421
v -4.487683 1.804341 -1.743825
v -4.487857 1.804325 -1.662003
v -4.501371 1.695487 -1.312832
v -4.093425 0.301901 -1.431754
v -4.092607 0.298848 -1.694343
v -4.103403 0.394485 -1.658870
v -4.103038 0.394485 -1.710106
v 2.711431 0.348665 -2.411534
v 3.735684 0.177681 -2.379297
v 3.737391 0.354539 -2.054307
v 2.711431 0.348665 -2.411534
v 3.737391 0.354539 -2.054307
v 3.477954 0.347373 -2.341648
v 3.406991 0.416586 -2.085947
v 3.737391 0.354539 -2.054307
v 3.581516 0.416553 -2.090218
v -1.501212 0.416525 -0.736176
v -1.277404 0.313180 -0.730794
v -1.363360 0.159677 -0.288627
v -3.902791 0.214021 -0.313476
v -3.577528 0.140944 -0.880131
v -3.594020 0.416928 -0.333566
v 1.109078 3.399812 -0.826389
v 0.280665 3.355180 -0.721857
v 1.269167 3.399365 -0.910907
v -1.357718 3.387445 1.621570
v -2.007391 3.260708 1.476184
v -0.349486 3.399812 1.475310
v -2.841463 3.139524 1.563450
v -3.663868 3.048868 2.136562
v -3.567306 3.059794 1.804457
v -4.292487 2.626502 1.910475
v -4.104170 2.969822 2.179480
v -3.602082 3.057503 2.172154
v -2.707095 3.159257 1.182634
v -4.265721 2.637097 1.467428
v -3.613419 3.080614 1.129473
v 4.730472 1.494170 0.593887
v 4.726293 1.581818 0.590301
v 4.536652 1.839146 0.422607
v 1.212832 1.526363 2.357622
v 1.802060 1.587306 2.565677
v 2.098032 1.944384 2.420774
v -0.109361 3.031852 -2.523963
v -1.280364 2.631455 -2.523206
v -2.194124 3.121631 -2.540313
v -3.543744 2.999372 -2.529576
v -2.415946 2.256455 -2.541897
v -3.585051 2.425793 -2.542340
v -3.634334 1.955598 -2.560490
v -3.541446 1.931476 -2.560362
v -0.199776 2.970524 -2.524420
v 0.213777 2.982979 -2.524472
v 0.153001 3.031852 -2.523890
v 1.826510 3.244471 -2.380994
v -4.465410 2.760887 -2.389751
v -4.477148 1.882973 -2.054883
v -4.437234 2.252110 -2.260128
v -3.563074 1.627848 -2.575431
v -4.501562 1.686852 -2.040735
v -4.462084 2.648742 -2.044676
v -0.318367 3.237757 -2.340706
v 0.985315 3.237636 -2.344209
v -0.343565 0.251245 -2.143646
v -0.064659 0.299179 -2.716454
v 0.107063 0.251184 -2.053432
v 0.021350 0.295651 -2.719953
v 1.844133 0.246684 -2.107005
v 1.866754 0.261365 -2.416031
v -1.566915 0.374046 -2.185169
v -1.944369 0.368221 -2.582963
v -3.539356 0.371925 -2.341756
v -3.607550 0.368166 -2.526782
v -2.418054 0.368105 -2.566937
v -3.696624 0.368166 -2.337202
v 2.711431 0.348665 -2.411534
v -3.671287 0.381322 -2.526479
v 3.477954 0.347373 -2.341648
v 3.462246 0.413273 -2.454421
v -1.042451 0.000000 2.493902
v 0.090188 0.001761 2.397865
v 0.020340 0.232583 2.597873
v 2.276650 0.322014 2.516524
v -0.115282 0.215903 2.597837
v -1.588683 0.000188 2.497406
v -1.538112 0.313986 2.535559
v -2.755228 0.280263 2.229404
v 1.266206 0.037317 2.510885
v 4.502520 0.739864 0.414988
v 3.474802 0.416834 0.116889
v 3.474802 0.416773 -0.060194
v 4.504540 0.744126 0.444452
v 2.431271 0.416707 0.668661
v 3.474802 0.416834 0.116889
v 2.431271 0.416707 0.668661
v 4.502520 0.739864 0.414988
v 4.504540 0.744126 0.444452
v 1.257308 0.159986 0.367378
v 1.292885 0.308013 0.758427
v 3.196801 0.141705 0.736742
v 2.431271 0.416707 0.668661
v 4.504540 0.744126 0.444452
v 4.269309 0.313351 0.423595
v 2.431271 0.416707 0.668661
v 3.196801 0.141705 0.736742
v 4.269309 0.313351 0.423595
v 1.292885 0.308013 0.758427
v 4.504540 0.744126 0.444452
v 4.007085 3.003655 1.879287
v 2.412847 3.182170 1.868555
v 4.014138 3.001695 2.183920
v 3.529273 3.069588 1.618067
v 3.627263 3.058662 1.618067
v 2.965122 3.043164 2.415234
v 1.549153 3.103289 2.432088
v 4.097047 2.980947 2.174227
v 3.635535 3.002280 1.121998
v 3.533871 3.060114 1.190171
v 4.340446 2.627120 1.793236
v 4.332313 2.628363 1.844694
v 3.654081 2.989157 1.124467
v -2.755228 0.280263 2.229404
v -2.887715 0.416613 2.190484
v -1.588683 0.000188 2.497406
v -3.652009 0.416408 2.185612
v -1.304082 0.409524 2.233685
v -3.663868 0.330803 2.210991
v -3.531938 0.121912 -0.879360
v -2.573336 0.078196 -0.288627
v -3.902791 0.214021 -0.313476
v -3.892134 0.185825 -0.094190
v -2.579135 0.076854 -0.227317
v -3.577528 0.140944 -0.880131
v -2.343033 0.141253 -0.249213
v -3.511929 0.417088 -0.613998
v -3.553618 0.416895 -0.257218
v -3.520827 0.416972 -0.662168
v -1.277404 0.313180 -0.730794
v -1.363360 0.159677 -0.288627
v -2.320377 0.378363 -0.069449
v -1.304082 0.409524 2.233685
v -0.039687 0.413284 2.233849
v -0.050623 0.565578 2.518556
v 0.903590 0.395423 2.234209
v -2.353847 0.516672 2.538080
v 0.356086 0.397747 2.563969
v 2.102612 0.403605 2.536707
v 1.651984 0.375447 2.208820
v 2.668209 0.407829 2.516647
v 2.767018 0.416734 2.189332
v 1.657574 0.384612 1.849072
v 0.028455 0.416955 1.832820
v 0.087054 0.404820 0.823894
v 0.124930 0.331008 0.823791
v 1.656790 0.373808 1.058408
v 1.655989 0.402004 1.058850
v -0.589611 0.387903 0.823827
v -0.443245 0.369573 0.823822
v 0.519136 0.333978 0.758468
v 1.292885 0.308013 0.758427
v 3.196801 0.141705 0.736742
v 3.204254 0.227139 0.813008
v 4.269309 0.313351 0.423595
v 4.329527 0.312639 0.769714
v 3.960990 0.416801 0.958563
v 3.485180 0.416812 1.102859
v 0.083345 0.416861 0.668661
v 1.658480 0.398244 1.362325
v 0.321240 0.416801 1.449910
v 3.370299 0.416734 1.360355
v 3.958029 0.416867 1.244690
v 3.531502 0.416651 1.642592
v 1.657974 0.413284 1.696673
v -0.788238 0.416889 1.439399
v -1.248113 0.416729 1.435458
v 0.213777 0.416817 1.497206
v -0.182919 0.416817 1.548880
v -1.448777 0.416939 1.762280
v -0.158365 0.416900 1.867861
v -1.304082 0.416646 2.052481
v -3.492268 0.416878 1.487045
v -2.959793 0.416646 2.145539
v -3.687586 0.416718 2.045479
v -2.887715 0.416613 2.190484
v -3.652009 0.416408 2.185612
v -3.478023 0.416928 1.231005
v -2.724840 0.415674 0.824213
v -1.359390 0.416701 0.997165
v 4.049088 0.747035 1.587414
v 3.174545 0.058143 0.093537
v 1.257308 0.159986 0.367378
v 3.474802 0.416834 0.116889
v 4.304886 0.313539 -0.345116
v 3.202060 0.060037 -0.317525
v 3.533348 0.416895 -0.305975
v 4.499978 0.743933 -0.432264
v -3.640150 0.409524 -2.341771
v -4.103038 0.394485 -1.710106
v -4.547396 1.077254 -2.043138
v -4.092607 0.298848 -1.694343
v -3.671287 0.381322 -2.526479
v -4.093425 0.301901 -1.431754
v -4.103403 0.394485 -1.658870
v 4.304886 0.313539 -0.345116
v 3.442185 0.271358 -0.900818
v 4.364164 0.313291 -0.764204
v 3.202060 0.060037 -0.317525
v 1.261383 0.350073 -0.663248
v 1.311048 0.159627 -0.282823
v -1.533828 0.238457 0.824146
v -2.667774 0.203354 0.790407
v -1.683452 0.343729 0.469846
v -0.443245 0.369573 0.823822
v -3.560114 0.246916 0.675246
v -4.187584 0.302536 0.779052
v -3.895425 0.194416 0.454180
v -3.503779 0.416977 0.423430
v -1.359390 0.416701 0.997165
v -1.430597 0.308012 1.467273
v -1.248113 0.416729 1.435458
v -3.263846 0.077379 0.070468
v -3.494898 0.416911 0.138343
v -3.553618 0.416895 -0.257218
v -2.579135 0.076854 -0.227317
v 1.257308 0.159986 0.367378
v 3.190201 0.059032 0.001276
v 3.174545 0.058143 0.093537
v 1.589345 0.160588 0.036312
v 1.139466 0.159903 -0.338546
v -0.032286 0.159638 -0.466199
v 1.165413 0.159859 0.032644
v -0.075630 0.159644 0.029850
v -2.343033 0.141253 -0.249213
v 0.489479 0.159986 0.321831
v -0.029308 0.159886 0.412919
v -1.224412 0.159958 0.209943
v 4.364164 0.313131 0.045068
v 4.269309 0.313379 0.136156
v 4.269309 0.313351 0.423595
v 3.196801 0.141705 0.736742
v 1.292885 0.308013 0.758427
v -0.645946 0.332449 0.758560
v 0.519136 0.333978 0.758468
v 0.124930 0.331008 0.823791
v -2.007391 3.260708 1.476184
v -0.473998 3.375862 1.649126
v -0.349486 3.399812 1.475310
v -1.095913 3.234515 1.993558
v 0.017658 3.375862 1.648828
v 0.518335 3.399774 1.492833
v 1.406130 3.390178 1.509466
v 1.144655 3.234521 1.877317
v -0.551073 3.003655 2.391496
v 0.287753 3.013759 2.391367
v 2.341884 3.189695 2.101531
v -1.877568 3.189082 2.374225
v 1.549153 3.103289 2.432088
v 4.349327 2.915052 1.059113
v 3.959718 3.026215 0.981556
v 3.635535 3.002280 1.121998
v 3.654081 2.989157 1.124467
v -0.272411 3.234471 0.052950
v -2.011570 3.220972 -0.173013
v -0.973891 3.234571 0.415765
v -2.011727 3.221110 0.089957
v 0.075195 3.234576 0.056238
v -1.088181 3.234565 -0.335686
v 1.014205 3.234615 -0.293005
v 2.059059 3.216992 -0.300012
v 2.056935 3.218951 -0.018428
v 0.104364 3.234505 0.221411
v -2.011849 3.221232 -0.317525
v 2.058850 3.216853 0.084863
v 2.027104 3.285630 0.761504
v 2.716412 3.152798 0.081473
v 2.384078 3.185383 -0.133162
v 3.964716 3.023278 -0.200167
v 3.955382 3.028213 0.075942
v 2.380073 3.186217 -0.715154
v 2.357156 3.187984 -0.516586
v 3.955382 3.028219 -0.512841
v 3.963828 3.022814 -0.714279
v 3.477762 3.086367 0.658099
v 3.729920 3.046913 0.651148
v 3.954930 3.028004 -0.990167
v 2.395694 3.184704 -1.079501
v 2.409660 3.182805 -1.342147
v 3.963079 3.022455 -1.390425
v 3.333294 3.093766 -1.825148
v 4.006615 3.003656 -2.026283
v 4.006824 3.003656 -2.293410
v 3.414548 3.085534 1.112094
v 2.046347 3.269172 0.931415
v 3.522343 3.070599 -2.042103
v 1.805943 3.239529 -2.040735
v 1.826510 3.244471 -2.380994
v 0.985315 3.237636 -2.344209
v 2.893758 3.142711 -2.389704
v 3.823940 3.027634 -2.437731
v 1.590564 3.374106 1.260727
v 3.533871 3.060114 1.190171
v 3.529273 3.069588 1.618067
v 2.034418 3.287148 1.495241
v 1.206911 3.399906 1.076585
v 1.215810 3.399796 1.304303
v 1.593646 3.373814 -1.046220
v 1.593768 3.373825 -1.358018
v 1.627221 3.369855 -1.689084
v 1.707309 3.353203 -0.722171
v 0.082596 3.334503 0.590152
v -0.757119 3.303485 0.591325
v 0.719243 3.399608 0.743548
v 4.549521 2.686577 0.512764
v 4.530192 2.691464 0.100246
v 4.530192 2.691359 -0.206732
v 4.530192 2.691513 -0.564870
v 4.530192 2.691602 -0.716687
v 4.566517 2.672814 -1.336122
v 4.566535 2.672814 -1.760906
v 4.547762 2.626662 -1.001620
v 4.529495 2.627049 -2.274858
v 0.153001 3.031852 -2.523890
v 4.322196 2.894393 -2.442958
v 3.533348 0.416895 -0.305975
v 1.311048 0.159627 -0.282823
v 3.474802 0.416773 -0.060194
v 1.589345 0.160588 0.036312
v 1.206911 3.399906 1.076585
v 1.499313 3.377717 0.592441
v 0.039983 3.399774 0.832826
v 2.027104 3.285630 0.761504
v -4.187584 0.302536 0.779052
v -2.667774 0.203354 0.790407
v -2.724840 0.415674 0.824213
v -4.105598 0.718983 0.909570
v -1.359390 0.416701 0.997165
v -1.533828 0.238457 0.824146
v 4.364164 0.313291 -0.764204
v 3.442185 0.271358 -0.900818
v 3.202060 0.060037 -0.317525
v 4.304886 0.313539 -0.345116
v 1.657574 0.384612 1.849072
v 0.028455 0.416955 1.832820
v 1.651984 0.375447 2.208820
v 0.903590 0.395423 2.234209
v -0.039687 0.413284 2.233849
v 0.356086 0.397747 2.563969
v -0.158365 0.416900 1.867861
v -1.304082 0.416646 2.052481
v -1.304082 0.409524 2.233685
v 2.102612 0.403605 2.536707
v -0.050623 0.565578 2.518556
v 1.266206 0.037317 2.510885
v 0.020340 0.232583 2.597873
v 2.276650 0.322014 2.516524
v 0.090188 0.001761 2.397865
v -3.503779 0.416977 0.423430
v -1.683452 0.343729 0.469846
v -1.683573 0.383205 0.472475
v -3.560114 0.246916 0.675246
v -2.318549 0.377198 0.100138
v -2.320377 0.378363 -0.069449
v -3.494898 0.416911 0.138343
v -3.553618 0.416895 -0.257218
v -1.683573 0.383205 0.472475
v -3.560114 0.246916 0.675246
v -3.503779 0.416977 0.423430
v -1.683452 0.343729 0.469846
v -2.318549 0.377198 0.100138
v -3.494898 0.416911 0.138343
v 3.569675 0.416591 -1.979862
v 3.581516 0.416553 -2.090218
v 4.507205 0.777965 -1.680328
v 4.616966 1.114174 -2.062219
v 4.410416 0.432078 -1.352766
v 3.540767 0.413284 -2.452481
v 3.861694 1.085315 -2.597981
v 3.654081 2.989157 1.124467
v 4.349327 2.915052 1.059113
v 4.340446 2.627120 1.793236
v 4.332313 2.628363 1.844694
v 1.589345 0.160588 0.036312
v 1.257308 0.159986 0.367378
v 3.174545 0.058143 0.093537
v 0.222676 0.416768 -0.613560
v -0.032286 0.159638 -0.466199
v -0.230164 0.416740 -0.614656
v -1.293338 0.416630 -0.613560
v 1.139466 0.159903 -0.338546
v 2.340299 0.416889 -0.417812
v -1.363360 0.159677 -0.288627
v 1.311048 0.159627 -0.282823
v 1.844272 0.261028 -1.298077
v 1.261383 0.350073 -0.663248
v 2.131293 0.416685 -0.754897
v 2.111093 0.416851 -1.315981
v 4.640389 1.183221 -2.055624
v 3.885656 1.194341 -2.602621
v 4.726224 1.464356 -2.567091
v 4.739354 1.410465 -2.363477
v 1.115016 0.338186 -1.818707
v 1.844133 0.246684 -2.107005
v 1.835878 0.244100 -1.753899
v 0.107063 0.251184 -2.053432
v -1.224412 0.159958 0.209943
v -2.343033 0.141253 -0.249213
v -2.318549 0.377198 0.100138
v 1.261383 0.350073 -0.663248
v 3.442185 0.271358 -0.900818
v 3.320651 0.416707 -0.743183
v 3.474802 0.416834 0.116889
v 4.457104 0.613717 0.002948
v 4.502520 0.739864 0.414988
v 4.353350 0.366994 2.214757
v 2.493074 0.374039 2.210765
v 4.419106 0.586222 2.272317
v -3.531938 0.121912 -0.879360
v -3.511929 0.417088 -0.613998
v -2.573336 0.078196 -0.288627
v -3.520827 0.416972 -0.662168
v -1.363360 0.159677 -0.288627
v -1.293338 0.416630 -0.613560
v -2.320377 0.378363 -0.069449
v 3.442185 0.271358 -0.900818
v 4.364164 0.313291 -0.764204
v 4.500030 0.743773 -0.689759
v 3.320651 0.416707 -0.743183
v 2.414971 0.416718 1.952420
v 3.531502 0.416651 1.642592
v 4.049088 0.747035 1.587414
v 1.657574 0.384612 1.849072
v 0.138739 0.416801 -2.099169
v -0.161238 0.377264 -2.324942
v -0.343565 0.251245 -2.143646
v -1.997030 0.415504 -2.212179
v -1.566915 0.374046 -2.185169
v -3.882556 0.162951 0.083932
v -3.560114 0.246916 0.675246
v -3.263846 0.077379 0.070468
v -3.895425 0.194416 0.454180
v -2.579135 0.076854 -0.227317
v -3.892134 0.185825 -0.094190
v 2.102612 0.403605 2.536707
v 2.668209 0.407829 2.516647
v 2.767018 0.416734 2.189332
v 1.651984 0.375447 2.208820
v -1.196497 0.214021 1.691637
v -1.198535 0.217781 1.924613
v -0.091198 0.250990 2.119923
v -0.105095 0.251537 1.793457
v -3.585051 2.425793 -2.542340
v -4.462084 2.648742 -2.044676
v -4.465410 2.760887 -2.389751
v -3.977829 0.719413 1.760062
v -3.950367 0.749768 1.442903
v -3.492268 0.416878 1.487045
v -3.687586 0.416718 2.045479
v -3.478023 0.416928 1.231005
v -4.105598 0.718983 0.909570
v -2.724840 0.415674 0.824213
v 1.257308 0.159986 0.367378
v 1.930264 0.416668 0.100014
v 1.292885 0.308013 0.758427
v 1.589345 0.160588 0.036312
v 2.220228 0.416839 -0.266051
v 1.261383 0.350073 -0.663248
v 2.131293 0.416685 -0.754897
v 1.311048 0.159627 -0.282823
v 2.340299 0.416889 -0.417812
v 2.111093 0.416851 -1.315981
v 1.844272 0.261028 -1.298077
v -3.895425 0.194416 0.454180
v -4.187584 0.302536 0.779052
v -3.577894 0.416944 0.421676
v -4.105598 0.718983 0.909570
v -3.503779 0.416977 0.423430
v 2.286698 0.416613 -2.151682
v 0.107063 0.251184 -2.053432
v 1.844133 0.246684 -2.107005
v 0.138739 0.416801 -2.099169
v -0.343565 0.251245 -2.143646
v 3.477954 0.347373 -2.341648
v 2.286698 0.416613 -2.151682
v 3.477954 0.347373 -2.341648
v 3.406991 0.416586 -2.085947
v 3.737391 0.354539 -2.054307
v 1.269167 3.399365 -0.910907
v 0.280665 3.355180 -0.721857
v 1.707309 3.353203 -0.722171
v 1.014205 3.234615 -0.293005
v 2.059059 3.216992 -0.300012
v -0.229798 3.360822 -0.721996
v -1.088181 3.234565 -0.335686
v -0.198104 3.399752 -0.811500
v -1.471329 3.377270 -0.765953
v -1.173632 3.399973 -1.061988
v -1.209210 3.399641 -1.143111
v -1.988706 3.277691 -0.978566
v -4.122872 2.957516 0.062149
v -4.220462 2.916367 -0.423723
v -4.134871 2.953750 0.278477
v -3.883601 3.035695 -0.249212
v -3.883479 3.035667 -0.531233
v -3.883583 3.035689 0.118639
v -4.103125 2.966062 0.767631
v -4.499856 2.631317 -0.814983
v -3.916044 3.022748 -0.974404
v -4.480178 2.651320 -1.258174
v -3.916218 3.022880 -1.019071
v -3.906988 3.028109 -1.388897
v -4.479150 2.651535 -1.668943
v -4.461353 2.648951 -1.766704
v -3.612531 3.054665 -1.822211
v -3.726559 3.041801 -2.042705
v -4.462084 2.648742 -2.044676
v -4.465410 2.760887 -2.389751
v -2.011849 3.221232 -0.317525
v -3.200910 3.105167 -0.394161
v -3.205212 3.102229 -0.270013
v -2.011570 3.220972 -0.173013
v -3.504354 3.066673 0.755520
v -3.719315 3.042485 1.012646
v -3.509857 3.066447 1.037500
v -3.718531 3.042927 0.742231
v -3.205403 3.102384 0.083495
v -2.011727 3.221110 0.089957
v -3.201451 3.105167 -0.775368
v -3.197846 3.107729 -1.011626
v -1.989385 3.278602 -1.247663
v -3.197793 3.107734 -1.348825
v -2.015349 3.251791 -1.343130
v -3.318596 3.088858 -1.822211
v -3.515359 3.065658 -2.040292
v -2.707095 3.159257 1.182634
v -3.623589 3.037169 -2.478436
v -2.348013 3.185472 -1.704848
v -1.759273 3.239093 -2.098973
v -1.547255 3.373985 1.050964
v -1.541317 3.374073 0.713169
v -1.279685 3.396997 0.757779
v -1.493811 3.379296 1.059232
v -1.221069 3.399343 -1.522677
v -1.200311 3.399178 -1.692588
v -1.173632 3.399387 0.672165
v -4.110630 2.998289 1.087049
v -0.021907 3.319464 -1.766292
v -2.000930 3.265682 1.353631
v -2.007391 3.260708 1.476184
v -2.841463 3.139524 1.563450
v -2.721949 3.148049 1.819732
v -3.567306 3.059794 1.804457
v -3.663868 3.048868 2.136562
v -3.222173 3.099927 2.168094
v -3.602082 3.057503 2.172154
v -3.613419 3.080614 1.129473
v -1.682058 3.234576 2.158021
v -1.504276 3.377904 1.434141
v -1.046160 3.399906 1.138934
v -1.173632 3.399823 0.877606
v -0.349486 3.399812 1.475310
v -1.357718 3.387445 1.621570
v -1.136575 3.399708 -1.342471
v 0.009230 3.399973 -1.328240
v 0.006165 3.399774 -1.475957
v 1.132796 3.399647 -1.692588
v -0.949807 3.399581 -1.688210
v 1.281026 3.399095 -1.531546
v 1.269167 3.399343 -1.254233
v 1.109078 3.399812 -0.826389
v 1.227669 3.399360 -1.692588
v 0.039983 3.399774 0.832826
v 0.719243 3.399608 0.743548
v 1.206911 3.399906 1.076585
v 0.028490 3.400000 1.139423
v 1.215810 3.399796 1.304303
v 0.518335 3.399774 1.492833
v 1.406130 3.390178 1.509466
v -1.095913 3.234515 1.993558
v -1.877568 3.189082 2.374225
v -0.318367 3.237757 -2.340706
v -2.194124 3.121631 -2.540313
v -3.554768 3.026878 -2.497621
v 1.593646 3.373814 -1.046220
v 1.593768 3.373825 -1.358018
v 1.627221 3.369855 -1.689084
v 0.217678 3.316648 -1.766338
v 0.985315 3.237636 -2.344209
v -0.757119 3.303485 0.591325
v -3.477797 2.993640 2.408813
v -4.104170 2.969822 2.179480
v -4.304207 2.626623 1.773969
v -4.265721 2.637097 1.467428
v -4.292487 2.626502 1.910475
v -3.543744 2.999372 -2.529576
v -3.699445 0.416862 -0.658227
v -3.577528 0.140944 -0.880131
v -4.104466 0.394485 -1.308974
v -3.594020 0.416928 -0.333566
v -4.092032 0.292504 -1.306015
v -1.304082 0.416646 2.052481
v -1.198535 0.217781 1.924613
v -1.588683 0.000188 2.497406
v -1.304082 0.409524 2.233685
v -0.158365 0.416900 1.867861
v 4.044648 0.744126 1.863740
v 4.127470 0.276056 1.828272
v 4.419106 0.586222 2.272317
v 4.353350 0.366994 2.214757
v 4.049088 0.747035 1.587414
v 3.703903 0.191462 1.803746
v -3.628291 1.638917 2.423470
v -4.703202 1.424112 2.174294
v -3.431388 1.863395 2.439743
v -2.931617 1.125729 2.479903
v 1.654509 0.241019 1.913304
v 0.390549 0.251410 1.837244
v 0.028455 0.416955 1.832820
v 1.657574 0.384612 1.849072
v -0.091198 0.250990 2.119923
v -0.158365 0.416900 1.867861
v -1.198535 0.217781 1.924613
v 0.090188 0.001761 2.397865
v 1.266206 0.037317 2.510885
v -1.042451 0.000000 2.493902
v -1.588683 0.000188 2.497406
v -4.092032 0.292504 -1.306015
v -3.577528 0.140944 -0.880131
v -3.699445 0.416862 -0.658227
v -4.104466 0.394485 -1.308974
v 3.442185 0.271358 -0.900818
v 1.261383 0.350073 -0.663248
v 2.131293 0.416685 -0.754897
v 3.320651 0.416707 -0.743183
v 2.412847 3.182170 1.868555
v 2.341884 3.189695 2.101531
v 1.549153 3.103289 2.432088
v 3.529273 3.069588 1.618067
v 3.202060 0.060037 -0.317525
v 3.320651 0.416707 -0.743183
v 3.533348 0.416895 -0.305975
v 2.011780 0.416784 -1.705507
v 1.835878 0.244100 -1.753899
v 2.286698 0.416613 -2.151682
v 1.844133 0.246684 -2.107005
v 1.841782 0.251620 -1.358019
v 2.347160 0.416735 -1.423486
v -0.821969 0.416602 -0.752819
v -0.835674 0.417055 -1.311603
v 0.160420 0.416619 -0.736176
v -0.230164 0.416740 -0.614656
v -1.501212 0.416525 -0.736176
v -1.293338 0.416630 -0.613560
v 0.222676 0.416768 -0.613560
v 2.131293 0.416685 -0.754897
v 0.391646 0.416779 -1.619018
v 0.061838 0.417022 -1.326929
v 3.392537 0.416658 -1.974388
v 2.716986 0.416889 -1.508442
v 4.410416 0.432078 -1.352766
v 2.484628 0.416911 -1.314227
v 2.340299 0.416889 -0.417812
v 1.930264 0.416668 0.100014
v 2.431271 0.416707 0.668661
v 1.205431 0.413284 0.758895
v 3.474802 0.416834 0.116889
v 2.220228 0.416839 -0.266051
v 3.474802 0.416773 -0.060194
v 2.111093 0.416851 -1.315981
v -0.889032 0.416873 -1.678574
v 0.641419 0.416801 -1.713718
v 3.406991 0.416586 -2.085947
v 3.569675 0.416591 -1.979862
v 3.581516 0.416553 -2.090218
v 0.138739 0.416801 -2.099169
v -0.794176 0.416867 -1.999129
v -1.989089 0.409524 -1.902624
v -1.949071 0.389786 -1.228396
v -1.997030 0.415504 -2.212179
v -3.554176 0.390487 -2.341859
v -3.417805 0.416669 -1.711856
v -3.216044 0.416613 -1.590388
v -4.103038 0.394485 -1.710106
v -1.962671 0.383023 -1.417544
v -0.161238 0.377264 -2.324942
v -1.566915 0.374046 -2.185169
v 4.500030 0.743773 -0.689759
v 4.499978 0.743933 -0.432264
v 4.495746 0.736606 -0.989730
v -3.640150 0.409524 -2.341771
v 2.027104 3.285630 0.761504
v 0.719243 3.399608 0.743548
v 1.499313 3.377717 0.592441
v 0.039983 3.399774 0.832826
v 4.754086 1.526541 -1.366940
v 4.548720 1.739711 -1.693705
v 4.663358 1.872720 -1.017306
v 4.725492 1.584568 -1.004285
v 4.774356 1.547985 -1.901914
v 3.735684 0.177681 -2.379297
v 2.711431 0.348665 -2.411534
v 3.540767 0.413284 -2.452481
v 3.462246 0.413273 -2.454421
v 3.488803 2.994010 -2.554821
v 2.893758 3.142711 -2.389704
v 4.322196 2.894393 -2.442958
v 1.826510 3.244471 -2.380994
v 4.353350 0.366994 2.214757
v 4.044648 0.744126 1.863740
v 4.419106 0.586222 2.272317
v 4.127470 0.276056 1.828272
v -1.588683 0.000188 2.497406
v -1.198535 0.217781 1.924613
v -1.304082 0.409524 2.233685
v -1.304082 0.416646 2.052481
v -0.821969 0.416602 -0.752819
v 0.279655 0.341614 -0.663248
v 0.160420 0.416619 -0.736176
v 2.131293 0.416685 -0.754897
v 1.261383 0.350073 -0.663248
v -1.080257 0.291565 -0.730974
v 4.499978 0.743933 -0.432264
v 4.364164 0.313291 -0.764204
v 4.304886 0.313539 -0.345116
v 4.500030 0.743773 -0.689759
v 2.098032 1.944384 2.420774
v 1.802060 1.587306 2.565677
v 1.897385 1.894335 2.519086
v 1.212832 1.526363 2.357622
v 3.474802 0.416773 -0.060194
v 3.174545 0.058143 0.093537
v 3.474802 0.416834 0.116889
v 4.457104 0.613717 0.002948
v 1.589345 0.160588 0.036312
v 4.725858 1.452778 2.394083
v 4.724917 1.410448 2.007912
v 4.304886 1.274236 1.954746
v 4.406690 0.341846 -1.370279
v 3.728893 0.311629 -2.009640
v 4.410416 0.432078 -1.352766
v 3.569675 0.416591 -1.979862
v -3.577528 0.140944 -0.880131
v -3.902791 0.214021 -0.313476
v -3.699445 0.416862 -0.658227
v -4.516138 1.081146 2.409857
v -3.687586 0.416718 2.045479
v -3.652009 0.416408 2.185612
v -4.133356 1.090929 1.885569
v -4.236884 1.498868 1.920121
v -4.703202 1.424112 2.174294
v 4.725858 1.452778 2.394083
v 4.304886 1.274236 1.954746
v 4.603593 1.167706 2.353769
v -1.956820 0.356886 -1.324737
v -1.949071 0.389786 -1.228396
v -1.501212 0.416525 -0.736176
v -1.277404 0.313180 -0.730794
v -1.293338 0.416630 -0.613560
v 4.419106 0.586222 2.272317
v 4.044648 0.744126 1.863740
v 4.502659 0.833419 2.175101
v 4.238712 1.123377 1.945840
v 4.603593 1.167706 2.353769
v 4.304886 1.274236 1.954746
v 4.724917 1.410448 2.007912
v 2.493074 0.374039 2.210765
v 1.651984 0.375447 2.208820
v 2.767018 0.416734 2.189332
v 1.266206 0.037317 2.510885
v 2.414971 0.416718 1.952420
v 1.657574 0.384612 1.849072
v 4.049088 0.747035 1.587414
v 2.276650 0.322014 2.516524
v 4.725858 1.452778 2.394083
v -3.895425 0.194416 0.454180
v -3.567149 0.416845 0.175185
v -3.577894 0.416944 0.421676
v -3.882556 0.162951 0.083932
v -3.577894 0.416944 0.421676
v -3.882556 0.162951 0.083932
v -3.895425 0.194416 0.454180
v -3.567149 0.416845 0.175185
v -0.343565 0.251245 -2.143646
v 0.107063 0.251184 -2.053432
v -0.159758 0.251438 -1.975484
v 1.115016 0.338186 -1.818707
v 0.160420 0.416619 -0.736176
v -1.080257 0.291565 -0.730974
v -0.821969 0.416602 -0.752819
v 0.279655 0.341614 -0.663248
v -1.359390 0.416701 0.997165
v -1.533828 0.238457 0.824146
v -1.248113 0.416729 1.435458
v -1.430597 0.308012 1.467273
v 4.547275 1.759731 -0.297383
v 4.531289 1.875658 -0.649635
v 4.723942 1.569191 -0.755072
v 4.772824 1.550121 -0.322345
v -3.628291 1.638917 2.423470
v -3.346685 1.897488 2.422091
v -3.710242 2.056209 2.408123
v -3.499338 2.265835 2.400550
v -2.205304 2.332563 2.398096
v -2.246802 2.026157 2.409924
v -3.477797 2.993640 2.408813
v -1.203028 2.674652 2.411823
v -4.463582 2.560116 2.170384
v -4.104170 2.969822 2.179480
v -4.316066 2.105109 1.971693
v -4.311486 1.811861 1.969990
v -4.236884 1.498868 1.920121
v -0.141874 2.955136 2.391794
v -1.877568 3.189082 2.374225
v 3.442185 0.271358 -0.900818
v 3.320651 0.416707 -0.743183
v 3.202060 0.060037 -0.317525
v 4.502520 0.739864 0.414988
v 4.364164 0.313131 0.045068
v 4.269309 0.313379 0.136156
v 4.457104 0.613717 0.002948
v 1.914016 0.411401 -2.467705
v 1.866754 0.261365 -2.416031
v 2.711431 0.348665 -2.411534
v 3.462246 0.413273 -2.454421
v -3.699445 0.416862 -0.658227
v -3.902791 0.214021 -0.313476
v -3.594020 0.416928 -0.333566
v 1.292885 0.308013 0.758427
v 1.930264 0.416668 0.100014
v 1.205431 0.413284 0.758895
v 1.897385 1.894335 2.519086
v 1.212832 1.526363 2.357622
v 2.098032 1.944384 2.420774
v 4.663358 1.872720 -1.017306
v 4.725492 1.584568 -1.004285
v 4.531289 1.875658 -0.649635
v 4.551315 1.715987 -1.573476
v 4.774356 1.547985 -1.901914
v 4.754086 1.526541 -1.366940
v 4.548720 1.739711 -1.693705
v 3.737391 0.354539 -2.054307
v 3.540767 0.413284 -2.452481
v 3.581516 0.416553 -2.090218
v 3.735684 0.177681 -2.379297
v -4.430739 2.251210 -1.421191
v -4.471923 1.919948 -1.649671
v -4.440334 2.253501 -1.077639
v -4.476207 1.884701 -1.744483
v -4.399079 2.589693 -1.724774
v -4.437234 2.252110 -2.260128
v -4.477148 1.882973 -2.054883
v -4.501562 1.686852 -2.040735
v -4.480178 2.651320 -1.258174
v -4.479150 2.651535 -1.668943
v -4.499856 2.631317 -0.814983
v -4.439602 2.252148 -0.796199
v -4.461353 2.648951 -1.766704
v -4.462084 2.648742 -2.044676
v -4.458375 2.245109 -0.779968
v -4.475876 1.920091 -0.341103
v -4.464313 2.618679 -0.604382
v -4.537592 2.199101 -0.127801
v -4.553230 1.632226 -0.637097
v -4.501371 1.695487 -1.312832
v -4.440369 2.174853 -1.307440
v -4.487683 1.804341 -1.743825
v -4.487857 1.804325 -1.662003
v -4.679606 1.399323 -1.629529
v -4.686867 1.402581 -1.293591
v -4.690176 1.407312 -1.882646
v -4.675078 1.485541 -2.347168
v -4.404669 2.444482 0.018763
v -4.537053 2.199068 0.095765
v -4.220462 2.916367 -0.423723
v -4.122872 2.957516 0.062149
v -4.445541 2.417760 0.070720
v -4.134871 2.953750 0.278477
v -4.103125 2.966062 0.767631
v -4.440526 2.334750 0.596861
v -4.110630 2.998289 1.087049
v -4.679031 1.487893 -0.670765
v -4.666980 1.487374 -2.456314
v -4.547396 1.077254 -2.043138
v -3.563074 1.627848 -2.575431
v -4.499525 1.696210 0.056572
v -4.489564 1.792979 0.328072
v -4.483225 1.834415 -0.473427
v -4.465358 2.248664 0.594242
v -4.495572 1.745828 0.421239
v -4.317407 1.623878 1.097714
v -4.287019 2.050241 1.020934
v -4.296336 1.795883 1.242318
v -4.289178 2.184768 1.240610
v -4.275909 2.306603 1.024587
v -4.288882 2.308127 1.240651
v -4.293880 2.062111 1.504208
v -4.387325 1.126668 0.896379
v -4.265721 2.637097 1.467428
v -4.341578 1.834652 1.692599
v -4.316066 2.105109 1.971693
v -4.311486 1.811861 1.969990
v -4.341665 2.310948 1.692681
v -4.304207 2.626623 1.773969
v -4.304207 2.266773 1.971127
v -4.292487 2.626502 1.910475
v -4.236953 1.496169 1.808511
v -4.236884 1.498868 1.920121
v -4.136281 1.105417 1.763339
v -4.133356 1.090929 1.885569
v -4.174819 1.440598 1.411370
v -4.087051 1.106228 1.405881
v -4.104170 2.969822 2.179480
v -3.977829 0.719413 1.760062
v -3.950367 0.749768 1.442903
v -4.381718 1.113472 0.896379
v -3.687586 0.416718 2.045479
v -4.566866 1.099349 0.577742
v -4.105598 0.718983 0.909570
v -4.687389 1.485568 0.747926
v -4.685213 1.484795 0.379638
v -4.679292 1.488241 0.014935
v -4.526900 0.989678 0.074188
v -4.566761 1.108813 -0.214835
v -4.685492 1.484994 -0.389346
v -4.450417 0.761148 -0.618813
v -4.480456 0.852191 -0.979441
v -4.464226 0.806388 -1.272189
v -4.445819 0.755997 -1.441225
v -4.557375 1.106527 -2.026937
v -4.104466 0.394485 -1.308974
v -4.103403 0.394485 -1.658870
v -4.103038 0.394485 -1.710106
v -3.577894 0.416944 0.421676
v -3.699445 0.416862 -0.658227
v -3.594020 0.416928 -0.333566
v -3.586793 0.416806 -0.116087
v -4.463582 2.560116 2.170384
v 4.456129 2.428438 -1.795936
v 4.566535 2.672814 -1.760906
v 4.566517 2.672814 -1.336122
v 4.488484 2.253507 -2.265525
v 4.529495 2.627049 -2.274858
v 4.476085 2.304737 -1.674726
v 4.473247 2.288036 -1.321290
v 4.547762 2.626662 -1.001620
v 4.530192 2.691602 -0.716687
v 4.530017 1.883117 -1.821336
v 4.525368 1.928406 -1.443849
v 4.551315 1.715987 -1.573476
v 4.548720 1.739711 -1.693705
v 4.506508 2.245545 -2.198360
v 4.599082 1.732092 -2.038759
v 4.739406 1.406512 -1.937387
v 4.656427 1.886109 -1.018562
v 4.488641 2.253595 -0.797511
v 4.663358 1.872720 -1.017306
v 4.750116 1.411155 -1.638723
v 4.724813 1.494579 -1.000900
v 4.531289 1.875658 -0.649635
v 4.726206 1.492277 -0.886475
v 4.547275 1.759731 -0.297383
v 4.728121 1.492293 -0.357813
v 4.533761 1.856974 0.054267
v 4.726554 1.495815 -0.202791
v 4.663654 1.230056 -0.300228
v 4.710098 1.375742 -0.014488
v 4.720773 1.387022 0.396827
v 4.629383 1.125525 -0.633157
v 4.641730 1.168490 -1.187423
v 4.623201 1.103904 -0.256873
v 4.627206 1.117376 -0.446273
v 4.624472 1.112573 -0.848609
v 4.500030 0.743773 -0.689759
v 4.499978 0.743933 -0.432264
v 4.457104 0.613717 0.002948
v 4.502520 0.739864 0.414988
v 4.611394 1.060392 0.160460
v 4.504540 0.744126 0.444452
v 4.624350 1.083012 0.425617
v 4.565577 0.939629 -1.005931
v 4.495746 0.736606 -0.989730
v 4.551071 0.899778 -1.345810
v 4.628721 1.131019 -1.566469
v 4.638456 1.172725 -1.974609
v 4.507205 0.777965 -1.680328
v 4.616966 1.114174 -2.062219
v 4.640389 1.183221 -2.055624
v 4.694390 1.285041 0.702385
v 4.410416 0.432078 -1.352766
v 4.739354 1.410465 -2.363477
v 4.304886 0.313539 -0.345116
v 4.364164 0.313131 0.045068
v 4.269309 0.313379 0.136156
v 4.269309 0.313351 0.423595
v 3.320651 0.416707 -0.743183
v 3.788833 1.882703 -2.563341
v 3.320651 0.416707 -0.743183
v 3.442185 0.271358 -0.900818
v 3.533348 0.416895 -0.305975
v 0.519136 0.333978 0.758468
v 1.292885 0.308013 0.758427
v 1.205431 0.413284 0.758895
v 0.083345 0.416861 0.668661
v -4.439602 2.252148 -0.796199
v -4.464313 2.618679 -0.604382
v -4.220462 2.916367 -0.423723
v 4.533761 1.856974 0.054267
v 4.772824 1.550121 -0.322345
v 4.773172 1.550463 -0.154075
v 4.547275 1.759731 -0.297383
v -1.196497 0.214021 1.691637
v -1.198535 0.217781 1.924613
v -1.304082 0.416646 2.052481
v -1.448777 0.416939 1.762280
v -0.105095 0.251537 1.793457
v -0.091198 0.250990 2.119923
v 4.739406 1.406512 -1.937387
v 4.739354 1.410465 -2.363477
v 4.640389 1.183221 -2.055624
v 4.726224 1.464356 -2.567091
v 3.885656 1.194341 -2.602621
v -1.501212 0.416525 -0.736176
v -1.363360 0.159677 -0.288627
v -1.293338 0.416630 -0.613560
v 1.654509 0.241019 1.913304
v 1.659995 0.307074 1.477496
v 1.657574 0.384612 1.849072
v 1.657974 0.413284 1.696673
v 1.658480 0.398244 1.362325
v -3.691609 0.349967 1.880218
v -3.977829 0.719413 1.760062
v -3.687586 0.416718 2.045479
v -3.686350 0.321854 1.815878
v -3.652009 0.416408 2.185612
v -3.663868 0.330803 2.210991
v -4.499856 2.631317 -0.814983
v -4.464313 2.618679 -0.604382
v -4.439602 2.252148 -0.796199
v -3.554176 0.390487 -2.341859
v -3.696624 0.368166 -2.337202
v -3.539356 0.371925 -2.341756
v -3.640150 0.409524 -2.341771
v -1.566915 0.374046 -2.185169
v -1.997030 0.415504 -2.212179
v -4.092607 0.298848 -1.694343
v -3.696624 0.368166 -2.337202
v -4.103038 0.394485 -1.710106
v -3.640150 0.409524 -2.341771
v 2.893758 3.142711 -2.389704
v 3.823940 3.027634 -2.437731
v 4.322196 2.894393 -2.442958
v -1.956820 0.356886 -1.324737
v -1.277404 0.313180 -0.730794
v -1.949071 0.389786 -1.228396
v -1.501212 0.416525 -0.736176
v 1.266206 0.037317 2.510885
v 2.493074 0.374039 2.210765
v 2.767018 0.416734 2.189332
v -1.277404 0.313180 -0.730794
v -1.293338 0.416630 -0.613560
v -1.363360 0.159677 -0.288627
v -3.531938 0.121912 -0.879360
v -3.577528 0.140944 -0.880131
v -3.520827 0.416972 -0.662168
v -3.699445 0.416862 -0.658227
v -1.277404 0.313180 -0.730794
v -1.501212 0.416525 -0.736176
v 1.657974 0.413284 1.696673
v 1.659995 0.307074 1.477496
v 1.654509 0.241019 1.913304
v 1.657574 0.384612 1.849072
v 1.656790 0.373808 1.058408
v 1.660813 0.335739 1.456804
v 1.658480 0.398244 1.362325
v 1.655989 0.402004 1.058850
v 1.657974 0.413284 1.696673
v 1.659995 0.307074 1.477496
v -2.001296 2.434738 -2.552907
v -1.280364 2.631455 -2.523206
v -0.199776 2.970524 -2.524420
v -2.415946 2.256455 -2.541897
v 2.111093 0.416851 -1.315981
v 2.347160 0.416735 -1.423486
v 1.844272 0.261028 -1.298077
v 1.841782 0.251620 -1.358019
v 1.835878 0.244100 -1.753899
v 2.011780 0.416784 -1.705507
v 1.844133 0.246684 -2.107005
v 2.286698 0.416613 -2.151682
v -3.640150 0.409524 -2.341771
v -3.696624 0.368166 -2.337202
v -4.092607 0.298848 -1.694343
v 1.655989 0.402004 1.058850
v 1.656790 0.373808 1.058408
v 3.204254 0.227139 0.813008
v -0.443245 0.369573 0.823822
v -1.683452 0.343729 0.469846
v -0.645946 0.332449 0.758560
v 0.107063 0.251184 -2.053432
v -0.343565 0.251245 -2.143646
v 1.115016 0.338186 -1.818707
v 1.835878 0.244100 -1.753899
v 1.844133 0.246684 -2.107005
v -0.159758 0.251438 -1.975484
v -2.343033 0.141253 -0.249213
v -2.320377 0.378363 -0.069449
v -2.318549 0.377198 0.100138
v -1.566915 0.374046 -2.185169
v -1.990569 0.364643 -1.982162
v -1.989089 0.409524 -1.902624
v 4.726554 1.495815 -0.202791
v 4.533761 1.856974 0.054267
v 4.773172 1.550463 -0.154075
v -1.359390 0.416701 0.997165
v -0.443245 0.369573 0.823822
v -0.589611 0.387903 0.823827
v -3.663868 3.048868 2.136562
v -4.292487 2.626502 1.910475
v -3.602082 3.057503 2.172154
v -3.687586 0.416718 2.045479
v -3.663868 0.330803 2.210991
v -3.652009 0.416408 2.185612
v -3.691609 0.349967 1.880218
v 3.959718 3.026215 0.981556
v 3.533871 3.060114 1.190171
v 3.635535 3.002280 1.121998
v -1.962671 0.383023 -1.417544
v -1.990569 0.364643 -1.982162
v -1.960930 0.353192 -1.382930
v -1.989089 0.409524 -1.902624
v -1.949071 0.389786 -1.228396
v -1.956820 0.356886 -1.324737
v -4.475876 1.920091 -0.341103
v -4.483225 1.834415 -0.473427
v -4.537592 2.199101 -0.127801
v 3.728893 0.311629 -2.009640
v 3.581516 0.416553 -2.090218
v 3.569675 0.416591 -1.979862
v 3.737391 0.354539 -2.054307
v 3.581516 0.416553 -2.090218
v 3.737391 0.354539 -2.054307
v 3.569675 0.416591 -1.979862
v 3.728893 0.311629 -2.009640
v 4.406690 0.341846 -1.370279
v 4.410416 0.432078 -1.352766
v -4.475876 1.920091 -0.341103
v -4.553230 1.632226 -0.637097
v -4.483225 1.834415 -0.473427
v -3.882556 0.162951 0.083932
v -3.892134 0.185825 -0.094190
v -3.895425 0.194416 0.454180
v -3.346685 1.897488 2.422091
v -3.628291 1.638917 2.423470
v -3.431388 1.863395 2.439743
v -3.671287 0.381322 -2.526479
v -3.696624 0.368166 -2.337202
v -3.640150 0.409524 -2.341771
v -3.602082 3.057503 2.172154
v -4.104170 2.969822 2.179480
v -3.222173 3.099927 2.168094
v 1.627221 3.369855 -1.689084
v 1.132796 3.399647 -1.692588
v 1.227669 3.399360 -1.692588
v -2.348013 3.185472 -1.704848
v -1.200311 3.399178 -1.692588
v -0.949807 3.399581 -1.688210
v -0.021907 3.319464 -1.766292
v 0.217678 3.316648 -1.766338
v -3.586793 0.416806 -0.116087
v -3.594020 0.416928 -0.333566
v -3.567149 0.416845 0.175185
v -4.526900 0.989678 0.074188
v -3.577894 0.416944 0.421676
v -4.566761 1.108813 -0.214835
v 1.659995 0.307074 1.477496
v 1.660813 0.335739 1.456804
v 1.658480 0.398244 1.362325
v -3.686350 0.321854 1.815878
v -3.691609 0.349967 1.880218
v -3.687586 0.416718 2.045479
v -3.902791 0.214021 -0.313476
v -3.892134 0.185825 -0.094190
v -3.882556 0.162951 0.083932
v 3.202060 0.060037 -0.317525
v 1.311048 0.159627 -0.282823
v 3.533348 0.416895 -0.305975
v 0.090188 0.001761 2.397865
v 1.266206 0.037317 2.510885
v 1.651984 0.375447 2.208820
v 0.231575 1.629514 2.351994
v -0.272411 1.401122 2.358415
v 1.085360 1.401122 2.358425
v 1.195052 1.398301 2.358553
v -1.144028 1.839681 2.352009
v 1.212832 1.526363 2.357622
v 0.025895 2.022397 2.337676
v -1.154303 1.983860 2.352478
v 0.164129 2.288389 2.333411
v -0.884591 2.271472 2.334065
v -2.246802 2.026157 2.409924
v -2.205304 2.332563 2.398096
v -1.197734 1.718808 2.365355
v -1.332537 1.144065 2.426115
v -2.931617 1.125729 2.479903
v -3.431388 1.863395 2.439743
v 1.489004 0.825109 2.425137
v 2.098032 1.944384 2.420774
v 2.307404 2.390529 2.403020
v 3.439607 1.877628 2.440330
v 3.298221 2.264620 2.409410
v 3.594403 2.395962 2.396054
v 3.743329 2.241928 2.409446
v 3.699672 1.746110 2.443849
v 2.880941 1.709957 2.423589
v -0.104834 1.112197 2.340279
v 0.789840 1.115979 2.340742
v 2.363094 2.651601 2.419684
v 1.190124 2.682033 2.411241
v 2.965122 3.043164 2.415234
v 1.549153 3.103289 2.432088
v 0.287753 3.013759 2.391367
v 0.102239 2.957835 2.391691
v -0.141874 2.955136 2.391794
v -0.551073 3.003655 2.391496
v -1.392947 0.839729 2.408113
v 2.736438 0.927222 2.509784
v 2.413491 1.477253 2.493959
v 0.903590 0.395423 2.234209
v -0.039687 0.413284 2.233849
v 4.603593 1.167706 2.353769
v -4.703202 1.424112 2.174294
v 4.097047 2.980947 2.174227
v 4.502659 0.833419 2.175101
v 4.419106 0.586222 2.272317
v -1.304082 0.409524 2.233685
v -2.887715 0.416613 2.190484
v -2.755228 0.280263 2.229404
v -3.032707 1.106836 2.502556
v -3.652009 0.416408 2.185612
v -4.516138 1.081146 2.409857
v 4.014138 3.001695 2.183920
v 2.767018 0.416734 2.189332
v 4.384835 1.822903 1.983690
v 4.423459 2.134482 1.989190
v -1.588683 0.000188 2.497406
v -1.042451 0.000000 2.493902
v -3.346685 1.897488 2.422091
v 1.261383 0.350073 -0.663248
v 0.160420 0.416619 -0.736176
v 2.131293 0.416685 -0.754897
v 0.279655 0.341614 -0.663248
v -4.304207 2.266773 1.971127
v -4.463582 2.560116 2.170384
v -4.104170 2.969822 2.179480
v 1.266206 0.037317 2.510885
v 1.654509 0.241019 1.913304
v 1.657574 0.384612 1.849072
v -2.318549 0.377198 0.100138
v -1.683452 0.343729 0.469846
v -1.683573 0.383205 0.472475
v -1.224412 0.159958 0.209943
v -2.320377 0.378363 -0.069449
v -2.343033 0.141253 -0.249213
v 4.533761 1.856974 0.054267
v 4.521101 1.948674 0.106950
v 4.534580 1.855445 0.121597
v 4.572717 2.057120 -0.220258
v 4.519708 1.963123 -0.281069
v 4.547275 1.759731 -0.297383
v 4.531289 1.875658 -0.649635
v 4.527144 1.904086 -0.728731
v 4.511105 2.251535 -0.138739
v 4.477043 2.591929 0.332342
v 4.476590 2.592012 0.498750
v 4.530192 2.691359 -0.206732
v 4.493587 2.180302 0.425180
v 4.772824 1.550121 -0.322345
v 4.723942 1.569191 -0.755072
v 4.773172 1.550463 -0.154075
v 4.530192 2.691513 -0.564870
v 4.656427 1.886109 -1.018562
v 4.549521 2.686577 0.512764
v 4.488641 2.253595 -0.797511
v 4.530192 2.691464 0.100246
v 4.536652 1.839146 0.422607
v 4.322283 1.644411 1.103765
v 4.722602 1.522366 0.780771
v 4.726293 1.581818 0.590301
v 4.730472 1.494170 0.593887
v 4.298930 1.899862 1.024247
v 4.262657 2.085841 1.448937
v 4.344852 1.649043 1.342533
v 4.345949 1.656231 1.511493
v 4.283258 1.396419 1.479688
v 4.304886 1.274236 1.954746
v 4.204319 1.118993 1.549811
v 4.384835 1.822903 1.983690
v 4.156726 0.971325 1.378114
v 3.699672 1.746110 2.443849
v 4.603593 1.167706 2.353769
v 4.238712 1.123377 1.945840
v 4.044648 0.744126 1.863740
v 4.049088 0.747035 1.587414
v 4.227933 1.219224 1.378176
v 4.361761 2.028035 1.697445
v 4.732388 1.492293 0.772014
v 4.296109 2.283221 1.026752
v 4.150805 0.958428 1.101326
v 3.960990 0.416801 0.958563
v 4.624350 1.083012 0.425617
v 4.504540 0.744126 0.444452
v 4.269309 0.313351 0.423595
v 3.958029 0.416867 1.244690
v 4.263492 1.365903 1.099577
v 3.703903 0.191462 1.803746
v 4.727756 1.492293 0.079116
v 4.349327 2.915052 1.059113
v 4.423459 2.134482 1.989190
v 4.374317 2.266773 1.986782
v 4.366689 2.265360 1.696108
v 4.340446 2.627120 1.793236
v 3.594403 2.395962 2.396054
v 4.332313 2.628363 1.844694
v 4.097047 2.980947 2.174227
v 4.340010 2.266773 1.260726
v 3.654081 2.989157 1.124467
v 4.720773 1.387022 0.396827
v 4.694390 1.285041 0.702385
v 4.572717 2.057120 -0.220258
v 4.447979 2.588970 -0.302749
v 4.511105 2.251535 -0.138739
v 4.519708 1.963123 -0.281069
v 4.527144 1.904086 -0.728731
v 4.488641 2.253595 -0.797511
v 4.530192 2.691602 -0.716687
v 4.530192 2.691513 -0.564870
v 4.473247 2.288036 -1.321290
v 4.720773 1.387022 0.396827
v 4.726554 1.495815 -0.202791
v 4.727756 1.492293 0.079116
v 4.773172 1.550463 -0.154075
v -3.511929 0.417088 -0.613998
v -1.501212 0.416525 -0.736176
v -1.293338 0.416630 -0.613560
v -1.363360 0.159677 -0.288627
v -2.573336 0.078196 -0.288627
v -3.520827 0.416972 -0.662168
v -3.468759 0.416757 -1.182181
v -1.949071 0.389786 -1.228396
v -1.962671 0.383023 -1.417544
v -3.216044 0.416613 -1.590388
v -4.103403 0.394485 -1.658870
v -4.104466 0.394485 -1.308974
v -3.699445 0.416862 -0.658227
v -4.103038 0.394485 -1.710106
v -3.594020 0.416928 -0.333566
v -3.553618 0.416895 -0.257218
v -3.586793 0.416806 -0.116087
v -3.567149 0.416845 0.175185
v -3.494898 0.416911 0.138343
v -3.577894 0.416944 0.421676
v -3.503779 0.416977 0.423430
v -3.553618 0.416895 -0.257218
v -3.511929 0.417088 -0.613998
v -2.320377 0.378363 -0.069449
v -2.353064 1.877149 -2.552640
v -3.136182 1.628648 -2.575431
v -3.541446 1.931476 -2.560362
v -2.001296 2.434738 -2.552907
v -0.106401 2.138943 -2.493639
v -0.267221 2.324227 -2.493202
v -1.043200 1.603588 -2.503605
v -0.199776 2.970524 -2.524420
v 0.809013 1.503540 -2.501485
v 0.122091 2.226161 -2.493449
v 2.353151 1.880025 -2.574052
v -0.850494 1.496053 -2.501228
v -1.197351 1.497930 -2.501495
v -1.197351 0.865376 -2.459869
v -2.968831 0.776022 -2.587866
v -3.072672 0.384387 -2.548159
v -2.405376 1.461497 -2.632790
v -1.908774 0.380837 -2.586436
v -0.985384 0.744562 -2.449595
v -0.064659 0.299179 -2.716454
v -1.944369 0.368221 -2.582963
v 1.168373 0.544836 -2.656009
v 0.021350 0.295651 -2.719953
v 1.866754 0.261365 -2.416031
v 1.914016 0.411401 -2.467705
v 0.161900 1.049599 -2.473271
v 1.376560 1.121031 -2.505364
v -0.865313 1.104109 -2.477433
v -3.563074 1.026570 -2.600008
v -4.666980 1.487374 -2.456314
v -3.563074 1.627848 -2.575431
v -4.547396 1.077254 -2.043138
v -3.634334 1.955598 -2.560490
v 3.462246 0.413273 -2.454421
v 0.992228 2.614384 -2.497652
v 2.325236 1.860547 -2.575421
v 2.720556 1.531769 -2.626230
v 1.213581 1.412165 -2.498980
v 3.046742 2.165616 -2.545365
v 3.176844 1.397601 -2.616311
v 3.788833 1.882703 -2.563341
v 3.785036 1.826895 -2.557913
v 3.520758 2.337737 -2.538013
v 3.773647 2.339829 -2.542093
v 4.488484 2.253507 -2.265525
v 4.529495 2.627049 -2.274858
v 4.322196 2.894393 -2.442958
v 3.488803 2.994010 -2.554821
v 4.506508 2.245545 -2.198360
v -2.418054 0.368105 -2.566937
v 4.599082 1.732092 -2.038759
v 4.640389 1.183221 -2.055624
v 4.739406 1.406512 -1.937387
v 3.885656 1.194341 -2.602621
v 0.213777 2.982979 -2.524472
v 2.325062 2.291669 -2.547248
v 1.185805 2.972511 -2.559698
v 1.826510 3.244471 -2.380994
v 2.983598 1.103104 -2.633150
v 3.861694 1.085315 -2.597981
v 4.616966 1.114174 -2.062219
v 3.540767 0.413284 -2.452481
v -2.375197 1.869270 -2.554698
v -3.136182 1.628648 -2.575431
v -2.353064 1.877149 -2.552640
v -2.405376 1.461497 -2.632790
v -1.197351 1.497930 -2.501495
v -4.666980 1.487374 -2.456314
v -3.563074 1.627848 -2.575431
v -1.043200 1.603588 -2.503605
v 0.103911 1.442360 -2.499396
v -0.850494 1.496053 -2.501228
v 0.809013 1.503540 -2.501485
v -0.865313 1.104109 -2.477433
v 0.161900 1.049599 -2.473271
v 1.376560 1.121031 -2.505364
v 1.213581 1.412165 -2.498980
v 2.983598 1.103104 -2.633150
v -2.353064 1.877149 -2.552640
v -2.375197 1.869270 -2.554698
v -3.541446 1.931476 -2.560362
v 1.213581 1.412165 -2.498980
v 0.103911 1.442360 -2.499396
v 2.325236 1.860547 -2.575421
v -3.072672 0.384387 -2.548159
v -3.671287 0.381322 -2.526479
v -2.968831 0.776022 -2.587866
v -3.563074 1.026570 -2.600008
v -4.547396 1.077254 -2.043138
v -1.908774 0.380837 -2.586436
v -2.418054 0.368105 -2.566937
v -3.072672 0.384387 -2.548159
v -1.908774 0.380837 -2.586436
v -3.671287 0.381322 -2.526479
v -3.607550 0.368166 -2.526782
v 4.768209 1.553230 0.304478
v 4.533761 1.856974 0.054267
v 4.534580 1.855445 0.121597
v 4.773172 1.550463 -0.154075
v 4.534580 1.855445 0.121597
v 4.773172 1.550463 -0.154075
v 4.768209 1.553230 0.304478
v 4.768209 1.553230 0.304478
v 4.534580 1.855445 0.121597
v 4.726293 1.581818 0.590301
v 4.536652 1.839146 0.422607
v 4.364164 0.313147 -0.984915
v 4.410416 0.432078 -1.352766
v 4.495746 0.736606 -0.989730
v 4.500030 0.743773 -0.689759
v 4.364164 0.313291 -0.764204
v 4.406690 0.341846 -1.370279
v 4.304886 0.313539 -0.345116
v 4.500030 0.743773 -0.689759
v 4.499978 0.743933 -0.432264
v 4.364164 0.313291 -0.764204
v 4.364164 0.313131 0.045068
v 4.499978 0.743933 -0.432264
v 4.457104 0.613717 0.002948
v 4.304886 0.313539 -0.345116
v 4.774356 1.547985 -1.901914
v 4.724900 1.569302 -2.223976
v 4.548720 1.739711 -1.693705
v 4.599082 1.732092 -2.038759
v 4.774356 1.547985 -1.901914
v 4.754086 1.526541 -1.366940
v 4.725492 1.584568 -1.004285
v -4.265721 2.637097 1.467428
v -4.110630 2.998289 1.087049
v -3.613419 3.080614 1.129473
v -2.415946 2.256455 -2.541897
v -3.541446 1.931476 -2.560362
v -2.001296 2.434738 -2.552907
v -4.122872 2.957516 0.062149
v -4.134871 2.953750 0.278477
v -4.103125 2.966062 0.767631
v 0.364968 0.251515 1.730613
v 0.390549 0.251410 1.837244
v 1.654509 0.241019 1.913304
v -0.105095 0.251537 1.793457
v -0.091198 0.250990 2.119923
v -0.091198 0.250990 2.119923
v -1.042451 0.000000 2.493902
v 0.390549 0.251410 1.837244
v 0.390549 0.251410 1.837244
v -1.042451 0.000000 2.493902
v 0.090188 0.001761 2.397865
v 0.364968 0.251515 1.730613
v 1.659995 0.307074 1.477496
v 1.654509 0.241019 1.913304
v -1.683573 0.383205 0.472475
v -0.645946 0.332449 0.758560
v -0.237391 0.416834 0.656185
v -0.645946 0.332449 0.758560
v -0.237391 0.416834 0.656185
v 0.519136 0.333978 0.758468
v 0.083345 0.416861 0.668661
v -1.683452 0.343729 0.469846
v 0.083345 0.416861 0.668661
v -0.645946 0.332449 0.758560
v 0.519136 0.333978 0.758468
v -0.237391 0.416834 0.656185
v -1.683452 0.343729 0.469846
v -1.683573 0.383205 0.472475
v -0.237391 0.416834 0.656185
v -1.683573 0.383205 0.472475
v -1.683452 0.343729 0.469846
v -0.645946 0.332449 0.758560
v -1.430597 0.308012 1.467273
v -1.248113 0.416729 1.435458
v -1.448777 0.416939 1.762280
v -1.430597 0.308012 1.467273
v -1.448777 0.416939 1.762280
v -1.196497 0.214021 1.691637
v -4.499856 2.631317 -0.814983
v -4.479150 2.651535 -1.668943
v -4.480178 2.651320 -1.258174
v 4.364164 0.313291 -0.764204
v 3.320651 0.416707 -0.743183
v 4.500030 0.743773 -0.689759
v 3.442185 0.271358 -0.900818
v 3.533348 0.416895 -0.305975
v 4.499978 0.743933 -0.432264
v 4.457104 0.613717 0.002948
v 3.474802 0.416773 -0.060194
v -1.501212 0.416525 -0.736176
v -1.277404 0.313180 -0.730794
v -0.821969 0.416602 -0.752819
v -1.080257 0.291565 -0.730974
v 0.083345 0.416861 0.668661
v 1.292885 0.308013 0.758427
v 1.205431 0.413284 0.758895
v 4.304886 0.313539 -0.345116
v 4.364164 0.313131 0.045068
v 4.269309 0.313379 0.136156
v -1.501212 0.416525 -0.736176
v -0.821969 0.416602 -0.752819
v 0.160420 0.416619 -0.736176
v 1.205431 0.413284 0.758895
v 3.196801 0.141705 0.736742
v 2.431271 0.416707 0.668661
v 4.353350 0.366994 2.214757
v 2.767018 0.416734 2.189332
v 4.419106 0.586222 2.272317
v 1.811551 1.468855 2.573168
v 1.212832 1.526363 2.357622
v 1.802060 1.587306 2.565677
v -1.293338 0.416630 -0.613560
v -3.511929 0.417088 -0.613998
v -2.320377 0.378363 -0.069449
v -3.560114 0.246916 0.675246
v -3.577894 0.416944 0.421676
v -3.503779 0.416977 0.423430
v -3.895425 0.194416 0.454180
v -3.892134 0.185825 -0.094190
v -3.586793 0.416806 -0.116087
v -3.882556 0.162951 0.083932
v -3.567149 0.416845 0.175185
v -3.594020 0.416928 -0.333566
v -3.902791 0.214021 -0.313476
v -3.577528 0.140944 -0.880131
v -3.531938 0.121912 -0.879360
v -3.699445 0.416862 -0.658227
v -3.531938 0.121912 -0.879360
v -3.699445 0.416862 -0.658227
v -3.520827 0.416972 -0.662168
v -4.092032 0.292504 -1.306015
v -4.093425 0.301901 -1.431754
v -4.104466 0.394485 -1.308974
v -4.103403 0.394485 -1.658870
v -1.683573 0.383205 0.472475
v -1.224412 0.159958 0.209943
v -2.318549 0.377198 0.100138
v -1.683452 0.343729 0.469846
v -1.224412 0.159958 0.209943
v -1.683573 0.383205 0.472475
v -4.675078 1.485541 -2.347168
v -4.690176 1.407312 -1.882646
v -4.679606 1.399323 -1.629529
v -1.711802 1.247497 2.546857
v -1.197734 1.718808 2.365355
v -1.791664 1.514935 2.568769
v -2.246802 2.026157 2.409924
v -1.197734 1.718808 2.365355
v -1.791664 1.514935 2.568769
v -2.246802 2.026157 2.409924
v -1.791664 1.514935 2.568769
v -1.851325 1.887053 2.516678
v -0.141874 2.955136 2.391794
v -2.205304 2.332563 2.398096
v -1.203028 2.674652 2.411823
v -0.159758 0.251438 -1.975484
v -1.566915 0.374046 -2.185169
v -1.990569 0.364643 -1.982162
v -0.343565 0.251245 -2.143646
v -0.159758 0.251438 -1.975484
v -0.062291 0.138713 -1.670991
v 1.115016 0.338186 -1.818707
v -0.062291 0.138713 -1.670991
v 0.019608 0.166087 -1.671135
v 1.115016 0.338186 -1.818707
v 1.866754 0.261365 -2.416031
v 0.021350 0.295651 -2.719953
v -0.064659 0.299179 -2.716454
v 4.551315 1.715987 -1.573476
v 4.599082 1.732092 -2.038759
v 4.548720 1.739711 -1.693705
vt 0.036905 0.656542
vt 0.007748 0.684579
vt 0.064266 0.684579
vt 0.510027 0.029971
vt 0.528259 0.012617
vt 0.528259 0.050935
vt 0.944850 0.467757
vt 0.924819 0.459346
vt 0.910210 0.467757
vt 0.785773 0.534112
vt 0.768915 0.535981
vt 0.794439 0.535981
vt 0.871923 0.995794
vt 0.970374 0.995794
vt 0.947216 0.994860
vt 0.828168 0.008879
vt 0.720805 0.003271
vt 0.715132 0.008879
vt 0.582954 0.821963
vt 0.556518 0.793977
vt 0.582954 0.785514
vt 0.793528 0.973364
vt 0.909298 0.973364
vt 0.842629 0.968692
vt 0.572926 0.021816
vt 0.578396 0.008879
vt 0.578396 0.033178
vt 0.007748 0.979907
vt 0.004102 0.973450
vt 0.007748 0.939720
vt 0.799909 0.081776
vt 0.799909 0.135981
vt 0.798086 0.106208
vt 0.985871 0.903260
vt 0.989517 0.885514
vt 0.989517 0.922897
vt 0.663172 0.023970
vt 0.683227 0.000467
vt 0.683227 0.065888
vt 0.685962 0.086014
vt 0.704193 0.056542
vt 0.704193 0.148131
vt 0.081515 0.953738
vt 0.066089 0.957477
vt 0.170921 0.957477
vt 0.442571 0.999533
vt 0.465360 0.997559
vt 0.448234 0.995794
vt 0.465233 0.999533
vt 0.670984 0.492991
vt 0.655880 0.507009
vt 0.691431 0.507009
vt 0.313127 0.657477
vt 0.313127 0.686449
vt 0.299453 0.683475
vt 0.976755 0.126636
vt 0.976755 0.218224
vt 0.956700 0.186850
vt 0.956922 0.204241
vt 0.488149 0.008879
vt 0.472076 0.005140
vt 0.467183 0.008879
vt 0.445119 0.905140
vt 0.414312 0.914486
vt 0.514585 0.914486
vt 0.091613 0.910748
vt 0.087967 0.886179
vt 0.091613 0.872430
vt 0.608478 0.998598
vt 0.595506 0.978037
vt 0.543756 0.998598
vt 0.748861 0.986449
vt 0.693866 0.982710
vt 0.618505 0.986449
vt 0.169756 0.963084
vt 0.106199 0.980841
vt 0.170921 0.980841
vt 0.350501 0.611703
vt 0.364175 0.559346
vt 0.364175 0.629439
vt 0.141750 0.964953
vt 0.102029 0.960280
vt 0.014129 0.964953
vt 0.722425 0.360280
vt 0.720602 0.355614
vt 0.722425 0.334112
vt 0.874658 0.498598
vt 0.874658 0.514534
vt 0.869221 0.512312
vt 0.869189 0.515421
vt 0.957636 0.578037
vt 0.954877 0.637850
vt 0.975843 0.637850
vt 0.375114 0.838785
vt 0.436190 0.838785
vt 0.417102 0.827570
vt 0.534640 0.368692
vt 0.553783 0.368692
vt 0.544299 0.365888
vt 0.532817 0.548131
vt 0.526510 0.535047
vt 0.502735 0.548131
vt 0.396952 0.777103
vt 0.365998 0.798598
vt 0.400638 0.798598
vt 0.944264 0.470561
vt 0.897448 0.474299
vt 0.953965 0.474299
vt 0.497020 0.821028
vt 0.459891 0.830374
vt 0.553783 0.830374
vt 0.514585 0.718224
vt 0.571103 0.718224
vt 0.555998 0.705140
vt 0.702370 0.979907
vt 0.679342 0.964953
vt 0.654056 0.979907
vt 0.696901 0.970561
vt 0.790793 0.970561
vt 0.745433 0.952804
vt 0.874658 0.105140
vt 0.871923 0.100843
vt 0.874658 0.079907
vt 0.996809 0.976168
vt 0.981313 0.942981
vt 0.996809 0.919159
vt 0.512089 0.878766
vt 0.581154 0.871101
vt 0.625095 0.910654
vt 0.700492 0.921028
vt 0.647968 0.864397
vt 0.709864 0.889016
vt 0.718396 0.862959
vt 0.713610 0.860398
vt 0.517808 0.876478
vt 0.495097 0.871609
vt 0.497775 0.875189
vt 0.403373 0.865033
vt 0.754482 0.919714
vt 0.772774 0.873445
vt 0.760875 0.894816
vt 0.719361 0.843458
vt 0.777119 0.862837
vt 0.758907 0.921028
vt 0.519826 0.897219
vt 0.448789 0.879213
vt 0.580309 0.920550
vt 0.593517 0.955045
vt 0.605933 0.917290
vt 0.598325 0.955607
vt 0.703046 0.927907
vt 0.703018 0.945922
vt 0.511479 0.918082
vt 0.488685 0.939419
vt 0.400312 0.918568
vt 0.395727 0.928955
vt 0.462210 0.936437
vt 0.391522 0.917609
vt 0.750287 0.949640
vt 0.392145 0.928708
vt 0.793528 0.948921
vt 0.792120 0.955607
vt 0.503516 0.833155
vt 0.570027 0.832243
vt 0.566116 0.848301
vt 0.698724 0.852804
vt 0.558141 0.847291
vt 0.471393 0.833244
vt 0.474379 0.852804
vt 0.402461 0.847880
vt 0.639315 0.835416
vt 0.951370 0.009813
vt 0.926210 0.069418
vt 0.916591 0.068316
vt 0.953054 0.009842
vt 0.953054 0.132243
vt 0.428349 0.792056
vt 0.489324 0.819159
vt 0.370556 0.817459
vt 0.370578 0.819159
vt 0.554695 0.794368
vt 0.553787 0.818646
vt 0.105287 0.379955
vt 0.128988 0.338785
vt 0.128988 0.463084
vt 0.107305 0.445930
vt 0.482201 0.471322
vt 0.523136 0.447196
vt 0.587590 0.451448
vt 0.416135 0.474299
vt 0.603920 0.474299
vt 0.044828 0.930486
vt 0.093437 0.853477
vt 0.029841 0.922235
vt 0.071819 0.915618
vt 0.069027 0.920703
vt 0.050026 0.863903
vt 0.091303 0.793925
vt 0.027803 0.927484
vt 0.093437 0.935519
vt 0.093121 0.927672
vt 0.038933 0.959346
vt 0.036521 0.957592
vt 0.092743 0.936637
vt 0.861562 0.950523
vt 0.853954 0.958411
vt 0.928294 0.929439
vt 0.810553 0.957734
vt 0.943938 0.958411
vt 0.809936 0.952650
vt 0.128445 0.056542
vt 0.072716 0.024891
vt 0.148131 0.022339
vt 0.146732 0.009523
vt 0.072789 0.021319
vt 0.131233 0.056442
vt 0.059311 0.022212
vt 0.131446 0.032957
vt 0.129996 0.012233
vt 0.132408 0.035610
vt 0.000456 0.056542
vt 0.004378 0.029121
vt 0.056166 0.005140
vt 0.711472 0.389944
vt 0.707971 0.317419
vt 0.689943 0.319130
vt 0.704950 0.262845
vt 0.696256 0.450881
vt 0.685962 0.294246
vt 0.686663 0.193975
vt 0.705418 0.219508
vt 0.687252 0.161754
vt 0.705441 0.155816
vt 0.725477 0.218675
vt 0.730205 0.312291
vt 0.786962 0.306232
vt 0.790810 0.303606
vt 0.771840 0.216269
vt 0.770167 0.216573
vt 0.788899 0.345009
vt 0.789669 0.336514
vt 0.792941 0.280651
vt 0.790251 0.236162
vt 0.788891 0.127092
vt 0.782584 0.126476
vt 0.800820 0.065401
vt 0.781670 0.063084
vt 0.769993 0.083843
vt 0.762539 0.110962
vt 0.800820 0.305440
vt 0.753010 0.217218
vt 0.751134 0.294398
vt 0.747765 0.117913
vt 0.754649 0.084289
vt 0.730764 0.110983
vt 0.734173 0.218220
vt 0.754730 0.358136
vt 0.756248 0.384543
vt 0.748717 0.300723
vt 0.746873 0.323671
vt 0.738392 0.396990
vt 0.728851 0.323162
vt 0.721657 0.389473
vt 0.759466 0.513832
vt 0.720855 0.485003
vt 0.728471 0.526636
vt 0.718123 0.480974
vt 0.720461 0.524973
vt 0.773878 0.512291
vt 0.794773 0.467810
vt 0.781256 0.389720
vt 0.729116 0.076922
vt 0.640640 0.515421
vt 0.532817 0.535047
vt 0.659526 0.535047
vt 0.975843 0.571138
vt 0.982759 0.506075
vt 0.995898 0.530774
vt 0.995898 0.590187
vt 0.318838 0.976180
vt 0.361332 0.988837
vt 0.374202 0.939720
vt 0.360252 0.994360
vt 0.311304 0.968406
vt 0.374202 0.999533
vt 0.364043 0.989877
vt 0.010973 0.741891
vt 0.058952 0.780721
vt 0.005014 0.767120
vt 0.077225 0.745275
vt 0.187934 0.781776
vt 0.187212 0.755719
vt 0.352198 0.704968
vt 0.412311 0.715985
vt 0.357433 0.726438
vt 0.292537 0.699632
vt 0.458652 0.728371
vt 0.490884 0.721978
vt 0.477044 0.737494
vt 0.459819 0.744740
vt 0.342736 0.690965
vt 0.358206 0.668659
vt 0.346809 0.665888
vt 0.437849 0.759436
vt 0.458258 0.760024
vt 0.455332 0.781776
vt 0.401811 0.773882
vt 0.194094 0.717187
vt 0.079687 0.726519
vt 0.081087 0.721328
vt 0.173044 0.734841
vt 0.196862 0.759720
vt 0.262371 0.773047
vt 0.197424 0.737689
vt 0.267392 0.745025
vt 0.388430 0.772608
vt 0.237498 0.724768
vt 0.266946 0.723024
vt 0.331020 0.741149
vt 0.009547 0.717657
vt 0.015588 0.712178
vt 0.017429 0.694531
vt 0.083248 0.682241
vt 0.194874 0.692096
vt 0.303112 0.705379
vt 0.238977 0.697265
vt 0.261126 0.695818
vt 0.518897 0.415709
vt 0.432348 0.413633
vt 0.426124 0.424179
vt 0.465798 0.390103
vt 0.404872 0.415551
vt 0.377492 0.426774
vt 0.327718 0.429670
vt 0.340727 0.404579
vt 0.433596 0.365888
vt 0.386741 0.369411
vt 0.273063 0.395319
vt 0.508594 0.366160
vt 0.316048 0.372758
vt 0.160647 0.456308
vt 0.183258 0.461121
vt 0.200801 0.451650
vt 0.199632 0.451117
vt 0.422321 0.513342
vt 0.520038 0.526543
vt 0.461803 0.492663
vt 0.520055 0.511352
vt 0.402752 0.513070
vt 0.468159 0.535786
vt 0.349961 0.533351
vt 0.291177 0.534013
vt 0.291180 0.517785
vt 0.401122 0.503453
vt 0.520055 0.534851
vt 0.291017 0.511834
vt 0.292691 0.472597
vt 0.253864 0.512430
vt 0.272746 0.524596
vt 0.183625 0.529641
vt 0.184064 0.513836
vt 0.273334 0.558168
vt 0.274501 0.546689
vt 0.184344 0.547596
vt 0.183906 0.559187
vt 0.210465 0.479748
vt 0.195998 0.480384
vt 0.184635 0.575059
vt 0.272601 0.579167
vt 0.271906 0.594266
vt 0.184379 0.598101
vt 0.220168 0.622796
vt 0.182254 0.634576
vt 0.182473 0.649648
vt 0.213826 0.453565
vt 0.291376 0.462851
vt 0.209560 0.635376
vt 0.306449 0.635407
vt 0.305205 0.655014
vt 0.352359 0.653401
vt 0.245075 0.655462
vt 0.192362 0.658240
vt 0.317286 0.443493
vt 0.206988 0.449128
vt 0.206992 0.424535
vt 0.291933 0.429798
vt 0.338707 0.454167
vt 0.338261 0.441255
vt 0.318883 0.577094
vt 0.318938 0.595094
vt 0.317202 0.614162
vt 0.312313 0.558420
vt 0.402362 0.481302
vt 0.449719 0.481753
vt 0.366597 0.471275
vt 0.145630 0.488738
vt 0.146823 0.512458
vt 0.146870 0.530153
vt 0.146985 0.550806
vt 0.147053 0.559570
vt 0.145218 0.595701
vt 0.145623 0.620165
vt 0.144485 0.576238
vt 0.146708 0.649889
vt 0.399125 0.668692
vt 0.163789 0.662719
vt 0.053327 0.457477
vt 0.053327 0.328505
vt 0.039537 0.453986
vt 0.035096 0.344250
vt 0.221604 0.963084
vt 0.242286 0.988318
vt 0.159070 0.988318
vt 0.270283 0.973664
vt 0.403373 0.539720
vt 0.406259 0.628481
vt 0.418071 0.623926
vt 0.428897 0.542088
vt 0.428897 0.703271
vt 0.414800 0.694073
vt 0.962498 0.416355
vt 0.961258 0.362418
vt 0.997721 0.351869
vt 0.986237 0.416355
vt 0.863719 0.705210
vt 0.863719 0.611006
vt 0.843446 0.705102
vt 0.841587 0.661840
vt 0.841077 0.607301
vt 0.822698 0.630381
vt 0.861644 0.600228
vt 0.850622 0.534112
vt 0.840416 0.534223
vt 0.825161 0.731308
vt 0.824808 0.606683
vt 0.005054 0.849980
vt 0.019599 0.777103
vt 0.019599 0.909813
vt 0.002279 0.780929
vt 0.163485 0.444928
vt 0.159297 0.339720
vt 0.161533 0.339721
vt 0.146308 0.448131
vt 0.182318 0.376561
vt 0.191898 0.376752
vt 0.179595 0.444546
vt 0.201914 0.448131
vt 0.396572 0.646262
vt 0.398815 0.536916
vt 0.382017 0.542056
vt 0.398815 0.646168
vt 0.371441 0.612275
vt 0.365998 0.544439
vt 0.433345 0.996729
vt 0.437038 0.992528
vt 0.379504 0.968687
vt 0.387287 0.938785
vt 0.373291 0.996729
vt 0.452598 0.980904
vt 0.440276 0.940364
vt 0.987694 0.074299
vt 0.955788 0.049579
vt 0.985458 0.015243
vt 0.987694 0.013551
vt 0.544851 0.957477
vt 0.523701 0.974299
vt 0.633090 0.974299
vt 0.798088 0.415291
vt 0.814934 0.430126
vt 0.798086 0.441565
vt 0.798204 0.503246
vt 0.819040 0.361898
vt 0.804374 0.292056
vt 0.820875 0.507009
vt 0.820875 0.351837
vt 0.088879 0.624669
vt 0.122607 0.662150
vt 0.122607 0.610453
vt 0.090806 0.607944
vt 0.282133 0.998598
vt 0.335005 0.998598
vt 0.295407 0.966822
vt 0.287975 0.976290
vt 0.953845 0.170534
vt 0.935734 0.212617
vt 0.955788 0.212617
vt 0.940878 0.111682
vt 0.343209 0.469626
vt 0.411577 0.469626
vt 0.402592 0.446262
vt 0.480857 0.866822
vt 0.604831 0.866822
vt 0.596754 0.854673
vt 0.119872 0.858411
vt 0.097083 0.804777
vt 0.119872 0.793925
vt 0.943026 0.797064
vt 0.955788 0.690187
vt 0.955788 0.802336
vt 0.836372 0.056542
vt 0.815406 0.064942
vt 0.836372 0.121963
vt 0.816378 0.062278
vt 0.490884 0.134828
vt 0.510939 0.121963
vt 0.510939 0.189252
vt 0.035464 0.788356
vt 0.025068 0.842808
vt 0.047858 0.857477
vt 0.047858 0.784579
vt 0.420101 0.445327
vt 0.484168 0.431308
vt 0.516408 0.445327
vt 0.377849 0.435810
vt 0.827256 0.522897
vt 0.814494 0.540320
vt 0.827256 0.551316
vt 0.818059 0.650000
vt 0.820962 0.624348
vt 0.457452 0.982669
vt 0.471994 0.945327
vt 0.493030 0.980036
vt 0.454421 0.960848
vt 0.533728 0.992991
vt 0.457875 0.992991
vt 0.224291 0.370561
vt 0.256177 0.371172
vt 0.262078 0.390187
vt 0.199180 0.390187
vt 0.685050 0.841589
vt 0.686169 0.828186
vt 0.749772 0.822897
vt 0.747269 0.841589
vt 0.581130 0.687383
vt 0.639471 0.687383
vt 0.631605 0.667757
vt 0.023730 0.605065
vt 0.025963 0.623957
vt 0.057306 0.618099
vt 0.044348 0.585514
vt 0.059180 0.633202
vt 0.020510 0.655607
vt 0.101641 0.655607
vt 0.507252 0.396635
vt 0.546664 0.375234
vt 0.492707 0.378298
vt 0.534338 0.395010
vt 0.573700 0.376881
vt 0.554430 0.435981
vt 0.591849 0.400314
vt 0.537876 0.420134
vt 0.584903 0.377571
vt 0.615770 0.423557
vt 0.603539 0.435981
vt 0.821681 0.278259
vt 0.846970 0.277103
vt 0.812633 0.299205
vt 0.856427 0.301402
vt 0.809025 0.301402
vt 0.940292 0.705560
vt 0.930461 0.578744
vt 0.930264 0.679762
vt 0.940292 0.580683
vt 0.930972 0.552804
vt 0.937092 0.775234
vt 0.973108 0.843458
vt 0.957612 0.775363
vt 0.973042 0.778613
vt 0.973108 0.759346
vt 0.469674 0.635808
vt 0.525444 0.645368
vt 0.445308 0.647728
vt 0.485010 0.672350
vt 0.426162 0.673890
vt 0.554026 0.644260
vt 0.603137 0.665754
vt 0.552078 0.638768
vt 0.623334 0.639635
vt 0.606288 0.622979
vt 0.608175 0.618271
vt 0.652596 0.626806
vt 0.775666 0.683776
vt 0.781104 0.655735
vt 0.776641 0.696203
vt 0.761185 0.666094
vt 0.760875 0.649722
vt 0.761639 0.687315
vt 0.775337 0.724384
vt 0.801732 0.631453
vt 0.761899 0.624044
vt 0.799080 0.605984
vt 0.761832 0.621507
vt 0.760523 0.600409
vt 0.797832 0.582366
vt 0.796682 0.576655
vt 0.743766 0.575683
vt 0.749631 0.562631
vt 0.796097 0.560759
vt 0.792531 0.540356
vt 0.655204 0.665038
vt 0.722324 0.658723
vt 0.722763 0.665890
vt 0.655429 0.673361
vt 0.741191 0.724607
vt 0.753761 0.739071
vt 0.741956 0.740871
vt 0.753290 0.723496
vt 0.723287 0.686296
vt 0.655850 0.688513
vt 0.721789 0.636702
vt 0.721216 0.623053
vt 0.652272 0.611317
vt 0.720729 0.603582
vt 0.653803 0.605640
vt 0.726984 0.576127
vt 0.737779 0.563193
vt 0.696836 0.750825
vt 0.743136 0.538077
vt 0.672290 0.584339
vt 0.638450 0.562534
vt 0.630414 0.744995
vt 0.629448 0.725458
vt 0.614880 0.728909
vt 0.627372 0.745651
vt 0.608296 0.596442
vt 0.606900 0.586704
vt 0.608823 0.724506
vt 0.775939 0.742822
vt 0.541051 0.584284
vt 0.656997 0.761797
vt 0.657589 0.768849
vt 0.705076 0.772569
vt 0.698733 0.787532
vt 0.746677 0.785266
vt 0.752309 0.804419
vt 0.727440 0.806834
vt 0.748862 0.806551
vt 0.747823 0.746145
vt 0.640728 0.808759
vt 0.628532 0.767202
vt 0.602483 0.751008
vt 0.609179 0.736018
vt 0.564002 0.771079
vt 0.620606 0.778204
vt 0.603822 0.606911
vt 0.539613 0.609465
vt 0.539536 0.600992
vt 0.475958 0.590391
vt 0.592829 0.587316
vt 0.467873 0.599994
vt 0.469024 0.615987
vt 0.478806 0.640327
vt 0.470610 0.590586
vt 0.541604 0.734618
vt 0.503806 0.729902
vt 0.476599 0.749749
vt 0.542546 0.752189
vt 0.476320 0.762816
vt 0.515501 0.772944
vt 0.465879 0.774783
vt 0.607520 0.800586
vt 0.652166 0.821028
vt 0.557049 0.550341
vt 0.662661 0.535940
vt 0.739498 0.536579
vt 0.451087 0.628687
vt 0.450488 0.610622
vt 0.448008 0.591502
vt 0.527542 0.584621
vt 0.483402 0.551900
vt 0.585575 0.717618
vt 0.742695 0.821028
vt 0.777497 0.806777
vt 0.794820 0.782622
vt 0.792393 0.765049
vt 0.794448 0.790485
vt 0.739126 0.534112
vt 0.340690 0.577168
vt 0.321331 0.585561
vt 0.342297 0.621529
vt 0.342297 0.557477
vt 0.336550 0.621963
vt 0.107844 0.663984
vt 0.113357 0.678037
vt 0.072470 0.678037
vt 0.098659 0.659346
vt 0.172744 0.671702
vt 0.571103 0.040802
vt 0.544523 0.037011
vt 0.564712 0.007944
vt 0.551897 0.011561
vt 0.567950 0.056542
vt 0.529170 0.056542
vt 0.860006 0.093195
vt 0.882862 0.154673
vt 0.845488 0.083990
vt 0.882862 0.048131
vt 0.890853 0.020854
vt 0.821549 0.017557
vt 0.801155 0.009813
vt 0.891067 0.011843
vt 0.793490 0.029764
vt 0.789962 0.011335
vt 0.728392 0.020012
vt 0.804235 0.052005
vt 0.869716 0.057477
vt 0.738042 0.057223
vt 0.706016 0.057477
vt 0.021900 0.962886
vt 0.006837 0.925130
vt 0.026892 0.917290
vt 0.026892 0.963084
vt 0.864631 0.472430
vt 0.864631 0.604206
vt 0.859465 0.551930
vt 0.852780 0.480959
vt 0.504773 0.775234
vt 0.513668 0.786568
vt 0.562899 0.788318
vt 0.439836 0.788318
vt 0.575308 0.091866
vt 0.603742 0.077121
vt 0.579515 0.064262
vt 0.655894 0.154827
vt 0.657991 0.168968
vt 0.682017 0.141141
vt 0.678502 0.169157
vt 0.634903 0.165760
vt 0.640921 0.134786
vt 0.593929 0.314572
vt 0.625230 0.317051
vt 0.595923 0.258283
vt 0.587954 0.280261
vt 0.590948 0.353440
vt 0.584696 0.341157
vt 0.589256 0.254363
vt 0.602534 0.145466
vt 0.646083 0.247628
vt 0.628746 0.265673
vt 0.676695 0.077240
vt 0.647125 0.113715
vt 0.647343 0.015581
vt 0.634949 0.126201
vt 0.584043 0.132753
vt 0.554410 0.155462
vt 0.523259 0.125922
vt 0.516408 0.195990
vt 0.555720 0.066983
vt 0.575358 0.139403
vt 0.565649 0.067248
vt 0.634056 0.148017
vt 0.645660 0.321214
vt 0.652103 0.233579
vt 0.683019 0.076946
vt 0.677924 0.067131
vt 0.684139 0.067026
vt 0.672151 0.263550
vt 0.663918 0.316723
vt 0.655058 0.384992
vt 0.617240 0.380657
vt 0.672444 0.386341
vt 0.675392 0.476283
vt 0.640261 0.466613
vt 0.633984 0.454649
vt 0.638262 0.506075
vt 0.627817 0.382041
vt 0.684139 0.281397
vt 0.672103 0.361447
vt 0.603788 0.006776
vt 0.589328 0.006075
vt 0.621341 0.007822
vt 0.675236 0.481355
vt 0.709663 0.523832
vt 0.705961 0.448213
vt 0.698724 0.493445
vt 0.709663 0.408879
vt 0.709663 0.089851
vt 0.727894 0.107960
vt 0.727894 0.066822
vt 0.711353 0.068180
vt 0.713256 0.121028
vt 0.519143 0.445327
vt 0.577484 0.445327
vt 0.532239 0.433178
vt 0.536589 0.433893
vt 0.574749 0.222497
vt 0.583865 0.258198
vt 0.583865 0.174299
vt 0.580583 0.320093
vt 0.986487 0.694181
vt 0.999544 0.726636
vt 0.999544 0.692991
vt 0.974020 0.717527
vt 0.711486 0.527570
vt 0.670465 0.527570
vt 0.684186 0.510748
vt 0.674200 0.513075
vt 0.953965 0.512797
vt 0.946673 0.577234
vt 0.953309 0.570256
vt 0.953965 0.685514
vt 0.947082 0.634651
vt 0.946692 0.497664
vt 0.973108 0.862898
vt 0.999544 0.844393
vt 0.999544 0.869626
vt 0.973842 0.847626
vt 0.439478 0.554673
vt 0.427985 0.580127
vt 0.441659 0.567706
vt 0.441659 0.613551
vt 0.540317 0.695030
vt 0.518105 0.678037
vt 0.543439 0.685272
vt 0.594804 0.709813
vt 0.434366 0.709813
vt 0.114403 0.356542
vt 0.098906 0.340443
vt 0.114403 0.320093
vt 0.960605 0.060915
vt 0.956700 0.114758
vt 0.965816 0.060280
vt 0.965816 0.121028
vt 0.858250 0.991121
vt 0.895624 0.991121
vt 0.874295 0.976168
vt 0.940292 0.922285
vt 0.976755 0.868803
vt 0.969457 0.864953
vt 0.976755 0.916635
vt 0.975631 0.941123
vt 0.945947 0.948131
vt 0.497265 0.964019
vt 0.532817 0.964019
vt 0.507882 0.949065
vt 0.039654 0.977103
vt 0.043482 0.972544
vt 0.080881 0.966822
vt 0.090915 0.977103
vt 0.094348 0.968655
vt 0.924795 0.661323
vt 0.896691 0.643902
vt 0.912959 0.672176
vt 0.887493 0.667485
vt 0.905454 0.693819
vt 0.882429 0.675626
vt 0.881599 0.701666
vt 0.909309 0.549689
vt 0.900897 0.504361
vt 0.909575 0.565451
vt 0.920754 0.478972
vt 0.893544 0.546494
vt 0.881970 0.502199
vt 0.881039 0.645587
vt 0.924795 0.536397
vt 0.901474 0.711682
vt 0.598450 0.503271
vt 0.613703 0.479907
vt 0.599824 0.480731
vt 0.619417 0.503271
vt 0.199981 0.396269
vt 0.221969 0.416355
vt 0.221969 0.394860
vt 0.199180 0.410499
vt 0.928441 0.535981
vt 0.928441 0.562620
vt 0.921149 0.548323
vt 0.926410 0.622897
vt 0.987048 0.132744
vt 0.993163 0.206075
vt 0.985871 0.190678
vt 0.993163 0.125701
vt 0.141233 0.318383
vt 0.153601 0.331308
vt 0.115314 0.318224
vt 0.115901 0.331308
vt 0.047604 0.307048
vt 0.027013 0.303271
vt 0.023245 0.324766
vt 0.047858 0.324766
vt 0.121696 0.557237
vt 0.111022 0.538362
vt 0.097713 0.556730
vt 0.088769 0.541990
vt 0.102924 0.468554
vt 0.119087 0.475176
vt 0.049222 0.530362
vt 0.098037 0.407690
vt 0.058656 0.593214
vt 0.040565 0.567810
vt 0.087296 0.598579
vt 0.103494 0.601587
vt 0.121696 0.603271
vt 0.097320 0.344393
vt 0.060520 0.438114
vt 0.068824 0.413551
vt 0.056974 0.405723
vt 0.068824 0.375234
vt 0.843665 0.382710
vt 0.837490 0.348131
vt 0.843665 0.348985
vt 0.826345 0.363385
vt 0.714348 0.951869
vt 0.717867 0.961215
vt 0.669600 0.961215
vt 0.626709 0.960820
vt 0.324977 0.560280
vt 0.304011 0.545041
vt 0.324977 0.540654
vt 0.230149 0.357477
vt 0.178213 0.364953
vt 0.233820 0.364953
vt 0.529908 0.421963
vt 0.485415 0.429439
vt 0.541021 0.429439
vt 0.034728 0.171584
vt 0.036272 0.155005
vt 0.013218 0.173364
vt 0.068307 0.171236
vt 0.088879 0.157957
vt 0.057871 0.153738
vt 0.075123 0.173364
vt 0.377453 0.914486
vt 0.362352 0.935981
vt 0.368400 0.915620
vt 0.380583 0.935981
vt 0.187316 0.925192
vt 0.170747 0.906639
vt 0.208284 0.922079
vt 0.164549 0.905223
vt 0.171775 0.948179
vt 0.137135 0.932501
vt 0.145879 0.908163
vt 0.144530 0.895930
vt 0.200997 0.948493
vt 0.176519 0.952790
vt 0.227272 0.943531
vt 0.225460 0.919420
vt 0.170014 0.953502
vt 0.153151 0.955607
vt 0.226413 0.918108
vt 0.247800 0.893467
vt 0.242157 0.937385
vt 0.263490 0.906393
vt 0.228076 0.879514
vt 0.189331 0.890082
vt 0.193869 0.919624
vt 0.163749 0.900041
vt 0.168939 0.899265
vt 0.168063 0.870973
vt 0.188004 0.868940
vt 0.152978 0.872767
vt 0.125073 0.878944
vt 0.275543 0.919897
vt 0.275756 0.903330
vt 0.259242 0.955607
vt 0.287637 0.951841
vt 0.277986 0.916712
vt 0.299363 0.947442
vt 0.326139 0.940182
vt 0.304976 0.903933
vt 0.343646 0.935694
vt 0.224708 0.868608
vt 0.118243 0.878877
vt 0.141916 0.851629
vt 0.097995 0.949457
vt 0.267722 0.876210
vt 0.283291 0.877752
vt 0.240261 0.889557
vt 0.303595 0.899242
vt 0.288240 0.874904
vt 0.322175 0.857667
vt 0.325415 0.882383
vt 0.333347 0.864527
vt 0.339292 0.886421
vt 0.329484 0.896825
vt 0.341347 0.893420
vt 0.351691 0.875949
vt 0.305817 0.833264
vt 0.358794 0.908144
vt 0.358170 0.861007
vt 0.376391 0.870649
vt 0.371813 0.855786
vt 0.365624 0.886229
vt 0.375436 0.902323
vt 0.379438 0.878813
vt 0.383389 0.900019
vt 0.359793 0.841318
vt 0.365348 0.840255
vt 0.354063 0.820988
vt 0.360067 0.819392
vt 0.338481 0.841854
vt 0.335511 0.823187
vt 0.408842 0.913179
vt 0.350827 0.799600
vt 0.335131 0.802881
vt 0.305513 0.831672
vt 0.363987 0.777091
vt 0.287831 0.837484
vt 0.306878 0.806114
vt 0.296512 0.854926
vt 0.280711 0.858394
vt 0.262515 0.861856
vt 0.262162 0.833291
vt 0.247214 0.841771
vt 0.240605 0.865568
vt 0.221759 0.825531
vt 0.202141 0.831838
vt 0.185167 0.830997
vt 0.175315 0.829007
vt 0.143104 0.853561
vt 0.179725 0.799183
vt 0.159581 0.801320
vt 0.156624 0.801601
vt 0.280282 0.775649
vt 0.218803 0.778797
vt 0.237560 0.773364
vt 0.240817 0.775130
vt 0.397929 0.887727
vt 0.879621 0.301976
vt 0.867593 0.292463
vt 0.850812 0.310253
vt 0.904954 0.289189
vt 0.890257 0.273364
vt 0.879563 0.311963
vt 0.866135 0.327186
vt 0.839315 0.326052
vt 0.825433 0.335487
vt 0.902355 0.323216
vt 0.885645 0.336728
vt 0.899135 0.339843
vt 0.902885 0.334156
vt 0.903054 0.293051
vt 0.917673 0.320995
vt 0.927847 0.339773
vt 0.871195 0.357831
vt 0.846259 0.349884
vt 0.871823 0.358510
vt 0.915945 0.351837
vt 0.887002 0.374637
vt 0.855441 0.373275
vt 0.882489 0.379819
vt 0.846515 0.392425
vt 0.862095 0.402346
vt 0.829525 0.403908
vt 0.856050 0.408700
vt 0.870872 0.415388
vt 0.853657 0.421266
vt 0.837184 0.437763
vt 0.888153 0.405727
vt 0.908230 0.380830
vt 0.874597 0.422431
vt 0.881309 0.413925
vt 0.897160 0.397367
vt 0.906766 0.419457
vt 0.896809 0.430085
vt 0.885833 0.453920
vt 0.864150 0.465491
vt 0.860283 0.441550
vt 0.862819 0.466505
vt 0.849012 0.451544
vt 0.910773 0.398140
vt 0.918755 0.407468
vt 0.926014 0.385980
vt 0.925095 0.367078
vt 0.939584 0.348666
vt 0.944454 0.377597
vt 0.945564 0.347630
vt 0.942401 0.344916
vt 0.829653 0.454617
vt 0.945735 0.405523
vt 0.944748 0.322085
vt 0.913076 0.451952
vt 0.897591 0.467728
vt 0.894182 0.474016
vt 0.882827 0.485514
vt 0.957612 0.466321
vt 0.957612 0.283916
vt 0.073382 0.615949
vt 0.084321 0.606075
vt 0.084321 0.642523
vt 0.288523 0.117290
vt 0.243847 0.117290
vt 0.248995 0.110748
vt 0.314038 0.111195
vt 0.079763 0.219159
vt 0.057748 0.210748
vt 0.035096 0.219159
vt 0.681404 0.837850
vt 0.651322 0.829374
vt 0.655958 0.837850
vt 0.667517 0.821963
vt 0.978578 0.743554
vt 0.991639 0.744104
vt 0.999544 0.731497
vt 0.982557 0.724766
vt 0.981290 0.807148
vt 0.999544 0.808878
vt 0.058797 0.068692
vt 0.052403 0.092772
vt 0.043705 0.071436
vt 0.052165 0.105140
vt 0.002279 0.105140
vt 0.860985 0.720093
vt 0.891067 0.720093
vt 0.869790 0.708879
vt 0.100729 0.076168
vt 0.075983 0.076168
vt 0.095955 0.068093
vt 0.087255 0.067757
vt 0.068824 0.071722
vt 0.979473 0.090187
vt 0.993163 0.114486
vt 0.988317 0.085316
vt 0.975843 0.091814
vt 0.993163 0.078548
vt 0.990187 0.074299
vt 0.581130 0.365216
vt 0.592981 0.360280
vt 0.592981 0.384579
vt 0.953433 0.410908
vt 0.954877 0.419159
vt 0.954628 0.410050
vt 0.952207 0.415894
vt 0.954877 0.294860
vt 0.952142 0.319939
vt 0.588423 0.680841
vt 0.545168 0.680841
vt 0.587472 0.675234
vt 0.542844 0.677508
vt 0.693254 0.507009
vt 0.690520 0.452671
vt 0.693254 0.422897
vt 0.527347 0.314486
vt 0.527347 0.366822
vt 0.522895 0.318398
vt 0.517320 0.356579
vt 0.014129 0.667757
vt 0.011395 0.592078
vt 0.014129 0.576168
vt 0.236554 0.957477
vt 0.232047 0.949065
vt 0.209207 0.957477
vt 0.287976 0.664019
vt 0.290642 0.664864
vt 0.287549 0.685432
vt 0.297630 0.685514
vt 0.160893 0.679435
vt 0.173508 0.685514
vt 0.849821 0.122897
vt 0.838195 0.131308
vt 0.863719 0.131308
vt 0.858794 0.123233
vt 0.802709 0.209813
vt 0.799893 0.186543
vt 0.803895 0.192007
vt 0.804467 0.209758
vt 0.804467 0.172430
vt 0.798086 0.185363
vt 0.005014 0.547792
vt 0.007494 0.503733
vt 0.007748 0.436916
vt 0.007748 0.574299
vt 0.211942 0.021001
vt 0.206208 0.035047
vt 0.207972 0.003271
vt 0.204547 0.003588
vt 0.182401 0.007235
vt 0.184940 0.021772
vt 0.162401 0.007390
vt 0.158159 0.035047
vt 0.005014 0.609813
vt 0.001367 0.607383
vt 0.005014 0.563084
vt 0.674111 0.003271
vt 0.673886 0.001402
vt 0.584777 0.003271
vt 0.098906 0.822897
vt 0.098906 0.897664
vt 0.096171 0.835273
vt 0.029557 0.203357
vt 0.004102 0.207944
vt 0.085957 0.187703
vt 0.126990 0.187383
vt 0.127165 0.207944
vt 0.014264 0.197963
vt 0.800820 0.966822
vt 0.795351 0.950565
vt 0.800820 0.942523
vt 0.843665 0.911682
vt 0.817131 0.907009
vt 0.814494 0.911682
vt 0.805378 0.082710
vt 0.805378 0.110748
vt 0.800820 0.085502
vt 0.139927 0.545327
vt 0.139927 0.599533
vt 0.138104 0.591139
vt 0.538286 0.325665
vt 0.540109 0.279907
vt 0.540109 0.329439
vt 0.032863 0.980044
vt 0.037830 0.990187
vt 0.032361 0.988486
vt 0.037830 0.970561
vt 0.891067 0.128505
vt 0.891067 0.156542
vt 0.887420 0.149164
vt 0.653324 0.860386
vt 0.621240 0.862150
vt 0.655324 0.862150
vt 0.625706 0.859346
vt 0.664084 0.859755
vt 0.658633 0.861858
vt 0.113122 0.790187
vt 0.104376 0.792991
vt 0.133546 0.792991
vt 0.407226 0.889252
vt 0.411577 0.900467
vt 0.404284 0.900467
vt 0.410523 0.890330
vt 0.922244 0.678037
vt 0.915679 0.685522
vt 0.926618 0.682767
vt 0.917170 0.688822
vt 0.921328 0.742602
vt 0.926618 0.743458
vt 0.407019 0.872430
vt 0.430720 0.872430
vt 0.415669 0.869626
vt 0.139029 0.195794
vt 0.128988 0.197664
vt 0.159982 0.197664
vt 0.046035 0.180841
vt 0.067912 0.180841
vt 0.050928 0.178037
vt 0.325889 0.678865
vt 0.336828 0.676168
vt 0.336828 0.680841
vt 0.723731 0.012617
vt 0.695077 0.013551
vt 0.745214 0.013551
vt 0.136342 0.396729
vt 0.133307 0.425772
vt 0.133575 0.420185
vt 0.137192 0.631308
vt 0.127165 0.563174
vt 0.127725 0.548420
vt 0.136389 0.493992
vt 0.137192 0.479889
vt 0.979538 0.976591
vt 0.980401 0.989252
vt 0.978846 0.959589
vt 0.916811 0.971871
vt 0.976966 0.945327
vt 0.912944 0.989252
vt 0.171832 0.351869
vt 0.170921 0.349706
vt 0.171832 0.342523
vt 0.649499 0.994860
vt 0.645376 0.993925
vt 0.634913 0.994860
vt 0.615770 0.410748
vt 0.614859 0.397857
vt 0.615770 0.387383
vt 0.862970 0.915421
vt 0.757976 0.934112
vt 0.883774 0.934112
vt 0.280516 0.188865
vt 0.346693 0.181776
vt 0.369875 0.206683
vt 0.293494 0.285786
vt 0.264301 0.274094
vt 0.341039 0.270028
vt 0.347343 0.269723
vt 0.216759 0.302714
vt 0.348661 0.277231
vt 0.283121 0.309218
vt 0.216694 0.311081
vt 0.291657 0.324190
vt 0.232815 0.326712
vt 0.155636 0.317744
vt 0.159112 0.335188
vt 0.213302 0.295937
vt 0.203470 0.263090
vt 0.113666 0.268479
vt 0.088599 0.313093
vt 0.362655 0.235880
vt 0.399456 0.299234
vt 0.412345 0.324527
vt 0.474292 0.291760
vt 0.467568 0.314463
vt 0.484637 0.320746
vt 0.491628 0.311272
vt 0.488356 0.283745
vt 0.442632 0.283508
vt 0.272846 0.256637
vt 0.323548 0.254031
vt 0.416195 0.339606
vt 0.350375 0.344288
vt 0.450594 0.361256
vt 0.371451 0.367757
vt 0.300701 0.365781
vt 0.290194 0.363123
vt 0.276570 0.363725
vt 0.253892 0.367757
vt 0.198968 0.245671
vt 0.432052 0.238350
vt 0.416021 0.270701
vt 0.327774 0.211096
vt 0.274332 0.215182
vt 0.537375 0.248167
vt 0.014129 0.292879
vt 0.515149 0.354617
vt 0.531195 0.226574
vt 0.524644 0.211946
vt 0.202651 0.218475
vt 0.113612 0.223069
vt 0.120739 0.214694
vt 0.107922 0.267177
vt 0.070763 0.225510
vt 0.024585 0.268805
vt 0.510565 0.356132
vt 0.432190 0.203948
vt 0.533158 0.287963
vt 0.534784 0.305491
vt 0.185599 0.190886
vt 0.216321 0.189758
vt 0.093484 0.315001
vt 0.800002 0.992056
vt 0.737922 0.998598
vt 0.849134 0.998598
vt 0.744609 0.992152
vt 0.812671 0.558411
vt 0.797174 0.541998
vt 0.812671 0.514486
vt 0.477211 0.904206
vt 0.436041 0.897664
vt 0.429809 0.904206
vt 0.973967 0.482846
vt 0.971716 0.440270
vt 0.969462 0.440426
vt 0.998633 0.422897
vt 0.982439 0.487608
vt 0.998633 0.492991
vt 0.829834 0.766673
vt 0.835985 0.766300
vt 0.831878 0.770075
vt 0.830513 0.746395
vt 0.823362 0.746869
vt 0.813227 0.753288
vt 0.806641 0.732325
vt 0.805276 0.727532
vt 0.843057 0.744319
vt 0.874423 0.756905
vt 0.879625 0.765213
vt 0.862266 0.726700
vt 0.857301 0.774674
vt 0.797368 0.761739
vt 0.785756 0.738780
vt 0.803894 0.770194
vt 0.850981 0.708879
vt 0.790904 0.715767
vt 0.885873 0.762075
vt 0.816935 0.709956
vt 0.872267 0.741810
vt 0.840515 0.785601
vt 0.855025 0.826890
vt 0.827626 0.812999
vt 0.826274 0.801247
vt 0.821724 0.803557
vt 0.865096 0.814770
vt 0.887456 0.830082
vt 0.862468 0.838892
vt 0.868043 0.847130
vt 0.853999 0.854005
vt 0.863183 0.881553
vt 0.841988 0.866577
vt 0.891078 0.865263
vt 0.829128 0.862793
vt 0.906832 0.911682
vt 0.844887 0.905246
vt 0.854772 0.886167
vt 0.831216 0.895005
vt 0.823282 0.880999
vt 0.841588 0.854466
vt 0.891995 0.844985
vt 0.825840 0.813578
vt 0.882044 0.802587
vt 0.819734 0.849535
vt 0.787513 0.860987
vt 0.809708 0.801270
vt 0.792359 0.812950
vt 0.768915 0.829256
vt 0.796354 0.874687
vt 0.842409 0.837575
vt 0.797691 0.911682
vt 0.810882 0.778445
vt 0.916272 0.781008
vt 0.906170 0.855955
vt 0.912272 0.850782
vt 0.902874 0.837113
vt 0.922659 0.829713
vt 0.957612 0.872223
vt 0.923546 0.831537
vt 0.952792 0.827190
vt 0.890706 0.815910
vt 0.925335 0.773125
vt 0.812485 0.796229
vt 0.820430 0.811985
vt 0.954635 0.217659
vt 0.942115 0.246976
vt 0.944548 0.225082
vt 0.961523 0.216355
vt 0.984199 0.228387
vt 0.975993 0.247360
vt 0.958310 0.265888
vt 0.950962 0.261339
vt 0.999544 0.265888
vt 0.552871 0.913551
vt 0.518232 0.913551
vt 0.534032 0.910777
vt 0.520250 0.908879
vt 0.821086 0.192325
vt 0.931878 0.217978
vt 0.941203 0.228136
vt 0.930895 0.250000
vt 0.864400 0.233666
vt 0.821363 0.189508
vt 0.832364 0.161486
vt 0.915400 0.183386
vt 0.917642 0.172662
vt 0.852455 0.142888
vt 0.805461 0.124801
vt 0.799909 0.144207
vt 0.811640 0.186855
vt 0.806285 0.121963
vt 0.812239 0.206558
vt 0.813226 0.211444
vt 0.809214 0.218738
vt 0.805701 0.235210
vt 0.810189 0.234330
vt 0.801248 0.248709
vt 0.805230 0.250000
vt 0.795351 0.695963
vt 0.815406 0.702336
vt 0.815406 0.626635
vt 0.128272 0.092699
vt 0.085586 0.109092
vt 0.062323 0.092955
vt 0.146220 0.059948
vt 0.251996 0.071482
vt 0.242593 0.061374
vt 0.201592 0.104618
vt 0.244503 0.024326
vt 0.304421 0.105099
vt 0.264409 0.065871
vt 0.388971 0.079267
vt 0.212557 0.110201
vt 0.193347 0.111071
vt 0.195084 0.147178
vt 0.096943 0.156785
vt 0.092348 0.179516
vt 0.126122 0.115967
vt 0.156874 0.177454
vt 0.207223 0.153341
vt 0.259408 0.180759
vt 0.154902 0.178201
vt 0.327237 0.163910
vt 0.264184 0.180841
vt 0.367881 0.180841
vt 0.369854 0.171619
vt 0.277642 0.123553
vt 0.344997 0.127712
vt 0.215352 0.127028
vt 0.063311 0.144293
vt 0.000456 0.121056
vt 0.061951 0.110331
vt 0.001412 0.154934
vt 0.057114 0.091842
vt 0.455270 0.173736
vt 0.311518 0.041279
vt 0.387489 0.080471
vt 0.410460 0.098071
vt 0.327065 0.109248
vt 0.426416 0.060594
vt 0.436012 0.104783
vt 0.468420 0.074201
vt 0.468432 0.077406
vt 0.452076 0.049172
vt 0.466065 0.048202
vt 0.508801 0.049665
vt 0.509098 0.028230
vt 0.493753 0.013569
vt 0.447499 0.012275
vt 0.512703 0.052725
vt 0.128628 0.178426
vt 0.521999 0.082333
vt 0.523686 0.113689
vt 0.531905 0.100727
vt 0.474601 0.113966
vt 0.267376 0.022439
vt 0.386294 0.055961
vt 0.321467 0.020995
vt 0.355780 0.000467
vt 0.428189 0.125418
vt 0.473978 0.119980
vt 0.522553 0.117467
vt 0.461347 0.166640
vt 0.541448 0.295577
vt 0.552844 0.251345
vt 0.541021 0.296856
vt 0.564722 0.292677
vt 0.564722 0.362299
vt 0.555592 0.163084
vt 0.550753 0.226990
vt 0.558344 0.371495
vt 0.033641 0.496782
vt 0.036919 0.551846
vt 0.036919 0.456075
vt 0.014745 0.552804
vt 0.011395 0.493538
vt 0.015232 0.423404
vt 0.031712 0.432749
vt 0.013895 0.330374
vt 0.595716 0.512617
vt 0.596950 0.511682
vt 0.663172 0.512617
vt 0.466162 0.187383
vt 0.527347 0.201402
vt 0.399727 0.201402
vt 0.897208 0.087087
vt 0.896536 0.121543
vt 0.919888 0.081362
vt 0.933911 0.115711
vt 0.933911 0.180841
vt 0.897924 0.020093
vt 0.818596 0.978037
vt 0.781699 0.976168
vt 0.847311 0.976580
vt 0.747949 0.976542
vt 0.751539 0.978037
vt 0.838195 0.210748
vt 0.816317 0.225276
vt 0.816458 0.221298
vt 0.838195 0.237850
vt 0.850957 0.485514
vt 0.837578 0.461215
vt 0.826345 0.485514
vt 0.756224 0.075234
vt 0.732452 0.075234
vt 0.760711 0.058411
vt 0.740464 0.059228
vt 0.930264 0.025190
vt 0.925212 0.002868
vt 0.905145 0.022212
vt 0.902917 0.039720
vt 0.928956 0.038110
vt 0.930264 0.002336
vt 0.491796 0.171495
vt 0.470344 0.145131
vt 0.485240 0.144393
vt 0.467183 0.171495
vt 0.241112 0.000467
vt 0.217411 0.030374
vt 0.241112 0.018914
vt 0.218478 0.002389
vt 0.393036 0.844393
vt 0.403373 0.860280
vt 0.372379 0.847034
vt 0.387539 0.860280
vt 0.060620 0.184579
vt 0.030323 0.181776
vt 0.009572 0.184579
vt 0.026892 0.263084
vt 0.009572 0.236858
vt 0.026892 0.213551
vt 0.343209 0.616599
vt 0.345943 0.549065
vt 0.345943 0.642523
vt 0.640383 0.966822
vt 0.628117 0.964953
vt 0.600273 0.966822
vt 0.067844 0.978037
vt 0.068571 0.984456
vt 0.139015 0.997664
vt 0.041042 0.978459
vt 0.039654 0.997664
vt 0.705068 0.990187
vt 0.645852 0.996729
vt 0.736098 0.996729
vt 0.493619 0.497664
vt 0.583865 0.497664
vt 0.524127 0.473364
vt 0.077028 0.390187
vt 0.052416 0.317754
vt 0.077028 0.314486
vt 0.973108 0.724766
vt 0.963081 0.663395
vt 0.973108 0.640654
vt 0.866454 0.611144
vt 0.876318 0.634368
vt 0.872980 0.678972
vt 0.877393 0.653113
vt 0.877393 0.549065
vt 0.830590 0.514414
vt 0.838195 0.556542
vt 0.838195 0.489252
vt 0.829991 0.532939
vt 0.797174 0.529439
vt 0.797051 0.526636
vt 0.715132 0.529439
vt 0.003191 0.457477
vt 0.000456 0.457402
vt 0.003191 0.394860
vt 0.843665 0.516980
vt 0.853692 0.509813
vt 0.853692 0.532243
vt 0.137192 0.361299
vt 0.153601 0.352804
vt 0.153601 0.372430
vt 0.010483 0.416355
vt 0.010483 0.465888
vt 0.009572 0.442087
vt 0.973108 0.334341
vt 0.995898 0.276168
vt 0.995898 0.349065
vt 0.983578 0.280085
vt 0.912470 0.924370
vt 0.900182 0.865888
vt 0.926618 0.868323
vt 0.926618 0.926636
vt 0.132634 0.109813
vt 0.145234 0.103644
vt 0.170921 0.109813
vt 0.156340 0.102336
vt 0.119872 0.788318
vt 0.188241 0.788318
vt 0.182837 0.782710
vt 0.171832 0.044393
vt 0.150029 0.038785
vt 0.144485 0.044393
vt 0.293072 0.185514
vt 0.254691 0.183645
vt 0.199180 0.185514
vt 0.623975 0.387383
vt 0.623975 0.503271
vt 0.613036 0.457441
vt 0.876481 0.120459
vt 0.889243 0.029439
vt 0.889243 0.125701
vt 0.883774 0.529439
vt 0.883774 0.566822
vt 0.876481 0.530731
vt 0.797174 0.270561
vt 0.922060 0.270561
vt 0.854980 0.238785
vt 0.019599 0.084579
vt 0.001967 0.080638
vt 0.001367 0.084579
vt 0.014279 0.061215
vt 0.776231 0.892849
vt 0.775897 0.915219
vt 0.786485 0.892056
vt 0.792616 0.915421
vt 0.763446 0.915421
vt 0.763612 0.893879
vt 0.250223 0.784579
vt 0.248405 0.787383
vt 0.271194 0.787383
vt 0.593892 0.804206
vt 0.593892 0.827570
vt 0.584777 0.823187
vt 0.685050 0.058411
vt 0.685643 0.051084
vt 0.691431 0.058241
vt 0.691431 0.037850
vt 0.382107 0.683645
vt 0.355971 0.703271
vt 0.418870 0.703271
vt 0.481728 0.000467
vt 0.449863 0.003271
vt 0.482680 0.003271
vt 0.803555 0.633178
vt 0.801732 0.605795
vt 0.803555 0.591121
vt 0.938469 0.278037
vt 0.979490 0.278037
vt 0.944868 0.263084
vt 0.915679 0.705140
vt 0.915679 0.768692
vt 0.892890 0.738457
vt 0.571103 0.164953
vt 0.571103 0.206075
vt 0.559253 0.187280
vt 0.525524 0.507944
vt 0.646764 0.507944
vt 0.587232 0.505140
vt 0.974932 0.486449
vt 0.963081 0.568517
vt 0.974932 0.592991
vt 0.965449 0.497122
vt 0.995898 0.691122
vt 0.977666 0.683803
vt 0.995898 0.616355
vt 0.959435 0.713551
vt 0.957612 0.708683
vt 0.959435 0.644393
vt 0.960346 0.515421
vt 0.958523 0.407224
vt 0.960346 0.402336
vt 0.996809 0.149065
vt 0.996809 0.176168
vt 0.994986 0.156019
usemtl baked
f 341/341 343/343 344/344
f 1376/1376 1386/1386 1374/1374
f 1376/1376 1374/1374 1375/1375
f 1376/1376 1375/1375 1377/1377
f 1377/1377 1375/1375 1379/1379
f 1379/1379 1375/1375 1387/1387
f 1379/1379 1387/1387 1400/1400
f 1400/1400 1387/1387 1401/1401
f 1378/1378 1376/1376 1377/1377
f 1383/1383 1378/1378 1377/1377
f 1401/1401 1387/1387 1402/1402
f 1373/1373 1372/1372 1389/1389
f 1373/1373 1389/1389 1407/1407
f 1368/1368 1372/1372 1373/1373
f 1374/1374 1368/1368 1373/1373
f 1378/1378 1380/1380 1376/1376
f 1376/1376 1380/1380 1386/1386
f 1385/1385 1378/1378 1384/1384
f 1384/1384 1378/1378 1383/1383
f 992/992 993/993 988/988
f 988/988 993/993 990/990
f 983/983 981/981 988/988
f 974/974 992/992 981/981
f 992/992 988/988 981/981
f 974/974 981/981 975/975
f 975/975 981/981 978/978
f 983/983 988/988 989/989
f 984/984 982/982 986/986
f 978/978 982/982 984/984
f 981/981 983/983 982/982
f 978/978 981/981 982/982
f 993/993 995/995 990/990
f 988/988 990/990 989/989
f 990/990 991/991 989/989
f 973/973 972/972 974/974
f 973/973 974/974 975/975
f 973/973 975/975 976/976
f 976/976 975/975 977/977
f 985/985 984/984 986/986
f 985/985 986/986 987/987
f 977/977 975/975 978/978
f 977/977 978/978 984/984
f 958/958 970/970 961/961
f 944/944 955/955 954/954
f 954/954 955/955 958/958
f 944/944 967/967 955/955
f 967/967 968/968 955/955
f 968/968 970/970 955/955
f 968/968 971/971 970/970
f 969/969 967/967 944/944
f 1215/1215 1216/1216 1217/1217
f 958/958 955/955 970/970
f 977/977 984/984 980/980
f 1486/1486 1503/1503 1490/1490
f 1484/1484 1483/1483 1458/1458
f 1484/1484 1458/1458 1486/1486
f 1488/1488 1486/1486 1490/1490
f 1488/1488 1490/1490 1491/1491
f 1489/1489 1484/1484 1488/1488
f 1484/1484 1486/1486 1488/1488
f 1033/1033 1023/1023 1020/1020
f 1029/1029 1033/1033 1020/1020
f 1025/1025 1029/1029 1020/1020
f 1030/1030 1029/1029 1025/1025
f 1032/1032 1034/1034 1029/1029
f 1034/1034 1033/1033 1029/1029
f 1029/1029 1030/1030 1031/1031
f 1031/1031 1032/1032 1029/1029
f 1038/1038 1031/1031 1030/1030
f 1038/1038 1030/1030 1036/1036
f 1375/1375 1374/1374 1373/1373
f 1375/1375 1373/1373 1387/1387
f 1387/1387 1407/1407 1402/1402
f 1387/1387 1373/1373 1407/1407
f 1401/1401 1402/1402 1403/1403
f 1403/1403 1405/1405 1401/1401
f 1407/1407 1408/1408 1403/1403
f 1402/1402 1407/1407 1403/1403
f 1023/1023 1021/1021 1020/1020
f 1023/1023 1024/1024 1021/1021
f 1020/1020 1022/1022 1025/1025
f 1020/1020 1021/1021 1022/1022
f 1026/1026 1022/1022 1027/1027
f 1026/1026 1025/1025 1022/1022
f 1030/1030 1025/1025 1026/1026
f 1036/1036 1030/1030 1026/1026
f 1367/1367 1348/1348 1358/1358
f 1358/1358 1348/1348 1347/1347
f 1346/1346 1347/1347 1348/1348
f 1346/1346 1349/1349 1347/1347
f 1352/1352 1353/1353 1350/1350
f 1351/1351 1352/1352 1350/1350
f 1346/1346 1351/1351 1350/1350
f 1346/1346 1350/1350 1349/1349
f 1028/1028 1026/1026 1027/1027
f 1416/1416 1419/1419 1417/1417
f 1347/1347 1349/1349 1354/1354
f 1411/1411 1414/1414 1412/1412
f 1411/1411 1412/1412 1413/1413
f 1358/1358 1347/1347 1356/1356
f 1347/1347 1355/1355 1356/1356
f 1347/1347 1354/1354 1355/1355
f 1414/1414 1415/1415 1412/1412
f 1415/1415 1416/1416 1412/1412
f 1356/1356 1355/1355 1364/1364
f 1364/1364 1355/1355 1366/1366
f 7/7 8/8 9/9
f 1354/1354 1362/1362 1357/1357
f 1416/1416 1417/1417 1412/1412
f 1417/1417 1418/1418 1412/1412
f 1355/1355 1354/1354 1357/1357
f 1355/1355 1357/1357 1366/1366
f 1/1 2/2 3/3
f 1389/1389 1399/1399 1407/1407
f 1386/1386 1396/1396 1368/1368
f 1386/1386 1368/1368 1374/1374
f 1222/1222 1223/1223 1224/1224
f 1224/1224 1223/1223 1225/1225
f 568/568 567/567 569/569
f 97/97 98/98 99/99
f 740/740 754/754 755/755
f 755/755 754/754 756/756
f 622/622 621/621 623/623
f 627/627 623/623 624/624
f 642/642 627/627 624/624
f 623/623 621/621 624/624
f 627/627 654/654 655/655
f 642/642 624/624 641/641
f 624/624 640/640 641/641
f 624/624 621/621 630/630
f 630/630 640/640 624/624
f 654/654 627/627 642/642
f 656/656 654/654 657/657
f 657/657 641/641 643/643
f 659/659 657/657 643/643
f 657/657 642/642 641/641
f 654/654 642/642 657/657
f 640/640 630/630 631/631
f 640/640 631/631 644/644
f 640/640 644/644 643/643
f 641/641 640/640 643/643
f 631/631 617/617 632/632
f 630/630 617/617 631/631
f 635/635 637/637 636/636
f 633/633 635/635 636/636
f 634/634 635/635 633/633
f 632/632 634/634 633/633
f 656/656 657/657 658/658
f 349/349 345/345 354/354
f 354/354 345/345 347/347
f 1036/1036 1026/1026 1037/1037
f 1033/1033 1078/1078 1023/1023
f 1488/1488 1491/1491 1492/1492
f 1543/1543 1544/1544 1545/1545
f 1543/1543 1546/1546 1544/1544
f 1552/1552 1551/1551 1553/1553
f 1550/1550 1551/1551 1552/1552
f 1361/1361 1359/1359 1351/1351
f 1361/1361 1351/1351 1346/1346
f 1360/1360 1352/1352 1359/1359
f 1359/1359 1352/1352 1351/1351
f 1054/1054 1050/1050 1053/1053
f 1055/1055 1053/1053 1056/1056
f 1055/1055 1054/1054 1053/1053
f 1063/1063 1062/1062 1055/1055
f 1055/1055 1062/1062 1054/1054
f 1063/1063 1064/1064 1062/1062
f 1558/1558 1554/1554 1557/1557
f 1554/1554 1556/1556 1557/1557
f 1559/1559 1555/1555 1554/1554
f 1554/1554 1555/1555 1556/1556
f 1395/1395 1391/1391 1380/1380
f 1193/1193 1194/1194 1195/1195
f 1089/1089 1092/1092 1090/1090
f 1044/1044 1045/1045 1046/1046
f 1045/1045 1044/1044 1043/1043
f 1089/1089 1090/1090 1091/1091
f 1042/1042 1040/1040 1041/1041
f 1040/1040 1038/1038 1041/1041
f 1044/1044 1042/1042 1043/1043
f 877/877 878/878 879/879
f 877/877 879/879 880/880
f 1042/1042 1041/1041 1043/1043
f 1041/1041 1038/1038 1036/1036
f 1352/1352 1363/1363 1353/1353
f 1353/1353 1363/1363 1365/1365
f 1059/1059 1052/1052 1049/1049
f 1049/1049 1048/1048 1046/1046
f 1420/1420 1421/1421 1422/1422
f 1049/1049 1052/1052 1048/1048
f 1053/1053 1047/1047 1048/1048
f 1053/1053 1048/1048 1052/1052
f 1370/1370 1367/1367 1369/1369
f 1367/1367 1368/1368 1369/1369
f 1368/1368 1388/1388 1369/1369
f 1368/1368 1367/1367 1358/1358
f 1396/1396 1388/1388 1368/1368
f 1368/1368 1358/1358 1372/1372
f 50/50 51/51 52/52
f 1391/1391 1394/1394 1393/1393
f 1076/1076 1075/1075 1060/1060
f 1391/1391 1393/1393 1392/1392
f 1390/1390 1391/1391 1392/1392
f 1060/1060 1059/1059 1061/1061
f 1060/1060 1058/1058 1059/1059
f 1075/1075 1058/1058 1060/1060
f 1075/1075 1057/1057 1058/1058
f 1075/1075 1074/1074 1057/1057
f 1560/1560 1563/1563 1561/1561
f 1560/1560 1561/1561 1562/1562
f 1567/1567 1565/1565 1564/1564
f 1564/1564 1565/1565 1566/1566
f 1569/1569 1571/1571 1570/1570
f 1568/1568 1569/1569 1570/1570
f 1047/1047 1053/1053 1050/1050
f 916/916 917/917 918/918
f 781/781 778/778 777/777
f 28/28 29/29 30/30
f 780/780 777/777 779/779
f 1572/1572 1573/1573 1574/1574
f 777/777 778/778 779/779
f 1398/1398 1361/1361 1348/1348
f 1547/1547 1548/1548 1549/1549
f 1361/1361 1346/1346 1348/1348
f 1421/1421 1423/1423 1422/1422
f 1370/1370 1398/1398 1367/1367
f 121/121 122/122 123/123
f 1371/1371 1398/1398 1370/1370
f 1398/1398 1348/1348 1367/1367
f 1410/1410 1409/1409 1371/1371
f 1371/1371 1409/1409 1398/1398
f 1059/1059 1049/1049 1061/1061
f 1061/1061 1049/1049 1070/1070
f 1058/1058 1057/1057 1052/1052
f 1058/1058 1052/1052 1059/1059
f 249/249 248/248 254/254
f 253/253 249/249 254/254
f 253/253 254/254 272/272
f 255/255 253/253 272/272
f 1388/1388 1371/1371 1369/1369
f 1371/1371 1370/1370 1369/1369
f 1385/1385 1395/1395 1380/1380
f 1385/1385 1380/1380 1378/1378
f 1390/1390 1392/1392 1410/1410
f 1390/1390 1410/1410 1396/1396
f 1396/1396 1410/1410 1388/1388
f 1388/1388 1410/1410 1371/1371
f 1390/1390 1396/1396 1386/1386
f 1380/1380 1391/1391 1390/1390
f 820/820 821/821 822/822
f 821/821 823/823 822/822
f 1380/1380 1390/1390 1386/1386
f 1056/1056 1052/1052 1057/1057
f 1056/1056 1053/1053 1052/1052
f 605/605 588/588 628/628
f 607/607 588/588 605/605
f 607/607 605/605 604/604
f 980/980 984/984 985/985
f 605/605 628/628 638/638
f 1575/1575 1576/1576 1577/1577
f 115/115 116/116 117/117
f 1199/1199 1200/1200 1201/1201
f 638/638 634/634 632/632
f 617/617 638/638 632/632
f 118/118 119/119 120/120
f 617/617 605/605 638/638
f 606/606 605/605 617/617
f 112/112 113/113 114/114
f 675/675 674/674 634/634
f 638/638 675/675 634/634
f 634/634 674/674 635/635
f 674/674 676/676 635/635
f 1510/1510 1511/1511 1512/1512
f 1448/1448 1449/1449 1450/1450
f 1526/1526 1527/1527 1528/1528
f 1478/1478 1480/1480 1450/1450
f 1449/1449 1478/1478 1450/1450
f 1578/1578 1579/1579 1580/1580
f 1450/1450 1451/1451 1448/1448
f 133/133 132/132 131/131
f 134/134 133/133 131/131
f 943/943 944/944 954/954
f 942/942 944/944 943/943
f 938/938 941/941 943/943
f 941/941 942/942 943/943
f 1228/1228 1229/1229 1230/1230
f 941/941 945/945 942/942
f 1581/1581 1582/1582 1583/1583
f 960/960 958/958 961/961
f 959/959 958/958 960/960
f 954/954 958/958 957/957
f 957/957 958/958 959/959
f 943/943 954/954 956/956
f 954/954 957/957 956/956
f 1118/1118 1119/1119 1120/1120
f 1086/1086 1087/1087 1088/1088
f 938/938 956/956 937/937
f 948/948 928/928 930/930
f 927/927 928/928 929/929
f 66/66 67/67 68/68
f 930/930 928/928 927/927
f 927/927 931/931 930/930
f 928/928 949/949 946/946
f 947/947 928/928 946/946
f 948/948 949/949 928/928
f 132/132 141/141 144/144
f 534/534 535/535 536/536
f 930/930 934/934 948/948
f 934/934 930/930 933/933
f 932/932 930/930 931/931
f 932/932 933/933 930/930
f 931/931 927/927 936/936
f 939/939 931/931 936/936
f 940/940 932/932 939/939
f 932/932 931/931 939/939
f 935/935 927/927 929/929
f 936/936 927/927 935/935
f 850/850 853/853 852/852
f 1107/1107 1108/1108 1109/1109
f 1108/1108 1110/1110 1109/1109
f 1337/1337 1338/1338 1339/1339
f 849/849 851/851 853/853
f 231/231 234/234 233/233
f 848/848 851/851 849/849
f 234/234 256/256 255/255
f 514/514 512/512 511/511
f 1584/1584 1585/1585 1586/1586
f 1589/1589 1590/1590 1591/1591
f 1592/1592 1593/1593 1594/1594
f 1587/1587 1588/1588 1585/1585
f 1584/1584 1587/1587 1585/1585
f 699/699 702/702 700/700
f 702/702 703/703 700/700
f 1595/1595 1596/1596 1597/1597
f 236/236 237/237 238/238
f 236/236 239/239 251/251
f 252/252 236/236 251/251
f 236/236 238/238 239/239
f 1157/1157 1154/1154 1156/1156
f 241/241 237/237 240/240
f 240/240 237/237 236/236
f 240/240 252/252 257/257
f 240/240 236/236 252/252
f 258/258 240/240 257/257
f 271/271 240/240 258/258
f 262/262 263/263 261/261
f 261/261 260/260 262/262
f 261/261 258/258 260/260
f 260/260 258/258 257/257
f 252/252 251/251 256/256
f 1155/1155 1159/1159 1158/1158
f 1156/1156 1155/1155 1158/1158
f 1154/1154 1155/1155 1156/1156
f 262/262 227/227 225/225
f 262/262 235/235 227/227
f 260/260 257/257 259/259
f 252/252 259/259 257/257
f 259/259 252/252 256/256
f 235/235 256/256 234/234
f 235/235 260/260 259/259
f 262/262 260/260 235/235
f 235/235 259/259 256/256
f 1606/1606 1607/1607 1608/1608
f 1601/1601 1602/1602 1603/1603
f 1603/1603 1602/1602 1604/1604
f 243/243 242/242 250/250
f 1085/1085 1082/1082 1084/1084
f 699/699 698/698 706/706
f 705/705 699/699 706/706
f 707/707 702/702 705/705
f 705/705 702/702 699/699
f 698/698 699/699 700/700
f 698/698 700/700 701/701
f 1150/1150 1151/1151 1152/1152
f 1150/1150 1152/1152 1153/1153
f 431/431 432/432 429/429
f 432/432 433/433 429/429
f 426/426 431/431 429/429
f 426/426 429/429 428/428
f 227/227 235/235 234/234
f 426/426 428/428 427/427
f 425/425 426/426 427/427
f 227/227 234/234 231/231
f 684/684 683/683 687/687
f 702/702 704/704 703/703
f 533/533 530/530 532/532
f 530/530 531/531 532/532
f 1093/1093 1097/1097 1094/1094
f 1097/1097 1098/1098 1094/1094
f 256/256 251/251 255/255
f 255/255 251/251 253/253
f 511/511 512/512 513/513
f 852/852 854/854 842/842
f 202/202 204/204 200/200
f 202/202 200/200 196/196
f 201/201 195/195 200/200
f 200/200 195/195 196/196
f 330/330 332/332 333/333
f 660/660 657/657 659/659
f 658/658 657/657 660/660
f 203/203 196/196 192/192
f 203/203 202/202 196/196
f 199/199 203/203 192/192
f 199/199 192/192 194/194
f 196/196 195/195 192/192
f 192/192 193/193 194/194
f 333/333 332/332 334/334
f 109/109 110/110 111/111
f 329/329 332/332 330/330
f 328/328 329/329 330/330
f 195/195 193/193 192/192
f 383/383 388/388 386/386
f 388/388 334/334 386/386
f 265/265 263/263 267/267
f 683/683 684/684 685/685
f 683/683 685/685 686/686
f 224/224 267/267 263/263
f 205/205 206/206 207/207
f 207/207 206/206 209/209
f 1093/1093 1094/1094 1095/1095
f 1096/1096 1093/1093 1095/1095
f 293/293 296/296 301/301
f 1196/1196 1197/1197 1198/1198
f 302/302 293/293 301/301
f 302/302 301/301 303/303
f 795/795 797/797 796/796
f 794/794 795/795 796/796
f 1616/1616 1617/1617 1618/1618
f 1619/1619 1620/1620 1621/1621
f 1318/1318 1319/1319 1317/1317
f 205/205 210/210 208/208
f 268/268 266/266 267/267
f 205/205 208/208 206/206
f 266/266 265/265 267/267
f 1317/1317 1319/1319 1327/1327
f 1112/1112 1115/1115 1113/1113
f 1613/1613 1614/1614 1615/1615
f 1598/1598 1599/1599 1600/1600
f 1610/1610 1611/1611 1612/1612
f 1601/1601 1605/1605 1602/1602
f 1606/1606 1609/1609 1607/1607
f 702/702 707/707 708/708
f 704/704 702/702 708/708
f 1279/1279 1278/1278 1280/1280
f 1279/1279 1280/1280 1281/1281
f 1276/1276 1273/1273 1272/1272
f 1272/1272 1273/1273 1274/1274
f 1277/1277 1272/1272 1275/1275
f 1279/1279 1276/1276 1278/1278
f 1278/1278 1276/1276 1272/1272
f 1272/1272 1274/1274 1275/1275
f 1298/1298 1274/1274 1297/1297
f 889/889 883/883 884/884
f 884/884 883/883 882/882
f 881/881 882/882 883/883
f 1234/1234 1235/1235 1236/1236
f 1334/1334 1335/1335 1336/1336
f 882/882 885/885 884/884
f 1282/1282 1287/1287 1284/1284
f 1329/1329 1287/1287 1282/1282
f 347/347 348/348 394/394
f 609/609 622/622 671/671
f 585/585 584/584 587/587
f 608/608 587/587 607/607
f 608/608 607/607 604/604
f 587/587 588/588 607/607
f 587/587 584/584 588/588
f 606/606 617/617 621/621
f 621/621 617/617 630/630
f 609/609 604/604 622/622
f 603/603 602/602 609/609
f 621/621 604/604 606/606
f 622/622 604/604 621/621
f 608/608 604/604 609/609
f 609/609 602/602 608/608
f 604/604 605/605 606/606
f 594/594 593/593 595/595
f 596/596 595/595 593/593
f 1622/1622 1623/1623 1624/1624
f 597/597 595/595 596/596
f 598/598 595/595 597/597
f 597/597 596/596 616/616
f 612/612 610/610 581/581
f 611/611 610/610 612/612
f 355/355 346/346 345/345
f 355/355 345/345 350/350
f 593/593 594/594 591/591
f 593/593 591/591 592/592
f 591/591 589/589 590/590
f 592/592 591/591 590/590
f 345/345 346/346 347/347
f 346/346 348/348 347/347
f 581/581 601/601 600/600
f 586/586 583/583 585/585
f 583/583 582/582 585/585
f 589/589 583/583 586/586
f 610/610 590/590 586/586
f 610/610 586/586 601/601
f 589/589 586/586 590/590
f 592/592 590/590 610/610
f 592/592 610/610 611/611
f 615/615 596/596 613/613
f 613/613 596/596 593/593
f 585/585 608/608 602/602
f 585/585 587/587 608/608
f 586/586 585/585 601/601
f 601/601 585/585 602/602
f 582/582 584/584 585/585
f 615/615 614/614 619/619
f 600/600 602/602 603/603
f 601/601 602/602 600/600
f 615/615 613/613 614/614
f 614/614 613/613 611/611
f 614/614 611/611 612/612
f 610/610 601/601 581/581
f 613/613 593/593 611/611
f 611/611 593/593 592/592
f 616/616 596/596 615/615
f 396/396 367/367 342/342
f 341/341 396/396 342/342
f 341/341 342/342 343/343
f 342/342 375/375 384/384
f 1206/1206 1207/1207 1208/1208
f 367/367 366/366 342/342
f 366/366 375/375 342/342
f 622/622 623/623 627/627
f 671/671 627/627 655/655
f 393/393 394/394 395/395
f 671/671 622/622 627/627
f 357/357 393/393 395/395
f 773/773 774/774 775/775
f 775/775 774/774 776/776
f 411/411 412/412 413/413
f 414/414 412/412 411/411
f 397/397 398/398 361/361
f 403/403 401/401 371/371
f 403/403 371/371 368/368
f 399/399 400/400 365/365
f 399/399 365/365 364/364
f 400/400 403/403 365/365
f 403/403 368/368 365/365
f 649/649 626/626 625/625
f 649/649 625/625 645/645
f 645/645 625/625 579/579
f 626/626 619/619 614/614
f 626/626 614/614 625/625
f 648/648 649/649 645/645
f 647/647 648/648 645/645
f 625/625 580/580 579/579
f 648/648 647/647 653/653
f 653/653 647/647 650/650
f 650/650 647/647 646/646
f 650/650 646/646 651/651
f 667/667 653/653 650/650
f 668/668 653/653 667/667
f 645/645 579/579 646/646
f 645/645 646/646 647/647
f 577/577 575/575 571/571
f 577/577 571/571 652/652
f 578/578 575/575 577/577
f 63/63 64/64 65/65
f 579/579 578/578 577/577
f 580/580 578/578 579/579
f 579/579 577/577 646/646
f 652/652 646/646 577/577
f 106/106 107/107 108/108
f 646/646 652/652 651/651
f 651/651 652/652 570/570
f 650/650 651/651 666/666
f 650/650 666/666 667/667
f 666/666 651/651 572/572
f 651/651 570/570 572/572
f 570/570 571/571 572/572
f 370/370 390/390 389/389
f 370/370 389/389 369/369
f 371/371 373/373 372/372
f 370/370 369/369 371/371
f 371/371 369/369 368/368
f 372/372 370/370 371/371
f 365/365 368/368 362/362
f 368/368 369/369 362/362
f 377/377 372/372 374/374
f 374/374 372/372 373/373
f 366/366 367/367 358/358
f 361/361 358/358 367/367
f 396/396 397/397 367/367
f 397/397 361/361 367/367
f 398/398 360/360 361/361
f 402/402 404/404 373/373
f 404/404 374/374 373/373
f 359/359 358/358 360/360
f 361/361 360/360 358/358
f 398/398 399/399 364/364
f 398/398 364/364 360/360
f 401/401 373/373 371/371
f 401/401 402/402 373/373
f 364/364 363/363 359/359
f 364/364 359/359 360/360
f 357/357 354/354 393/393
f 354/354 347/347 393/393
f 393/393 347/347 394/394
f 358/358 353/353 356/356
f 356/356 357/357 366/366
f 358/358 356/356 366/366
f 366/366 357/357 376/376
f 366/366 376/376 375/375
f 384/384 383/383 385/385
f 383/383 386/386 385/385
f 375/375 376/376 383/383
f 375/375 383/383 384/384
f 351/351 349/349 352/352
f 352/352 349/349 353/353
f 362/362 352/352 363/363
f 369/369 389/389 362/362
f 362/362 392/392 352/352
f 389/389 392/392 362/362
f 359/359 353/353 358/358
f 363/363 352/352 359/359
f 352/352 353/353 359/359
f 365/365 362/362 364/364
f 364/364 362/362 363/363
f 580/580 614/614 612/612
f 625/625 614/614 580/580
f 580/580 581/581 578/578
f 580/580 612/612 581/581
f 34/34 35/35 36/36
f 571/571 575/575 573/573
f 575/575 576/576 573/573
f 581/581 600/600 576/576
f 575/575 581/581 576/576
f 571/571 573/573 572/572
f 572/572 573/573 574/574
f 376/376 387/387 383/383
f 387/387 388/388 383/383
f 376/376 357/357 387/387
f 353/353 354/354 356/356
f 357/357 356/356 354/354
f 353/353 349/349 354/354
f 349/349 350/350 345/345
f 351/351 350/350 349/349
f 744/744 737/737 722/722
f 744/744 722/722 723/723
f 510/510 507/507 509/509
f 1625/1625 1626/1626 1627/1627
f 1628/1628 1626/1626 1625/1625
f 1632/1632 1629/1629 1631/1631
f 1629/1629 1630/1630 1631/1631
f 899/899 902/902 900/900
f 807/807 805/805 804/804
f 1266/1266 1267/1267 1268/1268
f 804/804 805/805 806/806
f 276/276 277/277 278/278
f 276/276 278/278 279/279
f 723/723 722/722 769/769
f 723/723 769/769 770/770
f 724/724 726/726 754/754
f 740/740 724/724 754/754
f 743/743 742/742 771/771
f 743/743 741/741 742/742
f 729/729 740/740 741/741
f 724/724 740/740 729/729
f 741/741 740/740 742/742
f 740/740 755/755 742/742
f 1224/1224 1225/1225 1226/1226
f 1224/1224 1226/1226 1227/1227
f 1633/1633 1634/1634 1635/1635
f 1634/1634 1636/1636 1635/1635
f 1637/1637 1638/1638 1639/1639
f 910/910 911/911 912/912
f 547/547 548/548 545/545
f 324/324 317/317 308/308
f 326/326 317/317 324/324
f 544/544 545/545 546/546
f 547/547 545/545 544/544
f 749/749 750/750 748/748
f 744/744 723/723 750/750
f 744/744 750/750 749/749
f 551/551 552/552 548/548
f 547/547 551/551 548/548
f 314/314 312/312 311/311
f 312/312 292/292 311/311
f 745/745 749/749 748/748
f 273/273 274/274 275/275
f 812/812 813/813 814/814
f 465/465 466/466 467/467
f 181/181 182/182 178/178
f 181/181 178/178 177/177
f 745/745 748/748 746/746
f 745/745 746/746 747/747
f 1640/1640 1641/1641 1642/1642
f 899/899 900/900 901/901
f 183/183 184/184 185/185
f 186/186 183/183 185/185
f 472/472 469/469 468/468
f 468/468 469/469 470/470
f 736/736 732/732 737/737
f 473/473 472/472 468/468
f 736/736 737/737 744/744
f 475/475 472/472 473/473
f 1643/1643 1644/1644 1645/1645
f 840/840 839/839 838/838
f 1141/1141 1142/1142 1143/1143
f 735/735 734/734 733/733
f 734/734 730/730 733/733
f 733/733 732/732 736/736
f 803/803 799/799 798/798
f 798/798 799/799 800/800
f 730/730 732/732 733/733
f 799/799 801/801 800/800
f 801/801 799/799 802/802
f 474/474 471/471 469/469
f 469/469 471/471 470/470
f 72/72 73/73 74/74
f 316/316 313/313 315/315
f 319/319 316/316 315/315
f 319/319 315/315 318/318
f 315/315 313/313 314/314
f 313/313 312/312 314/314
f 315/315 314/314 317/317
f 318/318 315/315 317/317
f 318/318 317/317 326/326
f 325/325 318/318 326/326
f 317/317 314/314 311/311
f 317/317 311/311 308/308
f 238/238 242/242 243/243
f 238/238 237/237 242/242
f 1082/1082 1083/1083 1084/1084
f 296/296 293/293 295/295
f 1178/1178 1179/1179 1180/1180
f 296/296 325/325 326/326
f 296/296 326/326 327/327
f 245/245 247/247 248/248
f 249/249 245/245 248/248
f 243/243 244/244 238/238
f 245/245 238/238 244/244
f 1175/1175 1176/1176 1177/1177
f 239/239 245/245 249/249
f 244/244 246/246 245/245
f 247/247 245/245 246/246
f 16/16 17/17 18/18
f 1646/1646 1647/1647 1648/1648
f 187/187 190/190 188/188
f 187/187 188/188 189/189
f 191/191 187/187 189/189
f 46/46 49/49 47/47
f 46/46 47/47 48/48
f 1108/1108 1111/1111 1110/1110
f 1257/1257 1258/1258 1259/1259
f 251/251 239/239 249/249
f 251/251 249/249 253/253
f 292/292 290/290 309/309
f 292/292 309/309 311/311
f 311/311 309/309 308/308
f 308/308 309/309 310/310
f 812/812 814/814 815/815
f 494/494 495/495 496/496
f 172/172 173/173 174/174
f 177/177 178/178 179/179
f 179/179 178/178 180/180
f 176/176 173/173 175/175
f 173/173 172/172 175/175
f 1074/1074 1073/1073 1057/1057
f 1073/1073 1056/1056 1057/1057
f 729/729 741/741 751/751
f 741/741 743/743 751/751
f 310/310 309/309 320/320
f 310/310 320/320 321/321
f 322/322 310/310 321/321
f 323/323 310/310 322/322
f 407/407 408/408 409/409
f 409/409 408/408 410/410
f 816/816 813/813 812/812
f 507/507 508/508 509/509
f 309/309 287/287 320/320
f 290/290 287/287 309/309
f 310/310 323/323 324/324
f 310/310 324/324 308/308
f 1538/1538 1539/1539 1540/1540
f 1468/1468 1497/1497 1465/1465
f 1542/1542 1541/1541 1538/1538
f 1538/1538 1541/1541 1539/1539
f 848/848 849/849 850/850
f 165/165 164/164 166/166
f 164/164 171/171 166/166
f 1138/1138 1139/1139 1140/1140
f 40/40 41/41 42/42
f 1649/1649 1650/1650 1651/1651
f 690/690 689/689 691/691
f 688/688 689/689 690/690
f 848/848 850/850 841/841
f 497/497 498/498 499/499
f 43/43 44/44 45/45
f 850/850 852/852 841/841
f 841/841 852/852 842/842
f 845/845 844/844 846/846
f 844/844 845/845 843/843
f 4/4 5/5 6/6
f 1397/1397 1385/1385 1384/1384
f 841/841 842/842 843/843
f 842/842 844/844 843/843
f 855/855 851/851 848/848
f 790/790 793/793 791/791
f 790/790 791/791 792/792
f 1309/1309 1308/1308 1315/1315
f 1315/1315 1312/1312 1309/1309
f 230/230 231/231 232/232
f 232/232 231/231 233/233
f 526/526 527/527 528/528
f 1117/1117 1112/1112 1116/1116
f 1112/1112 1114/1114 1116/1116
f 692/692 693/693 689/689
f 688/688 692/692 689/689
f 167/167 163/163 165/165
f 163/163 164/164 165/165
f 1492/1492 1491/1491 1493/1493
f 31/31 32/32 33/33
f 1246/1246 1247/1247 1248/1248
f 1249/1249 1246/1246 1248/1248
f 1250/1250 1248/1248 1244/1244
f 1250/1250 1249/1249 1248/1248
f 1243/1243 1250/1250 1244/1244
f 1243/1243 1244/1244 1245/1245
f 372/372 390/390 370/370
f 391/391 390/390 372/372
f 137/137 145/145 146/146
f 664/664 616/616 620/620
f 665/665 616/616 664/664
f 127/127 145/145 137/137
f 663/663 664/664 620/620
f 129/129 145/145 127/127
f 380/380 378/378 379/379
f 405/405 380/380 379/379
f 382/382 381/381 377/377
f 374/374 382/382 377/377
f 379/379 378/378 377/377
f 381/381 379/379 377/377
f 786/786 787/787 788/788
f 1131/1131 1132/1132 1133/1133
f 377/377 378/378 372/372
f 378/378 391/391 372/372
f 404/404 382/382 374/374
f 406/406 382/382 404/404
f 1504/1504 1502/1502 1505/1505
f 136/136 137/137 138/138
f 616/616 618/618 597/597
f 618/618 616/616 665/665
f 599/599 598/598 597/597
f 618/618 599/599 597/597
f 665/665 599/599 618/618
f 599/599 665/665 677/677
f 1490/1490 1495/1495 1491/1491
f 1491/1491 1495/1495 1494/1494
f 1491/1491 1494/1494 1493/1493
f 670/670 663/663 669/669
f 663/663 629/629 669/669
f 620/620 619/619 629/629
f 663/663 620/620 629/629
f 670/670 669/669 668/668
f 380/380 391/391 378/378
f 616/616 615/615 619/619
f 619/619 620/620 616/616
f 1486/1486 1458/1458 1503/1503
f 135/135 127/127 137/137
f 136/136 135/135 137/137
f 1358/1358 1389/1389 1372/1372
f 1358/1358 1356/1356 1389/1389
f 1356/1356 1364/1364 1389/1389
f 1364/1364 1399/1399 1389/1389
f 1364/1364 1366/1366 1399/1399
f 464/464 461/461 463/463
f 398/398 397/397 396/396
f 1357/1357 1362/1362 1366/1366
f 461/461 462/462 463/463
f 1296/1296 1312/1312 1295/1295
f 845/845 847/847 856/856
f 845/845 846/846 847/847
f 1652/1652 1653/1653 1654/1654
f 1289/1289 1277/1277 1291/1291
f 1291/1291 1277/1277 1296/1296
f 1377/1377 1379/1379 1381/1381
f 1404/1404 1405/1405 1406/1406
f 1404/1404 1401/1401 1405/1405
f 1382/1382 1377/1377 1381/1381
f 817/817 818/818 819/819
f 833/833 834/834 835/835
f 1295/1295 1325/1325 1294/1294
f 1294/1294 1325/1325 1326/1326
f 1293/1293 1294/1294 1326/1326
f 1400/1400 1401/1401 1404/1404
f 10/10 11/11 12/12
f 1272/1272 1277/1277 1278/1278
f 1278/1278 1277/1277 1289/1289
f 1290/1290 1291/1291 1292/1292
f 1293/1293 1292/1292 1291/1291
f 1291/1291 1294/1294 1293/1293
f 1296/1296 1295/1295 1291/1291
f 1291/1291 1295/1295 1294/1294
f 1290/1290 1289/1289 1291/1291
f 1187/1187 1188/1188 1189/1189
f 488/488 489/489 490/490
f 1427/1427 1428/1428 1424/1424
f 1427/1427 1424/1424 1426/1426
f 217/217 222/222 223/223
f 1655/1655 1656/1656 1657/1657
f 504/504 505/505 506/506
f 304/304 316/316 319/319
f 307/307 316/316 304/304
f 215/215 212/212 217/217
f 212/212 222/222 217/217
f 304/304 319/319 297/297
f 297/297 319/319 295/295
f 1658/1658 1661/1661 1659/1659
f 1658/1658 1659/1659 1660/1660
f 1438/1438 1424/1424 1439/1439
f 1443/1443 1442/1442 1444/1444
f 1443/1443 1441/1441 1442/1442
f 306/306 304/304 305/305
f 1441/1441 1440/1440 1439/1439
f 1441/1441 1439/1439 1442/1442
f 1438/1438 1439/1439 1440/1440
f 1662/1662 1663/1663 1664/1664
f 1664/1664 1663/1663 1665/1665
f 1662/1662 1666/1666 1663/1663
f 1251/1251 1252/1252 1253/1253
f 857/857 860/860 858/858
f 857/857 858/858 859/859
f 304/304 297/297 300/300
f 307/307 304/304 306/306
f 218/218 215/215 219/219
f 218/218 212/212 215/215
f 521/521 520/520 523/523
f 305/305 304/304 300/300
f 520/520 521/521 522/522
f 524/524 520/520 522/522
f 525/525 520/520 524/524
f 1668/1668 1669/1669 1670/1670
f 1148/1148 1146/1146 1149/1149
f 1671/1671 1672/1672 1673/1673
f 1263/1263 1264/1264 1265/1265
f 764/764 763/763 759/759
f 764/764 759/759 766/766
f 1148/1148 1144/1144 1146/1146
f 1435/1435 1434/1434 1430/1430
f 1434/1434 1433/1433 1430/1430
f 1434/1434 1437/1437 1433/1433
f 1430/1430 1436/1436 1435/1435
f 1429/1429 1436/1436 1430/1430
f 1144/1144 1145/1145 1146/1146
f 1146/1146 1145/1145 1147/1147
f 1430/1430 1431/1431 1425/1425
f 1429/1429 1430/1430 1425/1425
f 1674/1674 1675/1675 1676/1676
f 1676/1676 1675/1675 1677/1677
f 678/678 679/679 680/680
f 682/682 680/680 679/679
f 87/87 88/88 89/89
f 88/88 90/90 89/89
f 1430/1430 1433/1433 1432/1432
f 1134/1134 1135/1135 1136/1136
f 1136/1136 1135/1135 1137/1137
f 1213/1213 1211/1211 1214/1214
f 1209/1209 1211/1211 1213/1213
f 1430/1430 1432/1432 1431/1431
f 764/764 765/765 763/763
f 1127/1127 1128/1128 1129/1129
f 293/293 294/294 295/295
f 295/295 294/294 297/297
f 453/453 452/452 450/450
f 442/442 446/446 440/440
f 1678/1678 1679/1679 1680/1680
f 450/450 452/452 448/448
f 444/444 446/446 442/442
f 1681/1681 1682/1682 1683/1683
f 445/445 447/447 446/446
f 444/444 445/445 446/446
f 1340/1340 1341/1341 1342/1342
f 1340/1340 1343/1343 1341/1341
f 448/448 449/449 450/450
f 449/449 448/448 451/451
f 440/440 443/443 441/441
f 440/440 441/441 442/442
f 1344/1344 1345/1345 1343/1343
f 1344/1344 1343/1343 1340/1340
f 100/100 101/101 102/102
f 1104/1104 1105/1105 1106/1106
f 1424/1424 1425/1425 1426/1426
f 1445/1445 1446/1446 1447/1447
f 1424/1424 1429/1429 1425/1425
f 69/69 70/70 71/71
f 75/75 76/76 77/77
f 1209/1209 1210/1210 1211/1211
f 1212/1212 1210/1210 1209/1209
f 765/765 762/762 763/763
f 772/772 762/762 765/765
f 1124/1124 1122/1122 1121/1121
f 1121/1121 1122/1122 1123/1123
f 763/763 762/762 759/759
f 761/761 759/759 762/762
f 1129/1129 1128/1128 1130/1130
f 295/295 319/319 325/325
f 319/319 318/318 325/325
f 1662/1662 1667/1667 1666/1666
f 1436/1436 1429/1429 1438/1438
f 1438/1438 1429/1429 1424/1424
f 103/103 104/104 105/105
f 679/679 678/678 681/681
f 213/213 212/212 214/214
f 214/214 212/212 215/215
f 555/555 557/557 559/559
f 297/297 299/299 300/300
f 961/961 976/976 962/962
f 961/961 962/962 960/960
f 976/976 961/961 973/973
f 582/582 583/583 584/584
f 937/937 929/929 938/938
f 935/935 929/929 937/937
f 929/929 941/941 938/938
f 947/947 941/941 929/929
f 951/951 963/963 945/945
f 946/946 951/951 945/945
f 84/84 85/85 86/86
f 946/946 945/945 941/941
f 947/947 946/946 941/941
f 873/873 874/874 875/875
f 875/875 874/874 876/876
f 264/264 263/263 265/265
f 261/261 264/264 269/269
f 269/269 258/258 261/261
f 264/264 261/261 263/263
f 269/269 270/270 258/258
f 270/270 271/271 258/258
f 971/971 972/972 970/970
f 970/970 972/972 973/973
f 968/968 1001/1001 971/971
f 1002/1002 1001/1001 968/968
f 1003/1003 1002/1002 967/967
f 967/967 1002/1002 968/968
f 1254/1254 1253/1253 1255/1255
f 1004/1004 1015/1015 999/999
f 1002/1002 1004/1004 999/999
f 1002/1002 999/999 1001/1001
f 972/972 1001/1001 979/979
f 971/971 1001/1001 972/972
f 1005/1005 1018/1018 1004/1004
f 1251/1251 1253/1253 1254/1254
f 60/60 61/61 62/62
f 974/974 979/979 992/992
f 972/972 979/979 974/974
f 997/997 1000/1000 996/996
f 997/997 996/996 993/993
f 997/997 993/993 992/992
f 997/997 992/992 979/979
f 997/997 999/999 1015/1015
f 1015/1015 1000/1000 997/997
f 1001/1001 999/999 979/979
f 979/979 999/999 997/997
f 987/987 986/986 994/994
f 1112/1112 1113/1113 1114/1114
f 537/537 539/539 540/540
f 266/266 264/264 265/265
f 537/537 538/538 539/539
f 538/538 541/541 539/539
f 538/538 542/542 541/541
f 970/970 973/973 961/961
f 996/996 995/995 993/993
f 991/991 990/990 998/998
f 995/995 998/998 990/990
f 160/160 156/156 158/158
f 1237/1237 1238/1238 1239/1239
f 1172/1172 1173/1173 1174/1174
f 280/280 283/283 281/281
f 1011/1011 1013/1013 1010/1010
f 1014/1014 1013/1013 1011/1011
f 1535/1535 1533/1533 1536/1536
f 282/282 284/284 280/280
f 280/280 281/281 282/282
f 965/965 1014/1014 1011/1011
f 1003/1003 1004/1004 1002/1002
f 1003/1003 1005/1005 1004/1004
f 1003/1003 1006/1006 1005/1005
f 1006/1006 1007/1007 1005/1005
f 963/963 1007/1007 1006/1006
f 1008/1008 1007/1007 963/963
f 1009/1009 1008/1008 951/951
f 963/963 951/951 1008/1008
f 950/950 1010/1010 951/951
f 951/951 1010/1010 1009/1009
f 952/952 1011/1011 950/950
f 950/950 1011/1011 1010/1010
f 953/953 965/965 952/952
f 952/952 965/965 1011/1011
f 132/132 133/133 140/140
f 132/132 140/140 141/141
f 1231/1231 1232/1232 1233/1233
f 1007/1007 1017/1017 1005/1005
f 1256/1256 1252/1252 1251/1251
f 1007/1007 1008/1008 1016/1016
f 1016/1016 1017/1017 1007/1007
f 1009/1009 1012/1012 1008/1008
f 1012/1012 1016/1016 1008/1008
f 1010/1010 1013/1013 1012/1012
f 1010/1010 1012/1012 1009/1009
f 417/417 416/416 419/419
f 416/416 420/420 419/419
f 415/415 417/417 418/418
f 415/415 416/416 417/417
f 555/555 556/556 557/557
f 557/557 556/556 558/558
f 541/541 542/542 543/543
f 861/861 862/862 863/863
f 864/864 862/862 861/861
f 945/945 963/963 969/969
f 963/963 1006/1006 969/969
f 969/969 1006/1006 1003/1003
f 969/969 1003/1003 967/967
f 964/964 953/953 934/934
f 966/966 964/964 934/934
f 950/950 951/951 946/946
f 949/949 950/950 946/946
f 1684/1684 1685/1685 1686/1686
f 952/952 950/950 948/948
f 948/948 950/950 949/949
f 953/953 952/952 948/948
f 934/934 953/953 948/948
f 953/953 964/964 965/965
f 1477/1477 1476/1476 1479/1479
f 133/133 142/142 140/140
f 142/142 143/143 140/140
f 824/824 825/825 826/826
f 907/907 908/908 909/909
f 281/281 283/283 285/285
f 281/281 285/285 286/286
f 709/709 710/710 711/711
f 709/709 711/711 712/712
f 976/976 977/977 980/980
f 962/962 976/976 980/980
f 962/962 980/980 985/985
f 298/298 299/299 297/297
f 294/294 298/298 297/297
f 288/288 290/290 291/291
f 291/291 290/290 292/292
f 1079/1079 1080/1080 1081/1081
f 19/19 20/20 21/21
f 421/421 422/422 423/423
f 421/421 423/423 424/424
f 896/896 897/897 898/898
f 721/721 722/722 723/723
f 290/290 288/288 287/287
f 287/287 288/288 289/289
f 1288/1288 1308/1308 1275/1275
f 1275/1275 1308/1308 1309/1309
f 439/439 437/437 436/436
f 1269/1269 1270/1270 1271/1271
f 436/436 437/437 438/438
f 1288/1288 1271/1271 1308/1308
f 1271/1271 1324/1324 1308/1308
f 1324/1324 1316/1316 1308/1308
f 1308/1308 1316/1316 1315/1315
f 1284/1284 1285/1285 1273/1273
f 1284/1284 1273/1273 1276/1276
f 1298/1298 1310/1310 1288/1288
f 1310/1310 1271/1271 1288/1288
f 1297/1297 1307/1307 1311/1311
f 1307/1307 1317/1317 1311/1311
f 1273/1273 1285/1285 1297/1297
f 1285/1285 1307/1307 1297/1297
f 1273/1273 1297/1297 1274/1274
f 1274/1274 1298/1298 1288/1288
f 1274/1274 1288/1288 1275/1275
f 1311/1311 1310/1310 1297/1297
f 1297/1297 1310/1310 1298/1298
f 229/229 227/227 230/230
f 227/227 231/231 230/230
f 528/528 529/529 526/526
f 228/228 224/224 226/226
f 224/224 225/225 226/226
f 57/57 59/59 58/58
f 56/56 57/57 58/58
f 427/427 428/428 430/430
f 427/427 430/430 434/434
f 1313/1313 1286/1286 1287/1287
f 889/889 891/891 883/883
f 986/986 982/982 1019/1019
f 694/694 696/696 697/697
f 694/694 695/695 696/696
f 892/892 893/893 881/881
f 892/892 881/881 891/891
f 883/883 891/891 881/881
f 37/37 38/38 39/39
f 167/167 168/168 163/163
f 169/169 168/168 167/167
f 170/170 168/168 169/169
f 53/53 54/54 55/55
f 1260/1260 1261/1261 1262/1262
f 827/827 828/828 829/829
f 830/830 828/828 827/827
f 1205/1205 1203/1203 1202/1202
f 1202/1202 1203/1203 1204/1204
f 830/830 827/827 831/831
f 831/831 827/827 832/832
f 430/430 429/429 435/435
f 428/428 429/429 430/430
f 1322/1322 1321/1321 1320/1320
f 1321/1321 1318/1318 1320/1320
f 1320/1320 1318/1318 1307/1307
f 1313/1313 1322/1322 1286/1286
f 1322/1322 1320/1320 1286/1286
f 1286/1286 1320/1320 1307/1307
f 1286/1286 1307/1307 1285/1285
f 1318/1318 1317/1317 1307/1307
f 1317/1317 1327/1327 1311/1311
f 1327/1327 1328/1328 1311/1311
f 1311/1311 1328/1328 1310/1310
f 229/229 226/226 227/227
f 1328/1328 1269/1269 1310/1310
f 225/225 227/227 226/226
f 1271/1271 1310/1310 1269/1269
f 1277/1277 1275/1275 1309/1309
f 1296/1296 1309/1309 1312/1312
f 1296/1296 1277/1277 1309/1309
f 808/808 809/809 810/810
f 913/913 914/914 915/915
f 124/124 125/125 126/126
f 809/809 811/811 810/810
f 717/717 718/718 719/719
f 1301/1301 1299/1299 1314/1314
f 1301/1301 1314/1314 1323/1323
f 194/194 193/193 197/197
f 197/197 193/193 198/198
f 717/717 720/720 718/718
f 1300/1300 1301/1301 1302/1302
f 1300/1300 1299/1299 1301/1301
f 338/338 337/337 340/340
f 1687/1687 1688/1688 1689/1689
f 1690/1690 1691/1691 1692/1692
f 1693/1693 1694/1694 1695/1695
f 1696/1696 1697/1697 1698/1698
f 1305/1305 1283/1283 1281/1281
f 1283/1283 1282/1282 1281/1281
f 1305/1305 1281/1281 1304/1304
f 1281/1281 1280/1280 1304/1304
f 1282/1282 1279/1279 1281/1281
f 1278/1278 1289/1289 1280/1280
f 1282/1282 1284/1284 1276/1276
f 1282/1282 1276/1276 1279/1279
f 1287/1287 1286/1286 1284/1284
f 1286/1286 1285/1285 1284/1284
f 672/672 662/662 636/636
f 895/895 887/887 888/888
f 884/884 885/885 887/887
f 887/887 885/885 888/888
f 636/636 673/673 672/672
f 1240/1240 1241/1241 1242/1242
f 887/887 889/889 884/884
f 890/890 889/889 887/887
f 1304/1304 1280/1280 1300/1300
f 1300/1300 1280/1280 1290/1290
f 1280/1280 1289/1289 1290/1290
f 631/631 632/632 633/633
f 631/631 633/633 639/639
f 332/332 329/329 331/331
f 332/332 331/331 335/335
f 661/661 631/631 639/639
f 329/329 328/328 331/331
f 334/334 332/332 386/386
f 386/386 332/332 335/335
f 338/338 386/386 335/335
f 331/331 336/336 335/335
f 335/335 336/336 337/337
f 661/661 639/639 662/662
f 331/331 339/339 336/336
f 338/338 335/335 337/337
f 13/13 14/14 15/15
f 888/888 894/894 895/895
f 1306/1306 1305/1305 1304/1304
f 1306/1306 1304/1304 1303/1303
f 1303/1303 1300/1300 1302/1302
f 1303/1303 1304/1304 1300/1300
f 386/386 338/338 385/385
f 1300/1300 1290/1290 1299/1299
f 1299/1299 1290/1290 1292/1292
f 1299/1299 1292/1292 1314/1314
f 1314/1314 1292/1292 1293/1293
f 633/633 636/636 639/639
f 639/639 636/636 662/662
f 885/885 882/882 886/886
f 753/753 757/757 726/726
f 729/729 738/738 753/753
f 1165/1165 1167/1167 1166/1166
f 753/753 724/724 729/729
f 1165/1165 1168/1168 1167/1167
f 1169/1169 1168/1168 1165/1165
f 1171/1171 1170/1170 1169/1169
f 753/753 726/726 724/724
f 1170/1170 1168/1168 1169/1169
f 549/549 554/554 553/553
f 550/550 549/549 553/553
f 1330/1330 1331/1331 1332/1332
f 1333/1333 1331/1331 1330/1330
f 869/869 870/870 871/871
f 872/872 870/870 869/869
f 732/732 731/731 739/739
f 739/739 751/751 737/737
f 732/732 739/739 737/737
f 476/476 477/477 478/478
f 476/476 478/478 479/479
f 739/739 729/729 751/751
f 734/734 760/760 731/731
f 734/734 731/731 730/730
f 730/730 731/731 732/732
f 752/752 758/758 753/753
f 752/752 753/753 738/738
f 738/738 729/729 739/739
f 1164/1164 1165/1165 1166/1166
f 518/518 519/519 517/517
f 516/516 518/518 517/517
f 563/563 564/564 561/561
f 515/515 516/516 517/517
f 560/560 563/563 561/561
f 1185/1185 1181/1181 1184/1184
f 1181/1181 1183/1183 1184/1184
f 560/560 561/561 562/562
f 1699/1699 1700/1700 1701/1701
f 1702/1702 1700/1700 1699/1699
f 549/549 550/550 551/551
f 551/551 550/550 552/552
f 22/22 23/23 24/24
f 713/713 714/714 715/715
f 713/713 715/715 716/716
f 491/491 492/492 493/493
f 91/91 92/92 93/93
f 94/94 95/95 96/96
f 782/782 783/783 784/784
f 783/783 785/785 784/784
f 151/151 152/152 159/159
f 151/151 159/159 161/161
f 903/903 904/904 905/905
f 903/903 905/905 906/906
f 159/159 152/152 162/162
f 560/560 562/562 565/565
f 1471/1471 1472/1472 1481/1481
f 566/566 567/567 568/568
f 725/725 727/727 726/726
f 724/724 725/725 726/726
f 155/155 157/157 154/154
f 155/155 154/154 153/153
f 1121/1121 1123/1123 1125/1125
f 158/158 156/156 155/155
f 156/156 157/157 155/155
f 1190/1190 1191/1191 1192/1192
f 761/761 768/768 759/759
f 1121/1121 1125/1125 1126/1126
f 1706/1706 1707/1707 1708/1708
f 1703/1703 1704/1704 1705/1705
f 1183/1183 1182/1182 1186/1186
f 1181/1181 1182/1182 1183/1183
f 154/154 148/148 153/153
f 153/153 148/148 147/147
f 149/149 148/148 150/150
f 147/147 148/148 149/149
f 149/149 150/150 151/151
f 150/150 152/152 151/151
f 865/865 866/866 867/867
f 867/867 866/866 868/868
f 484/484 487/487 485/485
f 484/484 485/485 486/486
f 766/766 759/759 752/752
f 839/839 836/836 838/838
f 836/836 837/837 838/838
f 766/766 752/752 760/760
f 752/752 738/738 739/739
f 731/731 752/752 739/739
f 760/760 752/752 731/731
f 759/759 761/761 758/758
f 758/758 761/761 767/767
f 758/758 767/767 757/757
f 758/758 757/757 753/753
f 759/759 758/758 752/752
f 1533/1533 1532/1532 1537/1537
f 722/722 743/743 771/771
f 1077/1077 1063/1063 1055/1055
f 751/751 743/743 737/737
f 737/737 743/743 722/722
f 728/728 725/725 724/724
f 728/728 724/724 729/729
f 1709/1709 1710/1710 1711/1711
f 1514/1514 1513/1513 1510/1510
f 1511/1511 1515/1515 1516/1516
f 1513/1513 1515/1515 1511/1511
f 1513/1513 1511/1511 1510/1510
f 1464/1464 1476/1476 1477/1477
f 1462/1462 1476/1476 1464/1464
f 1495/1495 1504/1504 1505/1505
f 135/135 128/128 127/127
f 127/127 128/128 129/129
f 1503/1503 1504/1504 1495/1495
f 1490/1490 1503/1503 1495/1495
f 786/786 789/789 787/787
f 1461/1461 1460/1460 1459/1459
f 1459/1459 1460/1460 1454/1454
f 1517/1517 1514/1514 1510/1510
f 1461/1461 1459/1459 1475/1475
f 1517/1517 1510/1510 1512/1512
f 1454/1454 1448/1448 1452/1452
f 1452/1452 1448/1448 1451/1451
f 1452/1452 1451/1451 1453/1453
f 1457/1457 1452/1452 1482/1482
f 1452/1452 1453/1453 1482/1482
f 1453/1453 1451/1451 1455/1455
f 1160/1160 1161/1161 1162/1162
f 1482/1482 1455/1455 1502/1502
f 1482/1482 1453/1453 1455/1455
f 1466/1466 1465/1465 1461/1461
f 1466/1466 1461/1461 1475/1475
f 1522/1522 1521/1521 1518/1518
f 1456/1456 1459/1459 1454/1454
f 1521/1521 1519/1519 1518/1518
f 1518/1518 1519/1519 1520/1520
f 1456/1456 1452/1452 1457/1457
f 1456/1456 1454/1454 1452/1452
f 81/81 82/82 83/83
f 1529/1529 1530/1530 1531/1531
f 1458/1458 1457/1457 1482/1482
f 1458/1458 1456/1456 1457/1457
f 1483/1483 1456/1456 1458/1458
f 1503/1503 1458/1458 1482/1482
f 1503/1503 1482/1482 1502/1502
f 1503/1503 1502/1502 1504/1504
f 677/677 665/665 664/664
f 130/130 129/129 128/128
f 131/131 130/130 128/128
f 1160/1160 1163/1163 1161/1161
f 132/132 139/139 130/130
f 131/131 132/132 130/130
f 1484/1484 1485/1485 1483/1483
f 1487/1487 1485/1485 1484/1484
f 480/480 482/482 483/483
f 480/480 481/481 482/482
f 1062/1062 1051/1051 1050/1050
f 25/25 26/26 27/27
f 1063/1063 1071/1071 1064/1064
f 1051/1051 1062/1062 1065/1065
f 1062/1062 1064/1064 1065/1065
f 1068/1068 1069/1069 1066/1066
f 1067/1067 1068/1068 1066/1066
f 456/456 455/455 457/457
f 1071/1071 1067/1067 1064/1064
f 458/458 454/454 456/456
f 454/454 455/455 456/456
f 1064/1064 1067/1067 1066/1066
f 1065/1065 1064/1064 1066/1066
f 1461/1461 1463/1463 1462/1462
f 1465/1465 1463/1463 1461/1461
f 1533/1533 1535/1535 1534/1534
f 1532/1532 1533/1533 1534/1534
f 1460/1460 1461/1461 1462/1462
f 1460/1460 1462/1462 1464/1464
f 78/78 79/79 80/80
f 1066/1066 1069/1069 1072/1072
f 459/459 457/457 455/455
f 459/459 460/460 457/457
f 919/919 921/921 917/917
f 916/916 919/919 917/917
f 919/919 922/922 920/920
f 919/919 920/920 921/921
f 1102/1102 1103/1103 1100/1100
f 1499/1499 1489/1489 1498/1498
f 1100/1100 1103/1103 1101/1101
f 1501/1501 1489/1489 1499/1499
f 1066/1066 1072/1072 1035/1035
f 1712/1712 1713/1713 1714/1714
f 1099/1099 1100/1100 1101/1101
f 1500/1500 1499/1499 1498/1498
f 1035/1035 1034/1034 1032/1032
f 1066/1066 1035/1035 1039/1039
f 1065/1065 1066/1066 1039/1039
f 1051/1051 1065/1065 1039/1039
f 1051/1051 1039/1039 1040/1040
f 1039/1039 1035/1035 1031/1031
f 1035/1035 1032/1032 1031/1031
f 1489/1489 1496/1496 1498/1498
f 1489/1489 1488/1488 1496/1496
f 1046/1046 1048/1048 1047/1047
f 1047/1047 1044/1044 1046/1046
f 1050/1050 1042/1042 1047/1047
f 1047/1047 1042/1042 1044/1044
f 1050/1050 1051/1051 1040/1040
f 1050/1050 1040/1040 1042/1042
f 1040/1040 1039/1039 1031/1031
f 1040/1040 1031/1031 1038/1038
f 1501/1501 1487/1487 1484/1484
f 1501/1501 1484/1484 1489/1489
f 1481/1481 1472/1472 1474/1474
f 1466/1466 1475/1475 1469/1469
f 1469/1469 1475/1475 1473/1473
f 1469/1469 1473/1473 1472/1472
f 1472/1472 1473/1473 1474/1474
f 1218/1218 1219/1219 1220/1220
f 1218/1218 1221/1221 1219/1219
f 926/926 924/924 923/923
f 923/923 924/924 925/925
f 1523/1523 1522/1522 1518/1518
f 1523/1523 1518/1518 1524/1524
f 1507/1507 1501/1501 1499/1499
f 1508/1508 1507/1507 1499/1499
f 1481/1481 1506/1506 1509/1509
f 1509/1509 1506/1506 1507/1507
f 1470/1470 1467/1467 1469/1469
f 1468/1468 1465/1465 1467/1467
f 1467/1467 1465/1465 1466/1466
f 1467/1467 1466/1466 1469/1469
f 1501/1501 1506/1506 1487/1487
f 1507/1507 1506/1506 1501/1501
f 1481/1481 1474/1474 1506/1506
f 1487/1487 1506/1506 1485/1485
f 1523/1523 1524/1524 1525/1525
f 1470/1470 1469/1469 1471/1471
f 1471/1471 1469/1469 1472/1472
f 500/500 503/503 501/501
f 500/500 501/501 502/502
f 220/220 212/212 218/218
f 220/220 211/211 212/212
f 216/216 211/211 213/213
f 211/211 212/212 213/213
f 212/212 211/211 222/222
f 211/211 221/221 222/222
