mtllib S-07_tex.mtl
v -1.258990 0.039809 -1.939350
v -1.512510 0.038359 -1.911311
v -1.735035 0.033090 -1.390528
v -1.445805 0.037246 -1.566200
v -2.069010 0.027818 -1.130603
v -1.401973 0.035041 -1.081961
v -2.138833 0.030939 -1.708937
v -2.137030 0.034757 -2.496946
v -1.401973 0.035041 -1.081961
v -1.048754 0.033757 -0.495529
v -0.727214 0.034374 -0.459709
v -0.764312 0.036708 -0.932021
v -1.463526 0.024729 0.167941
v -0.442771 0.014897 0.736470
v 1.869821 0.023691 -0.229186
v 3.180706 0.037717 -1.015734
v 2.605658 0.031560 -0.378708
v 1.202016 0.007890 0.185108
v 0.535746 0.014359 -0.279031
v 0.537196 0.012729 0.272675
v 1.202016 0.008086 0.094192
v 3.922718 0.020853 2.368763
v 3.246607 0.006440 2.886134
v 3.891807 0.019456 3.402953
v 3.344576 0.005869 3.558709
v 3.891807 0.019244 3.530669
v 3.263414 0.006719 2.713161
v 3.246607 0.006440 2.886134
v 3.891807 0.019456 3.402953
v 3.891807 0.019244 3.530669
v 3.344576 0.005869 3.558709
v 4.247644 0.033261 -0.646990
v 3.935956 0.035216 -1.394529
v 5.198089 0.002322 -1.134113
v 5.199611 0.001259 -1.689107
v 5.199611 0.001259 -1.689107
v 4.247644 0.033261 -0.646990
v 5.198089 0.002322 -1.134113
v 3.935956 0.035216 -1.394529
v 2.482758 0.033915 -1.771139
v 2.483915 0.034887 -2.154584
v 3.191143 0.039471 -2.465409
v 2.609701 0.035074 -1.866865
v -0.798316 0.902530 -3.204088
v -0.662677 0.455177 -3.206530
v 0.262131 0.908028 -3.206689
v 1.185014 0.679483 -3.207426
v -0.058630 0.472103 -3.206849
v -0.285101 0.294350 -3.206702
v -1.166234 0.681600 -3.207070
v -0.662677 0.455177 -3.206530
v -2.671108 0.917552 -2.683072
v -2.670804 0.759897 -2.640234
v -2.671388 0.919665 -2.521082
v -2.671132 0.689007 -2.028131
v -2.669245 0.685835 -1.699488
v -2.670341 0.631872 -2.001257
v -2.668453 0.630813 -1.524663
v -2.671132 0.689007 -2.028131
v -2.669598 0.453060 -1.546861
v -2.137030 0.025188 -0.631025
v -2.669464 0.450942 -1.113866
v -2.138833 0.030939 -1.708937
v -1.858774 0.681600 -3.207119
v -1.537234 0.374764 -3.205855
v -1.166234 0.681600 -3.207070
v -0.821505 0.275302 -3.204272
v 2.050692 2.748008 -3.074297
v 2.553872 2.773929 -3.070848
v 3.032304 3.173362 -2.991921
v 2.432519 3.168428 -2.989123
v 3.193470 3.184458 -1.975168
v 2.432519 3.168428 -2.989123
v 3.032304 3.173362 -2.991921
v 1.879296 3.169753 -2.328537
v 3.194627 3.184512 -1.872766
v 3.236364 3.185045 -1.873932
v 3.226511 3.184904 -1.950638
v 1.932080 3.173329 -1.851022
v 3.194627 3.184512 -1.872766
v 2.927247 3.193881 -0.597929
v 2.552934 3.175767 -1.048448
v 2.976657 3.184828 0.147732
v 3.023035 3.184066 -0.525898
v 3.284448 3.188125 -0.165265
v 3.269455 3.185912 0.792550
v 2.509808 3.151509 3.558710
v 2.942337 3.164763 3.613218
v 2.490346 3.141385 4.430652
v 2.944115 3.156723 4.250244
v 3.299452 3.150946 3.940646
v 3.860884 3.169023 3.097675
v 4.435945 3.178943 2.846917
v 3.890358 3.160537 3.838097
v 3.860884 3.169023 3.097675
v 3.833396 3.172145 2.764468
v 4.435945 3.178943 2.846917
v 4.173144 3.182582 2.197436
v 3.890358 3.160537 3.838097
v 4.435945 3.178943 2.846917
v 4.538749 3.177134 3.093785
v 4.553425 3.171107 3.596087
v 3.860884 3.169023 3.097675
v 3.299452 3.150946 3.940646
v 3.890358 3.160537 3.838097
v 4.435945 3.178943 2.846917
v 4.553425 3.171107 3.596087
v 4.538749 3.177134 3.093785
v 4.173144 3.182582 2.197436
v 3.833396 3.172145 2.764468
v 2.475804 3.193698 2.917009
v 2.390587 3.192631 2.905916
v 2.874937 3.198791 2.842266
v 3.294909 3.178564 1.490318
v 2.947537 3.175025 2.804864
v 3.833396 3.172145 2.764468
v 2.954394 3.178285 2.142142
v 2.552934 3.175767 -1.048448
v 3.023035 3.184066 -0.525898
v 2.925030 3.194652 0.071799
v 3.978376 3.185870 1.580657
v 3.223613 3.182173 0.963878
v 3.906495 3.189084 1.072906
v 3.294909 3.178564 1.490318
v 5.192438 3.197991 1.134421
v 3.978376 3.185870 1.580657
v 5.193424 3.196632 1.593959
v 3.906495 3.189084 1.072906
v 3.294909 3.178564 1.490318
v 3.223613 3.182173 0.963878
v 3.990738 3.193440 0.650808
v 3.269455 3.185912 0.792550
v 3.861079 3.192943 0.459232
v 3.877314 3.192189 0.741540
v 3.284448 3.188125 -0.165265
v 2.552934 3.175767 -1.048448
v 3.023035 3.184066 -0.525898
v 1.395079 3.171545 -1.201651
v 1.402582 3.166902 -1.810074
v 1.932080 3.173329 -1.851022
v 1.883620 3.176951 -1.191761
v -1.319057 3.092365 2.825136
v -0.440323 3.133424 2.241464
v -0.440896 3.123004 2.854623
v -1.463039 3.093778 2.518286
v 0.531411 3.116602 3.127175
v 0.167840 3.117319 3.505748
v 0.558168 3.118928 3.019803
v -0.440896 3.123004 2.854623
v -1.463039 3.093778 2.518286
v -1.319057 3.092365 2.825136
v -0.440323 3.133424 2.241464
v -0.127807 3.151084 0.817473
v -0.072539 3.154794 0.205357
v 0.635262 3.159866 1.015269
v 0.623667 3.161875 0.237286
v 3.897750 1.789572 -3.129345
v 3.511088 1.807053 -3.128829
v 4.105136 1.840184 -3.127602
v 3.604271 1.856056 -3.127001
v 4.474589 1.584660 -3.136806
v 3.511088 1.807053 -3.128829
v 3.897750 1.789572 -3.129345
v 3.754366 1.393598 -3.142205
v 3.511088 1.807053 -3.128829
v 3.171900 1.952825 -3.123123
v 3.604271 1.856056 -3.127001
v 3.183799 1.790456 -3.128584
v 4.510152 1.355590 -3.143579
v 3.754366 1.393598 -3.142205
v 4.474589 1.584660 -3.136806
v 3.727389 1.354673 -3.143285
v 3.880980 1.125990 -3.147175
v 3.357230 1.120626 -3.148672
v -0.818034 2.105758 -3.118730
v -0.813978 2.281294 -3.110901
v -0.176889 2.416830 -3.103293
v -1.504009 2.376887 -3.106851
v -1.540327 2.101527 -3.119380
v -0.813978 2.281294 -3.110901
v -1.504009 2.376887 -3.106851
v -1.568157 2.726317 -3.087439
v -0.806439 2.680953 -3.087439
v 1.410474 3.165006 -1.933901
v 0.565122 3.119499 -3.070112
v 1.864742 3.160658 -2.954825
v 0.516430 3.161167 -0.780547
v 0.507540 3.157595 -1.689756
v 1.180374 3.165068 -1.028201
v 1.101539 3.160621 -1.818577
v 1.192358 3.157474 -2.546004
v 0.490927 3.156132 -1.948699
v -0.427243 3.154314 -1.188620
v -0.433259 3.155365 -0.465930
v 0.240489 3.159312 -0.534463
v -0.427304 3.152193 -1.811988
v -0.425574 3.150534 -2.084196
v -0.145589 3.116177 -3.063657
v 0.490927 3.156132 -1.948699
v 0.243582 3.118536 -3.056933
v -1.414688 3.120883 -1.193099
v -0.427243 3.154314 -1.188620
v -0.433259 3.155365 -0.465930
v -0.835669 3.143353 -0.481318
v -0.920448 2.760704 -3.081549
v -0.693198 2.509414 -3.097844
v -0.764117 2.763350 -3.080481
v -2.662997 2.580303 -1.909751
v -2.658941 2.747078 -2.167725
v -2.665554 2.812074 -1.232059
v -2.678014 2.270799 -0.901895
v -2.671303 2.302559 -1.308557
v -2.685345 2.503591 -0.568724
v -2.665262 2.051557 -1.746559
v -2.677441 2.723154 -0.611562
v -2.664556 2.773178 -0.612998
v -2.684822 2.644320 0.067369
v -2.662485 2.743244 -0.081614
v -2.684822 2.644320 0.067369
v -2.662485 2.743244 -0.081614
v -2.685954 2.593262 0.801888
v -2.654386 2.738705 0.498193
v -2.770977 2.181620 2.184968
v -2.770697 2.181349 2.107096
v -2.771354 1.879864 2.804863
v -2.771074 2.050636 1.497962
v -2.510088 1.823520 1.135586
v -2.770697 2.181349 2.107096
v -2.567220 2.116340 1.168706
v -2.695478 1.719995 0.150603
v -2.685017 1.670367 -0.472164
v -2.695357 1.838334 0.138577
v -2.685285 1.971452 -0.438185
v -2.771257 1.818098 1.496551
v -2.771561 1.525411 1.490317
v -2.770368 1.627778 2.789291
v -2.771403 1.389909 2.807980
v -2.699997 1.224126 0.289462
v -2.685479 1.586248 -0.465930
v -2.695588 1.415892 0.146418
v -2.687586 1.353572 -0.378033
v -2.695588 1.415892 0.146418
v -2.685479 1.586248 -0.465930
v -2.695478 1.719995 0.150603
v -2.685017 1.670367 -0.472164
v -2.683080 1.385216 -0.678538
v -2.680742 1.344744 -0.855315
v -2.685479 1.586248 -0.465930
v -2.680742 1.344744 -0.855315
v -2.673775 1.300109 -1.373827
v -2.683080 1.385216 -0.678538
v -2.673032 1.531988 -1.300569
v -2.664884 1.814613 -1.828726
v -2.663654 1.813667 -1.954296
v -2.657833 2.037248 -2.492269
v -2.664068 1.901025 -1.870717
v 0.456802 1.605733 -3.136008
v -0.337946 1.604887 -3.135652
v -0.043942 2.015558 -3.122068
v -0.201905 1.842168 -3.128068
v 2.415871 1.330244 -3.144524
v 2.462663 1.476737 -3.140548
v 3.177710 1.541909 -3.137665
v 3.168344 1.182092 -3.147997
v 1.263850 1.138340 -3.096103
v 1.894556 1.136294 -3.089685
v 2.415871 1.330244 -3.144524
v -0.442771 0.014897 0.736470
v -0.439678 0.014313 0.812796
v -0.029644 0.013442 0.814354
v -0.096483 0.013859 0.752705
v 4.177017 3.183553 0.133130
v 3.953640 3.181894 -0.568724
v 5.086966 3.174408 -0.906717
v 3.893878 3.192239 -1.795876
v 5.086492 3.178639 -1.222893
v 3.284448 3.188125 -0.165265
v 3.877314 3.192189 0.741540
v 5.086199 3.174408 0.147732
v 5.084664 3.176522 0.839266
v 3.906495 3.189084 1.072906
v 5.082960 3.174367 1.531573
v 3.978376 3.185870 1.580657
v 5.086540 3.174408 -0.459708
v 3.269455 3.185912 0.792550
v 4.546093 3.184620 -2.508626
v 3.898371 3.191477 -2.238787
v 3.816833 3.192635 -1.113668
v 3.236364 3.185045 -1.873932
v 3.892964 3.179339 -2.969649
v 3.219168 3.175476 -3.004535
v 3.226511 3.184904 -1.950638
v 5.001725 3.187725 -2.781191
v 5.192438 3.197991 1.134421
v 5.193424 3.196632 1.593959
v 4.745111 3.198583 -2.576375
v 4.578160 3.197358 -2.459567
v -2.664884 1.814613 -1.828726
v -2.683080 1.385216 -0.678538
v -2.673836 1.751706 -1.160201
v -2.676662 2.017938 -0.970576
v -2.664068 1.901025 -1.870717
v -2.665262 2.051557 -1.746559
v -2.657833 2.037248 -2.492269
v -2.657857 2.090153 -2.496945
v -2.671303 2.302559 -1.308557
v -2.678014 2.270799 -0.901895
v -2.685285 1.971452 -0.438185
v -2.685467 2.267644 -0.467488
v -2.697488 2.507826 0.038704
v -2.709082 2.507113 0.745184
v -2.700825 2.065553 0.400049
v -2.695357 1.838334 0.138577
v -2.685345 2.503591 -0.568724
v -2.695478 1.719995 0.150603
v -2.685017 1.670367 -0.472164
v -2.695588 1.415892 0.146418
v -2.685479 1.586248 -0.465930
v -2.687586 1.353572 -0.378033
v -2.699997 1.224126 0.289462
v -2.680742 1.344744 -0.855315
v -2.673032 1.531988 -1.300569
v -2.673775 1.300109 -1.373827
v -2.664836 1.587307 -1.967389
v -2.665445 1.176882 -2.530654
v -2.662022 1.448170 -2.970435
v -2.655933 1.796012 -2.803389
v -2.663338 1.335487 -2.970435
v -2.671108 0.917552 -2.683072
v -2.671388 0.919665 -2.521082
v -2.667625 0.914905 -1.285194
v -2.663654 1.813667 -1.954296
v 1.402582 3.166902 -1.810074
v 1.101539 3.160621 -1.818577
v 1.395079 3.171545 -1.201651
v 1.180374 3.165068 -1.028201
v 1.192358 3.157474 -2.546004
v 1.932080 3.173329 -1.851022
v 1.410474 3.165006 -1.933901
v 1.879296 3.169753 -2.328537
v 1.864742 3.160658 -2.954825
v 2.432519 3.168428 -2.989123
v 3.032304 3.173362 -2.991921
v 3.193470 3.184458 -1.975168
v 3.194627 3.184512 -1.872766
v 3.226511 3.184904 -1.950638
v 3.236364 3.185045 -1.873932
v 1.883620 3.176951 -1.191761
v 2.552934 3.175767 -1.048448
v 0.490927 3.156132 -1.948699
v 0.507540 3.157595 -1.689756
v 0.565122 3.119499 -3.070112
v 0.243582 3.118536 -3.056933
v -0.425574 3.150534 -2.084196
v -0.145589 3.116177 -3.063657
v -0.823051 3.144136 -2.531205
v -0.427304 3.152193 -1.811988
v -1.446329 3.120749 -1.326509
v -2.108555 3.109850 -1.877049
v -2.116326 3.109842 -2.013895
v 0.516430 3.161167 -0.780547
v -0.427243 3.154314 -1.188620
v 0.240489 3.159312 -0.534463
v -0.433259 3.155365 -0.465930
v -0.072539 3.154794 0.205357
v -0.444087 3.156840 0.173673
v -0.835669 3.143353 -0.481318
v -1.414688 3.120883 -1.193099
v -0.826145 3.138380 0.194460
v 3.023035 3.184066 -0.525898
v 2.472820 3.192393 0.130810
v 2.925030 3.194652 0.071799
v 1.421532 3.172437 -0.526671
v 1.208203 3.154031 0.695977
v 0.582672 3.162409 -0.201145
v 2.438694 3.192848 0.780083
v 1.211297 3.151968 1.371939
v 2.451263 3.192994 0.750497
v 2.925359 3.193515 0.778524
v 0.635262 3.159866 1.015269
v 0.786331 3.158703 1.502000
v 1.285516 3.164880 2.121637
v 1.959483 3.186754 1.476304
v 0.623667 3.161875 0.237286
v -0.847787 3.104369 -3.100016
v -2.069010 3.081724 -3.059031
v -2.509832 3.049589 -3.049435
v -2.171034 3.108695 -2.004766
v -2.658941 2.747078 -2.167725
v -2.523510 3.097175 -1.857992
v -2.665554 2.812074 -1.232059
v 2.609701 0.035074 -1.866865
v 2.483915 0.034887 -2.154584
v 2.482758 0.033915 -1.771139
v 3.191143 0.039471 -2.465409
v 2.454795 0.030769 -0.555313
v 1.202016 0.012383 -0.866212
v 1.202016 0.008086 0.094192
v 1.208203 0.013784 -1.325688
v 1.375154 0.017156 -2.521868
v 0.609345 0.031119 -1.855821
v 0.784639 0.032540 -2.549895
v 1.869821 0.023691 -0.229186
v 1.405870 0.180684 -3.220715
v 0.540582 0.021124 -2.599740
v -0.053223 0.022987 -1.973611
v -0.040849 0.012854 -2.786640
v 1.968764 0.203354 -3.207426
v 2.582469 0.015430 -2.976657
v 3.259602 0.039346 -2.523623
v 3.239641 0.038596 -1.751284
v 4.092762 0.037071 -2.570142
v 3.875572 0.036850 -2.230603
v 3.935956 0.035216 -1.394529
v 3.329668 0.014009 -2.998082
v 0.484740 0.294350 -3.206775
v 0.628502 0.296463 -3.206751
v 1.202016 0.281650 -3.206738
v 4.624538 0.197373 -3.151102
v 5.200525 0.002322 -2.492074
v 3.957696 0.453060 -3.205966
v 3.463602 0.453060 -3.205867
v 2.628457 0.411796 -3.205990
v 3.935956 0.035216 -1.394529
v 3.239641 0.038596 -1.751284
v 3.875572 0.036850 -2.230603
v 3.259602 0.039346 -2.523623
v 3.180706 0.037717 -1.015734
v 3.361785 0.037229 -1.038693
v 2.609701 0.035074 -1.866865
v 3.472883 0.033869 0.093223
v 3.876632 0.032898 0.106218
v 4.247644 0.033261 -0.646990
v 3.329668 0.014009 -2.998082
v 4.092762 0.037071 -2.570142
v 0.669473 0.002647 1.484083
v 0.385810 0.001584 2.175629
v 0.597921 0.001426 2.479226
v -0.013312 0.003043 1.487200
v -0.029644 0.013442 0.814354
v 0.545806 0.008820 0.817471
v 1.859006 0.001759 2.708302
v 1.779245 0.002438 1.995245
v 3.472883 0.033869 0.093223
v 2.605658 0.031560 -0.378708
v 2.623427 0.028063 0.463906
v 3.271148 0.032677 0.510634
v 3.876632 0.032898 0.106218
v 3.909199 0.032698 0.183354
v 1.869821 0.023691 -0.229186
v 1.962577 0.022303 0.464692
v 2.538112 0.017581 1.247730
v 1.882195 0.015272 1.023060
v 2.527711 0.004731 2.135515
v 1.312785 0.016026 0.812796
v 0.537196 0.012729 0.272675
v 1.202016 0.007890 0.185108
v 1.202016 0.008086 0.094192
v 2.454795 0.030769 -0.555313
v 3.180706 0.037717 -1.015734
v 3.361785 0.037229 -1.038693
v 4.247644 0.033261 -0.646990
v 2.609701 0.035074 -1.866865
v 3.239641 0.038596 -1.751284
v 3.200802 0.018285 0.847106
v 3.925811 0.018344 0.859119
v 1.202016 0.012383 -0.866212
v 0.609345 0.031119 -1.855821
v 1.208203 0.013784 -1.325688
v 0.784639 0.032540 -2.549895
v 1.375154 0.017156 -2.521868
v 0.589858 0.015830 -0.828834
v 2.482758 0.033915 -1.771139
v 2.454795 0.030769 -0.555313
v 1.869821 0.023691 -0.229186
v 1.202016 0.008086 0.094192
v 0.589858 0.015830 -0.828834
v -0.125481 0.022904 -1.845894
v -0.101915 0.032006 -0.699559
v -0.665381 0.036996 -1.220550
v 0.535746 0.014359 -0.279031
v -0.071771 0.030948 -0.472165
v 0.537196 0.012729 0.272675
v 0.609345 0.031119 -1.855821
v -0.764312 0.036708 -0.932021
v -0.096483 0.013859 0.752705
v 1.208203 0.013784 -1.325688
v 1.202016 0.012383 -0.866212
v -0.053223 0.022987 -1.973611
v -0.769719 0.026371 -2.175310
v 1.270122 3.139472 3.829716
v 2.490346 3.141385 4.430652
v 2.509808 3.151509 3.558710
v 1.220565 3.132082 4.779285
v 2.944115 3.156723 4.250244
v 2.942337 3.164763 3.613218
v 0.537196 0.012729 0.272675
v 0.535746 0.014359 -0.279031
v 1.202016 0.008086 0.094192
v -0.096483 0.013859 0.752705
v 1.202016 0.007890 0.185108
v 0.545806 0.008820 0.817471
v 1.312785 0.016026 0.812796
v -2.137030 0.034757 -2.496946
v -1.801581 0.038938 -2.554570
v -1.512510 0.038359 -1.911311
v -2.137030 0.035408 -2.567038
v -0.764312 0.036708 -0.932021
v -0.665381 0.036996 -1.220550
v -0.125481 0.022904 -1.845894
v -1.445805 0.037246 -1.566200
v -1.401973 0.035041 -1.081961
v -1.048754 0.033757 -0.495529
v -0.727214 0.034374 -0.459709
v -0.442771 0.014897 0.736470
v -0.071771 0.030948 -0.472165
v -0.439678 0.014313 0.812796
v -0.029644 0.013442 0.814354
v -0.101915 0.032006 -0.699559
v -1.463526 0.024729 0.167941
v -1.258990 0.039809 -1.939350
v -1.735035 0.033090 -1.390528
v -2.138833 0.030939 -1.708937
v -2.069010 0.027818 -1.130603
v -1.141498 0.027834 -2.556129
v -0.769719 0.026371 -2.175310
v -0.053223 0.022987 -1.973611
v -0.722964 0.026897 -2.560019
v -0.040849 0.012854 -2.786640
v 0.784639 0.032540 -2.549895
v 0.609345 0.031119 -1.855821
v 0.589858 0.015830 -0.828834
v 0.558168 3.118928 3.019803
v 0.605971 3.105899 3.884420
v 1.270122 3.139472 3.829716
v 1.263228 3.142923 3.482384
v 1.271181 3.154673 2.785782
v 1.220565 3.132082 4.779285
v 0.660972 3.148341 2.226248
v 0.703867 3.123000 4.777947
v 0.167840 3.117319 3.505748
v -2.771403 1.389909 2.807980
v -2.771561 1.525411 1.490317
v -2.771257 1.818098 1.496551
v -2.770514 1.158259 2.745680
v -2.771354 1.879864 2.804863
v -2.771074 2.050636 1.497962
v -2.770977 2.181620 2.184968
v -2.770368 1.627778 2.789291
v -2.770697 2.181349 2.107096
v -2.722443 1.644441 3.299202
v -2.716414 1.512449 3.293446
v -2.743281 1.844152 3.450454
v -2.743111 1.357707 3.371809
v -2.732040 1.127578 3.033030
v -2.745035 1.327551 3.564943
v -2.744256 1.491817 3.513539
v -2.772706 0.952467 2.761252
v -2.610286 1.137469 3.969899
v -2.674323 1.143121 2.026499
v -2.687355 1.068317 1.920195
v -2.648017 1.167124 0.932721
v -2.633730 1.097277 0.896902
v -2.605950 1.567600 1.241117
v -2.608020 1.807253 1.247338
v -2.695588 1.415892 0.146418
v -2.699997 1.224126 0.289462
v -2.772292 0.863588 2.079842
v -2.771439 0.858299 2.206871
v -2.660841 0.902739 1.001795
v -2.670743 0.679750 0.898841
v -2.771659 0.466681 1.613358
v -2.631709 1.096943 0.192901
v -2.668794 0.708055 0.459231
v -2.669147 0.714403 -0.149559
v -2.637883 1.096414 -0.389813
v -2.668270 0.679483 -0.472164
v -2.668027 0.686890 -1.182399
v -2.668550 0.641396 -1.116982
v -2.670353 0.679483 0.742704
v -2.687586 1.353572 -0.378033
v -2.680742 1.344744 -0.855315
v -2.667637 0.912258 -1.191737
v -2.510088 1.823520 1.135586
v -2.567220 2.116340 1.168706
v -2.695357 1.838334 0.138577
v -2.695478 1.719995 0.150603
v -2.700825 2.065553 0.400049
v -2.559706 2.282719 1.142875
v -2.571203 2.334028 1.488366
v -2.690205 2.513523 2.126951
v -2.698353 2.510018 1.442227
v -2.686783 2.509413 2.681049
v -2.661072 2.336653 2.193349
v -2.681168 2.335674 2.837578
v -2.666480 2.195695 3.281593
v 5.195921 0.000367 0.175770
v 3.876632 0.032898 0.106218
v 3.909199 0.032698 0.183354
v 5.197102 0.002322 -0.535152
v 5.195421 0.000788 0.839265
v 3.925811 0.018344 0.859119
v 4.507911 0.013917 1.496611
v 3.279844 0.019123 2.057250
v 3.263414 0.006719 2.713161
v 2.927429 0.017856 2.147000
v 2.557148 0.004235 2.736918
v 3.200802 0.018285 0.847106
v 2.538112 0.017581 1.247730
v 5.196103 0.023483 2.099303
v 5.195616 0.023483 2.621079
v 3.922718 0.020853 2.368763
v 4.552170 0.021907 3.451043
v 3.891807 0.019456 3.402953
v 4.635366 0.021544 3.965996
v 3.891807 0.019244 3.530669
v 2.527711 0.004731 2.135515
v 5.086540 3.174408 -0.459708
v 5.086966 3.174408 -0.906717
v 4.585114 3.199933 -0.522008
v 4.617389 3.199512 -0.856283
v 4.577003 3.197895 -1.712826
v 5.084664 3.176522 0.839266
v 5.086199 3.174408 0.147732
v 4.626085 3.200000 0.199136
v 5.086492 3.178639 -1.222893
v 4.578160 3.197358 -2.459567
v 5.192438 3.197991 1.134421
v 1.311774 0.905911 -3.206873
v 1.185014 0.679483 -3.207426
v 1.835817 0.675253 -3.206162
v 0.555854 0.905911 -3.206665
v 1.944418 0.279537 -3.206886
v 2.413971 0.480569 -3.206837
v 1.202016 0.281650 -3.206738
v 2.531450 0.905911 -3.206971
v 2.684493 0.480569 -3.207180
v 2.780330 0.905911 -3.206922
v -2.137030 0.035408 -2.567038
v -2.137030 0.034757 -2.496946
v -1.512510 0.038359 -1.911311
v -1.801581 0.038938 -2.554570
v -1.141498 0.027834 -2.556129
v -1.258990 0.039809 -1.939350
v -1.537234 0.374764 -3.205855
v -0.821505 0.275302 -3.204272
v -0.722964 0.026897 -2.560019
v -0.285101 0.294350 -3.206702
v -2.671266 0.364181 -2.581051
v -1.858774 0.681600 -3.207119
v -2.189973 0.675253 -3.204947
v -0.013312 0.003043 1.487200
v 0.545806 0.008820 0.817471
v 0.669473 0.002647 1.484083
v -0.029644 0.013442 0.814354
v 0.597921 0.001426 2.479226
v 0.385810 0.001584 2.175629
v 3.892964 3.179339 -2.969649
v 3.898371 3.191477 -2.238787
v 4.115208 3.193348 -2.506381
v 4.148421 3.193569 -2.578718
v 3.226511 3.184904 -1.950638
v 3.219168 3.175476 -3.004535
v 3.023035 3.184066 -0.525898
v 2.552934 3.175767 -1.048448
v 3.816833 3.192635 -1.113668
v 3.284448 3.188125 -0.165265
v -2.684822 2.644320 0.067369
v -2.677441 2.723154 -0.611562
v -2.697488 2.507826 0.038704
v -2.685954 2.593262 0.801888
v -2.685345 2.503591 -0.568724
v -2.671303 2.302559 -1.308557
v -2.665262 2.051557 -1.746559
v -2.678014 2.270799 -0.901895
v -2.664349 2.708858 -1.683915
v -2.658941 2.747078 -2.167725
v -2.662997 2.580303 -1.909751
v -2.660074 2.298987 -2.174597
v -2.657857 2.090153 -2.496945
v -2.654386 2.738705 0.498193
v -2.641281 2.762992 0.871956
v -2.698353 2.510018 1.442227
v -2.690205 2.513523 2.126951
v -2.662485 2.743244 -0.081614
v -2.664556 2.773178 -0.612998
v -2.645045 2.737954 2.057644
v -2.686783 2.509413 2.681049
v -2.643863 2.782790 2.158205
v -2.661072 2.336653 2.193349
v -2.467839 2.503591 -3.149125
v -2.709082 2.507113 0.745184
v -2.571203 2.334028 1.488366
v -2.559706 2.282719 1.142875
v -2.567220 2.116340 1.168706
v -2.700825 2.065553 0.400049
v -2.510088 1.823520 1.135586
v -2.695357 1.838334 0.138577
v -2.156358 2.718778 -3.090384
v -2.149392 2.776046 -3.086739
v -2.770697 2.181349 2.107096
v -2.770977 2.181620 2.184968
v -2.666480 2.195695 3.281593
v -2.681168 2.335674 2.837578
v -2.147066 3.110033 0.221052
v -2.443115 3.096904 0.822136
v -2.158831 3.088526 1.746365
v 3.909199 0.032698 0.183354
v 3.876632 0.032898 0.106218
v 5.197102 0.002322 -0.535152
v 5.195921 0.000367 0.175770
v -0.440104 3.151968 0.820577
v -0.445536 3.141689 1.764293
v -0.120610 3.141994 1.487127
v -0.127807 3.151084 0.817473
v -0.062881 3.132290 2.268362
v -0.440323 3.133424 2.241464
v 0.582672 3.162409 -0.201145
v 1.180374 3.165068 -1.028201
v 1.421532 3.172437 -0.526671
v 1.208203 3.154031 0.695977
v 0.623667 3.161875 0.237286
v 1.395079 3.171545 -1.201651
v 3.860884 3.169023 3.097675
v 2.947366 3.172883 3.029154
v 3.299452 3.150946 3.940646
v 2.942337 3.164763 3.613218
v 3.263414 0.006719 2.713161
v 3.279844 0.019123 2.057250
v 3.922718 0.020853 2.368763
v 3.891807 0.019456 3.402953
v 3.246607 0.006440 2.886134
v 4.507911 0.013917 1.496611
v 1.840262 1.711764 -3.132105
v 1.467898 1.594780 -3.136290
v 1.121330 1.808266 -3.129320
v 1.167805 1.992467 -3.122878
v 1.177147 1.388842 -3.142671
v 0.338506 1.580117 -3.136928
v 1.853306 2.031496 -3.167593
v 4.092762 0.037071 -2.570142
v 4.624538 0.197373 -3.151102
v 5.200525 0.002322 -2.492074
v 3.875572 0.036850 -2.230603
v 2.553872 2.773929 -3.070848
v 2.432519 3.168428 -2.989123
v 3.032304 3.173362 -2.991921
v 1.557366 2.750659 -3.074922
v 2.050692 2.748008 -3.074297
v 3.219168 3.175476 -3.004535
v 3.210277 2.777634 -3.069425
v 3.892964 3.179339 -2.969649
v 3.893354 2.751976 -3.071204
v 1.864742 3.160658 -2.954825
v 0.540387 2.859102 -3.115331
v 0.565122 3.119499 -3.070112
v 5.001725 3.187725 -2.781191
v 4.884196 2.950657 -2.973465
v 0.660972 3.148341 2.226248
v 0.531411 3.116602 3.127175
v 0.558168 3.118928 3.019803
v -0.062881 3.132290 2.268362
v -2.641281 2.762992 0.871956
v -2.654386 2.738705 0.498193
v -2.443115 3.096904 0.822136
v -2.645045 2.737954 2.057644
v -2.147066 3.110033 0.221052
v -2.158831 3.088526 1.746365
v 4.491591 0.698531 -3.206886
v 3.880980 1.125990 -3.147175
v 5.173243 0.942943 -2.696313
v 5.172573 0.893081 -2.683845
v 3.880980 1.125990 -3.147175
v 4.491591 0.698531 -3.206886
v 5.172573 0.893081 -2.683845
v 5.173243 0.942943 -2.696313
v -2.671266 0.364181 -2.581051
v -2.189973 0.675253 -3.204947
v -1.537234 0.374764 -3.205855
v -1.858774 0.681600 -3.207119
v -2.665554 2.812074 -1.232059
v -2.658941 2.747078 -2.167725
v -2.171034 3.108695 -2.004766
v -1.801581 0.038938 -2.554570
v -1.537234 0.374764 -3.205855
v -0.821505 0.275302 -3.204272
v -1.141498 0.027834 -2.556129
v 0.565122 3.119499 -3.070112
v 0.540387 2.859102 -3.115331
v 1.557366 2.750659 -3.074922
v 1.864742 3.160658 -2.954825
v -2.137030 0.034757 -2.496946
v -2.138833 0.030939 -1.708937
v -2.670694 0.439305 -1.933705
v -2.669598 0.453060 -1.546861
v -0.040849 0.012854 -2.786640
v -0.285101 0.294350 -3.206702
v 0.484740 0.294350 -3.206775
v 0.628502 0.296463 -3.206751
v -0.722964 0.026897 -2.560019
v -1.141498 0.027834 -2.556129
v -0.821505 0.275302 -3.204272
v 0.540582 0.021124 -2.599740
v 1.405870 0.180684 -3.220715
v 1.882195 0.015272 1.023060
v 2.538112 0.017581 1.247730
v 2.927429 0.017856 2.147000
v 2.527711 0.004731 2.135515
v -0.427304 3.152193 -1.811988
v -0.425574 3.150534 -2.084196
v 0.507540 3.157595 -1.689756
v 0.490927 3.156132 -1.948699
v -1.446329 3.120749 -1.326509
v -2.116326 3.109842 -2.013895
v -0.823051 3.144136 -2.531205
v -2.108555 3.109850 -1.877049
v 1.185014 0.679483 -3.207426
v 0.628502 0.296463 -3.206751
v 1.835817 0.675253 -3.206162
v 1.202016 0.281650 -3.206738
v 2.867289 3.193098 -1.281683
v 2.552934 3.175767 -1.048448
v 2.927247 3.193881 -0.597929
v 2.925030 3.194652 0.071799
v 3.194627 3.184512 -1.872766
v 3.023035 3.184066 -0.525898
v -2.670341 0.631872 -2.001257
v -2.670804 0.759897 -2.640234
v -2.671132 0.689007 -2.028131
v -2.668453 0.630813 -1.524663
v -2.671108 0.917552 -2.683072
v -2.671388 0.919665 -2.521082
v -2.670694 0.439305 -1.933705
v -2.669598 0.453060 -1.546861
v -2.668550 0.641396 -1.116982
v -2.669464 0.450942 -1.113866
v -2.669245 0.685835 -1.699488
v -2.189973 0.675253 -3.204947
v -2.138833 0.030939 -1.708937
v -2.137030 0.034757 -2.496946
v -2.137030 0.025188 -0.631025
v -2.668611 0.413909 -0.456200
v -2.137030 0.022624 0.044937
v -2.137030 0.035408 -2.567038
v -2.671266 0.364181 -2.581051
v 0.531411 3.116602 3.127175
v -0.440896 3.123004 2.854623
v 0.167840 3.117319 3.505748
v -0.444172 3.112571 3.551507
v -1.485266 1.803131 -3.129173
v -2.662022 1.448170 -2.970435
v -2.655933 1.796012 -2.803389
v -1.561970 1.912399 -3.125982
v -1.502463 1.348713 -3.190037
v -1.555795 1.530701 -3.138045
v -0.811079 1.413083 -3.141665
v -2.663338 1.335487 -2.970435
v -0.853974 1.354798 -3.190369
v -0.662677 0.455177 -3.206530
v -1.166234 0.681600 -3.207070
v -0.912714 0.905911 -3.206100
v -1.524105 0.732388 -3.207119
v -1.858774 0.681600 -3.207119
v -0.821505 0.275302 -3.204272
v -0.285101 0.294350 -3.206702
v -1.537234 0.374764 -3.205855
v 0.507929 1.260759 -3.145862
v -0.445475 1.363526 -3.142806
v -0.211673 1.445656 -3.140867
v 0.338506 1.580117 -3.136928
v -0.927402 1.819553 -3.128473
v -0.337946 1.604887 -3.135652
v -0.090320 1.112078 -3.160010
v -0.434855 1.108910 -3.175865
v 0.262131 0.908028 -3.206689
v -0.798316 0.902530 -3.204088
v -0.058630 0.472103 -3.206849
v 0.484740 0.294350 -3.206775
v 1.944418 0.279537 -3.206886
v 2.413971 0.480569 -3.206837
v 2.684493 0.480569 -3.207180
v 2.780330 0.905911 -3.206922
v 3.278870 0.857241 -3.206247
v 3.242539 0.601187 -3.206015
v 2.531450 0.905911 -3.206971
v 1.202016 0.281650 -3.206738
v 1.835817 0.675253 -3.206162
v 1.185014 0.679483 -3.207426
v 0.555854 0.905911 -3.206665
v 1.311774 0.905911 -3.206873
v 0.628502 0.296463 -3.206751
v 2.628457 0.411796 -3.205990
v 3.463602 0.453060 -3.205867
v 4.042523 0.639278 -3.205671
v 3.957696 0.453060 -3.205966
v 4.491591 0.698531 -3.206886
v 1.405870 0.180684 -3.220715
v 3.357230 1.120626 -3.148672
v -0.872523 1.117525 -3.150709
v -1.701871 1.137973 -3.147690
v 0.626956 1.125990 -3.105784
v 2.562373 1.128279 -3.102508
v 1.165686 1.231962 -3.146586
v -2.670804 0.759897 -2.640234
v -2.671108 0.917552 -2.683072
v -2.509832 3.049589 -3.049435
v -2.069010 3.081724 -3.059031
v -2.171034 3.108695 -2.004766
v -2.116326 3.109842 -2.013895
v -2.753500 1.575536 4.247519
v -2.240552 1.356977 4.723733
v -2.745035 1.327551 3.564943
v -2.744256 1.491817 3.513539
v -2.669464 0.450942 -1.113866
v -2.137030 0.025188 -0.631025
v -2.137030 0.022624 0.044937
v -2.668611 0.413909 -0.456200
v -2.665445 1.176882 -2.530654
v -2.667625 0.914905 -1.285194
v -2.673775 1.300109 -1.373827
v -2.772292 0.863588 2.079842
v -2.660841 0.902739 1.001795
v -2.771659 0.466681 1.613358
v -2.670743 0.679750 0.898841
v 0.220296 2.738947 -3.078579
v -0.764117 2.763350 -3.080481
v -0.145589 3.116177 -3.063657
v -0.920448 2.760704 -3.081549
v -0.693198 2.509414 -3.097844
v 0.519597 2.601844 -3.089378
v 0.243582 3.118536 -3.056933
v -0.806439 2.680953 -3.087439
v 0.565122 3.119499 -3.070112
v -0.847787 3.104369 -3.100016
v -2.069010 3.081724 -3.059031
v 0.540387 2.859102 -3.115331
v 1.143277 2.541683 -3.092678
v -2.655933 1.796012 -2.803389
v -1.555795 1.530701 -3.138045
v -1.485266 1.803131 -3.129173
v -2.662022 1.448170 -2.970435
v -2.240552 1.356977 4.723733
v -2.753500 1.575536 4.247519
v -2.744256 1.491817 3.513539
v 3.891807 0.019244 3.530669
v 3.891807 0.019456 3.402953
v 4.552170 0.021907 3.451043
v 4.635366 0.021544 3.965996
v -2.149392 2.776046 -3.086739
v -2.658941 2.747078 -2.167725
v -2.509832 3.049589 -3.049435
v -2.662997 2.580303 -1.909751
v -1.524105 0.732388 -3.207119
v -2.670804 0.759897 -2.640234
v -2.189973 0.675253 -3.204947
v 5.001725 3.187725 -2.781191
v 4.148421 3.193569 -2.578718
v 4.745111 3.198583 -2.576375
v 3.892964 3.179339 -2.969649
v 3.329668 0.014009 -2.998082
v 2.582469 0.015430 -2.976657
v 3.463602 0.453060 -3.205867
v 2.628457 0.411796 -3.205990
v -2.685345 2.503591 -0.568724
v -2.664349 2.708858 -1.683915
v -2.677441 2.723154 -0.611562
v -2.671303 2.302559 -1.308557
v -1.504009 2.376887 -3.106851
v -2.156358 2.718778 -3.090384
v -1.568157 2.726317 -3.087439
v -1.511341 2.749454 -3.085255
v -0.806439 2.680953 -3.087439
v -0.920448 2.760704 -3.081549
v -0.764117 2.763350 -3.080481
v -2.069010 3.081724 -3.059031
v -2.149392 2.776046 -3.086739
v -2.509832 3.049589 -3.049435
v -2.467839 2.503591 -3.149125
v -2.220506 2.253227 -3.159372
v -1.540327 2.101527 -3.119380
v -1.561970 1.912399 -3.125982
v -2.595378 2.030638 -3.070112
v -2.655933 1.796012 -2.803389
v -2.657857 2.090153 -2.496945
v -2.685285 1.971452 -0.438185
v -2.673836 1.751706 -1.160201
v -2.676662 2.017938 -0.970576
v -2.685017 1.670367 -0.472164
v -2.671303 2.302559 -1.308557
v -2.660074 2.298987 -2.174597
v -2.664349 2.708858 -1.683915
v -2.662997 2.580303 -1.909751
v -2.523510 3.097175 -1.857992
v -2.665554 2.812074 -1.232059
v -2.527541 3.120387 -1.165845
v -2.664556 2.773178 -0.612998
v -2.467839 2.503591 -3.149125
v -1.504009 2.376887 -3.106851
v -1.568157 2.726317 -3.087439
v -2.156358 2.718778 -3.090384
v 4.148421 3.193569 -2.578718
v 3.846781 3.193019 -3.032746
v 3.219168 3.175476 -3.004535
v -2.664836 1.587307 -1.967389
v -2.662022 1.448170 -2.970435
v -2.663654 1.813667 -1.954296
v -2.655933 1.796012 -2.803389
v 3.242831 2.054608 -3.119258
v 3.029027 2.084468 -3.118055
v 3.815091 2.339184 -3.103771
v 4.479229 2.503591 -3.091832
v 3.984551 2.090415 -3.117454
v 3.150563 2.302559 -3.153187
v -2.631709 1.096943 0.192901
v -2.668794 0.708055 0.459231
v -2.633730 1.097277 0.896902
v -2.660841 0.902739 1.001795
v -2.637883 1.096414 -0.389813
v -2.669147 0.714403 -0.149559
v -0.835669 3.143353 -0.481318
v -0.433259 3.155365 -0.465930
v -0.826145 3.138380 0.194460
v -0.444087 3.156840 0.173673
v 0.240489 3.159312 -0.534463
v -0.072539 3.154794 0.205357
v -2.467839 2.503591 -3.149125
v -2.220506 2.253227 -3.159372
v -1.540327 2.101527 -3.119380
v -1.504009 2.376887 -3.106851
v -2.595378 2.030638 -3.070112
v -1.561970 1.912399 -3.125982
v -2.664556 2.773178 -0.612998
v -2.523510 3.097175 -1.857992
v -2.527541 3.120387 -1.165845
v -2.665554 2.812074 -1.232059
v 2.974319 3.183999 0.808122
v 2.907663 3.194256 1.529646
v 2.954394 3.178285 2.142142
v 2.947537 3.175025 2.804864
v 2.877726 3.199325 2.225463
v 2.947366 3.172883 3.029154
v 2.874937 3.198791 2.842266
v 2.911475 3.196578 0.881331
v 2.976657 3.184828 0.147732
v 2.925359 3.193515 0.778524
v 2.390587 3.192631 2.905916
v 2.383048 3.193064 1.329886
v 2.438694 3.192848 0.780083
v 3.023035 3.184066 -0.525898
v 3.269455 3.185912 0.792550
v 2.925030 3.194652 0.071799
v 3.032304 3.173362 -2.991921
v 3.210277 2.777634 -3.069425
v 3.219168 3.175476 -3.004535
v 2.553872 2.773929 -3.070848
v 3.892964 3.179339 -2.969649
v 3.893354 2.751976 -3.071204
v 4.884196 2.950657 -2.973465
v 4.479229 2.515232 -3.091145
v 4.845078 2.719944 -3.064185
v 5.001725 3.187725 -2.781191
v 3.150563 2.302559 -3.153187
v 3.242831 2.054608 -3.119258
v 3.815091 2.339184 -3.103771
v 3.029027 2.084468 -3.118055
v 2.499371 2.105758 -3.163593
v 1.204330 2.302559 -3.108422
v 1.854365 2.093062 -3.165164
v 1.121330 1.808266 -3.129320
v 1.177147 1.388842 -3.142671
v 1.840262 1.711764 -3.132105
v 1.853306 2.031496 -3.167593
v 1.167805 1.992467 -3.122878
v 0.604863 2.274083 -3.110803
v 2.493342 1.837200 -3.128314
v 3.028053 2.727372 -3.074161
v 1.953114 2.725722 -3.076444
v 1.987312 2.302559 -3.108066
v 2.050692 2.748008 -3.074297
v 3.319060 2.708858 -3.075389
v 4.479229 2.503591 -3.091832
v 1.557366 2.750659 -3.074922
v 1.216704 2.536923 -3.093268
v 1.143277 2.541683 -3.092678
v 0.638940 2.306794 -3.108680
v 0.519597 2.601844 -3.089378
v 0.463001 2.362737 -3.105882
v -0.693198 2.509414 -3.097844
v -0.176889 2.416830 -3.103293
v 4.845431 2.507297 -3.083684
v 4.674582 2.067933 -3.118387
v 3.984551 2.090415 -3.117454
v 0.220296 2.738947 -3.078579
v -0.687705 2.275967 -3.110876
v 0.219309 2.276105 -3.110852
v 0.540387 2.859102 -3.115331
v -0.040849 0.012854 -2.786640
v -0.722964 0.026897 -2.560019
v 0.540582 0.021124 -2.599740
v 4.148421 3.193569 -2.578718
v 3.219168 3.175476 -3.004535
v 3.892964 3.179339 -2.969649
v 3.957696 0.453060 -3.205966
v 3.329668 0.014009 -2.998082
v 3.463602 0.453060 -3.205867
v 4.092762 0.037071 -2.570142
v 0.604863 2.274083 -3.110803
v 0.219309 2.276105 -3.110852
v 0.638940 2.306794 -3.108680
v -0.687705 2.275967 -3.110876
v -0.176889 2.416830 -3.103293
v 0.463001 2.362737 -3.105882
v 1.854365 2.093062 -3.165164
v 1.204330 2.302559 -3.108422
v -2.660841 0.902739 1.001795
v -2.687355 1.068317 1.920195
v -2.633730 1.097277 0.896902
v -2.674323 1.143121 2.026499
v -2.772706 0.952467 2.761252
v -2.770514 1.158259 2.745680
v -2.743111 1.357707 3.371809
v -2.771439 0.858299 2.206871
v -2.772292 0.863588 2.079842
v -2.663338 1.335487 -2.970435
v -1.502463 1.348713 -3.190037
v -1.555795 1.530701 -3.138045
v -2.662022 1.448170 -2.970435
v -2.743111 1.357707 3.371809
v -2.610286 1.137469 3.969899
v -2.745035 1.327551 3.564943
v -2.732040 1.127578 3.033030
v -2.716414 1.512449 3.293446
v -2.744256 1.491817 3.513539
v -2.240552 1.356977 4.723733
v 3.463602 0.453060 -3.205867
v 3.957696 0.453060 -3.205966
v 3.242539 0.601187 -3.206015
v 4.042523 0.639278 -3.205671
v 4.491591 0.698531 -3.206886
v 3.278870 0.857241 -3.206247
v -2.680742 1.344744 -0.855315
v -2.667637 0.912258 -1.191737
v -2.687586 1.353572 -0.378033
v -2.637883 1.096414 -0.389813
v -1.858774 0.681600 -3.207119
v -2.189973 0.675253 -3.204947
v -2.670804 0.759897 -2.640234
v -1.524105 0.732388 -3.207119
v 4.934460 1.712226 -3.123663
v 4.105136 1.840184 -3.127602
v 4.597001 1.916034 -3.125086
v 3.897750 1.789572 -3.129345
v 4.474589 1.584660 -3.136806
v 4.566566 1.589820 -3.136229
v 5.227172 0.466418 -2.730574
v 4.619131 0.677370 -3.206137
v 5.227124 0.702232 -2.727457
v 5.172573 0.893081 -2.683845
v 5.227148 0.392949 -2.778173
v 4.599803 0.448825 -3.206824
v -2.699997 1.224126 0.289462
v -2.637883 1.096414 -0.389813
v -2.631709 1.096943 0.192901
v -2.687586 1.353572 -0.378033
v 2.499371 2.105758 -3.163593
v 2.493342 1.837200 -3.128314
v 1.853306 2.031496 -3.167593
v 1.854365 2.093062 -3.165164
v -2.770368 1.627778 2.789291
v -2.722443 1.644441 3.299202
v -2.743281 1.844152 3.450454
v -2.771354 1.879864 2.804863
v -2.668453 0.630813 -1.524663
v -2.669464 0.450942 -1.113866
v -2.668550 0.641396 -1.116982
v -2.669598 0.453060 -1.546861
v -2.643863 2.782790 2.158205
v -2.686783 2.509413 2.681049
v -2.690205 2.513523 2.126951
v -2.645045 2.737954 2.057644
v -2.685345 2.503591 -0.568724
v -2.677441 2.723154 -0.611562
v -2.684822 2.644320 0.067369
v -2.697488 2.507826 0.038704
v -2.608020 1.807253 1.247338
v -2.695357 1.838334 0.138577
v -2.695478 1.719995 0.150603
v -1.502463 1.348713 -3.190037
v -0.853974 1.354798 -3.190369
v -1.555795 1.530701 -3.138045
v -0.211673 1.445656 -3.140867
v -0.445475 1.363526 -3.142806
v 0.338506 1.580117 -3.136928
v -0.811079 1.413083 -3.141665
v -2.695478 1.719995 0.150603
v -2.510088 1.823520 1.135586
v -2.608020 1.807253 1.247338
v -2.695357 1.838334 0.138577
v -2.608020 1.807253 1.247338
v -2.510088 1.823520 1.135586
v 2.911475 3.196578 0.881331
v 1.959483 3.186754 1.476304
v 2.383048 3.193064 1.329886
v -0.445475 1.363526 -3.142806
v -0.872523 1.117525 -3.150709
v -0.434855 1.108910 -3.175865
v -0.853974 1.354798 -3.190369
v -2.137030 0.035408 -2.567038
v -1.801581 0.038938 -2.554570
v -2.671266 0.364181 -2.581051
v 5.173243 0.942943 -2.696313
v 5.172573 0.893081 -2.683845
v 5.227124 0.702232 -2.727457
v 5.222423 1.136569 -3.107490
v 5.227172 0.466418 -2.730574
v -2.685954 2.593262 0.801888
v -2.709082 2.507113 0.745184
v -2.684822 2.644320 0.067369
v -2.697488 2.507826 0.038704
v 5.227124 0.702232 -2.727457
v 5.172573 0.893081 -2.683845
v 5.222423 1.136569 -3.107490
v 5.173243 0.942943 -2.696313
v -0.806439 2.680953 -3.087439
v -0.176889 2.416830 -3.103293
v -0.693198 2.509414 -3.097844
v -2.668027 0.686890 -1.182399
v -2.668550 0.641396 -1.116982
v -2.669147 0.714403 -0.149559
v -2.668270 0.679483 -0.472164
v 2.254741 3.190822 2.128902
v 1.271181 3.154673 2.785782
v 1.968764 3.186821 2.273749
v -2.669147 0.714403 -0.149559
v -2.670353 0.679483 0.742704
v -2.668794 0.708055 0.459231
v -2.668270 0.679483 -0.472164
v 3.892964 3.179339 -2.969649
v 3.219168 3.175476 -3.004535
v 3.846781 3.193019 -3.032746
v -2.664349 2.708858 -1.683915
v -2.662997 2.580303 -1.909751
v -2.665554 2.812074 -1.232059
v -2.658941 2.747078 -2.167725
v -2.772706 0.952467 2.761252
v -2.732040 1.127578 3.033030
v -2.743111 1.357707 3.371809
v 2.552934 3.175767 -1.048448
v 2.927247 3.193881 -0.597929
v 3.023035 3.184066 -0.525898
v 0.784639 0.032540 -2.549895
v -0.040849 0.012854 -2.786640
v 0.540582 0.021124 -2.599740
v -2.189973 0.675253 -3.204947
v -1.858774 0.681600 -3.207119
v -1.524105 0.732388 -3.207119
v -2.743111 1.357707 3.371809
v -2.716414 1.512449 3.293446
v -2.722443 1.644441 3.299202
v 3.892964 3.179339 -2.969649
v 3.846781 3.193019 -3.032746
v 4.148421 3.193569 -2.578718
v 5.197102 0.002322 -0.535152
v 5.198089 0.002322 -1.134113
v 5.195921 0.000367 0.175770
v 1.883620 3.176951 -1.191761
v 2.552934 3.175767 -1.048448
v 2.472820 3.192393 0.130810
v 3.023035 3.184066 -0.525898
v 2.438694 3.192848 0.780083
v 2.976657 3.184828 0.147732
v 1.959483 3.186754 1.476304
v 0.660972 3.148341 2.226248
v 1.271181 3.154673 2.785782
v 1.263228 3.142923 3.482384
v 1.968764 3.186821 2.273749
v 2.390587 3.192631 2.905916
v 1.285516 3.164880 2.121637
v 0.558168 3.118928 3.019803
v 2.509808 3.151509 3.558710
v 1.270122 3.139472 3.829716
v 1.220565 3.132082 4.779285
v 2.490346 3.141385 4.430652
v 2.254741 3.190822 2.128902
v -0.062881 3.132290 2.268362
v 0.605971 3.105899 3.884420
v 0.531411 3.116602 3.127175
v -0.440896 3.123004 2.854623
v -0.444172 3.112571 3.551507
v -0.440323 3.133424 2.241464
v -0.120610 3.141994 1.487127
v -0.445536 3.141689 1.764293
v -0.127807 3.151084 0.817473
v -0.440104 3.151968 0.820577
v 0.167840 3.117319 3.505748
v -0.190469 3.090927 4.569867
v -0.112243 3.092873 4.570481
v 0.703867 3.123000 4.777947
v 2.942337 3.164763 3.613218
v 2.947366 3.172883 3.029154
v 3.860884 3.169023 3.097675
v 3.299452 3.150946 3.940646
v 2.947537 3.175025 2.804864
v 2.954394 3.178285 2.142142
v 3.833396 3.172145 2.764468
v 3.294909 3.178564 1.490318
v 2.974319 3.183999 0.808122
v -2.671108 0.917552 -2.683072
v -2.663338 1.335487 -2.970435
v -2.671388 0.919665 -2.521082
v -2.665445 1.176882 -2.530654
v -2.673775 1.300109 -1.373827
v -2.667625 0.914905 -1.285194
v -2.670694 0.439305 -1.933705
v -2.671266 0.364181 -2.581051
v -2.189973 0.675253 -3.204947
v 5.172573 0.893081 -2.683845
v 4.619131 0.677370 -3.206137
v 5.227172 0.466418 -2.730574
v 4.599803 0.448825 -3.206824
v 4.624538 0.197373 -3.151102
v 5.227148 0.392949 -2.778173
v 3.957696 0.453060 -3.205966
v 5.227294 0.201241 -3.042074
v -2.220506 2.253227 -3.159372
v -2.595378 2.030638 -3.070112
v -2.657857 2.090153 -2.496945
v -2.657833 2.037248 -2.492269
v -2.655933 1.796012 -2.803389
v 1.894556 1.136294 -3.089685
v 2.415871 1.330244 -3.144524
v 3.168344 1.182092 -3.147997
v 2.562373 1.128279 -3.102508
v 1.817268 1.185243 -3.147641
v 1.263850 1.138340 -3.096103
v 4.597001 1.916034 -3.125086
v 3.897750 1.789572 -3.129345
v 4.934460 1.712226 -3.123663
v 4.566566 1.589820 -3.136229
v 4.474589 1.584660 -3.136806
v 1.165686 1.231962 -3.146586
v 0.626956 1.125990 -3.105784
v 1.263850 1.138340 -3.096103
v 1.817268 1.185243 -3.147641
v 0.507929 1.260759 -3.145862
v -0.090320 1.112078 -3.160010
v 3.278870 0.857241 -3.206247
v 4.491591 0.698531 -3.206886
v 3.357230 1.120626 -3.148672
v 3.880980 1.125990 -3.147175
v 2.562373 1.128279 -3.102508
v 4.510152 1.355590 -3.143579
v 2.780330 0.905911 -3.206922
v 1.894556 1.136294 -3.089685
v 2.531450 0.905911 -3.206971
v 1.311774 0.905911 -3.206873
v 0.555854 0.905911 -3.206665
v 0.262131 0.908028 -3.206689
v 2.415871 1.330244 -3.144524
v 3.168344 1.182092 -3.147997
v 1.165686 1.231962 -3.146586
v 1.817268 1.185243 -3.147641
v 1.467898 1.594780 -3.136290
v 2.462663 1.476737 -3.140548
v 1.840262 1.711764 -3.132105
v 2.463430 1.808049 -3.129259
v 2.415871 1.330244 -3.144524
v 3.177710 1.541909 -3.137665
v 3.183799 1.790456 -3.128584
v 1.177147 1.388842 -3.142671
v 3.754366 1.393598 -3.142205
v 3.511088 1.807053 -3.128829
v 3.897750 1.789572 -3.129345
v 4.474589 1.584660 -3.136806
v 3.604271 1.856056 -3.127001
v 4.105136 1.840184 -3.127602
v 0.507929 1.260759 -3.145862
v 0.338506 1.580117 -3.136928
v 3.171900 1.952825 -3.123123
v 3.168344 1.182092 -3.147997
v -0.445475 1.363526 -3.142806
v 3.984551 2.090415 -3.117454
v 4.674582 2.067933 -3.118387
v 3.029027 2.084468 -3.118055
v 2.493342 1.837200 -3.128314
v 0.456802 1.605733 -3.136008
v 1.121330 1.808266 -3.129320
v 3.242831 2.054608 -3.119258
v 4.597001 1.916034 -3.125086
v 3.727389 1.354673 -3.143285
v 4.510152 1.355590 -3.143579
v 3.357230 1.120626 -3.148672
v 0.456802 1.605733 -3.136008
v 1.121330 1.808266 -3.129320
v -0.043942 2.015558 -3.122068
v -0.201905 1.842168 -3.128068
v -0.337946 1.604887 -3.135652
v 1.167805 1.992467 -3.122878
v 0.219309 2.276105 -3.110852
v 0.604863 2.274083 -3.110803
v 0.463001 2.362737 -3.105882
v -0.809910 1.901554 -3.126535
v -0.818034 2.105758 -3.118730
v -1.561970 1.912399 -3.125982
v -1.540327 2.101527 -3.119380
v -0.813978 2.281294 -3.110901
v -1.504009 2.376887 -3.106851
v -0.806439 2.680953 -3.087439
v -0.176889 2.416830 -3.103293
v -1.568157 2.726317 -3.087439
v -0.927402 1.819553 -3.128473
v -1.485266 1.803131 -3.129173
v -1.555795 1.530701 -3.138045
v -0.811079 1.413083 -3.141665
v 0.638940 2.306794 -3.108680
v -0.687705 2.275967 -3.110876
v -0.211673 1.445656 -3.140867
v -0.176889 2.416830 -3.103293
v -0.687705 2.275967 -3.110876
v -0.818034 2.105758 -3.118730
v 4.585114 3.199933 -0.522008
v 3.941266 3.194948 -0.173118
v 4.626085 3.200000 0.199136
v 4.152866 3.195436 -1.155623
v 3.856244 3.193239 -1.020408
v 3.284448 3.188125 -0.165265
v 3.990738 3.193440 0.650808
v 3.816833 3.192635 -1.113668
v 2.552934 3.175767 -1.048448
v 4.617389 3.199512 -0.856283
v 4.405022 3.196441 -1.816307
v 4.577003 3.197895 -1.712826
v 3.236364 3.185045 -1.873932
v 4.578160 3.197358 -2.459567
v 3.269455 3.185912 0.792550
v 4.115208 3.193348 -2.506381
v 3.898371 3.191477 -2.238787
v 4.325614 3.193323 1.132090
v 3.877314 3.192189 0.741540
v 3.906495 3.189084 1.072906
v 5.192438 3.197991 1.134421
v 4.148421 3.193569 -2.578718
v 4.745111 3.198583 -2.576375
v 3.284448 3.188125 -0.165265
v 3.023035 3.184066 -0.525898
v 3.269455 3.185912 0.792550
v 3.898371 3.191477 -2.238787
v 3.893878 3.192239 -1.795876
v 4.405022 3.196441 -1.816307
v 4.152866 3.195436 -1.155623
v 3.236364 3.185045 -1.873932
v 3.816833 3.192635 -1.113668
v 1.959483 3.186754 1.476304
v 2.254741 3.190822 2.128902
v 2.383048 3.193064 1.329886
v 1.285516 3.164880 2.121637
v 1.271181 3.154673 2.785782
v 0.786331 3.158703 1.502000
v 0.660972 3.148341 2.226248
v -0.120610 3.141994 1.487127
v -0.062881 3.132290 2.268362
v 0.635262 3.159866 1.015269
v -0.127807 3.151084 0.817473
v 0.623667 3.161875 0.237286
v -0.072539 3.154794 0.205357
v 2.401597 3.193110 1.697072
v 2.907663 3.194256 1.529646
v 2.911475 3.196578 0.881331
v 2.438694 3.192848 0.780083
v 2.528771 3.194477 2.509562
v 2.877726 3.199325 2.225463
v 2.874937 3.198791 2.842266
v 2.475804 3.193698 2.917009
v 2.390587 3.192631 2.905916
v 2.254741 3.190822 2.128902
v 1.968764 3.186821 2.273749
v 2.528771 3.194477 2.509562
v 2.390587 3.192631 2.905916
v -1.802738 0.002155 2.955220
v -1.803895 0.002280 2.180684
v -0.833294 0.001913 2.871445
v -0.828654 0.001984 2.748011
v -1.488164 0.002113 2.035445
v -0.804503 0.003310 1.490316
v 1.791521 0.000454 3.845188
v 1.195829 0.000796 3.745609
v 1.607032 0.000000 4.173929
v 0.931494 0.000913 4.191059
v -0.156794 0.001680 2.673452
v 0.385810 0.001584 2.175629
v 0.293054 0.001388 2.935696
v -0.141326 0.001521 3.086777
v -0.262679 0.003134 1.487200
v -1.285260 0.011387 0.823693
v -0.439678 0.014313 0.812796
v -0.804503 0.003310 1.490316
v -2.771439 0.858299 2.206871
v -2.772706 0.952467 2.761252
v -2.732040 1.127578 3.033030
v -0.833294 0.001913 2.871445
v -1.858774 0.001888 3.558709
v -0.977251 0.001713 3.516656
v -0.237785 0.001546 3.541480
v -0.141326 0.001521 3.086777
v -1.503230 0.010116 4.226879
v -0.874837 0.010191 4.226498
v -0.780546 0.010207 4.460506
v -0.828654 0.001984 2.748011
v -1.802738 0.002155 2.955220
v -1.803895 0.002280 2.180684
v -0.804503 0.003310 1.490316
v -2.170267 0.010345 4.135287
v -2.716414 0.025600 3.292685
v -2.147857 0.010353 4.368621
v 0.293054 0.001388 2.935696
v 0.070444 0.001392 3.564942
v 1.195829 0.000796 3.745609
v 0.562029 0.001309 2.936482
v 1.791521 0.000454 3.845188
v 1.835670 0.001451 2.867113
v -0.049739 0.009970 4.463623
v -0.237785 0.001546 3.541480
v -0.780546 0.010207 4.460506
v 0.385810 0.001584 2.175629
v -0.141326 0.001521 3.086777
v -0.156794 0.001680 2.673452
v -1.503230 0.010116 4.226879
v -1.858774 0.001888 3.558709
v -0.874837 0.010191 4.226498
v -0.977251 0.001713 3.516656
v 0.070444 0.001392 3.564942
v 1.195829 0.000796 3.745609
v 0.931494 0.000913 4.191059
v 1.791521 0.000454 3.845188
v 1.607032 0.000000 4.173929
v 1.968569 0.000804 4.234671
v 1.835670 0.001451 2.867113
v 0.562029 0.001309 2.936482
v 0.293054 0.001388 2.935696
v -0.833294 0.001913 2.871445
v -0.141326 0.001521 3.086777
v -0.237785 0.001546 3.541480
v -0.780546 0.010207 4.460506
v -0.049739 0.009970 4.463623
v -2.030171 0.008999 0.823693
v -1.463526 0.024729 0.167941
v -1.285260 0.011387 0.823693
v -2.137079 0.022424 0.150062
v -2.124668 0.022608 0.147731
v -2.137030 0.020724 0.808514
v -1.488164 0.002113 2.035445
v -2.228239 0.011541 1.909286
v -2.772085 0.448295 2.730108
v -2.770843 0.406211 1.634808
v -2.771963 0.647743 2.561896
v -2.771659 0.466681 1.613358
v -2.772292 0.863588 2.079842
v -2.772170 0.410737 2.829785
v -2.769515 0.576520 2.989554
v -2.771586 0.752361 2.945820
v -2.771439 0.858299 2.206871
v -2.732040 1.127578 3.033030
v -2.680827 0.450942 4.060226
v -2.716414 0.025600 3.292685
v -2.679914 0.497499 4.063343
v -2.610286 1.137469 3.969899
v -2.682763 0.723922 4.124084
v -2.670743 0.679750 0.898841
v -2.751283 0.444065 1.344696
v -2.669537 0.428722 0.501677
v -2.670353 0.679483 0.742704
v -2.668611 0.413909 -0.456200
v -2.668270 0.679483 -0.472164
v -2.668550 0.641396 -1.116982
v -2.669464 0.450942 -1.113866
v -2.668794 0.708055 0.459231
v -2.660841 0.902739 1.001795
v -2.136908 0.754144 4.754889
v -2.170267 0.010345 4.135287
v -2.138528 0.425150 4.761110
v -2.147857 0.010353 4.368621
v -2.625522 1.099227 4.738605
v -2.745035 1.327551 3.564943
v -2.745035 1.327551 3.564943
v -2.240552 1.356977 4.723733
v -2.625522 1.099227 4.738605
v -2.772170 0.410737 2.829785
v -2.716414 0.025600 3.292685
v -2.170267 0.010345 4.135287
v 1.791521 0.000454 3.845188
v 1.607032 0.000000 4.173929
v 1.905189 0.000542 4.105886
v 1.968569 0.000804 4.234671
v -2.136324 0.984736 4.764227
v -2.625522 1.099227 4.738605
v -2.114170 1.138686 4.742422
v -2.240552 1.356977 4.723733
v -2.771963 0.647743 2.561896
v -2.772170 0.410737 2.829785
v -2.769515 0.576520 2.989554
v -2.772085 0.448295 2.730108
v -2.680827 0.450942 4.060226
v -2.679914 0.497499 4.063343
v -2.170267 0.010345 4.135287
v -2.147857 0.010353 4.368621
v -2.138528 0.425150 4.761110
v -2.137030 0.025188 -0.631025
v -2.137030 0.022624 0.044937
v -2.096839 0.024491 -0.523948
v -2.069010 0.027818 -1.130603
v -2.030171 0.008999 0.823693
v -2.137030 0.020724 0.808514
v -2.228239 0.011541 1.909286
v -2.124668 0.022608 0.147731
v -1.488164 0.002113 2.035445
v -0.804503 0.003310 1.490316
v -1.285260 0.011387 0.823693
v -0.439678 0.014313 0.812796
v -0.262679 0.003134 1.487200
v -1.463526 0.024729 0.167941
v -1.803895 0.002280 2.180684
v -2.195770 0.011137 2.237929
v -2.137079 0.022424 0.150062
v -2.770843 0.406211 1.634808
v -2.669537 0.428722 0.501677
v -2.751283 0.444065 1.344696
v -2.668611 0.413909 -0.456200
v -2.772085 0.448295 2.730108
v -2.772085 0.448295 2.730108
v -2.716414 0.025600 3.292685
v -2.772170 0.410737 2.829785
v -2.195770 0.011137 2.237929
v -2.228239 0.011541 1.909286
v -2.770843 0.406211 1.634808
v -1.803895 0.002280 2.180684
v -1.802738 0.002155 2.955220
v -1.858774 0.001888 3.558709
v -2.170267 0.010345 4.135287
v -2.137030 0.022624 0.044937
v -2.137030 0.025188 -0.631025
v -2.069010 0.027818 -1.130603
v -2.096839 0.024491 -0.523948
v -2.124668 0.022608 0.147731
v -2.137079 0.022424 0.150062
v -1.735035 0.033090 -1.390528
v -2.138833 0.030939 -1.708937
v -2.069010 0.027818 -1.130603
v -2.137030 0.025188 -0.631025
v -0.101915 0.032006 -0.699559
v -0.764312 0.036708 -0.932021
v -0.071771 0.030948 -0.472165
v -0.727214 0.034374 -0.459709
v -2.069010 0.027818 -1.130603
v -2.096839 0.024491 -0.523948
v -1.048754 0.033757 -0.495529
v -1.401973 0.035041 -1.081961
v -1.463526 0.024729 0.167941
v -2.124668 0.022608 0.147731
v -0.665381 0.036996 -1.220550
v -1.445805 0.037246 -1.566200
v -1.401973 0.035041 -1.081961
v -0.764312 0.036708 -0.932021
v 1.968764 0.203354 -3.207426
v 1.405870 0.180684 -3.220715
v 1.944418 0.279537 -3.206886
v 1.202016 0.281650 -3.206738
v 2.582469 0.015430 -2.976657
v 2.628457 0.411796 -3.205990
v 3.604271 1.856056 -3.127001
v 3.171900 1.952825 -3.123123
v 3.242831 2.054608 -3.119258
v 4.474589 1.584660 -3.136806
v 4.510152 1.355590 -3.143579
v 4.566566 1.589820 -3.136229
v 4.694105 1.352547 -3.143432
v 3.029027 2.084468 -3.118055
v 3.171900 1.952825 -3.123123
v 2.499371 2.105758 -3.163593
v 2.493342 1.837200 -3.128314
v -0.337946 1.604887 -3.135652
v -0.211673 1.445656 -3.140867
v 0.338506 1.580117 -3.136928
v 0.456802 1.605733 -3.136008
v -1.511341 2.749454 -3.085255
v -1.568157 2.726317 -3.087439
v -0.806439 2.680953 -3.087439
v -0.920448 2.760704 -3.081549
v -2.149392 2.776046 -3.086739
v -2.156358 2.718778 -3.090384
v -1.568157 2.726317 -3.087439
v -1.511341 2.749454 -3.085255
v -1.414688 3.120883 -1.193099
v -1.446329 3.120749 -1.326509
v -1.500136 3.134379 -1.204204
v -2.108555 3.109850 -1.877049
v -0.427304 3.152193 -1.811988
v -0.427243 3.154314 -1.188620
v -2.523510 3.097175 -1.857992
v -2.527541 3.120387 -1.165845
v -1.414688 3.120883 -1.193099
v -2.108555 3.109850 -1.877049
v -1.446329 3.120749 -1.326509
v -1.500136 3.134379 -1.204204
v -2.527541 3.120387 -1.165845
v -2.523510 3.097175 -1.857992
v -2.069010 3.081724 -3.059031
v -2.149392 2.776046 -3.086739
v -1.511341 2.749454 -3.085255
v -2.509832 3.049589 -3.049435
v -2.673775 1.300109 -1.373827
v -2.667625 0.914905 -1.285194
v -2.667637 0.912258 -1.191737
v -2.680742 1.344744 -0.855315
v -2.668027 0.686890 -1.182399
v -2.669245 0.685835 -1.699488
v -2.668027 0.686890 -1.182399
v -2.669245 0.685835 -1.699488
v -2.667637 0.912258 -1.191737
v -2.667625 0.914905 -1.285194
v -2.668550 0.641396 -1.116982
v -2.668453 0.630813 -1.524663
v -2.669245 0.685835 -1.699488
v -2.671132 0.689007 -2.028131
v -2.667625 0.914905 -1.285194
v -2.671388 0.919665 -2.521082
v 1.216704 2.536923 -3.093268
v 1.143277 2.541683 -3.092678
v 0.540387 2.859102 -3.115331
v 1.557366 2.750659 -3.074922
v 3.226511 3.184904 -1.950638
v 3.032304 3.173362 -2.991921
v 3.193470 3.184458 -1.975168
v 3.219168 3.175476 -3.004535
v 4.405022 3.196441 -1.816307
v 3.236364 3.185045 -1.873932
v 3.893878 3.192239 -1.795876
v 3.226511 3.184904 -1.950638
v 3.236364 3.185045 -1.873932
v 3.893878 3.192239 -1.795876
v 3.898371 3.191477 -2.238787
v 3.856244 3.193239 -1.020408
v 3.816833 3.192635 -1.113668
v 4.152866 3.195436 -1.155623
v -2.016457 3.109554 0.537116
v -0.826145 3.138380 0.194460
v -1.488176 3.118107 0.824504
v -1.368565 3.120474 0.823694
v -2.707243 2.534276 3.561041
v -2.658369 2.836882 2.876514
v -2.687647 2.743177 3.513049
v -2.701726 2.517083 3.311841
v -2.147066 3.110033 0.221052
v -1.569667 3.128873 -0.509541
v -2.016457 3.109554 0.537116
v -2.157905 3.111492 0.037146
v -2.152108 3.081432 2.194711
v -2.099933 3.082153 2.228579
v -1.947426 3.075805 2.846144
v -2.155348 3.067674 3.039498
v -2.158831 3.088526 1.746365
v -2.443115 3.096904 0.822136
v -1.488176 3.118107 0.824504
v -1.654580 3.104740 1.497177
v -2.274228 3.040669 3.521332
v -1.484681 3.076331 3.533787
v -2.687647 2.743177 3.513049
v -2.719971 2.749529 4.743514
v -2.674067 3.016899 4.212154
v -2.701726 2.517083 3.311841
v -2.707243 2.534276 3.561041
v -2.658369 2.836882 2.876514
v -2.720957 2.530045 4.751405
v -2.681168 2.335674 2.837578
v -2.742124 2.301500 4.161475
v -2.687647 2.743177 3.513049
v -2.658369 2.836882 2.876514
v -2.274228 3.040669 3.521332
v -2.155348 3.067674 3.039498
v -2.643863 2.782790 2.158205
v -2.152108 3.081432 2.194711
v -2.720957 2.530045 4.751405
v -2.687647 2.743177 3.513049
v -2.719971 2.749529 4.743514
v -2.707243 2.534276 3.561041
v -2.742124 2.301500 4.161475
v -2.681168 2.335674 2.837578
v -2.701726 2.517083 3.311841
v -2.707243 2.534276 3.561041
v -2.527541 3.120387 -1.165845
v -2.664556 2.773178 -0.612998
v -2.662485 2.743244 -0.081614
v -2.157905 3.111492 0.037146
v -2.654386 2.738705 0.498193
v -2.147066 3.110033 0.221052
v -1.654580 3.104740 1.497177
v -2.099933 3.082153 2.228579
v -1.463039 3.093778 2.518286
v -1.947426 3.075805 2.846144
v -1.319057 3.092365 2.825136
v -1.484681 3.076331 3.533787
v -1.179205 3.084442 3.505760
v -0.440896 3.123004 2.854623
v -0.444172 3.112571 3.551507
v -0.864984 3.076914 4.405902
v -0.190469 3.090927 4.569867
v -1.632694 3.061567 4.200791
v -2.155348 3.067674 3.039498
v -2.152108 3.081432 2.194711
v -2.158831 3.088526 1.746365
v -1.488176 3.118107 0.824504
v -2.443115 3.096904 0.822136
v -2.016457 3.109554 0.537116
v -1.368565 3.120474 0.823694
v -0.826145 3.138380 0.194460
v -0.835669 3.143353 -0.481318
v -1.569667 3.128873 -0.509541
v -1.500136 3.134379 -1.204204
v -1.321603 3.103010 2.150548
v -0.440323 3.133424 2.241464
v -0.445536 3.141689 1.764293
v -0.440104 3.151968 0.820577
v -0.444087 3.156840 0.173673
v -0.127807 3.151084 0.817473
v -0.072539 3.154794 0.205357
v -2.274228 3.040669 3.521332
v -2.674067 3.016899 4.212154
v -1.414688 3.120883 -1.193099
v -2.658369 2.836882 2.876514
v -2.719971 2.749529 4.743514
v -2.130843 2.917279 4.752300
v -2.643863 2.782790 2.158205
v -2.687647 2.743177 3.513049
v -2.645045 2.737954 2.057644
v -2.719971 2.749529 4.743514
v -2.720957 2.530045 4.751405
v -2.130843 2.917279 4.752300
v -2.136068 2.727901 4.751221
v -2.171034 3.108695 -2.004766
v -2.523510 3.097175 -1.857992
v -2.108555 3.109850 -1.877049
v -2.116326 3.109842 -2.013895
v -0.440323 3.133424 2.241464
v 0.531411 3.116602 3.127175
v -0.062881 3.132290 2.268362
v -0.440896 3.123004 2.854623
v 0.565122 3.119499 -3.070112
v 1.192358 3.157474 -2.546004
v 1.410474 3.165006 -1.933901
v 1.180374 3.165068 -1.028201
v 0.240489 3.159312 -0.534463
v 0.582672 3.162409 -0.201145
v -0.072539 3.154794 0.205357
v 0.623667 3.161875 0.237286
v 0.516430 3.161167 -0.780547
v -0.427304 3.152193 -1.811988
v 0.507540 3.157595 -1.689756
v 0.490927 3.156132 -1.948699
v -0.425574 3.150534 -2.084196
v -0.053223 0.022987 -1.973611
v -0.125481 0.022904 -1.845894
v 0.609345 0.031119 -1.855821
v 0.784639 0.032540 -2.549895
v 4.694105 1.352547 -3.143432
v 5.173243 0.942943 -2.696313
v 5.222423 1.136569 -3.107490
v 4.694105 1.352547 -3.143432
v 5.222423 1.136569 -3.107490
v 5.201681 1.164607 -3.054541
v 5.173243 0.942943 -2.696313
v 3.880980 1.125990 -3.147175
v 4.510152 1.355590 -3.143579
v 2.531450 0.905911 -3.206971
v 1.894556 1.136294 -3.089685
v 2.562373 1.128279 -3.102508
v 2.780330 0.905911 -3.206922
v 2.531450 0.905911 -3.206971
v 1.311774 0.905911 -3.206873
v 1.263850 1.138340 -3.096103
v 1.894556 1.136294 -3.089685
v 1.311774 0.905911 -3.206873
v 0.555854 0.905911 -3.206665
v 1.263850 1.138340 -3.096103
v 0.626956 1.125990 -3.105784
v 2.531450 0.905911 -3.206971
v 2.413971 0.480569 -3.206837
v 1.311774 0.905911 -3.206873
v 1.835817 0.675253 -3.206162
v 1.185014 0.679483 -3.207426
v 0.262131 0.908028 -3.206689
v 0.555854 0.905911 -3.206665
v 4.491591 0.698531 -3.206886
v 3.278870 0.857241 -3.206247
v 3.880980 1.125990 -3.147175
v 3.357230 1.120626 -3.148672
v 4.599803 0.448825 -3.206824
v 4.042523 0.639278 -3.205671
v 4.619131 0.677370 -3.206137
v 3.957696 0.453060 -3.205966
v 4.491591 0.698531 -3.206886
v 5.172573 0.893081 -2.683845
v 2.562373 1.128279 -3.102508
v 3.168344 1.182092 -3.147997
v 3.727389 1.354673 -3.143285
v 3.357230 1.120626 -3.148672
v 2.562373 1.128279 -3.102508
v 3.727389 1.354673 -3.143285
v 0.635262 3.159866 1.015269
v 0.623667 3.161875 0.237286
v 1.208203 3.154031 0.695977
v -0.156794 0.001680 2.673452
v -0.262679 0.003134 1.487200
v -0.013312 0.003043 1.487200
v 0.385810 0.001584 2.175629
v -0.828654 0.001984 2.748011
v -0.141326 0.001521 3.086777
v -0.833294 0.001913 2.871445
v -0.804503 0.003310 1.490316
v -0.439678 0.014313 0.812796
v -0.029644 0.013442 0.814354
v 2.005861 0.002463 2.637437
v 1.859006 0.001759 2.708302
v 2.527711 0.004731 2.135515
v 2.557148 0.004235 2.736918
v 2.530683 0.003960 2.899877
v 2.646226 0.004389 2.901435
v 2.982844 0.004739 3.558709
v 1.905189 0.000542 4.105886
v 3.246607 0.006440 2.886134
v 3.344576 0.005869 3.558709
v 2.545748 0.002467 4.218706
v 3.556358 0.005744 4.211306
v 3.263414 0.006719 2.713161
v 1.779245 0.002438 1.995245
v 1.835670 0.001451 2.867113
v 2.646226 0.004389 2.901435
v 2.530683 0.003960 2.899877
v 1.905189 0.000542 4.105886
v 2.982844 0.004739 3.558709
v 2.005861 0.002463 2.637437
v 1.859006 0.001759 2.708302
v 1.835670 0.001451 2.867113
v 2.530683 0.003960 2.899877
v 3.891807 0.019244 3.530669
v 3.344576 0.005869 3.558709
v 3.902622 0.006119 4.633393
v 4.542609 0.020473 4.200410
v 4.635366 0.021544 3.965996
v 3.556358 0.005744 4.211306
v 2.982844 0.004739 3.558709
v 2.545748 0.002467 4.218706
v -0.141326 0.001521 3.086777
v 0.070444 0.001392 3.564942
v -0.237785 0.001546 3.541480
v 0.293054 0.001388 2.935696
v 0.293054 0.001388 2.935696
v 0.597921 0.001426 2.479226
v 0.562029 0.001309 2.936482
v 1.835670 0.001451 2.867113
v 1.859006 0.001759 2.708302
v 0.385810 0.001584 2.175629
v -1.463526 0.024729 0.167941
v -0.442771 0.014897 0.736470
v -1.285260 0.011387 0.823693
v -0.439678 0.014313 0.812796
v -0.029644 0.013442 0.814354
v -0.096483 0.013859 0.752705
v 0.545806 0.008820 0.817471
v 0.537196 0.012729 0.272675
v 0.535746 0.014359 -0.279031
v 0.589858 0.015830 -0.828834
v 1.202016 0.008086 0.094192
v 1.202016 0.012383 -0.866212
v 1.791521 0.000454 3.845188
v 2.530683 0.003960 2.899877
v 1.905189 0.000542 4.105886
v 1.835670 0.001451 2.867113
v 1.968569 0.000804 4.234671
v 1.905189 0.000542 4.105886
v 2.545748 0.002467 4.218706
v 2.982844 0.004739 3.558709
v 2.609701 0.035074 -1.866865
v 2.482758 0.033915 -1.771139
v 2.454795 0.030769 -0.555313
v 3.180706 0.037717 -1.015734
v 3.935956 0.035216 -1.394529
v 3.239641 0.038596 -1.751284
v 3.361785 0.037229 -1.038693
v 4.247644 0.033261 -0.646990
v 2.925359 3.193515 0.778524
v 2.438694 3.192848 0.780083
v 2.451263 3.192994 0.750497
v 3.941266 3.194948 -0.173118
v 3.284448 3.188125 -0.165265
v 3.826880 3.193948 -0.173118
v 3.194627 3.184512 -1.872766
v 2.552934 3.175767 -1.048448
v 3.236364 3.185045 -1.873932
v 3.816833 3.192635 -1.113668
v 3.890358 3.160537 3.838097
v 4.491591 3.163759 4.196509
v 4.574056 3.164776 4.192545
v 4.553425 3.171107 3.596087
v 3.299452 3.150946 3.940646
v 3.865135 3.150909 4.536833
v 5.193010 3.193927 3.524057
v 5.189965 3.193452 4.620939
v 2.942337 3.164763 3.613218
v 2.944115 3.156723 4.250244
v 4.574056 3.164776 4.192545
v 4.553425 3.171107 3.596087
v 5.189965 3.193452 4.620939
v 5.193010 3.193927 3.524057
v 2.947537 3.175025 2.804864
v 2.947366 3.172883 3.029154
v 3.833396 3.172145 2.764468
v 3.860884 3.169023 3.097675
v 3.269455 3.185912 0.792550
v 3.223613 3.182173 0.963878
v 3.906495 3.189084 1.072906
v 3.877314 3.192189 0.741540
v 2.976657 3.184828 0.147732
v 2.974319 3.183999 0.808122
v 2.954394 3.178285 2.142142
v 3.294909 3.178564 1.490318
v 4.562218 3.186050 2.278903
v 5.193668 3.194219 2.245133
v 5.193095 3.193064 2.878846
v 4.538749 3.177134 3.093785
v 4.173144 3.182582 2.197436
v 4.435945 3.178943 2.846917
v 4.562218 3.186050 2.278903
v 4.538749 3.177134 3.093785
v 5.193668 3.194219 2.245133
v 3.294909 3.178564 1.490318
v 3.833396 3.172145 2.764468
v 3.978376 3.185870 1.580657
v 5.193095 3.193064 2.878846
v 5.082960 3.174367 1.531573
v 1.968764 3.186821 2.273749
v 1.271181 3.154673 2.785782
v 2.390587 3.192631 2.905916
v 1.263228 3.142923 3.482384
v 2.390587 3.192631 2.905916
v 1.270122 3.139472 3.829716
v 2.509808 3.151509 3.558710
v 1.263228 3.142923 3.482384
v 2.390587 3.192631 2.905916
v 2.509808 3.151509 3.558710
v 2.947366 3.172883 3.029154
v 2.942337 3.164763 3.613218
v -2.665554 2.812074 -1.232059
v -2.664349 2.708858 -1.683915
v -2.664556 2.773178 -0.612998
v -2.677441 2.723154 -0.611562
v -2.698353 2.510018 1.442227
v -2.709082 2.507113 0.745184
v -2.685954 2.593262 0.801888
v -2.686783 2.509413 2.681049
v -2.701726 2.517083 3.311841
v -2.643863 2.782790 2.158205
v -2.658369 2.836882 2.876514
v -2.681168 2.335674 2.837578
v -2.661072 2.336653 2.193349
v -2.743281 1.844152 3.450454
v -2.666480 2.195695 3.281593
v -2.752525 2.067670 3.807468
v -2.746095 1.842397 3.617954
v -2.741442 2.059138 4.740544
v -2.743318 1.973215 4.735489
v -2.770977 2.181620 2.184968
v -2.771354 1.879864 2.804863
v -2.746095 1.842397 3.617954
v -2.745230 1.599802 3.625648
v -2.753804 1.604749 4.197392
v -2.744256 1.491817 3.513539
v -2.743281 1.844152 3.450454
v -2.753500 1.575536 4.247519
v -2.743318 1.973215 4.735489
v -2.752525 2.067670 3.807468
v -2.741442 2.059138 4.740544
v -2.722443 1.644441 3.299202
v -2.716414 1.512449 3.293446
v -2.666480 2.195695 3.281593
v -2.745230 1.599802 3.625648
v -2.746095 1.842397 3.617954
v -2.743318 1.973215 4.735489
v -2.753804 1.604749 4.197392
v -2.707243 2.534276 3.561041
v -2.742124 2.301500 4.161475
v -2.720957 2.530045 4.751405
v -2.737606 2.280206 4.736336
v -2.741442 2.059138 4.740544
v -2.752525 2.067670 3.807468
v -2.666480 2.195695 3.281593
v -2.681168 2.335674 2.837578
v -2.608020 1.807253 1.247338
v -2.695588 1.415892 0.146418
v -2.605950 1.567600 1.241117
v -2.695478 1.719995 0.150603
v 1.311774 0.905911 -3.206873
v 2.531450 0.905911 -3.206971
v 2.780330 0.905911 -3.206922
v 1.835817 0.675253 -3.206162
v 2.413971 0.480569 -3.206837
v 2.684493 0.480569 -3.207180
v -2.668027 0.686890 -1.182399
v -2.667637 0.912258 -1.191737
v -2.637883 1.096414 -0.389813
v -2.669147 0.714403 -0.149559
v -2.648017 1.167124 0.932721
v -2.605950 1.567600 1.241117
v -2.608020 1.807253 1.247338
v -2.648017 1.167124 0.932721
v -2.633730 1.097277 0.896902
v -2.674323 1.143121 2.026499
v -2.687355 1.068317 1.920195
v -2.716414 0.025600 3.292685
v -2.195770 0.011137 2.237929
v -2.772170 0.410737 2.829785
v -2.772085 0.448295 2.730108
v -1.858774 0.001888 3.558709
v -1.802738 0.002155 2.955220
v -0.977251 0.001713 3.516656
v -0.833294 0.001913 2.871445
v -2.771586 0.752361 2.945820
v -2.679914 0.497499 4.063343
v -2.682763 0.723922 4.124084
v -2.769515 0.576520 2.989554
v -2.137834 0.643509 4.761110
v -2.136908 0.754144 4.754889
v -2.136105 0.732654 4.761110
v -2.680827 0.450942 4.060226
v -2.138528 0.425150 4.761110
v -2.138528 0.425150 4.761110
v -2.679914 0.497499 4.063343
v -2.137834 0.643509 4.761110
v -2.680827 0.450942 4.060226
v 4.562218 3.186050 2.278903
v 5.082960 3.174367 1.531573
v 5.193424 3.196632 1.593959
v 5.193668 3.194219 2.245133
v 4.553425 3.171107 3.596087
v 4.538749 3.177134 3.093785
v 5.193095 3.193064 2.878846
v 5.193010 3.193927 3.524057
v 4.577003 3.197895 -1.712826
v 4.617389 3.199512 -0.856283
v 4.585114 3.199933 -0.522008
v 5.192438 3.197991 1.134421
v 3.906495 3.189084 1.072906
v 4.325614 3.193323 1.132090
v 4.325614 3.193323 1.132090
v 3.223613 3.182173 0.963878
v 3.906495 3.189084 1.072906
v 4.624538 0.197373 -3.151102
v 5.227294 0.201241 -3.042074
v 5.200525 0.002322 -2.492074
v 3.875572 0.036850 -2.230603
v 3.935956 0.035216 -1.394529
v 5.199611 0.001259 -1.689107
v 5.200525 0.002322 -2.492074
v 5.198089 0.002322 -1.134113
v 3.876632 0.032898 0.106218
v 5.197102 0.002322 -0.535152
v 4.247644 0.033261 -0.646990
vt 0.869622 0.485744
vt 0.882276 0.487183
vt 0.893325 0.513390
vt 0.878906 0.504524
vt 0.909969 0.526497
vt 0.876663 0.528863
vt 0.913521 0.497431
vt 0.913521 0.457815
vt 0.030225 0.735790
vt 0.042030 0.703584
vt 0.057491 0.698773
vt 0.060140 0.722366
vt 0.015364 0.674867
vt 0.060140 0.637211
vt 0.169886 0.725133
vt 0.246269 0.725133
vt 0.205256 0.711812
vt 0.550064 0.965820
vt 0.526339 0.999556
vt 0.554434 0.999556
vt 0.545435 0.965808
vt 0.936348 0.310391
vt 0.902985 0.283567
vt 0.936177 0.258534
vt 0.908819 0.250000
vt 0.936348 0.252135
vt 0.903600 0.292256
vt 0.147937 0.931172
vt 0.117439 0.902753
vt 0.111062 0.903680
vt 0.113642 0.931172
vt 0.892449 0.182176
vt 0.932836 0.175400
vt 0.905526 0.234666
vt 0.932836 0.241119
vt 0.875768 0.683393
vt 0.934040 0.642540
vt 0.882149 0.655766
vt 0.940737 0.683393
vt 0.866616 0.097247
vt 0.852941 0.083412
vt 0.867867 0.047513
vt 0.867867 0.089367
vt 0.232221 0.918739
vt 0.225607 0.895648
vt 0.179613 0.918739
vt 0.133889 0.906715
vt 0.195637 0.896360
vt 0.073310 0.694938
vt 0.121598 0.694938
vt 0.093899 0.694050
vt 0.397278 0.196006
vt 0.400348 0.203819
vt 0.405406 0.194938
vt 0.431519 0.203819
vt 0.068042 0.717220
vt 0.064530 0.732613
vt 0.064749 0.708259
vt 0.068042 0.734014
vt 0.914428 0.127437
vt 0.948639 0.173623
vt 0.914399 0.149199
vt 0.948639 0.119449
vt 0.957980 0.730462
vt 0.971466 0.748796
vt 0.953029 0.765327
vt 0.971466 0.785524
vt 0.679982 0.956502
vt 0.700137 0.972025
vt 0.731782 0.972025
vt 0.708633 0.952487
vt 0.474712 0.836455
vt 0.423617 0.874141
vt 0.423992 0.843740
vt 0.456007 0.902753
vt 0.479807 0.836486
vt 0.479785 0.834369
vt 0.475961 0.834802
vt 0.479807 0.900493
vt 0.652766 0.700266
vt 0.652766 0.765986
vt 0.629939 0.747611
vt 0.736172 0.142073
vt 0.738040 0.107904
vt 0.751975 0.125969
vt 0.751975 0.174512
vt 0.239245 0.991563
vt 0.236996 0.969292
vt 0.195347 0.991563
vt 0.204942 0.968472
vt 0.734416 0.025311
vt 0.784641 0.025311
vt 0.810799 0.007975
vt 0.754894 0.003108
vt 0.724759 0.992451
vt 0.729773 0.976251
vt 0.756365 0.991598
vt 0.756365 0.956039
vt 0.740562 0.551954
vt 0.740562 0.608792
vt 0.729883 0.600419
vt 0.716857 0.578669
vt 0.527711 0.160938
vt 0.577261 0.169183
vt 0.560522 0.144076
vt 0.504610 0.139666
vt 0.536013 0.118561
vt 0.513644 0.129755
vt 0.480685 0.165386
vt 0.513237 0.169183
vt 0.393556 0.874334
vt 0.389377 0.876110
vt 0.413960 0.876110
vt 0.229587 0.026554
vt 0.294557 0.005773
vt 0.294557 0.051066
vt 0.261419 0.007664
vt 0.852063 0.683393
vt 0.838016 0.650927
vt 0.852063 0.623890
vt 0.241879 0.989787
vt 0.283143 0.964032
vt 0.248735 0.964967
vt 0.276194 0.989787
vt 0.897717 0.064650
vt 0.870500 0.123436
vt 0.875039 0.062611
vt 0.895256 0.129229
vt 0.872037 0.158010
vt 0.897717 0.163854
vt 0.981458 0.441829
vt 0.993415 0.406305
vt 0.993415 0.440866
vt 0.980246 0.434534
vt 0.636084 0.821048
vt 0.693152 0.821048
vt 0.658203 0.819272
vt 0.999319 0.789076
vt 0.999561 0.757969
vt 0.973222 0.755329
vt 0.974969 0.789076
vt 0.019159 0.955878
vt 0.068920 0.972913
vt 0.060919 0.942718
vt 0.016242 0.972913
vt 0.902985 0.349642
vt 0.905619 0.322824
vt 0.905619 0.354796
vt 0.057507 0.772202
vt 0.006585 0.789175
vt 0.013768 0.773629
vt 0.057507 0.803286
vt 0.939860 0.272392
vt 0.941222 0.303286
vt 0.978490 0.264210
vt 0.976126 0.303286
vt 0.377262 0.575044
vt 0.357770 0.575369
vt 0.387621 0.578597
vt 0.362382 0.578597
vt 0.282948 0.313055
vt 0.291923 0.264210
vt 0.291923 0.283649
vt 0.271730 0.277354
vt 0.903918 0.398734
vt 0.907375 0.380551
vt 0.907375 0.402753
vt 0.899473 0.382912
vt 0.138820 0.313530
vt 0.102933 0.325488
vt 0.140035 0.325488
vt 0.101138 0.323896
vt 0.105608 0.310391
vt 0.080334 0.317086
vt 0.277034 0.750888
vt 0.277501 0.759964
vt 0.309482 0.765986
vt 0.243227 0.765986
vt 0.241001 0.751795
vt 0.979368 0.670959
vt 0.982121 0.636135
vt 0.999561 0.631883
vt 0.999561 0.670145
vt 0.634328 0.896536
vt 0.572871 0.861206
vt 0.634328 0.839698
vt 0.811045 0.474813
vt 0.852653 0.493214
vt 0.808619 0.510242
vt 0.846257 0.522992
vt 0.877524 0.542185
vt 0.864793 0.497812
vt 0.849122 0.440180
vt 0.816320 0.424956
vt 0.805531 0.457127
vt 0.877524 0.453071
vt 0.276119 0.626554
vt 0.269414 0.575792
vt 0.229587 0.626554
vt 0.250028 0.573268
vt 0.947761 0.764210
vt 0.947761 0.813943
vt 0.911765 0.813807
vt 0.912440 0.793539
vt 0.306848 0.933837
vt 0.324407 0.933837
vt 0.312166 0.927620
vt 0.965320 0.100702
vt 0.974978 0.088366
vt 0.974978 0.135435
vt 0.865233 0.202361
vt 0.872256 0.183065
vt 0.872256 0.221581
vt 0.865740 0.158526
vt 0.590067 0.548401
vt 0.590430 0.545686
vt 0.556190 0.548401
vt 0.564101 0.543961
vt 0.997805 0.369988
vt 0.992802 0.377886
vt 0.997805 0.332593
vt 0.990781 0.348495
vt 0.957419 0.828861
vt 0.957959 0.824961
vt 0.968832 0.861901
vt 0.968832 0.795293
vt 0.089113 0.985346
vt 0.142669 0.985346
vt 0.096248 0.972025
vt 0.327041 0.342362
vt 0.327041 0.374334
vt 0.321074 0.342495
vt 0.312116 0.371377
vt 0.831870 0.416075
vt 0.833060 0.431172
vt 0.897321 0.419028
vt 0.899473 0.431172
vt 0.352714 0.534192
vt 0.360404 0.492451
vt 0.360404 0.524616
vt 0.349868 0.499892
vt 0.829236 0.980906
vt 0.798005 0.972395
vt 0.829236 0.964920
vt 0.797629 0.967979
vt 0.767779 0.673388
vt 0.771291 0.664742
vt 0.771291 0.687833
vt 0.675823 0.998668
vt 0.701932 0.998668
vt 0.666813 0.997375
vt 0.697274 0.987123
vt 0.423617 0.666178
vt 0.417437 0.664742
vt 0.388499 0.670071
vt 0.420613 0.670071
vt 0.620281 0.342362
vt 0.620281 0.382327
vt 0.599210 0.367521
vt 0.608105 0.375473
vt 0.999561 0.250000
vt 0.991624 0.249104
vt 0.981124 0.213999
vt 0.999561 0.210924
vt 0.972344 0.985346
vt 0.941560 0.979130
vt 0.914399 0.985346
vt 0.276119 0.591030
vt 0.280509 0.591205
vt 0.280509 0.612345
vt 0.276978 0.608887
vt 0.686043 0.359545
vt 0.696630 0.324102
vt 0.639893 0.308004
vt 0.698660 0.262390
vt 0.639673 0.292114
vt 0.730290 0.343854
vt 0.701451 0.389884
vt 0.640747 0.360988
vt 0.641360 0.395736
vt 0.700251 0.406558
vt 0.641993 0.430512
vt 0.697059 0.432132
vt 0.640260 0.330465
vt 0.731782 0.391971
vt 0.665606 0.227077
vt 0.698090 0.240146
vt 0.703034 0.296609
vt 0.731364 0.257947
vt 0.697813 0.203419
vt 0.731356 0.201155
vt 0.731782 0.254109
vt 0.642714 0.213693
vt 0.636084 0.410656
vt 0.636488 0.433837
vt 0.655607 0.223847
vt 0.663878 0.229532
vt 0.779810 0.141281
vt 0.811990 0.193828
vt 0.789345 0.173628
vt 0.778098 0.185551
vt 0.775161 0.140047
vt 0.768965 0.147623
vt 0.762480 0.110726
vt 0.759836 0.111008
vt 0.760860 0.171643
vt 0.766341 0.191383
vt 0.785514 0.211346
vt 0.770685 0.212767
vt 0.763771 0.240047
vt 0.770619 0.274867
vt 0.788976 0.253580
vt 0.797614 0.238492
vt 0.758121 0.210060
vt 0.803542 0.237940
vt 0.799974 0.206759
vt 0.818437 0.234792
vt 0.804166 0.206253
vt 0.816442 0.208335
vt 0.829236 0.239989
vt 0.812273 0.184722
vt 0.798784 0.164583
vt 0.809467 0.158730
vt 0.789638 0.132248
vt 0.804370 0.100516
vt 0.786808 0.081462
vt 0.771330 0.093057
vt 0.792343 0.080373
vt 0.815642 0.090498
vt 0.817099 0.098503
vt 0.829236 0.159369
vt 0.778646 0.135082
vt 0.202291 0.202730
vt 0.187193 0.202850
vt 0.202531 0.171734
vt 0.191775 0.162669
vt 0.190861 0.239624
vt 0.228873 0.205472
vt 0.202571 0.208994
vt 0.225533 0.229599
vt 0.223841 0.261240
vt 0.252270 0.263958
vt 0.282449 0.265098
vt 0.292177 0.213709
vt 0.292458 0.208503
vt 0.293894 0.212534
vt 0.294557 0.208654
vt 0.227336 0.171824
vt 0.261461 0.165495
vt 0.156562 0.208895
vt 0.157594 0.195895
vt 0.158995 0.265098
vt 0.143168 0.263882
vt 0.111173 0.214930
vt 0.124026 0.263490
vt 0.091766 0.236694
vt 0.110726 0.201850
vt 0.061966 0.178806
vt 0.030628 0.205465
vt 0.030412 0.212124
vt 0.158460 0.149769
vt 0.110917 0.170200
vt 0.144668 0.137191
vt 0.110833 0.133506
vt 0.129160 0.099533
vt 0.110481 0.101028
vt 0.090599 0.134166
vt 0.061270 0.170130
vt 0.091267 0.099857
vt 0.286312 0.139305
vt 0.259285 0.104648
vt 0.282308 0.108337
vt 0.204788 0.137049
vt 0.195554 0.073786
vt 0.162466 0.119181
vt 0.258438 0.071141
vt 0.196629 0.038967
vt 0.259043 0.072669
vt 0.283289 0.071876
vt 0.166772 0.056550
vt 0.175138 0.031678
vt 0.201443 0.000444
vt 0.234956 0.034609
vt 0.165138 0.096637
vt 0.090093 0.264202
vt 0.032415 0.261500
vt 0.011966 0.260495
vt 0.027632 0.212192
vt 0.000439 0.218512
vt 0.014436 0.205309
vt 0.004647 0.179979
vt 0.258253 0.562393
vt 0.256352 0.546524
vt 0.266111 0.563334
vt 0.218710 0.551776
vt 0.297865 0.615897
vt 0.344168 0.570339
vt 0.368299 0.612422
vt 0.332357 0.550363
vt 0.295071 0.502264
vt 0.344909 0.511806
vt 0.319818 0.485789
vt 0.331324 0.615292
vt 0.275441 0.471823
vt 0.329442 0.477444
vt 0.370939 0.491669
vt 0.351155 0.455065
vt 0.251470 0.486841
vt 0.230535 0.514036
vt 0.214722 0.551020
vt 0.234339 0.583571
vt 0.177720 0.568432
vt 0.195326 0.578223
vt 0.213023 0.615897
vt 0.200797 0.533298
vt 0.315392 0.446270
vt 0.309150 0.449821
vt 0.284106 0.464299
vt 0.138710 0.560389
vt 0.133889 0.605195
vt 0.161754 0.533290
vt 0.181561 0.519230
vt 0.215753 0.496512
vt 0.588167 0.796883
vt 0.567676 0.763382
vt 0.546426 0.797231
vt 0.529419 0.767505
vt 0.603951 0.757452
vt 0.603535 0.766631
vt 0.559420 0.732238
vt 0.660164 0.767632
vt 0.662423 0.787840
vt 0.626519 0.809503
vt 0.506146 0.772941
vt 0.530440 0.809503
vt 0.412112 0.104634
vt 0.377802 0.090438
vt 0.374451 0.072171
vt 0.388247 0.128934
vt 0.411464 0.153197
vt 0.431372 0.132515
vt 0.410229 0.019026
vt 0.432656 0.046971
vt 0.558814 0.053359
vt 0.545321 0.100971
vt 0.516158 0.070682
vt 0.537043 0.045882
vt 0.572401 0.038468
vt 0.570808 0.034589
vt 0.514433 0.122015
vt 0.493136 0.094280
vt 0.485483 0.046148
vt 0.470602 0.077504
vt 0.453739 0.015277
vt 0.458224 0.105260
vt 0.450328 0.151995
vt 0.476550 0.131309
vt 0.479764 0.134508
vt 0.546314 0.112579
vt 0.587844 0.102831
vt 0.594955 0.097165
vt 0.611929 0.051711
vt 0.598058 0.153197
vt 0.615891 0.126609
vt 0.522698 0.036555
vt 0.547496 0.010213
vt 0.083568 0.033995
vt 0.035101 0.003108
vt 0.060747 0.033776
vt 0.000439 0.011106
vt 0.001164 0.040775
vt 0.086121 0.003311
vt 0.037169 0.097247
vt 0.097569 0.097247
vt 0.114432 0.068257
vt 0.131255 0.035104
vt 0.079817 0.735965
vt 0.130542 0.771788
vt 0.073535 0.770852
vt 0.099561 0.799129
vt 0.052488 0.738808
vt 0.062222 0.769381
vt 0.025054 0.738852
vt 0.130882 0.734772
vt 0.085235 0.804174
vt 0.001317 0.770878
vt 0.104393 0.704707
vt 0.081546 0.705116
vt 0.136878 0.768120
vt 0.147059 0.804174
vt 0.761792 0.910746
vt 0.814498 0.868059
vt 0.824672 0.910746
vt 0.749342 0.864565
vt 0.838381 0.872058
vt 0.845039 0.903416
vt 0.628139 0.539127
vt 0.624921 0.566626
vt 0.594246 0.544020
vt 0.662291 0.519021
vt 0.594788 0.539490
vt 0.630961 0.511929
vt 0.593064 0.507549
vt 0.743677 0.693221
vt 0.726771 0.694075
vt 0.716333 0.660284
vt 0.743259 0.696714
vt 0.685228 0.606988
vt 0.678622 0.620769
vt 0.648230 0.648677
vt 0.715097 0.642687
vt 0.715819 0.618295
vt 0.701875 0.586949
vt 0.686212 0.583230
vt 0.679294 0.521913
vt 0.653772 0.579907
vt 0.679596 0.518092
vt 0.659358 0.515547
vt 0.653905 0.591419
vt 0.726309 0.556384
vt 0.703648 0.660157
vt 0.730424 0.635673
vt 0.748464 0.653967
vt 0.748464 0.624730
vt 0.694165 0.690180
vt 0.678078 0.668968
vt 0.643901 0.654607
vt 0.673475 0.687855
vt 0.638439 0.695041
vt 0.599096 0.678282
vt 0.611890 0.644753
vt 0.618971 0.593696
vt 0.557279 0.429488
vt 0.559718 0.473111
vt 0.593064 0.470294
vt 0.592698 0.452770
vt 0.593064 0.417621
vt 0.590641 0.518206
vt 0.562426 0.389432
vt 0.564728 0.518174
vt 0.537752 0.454027
vt 0.555531 0.579988
vt 0.498034 0.554694
vt 0.501487 0.541420
vt 0.549459 0.590363
vt 0.561532 0.556564
vt 0.504125 0.530689
vt 0.536683 0.534273
vt 0.557715 0.568332
vt 0.532767 0.533597
vt 0.582272 0.573886
vt 0.580561 0.580203
vt 0.591734 0.565937
vt 0.582505 0.589004
vt 0.562873 0.595959
vt 0.591830 0.593005
vt 0.591228 0.584019
vt 0.547495 0.600452
vt 0.609745 0.609680
vt 0.515709 0.581600
vt 0.509752 0.583916
vt 0.463934 0.565878
vt 0.461231 0.569016
vt 0.484540 0.550581
vt 0.487766 0.539163
vt 0.428580 0.541470
vt 0.432529 0.553126
vt 0.514728 0.596514
vt 0.520580 0.598286
vt 0.463898 0.580326
vt 0.456195 0.589796
vt 0.487569 0.609680
vt 0.425255 0.559218
vt 0.433722 0.583479
vt 0.401823 0.574968
vt 0.394179 0.550800
vt 0.384415 0.572509
vt 0.347196 0.562579
vt 0.350034 0.565893
vt 0.448237 0.588814
vt 0.398800 0.536282
vt 0.371823 0.528714
vt 0.345478 0.548055
vt 0.482118 0.536961
vt 0.488491 0.522243
vt 0.432123 0.518015
vt 0.430624 0.524204
vt 0.448925 0.510832
vt 0.489709 0.514182
vt 0.506139 0.516281
vt 0.538173 0.514972
vt 0.506882 0.505773
vt 0.563405 0.522963
vt 0.538830 0.525201
vt 0.569168 0.531850
vt 0.589146 0.542231
vt 0.132966 0.501435
vt 0.067418 0.497976
vt 0.069037 0.501841
vt 0.133011 0.465808
vt 0.132954 0.534684
vt 0.069876 0.535704
vt 0.098809 0.567639
vt 0.037805 0.595759
vt 0.037002 0.628628
vt 0.020298 0.600263
vt 0.001913 0.629832
vt 0.033855 0.535116
vt 0.000938 0.555205
vt 0.133011 0.597829
vt 0.132997 0.623977
vt 0.069751 0.611357
vt 0.101045 0.665581
vt 0.068235 0.663184
vt 0.105188 0.691385
vt 0.068238 0.669584
vt 0.000439 0.599695
vt 0.428438 0.820194
vt 0.406223 0.821244
vt 0.424231 0.794405
vt 0.407689 0.796840
vt 0.365030 0.796729
vt 0.492993 0.817106
vt 0.458627 0.818780
vt 0.460163 0.794861
vt 0.390508 0.821936
vt 0.327919 0.798507
vt 0.507902 0.821936
vt 0.870500 0.631157
vt 0.859075 0.637534
vt 0.858862 0.604795
vt 0.870500 0.669183
vt 0.838894 0.599332
vt 0.849038 0.575712
vt 0.839000 0.636678
vt 0.870500 0.569802
vt 0.849038 0.562103
vt 0.870500 0.557282
vt 0.079660 0.834833
vt 0.082626 0.836713
vt 0.090869 0.879191
vt 0.071304 0.849546
vt 0.053754 0.877800
vt 0.082972 0.889307
vt 0.033362 0.840912
vt 0.015923 0.872895
vt 0.042526 0.895648
vt 0.001317 0.895648
vt 0.087831 0.805663
vt 0.035769 0.818571
vt 0.045546 0.805062
vt 0.563213 0.303224
vt 0.534363 0.336175
vt 0.528973 0.302548
vt 0.563213 0.337034
vt 0.533771 0.252664
vt 0.544038 0.268168
vt 0.005925 0.499975
vt 0.042461 0.499951
vt 0.029163 0.488836
vt 0.025559 0.487123
vt 0.056629 0.534192
vt 0.003951 0.534192
vt 0.390424 0.522965
vt 0.425373 0.524423
vt 0.387748 0.472913
vt 0.368306 0.524423
vt 0.519779 0.336355
vt 0.522561 0.302483
vt 0.513028 0.335173
vt 0.518712 0.373046
vt 0.511844 0.304967
vt 0.500854 0.268467
vt 0.487864 0.247062
vt 0.499908 0.288747
vt 0.520222 0.249181
vt 0.521347 0.225078
vt 0.513565 0.238160
vt 0.499513 0.224969
vt 0.488133 0.209505
vt 0.525303 0.357586
vt 0.527715 0.376458
vt 0.514182 0.405233
vt 0.513340 0.439953
vt 0.524519 0.328793
vt 0.525094 0.302330
vt 0.524824 0.436664
vt 0.512831 0.468004
vt 0.526983 0.441779
vt 0.504350 0.443290
vt 0.506430 0.174512
vt 0.514479 0.369974
vt 0.503318 0.407245
vt 0.501559 0.389736
vt 0.493354 0.389957
vt 0.494258 0.351397
vt 0.478929 0.387546
vt 0.484057 0.337783
vt 0.525284 0.174778
vt 0.528120 0.175035
vt 0.494408 0.439902
vt 0.494772 0.443846
vt 0.503986 0.499556
vt 0.508366 0.476088
vt 0.555312 0.341085
vt 0.547169 0.373801
vt 0.555312 0.421935
vt 0.899612 0.770426
vt 0.903863 0.770649
vt 0.903863 0.845027
vt 0.871378 0.829245
vt 0.690518 0.950781
vt 0.737307 0.951599
vt 0.723743 0.934607
vt 0.690535 0.934600
vt 0.762511 0.932060
vt 0.760971 0.951599
vt 0.860843 0.249033
vt 0.883237 0.202756
vt 0.899473 0.225582
vt 0.899473 0.288188
vt 0.866647 0.270462
vt 0.892348 0.192274
vt 0.893327 0.946270
vt 0.915909 0.905417
vt 0.944249 0.946270
vt 0.940490 0.921767
vt 0.558514 0.855365
vt 0.527079 0.845915
vt 0.532012 0.881870
vt 0.581651 0.896536
vt 0.566995 0.857256
vt 0.481563 0.896536
vt 0.757825 0.784636
vt 0.777165 0.781723
vt 0.788090 0.764419
vt 0.781955 0.757105
vt 0.794781 0.784636
vt 0.828358 0.757490
vt 0.750219 0.770482
vt 0.684163 0.497577
vt 0.723881 0.491563
vt 0.723881 0.536856
vt 0.665057 0.503226
vt 0.372037 0.769448
vt 0.366404 0.790195
vt 0.396280 0.789744
vt 0.322376 0.769341
vt 0.346949 0.768672
vt 0.405569 0.789489
vt 0.404739 0.768925
vt 0.439191 0.789363
vt 0.438744 0.766874
vt 0.338172 0.790853
vt 0.271730 0.775363
vt 0.273219 0.788835
vt 0.494732 0.790853
vt 0.488399 0.776851
vt 0.293420 0.930284
vt 0.260316 0.961368
vt 0.263941 0.957199
vt 0.312116 0.961368
vt 0.345646 0.881297
vt 0.326652 0.879663
vt 0.342613 0.900436
vt 0.406058 0.881241
vt 0.312116 0.912522
vt 0.389811 0.912522
vt 0.661236 0.795293
vt 0.691396 0.817496
vt 0.622968 0.817496
vt 0.622037 0.815050
vt 0.938982 0.698490
vt 0.917032 0.728890
vt 0.936482 0.768650
vt 0.938982 0.768143
vt 0.757243 0.203819
vt 0.735294 0.240624
vt 0.757243 0.269538
vt 0.738671 0.257086
vt 0.974100 0.394760
vt 0.974100 0.441829
vt 0.944249 0.432587
vt 0.040825 0.138099
vt 0.079917 0.138099
vt 0.089991 0.102575
vt 0.051825 0.106249
vt 0.468473 0.022647
vt 0.466637 0.009008
vt 0.516982 0.001332
vt 0.533363 0.022647
vt 0.155838 0.633659
vt 0.155838 0.673467
vt 0.122001 0.662073
vt 0.121598 0.681616
vt 0.837802 0.162138
vt 0.863477 0.150168
vt 0.862725 0.189094
vt 0.862629 0.196362
vt 0.828358 0.127297
vt 0.828610 0.106128
vt 0.863477 0.123059
vt 0.828819 0.191251
vt 0.859990 0.235790
vt 0.392888 0.203819
vt 0.370061 0.177416
vt 0.375806 0.128330
vt 0.392888 0.138946
vt 0.537185 0.838288
vt 0.534638 0.824762
vt 0.492754 0.853020
vt 0.491220 0.839983
vt 0.591245 0.853020
vt 0.617665 0.812624
vt 0.549956 0.798845
vt 0.618525 0.819504
vt 0.005707 0.338408
vt 0.007316 0.304174
vt 0.023266 0.366341
vt 0.023266 0.328493
vt 0.886707 0.570156
vt 0.872256 0.583768
vt 0.894164 0.603836
vt 0.898378 0.637211
vt 0.899473 0.538632
vt 0.899473 0.606814
vt 0.217099 0.789483
vt 0.183750 0.784254
vt 0.215549 0.787075
vt 0.241694 0.789486
vt 0.181083 0.777663
vt 0.189439 0.777531
vt 0.221144 0.797507
vt 0.241067 0.796884
vt 0.262706 0.788953
vt 0.263421 0.796884
vt 0.232514 0.787198
vt 0.153205 0.803381
vt 0.232109 0.831638
vt 0.191420 0.831705
vt 0.287755 0.831705
vt 0.297470 0.798319
vt 0.322651 0.831667
vt 0.187800 0.831693
vt 0.187951 0.800767
vt 0.911765 0.316607
vt 0.861721 0.316607
vt 0.899480 0.293372
vt 0.870889 0.282860
vt 0.361616 0.072366
vt 0.335410 0.015349
vt 0.353255 0.012877
vt 0.366550 0.067686
vt 0.338532 0.074916
vt 0.347386 0.070817
vt 0.346949 0.109283
vt 0.329736 0.016110
vt 0.343611 0.107611
vt 0.299768 0.123897
vt 0.307442 0.096813
vt 0.320585 0.107963
vt 0.307360 0.078373
vt 0.302343 0.061850
vt 0.289562 0.117197
vt 0.294463 0.144141
vt 0.289289 0.080334
vt 0.348995 0.176998
vt 0.347148 0.128107
vt 0.353001 0.139304
vt 0.363818 0.166088
vt 0.366550 0.100408
vt 0.360085 0.131753
vt 0.337090 0.147906
vt 0.334365 0.130557
vt 0.329340 0.167261
vt 0.321261 0.113761
vt 0.305066 0.154269
vt 0.300131 0.183007
vt 0.310133 0.256808
vt 0.323695 0.279038
vt 0.325686 0.292695
vt 0.347772 0.294410
vt 0.348997 0.319936
vt 0.335859 0.319981
vt 0.345940 0.281845
vt 0.304773 0.219312
vt 0.329226 0.248419
vt 0.324645 0.215533
vt 0.331396 0.182106
vt 0.336961 0.220269
vt 0.301296 0.190249
vt 0.321818 0.290370
vt 0.330041 0.332229
vt 0.343664 0.360089
vt 0.333679 0.357174
vt 0.349947 0.382327
vt 0.301173 0.230364
vt 0.362923 0.321880
vt 0.331623 0.108364
vt 0.326551 0.066340
vt 0.343173 0.183943
vt 0.357543 0.281633
vt 0.352389 0.210418
vt 0.301372 0.019516
vt 0.309214 0.018400
vt 0.954785 0.923179
vt 0.976734 0.923179
vt 0.970644 0.869893
vt 0.973367 0.870300
vt 0.187466 0.948046
vt 0.219052 0.966696
vt 0.156280 0.966696
vt 0.152327 0.958893
vt 0.197981 0.484948
vt 0.156169 0.483570
vt 0.135645 0.511101
vt 0.177146 0.511101
vt 0.423617 0.678064
vt 0.486831 0.678064
vt 0.478585 0.659414
vt 0.624671 0.204707
vt 0.678835 0.204707
vt 0.647118 0.183393
vt 0.683494 0.193060
vt 0.849284 0.300845
vt 0.847202 0.350504
vt 0.830114 0.318974
vt 0.847198 0.358396
vt 0.859965 0.347151
vt 0.856407 0.285862
vt 0.830327 0.299332
vt 0.851288 0.352713
vt 0.830587 0.283103
vt 0.830152 0.354420
vt 0.830128 0.416075
vt 0.843640 0.284581
vt 0.859965 0.254440
vt 0.852063 0.972913
vt 0.910258 0.959222
vt 0.913521 0.972913
vt 0.853821 0.953375
vt 0.952151 0.649645
vt 0.935470 0.616497
vt 0.952151 0.583037
vt 0.807557 0.988899
vt 0.810799 0.983303
vt 0.780946 0.968472
vt 0.764267 0.988899
vt 0.492098 0.956927
vt 0.544056 0.948670
vt 0.498851 0.934725
vt 0.557068 0.956927
vt 0.152327 0.721581
vt 0.152327 0.786412
vt 0.136523 0.751806
vt 0.979368 0.376110
vt 0.961809 0.335315
vt 0.966807 0.365064
vt 0.979368 0.319272
vt 0.028534 0.907217
vt 0.028534 0.945382
vt 0.003951 0.900089
vt 0.005316 0.942763
vt 0.965454 0.198490
vt 0.976734 0.254440
vt 0.976734 0.200503
vt 0.955663 0.235835
vt 0.107235 0.869545
vt 0.142961 0.878477
vt 0.114516 0.885939
vt 0.112035 0.887761
vt 0.077016 0.892860
vt 0.083498 0.895415
vt 0.075944 0.897425
vt 0.143052 0.897425
vt 0.143306 0.881376
vt 0.164076 0.890588
vt 0.155519 0.863876
vt 0.140515 0.854597
vt 0.105658 0.855594
vt 0.104410 0.846056
vt 0.155886 0.838359
vt 0.155635 0.820160
vt 0.169886 0.826430
vt 0.953110 0.499556
vt 0.988147 0.515542
vt 0.980186 0.500418
vt 0.953029 0.515542
vt 0.406936 0.993339
vt 0.363916 0.993339
vt 0.388372 0.972025
vt 0.377129 0.978695
vt 0.317384 0.924956
vt 0.352333 0.924956
vt 0.347653 0.908082
vt 0.380597 0.912261
vt 0.470149 0.989787
vt 0.420983 0.989787
vt 0.426443 0.972025
vt 0.455859 0.976288
vt 0.734416 0.198490
vt 0.711340 0.183393
vt 0.683494 0.198490
vt 0.026778 0.847245
vt 0.026778 0.796181
vt 0.015244 0.849467
vt 0.010097 0.806934
vt 0.320674 0.936726
vt 0.310360 0.939817
vt 0.351015 0.946614
vt 0.384987 0.949822
vt 0.357501 0.932948
vt 0.317928 0.949822
vt 0.213713 0.775755
vt 0.200443 0.755329
vt 0.178624 0.775755
vt 0.173398 0.765497
vt 0.242757 0.775705
vt 0.230786 0.755664
vt 0.485798 0.958703
vt 0.484745 0.938466
vt 0.451908 0.958703
vt 0.452683 0.939459
vt 0.487709 0.904529
vt 0.450834 0.920796
vt 0.939860 0.060785
vt 0.950671 0.074945
vt 0.954201 0.110469
vt 0.940423 0.110568
vt 0.964442 0.057282
vt 0.963655 0.110568
vt 0.390255 0.958452
vt 0.327041 0.971137
vt 0.357311 0.954263
vt 0.361988 0.971137
vt 0.704771 0.027448
vt 0.740778 0.029263
vt 0.770593 0.036106
vt 0.803268 0.040560
vt 0.775256 0.032732
vt 0.814311 0.042185
vt 0.805649 0.037011
vt 0.708830 0.024774
vt 0.672213 0.022817
vt 0.703666 0.024745
vt 0.812763 0.013452
vt 0.734579 0.001511
vt 0.707101 0.000444
vt 0.638718 0.020161
vt 0.701821 0.042185
vt 0.668862 0.019584
vt 0.505760 0.671847
vt 0.511967 0.650388
vt 0.515018 0.670652
vt 0.479427 0.654526
vt 0.548451 0.666588
vt 0.545637 0.644582
vt 0.596081 0.648547
vt 0.573121 0.628724
vt 0.592581 0.636732
vt 0.603600 0.660716
vt 0.505886 0.626480
vt 0.508897 0.613609
vt 0.539083 0.624201
vt 0.498499 0.616525
vt 0.472358 0.620842
vt 0.409521 0.639567
vt 0.440325 0.624453
vt 0.402221 0.615189
vt 0.402284 0.593695
vt 0.437211 0.605585
vt 0.439875 0.621356
vt 0.405710 0.624164
vt 0.379642 0.642080
vt 0.470369 0.607593
vt 0.502614 0.649042
vt 0.449355 0.656040
vt 0.448306 0.634401
vt 0.454333 0.656527
vt 0.516909 0.646185
vt 0.573046 0.628136
vt 0.429913 0.659912
vt 0.411651 0.651332
vt 0.408045 0.652058
vt 0.381542 0.643509
vt 0.377540 0.659212
vt 0.373188 0.647493
vt 0.316865 0.662530
vt 0.341841 0.654446
vt 0.591217 0.625949
vt 0.579904 0.604834
vt 0.545869 0.610521
vt 0.363604 0.668128
vt 0.315628 0.650705
vt 0.360557 0.644726
vt 0.380196 0.671847
vt 0.813642 0.052842
vt 0.779192 0.063499
vt 0.842406 0.063499
vt 0.345478 0.227798
vt 0.345478 0.279307
vt 0.332309 0.247714
vt 0.937226 0.543284
vt 0.970588 0.567052
vt 0.945897 0.566275
vt 0.970588 0.521758
vt 0.792954 0.047674
vt 0.812162 0.049137
vt 0.791377 0.045747
vt 0.857331 0.052842
vt 0.832407 0.043073
vt 0.800343 0.043414
vt 0.730026 0.052842
vt 0.763206 0.043670
vt 0.851326 0.855916
vt 0.804733 0.859484
vt 0.855575 0.866341
vt 0.799085 0.862830
vt 0.763327 0.848834
vt 0.763013 0.859119
vt 0.730904 0.866341
vt 0.791384 0.846803
vt 0.797667 0.847655
vt 0.873134 0.011101
vt 0.814311 0.011101
vt 0.817293 0.001332
vt 0.873017 0.005293
vt 0.810760 0.923734
vt 0.780592 0.935613
vt 0.801086 0.924476
vt 0.827480 0.935613
vt 0.815256 0.916075
vt 0.804201 0.916310
vt 0.738806 0.916702
vt 0.935470 0.209693
vt 0.938756 0.234538
vt 0.941528 0.197602
vt 0.948786 0.237578
vt 0.954785 0.259769
vt 0.954785 0.197744
vt 0.171863 0.979130
vt 0.150571 0.996892
vt 0.195347 0.983994
vt 0.191942 0.996892
vt 0.173897 0.835295
vt 0.166374 0.850387
vt 0.182177 0.884991
vt 0.182177 0.820160
vt 0.912643 0.977083
vt 0.872413 0.989787
vt 0.897432 0.989787
vt 0.861721 0.988860
vt 0.888809 0.974249
vt 0.893419 0.973801
vt 0.075066 0.270142
vt 0.114574 0.278292
vt 0.075785 0.282360
vt 0.077264 0.292629
vt 0.076280 0.265986
vt 0.114574 0.266493
vt 0.032924 0.994227
vt 0.065348 0.980906
vt 0.036499 0.986242
vt 0.067164 0.994227
vt 0.287533 0.051066
vt 0.287533 0.065275
vt 0.255055 0.055655
vt 0.255048 0.052465
vt 0.007463 0.078597
vt 0.009722 0.052757
vt 0.020632 0.045737
vt 0.020632 0.078504
vt 0.968349 0.391007
vt 0.989025 0.381439
vt 0.989025 0.391208
vt 0.967076 0.381911
vt 0.064597 0.634547
vt 0.034680 0.634547
vt 0.059531 0.621226
vt 0.068042 0.630062
vt 0.983758 0.038742
vt 0.995171 0.042185
vt 0.995171 0.007549
vt 0.987713 0.008185
vt 0.699298 0.903641
vt 0.754609 0.903641
vt 0.753850 0.897425
vt 0.615743 0.920197
vt 0.649092 0.919627
vt 0.613257 0.930284
vt 0.682262 0.924010
vt 0.670143 0.920043
vt 0.710711 0.930284
vt 0.651405 0.923126
vt 0.618525 0.339698
vt 0.612379 0.288919
vt 0.618525 0.283748
vt 0.009219 0.818384
vt 0.009219 0.874334
vt 0.003073 0.869098
vt 0.361282 0.325488
vt 0.361282 0.382327
vt 0.356014 0.360211
vt 0.976734 0.555367
vt 0.989903 0.576821
vt 0.989903 0.554618
vt 0.977579 0.576155
vt 0.722010 0.034192
vt 0.706321 0.040409
vt 0.752853 0.040409
vt 0.617647 0.107610
vt 0.618289 0.110161
vt 0.625615 0.117459
vt 0.630817 0.088366
vt 0.630817 0.128330
vt 0.664895 0.730462
vt 0.669447 0.727575
vt 0.662423 0.692832
vt 0.669447 0.691385
vt 0.853819 0.411634
vt 0.845287 0.405777
vt 0.853819 0.382327
vt 0.844162 0.403454
vt 0.485953 0.184281
vt 0.485953 0.218917
vt 0.479807 0.192953
vt 0.813433 0.067052
vt 0.810215 0.064387
vt 0.761633 0.067052
vt 0.777848 0.065567
vt 0.718613 0.928508
vt 0.777436 0.928508
vt 0.734433 0.925844
vt 0.052522 0.438277
vt 0.097015 0.440053
vt 0.082879 0.438600
vt 0.036435 0.440053
vt 0.040825 0.043073
vt 0.040825 0.077709
vt 0.037313 0.045604
vt 0.990537 0.846692
vt 0.984636 0.858445
vt 0.994293 0.823712
vt 0.994293 0.870782
vt 0.996049 0.996892
vt 0.994293 0.980380
vt 0.996049 0.959591
vt 0.489464 0.767762
vt 0.460216 0.765986
vt 0.454346 0.767762
vt 0.912643 0.117673
vt 0.955663 0.117673
vt 0.925090 0.115897
vt 0.187445 0.756217
vt 0.170945 0.754440
vt 0.154083 0.756217
vt 0.024144 0.201155
vt 0.021510 0.192463
vt 0.024144 0.186057
vt 0.897717 0.125170
vt 0.898595 0.121226
vt 0.898595 0.148757
vt 0.976734 0.100655
vt 0.977612 0.070604
vt 0.977612 0.136323
vt 0.003951 0.436802
vt 0.018812 0.467772
vt 0.074722 0.449689
vt 0.049592 0.484458
vt 0.105625 0.440213
vt 0.081524 0.474091
vt 0.133508 0.408425
vt 0.154258 0.335941
vt 0.188486 0.359025
vt 0.221986 0.350248
vt 0.172072 0.399287
vt 0.207565 0.412295
vt 0.156627 0.367722
vt 0.191312 0.321350
vt 0.240471 0.410232
vt 0.238818 0.346404
vt 0.284021 0.332556
vt 0.282289 0.398785
vt 0.168483 0.415003
vt 0.147696 0.300062
vt 0.233576 0.313274
vt 0.196172 0.318749
vt 0.171479 0.274537
vt 0.205047 0.265986
vt 0.141915 0.281948
vt 0.109335 0.306646
vt 0.118841 0.287440
vt 0.076955 0.314357
vt 0.073395 0.299065
vt 0.210109 0.296436
vt 0.257174 0.266112
vt 0.258132 0.269928
vt 0.277822 0.307324
vt 0.248234 0.430716
vt 0.220126 0.437994
vt 0.234282 0.481791
vt 0.268268 0.444211
vt 0.209312 0.440701
vt 0.177435 0.449010
vt 0.217887 0.484458
vt 0.150048 0.473484
vt 0.113342 0.466033
vt 0.465930 0.154973
vt 0.480685 0.176288
vt 0.457875 0.155269
vt 0.458636 0.168580
vt 0.401233 0.176288
vt 0.396400 0.156446
vt 0.825724 0.958703
vt 0.796755 0.943606
vt 0.757243 0.958703
vt 0.561457 0.939165
vt 0.522104 0.939165
vt 0.556034 0.917974
vt 0.518164 0.928271
vt 0.516949 0.915234
vt 0.553516 0.914358
vt 0.486831 0.934613
vt 0.544012 0.900977
vt 0.980246 0.064387
vt 0.965133 0.048464
vt 0.980246 0.021897
vt 0.978238 0.020870
vt 0.960931 0.031355
vt 0.165452 0.938277
vt 0.191592 0.927620
vt 0.229587 0.934672
vt 0.199079 0.938277
vt 0.161636 0.934387
vt 0.133889 0.935623
vt 0.666149 0.988011
vt 0.630817 0.988011
vt 0.680860 0.974827
vt 0.661771 0.972025
vt 0.657224 0.972596
vt 0.215885 0.729822
vt 0.189588 0.736911
vt 0.221003 0.735050
vt 0.248509 0.730500
vt 0.183350 0.729611
vt 0.154083 0.738292
vt 0.321731 0.747309
vt 0.382353 0.753552
vt 0.325268 0.733457
vt 0.351343 0.732424
vt 0.285618 0.733664
vt 0.382353 0.719805
vt 0.296826 0.745851
vt 0.252372 0.734031
vt 0.284441 0.746230
vt 0.223771 0.748080
vt 0.186237 0.749199
vt 0.171538 0.749002
vt 0.278137 0.723291
vt 0.315759 0.729905
vt 0.446559 0.684384
vt 0.478919 0.681816
vt 0.461687 0.702634
vt 0.511076 0.696350
vt 0.480225 0.708433
vt 0.511217 0.713105
vt 0.508705 0.688958
vt 0.546623 0.699421
vt 0.547003 0.711990
vt 0.447177 0.692312
vt 0.575228 0.691740
vt 0.563269 0.712725
vt 0.582475 0.711719
vt 0.611072 0.701173
vt 0.567914 0.715174
vt 0.592795 0.714213
vt 0.413888 0.686047
vt 0.405569 0.702249
vt 0.546462 0.720206
vt 0.546046 0.681230
vt 0.366550 0.691545
vt 0.586882 0.726909
vt 0.621159 0.725554
vt 0.539404 0.726909
vt 0.512712 0.714570
vt 0.411454 0.703507
vt 0.444534 0.713540
vt 0.550018 0.725332
vt 0.617257 0.717893
vt 0.573876 0.689780
vt 0.612768 0.689578
vt 0.555412 0.678064
vt 0.725761 0.451785
vt 0.758116 0.463984
vt 0.699720 0.470940
vt 0.692398 0.461728
vt 0.686352 0.449361
vt 0.759877 0.473407
vt 0.712005 0.484866
vt 0.731130 0.485919
vt 0.723833 0.489967
vt 0.662073 0.462898
vt 0.661067 0.473168
vt 0.624747 0.461192
vt 0.625262 0.470790
vt 0.660750 0.482031
vt 0.626250 0.484783
vt 0.659944 0.502220
vt 0.691942 0.490777
vt 0.622037 0.502220
vt 0.656488 0.458414
vt 0.628873 0.455915
vt 0.626179 0.441974
vt 0.663456 0.438277
vt 0.732723 0.487673
vt 0.667027 0.482141
vt 0.693084 0.441714
vt 0.136523 0.067052
vt 0.131255 0.093672
vt 0.136523 0.103464
vt 0.233698 0.705609
vt 0.247098 0.671261
vt 0.269565 0.703308
vt 0.199824 0.687788
vt 0.204737 0.672117
vt 0.243575 0.638321
vt 0.288093 0.668764
vt 0.199896 0.670707
vt 0.195590 0.607016
vt 0.217377 0.709243
vt 0.168689 0.704403
vt 0.174825 0.712391
vt 0.158883 0.646226
vt 0.137944 0.716956
vt 0.290800 0.631787
vt 0.132875 0.694055
vt 0.144802 0.681581
vt 0.313862 0.682627
vt 0.291900 0.662536
vt 0.308443 0.661996
vt 0.319140 0.726021
vt 0.129500 0.696155
vt 0.133168 0.726021
vt 0.964442 0.631165
vt 0.974100 0.651421
vt 0.974100 0.583925
vt 0.941615 0.640764
vt 0.919666 0.640764
vt 0.920935 0.615009
vt 0.524583 0.971137
vt 0.466637 0.971137
vt 0.512709 0.958703
vt 0.755789 0.331594
vt 0.786343 0.313290
vt 0.746309 0.311222
vt 0.791182 0.361780
vt 0.823968 0.358897
vt 0.763342 0.390094
vt 0.799681 0.392431
vt 0.767466 0.435503
vt 0.805633 0.428382
vt 0.740181 0.400285
vt 0.734524 0.439493
vt 0.701932 0.405088
vt 0.704085 0.440053
vt 0.764292 0.308299
vt 0.753336 0.283920
vt 0.721390 0.287254
vt 0.718937 0.311430
vt 0.803620 0.297526
vt 0.787762 0.281631
vt 0.818150 0.278419
vt 0.823968 0.297960
vt 0.823878 0.302279
vt 0.257537 0.941781
vt 0.259438 0.957815
vt 0.234252 0.940941
vt 0.221686 0.957815
vt 0.851984 0.919627
vt 0.851185 0.880694
vt 0.900238 0.914480
vt 0.900351 0.908271
vt 0.866788 0.873089
vt 0.900351 0.845027
vt 0.131255 0.008912
vt 0.101884 0.003108
vt 0.121707 0.025311
vt 0.088235 0.025311
vt 0.113522 0.802398
vt 0.085601 0.826377
vt 0.123786 0.826377
vt 0.133889 0.805678
vt 0.670325 0.932060
vt 0.619403 0.966696
vt 0.661875 0.966696
vt 0.643113 0.932260
vt 0.711589 0.900089
vt 0.683547 0.895648
vt 0.667691 0.900089
vt 0.728947 0.718805
vt 0.722575 0.780372
vt 0.703987 0.740305
vt 0.685759 0.708103
vt 0.703464 0.693173
vt 0.685030 0.780267
vt 0.670482 0.752399
vt 0.658033 0.753701
vt 0.734252 0.715708
vt 0.747742 0.763748
vt 0.781737 0.745651
vt 0.788850 0.685169
vt 0.704507 0.807693
vt 0.754118 0.812167
vt 0.693755 0.812167
vt 0.046435 0.368173
vt 0.079636 0.368314
vt 0.069673 0.311899
vt 0.042063 0.355392
vt 0.064585 0.281972
vt 0.017927 0.296082
vt 0.123812 0.359129
vt 0.083587 0.383334
vt 0.135645 0.393872
vt 0.009219 0.376363
vt 0.060651 0.386290
vt 0.041493 0.393872
vt 0.754174 0.488907
vt 0.787337 0.471137
vt 0.754143 0.520412
vt 0.789352 0.515335
vt 0.786873 0.567858
vt 0.777824 0.624265
vt 0.755756 0.610976
vt 0.772838 0.654122
vt 0.756552 0.644846
vt 0.753510 0.662966
vt 0.821334 0.656414
vt 0.817997 0.592554
vt 0.818058 0.579069
vt 0.821334 0.522605
vt 0.810601 0.557279
vt 0.788061 0.552407
vt 0.742531 0.525120
vt 0.742318 0.561759
vt 0.892452 0.378006
vt 0.866083 0.412522
vt 0.855575 0.379952
vt 0.899473 0.411663
vt 0.898865 0.411813
vt 0.897782 0.378497
vt 0.862511 0.318384
vt 0.899473 0.322811
vt 0.580588 0.302817
vt 0.586292 0.357530
vt 0.591562 0.309740
vt 0.589410 0.358161
vt 0.605566 0.332136
vt 0.578038 0.298135
vt 0.585036 0.289006
vt 0.593969 0.289916
vt 0.604405 0.325864
vt 0.611848 0.282860
vt 0.571162 0.236565
vt 0.555788 0.277804
vt 0.573422 0.236068
vt 0.606135 0.235791
vt 0.584404 0.231386
vt 0.604771 0.392571
vt 0.589996 0.371761
vt 0.595001 0.413976
vt 0.605766 0.400342
vt 0.600453 0.461741
vt 0.613603 0.460800
vt 0.615891 0.493138
vt 0.606515 0.494227
vt 0.608998 0.414261
vt 0.615073 0.385990
vt 0.587550 0.189609
vt 0.538040 0.230713
vt 0.552862 0.196111
vt 0.535996 0.219131
vt 0.615891 0.198437
vt 0.611553 0.258591
vt 0.312994 0.638099
vt 0.376207 0.638099
vt 0.368907 0.615897
vt 0.377085 0.492451
vt 0.362160 0.465601
vt 0.377085 0.416963
vt 0.311238 0.644316
vt 0.311238 0.624778
vt 0.299699 0.635416
vt 0.293679 0.631203
vt 0.936348 0.329929
vt 0.961809 0.329929
vt 0.937084 0.321770
vt 0.945869 0.312167
vt 0.156471 0.123002
vt 0.161612 0.105802
vt 0.150816 0.101986
vt 0.161984 0.111140
vt 0.134302 0.050278
vt 0.132133 0.051106
vt 0.161984 0.030835
vt 0.157196 0.020102
vt 0.132620 0.005773
vt 0.647275 0.045218
vt 0.662399 0.076634
vt 0.647850 0.051103
vt 0.633025 0.023535
vt 0.674903 0.115268
vt 0.679490 0.112120
vt 0.708207 0.161230
vt 0.664142 0.081690
vt 0.677467 0.183840
vt 0.634325 0.173956
vt 0.641210 0.132096
vt 0.602722 0.150693
vt 0.609733 0.186057
vt 0.634691 0.097565
vt 0.695011 0.183453
vt 0.714097 0.177236
vt 0.664754 0.081518
vt 0.729687 0.135288
vt 0.699893 0.084871
vt 0.722598 0.122160
vt 0.678276 0.040416
vt 0.754609 0.186057
vt 0.824112 0.783748
vt 0.792848 0.799792
vt 0.818906 0.784671
vt 0.847338 0.821042
vt 0.863702 0.820252
vt 0.878402 0.786869
vt 0.851962 0.840469
vt 0.813708 0.844139
vt 0.783641 0.844139
vt 0.753731 0.831171
vt 0.980165 0.916982
vt 0.978490 0.882842
vt 0.981124 0.857460
vt 0.981043 0.888161
vt 0.981124 0.922146
vt 0.980423 0.922291
vt 0.955663 0.157687
vt 0.975856 0.141652
vt 0.972408 0.170724
vt 0.975856 0.195826
vt 0.979357 0.979598
vt 0.967076 0.946270
vt 0.990781 0.980906
vt 0.990781 0.947695
vt 0.916155 0.686057
vt 0.916155 0.716827
vt 0.863477 0.715830
vt 0.882558 0.686968
vt 0.882771 0.750375
vt 0.916004 0.750888
vt 0.568920 0.997780
vt 0.611501 0.997780
vt 0.599719 0.976465
vt 0.567603 0.982540
vt 0.615136 0.054128
vt 0.618136 0.082482
vt 0.619071 0.054780
vt 0.624671 0.091918
vt 0.601844 0.022356
vt 0.624671 0.019982
vt 0.819579 0.162078
vt 0.819579 0.184281
vt 0.813433 0.181928
vt 0.154960 0.366341
vt 0.154960 0.378082
vt 0.150077 0.366796
vt 0.145303 0.379663
vt 0.760886 0.671267
vt 0.754261 0.663854
vt 0.761633 0.698490
vt 0.747586 0.698490
vt 0.634328 0.068828
vt 0.626427 0.062486
vt 0.633064 0.034813
vt 0.634328 0.028863
vt 0.402714 0.180890
vt 0.399912 0.182504
vt 0.438543 0.182504
vt 0.432541 0.178064
vt 0.983758 0.121721
vt 0.987270 0.122114
vt 0.987270 0.092162
vt 0.985891 0.089254
vt 0.052379 0.426850
vt 0.053875 0.420127
vt 0.056593 0.426251
vt 0.086412 0.392096
vt 0.003073 0.396288
vt 0.003404 0.427620
vt 0.107003 0.392825
vt 0.107550 0.427620
vt 0.946005 0.477353
vt 0.910887 0.511375
vt 0.939284 0.478778
vt 0.945359 0.481628
vt 0.946005 0.533304
vt 0.911319 0.532253
vt 0.318062 0.987123
vt 0.322512 0.971137
vt 0.350746 0.987123
vt 0.299824 0.973855
vt 0.756365 0.354951
vt 0.743423 0.370155
vt 0.739231 0.368047
vt 0.734498 0.340586
vt 0.733538 0.377952
vt 0.756365 0.390320
vt 0.837448 0.565526
vt 0.811677 0.564894
vt 0.837275 0.553989
vt 0.832620 0.553730
vt 0.840650 0.567940
vt 0.820319 0.567940
vt 0.941615 0.714107
vt 0.941717 0.697575
vt 0.953907 0.734902
vt 0.953907 0.672735
vt 0.510590 0.978400
vt 0.506936 0.978242
vt 0.475417 0.991563
vt 0.526339 0.991563
vt 0.589317 0.131883
vt 0.595698 0.185169
vt 0.590931 0.133235
vt 0.586040 0.185169
vt 0.422739 0.841474
vt 0.422739 0.900977
vt 0.420105 0.867385
vt 0.951583 0.845027
vt 0.947787 0.845563
vt 0.944249 0.878774
vt 0.966198 0.878774
vt 0.734967 0.812167
vt 0.733538 0.817496
vt 0.751097 0.817496
vt 0.641352 0.210036
vt 0.641352 0.272202
vt 0.620147 0.231523
vt 0.618525 0.237303
vt 0.794263 0.488899
vt 0.804653 0.452487
vt 0.804653 0.484933
vt 0.791484 0.476605
vt 0.947571 0.394165
vt 0.960053 0.348579
vt 0.960053 0.406305
vt 0.943371 0.385802
vt 0.785287 0.069143
vt 0.786977 0.071761
vt 0.817767 0.079380
vt 0.827395 0.068924
vt 0.762938 0.068835
vt 0.716857 0.054618
vt 0.717021 0.102575
vt 0.750541 0.094176
vt 0.851421 0.062900
vt 0.852063 0.102575
vt 0.027523 0.145245
vt 0.019609 0.083925
vt 0.036435 0.108616
vt 0.017672 0.156770
vt 0.016855 0.144245
vt 0.036435 0.176324
vt 0.008755 0.085009
vt 0.011947 0.181616
vt 0.001317 0.115893
vt 0.931958 0.537744
vt 0.929743 0.569923
vt 0.906175 0.538361
vt 0.901229 0.562913
vt 0.931958 0.606128
vt 0.902574 0.605495
vt 0.000439 0.632771
vt 0.011853 0.694938
vt 0.011852 0.633115
vt 0.000938 0.692560
vt 0.405180 0.767762
vt 0.339333 0.767762
vt 0.362670 0.757477
vt 0.375021 0.756217
vt 0.468061 0.484003
vt 0.483319 0.454366
vt 0.481660 0.427754
vt 0.450447 0.423457
vt 0.480000 0.398780
vt 0.449790 0.414244
vt 0.426174 0.350143
vt 0.448659 0.313718
vt 0.417251 0.298915
vt 0.441410 0.282546
vt 0.410170 0.283635
vt 0.418188 0.247978
vt 0.402979 0.249535
vt 0.366635 0.282585
vt 0.366465 0.247644
vt 0.386828 0.204499
vt 0.353288 0.196664
vt 0.425056 0.214282
vt 0.451903 0.272770
vt 0.451189 0.315443
vt 0.451219 0.337930
vt 0.417591 0.383721
vt 0.464806 0.384332
vt 0.443564 0.398355
vt 0.411673 0.383704
vt 0.384528 0.414940
vt 0.384678 0.448787
vt 0.420994 0.450573
vt 0.417166 0.485346
vt 0.410053 0.317255
vt 0.366489 0.312250
vt 0.366491 0.336146
vt 0.365730 0.383395
vt 0.365597 0.415791
vt 0.350280 0.383390
vt 0.347234 0.414012
vt 0.457868 0.248077
vt 0.476912 0.212492
vt 0.412884 0.484808
vt 0.479307 0.281427
vt 0.479047 0.182504
vt 0.448617 0.184504
vt 0.479690 0.317523
vt 0.483319 0.249533
vt 0.481087 0.322847
vt 0.823968 0.626494
vt 0.834504 0.630107
vt 0.825493 0.595471
vt 0.834504 0.598800
vt 0.473122 0.156513
vt 0.479807 0.138099
vt 0.479807 0.159414
vt 0.472783 0.159338
vt 0.567603 0.918145
vt 0.626427 0.948046
vt 0.586164 0.914298
vt 0.575865 0.948046
vt 0.951273 0.951599
vt 0.941615 0.911700
vt 0.951273 0.880551
vt 0.162862 0.362789
vt 0.121358 0.329041
vt 0.112996 0.351868
vt 0.081212 0.329620
vt 0.093763 0.362789
vt 0.138169 0.336871
vt 0.014486 0.948869
vt 0.014486 0.996892
vt 0.001247 0.994342
vt 0.000439 0.947158
vt 0.583407 0.160779
vt 0.580181 0.167407
vt 0.559702 0.136700
vt 0.583407 0.109680
vt 0.998683 0.884991
vt 0.998683 0.924067
vt 0.982002 0.908392
vt 0.812476 0.252959
vt 0.841560 0.250888
vt 0.839903 0.253596
vt 0.845039 0.274867
vt 0.775680 0.274867
vt 0.803481 0.255168
vt 0.646401 0.821936
vt 0.614135 0.834369
vt 0.647721 0.834369
vt 0.658911 0.822176
vt 0.978490 0.660302
vt 0.978490 0.721827
vt 0.965373 0.724245
vt 0.965320 0.692429
vt 0.996927 0.708259
vt 0.996927 0.746448
vt 0.983758 0.710682
vt 0.984544 0.742857
vt 0.497366 0.484458
vt 0.497366 0.506661
vt 0.438543 0.500796
vt 0.466889 0.504963
vt 0.184811 0.753552
vt 0.232221 0.753552
vt 0.217979 0.750000
vt 0.737928 0.454263
vt 0.799385 0.454263
vt 0.771139 0.436501
vt 0.797202 0.440180
vt 0.252348 0.922291
vt 0.273627 0.942718
vt 0.246670 0.932292
vt 0.281387 0.936026
vt 0.252011 0.935946
vt 0.208516 0.942718
vt 0.761633 0.922291
vt 0.731599 0.918739
vt 0.702809 0.922291
vt 0.039073 0.271314
vt 0.000439 0.280195
vt 0.059263 0.280195
vt 0.390255 0.580373
vt 0.390255 0.619449
vt 0.361282 0.595977
vt 0.326533 0.844178
vt 0.385484 0.850726
vt 0.385743 0.838224
vt 0.351882 0.817496
vt 0.322123 0.877783
vt 0.305970 0.842971
vt 0.315973 0.877886
vt 0.384766 0.877886
vt 0.418879 0.860306
vt 0.419227 0.839748
vt 0.860276 0.750895
vt 0.867775 0.747784
vt 0.832885 0.774483
vt 0.833205 0.744263
vt 0.835001 0.736178
vt 0.829270 0.735754
vt 0.814508 0.701817
vt 0.869622 0.677624
vt 0.799422 0.734726
vt 0.796552 0.700736
vt 0.838160 0.670057
vt 0.787972 0.667407
vt 0.798076 0.743342
vt 0.869622 0.783748
vt 0.869404 0.739897
vt 0.900396 0.111326
vt 0.897717 0.106138
vt 0.937226 0.050178
vt 0.937226 0.111456
vt 0.070676 0.962390
vt 0.074698 0.955071
vt 0.082968 0.954263
vt 0.082968 0.989787
vt 0.460913 0.710924
vt 0.486533 0.720394
vt 0.444375 0.764210
vt 0.420231 0.733741
vt 0.419227 0.721007
vt 0.466976 0.748883
vt 0.503734 0.725751
vt 0.514925 0.764210
vt 0.978490 0.160758
vt 0.996927 0.180162
vt 0.981607 0.184281
vt 0.996927 0.146092
vt 0.908253 0.011989
vt 0.895880 0.036998
vt 0.894892 0.013612
vt 0.832066 0.025000
vt 0.831870 0.033189
vt 0.908253 0.051066
vt 0.821334 0.552842
vt 0.879916 0.552842
vt 0.845145 0.527975
vt 0.881914 0.549509
vt 0.822132 0.989706
vt 0.821334 0.994227
vt 0.844836 0.972025
vt 0.860843 0.994227
vt 0.540935 0.467584
vt 0.513292 0.470325
vt 0.559702 0.501332
vt 0.511414 0.501332
vt 0.926178 0.878641
vt 0.937226 0.819272
vt 0.937226 0.887655
vt 0.905619 0.833915
vt 0.391133 0.953862
vt 0.391222 0.961368
vt 0.417252 0.940941
vt 0.451712 0.961368
vt 0.360404 0.717140
vt 0.352457 0.716700
vt 0.317384 0.666741
vt 0.360404 0.665631
vt 0.940737 0.342640
vt 0.940737 0.382327
vt 0.911765 0.360331
vt 0.914536 0.311279
vt 0.273486 0.766874
vt 0.298068 0.766874
vt 0.297429 0.765098
vt 0.999561 0.277531
vt 0.999561 0.311279
vt 0.998683 0.283407
vt 0.147059 0.620226
vt 0.186567 0.585702
vt 0.147108 0.622335
vt 0.186567 0.649645
vt 0.230416 0.850327
vt 0.260487 0.868238
vt 0.264604 0.868028
vt 0.263496 0.838085
vt 0.200921 0.855558
vt 0.229248 0.885413
vt 0.295435 0.834369
vt 0.295435 0.889432
vt 0.183055 0.839158
vt 0.183227 0.871141
vt 0.923418 0.037641
vt 0.922300 0.007701
vt 0.954785 0.059059
vt 0.954785 0.003996
vt 0.497366 0.333842
vt 0.486180 0.334369
vt 0.497366 0.288812
vt 0.480685 0.288188
vt 0.325861 0.414981
vt 0.317314 0.417223
vt 0.312271 0.382327
vt 0.328737 0.384003
vt 0.357770 0.430284
vt 0.324923 0.430027
vt 0.258560 0.430284
vt 0.291169 0.413288
vt 0.949772 0.455987
vt 0.981124 0.454263
vt 0.981124 0.486072
vt 0.948639 0.496892
vt 0.686580 0.861175
vt 0.700351 0.828880
vt 0.705963 0.857538
vt 0.705730 0.816607
vt 0.737230 0.859966
vt 0.642230 0.895648
vt 0.670383 0.832318
vt 0.676219 0.891908
vt 0.737928 0.828158
vt 0.730917 0.895648
vt 0.902985 0.443610
vt 0.909901 0.400475
vt 0.940737 0.448046
vt 0.940737 0.384103
vt 0.828358 0.918739
vt 0.892449 0.952487
vt 0.829518 0.952487
vt 0.889109 0.935192
vt 0.358648 0.005773
vt 0.364940 0.038763
vt 0.386743 0.011791
vt 0.386743 0.041297
vt 0.980246 0.311078
vt 0.985514 0.288188
vt 0.982764 0.342319
vt 0.985514 0.342362
vt 0.109306 0.943606
vt 0.144425 0.943606
vt 0.141533 0.938277
vt 0.122139 0.954929
vt 0.090869 0.952869
vt 0.147059 0.971137
vt 0.111284 0.971137
vt 0.115056 0.945382
vt 0.146968 0.947952
vt 0.637840 0.321161
vt 0.620281 0.311701
vt 0.625678 0.338634
vt 0.637500 0.329641
vt 0.623620 0.385879
vt 0.627969 0.385851
vt 0.624262 0.256217
vt 0.637840 0.288388
vt 0.427871 0.920987
vt 0.426343 0.908755
vt 0.397808 0.911754
vt 0.431433 0.902753
vt 0.436246 0.920271
vt 0.395168 0.910519
vt 0.372695 0.933015
vt 0.419463 0.933286
vt 0.372851 0.937389
vt 0.442885 0.909480
vt 0.442558 0.902788
vt 0.446444 0.937389
vt 0.639596 0.005472
vt 0.638571 0.018206
vt 0.582529 0.018206
vt 0.611283 0.002220
vt 0.285166 0.320314
vt 0.296683 0.350826
vt 0.284899 0.380551
vt 0.297494 0.379904
vt 0.308604 0.380202
vt 0.308604 0.333019
vt 0.302194 0.306233
vt 0.295390 0.283748
vt 0.554434 0.975577
vt 0.610623 0.959591
vt 0.555673 0.962990
vt 0.609222 0.975577
vt 0.496488 0.828153
vt 0.435967 0.827265
vt 0.423617 0.828153
vt 0.995171 0.567052
vt 0.991659 0.536093
vt 0.995171 0.522647
vt 0.533535 0.194050
vt 0.533363 0.182759
vt 0.573671 0.174512
vt 0.585162 0.194050
vt 0.494732 0.825488
vt 0.469688 0.820160
vt 0.458736 0.825488
vt 0.960053 0.682500
vt 0.956086 0.684281
vt 0.960053 0.626554
vt 0.955663 0.631877
vt 0.581651 0.392096
vt 0.581651 0.332593
vt 0.558168 0.372590
vt 0.555312 0.368089
vt 0.418349 0.754440
vt 0.388601 0.750169
vt 0.418349 0.709953
vt 0.386743 0.701155
vt 0.596576 0.905670
vt 0.652888 0.914522
vt 0.655053 0.902711
vt 0.599371 0.914500
vt 0.696594 0.906654
vt 0.696367 0.900977
vt 0.696664 0.902083
vt 0.652758 0.916912
vt 0.696664 0.917851
vt 0.988147 0.625666
vt 0.991839 0.581408
vt 0.999561 0.625666
vt 0.989406 0.581261
vt 0.913521 0.975577
vt 0.959449 0.975577
vt 0.960053 0.969032
vt 0.933113 0.949822
vt 0.553556 0.762433
vt 0.528182 0.760309
vt 0.521071 0.726021
vt 0.553556 0.729694
vt 0.039947 0.179840
vt 0.038191 0.136390
vt 0.039947 0.119449
vt 0.622037 0.413410
vt 0.622037 0.478242
vt 0.619403 0.457017
vt 0.348990 0.003108
vt 0.404302 0.003108
vt 0.369991 0.002220
vt 0.823968 0.420515
vt 0.803775 0.396955
vt 0.823968 0.375222
vt 0.098081 0.941830
vt 0.103161 0.900089
vt 0.038908 0.902314
vt 0.031168 0.941830
vt 0.313872 0.919627
vt 0.226953 0.893711
vt 0.300203 0.892096
vt 0.260558 0.919627
usemtl baked
f 1/1 2/2 3/3
f 1/1 3/3 4/4
f 642/642 639/639 641/641
f 639/639 640/640 641/641
f 3/3 5/5 4/4
f 4/4 5/5 6/6
f 8/8 7/7 2/2
f 2/2 7/7 3/3
f 1610/1610 1607/1607 1609/1609
f 1607/1607 1608/1608 1609/1609
f 1645/1645 1646/1646 1647/1647
f 1646/1646 1648/1648 1647/1647
f 1609/1609 1608/1608 1623/1623
f 1609/1609 1623/1623 1614/1614
f 9/9 10/10 11/11
f 12/12 9/9 11/11
f 1649/1649 1650/1650 1651/1651
f 1651/1651 1650/1650 1652/1652
f 1653/1653 1654/1654 1655/1655
f 1656/1656 1653/1653 1655/1655
f 1654/1654 1658/1658 1657/1657
f 1654/1654 1657/1657 1655/1655
f 1659/1659 1660/1660 1661/1661
f 1659/1659 1661/1661 1662/1662
f 521/521 525/525 526/526
f 525/525 528/528 526/526
f 523/523 504/504 522/522
f 504/504 506/506 522/522
f 504/504 505/505 506/506
f 507/507 505/505 504/504
f 505/505 525/525 521/521
f 506/506 505/505 521/521
f 526/526 528/528 527/527
f 528/528 529/529 527/527
f 512/512 511/511 508/508
f 511/511 509/509 508/508
f 511/511 521/521 509/509
f 521/521 526/526 509/509
f 522/522 511/511 512/512
f 509/509 526/526 510/510
f 522/522 506/506 511/511
f 524/524 522/522 512/512
f 506/506 521/521 511/511
f 1639/1639 1641/1641 1642/1642
f 1639/1639 1640/1640 1641/1641
f 1663/1663 1664/1664 1665/1665
f 1664/1664 1666/1666 1665/1665
f 796/796 798/798 799/799
f 803/803 796/796 799/799
f 803/803 799/799 804/804
f 897/897 891/891 886/886
f 800/800 797/797 796/796
f 796/796 797/797 798/798
f 1371/1371 1390/1390 1374/1374
f 1390/1390 1391/1391 1374/1374
f 1368/1368 1380/1380 1390/1390
f 1368/1368 1390/1390 1371/1371
f 1363/1363 1364/1364 1365/1365
f 1365/1365 1364/1364 1366/1366
f 1370/1370 1361/1361 1363/1363
f 1361/1361 1362/1362 1363/1363
f 1364/1364 1362/1362 1367/1367
f 1363/1363 1362/1362 1364/1364
f 1064/1064 1063/1063 1092/1092
f 1366/1366 1364/1364 1368/1368
f 1369/1369 1366/1366 1368/1368
f 1379/1379 1375/1375 1384/1384
f 1388/1388 1384/1384 1375/1375
f 1669/1669 1670/1670 1671/1671
f 1379/1379 1369/1369 1375/1375
f 1375/1375 1369/1369 1372/1372
f 1388/1388 1375/1375 1382/1382
f 1375/1375 1376/1376 1382/1382
f 1064/1064 1092/1092 1081/1081
f 1368/1368 1364/1364 1380/1380
f 1364/1364 1367/1367 1380/1380
f 1337/1337 1340/1340 1339/1339
f 1337/1337 1339/1339 1338/1338
f 1672/1672 1673/1673 1674/1674
f 1674/1674 1673/1673 1675/1675
f 1371/1371 1374/1374 1373/1373
f 1376/1376 1373/1373 1389/1389
f 1336/1336 1337/1337 1338/1338
f 1372/1372 1373/1373 1375/1375
f 1376/1376 1375/1375 1373/1373
f 1366/1366 1369/1369 1385/1385
f 1379/1379 1385/1385 1369/1369
f 1372/1372 1371/1371 1373/1373
f 1369/1369 1368/1368 1371/1371
f 1369/1369 1371/1371 1372/1372
f 1059/1059 1081/1081 1090/1090
f 1060/1060 1059/1059 1090/1090
f 1382/1382 1376/1376 1383/1383
f 1090/1090 1081/1081 1091/1091
f 1081/1081 1092/1092 1091/1091
f 1376/1376 1389/1389 1383/1383
f 158/158 160/160 159/159
f 157/157 158/158 159/159
f 165/165 166/166 167/167
f 168/168 166/166 165/165
f 1012/1012 1008/1008 1011/1011
f 1165/1165 1167/1167 1168/1168
f 1165/1165 1166/1166 1167/1167
f 1676/1676 1677/1677 1678/1678
f 1677/1677 1679/1679 1678/1678
f 1008/1008 1009/1009 1010/1010
f 1008/1008 1010/1010 1011/1011
f 1377/1377 1361/1361 1370/1370
f 1378/1378 1377/1377 1370/1370
f 1191/1191 1192/1192 1193/1193
f 1381/1381 1377/1377 1378/1378
f 1680/1680 1681/1681 1682/1682
f 1680/1680 1682/1682 1683/1683
f 1412/1412 1413/1413 1411/1411
f 1413/1413 1414/1414 1411/1411
f 1411/1411 1414/1414 1397/1397
f 1397/1397 1414/1414 1417/1417
f 928/928 932/932 929/929
f 205/205 206/206 207/207
f 1684/1684 1685/1685 1686/1686
f 1684/1684 1686/1686 1687/1687
f 1408/1408 1406/1406 1409/1409
f 1224/1224 1225/1225 1226/1226
f 1407/1407 1408/1408 1410/1410
f 1408/1408 1407/1407 1406/1406
f 1088/1088 1089/1089 1087/1087
f 1088/1088 1087/1087 1086/1086
f 1688/1688 1689/1689 1690/1690
f 1688/1688 1690/1690 1691/1691
f 1094/1094 1095/1095 1087/1087
f 1406/1406 1403/1403 1416/1416
f 1406/1406 1416/1416 1409/1409
f 1416/1416 1396/1396 1395/1395
f 1416/1416 1395/1395 1399/1399
f 1094/1094 1087/1087 1089/1089
f 1401/1401 1399/1399 1400/1400
f 1415/1415 1401/1401 1400/1400
f 1403/1403 1402/1402 1396/1396
f 1403/1403 1396/1396 1416/1416
f 1076/1076 1062/1062 1064/1064
f 1076/1076 1064/1064 1080/1080
f 1076/1076 1078/1078 1062/1062
f 1076/1076 1077/1077 1078/1078
f 1404/1404 1402/1402 1403/1403
f 1405/1405 1404/1404 1403/1403
f 1407/1407 1405/1405 1406/1406
f 1405/1405 1403/1403 1406/1406
f 1085/1085 1067/1067 1084/1084
f 1084/1084 1067/1067 1083/1083
f 1087/1087 1085/1085 1086/1086
f 1086/1086 1085/1085 1084/1084
f 1077/1077 1067/1067 1078/1078
f 1083/1083 1067/1067 1077/1077
f 1700/1700 1701/1701 1702/1702
f 738/738 735/735 734/734
f 1069/1069 1070/1070 1071/1071
f 1057/1057 1053/1053 1059/1059
f 1053/1053 1080/1080 1059/1059
f 1709/1709 1707/1707 1706/1706
f 1706/1706 1707/1707 1708/1708
f 1399/1399 1398/1398 1400/1400
f 1386/1386 1378/1378 1370/1370
f 1386/1386 1370/1370 1387/1387
f 1393/1393 1394/1394 1395/1395
f 1402/1402 1411/1411 1397/1397
f 1402/1402 1397/1397 1396/1396
f 1396/1396 1397/1397 1393/1393
f 1396/1396 1393/1393 1395/1395
f 1399/1399 1395/1395 1398/1398
f 1395/1395 1394/1394 1398/1398
f 1062/1062 1066/1066 1065/1065
f 1078/1078 1066/1066 1062/1062
f 1074/1074 1073/1073 1068/1068
f 1073/1073 1072/1072 1068/1068
f 1062/1062 1065/1065 1063/1063
f 1062/1062 1063/1063 1064/1064
f 1069/1069 1071/1071 1072/1072
f 1072/1072 1073/1073 1069/1069
f 1072/1072 1071/1071 1075/1075
f 1365/1365 1366/1366 1385/1385
f 1068/1068 1072/1072 1075/1075
f 1068/1068 1075/1075 1066/1066
f 1067/1067 1068/1068 1066/1066
f 1067/1067 1066/1066 1078/1078
f 1412/1412 1411/1411 1404/1404
f 1404/1404 1411/1411 1402/1402
f 1085/1085 1074/1074 1067/1067
f 1067/1067 1074/1074 1068/1068
f 1057/1057 1059/1059 1058/1058
f 1059/1059 1060/1060 1058/1058
f 1083/1083 1077/1077 1082/1082
f 1082/1082 1077/1077 1079/1079
f 1055/1055 1076/1076 1053/1053
f 1076/1076 1080/1080 1053/1053
f 1079/1079 1076/1076 1055/1055
f 1079/1079 1077/1077 1076/1076
f 1064/1064 1081/1081 1080/1080
f 1080/1080 1081/1081 1059/1059
f 834/834 830/830 835/835
f 836/836 834/834 835/835
f 842/842 841/841 836/836
f 841/841 839/839 836/836
f 836/836 839/839 834/834
f 1720/1720 1721/1721 1717/1717
f 1720/1720 1717/1717 1716/1716
f 840/840 844/844 833/833
f 844/844 845/845 833/833
f 840/840 833/833 834/834
f 839/839 840/840 834/834
f 1718/1718 1717/1717 1719/1719
f 1716/1716 1717/1717 1718/1718
f 1722/1722 1723/1723 1724/1724
f 1723/1723 1725/1725 1724/1724
f 830/830 827/827 829/829
f 830/830 829/829 837/837
f 829/829 828/828 831/831
f 829/829 831/831 832/832
f 751/751 752/752 753/753
f 751/751 750/750 752/752
f 753/753 752/752 757/757
f 758/758 753/753 757/757
f 1726/1726 1727/1727 1728/1728
f 1726/1726 1728/1728 1729/1729
f 925/925 931/931 933/933
f 925/925 933/933 936/936
f 973/973 970/970 971/971
f 972/972 970/970 973/973
f 971/971 976/976 977/977
f 971/971 977/977 975/975
f 929/929 932/932 926/926
f 972/972 973/973 974/974
f 925/925 929/929 926/926
f 925/925 930/930 929/929
f 925/925 926/926 927/927
f 925/925 927/927 931/931
f 926/926 928/928 927/927
f 928/928 934/934 927/927
f 936/936 937/937 930/930
f 936/936 930/930 925/925
f 748/748 754/754 746/746
f 748/748 746/746 749/749
f 748/748 755/755 754/754
f 755/755 756/756 754/754
f 971/971 975/975 973/973
f 934/934 928/928 935/935
f 979/979 978/978 968/968
f 979/979 968/968 980/980
f 1108/1108 1111/1111 1112/1112
f 1113/1113 1107/1107 1109/1109
f 1114/1114 1113/1113 1109/1109
f 1108/1108 1110/1110 1111/1111
f 1109/1109 1108/1108 1112/1112
f 1107/1107 1108/1108 1109/1109
f 1418/1418 1419/1419 1420/1420
f 175/175 176/176 177/177
f 969/969 976/976 971/971
f 970/970 969/969 971/971
f 968/968 978/978 969/969
f 968/968 969/969 970/970
f 180/180 181/181 182/182
f 175/175 179/179 178/178
f 180/180 182/182 183/183
f 175/175 178/178 176/176
f 745/745 747/747 750/750
f 751/751 745/745 750/750
f 745/745 746/746 747/747
f 745/745 749/749 746/746
f 1009/1009 1013/1013 1010/1010
f 1100/1100 1101/1101 1102/1102
f 346/346 344/344 345/345
f 346/346 345/345 347/347
f 1442/1442 1436/1436 1434/1434
f 661/661 658/658 660/660
f 658/658 662/662 659/659
f 663/663 662/662 658/658
f 658/658 659/659 660/660
f 1730/1730 1731/1731 1732/1732
f 1731/1731 1730/1730 1733/1733
f 1734/1734 1735/1735 1736/1736
f 1737/1737 1738/1738 1739/1739
f 1737/1737 1739/1739 1740/1740
f 1447/1447 1448/1448 1449/1449
f 1436/1436 1437/1437 1431/1431
f 1443/1443 1442/1442 1434/1434
f 1431/1431 1434/1434 1436/1436
f 1432/1432 1434/1434 1431/1431
f 1741/1741 1742/1742 1743/1743
f 1450/1450 1451/1451 1452/1452
f 1431/1431 1433/1433 1424/1424
f 333/333 335/335 348/348
f 338/338 333/333 348/348
f 338/338 339/339 333/333
f 340/340 341/341 339/339
f 342/342 341/341 340/340
f 343/343 340/340 344/344
f 342/342 340/340 343/343
f 340/340 339/339 338/338
f 1812/1812 1794/1794 1811/1811
f 1812/1812 1811/1811 1810/1810
f 1812/1812 1792/1792 1794/1794
f 1816/1816 1792/1792 1812/1812
f 1817/1817 1792/1792 1816/1816
f 1817/1817 1789/1789 1792/1792
f 1816/1816 1812/1812 1815/1815
f 1814/1814 1815/1815 1812/1812
f 1696/1696 1693/1693 1692/1692
f 1696/1696 1692/1692 1697/1697
f 368/368 367/367 362/362
f 362/362 367/367 364/364
f 1693/1693 1695/1695 1694/1694
f 1692/1692 1693/1693 1694/1694
f 367/367 369/369 366/366
f 364/364 367/367 366/366
f 1822/1822 1821/1821 1823/1823
f 1824/1824 1822/1822 1823/1823
f 1812/1812 1810/1810 1813/1813
f 1814/1814 1812/1812 1813/1813
f 1817/1817 1816/1816 1815/1815
f 1838/1838 1839/1839 1840/1840
f 1841/1841 1838/1838 1840/1840
f 1698/1698 1694/1694 1695/1695
f 1694/1694 1698/1698 1699/1699
f 1821/1821 1814/1814 1813/1813
f 1822/1822 1814/1814 1821/1821
f 1827/1827 1817/1817 1815/1815
f 846/846 847/847 848/848
f 847/847 849/849 848/848
f 1842/1842 1843/1843 1844/1844
f 1842/1842 1845/1845 1843/1843
f 1799/1799 1800/1800 1801/1801
f 1799/1799 1798/1798 1800/1800
f 1800/1800 1806/1806 1804/1804
f 1801/1801 1800/1800 1804/1804
f 1801/1801 1804/1804 1805/1805
f 1803/1803 1801/1801 1805/1805
f 1798/1798 1807/1807 1800/1800
f 1808/1808 1807/1807 1796/1796
f 1796/1796 1807/1807 1798/1798
f 149/149 150/150 151/151
f 150/150 149/149 152/152
f 1799/1799 1801/1801 1802/1802
f 1802/1802 1801/1801 1803/1803
f 1795/1795 1809/1809 1808/1808
f 1795/1795 1808/1808 1796/1796
f 1797/1797 1796/1796 1798/1798
f 1797/1797 1798/1798 1799/1799
f 1813/1813 1810/1810 1818/1818
f 714/714 713/713 716/716
f 713/713 717/717 716/716
f 1818/1818 1797/1797 1819/1819
f 1818/1818 1819/1819 1820/1820
f 1813/1813 1818/1818 1820/1820
f 1821/1821 1813/1813 1820/1820
f 1818/1818 1795/1795 1797/1797
f 1795/1795 1796/1796 1797/1797
f 1463/1463 1460/1460 1462/1462
f 1462/1462 1460/1460 1458/1458
f 712/712 713/713 714/714
f 715/715 712/712 714/714
f 1795/1795 1811/1811 1809/1809
f 1810/1810 1811/1811 1795/1795
f 1810/1810 1795/1795 1818/1818
f 1846/1846 1847/1847 1848/1848
f 341/341 337/337 339/339
f 352/352 337/337 341/341
f 339/339 337/337 333/333
f 337/337 334/334 333/333
f 353/353 350/350 352/352
f 352/352 350/350 337/337
f 334/334 350/350 351/351
f 337/337 350/350 334/334
f 334/334 336/336 335/335
f 333/333 334/334 335/335
f 334/334 351/351 361/361
f 334/334 361/361 336/336
f 335/335 375/375 373/373
f 335/335 336/336 375/375
f 362/362 364/364 363/363
f 361/361 362/362 363/363
f 1849/1849 1850/1850 1851/1851
f 1849/1849 1854/1854 1850/1850
f 1855/1855 1856/1856 1857/1857
f 1857/1857 1858/1858 1855/1855
f 355/355 356/356 354/354
f 355/355 385/385 356/356
f 355/355 354/354 353/353
f 353/353 354/354 350/350
f 361/361 357/357 362/362
f 351/351 357/357 361/361
f 357/357 356/356 358/358
f 354/354 356/356 357/357
f 385/385 386/386 360/360
f 385/385 360/360 356/356
f 360/360 359/359 356/356
f 356/356 359/359 358/358
f 365/365 364/364 366/366
f 363/363 364/364 365/365
f 1851/1851 1850/1850 1852/1852
f 1851/1851 1852/1852 1853/1853
f 360/360 387/387 388/388
f 386/386 387/387 360/360
f 489/489 480/480 478/478
f 480/480 489/489 490/490
f 405/405 407/407 406/406
f 402/402 405/405 406/406
f 1859/1859 1860/1860 1861/1861
f 1862/1862 1859/1859 1861/1861
f 643/643 641/641 644/644
f 643/643 642/642 641/641
f 404/404 405/405 402/402
f 404/404 402/402 400/400
f 411/411 395/395 392/392
f 410/410 395/395 411/411
f 409/409 395/395 410/410
f 415/415 409/409 410/410
f 412/412 415/415 410/410
f 412/412 410/410 413/413
f 409/409 408/408 393/393
f 409/409 393/393 395/395
f 404/404 400/400 393/393
f 408/408 404/404 393/393
f 410/410 411/411 414/414
f 413/413 410/410 414/414
f 461/461 463/463 460/460
f 464/464 463/463 461/461
f 392/392 393/393 394/394
f 395/395 393/393 392/392
f 480/480 485/485 479/479
f 478/478 480/480 479/479
f 332/332 324/324 298/298
f 324/324 322/322 298/298
f 322/322 323/323 321/321
f 322/322 321/321 299/299
f 300/300 299/299 318/318
f 300/300 318/318 316/316
f 298/298 322/322 299/299
f 298/298 299/299 300/300
f 246/246 247/247 248/248
f 321/321 319/319 318/318
f 1325/1325 1326/1326 1327/1327
f 1326/1326 1328/1328 1327/1327
f 332/332 298/298 302/302
f 1326/1326 1329/1329 1328/1328
f 327/327 332/332 304/304
f 304/304 332/332 302/302
f 164/164 162/162 161/161
f 161/161 162/162 163/163
f 169/169 172/172 170/170
f 169/169 170/170 171/171
f 261/261 262/262 263/263
f 264/264 261/261 263/263
f 1149/1149 1150/1150 1151/1151
f 1149/1149 1152/1152 1150/1150
f 868/868 856/856 869/869
f 867/867 868/868 869/869
f 867/867 869/869 870/870
f 854/854 855/855 856/856
f 854/854 856/856 858/858
f 868/868 858/858 856/856
f 869/869 856/856 871/871
f 872/872 869/869 871/871
f 258/258 260/260 259/259
f 855/855 851/851 850/850
f 850/850 851/851 852/852
f 983/983 982/982 981/981
f 850/850 852/852 853/853
f 981/981 982/982 979/979
f 981/981 979/979 980/980
f 854/854 857/857 851/851
f 855/855 854/854 851/851
f 326/326 324/324 327/327
f 326/326 325/325 324/324
f 326/326 328/328 325/325
f 324/324 325/325 323/323
f 324/324 323/323 322/322
f 327/327 324/324 332/332
f 858/858 900/900 854/854
f 899/899 900/900 858/858
f 899/899 858/858 874/874
f 874/874 858/858 868/868
f 873/873 874/874 868/868
f 873/873 868/868 867/867
f 873/873 867/867 901/901
f 901/901 867/867 903/903
f 257/257 258/258 259/259
f 734/734 736/736 737/737
f 734/734 737/737 740/740
f 734/734 735/735 736/736
f 738/738 736/736 735/735
f 738/738 739/739 736/736
f 1387/1387 1378/1378 1386/1386
f 865/865 864/864 860/860
f 49/49 50/50 51/51
f 864/864 866/866 863/863
f 864/864 863/863 860/860
f 1870/1870 1871/1871 1866/1866
f 1869/1869 1870/1870 1866/1866
f 174/174 172/172 173/173
f 173/173 172/172 169/169
f 1149/1149 1153/1153 1152/1152
f 1149/1149 1154/1154 1153/1153
f 904/904 905/905 900/900
f 862/862 904/904 900/900
f 1145/1145 1146/1146 1147/1147
f 1145/1145 1147/1147 1148/1148
f 860/860 863/863 862/862
f 860/860 862/862 861/861
f 905/905 857/857 854/854
f 900/900 905/905 854/854
f 882/882 902/902 898/898
f 883/883 882/882 898/898
f 1872/1872 1873/1873 1874/1874
f 1875/1875 1872/1872 1874/1874
f 876/876 874/874 875/875
f 875/875 874/874 873/873
f 862/862 900/900 899/899
f 861/861 862/862 899/899
f 861/861 899/899 874/874
f 861/861 874/874 876/876
f 889/889 875/875 873/873
f 889/889 873/873 901/901
f 1876/1876 1877/1877 1878/1878
f 1876/1876 1878/1878 1879/1879
f 1880/1880 1881/1881 1882/1882
f 1881/1881 1883/1883 1882/1882
f 859/859 860/860 861/861
f 859/859 861/861 876/876
f 859/859 876/876 877/877
f 877/877 876/876 875/875
f 894/894 883/883 896/896
f 894/894 884/884 883/883
f 880/880 882/882 881/881
f 880/880 885/885 882/882
f 1884/1884 1885/1885 1886/1886
f 1885/1885 1887/1887 1886/1886
f 887/887 888/888 889/889
f 887/887 889/889 890/890
f 888/888 877/877 875/875
f 1888/1888 1889/1889 1890/1890
f 881/881 882/882 883/883
f 884/884 881/881 883/883
f 769/769 770/770 771/771
f 772/772 769/769 771/771
f 1893/1893 1892/1892 1894/1894
f 1891/1891 1892/1892 1893/1893
f 1897/1897 1896/1896 1899/1899
f 1897/1897 1899/1899 1900/1900
f 1334/1334 1335/1335 1331/1331
f 265/265 266/266 267/267
f 1341/1341 1343/1343 1344/1344
f 1341/1341 1342/1342 1343/1343
f 1333/1333 1330/1330 1332/1332
f 1901/1901 1902/1902 1903/1903
f 1904/1904 1905/1905 1906/1906
f 1330/1330 1331/1331 1332/1332
f 1335/1335 1334/1334 1330/1330
f 1330/1330 1334/1334 1331/1331
f 961/961 963/963 962/962
f 1667/1667 1665/1665 1668/1668
f 1667/1667 1663/1663 1665/1665
f 878/878 877/877 888/888
f 878/878 865/865 859/859
f 878/878 859/859 877/877
f 1895/1895 1898/1898 1896/1896
f 1895/1895 1896/1896 1897/1897
f 895/895 893/893 894/894
f 893/893 884/884 894/894
f 891/891 878/878 888/888
f 893/893 879/879 892/892
f 879/879 880/880 881/881
f 892/892 879/879 881/881
f 879/879 886/886 880/880
f 892/892 881/881 884/884
f 893/893 892/892 884/884
f 886/886 887/887 880/880
f 886/886 891/891 888/888
f 886/886 888/888 887/887
f 1290/1290 1292/1292 1291/1291
f 1290/1290 1291/1291 1285/1285
f 1294/1294 1293/1293 1292/1292
f 1292/1292 1293/1293 1291/1291
f 1093/1093 1086/1086 1084/1084
f 1093/1093 1084/1084 1096/1096
f 1021/1021 1024/1024 1023/1023
f 1023/1023 1024/1024 1025/1025
f 722/722 718/718 721/721
f 721/721 718/718 720/720
f 1907/1907 1908/1908 1909/1909
f 193/193 187/187 194/194
f 194/194 187/187 195/195
f 153/153 154/154 155/155
f 154/154 156/156 155/155
f 138/138 139/139 140/140
f 138/138 140/140 141/141
f 79/79 75/75 76/76
f 76/76 75/75 72/72
f 908/908 907/907 909/909
f 816/816 814/814 813/813
f 813/813 814/814 815/815
f 813/813 815/815 810/810
f 813/813 810/810 809/809
f 193/193 196/196 188/188
f 193/193 188/188 187/187
f 188/188 191/191 190/190
f 188/188 192/192 191/191
f 184/184 185/185 186/186
f 197/197 198/198 199/199
f 811/811 810/810 812/812
f 200/200 199/199 198/198
f 809/809 810/810 811/811
f 788/788 789/789 790/790
f 788/788 790/790 791/791
f 906/906 907/907 908/908
f 1055/1055 1053/1053 1052/1052
f 1052/1052 1053/1053 1054/1054
f 71/71 68/68 70/70
f 68/68 69/69 70/70
f 719/719 723/723 720/720
f 718/718 719/719 720/720
f 187/187 188/188 189/189
f 189/189 188/188 190/190
f 72/72 73/73 74/74
f 75/75 73/73 72/72
f 1054/1054 1053/1053 1057/1057
f 1054/1054 1057/1057 1056/1056
f 1056/1056 1057/1057 1058/1058
f 1056/1056 1058/1058 1061/1061
f 287/287 290/290 286/286
f 286/286 290/290 293/293
f 292/292 291/291 287/287
f 287/287 291/291 290/290
f 325/325 329/329 330/330
f 328/328 329/329 325/325
f 319/319 320/320 317/317
f 318/318 319/319 317/317
f 1710/1710 1711/1711 1712/1712
f 1710/1710 1712/1712 1713/1713
f 325/325 330/330 331/331
f 918/918 919/919 920/920
f 1918/1918 1919/1919 1912/1912
f 652/652 655/655 653/653
f 652/652 653/653 654/654
f 1911/1911 1918/1918 1912/1912
f 527/527 529/529 530/530
f 1251/1251 1252/1252 1253/1253
f 1920/1920 1921/1921 1922/1922
f 1921/1921 1933/1933 1922/1922
f 1921/1921 1924/1924 1934/1934
f 1921/1921 1920/1920 1924/1924
f 1924/1924 1923/1923 1925/1925
f 1924/1924 1920/1920 1923/1923
f 1920/1920 1922/1922 1923/1923
f 1925/1925 1928/1928 1926/1926
f 1926/1926 1928/1928 1929/1929
f 1925/1925 1923/1923 1928/1928
f 1923/1923 1932/1932 1928/1928
f 1951/1951 1952/1952 1953/1953
f 1951/1951 1954/1954 1952/1952
f 1914/1914 1910/1910 1915/1915
f 1916/1916 1914/1914 1915/1915
f 1492/1492 1489/1489 1491/1491
f 1489/1489 1490/1490 1491/1491
f 657/657 652/652 656/656
f 656/656 652/652 654/654
f 1955/1955 1956/1956 1957/1957
f 1910/1910 1911/1911 1912/1912
f 1910/1910 1912/1912 1913/1913
f 1955/1955 1960/1960 1956/1956
f 1493/1493 1494/1494 1495/1495
f 508/508 509/509 510/510
f 508/508 510/510 519/519
f 514/514 508/508 519/519
f 516/516 514/514 519/519
f 513/513 512/512 508/508
f 513/513 508/508 514/514
f 526/526 527/527 510/510
f 1961/1961 1962/1962 1963/1963
f 1545/1545 1546/1546 1547/1547
f 1644/1644 1639/1639 1643/1643
f 1639/1639 1642/1642 1643/1643
f 515/515 516/516 500/500
f 515/515 514/514 516/516
f 1549/1549 1546/1546 1545/1545
f 513/513 515/515 520/520
f 515/515 513/513 514/514
f 510/510 527/527 530/530
f 510/510 530/530 531/531
f 1965/1965 1966/1966 1967/1967
f 1967/1967 1966/1966 1968/1968
f 517/517 515/515 500/500
f 518/518 517/517 500/500
f 1963/1963 1962/1962 1964/1964
f 500/500 498/498 497/497
f 500/500 516/516 498/498
f 497/497 498/498 499/499
f 501/501 497/497 499/499
f 1969/1969 1970/1970 1971/1971
f 1971/1971 1970/1970 1972/1972
f 472/472 468/468 467/467
f 467/467 468/468 469/469
f 519/519 510/510 531/531
f 519/519 531/531 532/532
f 516/516 519/519 532/532
f 516/516 532/532 498/498
f 1483/1483 1482/1482 1480/1480
f 1483/1483 1484/1484 1482/1482
f 1917/1917 1911/1911 1914/1914
f 1914/1914 1911/1911 1910/1910
f 1496/1496 1494/1494 1493/1493
f 1479/1479 1480/1480 1481/1481
f 1480/1480 1482/1482 1481/1481
f 1289/1289 1288/1288 1287/1287
f 1289/1289 1287/1287 1295/1295
f 1288/1288 1285/1285 1287/1287
f 1288/1288 1290/1290 1285/1285
f 1296/1296 1295/1295 1297/1297
f 1289/1289 1295/1295 1296/1296
f 142/142 143/143 144/144
f 145/145 143/143 142/142
f 1764/1764 1759/1759 1758/1758
f 1759/1759 1756/1756 1758/1758
f 1756/1756 1757/1757 1758/1758
f 1764/1764 1758/1758 1765/1765
f 1756/1756 1760/1760 1757/1757
f 1760/1760 1761/1761 1762/1762
f 1760/1760 1762/1762 1763/1763
f 1760/1760 1763/1763 1757/1757
f 1701/1701 1700/1700 1703/1703
f 204/204 201/201 203/203
f 201/201 202/202 203/203
f 1704/1704 1705/1705 1701/1701
f 1704/1704 1701/1701 1703/1703
f 1020/1020 1021/1021 1022/1022
f 1022/1022 1021/1021 1023/1023
f 1752/1752 1755/1755 1753/1753
f 1752/1752 1753/1753 1754/1754
f 1744/1744 1745/1745 1746/1746
f 1746/1746 1745/1745 1747/1747
f 400/400 402/402 401/401
f 400/400 401/401 399/399
f 1535/1535 1534/1534 1536/1536
f 1590/1590 1592/1592 1593/1593
f 1973/1973 1974/1974 1975/1975
f 1976/1976 1974/1974 1973/1973
f 1956/1956 1959/1959 1958/1958
f 1957/1957 1956/1956 1958/1958
f 1532/1532 1538/1538 1537/1537
f 1532/1532 1537/1537 1534/1534
f 1533/1533 1532/1532 1534/1534
f 1533/1533 1534/1534 1535/1535
f 604/604 606/606 605/605
f 607/607 605/605 606/606
f 453/453 454/454 452/452
f 609/609 617/617 606/606
f 606/606 617/617 607/607
f 453/453 455/455 454/454
f 455/455 443/443 454/454
f 22/22 23/23 24/24
f 22/22 27/27 23/23
f 1939/1939 1940/1940 1941/1941
f 1939/1939 1941/1941 1942/1942
f 1927/1927 1924/1924 1926/1926
f 1924/1924 1925/1925 1926/1926
f 1977/1977 1978/1978 1979/1979
f 1978/1978 1980/1980 1979/1979
f 1614/1614 1612/1612 1611/1611
f 1623/1623 1612/1612 1614/1614
f 1930/1930 1926/1926 1929/1929
f 1930/1930 1929/1929 1931/1931
f 1531/1531 1539/1539 1538/1538
f 1531/1531 1538/1538 1532/1532
f 613/613 614/614 615/615
f 1944/1944 1949/1949 1948/1948
f 1944/1944 1948/1948 1945/1945
f 1943/1943 1944/1944 1945/1945
f 24/24 23/23 25/25
f 24/24 25/25 26/26
f 1943/1943 1945/1945 1946/1946
f 1947/1947 1943/1943 1946/1946
f 615/615 614/614 616/616
f 21/21 19/19 18/18
f 18/18 19/19 20/20
f 271/271 268/268 270/270
f 482/482 486/486 483/483
f 268/268 269/269 270/270
f 481/481 482/482 483/483
f 457/457 456/456 455/455
f 455/455 456/456 441/441
f 10/10 13/13 11/11
f 11/11 13/13 14/14
f 481/481 479/479 482/482
f 477/477 479/479 481/481
f 1614/1614 1611/1611 1617/1617
f 1614/1614 1617/1617 1620/1620
f 1621/1621 1615/1615 1613/1613
f 1484/1484 1483/1483 1480/1480
f 1511/1511 1510/1510 1508/1508
f 1613/1613 1622/1622 1621/1621
f 458/458 457/457 450/450
f 450/450 457/457 451/451
f 451/451 453/453 452/452
f 446/446 451/451 452/452
f 453/453 457/457 455/455
f 457/457 453/453 451/451
f 455/455 441/441 436/436
f 455/455 436/436 443/443
f 436/436 438/438 442/442
f 436/436 442/442 443/443
f 1524/1524 1526/1526 1525/1525
f 1524/1524 1525/1525 1515/1515
f 1616/1616 1611/1611 1615/1615
f 1617/1617 1611/1611 1616/1616
f 1618/1618 1616/1616 1619/1619
f 1617/1617 1616/1616 1618/1618
f 440/440 439/439 436/436
f 441/441 440/440 436/436
f 436/436 439/439 437/437
f 436/436 437/437 438/438
f 446/446 450/450 451/451
f 1948/1948 1949/1949 1950/1950
f 1935/1935 1937/1937 1938/1938
f 1935/1935 1936/1936 1937/1937
f 1590/1590 1591/1591 1592/1592
f 1592/1592 1591/1591 1593/1593
f 1518/1518 1515/1515 1517/1517
f 1515/1515 1516/1516 1517/1517
f 1520/1520 1518/1518 1519/1519
f 1518/1518 1517/1517 1519/1519
f 1485/1485 1486/1486 1487/1487
f 461/461 460/460 444/444
f 460/460 445/445 444/444
f 444/444 445/445 446/446
f 444/444 446/446 447/447
f 445/445 450/450 446/446
f 460/460 459/459 445/445
f 445/445 459/459 450/450
f 1981/1981 1982/1982 1983/1983
f 1983/1983 1984/1984 1981/1981
f 448/448 444/444 447/447
f 462/462 461/461 444/444
f 1985/1985 1986/1986 1987/1987
f 1985/1985 1987/1987 1988/1988
f 462/462 444/444 448/448
f 448/448 447/447 449/449
f 396/396 398/398 403/403
f 393/393 400/400 394/394
f 484/484 477/477 487/487
f 487/487 477/477 488/488
f 394/394 400/400 399/399
f 396/396 397/397 398/398
f 399/399 397/397 396/396
f 399/399 396/396 394/394
f 484/484 478/478 477/477
f 477/477 478/478 479/479
f 1260/1260 1261/1261 1262/1262
f 1001/1001 1002/1002 1003/1003
f 1238/1238 1239/1239 1240/1240
f 1297/1297 1295/1295 1298/1298
f 1295/1295 1286/1286 1298/1298
f 380/380 381/381 377/377
f 377/377 381/381 382/382
f 1231/1231 1232/1232 1233/1233
f 1454/1454 1456/1456 1457/1457
f 377/377 382/382 383/383
f 1453/1453 1456/1456 1454/1454
f 376/376 374/374 377/377
f 376/376 377/377 383/383
f 374/374 380/380 377/377
f 1989/1989 1990/1990 1991/1991
f 1455/1455 1469/1469 1453/1453
f 1201/1201 1202/1202 1203/1203
f 1048/1048 1047/1047 1045/1045
f 1045/1045 1047/1047 1043/1043
f 1464/1464 1465/1465 1463/1463
f 1464/1464 1463/1463 1462/1462
f 146/146 147/147 148/148
f 533/533 541/541 534/534
f 118/118 119/119 120/120
f 823/823 822/822 824/824
f 80/80 81/81 82/82
f 825/825 821/821 823/823
f 370/370 371/371 372/372
f 1458/1458 1459/1459 1457/1457
f 1456/1456 1458/1458 1457/1457
f 539/539 533/533 537/537
f 537/537 533/533 536/536
f 1460/1460 1461/1461 1459/1459
f 1458/1458 1460/1460 1459/1459
f 759/759 762/762 760/760
f 759/759 760/760 761/761
f 533/533 534/534 535/535
f 536/536 533/533 535/535
f 534/534 540/540 538/538
f 535/535 534/534 538/538
f 1992/1992 1993/1993 1994/1994
f 1425/1425 1428/1428 1426/1426
f 1425/1425 1426/1426 1422/1422
f 1049/1049 1045/1045 1044/1044
f 1049/1049 1051/1051 1045/1045
f 135/135 136/136 137/137
f 1428/1428 1429/1429 1426/1426
f 826/826 823/823 824/824
f 1248/1248 1249/1249 1250/1250
f 1995/1995 1996/1996 1997/1997
f 1997/1997 1996/1996 1998/1998
f 1424/1424 1422/1422 1421/1421
f 1425/1425 1422/1422 1424/1424
f 1431/1431 1424/1424 1430/1430
f 1432/1432 1431/1431 1430/1430
f 131/131 132/132 133/133
f 1426/1426 1435/1435 1427/1427
f 1422/1422 1426/1426 1427/1427
f 1049/1049 1044/1044 1050/1050
f 1444/1444 1445/1445 1446/1446
f 1999/1999 2000/2000 2001/2001
f 2002/2002 1999/1999 2001/2001
f 2013/2013 2014/2014 2015/2015
f 2015/2015 2014/2014 2016/2016
f 725/725 727/727 726/726
f 724/724 725/725 726/726
f 103/103 104/104 105/105
f 106/106 103/103 105/105
f 114/114 117/117 115/115
f 114/114 115/115 116/116
f 2018/2018 2023/2023 2024/2024
f 2022/2022 2023/2023 2018/2018
f 128/128 130/130 129/129
f 128/128 129/129 126/126
f 2036/2036 2034/2034 2029/2029
f 2034/2034 2035/2035 2029/2029
f 2029/2029 2030/2030 2031/2031
f 110/110 103/103 109/109
f 109/109 103/103 106/106
f 371/371 373/373 374/374
f 371/371 374/374 376/376
f 371/371 376/376 378/378
f 372/372 371/371 378/378
f 2007/2007 2008/2008 2004/2004
f 2003/2003 2007/2007 2004/2004
f 2003/2003 2004/2004 2000/2000
f 1999/1999 2003/2003 2000/2000
f 1039/1039 1040/1040 1041/1041
f 1039/1039 1037/1037 1040/1040
f 1039/1039 1038/1038 1037/1037
f 1468/1468 1455/1455 1467/1467
f 1036/1036 1037/1037 1038/1038
f 1041/1041 1040/1040 1042/1042
f 1475/1475 1476/1476 1477/1477
f 1466/1466 1454/1454 1470/1470
f 1467/1467 1466/1466 1470/1470
f 1467/1467 1470/1470 1471/1471
f 1455/1455 1466/1466 1467/1467
f 1043/1043 1037/1037 1036/1036
f 1045/1045 1043/1043 1036/1036
f 1044/1044 1045/1045 1036/1036
f 1453/1453 1454/1454 1455/1455
f 1455/1455 1454/1454 1466/1466
f 372/372 378/378 379/379
f 2021/2021 2022/2022 2018/2018
f 2017/2017 2021/2021 2018/2018
f 134/134 132/132 131/131
f 370/370 348/348 371/371
f 349/349 348/348 370/370
f 371/371 335/335 373/373
f 348/348 335/335 371/371
f 344/344 338/338 345/345
f 344/344 340/340 338/338
f 345/345 348/348 349/349
f 345/345 338/338 348/348
f 821/821 825/825 822/822
f 821/821 822/822 823/823
f 373/373 375/375 384/384
f 373/373 384/384 374/374
f 2039/2039 2040/2040 2041/2041
f 2041/2041 2040/2040 2042/2042
f 111/111 112/112 113/113
f 1476/1476 1478/1478 1477/1477
f 1470/1470 1474/1474 1473/1473
f 1470/1470 1473/1473 1472/1472
f 1471/1471 1470/1470 1472/1472
f 1046/1046 1041/1041 1042/1042
f 2043/2043 2046/2046 2044/2044
f 2043/2043 2044/2044 2045/2045
f 2047/2047 2048/2048 2049/2049
f 2049/2049 2048/2048 2050/2050
f 496/496 493/493 495/495
f 493/493 492/492 495/495
f 492/492 491/491 494/494
f 491/491 492/492 493/493
f 316/316 318/318 317/317
f 1800/1800 1807/1807 1825/1825
f 1800/1800 1825/1825 1806/1806
f 1825/1825 1826/1826 1806/1806
f 669/669 673/673 672/672
f 676/676 673/673 669/669
f 669/669 672/672 670/670
f 668/668 669/669 670/670
f 678/678 679/679 673/673
f 673/673 676/676 678/678
f 2053/2053 2052/2052 2054/2054
f 2051/2051 2052/2052 2053/2053
f 387/387 389/389 388/388
f 993/993 994/994 995/995
f 995/995 994/994 996/996
f 677/677 678/678 676/676
f 1244/1244 1241/1241 1243/1243
f 389/389 391/391 390/390
f 388/388 389/389 390/390
f 979/979 984/984 978/978
f 949/949 950/950 951/951
f 699/699 678/678 700/700
f 949/949 952/952 950/950
f 691/691 679/679 699/699
f 679/679 678/678 699/699
f 691/691 680/680 679/679
f 303/303 301/301 307/307
f 673/673 674/674 672/672
f 674/674 675/675 672/672
f 307/307 310/310 314/314
f 310/310 307/307 309/309
f 302/302 301/301 303/303
f 305/305 303/303 306/306
f 680/680 673/673 679/679
f 305/305 304/304 303/303
f 685/685 669/669 668/668
f 685/685 686/686 669/669
f 1789/1789 1790/1790 1791/1791
f 1789/1789 1791/1791 1792/1792
f 683/683 671/671 694/694
f 2055/2055 2056/2056 2057/2057
f 671/671 692/692 694/694
f 668/668 670/670 671/671
f 671/671 670/670 692/692
f 696/696 695/695 692/692
f 692/692 695/695 694/694
f 301/301 316/316 308/308
f 309/309 312/312 311/311
f 310/310 309/309 311/311
f 309/309 308/308 313/313
f 309/309 313/313 312/312
f 307/307 308/308 309/309
f 307/307 301/301 308/308
f 682/682 683/683 684/684
f 682/682 684/684 687/687
f 706/706 705/705 682/682
f 682/682 705/705 681/681
f 1792/1792 1791/1791 1793/1793
f 1792/1792 1793/1793 1794/1794
f 682/682 687/687 707/707
f 706/706 682/682 707/707
f 1833/1833 1831/1831 1809/1809
f 1809/1809 1831/1831 1808/1808
f 681/681 671/671 682/682
f 671/671 683/683 682/682
f 1808/1808 1831/1831 1828/1828
f 1808/1808 1828/1828 1807/1807
f 1807/1807 1828/1828 1832/1832
f 1807/1807 1832/1832 1825/1825
f 687/687 684/684 688/688
f 687/687 688/688 689/689
f 2058/2058 2059/2059 2060/2060
f 2059/2059 2061/2061 2060/2060
f 681/681 668/668 671/671
f 685/685 668/668 681/681
f 2081/2081 2073/2073 2076/2076
f 2081/2081 2082/2082 2073/2073
f 2076/2076 2073/2073 2072/2072
f 2089/2089 2094/2094 2093/2093
f 2094/2094 2089/2089 2095/2095
f 1773/1773 1770/1770 1769/1769
f 684/684 693/693 690/690
f 688/688 684/684 690/690
f 683/683 693/693 684/684
f 683/683 694/694 693/693
f 2058/2058 2063/2063 2062/2062
f 2058/2058 2062/2062 2059/2059
f 2083/2083 2076/2076 2072/2072
f 2083/2083 2072/2072 2079/2079
f 316/316 317/317 315/315
f 2096/2096 2097/2097 2098/2098
f 2099/2099 2097/2097 2096/2096
f 1185/1185 1186/1186 1187/1187
f 1198/1198 1199/1199 1200/1200
f 316/316 315/315 308/308
f 308/308 315/315 313/313
f 696/696 698/698 697/697
f 696/696 697/697 695/695
f 2089/2089 2093/2093 2092/2092
f 2089/2089 2092/2092 2091/2091
f 1769/1769 1770/1770 1766/1766
f 1771/1771 1769/1769 1766/1766
f 1773/1773 1774/1774 1770/1770
f 1766/1766 1770/1770 1767/1767
f 1770/1770 1772/1772 1767/1767
f 2089/2089 2091/2091 2090/2090
f 2088/2088 2089/2089 2090/2090
f 2079/2079 2072/2072 2078/2078
f 2079/2079 2078/2078 2080/2080
f 1766/1766 1767/1767 1768/1768
f 1825/1825 1832/1832 1826/1826
f 2073/2073 2082/2082 2075/2075
f 2072/2072 2073/2073 2074/2074
f 2074/2074 2075/2075 2077/2077
f 2074/2074 2073/2073 2075/2075
f 1128/1128 1130/1130 1132/1132
f 1132/1132 1130/1130 1133/1133
f 2072/2072 2074/2074 2078/2078
f 298/298 300/300 301/301
f 302/302 298/298 301/301
f 304/304 302/302 303/303
f 301/301 300/300 316/316
f 1867/1867 1869/1869 1868/1868
f 1869/1869 1866/1866 1868/1868
f 1863/1863 1864/1864 1865/1865
f 1866/1866 1867/1867 1868/1868
f 773/773 775/775 776/776
f 773/773 774/774 775/775
f 1349/1349 1348/1348 1350/1350
f 1347/1347 1348/1348 1349/1349
f 1359/1359 1354/1354 1351/1351
f 1359/1359 1351/1351 1360/1360
f 1391/1391 1390/1390 1392/1392
f 1352/1352 1349/1349 1350/1350
f 833/833 838/838 827/827
f 1314/1314 1315/1315 1316/1316
f 833/833 827/827 830/830
f 834/834 833/833 830/830
f 827/827 828/828 829/829
f 827/827 838/838 828/828
f 2100/2100 2101/2101 2102/2102
f 2103/2103 2104/2104 2105/2105
f 45/45 48/48 47/47
f 44/44 45/45 46/46
f 629/629 631/631 636/636
f 631/631 634/634 636/636
f 632/632 630/630 629/629
f 629/629 630/630 631/631
f 45/45 47/47 46/46
f 636/636 634/634 637/637
f 636/636 637/637 638/638
f 1137/1137 1138/1138 1139/1139
f 1137/1137 1139/1139 1140/1140
f 631/631 633/633 634/634
f 635/635 633/633 631/631
f 819/819 818/818 820/820
f 817/817 818/818 819/819
f 1353/1353 1347/1347 1351/1351
f 1351/1351 1347/1347 1349/1349
f 1354/1354 1353/1353 1351/1351
f 1354/1354 1355/1355 1353/1353
f 1343/1343 1356/1356 1354/1354
f 1342/1342 1357/1357 1356/1356
f 1342/1342 1356/1356 1343/1343
f 1356/1356 1355/1355 1354/1354
f 416/416 405/405 417/417
f 651/651 649/649 650/650
f 649/649 645/645 650/650
f 64/64 65/65 66/66
f 65/65 67/67 66/66
f 953/953 954/954 955/955
f 1254/1254 1255/1255 1256/1256
f 1137/1137 1136/1136 1138/1138
f 1135/1135 1136/1136 1137/1137
f 423/423 409/409 415/415
f 423/423 415/415 422/422
f 1320/1320 1323/1323 1321/1321
f 422/422 415/415 412/412
f 422/422 412/412 421/421
f 421/421 412/412 419/419
f 1346/1346 1358/1358 1342/1342
f 1358/1358 1357/1357 1342/1342
f 407/407 405/405 416/416
f 646/646 643/643 647/647
f 646/646 647/647 648/648
f 1097/1097 1098/1098 1099/1099
f 1208/1208 1209/1209 1210/1210
f 649/649 642/642 645/645
f 645/645 642/642 643/643
f 645/645 643/643 646/646
f 418/418 405/405 404/404
f 417/417 405/405 418/418
f 1775/1775 1776/1776 1777/1777
f 1776/1776 1778/1778 1777/1777
f 2087/2087 2084/2084 2086/2086
f 2084/2084 2085/2085 2086/2086
f 2069/2069 2067/2067 2068/2068
f 2067/2067 2066/2066 2068/2068
f 1781/1781 1784/1784 1782/1782
f 1781/1781 1782/1782 1783/1783
f 1829/1829 1830/1830 1806/1806
f 1826/1826 1829/1829 1806/1806
f 1835/1835 1837/1837 1836/1836
f 1834/1834 1835/1835 1836/1836
f 217/217 216/216 218/218
f 215/215 216/216 217/217
f 1241/1241 1242/1242 1243/1243
f 989/989 990/990 991/991
f 990/990 992/992 991/991
f 964/964 967/967 965/965
f 964/964 965/965 966/966
f 1181/1181 1182/1182 1183/1183
f 1184/1184 1181/1181 1183/1183
f 1032/1032 1035/1035 1033/1033
f 208/208 209/209 210/210
f 391/391 388/388 390/390
f 781/781 782/782 783/783
f 1575/1575 1574/1574 1572/1572
f 1572/1572 1574/1574 1573/1573
f 1570/1570 1572/1572 1571/1571
f 1572/1572 1573/1573 1571/1571
f 843/843 841/841 842/842
f 570/570 574/574 573/573
f 570/570 573/573 563/563
f 938/938 939/939 940/940
f 1124/1124 1125/1125 1126/1126
f 1127/1127 1124/1124 1126/1126
f 1190/1190 1189/1189 1194/1194
f 1188/1188 1189/1189 1190/1190
f 1194/1194 1189/1189 1191/1191
f 1191/1191 1189/1189 1192/1192
f 938/938 941/941 939/939
f 577/577 579/579 578/578
f 577/577 578/578 575/575
f 580/580 577/577 574/574
f 574/574 577/577 575/575
f 1571/1571 1576/1576 1568/1568
f 1568/1568 1576/1576 1577/1577
f 2106/2106 2107/2107 2108/2108
f 2109/2109 2106/2106 2108/2108
f 574/574 575/575 573/573
f 573/573 575/575 576/576
f 999/999 1000/1000 997/997
f 997/997 998/998 999/999
f 1030/1030 1031/1031 1028/1028
f 1027/1027 1030/1030 1028/1028
f 1026/1026 1028/1028 1029/1029
f 1026/1026 1027/1027 1028/1028
f 1779/1779 1778/1778 1776/1776
f 1779/1779 1780/1780 1778/1778
f 1032/1032 1033/1033 1034/1034
f 763/763 764/764 765/765
f 765/765 764/764 767/767
f 1179/1179 1180/1180 1177/1177
f 1177/1177 1178/1178 1179/1179
f 766/766 763/763 765/765
f 766/766 765/765 768/768
f 1748/1748 1751/1751 1749/1749
f 1748/1748 1749/1749 1750/1750
f 219/219 220/220 221/221
f 221/221 220/220 222/222
f 238/238 241/241 239/239
f 238/238 239/239 240/240
f 1195/1195 1196/1196 1197/1197
f 587/587 586/586 584/584
f 562/562 566/566 564/564
f 562/562 567/567 566/566
f 242/242 243/243 244/244
f 243/243 245/245 244/244
f 231/231 233/233 232/232
f 230/230 231/231 232/232
f 253/253 254/254 255/255
f 253/253 255/255 256/256
f 211/211 212/212 213/213
f 214/214 212/212 211/211
f 250/250 252/252 251/251
f 249/249 250/250 251/251
f 985/985 986/986 987/987
f 985/985 988/988 986/986
f 1217/1217 1219/1219 1218/1218
f 1216/1216 1217/1217 1218/1218
f 591/591 589/589 592/592
f 590/590 589/589 591/591
f 1310/1310 1311/1311 1312/1312
f 1310/1310 1312/1312 1313/1313
f 576/576 582/582 581/581
f 583/583 582/582 576/576
f 567/567 573/573 581/581
f 576/576 581/581 573/573
f 1204/1204 1207/1207 1205/1205
f 1204/1204 1205/1205 1206/1206
f 1341/1341 1345/1345 1346/1346
f 1341/1341 1346/1346 1342/1342
f 1308/1308 1309/1309 1310/1310
f 1310/1310 1309/1309 1311/1311
f 1004/1004 1005/1005 1006/1006
f 1006/1006 1005/1005 1007/1007
f 2110/2110 2111/2111 2112/2112
f 561/561 562/562 560/560
f 561/561 563/563 562/562
f 2115/2115 2114/2114 2116/2116
f 2113/2113 2114/2114 2115/2115
f 550/550 585/585 589/589
f 585/585 586/586 588/588
f 584/584 586/586 585/585
f 560/560 564/564 543/543
f 544/544 564/564 565/565
f 543/543 564/564 544/544
f 562/562 564/564 560/560
f 544/544 565/565 584/584
f 544/544 584/584 547/547
f 551/551 549/549 546/546
f 551/551 546/546 553/553
f 547/547 550/550 548/548
f 546/546 547/547 548/548
f 2064/2064 2070/2070 2065/2065
f 2064/2064 2071/2071 2070/2070
f 547/547 585/585 550/550
f 547/547 584/584 585/585
f 549/549 544/544 546/546
f 546/546 544/544 547/547
f 554/554 545/545 552/552
f 545/545 542/542 552/552
f 552/552 542/542 551/551
f 551/551 542/542 549/549
f 1497/1497 1498/1498 1499/1499
f 555/555 558/558 545/545
f 555/555 545/545 554/554
f 542/542 543/543 544/544
f 542/542 544/544 549/549
f 545/545 543/543 542/542
f 560/560 543/543 545/545
f 2067/2067 2064/2064 2066/2066
f 2064/2064 2065/2065 2066/2066
f 1785/1785 1787/1787 1788/1788
f 1785/1785 1786/1786 1787/1787
f 594/594 590/590 593/593
f 590/590 591/591 593/593
f 563/563 567/567 562/562
f 573/573 567/567 563/563
f 548/548 594/594 595/595
f 548/548 595/595 596/596
f 1560/1560 1561/1561 1562/1562
f 548/548 550/550 590/590
f 550/550 589/589 590/590
f 548/548 590/590 594/594
f 1559/1559 1555/1555 1560/1560
f 558/558 561/561 545/545
f 561/561 560/560 545/545
f 561/561 568/568 563/563
f 563/563 568/568 570/570
f 572/572 571/571 568/568
f 568/568 571/571 570/570
f 1554/1554 1569/1569 1568/1568
f 1554/1554 1568/1568 1556/1556
f 1555/1555 1556/1556 1557/1557
f 1555/1555 1557/1557 1561/1561
f 1613/1613 1612/1612 1624/1624
f 1612/1612 1626/1626 1624/1624
f 1555/1555 1554/1554 1556/1556
f 1553/1553 1554/1554 1555/1555
f 1558/1558 1553/1553 1559/1559
f 1559/1559 1553/1553 1555/1555
f 1560/1560 1555/1555 1561/1561
f 2117/2117 2118/2118 2119/2119
f 2118/2118 2120/2120 2119/2119
f 1622/1622 1613/1613 1624/1624
f 1622/1622 1624/1624 1628/1628
f 569/569 568/568 558/558
f 568/568 561/561 558/558
f 2121/2121 2122/2122 2123/2123
f 2123/2123 2122/2122 2124/2124
f 1529/1529 1530/1530 1543/1543
f 1530/1530 1542/1542 1543/1543
f 1540/1540 1541/1541 1530/1530
f 1530/1530 1541/1541 1542/1542
f 1542/1542 1531/1531 1543/1543
f 1544/1544 1543/1543 1531/1531
f 1544/1544 1531/1531 1533/1533
f 1531/1531 1532/1532 1533/1533
f 1638/1638 1630/1630 1637/1637
f 1630/1630 1636/1636 1637/1637
f 1630/1630 1632/1632 1635/1635
f 1630/1630 1635/1635 1636/1636
f 1508/1508 1510/1510 1509/1509
f 1500/1500 1508/1508 1509/1509
f 1500/1500 1509/1509 1501/1501
f 1505/1505 1512/1512 1514/1514
f 1501/1501 1512/1512 1505/1505
f 1502/1502 1505/1505 1506/1506
f 1501/1501 1505/1505 1502/1502
f 1500/1500 1501/1501 1502/1502
f 1503/1503 1500/1500 1502/1502
f 1504/1504 1500/1500 1503/1503
f 2125/2125 2128/2128 2126/2126
f 1527/1527 1528/1528 1529/1529
f 1528/1528 1530/1530 1529/1529
f 1502/1502 1506/1506 1503/1503
f 1507/1507 1503/1503 1506/1506
f 1521/1521 1522/1522 1523/1523
f 1521/1521 1516/1516 1522/1522
f 1515/1515 1525/1525 1522/1522
f 1515/1515 1522/1522 1516/1516
f 2130/2130 2129/2129 2131/2131
f 2126/2126 2132/2132 2129/2129
f 2132/2132 2133/2133 2129/2129
f 2125/2125 2126/2126 2127/2127
f 2127/2127 2126/2126 2129/2129
f 2127/2127 2129/2129 2130/2130
f 1486/1486 1488/1488 1487/1487
f 1594/1594 1595/1595 1596/1596
f 1595/1595 1597/1597 1596/1596
f 1584/1584 1585/1585 1586/1586
f 1581/1581 1579/1579 1580/1580
f 1579/1579 1563/1563 1580/1580
f 2137/2137 2135/2135 2134/2134
f 2134/2134 2135/2135 2136/2136
f 1567/1567 1560/1560 1566/1566
f 1560/1560 1562/1562 1566/1566
f 1582/1582 1566/1566 1583/1583
f 1578/1578 1567/1567 1566/1566
f 1578/1578 1566/1566 1582/1582
f 559/559 555/555 556/556
f 555/555 554/554 556/556
f 1128/1128 1131/1131 1129/1129
f 1128/1128 1129/1129 1130/1130
f 1130/1130 1134/1134 1133/1133
f 942/942 943/943 944/944
f 556/556 554/554 557/557
f 554/554 552/552 557/557
f 912/912 913/913 910/910
f 910/910 911/911 912/912
f 286/286 293/293 296/296
f 286/286 296/296 297/297
f 956/956 959/959 957/957
f 956/956 957/957 958/958
f 276/276 286/286 297/297
f 1287/1287 1285/1285 1279/1279
f 1273/1273 1275/1275 1279/1279
f 1273/1273 1274/1274 1275/1275
f 1285/1285 1273/1273 1279/1279
f 1300/1300 1276/1276 1303/1303
f 1277/1277 1276/1276 1300/1300
f 288/288 275/275 273/273
f 289/289 275/275 288/288
f 76/76 72/72 77/77
f 72/72 78/78 77/77
f 1268/1268 1267/1267 1269/1269
f 1266/1266 1267/1267 1268/1268
f 1286/1286 1279/1279 1275/1275
f 89/89 88/88 90/90
f 1286/1286 1281/1281 1298/1298
f 1298/1298 1281/1281 1282/1282
f 1286/1286 1275/1275 1281/1281
f 1282/1282 1281/1281 1280/1280
f 1282/1282 1280/1280 1283/1283
f 1277/1277 1300/1300 1299/1299
f 1280/1280 1277/1277 1299/1299
f 87/87 88/88 89/89
f 1281/1281 1275/1275 1280/1280
f 1280/1280 1275/1275 1277/1277
f 1430/1430 1424/1424 1421/1421
f 1421/1421 1422/1422 1423/1423
f 1423/1423 1422/1422 1427/1427
f 623/623 624/624 625/625
f 623/623 625/625 628/628
f 624/624 618/618 620/620
f 624/624 620/620 625/625
f 282/282 280/280 294/294
f 282/282 294/294 295/295
f 2138/2138 2139/2139 2140/2140
f 2138/2138 2140/2140 2141/2141
f 2028/2028 2025/2025 2027/2027
f 2025/2025 2026/2026 2027/2027
f 2142/2142 2143/2143 2144/2144
f 2142/2142 2144/2144 2145/2145
f 618/618 619/619 620/620
f 2146/2146 2147/2147 2148/2148
f 619/619 621/621 620/620
f 619/619 626/626 622/622
f 619/619 622/622 621/621
f 626/626 627/627 622/622
f 2010/2010 2012/2012 2011/2011
f 2009/2009 2010/2010 2011/2011
f 106/106 105/105 107/107
f 108/108 106/106 107/107
f 2002/2002 2001/2001 2005/2005
f 2005/2005 2001/2001 2006/2006
f 2149/2149 2150/2150 2151/2151
f 125/125 126/126 127/127
f 295/295 283/283 282/282
f 128/128 126/126 125/125
f 2038/2038 2036/2036 2031/2031
f 2036/2036 2029/2029 2031/2031
f 2033/2033 2032/2032 2037/2037
f 2031/2031 2032/2032 2033/2033
f 2031/2031 2030/2030 2032/2032
f 1427/1427 1439/1439 1438/1438
f 2152/2152 2153/2153 2154/2154
f 1439/1439 1440/1440 1438/1438
f 1423/1423 1438/1438 1441/1441
f 1423/1423 1427/1427 1438/1438
f 2017/2017 2018/2018 2019/2019
f 2020/2020 2017/2017 2019/2019
f 1274/1274 1276/1276 1275/1275
f 1274/1274 1278/1278 1276/1276
f 1278/1278 1284/1284 1276/1276
f 1284/1284 1307/1307 1304/1304
f 1284/1284 1272/1272 1307/1307
f 1303/1303 1276/1276 1304/1304
f 1284/1284 1304/1304 1276/1276
f 1275/1275 1276/1276 1277/1277
f 1272/1272 1270/1270 1271/1271
f 1272/1272 1271/1271 1307/1307
f 99/99 100/100 101/101
f 99/99 101/101 102/102
f 1300/1300 1301/1301 1299/1299
f 1299/1299 1301/1301 1302/1302
f 91/91 92/92 93/93
f 91/91 93/93 94/94
f 277/277 288/288 273/273
f 277/277 273/273 272/272
f 667/667 664/664 666/666
f 664/664 665/665 666/666
f 1270/1270 1269/1269 1271/1271
f 1270/1270 1268/1268 1269/1269
f 124/124 122/122 121/121
f 121/121 122/122 123/123
f 281/281 280/280 282/282
f 283/283 281/281 282/282
f 1304/1304 1306/1306 1305/1305
f 1304/1304 1305/1305 1303/1303
f 96/96 98/98 97/97
f 95/95 96/96 97/97
f 278/278 272/272 279/279
f 272/272 284/284 279/279
f 285/285 277/277 278/278
f 277/277 272/272 278/278
f 83/83 84/84 85/85
f 86/86 83/83 85/85
f 287/287 286/286 275/275
f 276/276 275/275 286/286
f 274/274 273/273 275/275
f 281/281 278/278 280/280
f 278/278 279/279 280/280
f 272/272 274/274 284/284
f 272/272 273/273 274/274
f 274/274 275/275 276/276
f 777/777 778/778 779/779
f 779/779 778/778 780/780
f 784/784 785/785 786/786
f 784/784 786/786 787/787
f 1569/1569 1570/1570 1568/1568
f 1568/1568 1570/1570 1571/1571
f 1608/1608 1627/1627 1625/1625
f 1623/1623 1608/1608 1625/1625
f 1623/1623 1625/1625 1612/1612
f 1612/1612 1625/1625 1626/1626
f 1164/1164 1162/1162 1161/1161
f 1161/1161 1162/1162 1163/1163
f 1141/1141 1142/1142 1143/1143
f 1142/1142 1144/1144 1143/1143
f 53/53 55/55 54/54
f 52/52 53/53 54/54
f 56/56 57/57 58/58
f 59/59 57/57 56/56
f 1611/1611 1612/1612 1613/1613
f 1611/1611 1613/1613 1615/1615
f 1237/1237 1235/1235 1234/1234
f 1234/1234 1235/1235 1236/1236
f 1019/1019 1015/1015 1018/1018
f 1014/1014 1015/1015 1016/1016
f 1016/1016 1015/1015 1017/1017
f 1018/1018 1015/1015 1014/1014
f 914/914 915/915 916/916
f 914/914 916/916 917/917
f 60/60 63/63 61/61
f 60/60 61/61 62/62
f 792/792 793/793 794/794
f 794/794 793/793 795/795
f 1173/1173 1176/1176 1174/1174
f 1173/1173 1174/1174 1175/1175
f 1552/1552 1550/1550 1551/1551
f 1551/1551 1550/1550 1545/1545
f 1550/1550 1548/1548 1545/1545
f 1548/1548 1549/1549 1545/1545
f 1227/1227 1228/1228 1229/1229
f 1229/1229 1228/1228 1230/1230
f 1711/1711 1715/1715 1714/1714
f 1712/1712 1711/1711 1714/1714
f 801/801 802/802 797/797
f 800/800 801/801 797/797
f 1211/1211 1212/1212 1213/1213
f 1211/1211 1213/1213 1214/1214
f 1317/1317 1318/1318 1319/1319
f 1212/1212 1215/1215 1213/1213
f 1318/1318 1320/1320 1319/1319
f 1221/1221 1223/1223 1222/1222
f 1220/1220 1221/1221 1222/1222
f 1320/1320 1322/1322 1319/1319
f 1155/1155 1156/1156 1157/1157
f 1157/1157 1156/1156 1158/1158
f 1159/1159 1160/1160 1156/1156
f 1159/1159 1156/1156 1155/1155
f 1320/1320 1321/1321 1322/1322
f 1321/1321 1324/1324 1322/1322
f 2155/2155 2156/2156 2157/2157
f 419/419 412/412 413/413
f 419/419 413/413 420/420
f 36/36 39/39 37/37
f 36/36 37/37 38/38
f 2158/2158 2159/2159 2160/2160
f 2161/2161 2158/2158 2160/2160
f 497/497 501/501 502/502
f 502/502 501/501 503/503
f 468/468 470/470 469/469
f 470/470 471/471 469/469
f 609/609 606/606 608/608
f 604/604 608/608 606/606
f 603/603 604/604 605/605
f 603/603 605/605 612/612
f 612/612 614/614 613/613
f 611/611 612/612 613/613
f 597/597 598/598 599/599
f 600/600 598/598 597/597
f 449/449 447/447 465/465
f 449/449 465/465 466/466
f 2165/2165 2163/2163 2162/2162
f 2162/2162 2163/2163 2164/2164
f 610/610 603/603 611/611
f 603/603 612/612 611/611
f 602/602 608/608 604/604
f 602/602 604/604 603/603
f 602/602 603/603 601/601
f 601/601 603/603 610/610
f 597/597 599/599 601/601
f 601/601 599/599 602/602
f 446/446 452/452 465/465
f 447/447 446/446 465/465
f 476/476 467/467 475/475
f 467/467 474/474 475/475
f 469/469 473/473 467/467
f 473/473 474/474 467/467
f 805/805 806/806 807/807
f 805/805 807/807 808/808
f 28/28 30/30 31/31
f 28/28 29/29 30/30
f 729/729 733/733 730/730
f 728/728 729/729 730/730
f 945/945 946/946 947/947
f 945/945 947/947 948/948
f 732/732 728/728 731/731
f 728/728 730/730 731/731
f 708/708 710/710 711/711
f 708/708 709/709 710/710
f 1263/1263 1264/1264 1265/1265
f 430/430 425/425 428/428
f 428/428 425/425 429/429
f 431/431 429/429 432/432
f 432/432 429/429 433/433
f 427/427 434/434 426/426
f 426/426 434/434 435/435
f 425/425 427/427 426/426
f 424/424 425/425 426/426
f 429/429 425/425 433/433
f 425/425 424/424 433/433
f 960/960 961/961 962/962
f 1104/1104 1103/1103 1106/1106
f 1103/1103 1104/1104 1105/1105
f 33/33 35/35 34/34
f 32/32 33/33 34/34
f 741/741 742/742 743/743
f 741/741 743/743 744/744
f 459/459 460/460 450/450
f 15/15 16/16 17/17
f 40/40 41/41 42/42
f 40/40 42/42 43/43
f 1115/1115 1123/1123 1116/1116
f 1115/1115 1116/1116 1117/1117
f 921/921 922/922 923/923
f 922/922 924/924 923/923
f 584/584 547/547 550/550
f 227/227 228/228 229/229
f 1629/1629 1632/1632 1630/1630
f 1629/1629 1630/1630 1631/1631
f 1633/1633 1632/1632 1629/1629
f 1633/1633 1629/1629 1634/1634
f 693/693 701/701 690/690
f 701/701 702/702 690/690
f 690/690 703/703 704/704
f 702/702 703/703 690/690
f 1509/1509 1513/1513 1512/1512
f 1501/1501 1509/1509 1512/1512
f 1587/1587 1588/1588 1589/1589
f 1599/1599 1604/1604 1602/1602
f 1600/1600 1599/1599 1603/1603
f 1599/1599 1602/1602 1603/1603
f 1602/1602 1604/1604 1605/1605
f 1602/1602 1605/1605 1606/1606
f 1257/1257 1258/1258 1259/1259
f 1564/1564 1558/1558 1563/1563
f 1579/1579 1564/1564 1563/1563
f 1563/1563 1558/1558 1559/1559
f 1563/1563 1559/1559 1565/1565
f 236/236 235/235 237/237
f 234/234 235/235 236/236
f 1169/1169 1170/1170 1171/1171
f 1172/1172 1169/1169 1171/1171
f 1116/1116 1119/1119 1118/1118
f 1118/1118 1119/1119 1120/1120
f 1245/1245 1246/1246 1247/1247
f 1120/1120 1119/1119 1121/1121
f 1601/1601 1599/1599 1598/1598
f 1598/1598 1599/1599 1600/1600
f 223/223 224/224 225/225
f 226/226 225/225 224/224
f 1119/1119 1116/1116 1122/1122
f 1123/1123 1122/1122 1116/1116
