mtllib S-05_tex.mtl
v 5.441994 4.264819 3.601720
v 4.810793 4.679577 3.402394
v 4.823113 5.255517 2.940772
v 5.049250 4.408952 5.290513
v 4.811535 4.605805 4.962881
v 4.839816 5.134761 5.359973
v 4.400806 4.796171 5.290513
v 5.049250 4.408952 5.290513
v 4.839816 5.134761 5.359973
v 4.786603 4.690925 3.203068
v 4.810793 4.679577 3.402394
v 5.441994 4.264819 3.601720
v 3.738086 5.115667 2.692992
v 3.033596 5.248400 1.091174
v 3.351231 5.201740 1.871448
v 4.811625 4.255447 -2.375701
v 4.283252 4.535662 -2.588131
v 3.443112 4.910064 -2.305572
v 6.097115 2.963350 2.731945
v 6.091517 2.900997 2.814844
v 6.066316 3.127068 1.956403
v 2.946572 0.234263 2.783594
v 0.233084 0.000699 2.956637
v 3.043578 0.253209 3.648885
v 0.219932 0.000752 3.645207
v 5.776467 1.167958 2.675775
v 4.812389 0.737848 1.906970
v 5.813786 1.188390 2.739191
v 1.717329 5.184508 -3.204466
v 3.137437 4.761052 -3.902473
v 0.239761 5.344091 -2.805083
v 1.910284 5.350027 -1.001411
v 0.992157 5.462415 -0.650704
v 2.314247 5.347167 0.121618
v 0.897534 5.501994 0.109926
v -1.328002 5.339492 -2.200577
v -1.305948 5.344912 -2.160310
v 0.198396 5.391756 -2.290956
v -2.959566 5.344081 1.876675
v -4.910586 5.129979 1.091335
v -2.889380 5.652649 1.079395
v -4.660889 4.771909 5.288767
v -3.101872 5.322784 5.331783
v -2.845632 5.748356 5.345184
v -4.675907 5.357956 5.305487
v 0.477093 5.589876 1.989907
v 0.512209 5.558787 1.152385
v 1.772318 5.498628 1.966374
v 1.794147 5.493531 1.892541
v 1.878271 5.524086 4.446823
v 1.428807 5.932680 4.486210
v 0.274629 5.999825 4.455951
v -6.487342 4.362817 2.831949
v -6.882874 3.972032 3.543730
v -7.029091 3.749196 3.790172
v -1.483729 0.076307 1.938281
v -1.483729 0.062607 2.840668
v -0.060024 0.002501 2.700460
v -0.385843 0.004940 3.478777
v -1.289672 0.068115 1.699097
v -1.483729 0.076307 1.938281
v -0.060024 0.002501 2.700460
v -3.453251 0.762310 5.338743
v -1.440520 0.087812 5.289657
v -2.740084 0.595366 5.352776
v -6.023130 1.332820 3.519837
v -5.211023 1.588390 2.818981
v -7.297313 1.548732 4.418025
v -7.272695 1.920292 4.462428
v -5.434800 1.800341 5.050882
v -6.251245 2.937393 4.470058
v 1.686508 0.279945 -1.493454
v -1.239337 0.183267 -0.637292
v 1.734438 0.269541 -1.325068
v -1.189271 0.244003 -1.484016
v -2.481281 0.463657 -2.337776
v -2.835291 0.493312 -2.041270
v -3.513837 0.577243 -1.453807
v -1.488944 0.597273 -1.708932
v -3.989919 0.632926 -0.671154
v -2.717670 0.771132 -1.371106
v -4.381225 1.750621 -3.648129
v -4.213538 1.732900 -3.968949
v -5.174109 2.335015 -3.168968
v -4.213538 1.732900 -3.968949
v -4.356271 1.782970 -3.825669
v -5.174109 2.335015 -3.168968
v -1.332431 2.954399 -5.657964
v -1.354934 2.337000 -5.658113
v -0.858822 2.364759 -5.658199
v -0.711436 2.924804 -5.657964
v -1.354215 3.528048 -5.657852
v -1.049574 3.531247 -5.657567
v -0.711436 2.924804 -5.657964
v -0.858822 2.364759 -5.658199
v 0.594872 2.349415 -5.658199
v 1.606520 2.946687 -5.658013
v -2.957161 2.838163 -5.657927
v -1.332431 2.954399 -5.657964
v -1.354215 3.528048 -5.657852
v -2.858896 3.034019 -5.657914
v -3.253282 4.465004 -4.954791
v -4.414249 3.786441 -4.821940
v -4.812074 4.170389 -4.869812
v -4.812074 4.170389 -4.869812
v -4.414249 3.786441 -4.821940
v -4.371355 4.188661 -4.012348
v 1.606520 2.946687 -5.658013
v 0.594872 2.349415 -5.658199
v 2.824747 2.374350 -5.657890
v 2.226166 2.935217 -5.657989
v 1.606520 2.946687 -5.658013
v 2.226166 2.935217 -5.657989
v 2.227403 3.021228 -5.657964
v 1.734482 3.257048 -5.658001
v -2.903386 1.280268 -5.651647
v -2.793364 1.216018 -5.628832
v -1.540426 0.983626 -5.620856
v -4.485267 2.360851 -4.845573
v -3.190672 2.355168 -5.657902
v -4.620738 2.549284 -4.826313
v -1.879553 0.598995 -3.897706
v -2.775266 0.612669 -3.116416
v -3.588429 0.686703 -2.291341
v -3.588429 0.686703 -2.291341
v -3.513837 0.577243 -1.453807
v -3.443764 0.596696 -1.809765
v 5.669143 2.268885 -3.997857
v 6.033876 2.284220 -3.151690
v 4.810591 2.797107 -4.429246
v -0.804845 5.019960 -4.820107
v -0.059620 5.201032 -3.988543
v 1.424918 4.772872 -5.177168
v 1.532198 5.091721 -4.018554
v 1.532198 5.091721 -4.018554
v -0.804845 5.019960 -4.820107
v 1.424918 4.772872 -5.177168
v -0.059620 5.201032 -3.988543
v 4.487807 1.133179 -3.166826
v 3.271738 0.740454 -3.163891
v 3.231992 0.614890 -2.360801
v 4.743597 1.083844 -2.305461
v 3.231992 0.614890 -2.360801
v 3.271738 0.740454 -3.163891
v 4.743597 1.083844 -2.305461
v 4.487807 1.133179 -3.166826
v 3.232284 1.346740 -5.532198
v 2.192265 0.929875 -5.055440
v 3.258070 1.047579 -4.584095
v -1.363994 0.176430 -0.413838
v -1.457403 0.199423 -0.645652
v -1.124054 0.122487 0.202373
v -3.853211 4.768658 -2.372877
v -2.857052 5.354870 -3.031546
v -1.507783 5.618631 -2.304977
v 0.211232 5.358569 -2.659040
v -1.320066 5.350123 -2.078129
v 0.198396 5.391756 -2.290956
v -1.507783 5.618631 -2.304977
v -1.905968 5.820607 1.950520
v -3.079727 5.665361 2.005315
v -2.795792 5.749414 2.880329
v -3.189593 5.680163 2.801963
v -4.857801 0.744667 3.651325
v -4.415666 0.587253 3.565021
v -4.367916 0.570318 4.290276
v -4.993946 0.808953 2.863496
v -4.375065 0.585942 2.590548
v -5.106082 0.875477 2.026172
v -5.753942 1.169444 4.630938
v -4.434617 0.592831 4.628226
v -5.724582 1.176176 5.319508
v -3.422024 0.348435 5.301969
v -3.122329 0.270476 4.460607
v -2.862965 0.222819 3.920632
v -2.885603 0.243968 2.032513
v -1.483729 0.062607 2.840668
v -1.615288 0.071962 3.659698
v -1.794642 0.095567 4.471482
v -2.859638 0.242945 1.898424
v -1.483729 0.076307 1.938281
v -2.893831 0.227688 3.532830
v -1.440520 0.087812 5.289657
v -1.117040 0.044326 4.463431
v 0.048919 0.000000 3.645207
v -4.363689 0.596433 1.998081
v 0.236501 0.085514 0.236942
v 2.695054 0.224769 1.152780
v 2.392009 0.223457 0.296593
v 0.259679 0.039456 1.162689
v -3.200473 5.334682 4.307667
v -5.581939 4.943426 2.782691
v -3.200698 5.339954 3.567040
v -5.375495 4.990575 1.927048
v -3.185186 5.329096 2.757312
v -4.910586 5.129979 1.091335
v -2.959566 5.344081 1.876675
v -4.714147 5.334560 3.915418
v -4.729501 5.340846 4.464237
v -3.087528 5.344247 4.757362
v -4.660889 4.771909 5.288767
v -3.101872 5.322784 5.331783
v -2.819577 0.607257 2.296036
v -3.285632 0.682147 3.218252
v -2.788575 0.594754 2.809010
v -3.308540 0.683432 3.741247
v -2.818497 0.597202 3.743055
v -2.988904 0.635679 4.492253
v -2.759035 0.601609 4.530959
v -2.740084 0.595366 5.352776
v -5.753942 1.169444 4.630938
v -3.453251 0.762310 5.338743
v -5.724582 1.176176 5.319508
v -4.857801 0.744667 3.651325
v -4.993946 0.808953 2.863496
v -5.106082 0.875477 2.026172
v -4.363689 0.596433 1.998081
v -2.815328 0.615694 1.892082
v -4.318412 0.594807 1.618465
v -2.674394 0.650822 0.278187
v -4.350853 0.660964 0.455665
v -4.135866 0.643277 -0.250629
v -2.183430 0.612406 -0.583586
v -2.717670 0.771132 -1.371106
v -1.349224 0.066472 1.917671
v -1.372672 0.112485 0.699271
v -1.363994 0.176430 -0.413838
v -1.159462 0.081186 1.074464
v -1.124054 0.122487 0.202373
v -5.263360 0.988180 1.087544
v -3.989919 0.632926 -0.671154
v -1.457403 0.199423 -0.645652
v -1.488944 0.597273 -1.708932
v 3.276842 5.101460 -0.589704
v 4.733143 4.589798 0.234540
v 3.305842 5.143085 0.278473
v 3.351231 5.201740 1.871448
v 4.730895 4.643251 1.094790
v 4.662485 4.721639 1.957778
v 3.738086 5.115667 2.692992
v 3.732286 5.119750 2.797182
v 4.786603 4.690925 3.203068
v 4.653560 4.758218 3.713912
v 4.743305 4.714513 3.608966
v 3.272053 5.150516 0.249428
v 3.033596 5.248400 1.091174
v 3.093306 5.160728 -0.392000
v 2.942346 5.329402 2.760941
v 2.501065 5.221875 -1.447848
v 4.087577 4.833267 -0.634132
v 2.417053 5.170319 -2.271052
v 2.314247 5.347167 0.121618
v 1.763910 5.461847 0.945305
v 1.910284 5.350027 -1.001411
v 1.794147 5.493531 1.892541
v 1.772318 5.498628 1.966374
v 2.892123 5.340156 2.753695
v 1.815797 5.523037 2.918118
v 1.745049 5.344808 -1.430236
v 1.629451 5.292797 -2.289334
v 0.992157 5.462415 -0.650704
v 0.897534 5.501994 0.109926
v 0.621399 5.437804 -1.466204
v 3.098162 4.914837 -3.085722
v 3.442527 4.991756 -1.466217
v 3.443112 4.910064 -2.305572
v 4.119927 4.746696 -1.509989
v 4.283252 4.535662 -2.588131
v 0.239761 5.344091 -2.805083
v 3.137437 4.761052 -3.902473
v 2.941109 5.341904 3.757548
v 1.750174 5.544116 3.675107
v 1.878271 5.524086 4.446823
v 3.268636 5.244247 4.663564
v 3.196584 5.228799 5.290018
v 2.642493 5.361453 5.290513
v 1.521092 5.536440 5.289832
v 4.541605 4.754022 4.958013
v 4.400806 4.796171 5.290513
v 4.584993 4.739884 4.880998
v 4.428502 4.684351 -0.616656
v 4.372367 4.744720 -0.142796
v 4.804858 4.293688 -2.191188
v 4.967509 4.289806 -1.442944
v 5.087827 4.293907 -0.599316
v 4.994171 4.433415 0.247261
v 5.093245 4.424708 1.091161
v 5.547903 4.163027 2.759257
v 4.810793 4.679577 3.402394
v 4.811625 4.255447 -2.375701
v 4.825158 4.115091 -2.963895
v 4.760255 4.154092 -3.008521
v 3.922948 4.612066 -3.139229
v 4.771676 4.104171 -3.160434
v 4.481872 4.055238 -3.982350
v 4.193395 4.169235 -4.241252
v 3.267872 4.705430 -3.952029
v 3.237567 4.697937 -4.030754
v 2.822971 4.832830 -4.020387
v 3.442729 4.759015 -3.369818
v 1.765731 4.754014 -5.176895
v 4.824304 4.050455 -3.193084
v 1.854531 4.586773 -5.177217
v 3.291769 4.247509 -5.176177
v 5.886175 3.567057 1.010529
v 5.577375 3.825730 -0.504997
v 5.916322 3.569610 1.387481
v 5.930058 3.624856 1.939892
v 4.850967 3.662048 -3.991144
v 1.428807 5.932680 4.486210
v 4.801014 3.563954 -4.221138
v 5.587177 4.139832 3.598091
v 5.441994 4.264819 3.601720
v 3.731454 3.844528 -5.176982
v 4.160056 3.554267 -5.174443
v 5.034592 3.152650 -4.033430
v 4.587466 2.652475 -4.742175
v -2.793364 1.216018 -5.628832
v 0.053842 1.709574 -5.658026
v -0.858822 2.364759 -5.658199
v 0.594872 2.349415 -5.658199
v 0.454680 1.760134 -5.658014
v -1.354934 2.337000 -5.658113
v -0.562836 0.947579 -5.655326
v -2.903386 1.280268 -5.651647
v -3.190672 2.355168 -5.657902
v -1.540426 0.983626 -5.620856
v -2.669718 5.793189 3.613834
v -2.795792 5.749414 2.880329
v -1.260312 5.940549 3.607815
v -3.189593 5.680163 2.801963
v -2.950709 5.749126 3.655253
v -3.020288 5.754800 4.750983
v -1.556163 5.937008 4.603307
v -1.496880 5.940960 5.328092
v -2.845632 5.748356 5.345184
v -1.905968 5.820607 1.950520
v -3.079727 5.665361 2.005315
v -2.889380 5.652649 1.079395
v -0.014410 5.622749 2.769327
v 0.036914 5.641642 4.449535
v -1.286390 5.930731 5.339722
v 1.521092 5.536440 5.289832
v -1.344368 5.544020 1.523578
v 0.087227 5.600726 2.069115
v 0.211479 5.563657 1.080881
v 1.428807 5.932680 4.486210
v 1.388094 5.932322 3.757548
v 0.837915 5.600717 2.765252
v 0.477093 5.589876 1.989907
v 7.071670 2.937769 2.648601
v 6.974192 2.815449 1.866518
v 6.954026 3.146494 1.847679
v 6.779933 3.121954 0.302031
v 6.800997 3.568343 0.805778
v 6.679173 3.121621 -0.593433
v 6.681196 3.567704 -0.269504
v 6.781889 2.967189 0.133521
v 6.653185 3.121857 -0.798208
v 6.692167 2.925398 -0.631036
v 6.518973 3.567915 -1.412772
v 6.552087 3.127068 -1.533534
v 6.375026 3.567504 -2.200948
v 6.430757 3.142796 -2.298104
v 6.341080 3.568588 -2.354422
v 6.800773 2.476867 1.065250
v 6.465625 2.437026 -1.532024
v 6.421765 2.955036 -2.359364
v 6.534822 1.999738 0.202745
v 6.520052 1.855569 1.032278
v 6.350499 2.127619 -1.446487
v 6.340248 2.150473 -1.572005
v 6.536867 1.790715 1.829558
v 6.549951 1.784263 2.063317
v 6.610606 1.795611 2.900678
v 7.144688 2.942883 3.574533
v 7.126523 1.803209 3.995133
v 7.164337 2.845681 4.397192
v 7.152444 3.198426 4.303741
v 7.100400 2.147368 4.482878
v 7.112271 1.236641 3.926466
v 7.129424 3.188687 3.550480
v 7.008183 3.134683 2.569901
v 7.113552 3.412677 5.284109
v 7.094398 2.440864 4.503649
v 7.107280 2.674287 5.326753
v 6.876624 1.238180 5.252785
v 6.804977 3.801548 1.939867
v 6.994402 3.566847 2.760284
v 6.944202 2.152229 5.288655
v 6.837215 1.467512 5.348144
v 7.126681 3.265475 5.323149
v 7.052898 3.567057 3.652453
v 6.770468 3.702658 1.082689
v 6.945348 3.838215 5.044083
v 6.446111 1.639841 2.795373
v 6.278470 2.007406 -1.399965
v 6.321589 1.878266 -0.603973
v 6.164671 2.115738 -2.288319
v 6.358098 1.781238 0.202374
v 6.436400 1.755937 1.075765
v 6.516679 1.766542 1.856745
v 6.518029 1.754931 2.010801
v 6.804325 1.159905 5.354238
v 6.343890 0.734796 4.721541
v 5.554602 1.192333 -0.085710
v 5.765272 1.221149 1.086640
v 6.565643 0.817267 3.686662
v 3.237882 0.445017 -0.790232
v 0.226519 0.090733 0.145175
v 3.162166 0.413543 -0.607181
v 1.734438 0.269541 -1.325068
v -4.633822 1.359827 0.245860
v -5.323541 1.951557 -0.596814
v -5.306141 1.783459 0.883685
v -5.337525 1.794737 1.087111
v -5.273004 1.739859 1.090256
v -5.640525 1.955464 2.712016
v -5.211023 1.588390 2.818981
v -5.650709 1.924856 3.567275
v -5.193129 1.620126 1.935123
v -5.508650 1.795209 4.198770
v -5.026724 1.446791 3.645517
v -5.434800 1.800341 5.050882
v -5.192274 1.568832 4.531257
v -6.777662 2.216996 1.144482
v -6.921272 2.228204 2.777699
v -6.841599 2.195926 1.938282
v -7.272695 1.920292 4.462428
v -7.290793 1.793128 4.353457
v -4.465079 0.711681 0.262854
v -5.106082 0.875477 2.026172
v -5.263360 0.988180 1.087544
v -4.236132 1.773676 -4.056220
v -2.846644 0.801478 -4.086194
v -2.884142 0.686790 -3.449856
v -2.903386 1.280268 -5.651647
v -4.213538 1.732900 -3.968949
v -4.381225 1.750621 -3.648129
v -2.862066 1.105028 -5.244263
v -4.482614 1.111209 -3.169291
v 0.226519 0.090733 0.145175
v 1.734438 0.269541 -1.325068
v 3.162166 0.413543 -0.607181
v 3.237882 0.445017 -0.790232
v 1.711866 0.365510 -2.329961
v 2.875824 0.530915 -2.295775
v 3.246200 0.515160 -1.498248
v 1.686508 0.279945 -1.493454
v 1.735899 0.477750 -3.226253
v 2.556008 0.584613 -3.135700
v 3.285092 0.438539 -0.605546
v 0.188684 0.324542 -2.745780
v 0.216650 0.387254 -3.257577
v 1.504321 0.584911 -4.020797
v 0.200194 0.505159 -4.018914
v 3.231992 0.614890 -2.360801
v 3.271738 0.740454 -3.163891
v 3.746539 0.589308 -1.064419
v 3.562419 0.589142 -1.501406
v 2.392009 0.223457 0.296593
v 3.338822 0.385155 0.259299
v 3.282530 0.316279 1.568637
v 2.695054 0.224769 1.152780
v 0.259679 0.039456 1.162689
v 0.246235 0.013132 2.021638
v 0.236501 0.085514 0.236942
v 3.154904 0.280198 2.079530
v 3.522717 0.359425 1.934665
v -1.159462 0.081186 1.074464
v -1.289672 0.068115 1.699097
v -1.342817 0.459216 -3.401898
v -2.481281 0.463657 -2.337776
v -1.323259 0.580128 -4.119698
v 1.582308 0.769139 -4.802892
v 0.125489 0.602064 -4.500069
v -1.189271 0.244003 -1.484016
v -1.317121 0.662092 -4.511154
v 3.258070 1.047579 -4.584095
v 2.192265 0.929875 -5.055440
v -2.835291 0.493312 -2.041270
v -1.879553 0.598995 -3.897706
v -2.775266 0.612669 -3.116416
v -0.562836 0.947579 -5.655326
v 0.601459 0.913535 -5.623246
v -3.588429 0.686703 -2.291341
v 3.290982 1.169008 -4.962360
v -1.540426 0.983626 -5.620856
v -4.369782 0.949765 -2.434473
v -4.366702 0.853323 -1.677125
v -3.443764 0.596696 -1.809765
v -3.989919 0.632926 -0.671154
v -3.842803 0.592639 -0.685522
v -2.848555 0.315562 0.187869
v -1.457403 0.199423 -0.645652
v -1.363994 0.176430 -0.413838
v -2.876162 0.276928 1.005029
v -1.372672 0.112485 0.699271
v -1.124054 0.122487 0.202373
v -2.859638 0.242945 1.898424
v -1.349224 0.066472 1.917671
v -3.513837 0.577243 -1.453807
v -1.483729 0.076307 1.938281
v -4.135866 0.643277 -0.250629
v -4.350853 0.660964 0.455665
v -4.318412 0.594807 1.618465
v -4.482524 0.863421 -1.396906
v -4.415328 0.759006 -0.568649
v -4.465079 0.711681 0.262854
v 0.246235 0.013132 2.021638
v 0.233084 0.000699 2.956637
v 3.154904 0.280198 2.079530
v 2.946572 0.234263 2.783594
v 0.259679 0.039456 1.162689
v 2.695054 0.224769 1.152780
v -0.385843 0.004940 3.478777
v -0.060024 0.002501 2.700460
v -1.483729 0.076307 1.938281
v -2.788575 0.594754 2.809010
v -1.483729 0.062607 2.840668
v -2.818497 0.597202 3.743055
v -2.819577 0.607257 2.296036
v -1.615288 0.071962 3.659698
v -2.759035 0.601609 4.530959
v -1.794642 0.095567 4.471482
v -1.440520 0.087812 5.289657
v -2.740084 0.595366 5.352776
v -1.117040 0.044326 4.463431
v 0.048919 0.000000 3.645207
v 0.200194 0.040348 5.312435
v 0.272561 0.011138 4.505915
v 0.344905 0.075669 5.344589
v 2.296892 0.156994 4.809295
v 2.286011 0.172399 5.287316
v -6.841599 2.195926 1.938282
v -6.023130 1.332820 3.519837
v -6.921272 2.228204 2.777699
v -5.902834 1.280862 2.454712
v -6.777662 2.216996 1.144482
v -7.290793 1.793128 4.353457
v -7.297313 1.548732 4.418025
v 5.441994 4.264819 3.601720
v 6.676475 4.168806 3.639770
v 6.494356 4.285102 2.775433
v 6.482328 4.397674 5.283701
v 4.811535 4.605805 4.962881
v 6.390201 4.209425 1.058859
v 6.339979 4.162293 0.231369
v 5.087827 4.293907 -0.599316
v 4.994171 4.433415 0.247261
v 6.454969 4.169986 1.301201
v 5.093245 4.424708 1.091161
v 6.535698 4.177418 2.122770
v 5.547903 4.163027 2.759257
v 6.681196 3.567704 -0.269504
v 6.770468 3.702658 1.082689
v 6.804977 3.801548 1.939867
v 4.810793 4.679577 3.402394
v 6.800997 3.568343 0.805778
v 6.994402 3.566847 2.760284
v 7.052898 3.567057 3.652453
v 6.945348 3.838215 5.044083
v -4.614668 3.551539 -4.793193
v -6.028121 3.127068 -3.945168
v -4.739640 4.142552 -3.258283
v -5.936241 2.983818 -4.166789
v -4.384799 4.044921 -4.374500
v 1.686508 0.279945 -1.493454
v 1.711866 0.365510 -2.329961
v -1.189271 0.244003 -1.484016
v 0.188684 0.324542 -2.745780
v -0.372556 0.637245 -2.929549
v -0.894027 0.594475 -2.277420
v 0.274112 0.656199 -3.100673
v 0.121263 0.663788 -3.177627
v 0.248303 0.678563 -3.276169
v 3.231992 0.614890 -2.360801
v 3.222640 0.593942 -2.213508
v 3.271738 0.740454 -3.163891
v 3.258070 1.047579 -4.584095
v -1.879553 0.598995 -3.897706
v -2.775266 0.612669 -3.116416
v -1.488944 0.597273 -1.708932
v -3.443764 0.596696 -1.809765
v -3.989919 0.632926 -0.671154
v 0.125489 0.602064 -4.500069
v -1.317121 0.662092 -4.511154
v 1.582308 0.769139 -4.802892
v -3.588429 0.686703 -2.291341
v 0.601459 0.913535 -5.623246
v 2.192265 0.929875 -5.055440
v 3.246200 0.515160 -1.498248
v -3.837744 4.157458 -4.989695
v -2.858896 3.034019 -5.657914
v -1.354215 3.528048 -5.657852
v -4.591085 3.554267 -4.830078
v -4.414249 3.786441 -4.821940
v -1.346819 4.147501 -5.658100
v 4.808342 5.167591 1.422769
v 3.351231 5.201740 1.871448
v 4.918387 5.204975 2.686651
v 4.806319 5.144728 1.064891
v 3.305842 5.143085 0.278473
v 4.811445 5.084080 0.233983
v 3.276842 5.101460 -0.589704
v 3.738086 5.115667 2.692992
v 3.732286 5.119750 2.797182
v 4.823113 5.255517 2.940772
v 4.843143 5.280608 3.637962
v 5.336940 4.761401 -0.759056
v 5.441994 4.264819 3.601720
v 4.653560 4.758218 3.713912
v 4.672444 5.373378 5.282536
v 5.301712 5.124847 5.225289
v 0.594872 2.349415 -5.658199
v 0.454680 1.760134 -5.658014
v 3.232284 1.346740 -5.532198
v 2.824747 2.374350 -5.657890
v 4.795191 1.800910 -4.726408
v 4.678537 1.838714 -3.148148
v 6.033876 2.284220 -3.151690
v 6.105118 2.165904 -2.661939
v 4.796382 1.816149 -2.740342
v 5.669143 2.268885 -3.997857
v -5.106082 0.875477 2.026172
v -5.263360 0.988180 1.087544
v -2.859638 0.242945 1.898424
v -6.739736 4.204354 5.287528
v -5.509460 4.230941 5.287168
v -4.660889 4.771909 5.288767
v -6.016251 4.772189 5.287478
v -5.969288 3.678930 5.285608
v -6.721797 2.381527 0.436702
v -6.819275 3.086143 -0.337391
v -6.866485 2.990208 0.296593
v -6.970618 2.999161 1.172710
v -6.805067 2.408358 1.087234
v -6.617058 2.413753 -0.592293
v -6.554695 4.121569 1.054016
v 5.784359 2.442910 5.288432
v 5.425088 1.870266 5.303951
v 7.107280 2.674287 5.326753
v 6.944202 2.152229 5.288655
v 6.285911 3.040094 5.360753
v 7.126681 3.265475 5.323149
v 6.769794 3.600953 5.360035
v 5.891908 3.593670 5.345927
v 5.049250 4.408952 5.290513
v 6.412547 4.170764 5.360122
v 4.835927 1.376062 5.347933
v 6.837215 1.467512 5.348144
v 6.804325 1.159905 5.354238
v 5.588683 1.068578 5.292333
v 4.596346 0.680809 5.285496
v 4.434640 1.199012 5.337876
v 7.113552 3.412677 5.284109
v 6.945348 3.838215 5.044083
v 6.482328 4.397674 5.283701
v 4.811535 4.605805 4.962881
v 4.835342 0.741729 4.504218
v 6.343890 0.734796 4.721541
v -6.568948 2.567206 -1.397141
v -6.446741 2.201041 -1.196502
v -6.617058 2.413753 -0.592293
v -6.546399 2.188198 -0.534674
v -6.369586 2.412931 -2.222401
v -6.634795 2.127068 0.368815
v -6.721797 2.381527 0.436702
v -6.777662 2.216996 1.144482
v -6.819275 3.086143 -0.337391
v -6.805067 2.408358 1.087234
v -6.866485 2.990208 0.296593
v -6.970618 2.999161 1.172710
v -7.052696 2.983179 2.024810
v -6.668787 2.972303 -1.182010
v -6.495885 2.975661 -2.278682
v -6.317767 2.958236 -3.119189
v -6.321791 2.982541 -3.106927
v -6.187174 2.085531 -2.194496
v -6.002740 2.128074 -3.083493
v -5.911264 2.051391 -3.180339
v -6.015621 2.383066 -3.569640
v -6.080749 1.667171 -0.655276
v -6.264127 1.719182 0.196032
v -6.022320 1.776631 -1.620991
v -5.910253 1.372443 0.883684
v -6.298073 1.591546 1.897061
v -7.049301 2.848234 1.954594
v -7.094825 3.558043 3.254209
v -6.923294 2.378607 2.838984
v -4.712798 1.682209 -2.242008
v -4.569886 1.471543 -1.372258
v -5.902834 1.280862 2.454712
v 1.854531 4.586773 -5.177217
v 1.807344 3.910326 -5.177601
v 3.731454 3.844528 -5.176982
v 3.291769 4.247509 -5.176177
v -4.408674 4.729988 -0.486195
v -4.803981 4.424113 -1.400250
v -5.910522 4.556986 0.199203
v -5.916413 4.592368 0.576676
v -5.816552 4.699135 1.050399
v -5.904025 4.383765 -1.196551
v -4.958628 4.228624 -2.035869
v -5.911287 4.332454 -1.497553
v -4.727029 4.219689 -2.970088
v -5.923561 4.162931 -2.344587
v -6.093631 3.739221 -3.111386
v -5.752121 2.193661 5.297758
v -7.174948 1.752614 5.301115
v -5.894133 1.234088 5.290512
v -7.163662 2.226622 5.297758
v -6.110649 2.950559 5.290513
v -5.434800 1.800341 5.050882
v -5.872260 4.061978 3.304546
v -5.771859 4.166375 3.927878
v -5.853735 4.089946 3.647920
v -5.751783 4.159652 2.857043
v -4.714147 5.334560 3.915418
v -5.732337 4.162275 4.512282
v -4.729501 5.340846 4.464237
v -5.863762 4.032138 4.483225
v -5.882444 3.951032 2.156906
v -5.691804 4.064968 5.286748
v -5.509460 4.230941 5.287168
v -5.969288 3.678930 5.285608
v -6.160444 3.594964 4.463370
v -6.173776 3.559547 4.486544
v -6.039114 3.531343 5.290513
v -4.660889 4.771909 5.288767
v -7.029091 3.749196 3.790172
v -6.882874 3.972032 3.543730
v -5.581939 4.943426 2.782691
v -5.873788 4.738433 1.992049
v -5.375495 4.990575 1.927048
v -6.640933 4.134954 1.985398
v -6.553998 4.155316 1.327397
v -5.831366 3.976657 1.891327
v -5.751648 4.746993 1.166034
v -5.816552 4.699135 1.050399
v -5.887614 3.736029 0.898189
v -5.790136 3.747727 0.195128
v -6.554695 4.121569 1.054016
v 4.827451 3.568641 -5.474950
v 3.731454 3.844528 -5.176982
v 4.850967 3.662048 -3.991144
v 4.481872 4.055238 -3.982350
v 5.247668 2.994371 -5.127005
v 5.034592 3.152650 -4.033430
v -5.174109 2.335015 -3.168968
v -5.239035 2.419453 -3.147628
v -5.265990 2.190060 -2.336735
v -5.306006 2.379254 -2.800711
v -5.160419 4.805045 -1.377707
v -4.408674 4.729988 -0.486195
v -5.329454 4.809294 -0.580117
v -5.816552 4.699135 1.050399
v 0.601459 0.913535 -5.623246
v 0.125489 0.602064 -4.500069
v 1.582308 0.769139 -4.802892
v -0.562836 0.947579 -5.655326
v -2.835291 0.493312 -2.041270
v -1.488944 0.597273 -1.708932
v -1.457403 0.199423 -0.645652
v -1.317121 0.662092 -4.511154
v -4.236132 1.773676 -4.056220
v -2.846644 0.801478 -4.086194
v -4.364791 2.186991 -4.798754
v -4.485267 2.360851 -4.845573
v -4.515706 2.367836 -4.801715
v -3.190672 2.355168 -5.657902
v -2.903386 1.280268 -5.651647
v -2.263934 1.189842 -4.811921
v -2.793364 1.216018 -5.628832
v -1.540426 0.983626 -5.620856
v 0.236501 0.085514 0.236942
v -1.289672 0.068115 1.699097
v 0.259679 0.039456 1.162689
v -1.159462 0.081186 1.074464
v 3.732286 5.119750 2.797182
v 3.677747 5.583065 2.769995
v 3.383874 5.681160 3.659699
v 3.540073 5.570143 1.970387
v 3.738086 5.115667 2.692992
v 4.653560 4.758218 3.713912
v 4.672444 5.373378 5.282536
v 0.404232 5.385863 -2.301881
v 0.239761 5.344091 -2.805083
v 0.621399 5.437804 -1.466204
v 2.732845 5.521490 -1.455936
v 2.507944 5.488006 -2.332214
v 1.563401 5.406505 -3.969865
v 0.992157 5.462415 -0.650704
v 2.043350 5.467897 -3.176164
v 1.910284 5.350027 -1.001411
v 3.498393 5.366061 -1.421194
v 2.314247 5.347167 0.121618
v 3.557563 5.413902 -0.578668
v 3.292016 5.357388 -2.084050
v 1.763910 5.461847 0.945305
v 3.377355 5.506103 0.238801
v 3.403725 5.549598 1.089836
v 1.794147 5.493531 1.892541
v 1.772318 5.498628 1.966374
v 1.815797 5.523037 2.918118
v 1.750174 5.544116 3.675107
v 1.878271 5.524086 4.446823
v 0.477093 5.589876 1.989907
v 0.512209 5.558787 1.152385
v 0.837915 5.600717 2.765252
v 4.410000 5.350044 5.360159
v 2.642493 5.361453 5.290513
v 1.388094 5.932322 3.757548
v 0.227846 5.946031 2.877740
v 1.428807 5.932680 4.486210
v 1.521092 5.536440 5.289832
v 4.087577 4.833267 -0.634132
v 6.518973 3.567915 -1.412772
v 5.001680 4.156322 -2.144642
v 5.567461 3.663211 -1.422272
v 6.375026 3.567504 -2.200948
v 6.341080 3.568588 -2.354422
v 4.825158 4.115091 -2.963895
v 5.577375 3.825730 -0.504997
v 6.681196 3.567704 -0.269504
v -3.253282 4.465004 -4.954791
v -4.812074 4.170389 -4.869812
v -4.371355 4.188661 -4.012348
v -4.073549 4.374900 -3.981223
v -4.485267 2.360851 -4.845573
v -2.903386 1.280268 -5.651647
v -4.470317 1.566490 -4.849921
v -4.384844 1.256977 -4.005636
v -4.515706 2.367836 -4.801715
v -5.174109 2.335015 -3.168968
v -3.190672 2.355168 -5.657902
v -2.889380 5.652649 1.079395
v -4.381764 5.350979 1.734572
v -4.480299 5.354004 2.374130
v -3.079727 5.665361 2.005315
v -4.385991 5.427522 3.433495
v -3.189593 5.680163 2.801963
v -2.950709 5.749126 3.655253
v -4.410720 5.426849 3.647957
v -3.020288 5.754800 4.750983
v -4.660147 5.365160 4.456992
v -4.714147 5.334560 3.915418
v -4.910586 5.129979 1.091335
v -4.729501 5.340846 4.464237
v -2.845632 5.748356 5.345184
v -4.675907 5.357956 5.305487
v -1.556163 5.937008 4.603307
v -2.669718 5.793189 3.613834
v -1.496880 5.940960 5.328092
v -1.385734 5.963840 5.283069
v -1.316065 5.947806 3.936276
v 0.150871 5.977373 3.645208
v 0.079268 6.000000 4.462528
v -1.121941 5.965667 5.324847
v 0.323975 5.976281 3.632884
v 0.274629 5.999825 4.455951
v 1.313030 5.989736 5.287962
v -0.320850 5.960448 3.287739
v 0.227846 5.946031 2.877740
v -1.260312 5.940549 3.607815
v 1.388094 5.932322 3.757548
v 1.428807 5.932680 4.486210
v -1.319100 5.955779 5.324760
v 0.477093 5.589876 1.989907
v 0.087227 5.600726 2.069115
v 1.521092 5.536440 5.289832
v -7.029091 3.749196 3.790172
v -6.160444 3.594964 4.463370
v -6.050579 4.745506 4.682811
v -7.120004 3.540715 3.649431
v -6.752821 4.163403 4.022110
v -5.969288 3.678930 5.285608
v -6.173776 3.559547 4.486544
v -6.487342 4.362817 2.831949
v -0.562836 0.947579 -5.655326
v -1.540426 0.983626 -5.620856
v 0.053842 1.709574 -5.658026
v -2.793364 1.216018 -5.628832
v -1.305948 5.344912 -2.160310
v -1.323551 5.318702 -2.437023
v 0.187874 5.342420 -2.831811
v 0.198396 5.391756 -2.290956
v 0.211232 5.358569 -2.659040
v -1.328002 5.339492 -2.200577
v 0.239761 5.344091 -2.805083
v 0.404232 5.385863 -2.301881
v -2.833537 4.887385 -3.788077
v 0.097590 5.301601 -3.219279
v -0.059620 5.201032 -3.988543
v 1.717329 5.184508 -3.204466
v 1.532198 5.091721 -4.018554
v 2.822971 4.832830 -4.020387
v 3.137437 4.761052 -3.902473
v -1.386543 5.345192 -4.408647
v -4.139800 4.764365 -1.377051
v -3.900399 4.767836 -2.232978
v -2.812450 5.189684 -1.182010
v -2.959611 5.200726 -0.580415
v -4.364566 4.743443 -0.560362
v -4.408674 4.729988 -0.486195
v -4.363082 4.661104 -1.413057
v -4.351640 4.587725 -2.090057
v -4.363802 4.443330 -2.978844
v -3.853211 4.768658 -2.372877
v -4.357867 4.407956 -3.176251
v -3.381918 4.759932 -3.574829
v -2.414760 5.340418 -0.109292
v -3.065924 5.280915 1.074862
v -2.755056 5.342211 1.002478
v -2.959566 5.344081 1.876675
v -2.757889 5.346180 1.105529
v -1.333757 5.430766 -0.908554
v -1.320066 5.350123 -2.078129
v -1.349449 5.482567 0.124430
v -1.355002 5.524139 1.055118
v -1.344368 5.544020 1.523578
v -3.147575 4.756462 -3.997337
v -4.073549 4.374900 -3.981223
v -4.803981 4.424113 -1.400250
v -2.779853 4.720843 -4.643323
v -3.253282 4.465004 -4.954791
v -1.404798 4.738661 -5.658025
v -4.384776 4.393461 -3.172288
v -4.727029 4.219689 -2.970088
v -4.958628 4.228624 -2.035869
v -4.305711 4.142692 -4.273493
v -3.837744 4.157458 -4.989695
v -5.790136 3.747727 0.195128
v -4.846178 4.131230 -2.970274
v -5.035649 4.127199 -2.279611
v -5.665636 3.762336 -0.670819
v -4.414249 3.786441 -4.821940
v -4.384799 4.044921 -4.374500
v -5.410768 3.548707 -2.829533
v -5.226333 3.548829 -3.453745
v -4.739640 4.142552 -3.258283
v -5.667839 3.549458 -1.499708
v -5.687488 3.538014 -1.408325
v -5.816552 4.699135 1.050399
v -1.326114 5.213850 -4.991701
v -0.804845 5.019960 -4.820107
v 0.160740 4.365178 -5.658112
v -7.049301 2.848234 1.954594
v -7.052696 2.983179 2.024810
v -6.923294 2.378607 2.838984
v -7.094825 3.558043 3.254209
v -6.251245 2.937393 4.470058
v -7.272695 1.920292 4.462428
v -7.163662 2.226622 5.297758
v -6.110649 2.950559 5.290513
v -7.290793 1.793128 4.353457
v -6.966728 2.395996 3.670796
v -7.297313 1.548732 4.418025
v -7.289354 1.593338 4.465822
v -7.174948 1.752614 5.301115
v -3.253282 4.465004 -4.954791
v -1.346819 4.147501 -5.658100
v -1.404798 4.738661 -5.658025
v 0.160740 4.365178 -5.658112
v -3.837744 4.157458 -4.989695
v -7.272695 1.920292 4.462428
v -7.290793 1.793128 4.353457
v -6.966728 2.395996 3.670796
v -6.251245 2.937393 4.470058
v 5.564808 2.845096 -2.365743
v 5.598552 3.013080 -2.304222
v 6.430757 3.142796 -2.298104
v 6.421765 2.955036 -2.359364
v 4.825158 4.115091 -2.963895
v 6.341080 3.568588 -2.354422
v 6.465625 2.437026 -1.532024
v -4.384844 1.256977 -4.005636
v -4.236132 1.773676 -4.056220
v -4.381225 1.750621 -3.648129
v -2.903386 1.280268 -5.651647
v -5.174109 2.335015 -3.168968
v 5.441994 4.264819 3.601720
v 5.301712 5.124847 5.225289
v 4.811535 4.605805 4.962881
v 4.839816 5.134761 5.359973
v -4.739640 4.142552 -3.258283
v -6.093631 3.739221 -3.111386
v -4.846178 4.131230 -2.970274
v -5.911646 3.566909 -3.896033
v -6.371137 4.158070 -0.033714
v -6.866485 2.990208 0.296593
v -6.554695 4.121569 1.054016
v -6.819275 3.086143 -0.337391
v -6.235756 4.155097 -0.872945
v -6.668787 2.972303 -1.182010
v -6.495885 2.975661 -2.278682
v -6.384019 3.573545 -2.272613
v -6.321791 2.982541 -3.106927
v -6.028121 3.127068 -3.945168
v -5.911287 4.332454 -1.497553
v -5.923561 4.162931 -2.344587
v -5.904025 4.383765 -1.196551
v -6.015621 2.383066 -3.569640
v -5.937364 2.656383 -4.049680
v -5.936241 2.983818 -4.166789
v -6.317767 2.958236 -3.119189
v -1.286390 5.930731 5.339722
v 1.521092 5.536440 5.289832
v -1.121941 5.965667 5.324847
v 1.313030 5.989736 5.287962
v -1.496880 5.940960 5.328092
v -1.319100 5.955779 5.324760
v 4.796428 1.278432 3.579970
v 4.392488 0.594256 1.941006
v 4.429424 0.595104 2.986426
v 4.622289 1.187647 2.487782
v 4.370546 0.609906 1.146340
v 4.793528 1.283765 1.774292
v 4.614331 1.215973 1.071888
v 4.381112 0.616612 1.069076
v 4.429334 1.236842 -0.603664
v 4.254364 0.689553 -0.594746
v 4.770777 1.526360 -1.435513
v 4.301147 0.766472 -1.190854
v 4.798721 1.608210 -1.805702
v 4.788874 0.716961 3.794692
v 4.797664 1.313604 4.403323
v 4.588680 0.656164 4.465933
v 4.751263 1.370738 5.236138
v 4.434640 1.199012 5.337876
v 4.596346 0.680809 5.285496
v 4.835927 1.376062 5.347933
v 5.244610 1.702876 5.276021
v 5.337682 1.783887 5.280913
v 5.425088 1.870266 5.303951
v 5.985002 1.245191 4.010281
v 5.784359 2.442910 5.288432
v 4.193395 4.169235 -4.241252
v 3.922948 4.612066 -3.139229
v 4.821337 4.688880 -3.141161
v 4.822708 4.438180 -4.039535
v 4.811625 4.255447 -2.375701
v 4.283252 4.535662 -2.588131
v -3.853211 4.768658 -2.372877
v -4.901257 4.809408 -2.298215
v -5.037694 4.847246 -1.507028
v -3.900399 4.767836 -2.232978
v -4.385563 4.892543 -3.173179
v -3.381918 4.759932 -3.574829
v -5.160419 4.805045 -1.377707
v -5.375495 4.990575 1.927048
v -5.911309 4.776692 2.962373
v -5.581939 4.943426 2.782691
v -5.904879 4.760045 2.603070
v -6.487342 4.362817 2.831949
v -6.752821 4.163403 4.022110
v -6.002560 4.768806 4.328104
v -6.050579 4.745506 4.682811
v -5.899416 4.836457 4.743292
v -6.739736 4.204354 5.287528
v -6.016251 4.772189 5.287478
v -4.714147 5.334560 3.915418
v -4.729501 5.340846 4.464237
v -4.410720 5.426849 3.647957
v -4.385991 5.427522 3.433495
v -4.480299 5.354004 2.374130
v -4.381764 5.350979 1.734572
v -4.910586 5.129979 1.091335
v -5.751648 4.746993 1.166034
v -5.873788 4.738433 1.992049
v -6.048286 4.556750 1.103052
v -5.816552 4.699135 1.050399
v -5.335704 4.884779 0.267611
v -5.329454 4.809294 -0.580117
v -5.916413 4.592368 0.576676
v -6.658782 4.161707 2.420700
v -6.640933 4.134954 1.985398
v -6.553998 4.155316 1.327397
v -6.554695 4.121569 1.054016
v -5.910522 4.556986 0.199203
v -6.371137 4.158070 -0.033714
v -5.904025 4.383765 -1.196551
v -6.235756 4.155097 -0.872945
v -2.959611 5.200726 -0.580415
v -3.065924 5.280915 1.074862
v -2.959566 5.344081 1.876675
v -4.139800 4.764365 -1.377051
v -4.660889 4.771909 5.288767
v -4.660147 5.365160 4.456992
v -6.882874 3.972032 3.543730
v -2.889380 5.652649 1.079395
v -2.871328 5.654406 1.055763
v 0.274629 5.999825 4.455951
v 1.428807 5.932680 4.486210
v 1.521092 5.536440 5.289832
v 3.261262 0.823824 5.331968
v 2.286011 0.172399 5.287316
v 4.596346 0.680809 5.285496
v 3.659897 0.398033 5.285186
v -1.346819 4.147501 -5.658100
v -1.049574 3.531247 -5.657567
v 0.202667 4.142150 -5.177589
v -1.354215 3.528048 -5.657852
v 3.246200 0.515160 -1.498248
v 3.222640 0.593942 -2.213508
v 4.587353 0.909312 -1.540037
v -0.059620 5.201032 -3.988543
v -0.896793 5.375538 -4.446846
v 1.720746 5.368308 -4.072717
v -1.335848 5.405028 -4.133842
v -3.046928 4.953192 -4.818546
v -3.253282 4.465004 -4.954791
v -3.147575 4.756462 -3.997337
v -3.381918 4.759932 -3.574829
v -1.386543 5.345192 -4.408647
v -1.326114 5.213850 -4.991701
v 6.033876 2.284220 -3.151690
v 5.115771 1.710527 -4.001511
v 5.669143 2.268885 -3.997857
v 5.248297 1.523405 -3.151641
v 5.320866 1.377287 -2.296717
v 6.105118 2.165904 -2.661939
v 6.164671 2.115738 -2.288319
v 5.199041 1.192412 -1.614192
v 4.785187 1.572881 -4.219565
v 4.790965 1.479980 -3.946208
v 4.795191 1.800910 -4.726408
v 4.779522 1.866201 -4.875510
v 4.486233 1.639160 -4.823192
v 4.797979 1.200892 -2.823390
v 5.239215 2.361104 -4.853326
v 4.743597 1.083844 -2.305461
v 4.052281 1.177514 -4.092461
v 4.487807 1.133179 -3.166826
v 3.290982 1.169008 -4.962360
v 3.232284 1.346740 -5.532198
v 3.258070 1.047579 -4.584095
v 3.271738 0.740454 -3.163891
v 2.192265 0.929875 -5.055440
v 6.028143 2.380163 -3.321042
v 4.962338 1.180469 -2.292208
v 5.284739 2.963351 -5.070414
v -6.050579 4.745506 4.682811
v -5.969288 3.678930 5.285608
v -6.739736 4.204354 5.287528
v -5.724582 1.176176 5.319508
v -3.422024 0.348435 5.301969
v -3.453251 0.762310 5.338743
v 3.351231 5.201740 1.871448
v 3.305842 5.143085 0.278473
v 3.403725 5.549598 1.089836
v 3.377355 5.506103 0.238801
v 3.557563 5.413902 -0.578668
v 3.540073 5.570143 1.970387
v 3.276842 5.101460 -0.589704
v 3.738086 5.115667 2.692992
v 4.811625 4.255447 -2.375701
v 3.443112 4.910064 -2.305572
v 4.812254 4.766822 -2.756555
v -5.753942 1.169444 4.630938
v -4.857801 0.744667 3.651325
v -5.026724 1.446791 3.645517
v 1.790663 0.602038 -1.404883
v 3.237882 0.445017 -0.790232
v 3.258924 0.802195 -0.323111
v 5.669143 2.268885 -3.997857
v 5.284739 2.963351 -5.070414
v 4.810591 2.797107 -4.429246
v 5.247668 2.994371 -5.127005
v 6.028143 2.380163 -3.321042
v 6.033876 2.284220 -3.151690
v 1.532198 5.091721 -4.018554
v 1.720746 5.368308 -4.072717
v 2.822971 4.832830 -4.020387
v -0.059620 5.201032 -3.988543
v -4.319784 1.256601 -0.578161
v -5.160576 1.776474 -0.334890
v -4.328259 1.194624 0.291688
v -4.307644 1.330242 -1.402170
v -4.569886 1.471543 -1.372258
v -4.358384 1.441205 -2.099521
v -4.712798 1.682209 -2.242008
v -5.217588 1.899214 -0.970484
v -5.323541 1.951557 -0.596814
v -4.254049 1.416472 -2.315655
v -5.266125 2.014146 -1.451156
v -4.776936 1.774673 -2.507599
v -4.213538 1.732900 -3.968949
v -4.633822 1.359827 0.245860
v -3.588429 0.686703 -2.291341
v -2.884142 0.686790 -3.449856
v -3.443764 0.596696 -1.809765
v -3.989919 0.632926 -0.671154
v -4.135866 0.643277 -0.250629
v -4.350853 0.660964 0.455665
v -4.381225 1.750621 -3.648129
v -6.187174 2.085531 -2.194496
v 4.967509 4.289806 -1.442944
v 5.107138 4.754783 -1.877825
v 5.336940 4.761401 -0.759056
v 4.804858 4.293688 -2.191188
v 4.811625 4.255447 -2.375701
v 4.812254 4.766822 -2.756555
v 4.811445 5.084080 0.233983
v 4.810793 4.679577 3.402394
v 5.547903 4.163027 2.759257
v 4.823113 5.255517 2.940772
v 4.918387 5.204975 2.686651
v 4.808342 5.167591 1.422769
v 5.093245 4.424708 1.091161
v 4.806319 5.144728 1.064891
v 4.994171 4.433415 0.247261
v 5.087827 4.293907 -0.599316
v -4.139800 4.764365 -1.377051
v -2.959611 5.200726 -0.580415
v -3.580786 5.352291 -1.441123
v 6.105118 2.165904 -2.661939
v 4.797979 1.200892 -2.823390
v 5.320866 1.377287 -2.296717
v 4.678537 1.838714 -3.148148
v 4.790965 1.479980 -3.946208
v 4.797979 1.200892 -2.823390
v 4.785187 1.572881 -4.219565
v 4.795191 1.800910 -4.726408
v 4.796382 1.816149 -2.740342
v 4.796382 1.816149 -2.740342
v 4.797979 1.200892 -2.823390
v 6.105118 2.165904 -2.661939
v 3.922948 4.612066 -3.139229
v 4.193395 4.169235 -4.241252
v 3.811082 4.898987 -4.031348
v 3.291769 4.247509 -5.176177
v 3.277291 4.822968 -4.914141
v 2.822971 4.832830 -4.020387
v 3.137437 4.761052 -3.902473
v 3.442729 4.759015 -3.369818
v 1.765731 4.754014 -5.176895
v 2.043350 5.467897 -3.176164
v 2.507944 5.488006 -2.332214
v 1.969477 5.352580 -3.979650
v 1.563401 5.406505 -3.969865
v 1.720746 5.368308 -4.072717
v 3.098162 4.914837 -3.085722
v 3.443112 4.910064 -2.305572
v 3.442527 4.991756 -1.466217
v 5.107138 4.754783 -1.877825
v 5.336940 4.761401 -0.759056
v 4.812254 4.766822 -2.756555
v 4.087577 4.833267 -0.634132
v 2.732845 5.521490 -1.455936
v -6.617058 2.413753 -0.592293
v -5.660555 2.376316 -0.603676
v -5.893976 3.206243 -0.562307
v -6.819275 3.086143 -0.337391
v -5.790136 3.747727 0.195128
v -6.554695 4.121569 1.054016
v 0.160740 4.365178 -5.658112
v 0.202667 4.142150 -5.177589
v 1.592537 4.639177 -5.177329
v 5.247668 2.994371 -5.127005
v 3.731454 3.844528 -5.176982
v 4.827451 3.568641 -5.474950
v -5.239035 2.419453 -3.147628
v -6.015621 2.383066 -3.569640
v -4.963215 2.448278 -3.980542
v -4.614668 3.551539 -4.793193
v -5.936241 2.983818 -4.166789
v -5.937364 2.656383 -4.049680
v -4.073549 4.374900 -3.981223
v -4.384776 4.393461 -3.172288
v -3.381918 4.759932 -3.574829
v -3.147575 4.756462 -3.997337
v -3.253282 4.465004 -4.954791
v -4.357867 4.407956 -3.176251
v 6.340248 2.150473 -1.572005
v 6.164671 2.115738 -2.288319
v 5.726425 2.965274 -1.562641
v -3.686312 5.392499 -0.582520
v -3.065924 5.280915 1.074862
v -2.871328 5.654406 1.055763
v -2.857052 5.354870 -3.031546
v -3.900399 4.767836 -2.232978
v -3.330347 5.356077 -2.078761
v -3.580786 5.352291 -1.441123
v -3.853211 4.768658 -2.372877
v -4.139800 4.764365 -1.377051
v -1.507783 5.618631 -2.304977
v -1.333757 5.430766 -0.908554
v -1.349449 5.482567 0.124430
v -1.320066 5.350123 -2.078129
v -1.355002 5.524139 1.055118
v -1.344368 5.544020 1.523578
v -2.889380 5.652649 1.079395
v -2.959566 5.344081 1.876675
v 2.799748 0.673605 4.427995
v 3.043578 0.253209 3.648885
v 2.296892 0.156994 4.809295
v 3.162166 0.413543 -0.607181
v 2.392009 0.223457 0.296593
v 3.258924 0.802195 -0.323111
v 3.237882 0.445017 -0.790232
v 3.271334 0.753454 0.900876
v 2.695054 0.224769 1.152780
v 3.254361 0.738600 1.477130
v 3.154904 0.280198 2.079530
v 4.381112 0.616612 1.069076
v 4.254364 0.689553 -0.594746
v 4.370546 0.609906 1.146340
v 3.270862 0.740654 2.752790
v 4.392488 0.594256 1.941006
v 4.429424 0.595104 2.986426
v 3.270435 0.750997 3.572724
v 4.301147 0.766472 -1.190854
v 4.788874 0.716961 3.794692
v 4.588680 0.656164 4.465933
v 3.153151 0.801906 5.276020
v 4.596346 0.680809 5.285496
v 3.261262 0.823824 5.331968
v 2.946572 0.234263 2.783594
v 2.286011 0.172399 5.287316
v 0.456726 4.141345 -5.177639
v 0.160740 4.365178 -5.658112
v 1.592537 4.639177 -5.177329
v 0.202667 4.142150 -5.177589
v 4.824304 4.050455 -3.193084
v 4.821337 4.688880 -3.141161
v 4.825158 4.115091 -2.963895
v 4.811625 4.255447 -2.375701
v 4.850967 3.662048 -3.991144
v 4.822708 4.438180 -4.039535
v -5.911264 2.051391 -3.180339
v -5.174109 2.335015 -3.168968
v -6.002740 2.128074 -3.083493
v -5.265990 2.190060 -2.336735
v -6.015621 2.383066 -3.569640
v -5.263360 0.988180 1.087544
v -5.106082 0.875477 2.026172
v -5.193129 1.620126 1.935123
v -5.273004 1.739859 1.090256
v -5.211023 1.588390 2.818981
v -4.993946 0.808953 2.863496
v -4.857801 0.744667 3.651325
v -5.026724 1.446791 3.645517
v 3.232284 1.346740 -5.532198
v 3.258070 1.047579 -4.584095
v 2.587842 1.190629 -4.418161
v 3.271738 0.740454 -3.163891
v -4.993946 0.808953 2.863496
v -5.211023 1.588390 2.818981
v -5.026724 1.446791 3.645517
v -4.857801 0.744667 3.651325
v -3.686312 5.392499 -0.582520
v -3.580786 5.352291 -1.441123
v -2.959611 5.200726 -0.580415
v -3.065924 5.280915 1.074862
v 6.535698 4.177418 2.122770
v 5.547903 4.163027 2.759257
v 4.810793 4.679577 3.402394
v -5.752121 2.193661 5.297758
v -6.251245 2.937393 4.470058
v -5.871091 2.377575 5.297659
v -5.434800 1.800341 5.050882
v -6.110649 2.950559 5.290513
v -6.173776 3.559547 4.486544
v -6.039114 3.531343 5.290513
v -5.337525 1.794737 1.087111
v -5.892335 2.457204 1.137571
v -6.805067 2.408358 1.087234
v -6.777662 2.216996 1.144482
v 6.565643 0.817267 3.686662
v 5.985002 1.245191 4.010281
v 7.112271 1.236641 3.926466
v 5.321338 0.931028 3.659698
v -5.753942 1.169444 4.630938
v -5.026724 1.446791 3.645517
v -5.192274 1.568832 4.531257
v 5.567461 3.663211 -1.422272
v 5.001680 4.156322 -2.144642
v 4.967509 4.289806 -1.442944
v 4.804858 4.293688 -2.191188
v -5.329454 4.809294 -0.580117
v -4.408674 4.729988 -0.486195
v -2.959611 5.200726 -0.580415
v -1.794642 0.095567 4.471482
v -1.117040 0.044326 4.463431
v 0.200194 0.040348 5.312435
v -1.440520 0.087812 5.289657
v 0.344905 0.075669 5.344589
v 0.272561 0.011138 4.505915
v 3.442527 4.991756 -1.466217
v 2.732845 5.521490 -1.455936
v 3.292016 5.357388 -2.084050
v -5.263360 0.988180 1.087544
v -4.318412 0.594807 1.618465
v -2.859638 0.242945 1.898424
v -1.189271 0.244003 -1.484016
v -1.488944 0.597273 -1.708932
v -2.835291 0.493312 -2.041270
v -4.727029 4.219689 -2.970088
v -4.958628 4.228624 -2.035869
v -4.901257 4.809408 -2.298215
v -5.037694 4.847246 -1.507028
v -4.803981 4.424113 -1.400250
v -5.160419 4.805045 -1.377707
v -4.408674 4.729988 -0.486195
v -4.384776 4.393461 -3.172288
v -4.385563 4.892543 -3.173179
v -3.381918 4.759932 -3.574829
v 1.722815 0.596757 -1.442944
v 1.734438 0.269541 -1.325068
v 1.790663 0.602038 -1.404883
v 3.237882 0.445017 -0.790232
v 4.850967 3.662048 -3.991144
v 4.193395 4.169235 -4.241252
v 4.822708 4.438180 -4.039535
v -0.372556 0.637245 -2.929549
v 0.188684 0.324542 -2.745780
v 1.711866 0.365510 -2.329961
v -0.014410 5.622749 2.769327
v -1.260312 5.940549 3.607815
v -0.320850 5.960448 3.287739
v -2.669718 5.793189 3.613834
v 0.087227 5.600726 2.069115
v -1.905968 5.820607 1.950520
v 0.211479 5.563657 1.080881
v -2.795792 5.749414 2.880329
v -1.344368 5.544020 1.523578
v 0.274112 0.656199 -3.100673
v 1.711866 0.365510 -2.329961
v 1.709371 0.666253 -2.241959
v -4.739640 4.142552 -3.258283
v -6.028121 3.127068 -3.945168
v -5.911646 3.566909 -3.896033
v 4.743597 1.083844 -2.305461
v 4.587353 0.909312 -1.540037
v 4.798721 1.608210 -1.805702
v 4.797979 1.200892 -2.823390
v 4.301147 0.766472 -1.190854
v 3.222640 0.593942 -2.213508
v 1.790663 0.602038 -1.404883
v 3.258924 0.802195 -0.323111
v 1.722815 0.596757 -1.442944
v 1.709371 0.666253 -2.241959
v 0.274112 0.656199 -3.100673
v -4.660147 5.365160 4.456992
v -4.660889 4.771909 5.288767
v -4.675907 5.357956 5.305487
v -7.049301 2.848234 1.954594
v -6.970618 2.999161 1.172710
v -7.052696 2.983179 2.024810
v -6.805067 2.408358 1.087234
v -3.015477 0.556339 -2.297200
v -2.481281 0.463657 -2.337776
v -3.513837 0.577243 -1.453807
v -3.588429 0.686703 -2.291341
v 5.320866 1.377287 -2.296717
v 4.797979 1.200892 -2.823390
v 5.199041 1.192412 -1.614192
v 4.798721 1.608210 -1.805702
v 5.463981 1.201548 -0.626739
v 4.770777 1.526360 -1.435513
v 5.554602 1.192333 -0.085710
v 4.429334 1.236842 -0.603664
v 5.628970 1.192779 0.367329
v 4.614331 1.215973 1.071888
v 5.765272 1.221149 1.086640
v 4.793528 1.283765 1.774292
v 5.813786 1.188390 2.739191
v 4.622289 1.187647 2.487782
v 4.796428 1.278432 3.579970
v 5.847126 1.205167 2.914848
v 5.985002 1.245191 4.010281
v 4.797664 1.313604 4.403323
v 4.810591 2.797107 -4.429246
v 5.247668 2.994371 -5.127005
v 5.034592 3.152650 -4.033430
v -5.894133 1.234088 5.290512
v -5.753942 1.169444 4.630938
v -5.192274 1.568832 4.531257
v -5.434800 1.800341 5.050882
v 2.946572 0.234263 2.783594
v 3.043578 0.253209 3.648885
v 2.799748 0.673605 4.427995
v -4.381225 1.750621 -3.648129
v -4.482614 1.111209 -3.169291
v -4.369782 0.949765 -2.434473
v -4.569886 1.471543 -1.372258
v -4.415328 0.759006 -0.568649
v -5.160576 1.776474 -0.334890
v -4.482524 0.863421 -1.396906
v -4.712798 1.682209 -2.242008
v -4.366702 0.853323 -1.677125
v -4.776936 1.774673 -2.507599
v -4.633822 1.359827 0.245860
v -4.465079 0.711681 0.262854
v -5.263360 0.988180 1.087544
v -5.273004 1.739859 1.090256
v 3.442527 4.991756 -1.466217
v 3.292016 5.357388 -2.084050
v 4.087577 4.833267 -0.634132
v 6.681196 3.567704 -0.269504
v 5.577375 3.825730 -0.504997
v 5.087827 4.293907 -0.599316
v 4.487807 1.133179 -3.166826
v 4.743597 1.083844 -2.305461
v 4.797979 1.200892 -2.823390
v 4.790965 1.479980 -3.946208
v 3.271738 0.740454 -3.163891
v 3.109560 1.228257 -3.912643
v 2.587842 1.190629 -4.418161
v 4.785187 1.572881 -4.219565
v 3.232284 1.346740 -5.532198
v 4.486233 1.639160 -4.823192
v -4.371355 4.188661 -4.012348
v -4.384799 4.044921 -4.374500
v -4.739640 4.142552 -3.258283
v -4.384776 4.393461 -3.172288
v 4.087577 4.833267 -0.634132
v 3.557563 5.413902 -0.578668
v 3.276842 5.101460 -0.589704
v 5.301712 5.124847 5.225289
v 4.541605 4.754022 4.958013
v 4.400806 4.796171 5.290513
v 4.839816 5.134761 5.359973
v -3.189593 5.680163 2.801963
v -3.185186 5.329096 2.757312
v -3.079727 5.665361 2.005315
v -3.200698 5.339954 3.567040
v -3.200473 5.334682 4.307667
v -2.959566 5.344081 1.876675
v -2.889380 5.652649 1.079395
v -3.087528 5.344247 4.757362
v -2.950709 5.749126 3.655253
v -3.020288 5.754800 4.750983
v -2.845632 5.748356 5.345184
v -3.101872 5.322784 5.331783
v -0.060024 0.002501 2.700460
v 0.246235 0.013132 2.021638
v 0.233084 0.000699 2.956637
v -0.385843 0.004940 3.478777
v -1.483729 0.076307 1.938281
v -1.483729 0.062607 2.840668
v -1.349224 0.066472 1.917671
v -1.289672 0.068115 1.699097
v 5.336940 4.761401 -0.759056
v 4.087577 4.833267 -0.634132
v 3.276842 5.101460 -0.589704
v 6.340248 2.150473 -1.572005
v 5.726425 2.965274 -1.562641
v 6.465625 2.437026 -1.532024
v 0.087227 5.600726 2.069115
v -0.014410 5.622749 2.769327
v -0.320850 5.960448 3.287739
v -6.173776 3.559547 4.486544
v -7.120004 3.540715 3.649431
v -7.029091 3.749196 3.790172
v 1.709371 0.666253 -2.241959
v 1.711866 0.365510 -2.329961
v 1.686508 0.279945 -1.493454
v 1.722815 0.596757 -1.442944
v 1.734438 0.269541 -1.325068
v 4.400806 4.796171 5.290513
v 4.541605 4.754022 4.958013
v 4.410000 5.350044 5.360159
v 4.672444 5.373378 5.282536
v 2.642493 5.361453 5.290513
v -4.213538 1.732900 -3.968949
v -4.364791 2.186991 -4.798754
v -4.356271 1.782970 -3.825669
v -5.174109 2.335015 -3.168968
v -4.515706 2.367836 -4.801715
v -1.457403 0.199423 -0.645652
v -1.239337 0.183267 -0.637292
v -1.124054 0.122487 0.202373
v 0.226519 0.090733 0.145175
v 1.734438 0.269541 -1.325068
v -1.189271 0.244003 -1.484016
v 1.686508 0.279945 -1.493454
v -5.192274 1.568832 4.531257
v -5.724582 1.176176 5.319508
v -5.894133 1.234088 5.290512
v -7.289354 1.593338 4.465822
v -7.174948 1.752614 5.301115
v -7.297313 1.548732 4.418025
v -5.026724 1.446791 3.645517
v -5.211023 1.588390 2.818981
v -1.124054 0.122487 0.202373
v -1.239337 0.183267 -0.637292
v -1.363994 0.176430 -0.413838
v -1.457403 0.199423 -0.645652
v 1.734438 0.269541 -1.325068
v 0.226519 0.090733 0.145175
v 4.613971 2.950141 -4.824232
v 4.795191 1.800910 -4.726408
v 4.587466 2.652475 -4.742175
v 4.779522 1.866201 -4.875510
v 4.810591 2.797107 -4.429246
v 4.801014 3.563954 -4.221138
v 5.034592 3.152650 -4.033430
v 6.028143 2.380163 -3.321042
v -5.106082 0.875477 2.026172
v -4.363689 0.596433 1.998081
v -2.885603 0.243968 2.032513
v -5.106082 0.875477 2.026172
v -2.859638 0.242945 1.898424
v -4.363689 0.596433 1.998081
v 4.850967 3.662048 -3.991144
v 4.481872 4.055238 -3.982350
v 4.193395 4.169235 -4.241252
v -4.633822 1.359827 0.245860
v -4.465079 0.711681 0.262854
v -4.350853 0.660964 0.455665
v -3.837744 4.157458 -4.989695
v -4.414249 3.786441 -4.821940
v -3.253282 4.465004 -4.954791
v -4.371355 4.188661 -4.012348
v -4.384799 4.044921 -4.374500
v -4.073549 4.374900 -3.981223
v -4.384776 4.393461 -3.172288
v -4.739640 4.142552 -3.258283
v -5.911646 3.566909 -3.896033
v 0.202667 4.142150 -5.177589
v 0.456726 4.141345 -5.177639
v 1.592537 4.639177 -5.177329
v -5.724582 1.176176 5.319508
v -5.753942 1.169444 4.630938
v -5.894133 1.234088 5.290512
v -5.192274 1.568832 4.531257
v -4.857801 0.744667 3.651325
v -5.026724 1.446791 3.645517
v -6.015621 2.383066 -3.569640
v -5.239035 2.419453 -3.147628
v -5.174109 2.335015 -3.168968
v 1.765731 4.754014 -5.176895
v 1.592537 4.639177 -5.177329
v 1.854531 4.586773 -5.177217
v 1.424918 4.772872 -5.177168
v 3.196584 5.228799 5.290018
v 4.400806 4.796171 5.290513
v 2.642493 5.361453 5.290513
v 5.247668 2.994371 -5.127005
v 4.160056 3.554267 -5.174443
v 3.731454 3.844528 -5.176982
v -0.711436 2.924804 -5.657964
v -1.049574 3.531247 -5.657567
v 1.734482 3.257048 -5.658001
v 0.594872 2.349415 -5.658199
v -0.858822 2.364759 -5.658199
v 1.606520 2.946687 -5.658013
v -1.332431 2.954399 -5.657964
v -1.354215 3.528048 -5.657852
v -2.858896 3.034019 -5.657914
v -2.957161 2.838163 -5.657927
v -3.190672 2.355168 -5.657902
v -1.354934 2.337000 -5.658113
v 2.226166 2.935217 -5.657989
v 2.824747 2.374350 -5.657890
v 0.454680 1.760134 -5.658014
v 0.053842 1.709574 -5.658026
v 2.227403 3.021228 -5.657964
v -2.793364 1.216018 -5.628832
v 3.232284 1.346740 -5.532198
v -2.903386 1.280268 -5.651647
v 4.779522 1.866201 -4.875510
v 4.613971 2.950141 -4.824232
v 5.284739 2.963351 -5.070414
v 5.239215 2.361104 -4.853326
v 1.807344 3.910326 -5.177601
v 0.456726 4.141345 -5.177639
v 1.854531 4.586773 -5.177217
v 1.592537 4.639177 -5.177329
v 1.424918 4.772872 -5.177168
v 1.765731 4.754014 -5.176895
v 3.291769 4.247509 -5.176177
v 0.160740 4.365178 -5.658112
v 3.277291 4.822968 -4.914141
v 0.202667 4.142150 -5.177589
v -1.346819 4.147501 -5.658100
v -3.837744 4.157458 -4.989695
v -1.404798 4.738661 -5.658025
v -4.414249 3.786441 -4.821940
v -4.591085 3.554267 -4.830078
v -4.485267 2.360851 -4.845573
v -4.620738 2.549284 -4.826313
v -0.804845 5.019960 -4.820107
v -3.253282 4.465004 -4.954791
v 4.587466 2.652475 -4.742175
v -1.326114 5.213850 -4.991701
v -3.046928 4.953192 -4.818546
v -1.386543 5.345192 -4.408647
v -3.381918 4.759932 -3.574829
v -2.833537 4.887385 -3.788077
v -4.846178 4.131230 -2.970274
v -6.093631 3.739221 -3.111386
v -4.727029 4.219689 -2.970088
v -1.349224 0.066472 1.917671
v -2.819577 0.607257 2.296036
v -1.483729 0.076307 1.938281
v -5.160576 1.776474 -0.334890
v -5.323541 1.951557 -0.596814
v -4.633822 1.359827 0.245860
v -6.264127 1.719182 0.196032
v -5.910253 1.372443 0.883684
v -5.273004 1.739859 1.090256
v -5.193129 1.620126 1.935123
v -5.902834 1.280862 2.454712
v -6.023130 1.332820 3.519837
v -5.211023 1.588390 2.818981
v -6.298073 1.591546 1.897061
v -4.414249 3.786441 -4.821940
v -4.384799 4.044921 -4.374500
v -4.371355 4.188661 -4.012348
v 3.562419 0.589142 -1.501406
v 3.246200 0.515160 -1.498248
v 4.587353 0.909312 -1.540037
v -5.969288 3.678930 5.285608
v -5.691804 4.064968 5.286748
v -5.509460 4.230941 5.287168
v -1.342817 0.459216 -3.401898
v -1.317121 0.662092 -4.511154
v -1.323259 0.580128 -4.119698
v 4.400806 4.796171 5.290513
v 4.737595 4.612021 5.290612
v 5.049250 4.408952 5.290513
v -4.213538 1.732900 -3.968949
v -4.236132 1.773676 -4.056220
v -4.364791 2.186991 -4.798754
v -4.384799 4.044921 -4.374500
v -4.305711 4.142692 -4.273493
v -4.073549 4.374900 -3.981223
v -1.343267 5.435261 -3.966706
v -3.853211 4.768658 -2.372877
v -1.507783 5.618631 -2.304977
v -3.381918 4.759932 -3.574829
v -2.833537 4.887385 -3.788077
v -1.386543 5.345192 -4.408647
v -0.804845 5.019960 -4.820107
v -1.326114 5.213850 -4.991701
v -0.059620 5.201032 -3.988543
v -1.335848 5.405028 -4.133842
v -1.246913 5.445000 -3.958024
v 0.211232 5.358569 -2.659040
v 1.563401 5.406505 -3.969865
v 0.404232 5.385863 -2.301881
v 1.720746 5.368308 -4.072717
v -4.776936 1.774673 -2.507599
v -5.266125 2.014146 -1.451156
v -6.002740 2.128074 -3.083493
v -6.187174 2.085531 -2.194496
v -4.712798 1.682209 -2.242008
v 4.392488 0.594256 1.941006
v 5.776467 1.167958 2.675775
v 5.315201 0.928274 3.509309
v 5.813786 1.188390 2.739191
v 4.812389 0.737848 1.906970
v 5.765272 1.221149 1.086640
v 5.628970 1.192779 0.367329
v 4.850494 0.822321 0.305783
v 5.554602 1.192333 -0.085710
v 4.803824 0.822574 0.062846
v 4.825428 0.959950 -1.196502
v 5.463981 1.201548 -0.626739
v 4.823045 1.001880 -1.526289
v 5.199041 1.192412 -1.614192
v 4.962338 1.180469 -2.292208
v 4.743597 1.083844 -2.305461
v 4.587353 0.909312 -1.540037
v 4.301147 0.766472 -1.190854
v 4.254364 0.689553 -0.594746
v 4.381112 0.616612 1.069076
v 4.370546 0.609906 1.146340
v 5.320866 1.377287 -2.296717
v 3.562419 0.589142 -1.501406
v 3.746539 0.589308 -1.064419
v 3.285092 0.438539 -0.605546
v 3.338822 0.385155 0.259299
v 3.282530 0.316279 1.568637
v 3.522717 0.359425 1.934665
v 4.429424 0.595104 2.986426
v 3.331673 0.308498 2.814621
v 5.321338 0.931028 3.659698
v 4.788874 0.716961 3.794692
v 4.835342 0.741729 4.504218
v 4.588680 0.656164 4.465933
v 4.596346 0.680809 5.285496
v 5.588683 1.068578 5.292333
v 3.285879 0.300245 3.652452
v 3.397138 0.333450 4.467085
v 3.659897 0.398033 5.285186
v 2.946572 0.234263 2.783594
v 3.043578 0.253209 3.648885
v 3.154904 0.280198 2.079530
v 5.847126 1.205167 2.914848
v 5.985002 1.245191 4.010281
v 2.296892 0.156994 4.809295
v 2.286011 0.172399 5.287316
v 0.219932 0.000752 3.645207
v 0.233084 0.000699 2.956637
v 0.272561 0.011138 4.505915
v 0.344905 0.075669 5.344589
v 6.343890 0.734796 4.721541
v 6.446111 1.639841 2.795373
v 6.518029 1.754931 2.010801
v 6.358098 1.781238 0.202374
v 6.436400 1.755937 1.075765
v 6.516679 1.766542 1.856745
v 7.112271 1.236641 3.926466
v 5.183822 3.562197 -3.332128
v 6.028143 2.380163 -3.321042
v 5.598552 3.013080 -2.304222
v 4.824304 4.050455 -3.193084
v 4.825158 4.115091 -2.963895
v 5.734990 3.055439 -1.529918
v 5.001680 4.156322 -2.144642
v 4.850967 3.662048 -3.991144
v 5.034592 3.152650 -4.033430
v 5.567461 3.663211 -1.422272
v 4.804858 4.293688 -2.191188
v 4.967509 4.289806 -1.442944
v 5.726425 2.965274 -1.562641
v 6.164671 2.115738 -2.288319
v 6.278470 2.007406 -1.399965
v 6.105118 2.165904 -2.661939
v 5.564808 2.845096 -2.365743
v 6.033876 2.284220 -3.151690
v 6.321589 1.878266 -0.603973
v 5.554602 1.192333 -0.085710
v 5.628970 1.192779 0.367329
v 6.055682 2.949921 1.897062
v 5.913242 2.344466 2.753992
v 6.097115 2.963350 2.731945
v 5.931295 2.361278 3.391519
v 5.467488 1.821866 1.078911
v 5.991004 2.908350 1.056282
v 5.377046 1.801889 0.262173
v 5.917626 2.917250 0.172610
v 5.813786 1.188390 2.739191
v 6.066316 3.127068 1.956403
v 6.043722 3.166716 1.637490
v 5.987048 3.210527 0.981992
v 5.902632 3.296573 0.188601
v 5.846968 2.995323 -0.612135
v 5.834874 2.944466 -0.682896
v 5.847126 1.205167 2.914848
v 5.927877 2.373780 3.849091
v 6.091517 2.900997 2.814844
v 6.019938 2.582305 3.657061
v 6.105118 3.019313 2.856188
v 6.054806 2.965912 4.580206
v 6.058380 3.437743 3.757002
v 6.047814 3.318622 4.488972
v 5.985002 1.245191 4.010281
v 6.285911 3.040094 5.360753
v 5.337682 1.783887 5.280913
v 5.784359 2.442910 5.288432
v 5.930058 3.624856 1.939892
v 5.916322 3.569610 1.387481
v 5.886175 3.567057 1.010529
v 5.577375 3.825730 -0.504997
v 5.587177 4.139832 3.598091
v 5.765272 1.221149 1.086640
v 5.244610 1.702876 5.276021
v 4.786603 4.690925 3.203068
v 5.441994 4.264819 3.601720
v 4.743305 4.714513 3.608966
v 4.584993 4.739884 4.880998
v 4.811535 4.605805 4.962881
v 5.581467 4.138853 3.854034
v 5.837054 3.801923 4.445361
v 5.891908 3.593670 5.345927
v 5.049250 4.408952 5.290513
v 4.737595 4.612021 5.290612
v 4.541605 4.754022 4.958013
v 4.400806 4.796171 5.290513
v 6.465625 2.437026 -1.532024
v 1.720746 5.368308 -4.072717
v -0.896793 5.375538 -4.446846
v -1.246913 5.445000 -3.958024
v -1.335848 5.405028 -4.133842
v 5.321338 0.931028 3.659698
v 6.565643 0.817267 3.686662
v 6.343890 0.734796 4.721541
v 4.795191 1.800910 -4.726408
v 5.669143 2.268885 -3.997857
v 4.810591 2.797107 -4.429246
v -6.721797 2.381527 0.436702
v -5.660555 2.376316 -0.603676
v -6.617058 2.413753 -0.592293
v -5.885388 2.613167 0.279241
v -6.805067 2.408358 1.087234
v -5.892335 2.457204 1.137571
v -4.569886 1.471543 -1.372258
v -5.160576 1.776474 -0.334890
v -6.264127 1.719182 0.196032
v 6.105118 2.165904 -2.661939
v 5.320866 1.377287 -2.296717
v 5.199041 1.192412 -1.614192
v 6.164671 2.115738 -2.288319
v -6.546399 2.188198 -0.534674
v -6.264127 1.719182 0.196032
v -5.910253 1.372443 0.883684
v -5.337525 1.794737 1.087111
v -5.306141 1.783459 0.883685
v -5.892335 2.457204 1.137571
v -5.885388 2.613167 0.279241
v -5.660555 2.376316 -0.603676
v -5.323541 1.951557 -0.596814
v -5.217588 1.899214 -0.970484
v -5.606893 2.437927 -1.341466
v -5.266125 2.014146 -1.451156
v -5.893976 3.206243 -0.562307
v -5.687488 3.538014 -1.408325
v -5.790136 3.747727 0.195128
v -5.441545 2.375993 -2.139391
v -5.667839 3.549458 -1.499708
v -5.306006 2.379254 -2.800711
v -5.410768 3.548707 -2.829533
v -5.226333 3.548829 -3.453745
v -5.239035 2.419453 -3.147628
v -4.963215 2.448278 -3.980542
v -4.614668 3.551539 -4.793193
v -4.384799 4.044921 -4.374500
v -5.265990 2.190060 -2.336735
v -4.712798 1.682209 -2.242008
v -4.776936 1.774673 -2.507599
v -6.002740 2.128074 -3.083493
v -5.265990 2.190060 -2.336735
v -4.776936 1.774673 -2.507599
v 0.202667 5.560273 0.980060
v 0.211479 5.563657 1.080881
v 0.512209 5.558787 1.152385
v 0.949983 5.504599 0.251076
v -1.355002 5.524139 1.055118
v 0.134414 5.502527 -0.486195
v 0.202667 5.560273 0.980060
v -1.349449 5.482567 0.124430
v 0.134414 5.502527 -0.486195
v -1.349449 5.482567 0.124430
v 0.202667 5.560273 0.980060
v -1.355002 5.524139 1.055118
v 0.134414 5.502527 -0.486195
v 0.992157 5.462415 -0.650704
v 0.897534 5.501994 0.109926
v 0.096601 5.457414 -1.358806
v 0.202667 5.560273 0.980060
v 0.949983 5.504599 0.251076
v 0.211479 5.563657 1.080881
v 0.512209 5.558787 1.152385
v 0.198396 5.391756 -2.290956
v -1.349449 5.482567 0.124430
v -1.333757 5.430766 -0.908554
v -1.320066 5.350123 -2.078129
v 2.314247 5.347167 0.121618
v 1.763910 5.461847 0.945305
v 1.794147 5.493531 1.892541
v 0.621399 5.437804 -1.466204
v 0.404232 5.385863 -2.301881
v 0.211232 5.358569 -2.659040
v 0.837915 5.600717 2.765252
v 0.477093 5.589876 1.989907
v 1.772318 5.498628 1.966374
v 1.815797 5.523037 2.918118
v -1.344368 5.544020 1.523578
v -1.355002 5.524139 1.055118
v 0.202667 5.560273 0.980060
v 0.211479 5.563657 1.080881
v 0.477093 5.589876 1.989907
v 0.087227 5.600726 2.069115
v 0.512209 5.558787 1.152385
v 0.211479 5.563657 1.080881
v 0.087227 5.600726 2.069115
v 0.211479 5.563657 1.080881
v 0.477093 5.589876 1.989907
v -4.381225 1.750621 -3.648129
v -5.174109 2.335015 -3.168968
v -4.776936 1.774673 -2.507599
v -5.265990 2.190060 -2.336735
v -4.620738 2.549284 -4.826313
v -4.485267 2.360851 -4.845573
v -4.963215 2.448278 -3.980542
v -4.515706 2.367836 -4.801715
v -4.620738 2.549284 -4.826313
v -4.963215 2.448278 -3.980542
v -4.485267 2.360851 -4.845573
v -4.515706 2.367836 -4.801715
v -4.963215 2.448278 -3.980542
v -5.239035 2.419453 -3.147628
v -5.174109 2.335015 -3.168968
v 4.825158 4.115091 -2.963895
v 5.001680 4.156322 -2.144642
v 4.804858 4.293688 -2.191188
v 4.811625 4.255447 -2.375701
v 4.825158 4.115091 -2.963895
v 4.804858 4.293688 -2.191188
v 4.771676 4.104171 -3.160434
v 4.825158 4.115091 -2.963895
v 4.760255 4.154092 -3.008521
v 4.967509 4.289806 -1.442944
v 5.567461 3.663211 -1.422272
v 5.577375 3.825730 -0.504997
v 5.087827 4.293907 -0.599316
v 3.442729 4.759015 -3.369818
v 3.922948 4.612066 -3.139229
v 3.443112 4.910064 -2.305572
v 3.098162 4.914837 -3.085722
v 4.283252 4.535662 -2.588131
v 3.137437 4.761052 -3.902473
v 3.731454 3.844528 -5.176982
v 4.481872 4.055238 -3.982350
v 4.193395 4.169235 -4.241252
v 3.291769 4.247509 -5.176177
v 1.765731 4.754014 -5.176895
v 2.822971 4.832830 -4.020387
v 1.532198 5.091721 -4.018554
v 1.424918 4.772872 -5.177168
v 0.456726 4.141345 -5.177639
v 1.807344 3.910326 -5.177601
v 1.592537 4.639177 -5.177329
v 1.854531 4.586773 -5.177217
v 3.222640 0.593942 -2.213508
v 3.231992 0.614890 -2.360801
v 4.743597 1.083844 -2.305461
v 4.587353 0.909312 -1.540037
v 4.487807 1.133179 -3.166826
v 4.790965 1.479980 -3.946208
v 4.743597 1.083844 -2.305461
v 4.797979 1.200892 -2.823390
v 5.463981 1.201548 -0.626739
v 5.199041 1.192412 -1.614192
v 6.278470 2.007406 -1.399965
v 6.164671 2.115738 -2.288319
v 5.554602 1.192333 -0.085710
v 6.321589 1.878266 -0.603973
v -2.795792 5.749414 2.880329
v -3.189593 5.680163 2.801963
v -2.950709 5.749126 3.655253
v -2.669718 5.793189 3.613834
v -1.344368 5.544020 1.523578
v -2.889380 5.652649 1.079395
v -3.079727 5.665361 2.005315
v -1.905968 5.820607 1.950520
v -6.640933 4.134954 1.985398
v -7.052696 2.983179 2.024810
v -7.094825 3.558043 3.254209
v -6.970618 2.999161 1.172710
v -6.553998 4.155316 1.327397
v -6.866485 2.990208 0.296593
v -6.554695 4.121569 1.054016
v -6.882874 3.972032 3.543730
v -7.029091 3.749196 3.790172
v -7.120004 3.540715 3.649431
v -6.966728 2.395996 3.670796
v -6.923294 2.378607 2.838984
v -7.290793 1.793128 4.353457
v -6.921272 2.228204 2.777699
v -6.841599 2.195926 1.938282
v -7.049301 2.848234 1.954594
v -6.777662 2.216996 1.144482
v -6.805067 2.408358 1.087234
v -6.173776 3.559547 4.486544
v -6.251245 2.937393 4.470058
v -7.174948 1.752614 5.301115
v -7.296862 1.177811 4.739662
v -7.289354 1.593338 4.465822
v -7.213054 1.163516 5.302663
v -7.289354 1.593338 4.465822
v -7.297313 1.548732 4.418025
v -7.296862 1.177811 4.739662
v -7.296862 1.177811 4.739662
v -7.356100 0.957082 4.394678
v -7.297313 1.548732 4.418025
v -0.060024 0.002501 2.700460
v -1.289672 0.068115 1.699097
v 0.259679 0.039456 1.162689
v 0.246235 0.013132 2.021638
v -1.483729 0.062607 2.840668
v -0.385843 0.004940 3.478777
v 0.048919 0.000000 3.645207
v -1.615288 0.071962 3.659698
v -1.483729 0.062607 2.840668
v 0.048919 0.000000 3.645207
v 0.048919 0.000000 3.645207
v -0.385843 0.004940 3.478777
v 0.219932 0.000752 3.645207
v 0.233084 0.000699 2.956637
v -1.117040 0.044326 4.463431
v 0.272561 0.011138 4.505915
v 3.043578 0.253209 3.648885
v 2.296892 0.156994 4.809295
v 0.233084 0.000699 2.956637
v 0.246235 0.013132 2.021638
v 2.946572 0.234263 2.783594
v 3.154904 0.280198 2.079530
v -1.349224 0.066472 1.917671
v -1.372672 0.112485 0.699271
v -1.159462 0.081186 1.074464
v -1.289672 0.068115 1.699097
v -2.835291 0.493312 -2.041270
v -1.189271 0.244003 -1.484016
v -1.457403 0.199423 -0.645652
v -1.239337 0.183267 -0.637292
v -4.318412 0.594807 1.618465
v -4.465079 0.711681 0.262854
v -4.350853 0.660964 0.455665
v -5.263360 0.988180 1.087544
v 1.686508 0.279945 -1.493454
v 0.188684 0.324542 -2.745780
v 1.711866 0.365510 -2.329961
v -1.189271 0.244003 -1.484016
v 0.236501 0.085514 0.236942
v 0.226519 0.090733 0.145175
v 2.392009 0.223457 0.296593
v 3.162166 0.413543 -0.607181
v -1.124054 0.122487 0.202373
v -1.159462 0.081186 1.074464
v -0.562836 0.947579 -5.655326
v 0.454680 1.760134 -5.658014
v 0.601459 0.913535 -5.623246
v 3.232284 1.346740 -5.532198
v 0.053842 1.709574 -5.658026
v 2.192265 0.929875 -5.055440
v 0.601459 0.913535 -5.623246
v 3.232284 1.346740 -5.532198
v 0.053842 1.709574 -5.658026
v -2.793364 1.216018 -5.628832
v -1.354934 2.337000 -5.658113
v -0.858822 2.364759 -5.658199
v -1.317121 0.662092 -4.511154
v -1.540426 0.983626 -5.620856
v -0.562836 0.947579 -5.655326
v 0.125489 0.602064 -4.500069
v 0.202667 4.142150 -5.177589
v -1.346819 4.147501 -5.658100
v 0.160740 4.365178 -5.658112
v -4.375987 0.592883 5.318690
v -5.724582 1.176176 5.319508
v -3.422024 0.348435 5.301969
v -4.614668 3.551539 -4.793193
v -4.591085 3.554267 -4.830078
v -4.414249 3.786441 -4.821940
v -4.384799 4.044921 -4.374500
v -4.963215 2.448278 -3.980542
v -4.620738 2.549284 -4.826313
v -4.739640 4.142552 -3.258283
v -4.384776 4.393461 -3.172288
v -4.727029 4.219689 -2.970088
v -4.846178 4.131230 -2.970274
v -3.381918 4.759932 -3.574829
v -3.147575 4.756462 -3.997337
v -2.833537 4.887385 -3.788077
v -1.386543 5.345192 -4.408647
v -4.371355 4.188661 -4.012348
v -4.073549 4.374900 -3.981223
v -4.384776 4.393461 -3.172288
v -4.414249 3.786441 -4.821940
v -3.837744 4.157458 -4.989695
v -4.384799 4.044921 -4.374500
v 1.388094 5.932322 3.757548
v 1.750174 5.544116 3.675107
v 1.878271 5.524086 4.446823
v 1.428807 5.932680 4.486210
v 1.750174 5.544116 3.675107
v 0.837915 5.600717 2.765252
v 1.815797 5.523037 2.918118
v 1.388094 5.932322 3.757548
v -3.020288 5.754800 4.750983
v -2.950709 5.749126 3.655253
v -4.660147 5.365160 4.456992
v -6.819275 3.086143 -0.337391
v -6.617058 2.413753 -0.592293
v -6.866485 2.990208 0.296593
v -6.721797 2.381527 0.436702
v 5.301712 5.124847 5.225289
v 4.541605 4.754022 4.958013
v 4.672444 5.373378 5.282536
v -3.453251 0.762310 5.338743
v -1.440520 0.087812 5.289657
v -3.422024 0.348435 5.301969
v 4.392488 0.594256 1.941006
v 3.270862 0.740654 2.752790
v 3.270435 0.750997 3.572724
v -5.871091 2.377575 5.297659
v -5.752121 2.193661 5.297758
v -6.110649 2.950559 5.290513
v -5.893976 3.206243 -0.562307
v -5.687488 3.538014 -1.408325
v -6.819275 3.086143 -0.337391
vt 0.533906 0.757313
vt 0.513294 0.746344
vt 0.494123 0.757313
vt 0.908228 0.143967
vt 0.921790 0.143967
vt 0.919602 0.123857
vt 0.821429 0.978519
vt 0.799729 0.969976
vt 0.821429 0.961152
vt 0.447107 0.813071
vt 0.443696 0.807587
vt 0.420886 0.813071
vt 0.891953 0.305759
vt 0.891953 0.358775
vt 0.891049 0.333301
vt 0.587251 0.904479
vt 0.569774 0.897166
vt 0.542043 0.904479
vt 0.818931 0.762797
vt 0.816004 0.764625
vt 0.843128 0.764625
vt 0.941682 0.809176
vt 0.947036 0.727513
vt 0.967902 0.812157
vt 0.967902 0.727148
vt 0.618897 0.673759
vt 0.619801 0.633912
vt 0.619801 0.675960
vt 0.350043 0.968464
vt 0.301537 0.974863
vt 0.395570 0.974863
vt 0.966094 0.034683
vt 0.976797 0.006890
vt 0.999548 0.047075
vt 0.999548 0.004113
vt 0.035714 0.500457
vt 0.033906 0.499853
vt 0.035714 0.453839
vt 0.212929 0.767367
vt 0.212929 0.831353
vt 0.187613 0.773426
vt 0.091772 0.027879
vt 0.140946 0.027879
vt 0.152351 0.018041
vt 0.097167 0.010512
vt 0.045660 0.840494
vt 0.070976 0.840494
vt 0.048108 0.800850
vt 0.050366 0.800274
vt 0.485081 0.015996
vt 0.468810 0.007770
vt 0.435353 0.015996
vt 0.814195 0.018739
vt 0.787030 0.016910
vt 0.776221 0.018739
vt 0.067360 0.217093
vt 0.043381 0.204237
vt 0.067360 0.168316
vt 0.042043 0.165905
vt 0.844937 0.178702
vt 0.854882 0.178702
vt 0.844973 0.130256
vt 0.980561 0.183272
vt 0.980561 0.247258
vt 0.977848 0.205233
vt 0.313291 0.191100
vt 0.321429 0.158592
vt 0.321429 0.238117
vt 0.823237 0.992230
vt 0.881103 0.992230
vt 0.850476 0.958409
vt 0.379475 0.516655
vt 0.384720 0.424589
vt 0.384720 0.516910
vt 0.360307 0.431881
vt 0.477848 0.432815
vt 0.476944 0.418864
vt 0.477848 0.391682
vt 0.921790 0.528793
vt 0.921790 0.610146
vt 0.914557 0.566843
vt 0.780955 0.519653
vt 0.771700 0.526051
vt 0.813291 0.526051
vt 0.224684 0.451097
vt 0.218594 0.449269
vt 0.183092 0.451097
vt 0.022445 0.842544
vt 0.041139 0.843236
vt 0.040290 0.827724
vt 0.023329 0.823126
vt 0.005075 0.843236
vt 0.004973 0.833710
vt 0.599001 0.988574
vt 0.603526 0.971197
vt 0.560442 0.970293
vt 0.530289 0.988574
vt 0.051989 0.708867
vt 0.101138 0.708867
vt 0.101718 0.691499
vt 0.055368 0.703165
vt 0.343128 0.302102
vt 0.329566 0.263310
vt 0.343128 0.253656
vt 0.114929 0.378885
vt 0.111664 0.395338
vt 0.138788 0.395338
vt 0.447107 0.404287
vt 0.465190 0.373400
vt 0.465190 0.441042
vt 0.447674 0.423077
vt 0.694846 0.846892
vt 0.694846 0.866088
vt 0.692110 0.866077
vt 0.684901 0.850677
vt 0.007685 0.750914
vt 0.005877 0.747248
vt 0.007685 0.708867
vt 0.971519 0.646816
vt 0.976944 0.601005
vt 0.976944 0.651280
vt 0.979656 0.671389
vt 0.977848 0.635779
vt 0.979656 0.601005
vt 0.390145 0.773766
vt 0.415461 0.773766
vt 0.405073 0.770110
vt 0.635466 0.599177
vt 0.610759 0.611974
vt 0.665913 0.611974
vt 0.119801 0.877971
vt 0.102455 0.848430
vt 0.051989 0.877971
vt 0.055317 0.841408
vt 0.578498 0.751828
vt 0.514014 0.788391
vt 0.581826 0.788391
vt 0.531361 0.758851
vt 0.835422 0.918190
vt 0.797509 0.919702
vt 0.796112 0.944698
vt 0.843128 0.944698
vt 0.745479 0.677788
vt 0.720754 0.676376
vt 0.745479 0.630256
vt 0.719259 0.638049
vt 0.480561 0.857861
vt 0.480561 0.894424
vt 0.453436 0.871422
vt 0.573689 0.433029
vt 0.574593 0.425503
vt 0.574593 0.452925
vt 0.455244 0.717093
vt 0.422032 0.695155
vt 0.381103 0.717093
vt 0.712929 0.072669
vt 0.662825 0.062256
vt 0.710431 0.061700
vt 0.657776 0.072669
vt 0.177667 0.377971
vt 0.142187 0.377971
vt 0.149723 0.350548
vt 0.137884 0.353556
vt 0.737546 0.252739
vt 0.735055 0.238723
vt 0.756643 0.237369
vt 0.714085 0.256978
vt 0.706071 0.237309
vt 0.689160 0.260515
vt 0.766572 0.281993
vt 0.766687 0.239546
vt 0.787071 0.281322
vt 0.786948 0.208370
vt 0.761975 0.198882
vt 0.745968 0.190837
vt 0.689787 0.191226
vt 0.714181 0.149034
vt 0.738516 0.153139
vt 0.762626 0.158738
vt 0.685805 0.190427
vt 0.687335 0.148925
vt 0.734421 0.191691
vt 0.787071 0.148455
vt 0.762566 0.138489
vt 0.738542 0.103748
vt 0.688449 0.236912
vt 0.165913 0.949269
vt 0.092676 0.977605
vt 0.101576 0.951389
vt 0.165439 0.977605
vt 0.440178 0.937401
vt 0.364828 0.893934
vt 0.439256 0.914793
vt 0.370166 0.867545
vt 0.438650 0.890064
vt 0.383712 0.841408
vt 0.444394 0.862902
vt 0.394092 0.927276
vt 0.394353 0.944043
vt 0.444191 0.950985
vt 0.395001 0.969378
vt 0.444394 0.968544
vt 0.130959 0.624626
vt 0.101559 0.634813
vt 0.115876 0.621414
vt 0.085938 0.633223
vt 0.088024 0.618249
vt 0.065035 0.620231
vt 0.064883 0.613072
vt 0.040576 0.608902
vt 0.048802 0.704296
vt 0.037840 0.630937
vt 0.028481 0.700457
vt 0.082047 0.679949
vt 0.104798 0.687724
vt 0.129116 0.695011
vt 0.133333 0.671770
vt 0.142959 0.626298
vt 0.144792 0.672069
vt 0.191419 0.629297
vt 0.179106 0.678402
vt 0.200989 0.675005
vt 0.219094 0.618277
vt 0.240074 0.638323
vt 0.148880 0.580055
vt 0.184901 0.586270
vt 0.217914 0.591155
vt 0.174689 0.578154
vt 0.200683 0.581089
vt 0.156207 0.704296
vt 0.214093 0.672449
vt 0.224380 0.595047
vt 0.255425 0.602463
vt 0.177078 0.084825
vt 0.148984 0.128992
vt 0.151381 0.083054
vt 0.104266 0.079791
vt 0.123598 0.126233
vt 0.098314 0.121352
vt 0.079033 0.089519
vt 0.076000 0.089055
vt 0.061230 0.122118
vt 0.046463 0.116343
vt 0.049313 0.119613
vt 0.152327 0.082090
vt 0.128121 0.072246
vt 0.171741 0.078531
vt 0.079072 0.064701
vt 0.204561 0.063796
vt 0.176427 0.110462
vt 0.229083 0.063974
vt 0.158747 0.053125
vt 0.135876 0.034082
vt 0.193084 0.044464
vt 0.107784 0.032260
vt 0.105638 0.031406
vt 0.079419 0.063184
vt 0.077369 0.030051
vt 0.206252 0.040863
vt 0.231910 0.040254
vt 0.185537 0.015723
vt 0.163332 0.010492
vt 0.210802 0.007273
vt 0.251422 0.087714
vt 0.202650 0.092906
vt 0.227418 0.095758
vt 0.202132 0.114492
vt 0.233641 0.123914
vt 0.251629 0.000457
vt 0.275729 0.092026
vt 0.049674 0.062041
vt 0.055137 0.026055
vt 0.031976 0.027998
vt 0.022073 0.069965
vt 0.003694 0.066436
vt 0.005079 0.049336
vt 0.007853 0.015270
vt 0.009921 0.110076
vt 0.000452 0.104823
vt 0.012084 0.111640
vt 0.174927 0.121547
vt 0.161086 0.118186
vt 0.220763 0.140435
vt 0.198138 0.143227
vt 0.172822 0.144535
vt 0.147974 0.138116
vt 0.122789 0.138912
vt 0.072366 0.150910
vt 0.055273 0.122535
vt 0.226340 0.141575
vt 0.244122 0.145014
vt 0.245576 0.142752
vt 0.250804 0.114079
vt 0.250229 0.144049
vt 0.275729 0.138293
vt 0.283986 0.129308
vt 0.276890 0.096451
vt 0.279358 0.095864
vt 0.280238 0.082647
vt 0.258874 0.099441
vt 0.319402 0.056337
vt 0.251219 0.146339
vt 0.321429 0.061709
vt 0.315550 0.106148
vt 0.123160 0.174132
vt 0.168832 0.164744
vt 0.111906 0.174009
vt 0.095516 0.172104
vt 0.276513 0.154651
vt 0.034051 0.009787
vt 0.284099 0.155526
vt 0.047469 0.150535
vt 0.047640 0.144764
vt 0.316639 0.125847
vt 0.315607 0.141531
vt 0.280696 0.170588
vt 0.310415 0.174132
vt 0.015939 0.857417
vt 0.031685 0.943199
vt 0.051085 0.915442
vt 0.051085 0.959324
vt 0.033332 0.955281
vt 0.050093 0.900477
vt 0.008590 0.924829
vt 0.017844 0.854078
vt 0.050057 0.845064
vt 0.009350 0.895307
vt 0.163395 0.767076
vt 0.166753 0.789362
vt 0.121158 0.766587
vt 0.178571 0.792069
vt 0.171969 0.766269
vt 0.176367 0.733658
vt 0.132170 0.734945
vt 0.131612 0.713108
vt 0.172429 0.715382
vt 0.139625 0.816437
vt 0.174753 0.815760
vt 0.168461 0.843236
vt 0.083583 0.792823
vt 0.083910 0.738058
vt 0.125072 0.712472
vt 0.040235 0.711609
vt 0.122340 0.830834
vt 0.080236 0.813854
vt 0.076089 0.843236
vt 0.041501 0.738799
vt 0.042323 0.760772
vt 0.058093 0.792595
vt 0.068546 0.816074
vt 0.339544 0.664962
vt 0.363036 0.662226
vt 0.363297 0.672215
vt 0.409497 0.673058
vt 0.394089 0.686053
vt 0.436301 0.674071
vt 0.426251 0.687242
vt 0.414672 0.668531
vt 0.442442 0.674288
vt 0.437553 0.668193
vt 0.460625 0.688537
vt 0.464505 0.675239
vt 0.484489 0.689457
vt 0.487534 0.676515
vt 0.489168 0.689704
vt 0.387598 0.652735
vt 0.465548 0.654221
vt 0.489602 0.670907
vt 0.414614 0.638276
vt 0.390263 0.632345
vt 0.463782 0.644063
vt 0.467498 0.644892
vt 0.366737 0.628833
vt 0.359827 0.628242
vt 0.334840 0.627154
vt 0.311825 0.663978
vt 0.298612 0.629434
vt 0.287199 0.661415
vt 0.290144 0.671962
vt 0.284076 0.640231
vt 0.299544 0.612220
vt 0.312456 0.671523
vt 0.341830 0.671198
vt 0.261509 0.678970
vt 0.283594 0.649185
vt 0.259627 0.657038
vt 0.259857 0.613329
vt 0.360291 0.692413
vt 0.335656 0.684101
vt 0.259729 0.640715
vt 0.256941 0.620141
vt 0.260146 0.674636
vt 0.309386 0.683100
vt 0.385812 0.690109
vt 0.268799 0.692413
vt 0.339038 0.620981
vt 0.462860 0.639713
vt 0.439411 0.634499
vt 0.489370 0.643547
vt 0.415279 0.629811
vt 0.389346 0.628315
vt 0.366023 0.627813
vt 0.361502 0.627174
vt 0.256329 0.610811
vt 0.271869 0.589122
vt 0.428490 0.601532
vt 0.391382 0.602357
vt 0.303140 0.590662
vt 0.315759 0.254570
vt 0.320524 0.349634
vt 0.320524 0.258217
vt 0.288879 0.294609
vt 0.845656 0.890391
vt 0.852170 0.853924
vt 0.817117 0.880835
vt 0.811563 0.883348
vt 0.812370 0.885740
vt 0.762637 0.882435
vt 0.762558 0.899629
vt 0.737752 0.887307
vt 0.788350 0.894561
vt 0.719997 0.896171
vt 0.739666 0.910602
vt 0.695750 0.904279
vt 0.712875 0.910584
vt 0.801743 0.839580
vt 0.753559 0.844333
vt 0.778385 0.842190
vt 0.699217 0.846361
vt 0.703735 0.844639
vt 0.852170 0.909514
vt 0.790008 0.917276
vt 0.817011 0.907982
vt 0.509333 0.258921
vt 0.503485 0.208327
vt 0.483991 0.209513
vt 0.551989 0.211670
vt 0.506680 0.257983
vt 0.497765 0.263711
vt 0.538987 0.209548
vt 0.474341 0.259390
vt 0.377052 0.111257
vt 0.422855 0.067656
vt 0.403504 0.023498
vt 0.409075 0.021365
vt 0.452855 0.069380
vt 0.453515 0.033986
vt 0.430254 0.021848
vt 0.427820 0.069283
vt 0.479694 0.069435
vt 0.478134 0.044517
vt 0.403613 0.019722
vt 0.463747 0.115585
vt 0.479076 0.115137
vt 0.503281 0.077005
vt 0.501922 0.116195
vt 0.456087 0.023103
vt 0.480317 0.022608
vt 0.418143 0.005941
vt 0.430893 0.012083
vt 0.375995 0.046523
vt 0.377877 0.017676
vt 0.338865 0.018637
vt 0.350761 0.036838
vt 0.348783 0.110248
vt 0.323237 0.110112
vt 0.376305 0.111481
vt 0.323549 0.022249
vt 0.328151 0.011038
vt 0.350662 0.152965
vt 0.332034 0.156535
vt 0.482524 0.162124
vt 0.450239 0.195724
vt 0.504138 0.162028
vt 0.527153 0.075089
vt 0.516437 0.118782
vt 0.425234 0.156105
vt 0.515986 0.162117
vt 0.523452 0.023774
vt 0.535851 0.056665
vt 0.441338 0.206280
vt 0.497381 0.178844
vt 0.473506 0.205441
vt 0.551989 0.140012
vt 0.551449 0.104966
vt 0.448559 0.229680
vt 0.535251 0.022761
vt 0.549984 0.169814
vt 0.452404 0.254405
vt 0.429912 0.253100
vt 0.434291 0.224538
vt 0.400255 0.240004
vt 0.400759 0.235464
vt 0.375534 0.204352
vt 0.401134 0.163476
vt 0.394362 0.160451
vt 0.351468 0.204446
vt 0.361551 0.159664
vt 0.376394 0.152704
vt 0.325190 0.203224
vt 0.325700 0.157939
vt 0.423646 0.226231
vt 0.324976 0.161934
vt 0.387774 0.244097
vt 0.366854 0.250081
vt 0.332621 0.248055
vt 0.421563 0.256375
vt 0.397062 0.253206
vt 0.372492 0.253860
vt 0.929790 0.695032
vt 0.957216 0.701191
vt 0.949385 0.609232
vt 0.968807 0.619793
vt 0.904611 0.689297
vt 0.919279 0.617195
vt 0.968807 0.722578
vt 0.947890 0.708228
vt 0.784948 0.415448
vt 0.825851 0.442040
vt 0.784997 0.442971
vt 0.826854 0.470532
vt 0.826767 0.426391
vt 0.789056 0.467942
vt 0.825169 0.494581
vt 0.794593 0.492690
vt 0.784043 0.517703
vt 0.824667 0.519653
vt 0.774120 0.492527
vt 0.738954 0.467728
vt 0.734730 0.518633
vt 0.732380 0.494026
vt 0.730514 0.519653
vt 0.672242 0.503664
vt 0.672670 0.518253
vt 0.040472 0.151536
vt 0.001937 0.196722
vt 0.041139 0.176982
vt 0.000452 0.164384
vt 0.041139 0.127514
vt 0.038140 0.227449
vt 0.032612 0.232633
vt 0.635072 0.817922
vt 0.636351 0.780132
vt 0.662511 0.788907
vt 0.584539 0.784085
vt 0.590961 0.836704
vt 0.715666 0.795564
vt 0.741315 0.798665
vt 0.764467 0.839340
vt 0.737744 0.841408
vt 0.708372 0.792627
vt 0.711809 0.836245
vt 0.683057 0.788230
vt 0.661599 0.815862
vt 0.758874 0.783745
vt 0.716833 0.779051
vt 0.690111 0.776867
vt 0.639109 0.841408
vt 0.725787 0.777478
vt 0.665610 0.766784
vt 0.638085 0.762797
vt 0.594141 0.765240
vt 0.580145 0.632084
vt 0.608528 0.675046
vt 0.554702 0.675046
vt 0.611664 0.667604
vt 0.561531 0.640369
vt 0.681682 0.087247
vt 0.656934 0.084393
vt 0.674966 0.173005
vt 0.640949 0.128756
vt 0.631627 0.146436
vt 0.649239 0.164156
vt 0.628369 0.126288
vt 0.625642 0.130686
vt 0.623069 0.126501
vt 0.661006 0.040758
vt 0.665365 0.041588
vt 0.637132 0.036569
vt 0.594147 0.031536
vt 0.598091 0.188388
vt 0.618308 0.217650
vt 0.664061 0.183811
vt 0.654788 0.241865
vt 0.686709 0.261883
vt 0.586393 0.126478
vt 0.581501 0.169666
vt 0.582103 0.081603
vt 0.639890 0.244867
vt 0.552893 0.106659
vt 0.575163 0.061095
vt 0.686709 0.043437
vt 0.968807 0.434111
vt 0.932640 0.468160
vt 0.950579 0.512221
vt 0.950642 0.410878
vt 0.957935 0.415965
vt 0.968807 0.512340
vt 0.284947 0.824567
vt 0.292065 0.778336
vt 0.323121 0.821908
vt 0.273905 0.826323
vt 0.243908 0.783579
vt 0.248587 0.830222
vt 0.217450 0.786121
vt 0.318280 0.786693
vt 0.321280 0.786605
vt 0.330304 0.817505
vt 0.350862 0.816928
vt 0.219218 0.851463
vt 0.345284 0.851463
vt 0.355921 0.801137
vt 0.399186 0.817492
vt 0.395347 0.836304
vt 0.866612 0.381906
vt 0.884720 0.383455
vt 0.884720 0.298446
vt 0.855787 0.315355
vt 0.076195 0.285649
vt 0.076401 0.333749
vt 0.033024 0.331094
vt 0.031193 0.345978
vt 0.072474 0.345978
vt 0.045233 0.305968
vt 0.314195 0.856236
vt 0.339512 0.842322
vt 0.339512 0.921846
vt 0.651447 0.970293
vt 0.680279 0.993777
vt 0.710217 0.997715
vt 0.679021 0.971150
vt 0.659079 0.997715
vt 0.403615 0.149452
vt 0.380962 0.126755
vt 0.400284 0.130517
vt 0.427215 0.131354
vt 0.423644 0.149452
vt 0.372061 0.147153
vt 0.424410 0.096435
vt 0.932925 0.284167
vt 0.941691 0.265943
vt 0.894665 0.295257
vt 0.897816 0.279139
vt 0.919990 0.303656
vt 0.895873 0.312937
vt 0.907425 0.321982
vt 0.933381 0.318905
vt 0.961010 0.340477
vt 0.919867 0.337883
vt 0.957503 0.249297
vt 0.898827 0.258318
vt 0.898839 0.249045
vt 0.934375 0.242278
vt 0.962489 0.227759
vt 0.968807 0.242805
vt 0.896466 0.317383
vt 0.899747 0.332394
vt 0.918348 0.345215
vt 0.968807 0.351463
vt 0.953736 0.214351
vt 0.909772 0.224757
vt 0.727451 0.341135
vt 0.715616 0.345426
vt 0.720498 0.364309
vt 0.713189 0.364953
vt 0.724396 0.316035
vt 0.707906 0.392802
vt 0.715779 0.396206
vt 0.707849 0.417620
vt 0.739944 0.374395
vt 0.714032 0.416766
vt 0.735724 0.394892
vt 0.732512 0.422503
vt 0.728467 0.449268
vt 0.738844 0.348794
vt 0.741280 0.316130
vt 0.742075 0.290737
vt 0.742767 0.291153
vt 0.713492 0.315085
vt 0.716190 0.288349
vt 0.713576 0.284639
vt 0.725252 0.274680
vt 0.694527 0.357361
vt 0.693265 0.382657
vt 0.701411 0.330228
vt 0.672976 0.401677
vt 0.679290 0.435666
vt 0.724426 0.446584
vt 0.742767 0.491316
vt 0.705862 0.473712
vt 0.671196 0.301335
vt 0.658680 0.324593
vt 0.662283 0.451623
vt 0.531012 0.546161
vt 0.530289 0.567185
vt 0.588156 0.567185
vt 0.574534 0.555156
vt 0.605682 0.918190
vt 0.634945 0.929145
vt 0.588853 0.965691
vt 0.577548 0.966636
vt 0.562839 0.964334
vt 0.630919 0.962837
vt 0.655007 0.933080
vt 0.640083 0.962541
vt 0.682201 0.923886
vt 0.665999 0.961574
vt 0.691230 0.966636
vt 0.590435 0.221277
vt 0.547468 0.234695
vt 0.570466 0.199726
vt 0.555872 0.246344
vt 0.594485 0.246344
vt 0.591762 0.205717
vt 0.803568 0.089960
vt 0.803102 0.069804
vt 0.801530 0.078981
vt 0.811940 0.102143
vt 0.849458 0.058496
vt 0.799932 0.051766
vt 0.845517 0.042967
vt 0.794138 0.053754
vt 0.809728 0.125414
vt 0.794629 0.029153
vt 0.800709 0.027625
vt 0.781538 0.030440
vt 0.778320 0.054181
vt 0.777241 0.053496
vt 0.776909 0.030372
vt 0.828509 0.018739
vt 0.764467 0.083204
vt 0.772015 0.090016
vt 0.836212 0.100343
vt 0.833649 0.125182
vt 0.849458 0.121963
vt 0.787368 0.134555
vt 0.792040 0.153248
vt 0.812587 0.134023
vt 0.840968 0.148061
vt 0.840719 0.151672
vt 0.815428 0.164279
vt 0.821061 0.184186
vt 0.792890 0.161763
vt 0.778029 0.447013
vt 0.778029 0.411792
vt 0.735205 0.435614
vt 0.736220 0.419393
vt 0.763380 0.465722
vt 0.732821 0.451802
vt 0.488698 0.378885
vt 0.485257 0.379291
vt 0.488698 0.404479
vt 0.484177 0.389951
vt 0.393761 0.592779
vt 0.373878 0.563528
vt 0.369527 0.591497
vt 0.318716 0.592779
vt 0.870201 0.660081
vt 0.900995 0.682124
vt 0.900995 0.636654
vt 0.861212 0.694241
vt 0.978752 0.430987
vt 0.955244 0.396414
vt 0.978752 0.371572
vt 0.962477 0.931625
vt 0.872890 0.903565
vt 0.923252 0.904715
vt 0.856449 0.923413
vt 0.850123 0.924612
vt 0.849458 0.923134
vt 0.873924 0.963894
vt 0.906507 0.958263
vt 0.929398 0.936340
vt 0.910366 0.958461
vt 0.947855 0.963894
vt 0.809675 0.993144
vt 0.748192 0.978813
vt 0.796057 0.968464
vt 0.761112 0.993144
vt 0.222397 0.443340
vt 0.220104 0.430480
vt 0.245576 0.419744
vt 0.196822 0.430662
vt 0.219333 0.443774
vt 0.254801 0.466636
vt 0.301448 0.448655
vt 0.051330 0.356999
vt 0.035351 0.354970
vt 0.077513 0.358604
vt 0.090375 0.422126
vt 0.062956 0.420641
vt 0.008590 0.401967
vt 0.103922 0.364932
vt 0.035003 0.411973
vt 0.101624 0.395293
vt 0.096520 0.445009
vt 0.136725 0.402245
vt 0.121823 0.442728
vt 0.075785 0.443413
vt 0.159062 0.382583
vt 0.145372 0.433758
vt 0.170519 0.430680
vt 0.186911 0.379456
vt 0.188924 0.378519
vt 0.216875 0.375101
vt 0.238939 0.370572
vt 0.261677 0.370927
vt 0.182660 0.340792
vt 0.158983 0.346386
vt 0.206419 0.347492
vt 0.302441 0.440429
vt 0.290781 0.388603
vt 0.239754 0.354879
vt 0.207848 0.326782
vt 0.260851 0.353024
vt 0.287355 0.354850
vt 0.122424 0.466636
vt 0.802790 0.619036
vt 0.847649 0.650373
vt 0.830748 0.624488
vt 0.802441 0.643606
vt 0.802553 0.648423
vt 0.847649 0.675960
vt 0.837239 0.597078
vt 0.804612 0.583638
vt 0.654159 0.996801
vt 0.606239 0.996801
vt 0.617975 0.969908
vt 0.627843 0.968464
vt 0.391980 0.545916
vt 0.432640 0.594607
vt 0.415112 0.544877
vt 0.432640 0.525367
vt 0.391049 0.544167
vt 0.397728 0.484918
vt 0.398987 0.592532
vt 0.620951 0.615242
vt 0.666478 0.634450
vt 0.669533 0.653661
vt 0.626703 0.643066
vt 0.666670 0.685584
vt 0.630065 0.667011
vt 0.622968 0.692755
vt 0.667465 0.692025
vt 0.625351 0.725654
vt 0.675385 0.716262
vt 0.677000 0.699953
vt 0.683092 0.614717
vt 0.677575 0.716452
vt 0.620474 0.743601
vt 0.676174 0.741772
vt 0.581433 0.721741
vt 0.614486 0.691600
vt 0.579897 0.743552
vt 0.576498 0.742214
vt 0.574095 0.701791
vt 0.530393 0.693316
vt 0.532716 0.717902
vt 0.568670 0.743523
vt 0.525186 0.692994
vt 0.526910 0.717765
vt 0.496273 0.743069
vt 0.544120 0.682159
vt 0.527597 0.670227
vt 0.572332 0.690717
vt 0.493534 0.697125
vt 0.492537 0.718993
vt 0.574545 0.743536
vt 0.521118 0.641356
vt 0.532642 0.643912
vt 0.481465 0.743601
vt 0.377091 0.939374
vt 0.345206 0.932775
vt 0.332507 0.967550
vt 0.383284 0.933554
vt 0.364466 0.951633
vt 0.319620 0.930073
vt 0.344962 0.931449
vt 0.391049 0.967550
vt 0.554702 0.170245
vt 0.560933 0.141474
vt 0.574593 0.192413
vt 0.574593 0.105576
vt 0.201524 0.299812
vt 0.207553 0.294076
vt 0.245175 0.321523
vt 0.232972 0.332205
vt 0.241656 0.325398
vt 0.202015 0.298509
vt 0.245547 0.323236
vt 0.237147 0.336744
vt 0.210450 0.231821
vt 0.252355 0.311984
vt 0.267092 0.293496
vt 0.283080 0.349512
vt 0.298273 0.329526
vt 0.324034 0.359229
vt 0.327758 0.368830
vt 0.254211 0.253543
vt 0.130212 0.245984
vt 0.154454 0.235748
vt 0.150754 0.282695
vt 0.134066 0.290518
vt 0.106961 0.255566
vt 0.104361 0.255760
vt 0.126733 0.239483
vt 0.142433 0.226809
vt 0.162222 0.208952
vt 0.158532 0.234233
vt 0.166751 0.205087
vt 0.195074 0.222351
vt 0.133443 0.312588
vt 0.093841 0.319462
vt 0.101382 0.325571
vt 0.077336 0.337249
vt 0.098947 0.327455
vt 0.172129 0.322999
vt 0.199349 0.301046
vt 0.147973 0.342203
vt 0.126365 0.359711
vt 0.115735 0.368830
vt 0.209287 0.218994
vt 0.190245 0.195792
vt 0.117725 0.227698
vt 0.230988 0.213527
vt 0.228091 0.195068
vt 0.281027 0.221879
vt 0.166116 0.204429
vt 0.154591 0.198868
vt 0.128910 0.210843
vt 0.191682 0.182625
vt 0.216808 0.178800
vt 0.058908 0.226212
vt 0.152054 0.195280
vt 0.132716 0.203634
vt 0.081685 0.213795
vt 0.200884 0.164991
vt 0.192118 0.177747
vt 0.135313 0.177452
vt 0.153138 0.170007
vt 0.160606 0.192466
vt 0.099501 0.195624
vt 0.096863 0.196581
vt 0.042948 0.260945
vt 0.268863 0.243279
vt 0.282555 0.253924
vt 0.323836 0.243264
vt 0.404611 0.819005
vt 0.405299 0.823558
vt 0.434448 0.813985
vt 0.434448 0.852377
vt 0.706856 0.129342
vt 0.712401 0.084667
vt 0.685536 0.091036
vt 0.681284 0.129342
vt 0.716182 0.081663
vt 0.734629 0.105165
vt 0.714962 0.075411
vt 0.713338 0.076461
vt 0.686916 0.079400
vt 0.753891 0.386408
vt 0.763562 0.324247
vt 0.745479 0.326062
vt 0.756329 0.279250
vt 0.763562 0.403565
vt 0.152374 0.879076
vt 0.152351 0.883455
vt 0.181284 0.883105
vt 0.181284 0.845978
vt 0.960669 0.567178
vt 0.957288 0.562877
vt 0.933495 0.571239
vt 0.936486 0.576379
vt 0.960669 0.517824
vt 0.929024 0.558807
vt 0.947272 0.603748
vt 0.006781 0.653695
vt 0.023056 0.654891
vt 0.020976 0.642039
vt 0.019631 0.718921
vt 0.023056 0.609232
vt 0.425407 0.436472
vt 0.425407 0.492729
vt 0.406420 0.479369
vt 0.412461 0.497715
vt 0.187348 0.912099
vt 0.211800 0.877064
vt 0.196361 0.913620
vt 0.188926 0.868166
vt 0.299047 0.908243
vt 0.318024 0.873688
vt 0.331374 0.913620
vt 0.299018 0.871982
vt 0.274293 0.903298
vt 0.274521 0.864142
vt 0.242159 0.857896
vt 0.238414 0.875758
vt 0.217242 0.853807
vt 0.190493 0.854413
vt 0.253071 0.908006
vt 0.230070 0.896540
vt 0.261386 0.911776
vt 0.203864 0.833181
vt 0.188562 0.839699
vt 0.183996 0.849140
vt 0.217013 0.853008
vt 0.313391 0.769576
vt 0.229204 0.770110
vt 0.308684 0.767856
vt 0.237114 0.757313
vt 0.319620 0.770110
vt 0.314446 0.768947
vt 0.710501 0.680037
vt 0.698114 0.626614
vt 0.691782 0.657484
vt 0.713315 0.646745
vt 0.703287 0.603182
vt 0.722851 0.626589
vt 0.722964 0.604607
vt 0.703994 0.600932
vt 0.730914 0.554185
vt 0.713857 0.551347
vt 0.746790 0.530414
vt 0.719118 0.533858
vt 0.750904 0.519653
vt 0.693086 0.684315
vt 0.708413 0.704654
vt 0.687848 0.704694
vt 0.707487 0.729693
vt 0.697286 0.734109
vt 0.682188 0.728424
vt 0.709533 0.733279
vt 0.724703 0.733837
vt 0.728168 0.734608
vt 0.731512 0.735934
vt 0.743373 0.691997
vt 0.750904 0.737203
vt 0.719259 0.921901
vt 0.755105 0.912706
vt 0.755296 0.941683
vt 0.726391 0.941956
vt 0.778029 0.941956
vt 0.772173 0.924502
vt 0.594543 0.580928
vt 0.624734 0.572263
vt 0.623932 0.548035
vt 0.595061 0.576502
vt 0.615158 0.601438
vt 0.587861 0.619287
vt 0.626157 0.542990
vt 0.613314 0.443649
vt 0.625455 0.410325
vt 0.615483 0.417328
vt 0.627087 0.420945
vt 0.646784 0.411190
vt 0.651465 0.374490
vt 0.621932 0.369520
vt 0.621973 0.358888
vt 0.616575 0.357606
vt 0.646940 0.339580
vt 0.619718 0.341064
vt 0.582516 0.388094
vt 0.580386 0.371778
vt 0.574445 0.397496
vt 0.574724 0.403972
vt 0.582917 0.434837
vt 0.583150 0.454252
vt 0.602889 0.470724
vt 0.629741 0.464387
vt 0.629428 0.439454
vt 0.640398 0.464715
vt 0.632617 0.467501
vt 0.620928 0.493204
vt 0.625853 0.518410
vt 0.638941 0.480983
vt 0.656058 0.422457
vt 0.657974 0.435400
vt 0.658417 0.455305
vt 0.660219 0.463372
vt 0.641062 0.492165
vt 0.659961 0.496511
vt 0.650048 0.533407
vt 0.660488 0.522029
vt 0.555508 0.532212
vt 0.548756 0.482578
vt 0.540779 0.459484
vt 0.596417 0.549730
vt 0.579485 0.341633
vt 0.578251 0.372293
vt 0.660488 0.387945
vt 0.536717 0.485018
vt 0.536618 0.485911
vt 0.089060 0.994973
vt 0.069168 0.966130
vt 0.089060 0.947441
vt 0.473996 0.840494
vt 0.505877 0.855119
vt 0.435353 0.851310
vt 0.464310 0.855119
vt 0.707673 0.992230
vt 0.716262 0.973035
vt 0.756329 0.992230
vt 0.707505 0.973180
vt 0.575497 0.018739
vt 0.575497 0.040676
vt 0.533906 0.019980
vt 0.322333 0.438200
vt 0.334087 0.410980
vt 0.334087 0.491316
vt 0.323136 0.398995
vt 0.746078 0.774622
vt 0.761754 0.779250
vt 0.753440 0.750040
vt 0.761754 0.738117
vt 0.696850 0.754326
vt 0.693942 0.772231
vt 0.833589 0.248737
vt 0.855418 0.213835
vt 0.833156 0.221067
vt 0.864492 0.238525
vt 0.874044 0.262773
vt 0.839163 0.262945
vt 0.842508 0.273898
vt 0.886663 0.280165
vt 0.862729 0.203655
vt 0.867124 0.211122
vt 0.853084 0.190034
vt 0.850671 0.185730
vt 0.861585 0.183388
vt 0.883366 0.241837
vt 0.831535 0.192176
vt 0.891930 0.255377
vt 0.886921 0.197069
vt 0.888485 0.227733
vt 0.894438 0.163253
vt 0.886472 0.147128
vt 0.901495 0.172910
vt 0.922694 0.210926
vt 0.922694 0.144881
vt 0.830049 0.244103
vt 0.885517 0.258562
vt 0.813291 0.186271
vt 0.105335 0.479433
vt 0.080607 0.452011
vt 0.073689 0.479433
vt 0.843128 0.454753
vt 0.843128 0.528793
vt 0.831374 0.523660
vt 0.441464 0.482973
vt 0.441980 0.433951
vt 0.429618 0.459290
vt 0.430282 0.433089
vt 0.431231 0.408175
vt 0.429024 0.486536
vt 0.442586 0.407221
vt 0.442586 0.508684
vt 0.812387 0.847806
vt 0.857595 0.847806
vt 0.818408 0.829525
vt 0.662297 0.604140
vt 0.700271 0.585466
vt 0.700271 0.607404
vt 0.979656 0.877057
vt 0.965190 0.831365
vt 0.979656 0.821298
vt 0.131027 0.998629
vt 0.091233 0.998629
vt 0.105110 0.978519
vt 0.089060 0.998177
vt 0.153542 0.993471
vt 0.158680 0.990742
vt 0.548713 0.916986
vt 0.544156 0.907221
vt 0.509494 0.920018
vt 0.596293 0.920018
vt 0.160821 0.924469
vt 0.175900 0.898916
vt 0.183990 0.931657
vt 0.137700 0.916654
vt 0.141086 0.908382
vt 0.118289 0.907487
vt 0.118324 0.893565
vt 0.159216 0.889765
vt 0.170613 0.889843
vt 0.110919 0.908104
vt 0.146470 0.882271
vt 0.111731 0.887694
vt 0.063989 0.886951
vt 0.187613 0.923089
vt 0.102954 0.937388
vt 0.061935 0.941652
vt 0.115357 0.946527
vt 0.153183 0.944550
vt 0.166241 0.945082
vt 0.187593 0.946527
vt 0.074978 0.885825
vt 0.132111 0.849634
vt 0.915828 0.850162
vt 0.927138 0.866052
vt 0.937161 0.833336
vt 0.909212 0.872128
vt 0.907360 0.877464
vt 0.918976 0.892596
vt 0.936371 0.798311
vt 0.922045 0.700640
vt 0.898282 0.723646
vt 0.937161 0.716729
vt 0.934649 0.724609
vt 0.936641 0.762595
vt 0.913464 0.773785
vt 0.936595 0.773343
vt 0.916131 0.799111
vt 0.912977 0.824783
vt 0.362116 0.855119
vt 0.362116 0.899909
vt 0.344937 0.872592
vt 0.036618 0.021481
vt 0.085443 0.021481
vt 0.068251 0.005941
vt 0.973858 0.979055
vt 0.959209 0.956565
vt 0.955244 0.991316
vt 0.960951 0.948005
vt 0.965768 0.931901
vt 0.974231 0.991316
vt 0.982369 0.210014
vt 0.997740 0.198812
vt 0.997740 0.248172
vt 0.819086 0.772525
vt 0.802947 0.796858
vt 0.822250 0.793815
vt 0.814532 0.825964
vt 0.827483 0.817619
vt 0.845147 0.799493
vt 0.838004 0.792370
vt 0.831240 0.778842
vt 0.860833 0.834095
vt 0.884742 0.784940
vt 0.882640 0.754098
vt 0.875556 0.809450
vt 0.887432 0.814965
vt 0.881056 0.815945
vt 0.850004 0.768723
vt 0.849666 0.741133
vt 0.860341 0.715716
vt 0.804374 0.707389
vt 0.811283 0.670475
vt 0.802441 0.737774
vt 0.850776 0.681964
vt 0.887432 0.725068
vt 0.309561 0.178077
vt 0.312387 0.207952
vt 0.291112 0.204404
vt 0.288003 0.174132
vt 0.263505 0.207952
vt 0.236438 0.183158
vt 0.298825 0.469378
vt 0.315099 0.469378
vt 0.312077 0.424589
vt 0.488698 0.996801
vt 0.540235 0.996801
vt 0.508172 0.983090
vt 0.519439 0.971592
vt 0.515541 0.946076
vt 0.496492 0.975777
vt 0.454340 0.975777
vt 0.489626 0.941956
vt 0.498339 0.944473
vt 0.658626 0.034278
vt 0.634268 0.025543
vt 0.663439 0.007770
vt 0.677530 0.010794
vt 0.696655 0.034278
vt 0.634907 0.024880
vt 0.935353 0.169561
vt 0.912749 0.167388
vt 0.935353 0.138483
vt 0.930755 0.460912
vt 0.939829 0.408598
vt 0.927639 0.405641
vt 0.881063 0.520567
vt 0.923211 0.513733
vt 0.903720 0.498199
vt 0.917894 0.483382
vt 0.920378 0.517097
vt 0.939873 0.493260
vt 0.849644 0.486393
vt 0.862558 0.442357
vt 0.874982 0.414017
vt 0.848553 0.474548
vt 0.885772 0.388318
vt 0.890832 0.375229
vt 0.928403 0.405186
vt 0.939873 0.382237
vt 0.219929 0.741886
vt 0.246217 0.749400
vt 0.207257 0.762797
vt 0.374201 0.741987
vt 0.345288 0.762797
vt 0.363769 0.731817
vt 0.379486 0.739289
vt 0.327386 0.731992
vt 0.319724 0.755336
vt 0.309878 0.732527
vt 0.291115 0.745502
vt 0.322238 0.698410
vt 0.371454 0.701821
vt 0.320159 0.698649
vt 0.271487 0.730918
vt 0.296569 0.697497
vt 0.265618 0.695571
vt 0.246821 0.730256
vt 0.389241 0.700528
vt 0.242026 0.683272
vt 0.221688 0.688155
vt 0.195022 0.729920
vt 0.197359 0.686481
vt 0.193181 0.726705
vt 0.269807 0.749319
vt 0.193038 0.762052
vt 0.222743 0.905723
vt 0.211121 0.920018
vt 0.257233 0.920018
vt 0.215610 0.904479
vt 0.989601 0.944928
vt 0.971974 0.953067
vt 0.990160 0.952112
vt 0.992315 0.970293
vt 0.992315 0.918190
vt 0.969711 0.924931
vt 0.038640 0.438375
vt 0.056282 0.421846
vt 0.040263 0.442870
vt 0.071881 0.442870
vt 0.028481 0.425946
vt 0.030914 0.435624
vt 0.032098 0.464472
vt 0.009671 0.459525
vt 0.008384 0.433729
vt 0.007685 0.485912
vt 0.031988 0.490019
vt 0.032098 0.514168
vt 0.010236 0.511585
vt 0.894665 0.367721
vt 0.924392 0.368830
vt 0.928135 0.347806
vt 0.967902 0.368830
vt 0.973053 0.359689
vt 0.968807 0.335009
vt 0.994151 0.337519
vt 0.996835 0.359689
vt 0.294056 0.853291
vt 0.316908 0.840503
vt 0.286022 0.831353
vt 0.240958 0.853291
vt 0.999548 0.565356
vt 0.990506 0.530914
vt 0.999548 0.498629
vt 0.794304 0.786723
vt 0.767179 0.813381
vt 0.793924 0.793333
vt 0.787821 0.771938
vt 0.793203 0.812726
vt 0.768871 0.831353
vt 0.794304 0.829505
vt 0.177667 0.164077
vt 0.199483 0.149452
vt 0.225588 0.158810
vt 0.223162 0.164077
vt 0.641167 0.317642
vt 0.622858 0.333181
vt 0.656872 0.333181
vt 0.603526 0.318001
vt 0.999548 0.870658
vt 0.999548 0.909049
vt 0.984177 0.885691
vt 0.365732 0.512340
vt 0.365732 0.481027
vt 0.347649 0.493195
vt 0.361834 0.474863
vt 0.976944 0.589122
vt 0.968807 0.562199
vt 0.976944 0.516910
vt 0.236438 0.986869
vt 0.216312 0.987660
vt 0.176722 0.962656
vt 0.225369 0.962165
vt 0.172242 0.962066
vt 0.175098 0.987660
vt 0.231013 0.672303
vt 0.258137 0.672303
vt 0.241185 0.652194
vt 0.396474 0.985832
vt 0.362773 0.978519
vt 0.317812 0.985832
vt 0.671338 0.427331
vt 0.661392 0.415175
vt 0.671338 0.374314
vt 0.754622 0.942870
vt 0.783307 0.944364
vt 0.774594 0.961962
vt 0.798484 0.964153
vt 0.803042 0.949599
vt 0.803736 0.965722
vt 0.834087 0.947941
vt 0.743850 0.950307
vt 0.744405 0.965722
vt 0.712025 0.962844
vt 0.985081 0.297532
vt 0.995931 0.297093
vt 0.985292 0.295192
vt 0.995931 0.248172
vt 0.287071 0.295704
vt 0.266275 0.279049
vt 0.287071 0.271938
vt 0.990506 0.654022
vt 0.983273 0.635220
vt 0.990506 0.588208
vt 0.639200 0.265717
vt 0.597312 0.247258
vt 0.626785 0.249101
vt 0.556510 0.258009
vt 0.646750 0.285682
vt 0.589309 0.302402
vt 0.656872 0.313985
vt 0.557603 0.280506
vt 0.608751 0.313985
vt 0.331374 0.924221
vt 0.381103 0.921846
vt 0.381103 0.931901
vt 0.327758 0.009598
vt 0.381103 0.009598
vt 0.370470 0.000457
vt 0.589174 0.899327
vt 0.577919 0.878097
vt 0.600814 0.880910
vt 0.596423 0.913620
vt 0.569548 0.866642
vt 0.534781 0.894679
vt 0.494605 0.866553
vt 0.541076 0.837751
vt 0.492494 0.867518
vt 0.489914 0.891532
vt 0.445298 0.913620
vt 0.587619 0.582724
vt 0.570072 0.608318
vt 0.588156 0.608318
vt 0.413653 0.624772
vt 0.398282 0.605840
vt 0.411058 0.628428
vt 0.413653 0.594607
vt 0.498958 0.662924
vt 0.499548 0.679616
vt 0.474231 0.646733
vt 0.499548 0.644881
vt 0.801537 0.570994
vt 0.788065 0.552559
vt 0.792503 0.590498
vt 0.775931 0.583080
vt 0.794599 0.621082
vt 0.774622 0.594403
vt 0.795296 0.637518
vt 0.762658 0.620049
vt 0.796722 0.651209
vt 0.765276 0.670529
vt 0.799525 0.672996
vt 0.769385 0.691966
vt 0.798304 0.722562
vt 0.763177 0.713259
vt 0.766718 0.746342
vt 0.799031 0.727897
vt 0.801537 0.760928
vt 0.765547 0.771024
vt 0.623511 0.824954
vt 0.601718 0.837751
vt 0.635172 0.837751
vt 0.545660 0.068099
vt 0.565552 0.062014
vt 0.565552 0.040676
vt 0.546979 0.044366
vt 0.636980 0.533364
vt 0.628843 0.508512
vt 0.636980 0.482175
vt 0.054200 0.605576
vt 0.071572 0.588983
vt 0.072746 0.566210
vt 0.052895 0.535435
vt 0.072411 0.509549
vt 0.034810 0.503327
vt 0.071142 0.534621
vt 0.048306 0.562202
vt 0.073689 0.543344
vt 0.045653 0.570424
vt 0.053789 0.484845
vt 0.073689 0.484572
vt 0.059952 0.452011
vt 0.037846 0.455202
vt 0.000452 0.386071
vt 0.007685 0.365174
vt 0.007685 0.417276
vt 0.032098 0.663163
vt 0.024864 0.628785
vt 0.032098 0.609232
vt 0.639498 0.575906
vt 0.620705 0.595521
vt 0.626273 0.580188
vt 0.641612 0.548323
vt 0.672680 0.595521
vt 0.686440 0.573413
vt 0.707505 0.567358
vt 0.645401 0.540378
vt 0.705652 0.528460
vt 0.661686 0.527879
vt 0.703052 0.028538
vt 0.708042 0.017824
vt 0.708409 0.053473
vt 0.694846 0.053473
vt 0.683092 0.867002
vt 0.671338 0.845689
vt 0.683092 0.840494
vt 0.016727 0.607404
vt 0.016727 0.579256
vt 0.004973 0.579068
vt 0.006314 0.596406
vt 0.757898 0.661550
vt 0.747259 0.663091
vt 0.758929 0.686408
vt 0.746985 0.637774
vt 0.746405 0.614617
vt 0.750331 0.690501
vt 0.760851 0.715265
vt 0.747499 0.600490
vt 0.761754 0.634710
vt 0.760652 0.600482
vt 0.761754 0.581810
vt 0.746383 0.582544
vt 0.097823 0.604548
vt 0.119801 0.609334
vt 0.092071 0.614717
vt 0.072785 0.599785
vt 0.111525 0.558044
vt 0.084840 0.563613
vt 0.112968 0.561871
vt 0.119801 0.562269
vt 0.854882 0.167733
vt 0.850362 0.130086
vt 0.854882 0.104662
vt 0.157776 0.571755
vt 0.188517 0.571755
vt 0.162410 0.562614
vt 0.108951 0.304845
vt 0.102622 0.284459
vt 0.108951 0.264625
vt 0.820524 0.009598
vt 0.858499 0.009598
vt 0.853557 0.003199
vt 0.795135 0.295704
vt 0.797016 0.286113
vt 0.771420 0.285649
vt 0.770711 0.295704
vt 0.766275 0.285856
vt 0.577306 0.321324
vt 0.577306 0.310329
vt 0.561112 0.325085
vt 0.557414 0.317677
vt 0.573601 0.377057
vt 0.883903 0.874314
vt 0.905515 0.893750
vt 0.878359 0.877183
vt 0.851266 0.900823
vt 0.904003 0.900823
vt 0.735762 0.004113
vt 0.735439 0.010661
vt 0.710217 0.014015
vt 0.711655 0.054588
vt 0.755794 0.100091
vt 0.760850 0.012275
vt 0.760850 0.098673
vt 0.628419 0.865214
vt 0.617089 0.893851
vt 0.621473 0.897016
vt 0.667861 0.913898
vt 0.647349 0.929159
vt 0.669530 0.912868
vt 0.646355 0.844841
vt 0.669530 0.834095
vt 0.397279 0.733289
vt 0.399174 0.759272
vt 0.394131 0.753382
vt 0.392857 0.760969
vt 0.490506 0.760969
vt 0.437124 0.726234
vt 0.871649 0.864084
vt 0.906420 0.864551
vt 0.880493 0.861414
vt 0.904005 0.868830
vt 0.879492 0.849081
vt 0.858499 0.838023
vt 0.872834 0.833043
vt 0.906420 0.805759
vt 0.651447 0.336837
vt 0.627922 0.334095
vt 0.582731 0.336837
vt 0.130651 0.455667
vt 0.200271 0.455667
vt 0.154200 0.452925
vt 0.604430 0.650366
vt 0.598101 0.634862
vt 0.604430 0.623857
vt 0.206600 0.491316
vt 0.187246 0.484918
vt 0.183092 0.491316
vt 0.904836 0.693327
vt 0.883816 0.696984
vt 0.924503 0.696984
vt 0.515902 0.282707
vt 0.506781 0.275420
vt 0.512188 0.292624
vt 0.538275 0.295704
vt 0.541139 0.282704
vt 0.541139 0.239031
vt 0.004973 0.280165
vt 0.002260 0.272914
vt 0.004973 0.235375
vt 0.759899 0.540749
vt 0.779092 0.547989
vt 0.759042 0.546132
vt 0.788289 0.529247
vt 0.820524 0.547989
vt 0.815221 0.526965
vt 0.928119 0.545247
vt 0.924503 0.518542
vt 0.928119 0.516910
vt 0.677667 0.203208
vt 0.682188 0.198502
vt 0.682188 0.207038
vt 0.679159 0.192413
vt 0.991410 0.599394
vt 0.993219 0.560786
vt 0.993219 0.616545
vt 0.379087 0.525186
vt 0.343526 0.511245
vt 0.330149 0.502551
vt 0.195806 0.534716
vt 0.186314 0.516225
vt 0.268709 0.524818
vt 0.234873 0.552492
vt 0.190911 0.551841
vt 0.265198 0.534130
vt 0.177275 0.533088
vt 0.177609 0.515975
vt 0.132363 0.526860
vt 0.128926 0.532384
vt 0.120539 0.546045
vt 0.175396 0.551834
vt 0.283889 0.533701
vt 0.301653 0.550833
vt 0.230774 0.570683
vt 0.218581 0.572195
vt 0.283909 0.531038
vt 0.129223 0.581810
vt 0.315139 0.581810
vt 0.126036 0.579546
vt 0.365258 0.563507
vt 0.359217 0.530876
vt 0.380199 0.528445
vt 0.379846 0.548483
vt 0.271876 0.499804
vt 0.231160 0.493508
vt 0.273226 0.478834
vt 0.265214 0.476982
vt 0.260184 0.472768
vt 0.270593 0.473592
vt 0.316998 0.489847
vt 0.222922 0.488637
vt 0.317360 0.470232
vt 0.223732 0.493874
vt 0.177795 0.498193
vt 0.105023 0.487541
vt 0.178577 0.481996
vt 0.085801 0.495400
vt 0.079778 0.501716
vt 0.076433 0.537429
vt 0.073689 0.531058
vt 0.196282 0.456581
vt 0.121910 0.478124
vt 0.359002 0.540283
vt 0.179169 0.458377
vt 0.128245 0.463193
vt 0.762658 0.012340
vt 0.829566 0.012340
vt 0.811615 0.010512
vt 0.910036 0.846295
vt 0.911844 0.806673
vt 0.911844 0.850548
vt 0.804250 0.579982
vt 0.852170 0.579982
vt 0.808140 0.578154
vt 0.947523 0.144448
vt 0.940159 0.152194
vt 0.968807 0.128256
vt 0.919078 0.120898
vt 0.935378 0.101236
vt 0.957809 0.096161
vt 0.963957 0.071058
vt 0.944017 0.050830
vt 0.948218 0.018739
vt 0.968807 0.044825
vt 0.929690 0.068341
vt 0.336799 0.477605
vt 0.334991 0.461954
vt 0.336799 0.450183
vt 0.807562 0.770110
vt 0.797920 0.771024
vt 0.839512 0.771024
vt 0.432640 0.398080
vt 0.430832 0.383600
vt 0.432640 0.376143
vt 0.113472 0.800274
vt 0.146926 0.800274
vt 0.135067 0.799360
vt 0.390145 0.545247
vt 0.389241 0.533641
vt 0.390145 0.522395
vt 0.800633 0.822212
vt 0.799729 0.819205
vt 0.800633 0.792962
vt 0.319620 0.456581
vt 0.318716 0.451682
vt 0.319620 0.438300
vt 0.805652 0.345338
vt 0.855787 0.421846
vt 0.855787 0.346750
vt 0.819208 0.409592
vt 0.812022 0.392987
vt 0.792348 0.347806
vt 0.775811 0.330170
vt 0.774412 0.347629
vt 0.799998 0.306405
vt 0.800581 0.345542
vt 0.805731 0.342413
vt 0.840940 0.295490
vt 0.798629 0.258127
vt 0.851107 0.288786
vt 0.795005 0.253656
vt 0.705114 0.260969
vt 0.712025 0.296618
vt 0.664105 0.271102
vt 0.676526 0.295456
vt 0.712025 0.265607
vt 0.432876 0.336206
vt 0.408310 0.292567
vt 0.384256 0.309540
vt 0.406347 0.291432
vt 0.433091 0.322736
vt 0.455837 0.289466
vt 0.477598 0.292316
vt 0.480888 0.317918
vt 0.491286 0.293632
vt 0.488242 0.318818
vt 0.525877 0.314685
vt 0.507639 0.295175
vt 0.535751 0.313787
vt 0.537680 0.301104
vt 0.558416 0.306815
vt 0.559222 0.313955
vt 0.536607 0.321385
vt 0.526705 0.331552
vt 0.508961 0.334670
vt 0.458961 0.334713
vt 0.456671 0.335221
vt 0.557891 0.294745
vt 0.537421 0.353930
vt 0.523990 0.349393
vt 0.511162 0.364930
vt 0.485192 0.365434
vt 0.446158 0.370103
vt 0.434748 0.363445
vt 0.401562 0.337089
vt 0.408824 0.371078
vt 0.379751 0.309621
vt 0.376723 0.327140
vt 0.355436 0.326916
vt 0.357050 0.334729
vt 0.332554 0.335842
vt 0.330470 0.303771
vt 0.383878 0.374053
vt 0.359321 0.372072
vt 0.334365 0.365429
vt 0.410506 0.382839
vt 0.384460 0.381486
vt 0.431138 0.375075
vt 0.401036 0.290653
vt 0.368037 0.288368
vt 0.351266 0.406188
vt 0.337009 0.407275
vt 0.390207 0.465722
vt 0.410756 0.464046
vt 0.364385 0.465722
vt 0.339200 0.464658
vt 0.345881 0.283492
vt 0.403540 0.269400
vt 0.426878 0.264879
vt 0.481250 0.265916
vt 0.454984 0.265489
vt 0.431488 0.264533
vt 0.368253 0.255484
vt 0.552263 0.376695
vt 0.508813 0.370088
vt 0.526709 0.404226
vt 0.569706 0.384119
vt 0.570071 0.391560
vt 0.520890 0.427612
vt 0.563581 0.416480
vt 0.564335 0.357236
vt 0.548711 0.351463
vt 0.538172 0.435388
vt 0.570976 0.416088
vt 0.564272 0.438530
vt 0.518521 0.425950
vt 0.495028 0.399359
vt 0.485990 0.424248
vt 0.498893 0.388695
vt 0.522283 0.401838
vt 0.505004 0.374562
vt 0.477590 0.445872
vt 0.449008 0.463137
vt 0.451600 0.476290
vt 0.498680 0.528896
vt 0.476895 0.552045
vt 0.496342 0.553884
vt 0.475000 0.572024
vt 0.466217 0.499906
vt 0.500310 0.503568
vt 0.468569 0.479245
vt 0.502721 0.476649
vt 0.442904 0.547096
vt 0.503583 0.531176
vt 0.505687 0.521812
vt 0.509064 0.502382
vt 0.514400 0.479387
vt 0.511791 0.453955
vt 0.511013 0.451613
vt 0.442841 0.551906
vt 0.473338 0.586857
vt 0.494226 0.556207
vt 0.481247 0.581407
vt 0.497582 0.557864
vt 0.491119 0.611949
vt 0.507346 0.586722
vt 0.502840 0.609570
vt 0.438065 0.584988
vt 0.494024 0.637569
vt 0.447071 0.631939
vt 0.471124 0.632752
vt 0.518828 0.531860
vt 0.518586 0.515439
vt 0.519637 0.504604
vt 0.536018 0.462524
vt 0.532694 0.583130
vt 0.447078 0.498052
vt 0.443866 0.631993
vt 0.561584 0.572284
vt 0.538206 0.583375
vt 0.562639 0.584399
vt 0.565731 0.622407
vt 0.557899 0.624595
vt 0.532437 0.590643
vt 0.519378 0.608168
vt 0.514013 0.635553
vt 0.548686 0.634292
vt 0.559657 0.634519
vt 0.566994 0.624750
vt 0.570976 0.634814
vt 0.492035 0.424632
vt 0.519439 0.015082
vt 0.597251 0.000457
vt 0.608334 0.015082
vt 0.610759 0.009494
vt 0.098101 0.305759
vt 0.071881 0.278959
vt 0.098101 0.260969
vt 0.479656 0.748172
vt 0.448915 0.727568
vt 0.479656 0.716179
vt 0.978555 0.279322
vt 0.949819 0.314899
vt 0.978752 0.311043
vt 0.952656 0.286832
vt 0.978752 0.259141
vt 0.950581 0.260838
vt 0.192134 0.760969
vt 0.179476 0.725679
vt 0.192134 0.690585
vt 0.988354 0.385283
vt 0.983273 0.420399
vt 0.998644 0.435558
vt 0.998644 0.390180
vt 0.967902 0.576325
vt 0.965190 0.548826
vt 0.967902 0.523309
vt 0.406778 0.776857
vt 0.412837 0.776152
vt 0.404611 0.802900
vt 0.430092 0.807079
vt 0.456437 0.797865
vt 0.456606 0.781491
vt 0.467831 0.778529
vt 0.478375 0.798837
vt 0.481997 0.782499
vt 0.455651 0.823915
vt 0.482059 0.831993
vt 0.435407 0.843236
vt 0.502267 0.795074
vt 0.484853 0.832134
vt 0.522274 0.793460
vt 0.525106 0.829072
vt 0.544438 0.827439
vt 0.532865 0.793859
vt 0.558993 0.792496
vt 0.588156 0.823542
vt 0.581330 0.843236
vt 0.508439 0.787596
vt 0.506872 0.764625
vt 0.514628 0.768409
vt 0.997740 0.643053
vt 0.983273 0.671196
vt 0.997740 0.685101
vt 0.749096 0.726106
vt 0.746593 0.728062
vt 0.738246 0.723021
vt 0.749096 0.694241
vt 0.066456 0.998629
vt 0.019439 0.953839
vt 0.019471 0.998629
vt 0.064969 0.970263
vt 0.972423 0.167733
vt 0.926893 0.184158
vt 0.972391 0.212523
vt 0.925407 0.212523
vt 0.862440 0.579719
vt 0.885944 0.591324
vt 0.869894 0.607851
vt 0.877357 0.558102
vt 0.837510 0.616115
vt 0.868593 0.612185
vt 0.835895 0.618692
vt 0.841790 0.625861
vt 0.896709 0.537580
vt 0.816004 0.567391
vt 0.835104 0.542900
vt 0.856660 0.515082
vt 0.903707 0.633748
vt 0.875542 0.643561
vt 0.859113 0.666819
vt 0.891853 0.565044
vt 0.901829 0.541052
vt 0.903707 0.528975
vt 0.972166 0.074016
vt 0.995931 0.063528
vt 0.995931 0.103005
vt 0.966998 0.103748
vt 0.981465 0.441042
vt 0.995931 0.441388
vt 0.995931 0.488453
vt 0.992810 0.488574
vt 0.875879 0.706124
vt 0.872061 0.718007
vt 0.900904 0.708319
vt 0.901899 0.718007
vt 0.746280 0.381627
vt 0.718354 0.393510
vt 0.747288 0.393510
vt 0.583635 0.869744
vt 0.605351 0.845064
vt 0.619849 0.869744
vt 0.629747 0.852444
vt 0.683996 0.635084
vt 0.690325 0.632084
vt 0.690325 0.662249
vt 0.456853 0.700496
vt 0.458211 0.694241
vt 0.485081 0.700640
vt 0.455244 0.700640
vt 0.545660 0.749086
vt 0.573551 0.744516
vt 0.599910 0.746058
vt 0.598623 0.749086
vt 0.639693 0.760055
vt 0.665009 0.760055
vt 0.662592 0.752742
vt 0.468807 0.399529
vt 0.469711 0.380713
vt 0.469711 0.405393
vt 0.934448 0.527879
vt 0.934448 0.534278
vt 0.931736 0.532461
vt 0.718354 0.929159
vt 0.718354 0.955667
vt 0.690325 0.952962
vt 0.692779 0.932220
vt 0.258007 0.163829
vt 0.245895 0.152385
vt 0.228984 0.177788
vt 0.254435 0.177788
vt 0.226492 0.148537
vt 0.276221 0.165621
vt 0.675859 0.907359
vt 0.688519 0.866088
vt 0.691230 0.877968
vt 0.691230 0.917276
vt 0.979464 0.122419
vt 0.948915 0.158592
vt 0.988369 0.158592
vt 0.989602 0.122029
vt 0.547468 0.496801
vt 0.547468 0.537934
vt 0.526673 0.527889
vt 0.526901 0.535907
vt 0.812010 0.188523
vt 0.807519 0.187843
vt 0.797016 0.234461
vt 0.821429 0.234461
vt 0.968807 0.701803
vt 0.979656 0.727148
vt 0.977829 0.675960
vt 0.979656 0.692053
vt 0.284355 0.043360
vt 0.314735 0.044333
vt 0.301262 0.005532
vt 0.327758 0.001371
vt 0.268083 0.044333
vt 0.277920 0.011201
vt 0.680380 0.746553
vt 0.691230 0.740859
vt 0.691230 0.767999
vt 0.682702 0.769196
vt 0.457052 0.999543
vt 0.407324 0.999543
vt 0.409365 0.970293
vt 0.443847 0.981151
vt 0.858073 0.096720
vt 0.893988 0.089284
vt 0.872032 0.054836
vt 0.897085 0.114897
vt 0.860013 0.116635
vt 0.900787 0.141225
vt 0.862340 0.124600
vt 0.856691 0.048963
vt 0.863078 0.040109
vt 0.870566 0.042982
vt 0.904635 0.036849
vt 0.909259 0.061521
vt 0.920886 0.012735
vt 0.913967 0.062759
vt 0.918220 0.087825
vt 0.897784 0.089660
vt 0.920886 0.111682
vt 0.915370 0.114160
vt 0.867537 0.005027
vt 0.886318 0.005675
vt 0.129747 0.601920
vt 0.112636 0.583953
vt 0.104430 0.596839
vt 0.129747 0.583638
vt 0.424503 0.691499
vt 0.424161 0.688757
vt 0.409132 0.691499
vt 0.380199 0.405393
vt 0.378342 0.392596
vt 0.364828 0.405393
vt 0.386528 0.753656
vt 0.386528 0.802102
vt 0.344937 0.775757
vt 0.365058 0.759500
vt 0.004973 0.653108
vt 0.003165 0.614908
vt 0.004973 0.601005
vt 0.996835 0.310329
vt 0.996835 0.335923
vt 0.948011 0.318938
vt 0.285815 0.933013
vt 0.299174 0.929352
vt 0.280750 0.932491
vt 0.282414 0.911792
vt 0.317812 0.961152
vt 0.276605 0.958159
vt 0.196655 0.924107
vt 0.215485 0.961152
vt 0.007685 0.816728
vt 0.035714 0.816728
vt 0.014105 0.735009
vt 0.035315 0.728976
vt 0.033906 0.263711
vt 0.033906 0.300274
vt 0.027577 0.288877
vt 0.031944 0.270226
vt 0.960669 0.995887
vt 0.913553 0.972121
vt 0.901261 0.995887
vt 0.896474 0.991344
vt 0.419078 0.116545
vt 0.442446 0.082724
vt 0.436496 0.086151
vt 0.453436 0.116545
vt 0.964286 0.839554
vt 0.926311 0.884649
vt 0.938947 0.838665
vt 0.964286 0.926417
vt 0.016663 0.311586
vt 0.013909 0.311284
vt 0.032098 0.248525
vt 0.010335 0.219835
vt 0.006781 0.351184
vt 0.032098 0.357861
vt 0.565552 0.945612
vt 0.535897 0.920018
vt 0.530750 0.945612
vt 0.452532 0.930153
vt 0.547813 0.921920
vt 0.728300 0.589555
vt 0.745479 0.541591
vt 0.745479 0.622029
vt 0.033002 0.519653
vt 0.033002 0.606490
vt 0.006781 0.558141
vt 0.008535 0.543311
vt 0.667778 0.456995
vt 0.702984 0.451097
vt 0.702984 0.480588
vt 0.665913 0.500457
vt 0.324141 0.614717
vt 0.372966 0.614717
vt 0.329652 0.599177
vt 0.484667 0.003199
vt 0.440778 0.006856
vt 0.514014 0.006856
vt 0.777476 0.397820
vt 0.776332 0.398360
vt 0.778005 0.406454
vt 0.793400 0.410878
vt 0.793400 0.356947
vt 0.768083 0.368887
vt 0.366816 0.803931
vt 0.380199 0.803931
vt 0.370131 0.794780
vt 0.365732 0.793876
vt 0.903707 0.631170
vt 0.893761 0.620251
vt 0.903707 0.613027
vt 0.902987 0.563528
vt 0.474231 0.976691
vt 0.474231 0.987660
vt 0.448915 0.982010
vt 0.954041 0.003199
vt 0.937161 0.016910
vt 0.962477 0.016910
vt 0.536124 0.137289
vt 0.520243 0.135740
vt 0.518535 0.159506
vt 0.536618 0.159506
vt 0.306395 0.367916
vt 0.321429 0.406307
vt 0.295208 0.388706
vt 0.321429 0.368977
vt 0.287975 0.997715
vt 0.284273 0.964808
vt 0.236438 0.997715
vt 0.529668 0.947441
vt 0.522152 0.969378
vt 0.548627 0.949875
vt 0.552893 0.969378
vt 0.986890 0.484918
vt 0.986890 0.512340
vt 0.970615 0.497844
vt 0.990506 0.768282
vt 0.990506 0.832267
vt 0.978752 0.773161
vt 0.995931 0.760055
vt 0.981465 0.720212
vt 0.995931 0.699726
vt 0.872966 0.392833
vt 0.873870 0.386197
vt 0.873870 0.411792
vt 0.759946 0.127019
vt 0.774412 0.102834
vt 0.774412 0.152194
usemtl baked
f 371/371 399/399 372/372
f 242/242 243/243 241/241
f 242/242 244/244 243/243
f 1863/1863 1864/1864 1865/1865
f 289/289 312/312 313/313
f 1860/1860 1868/1868 1864/1864
f 10/10 11/11 12/12
f 46/46 47/47 48/48
f 47/47 49/49 48/48
f 1948/1948 1946/1946 1955/1955
f 1955/1955 1946/1946 1954/1954
f 1962/1962 1959/1959 1961/1961
f 1959/1959 1960/1960 1961/1961
f 345/345 350/350 349/349
f 340/340 345/345 349/349
f 241/241 243/243 248/248
f 1941/1941 1942/1942 1943/1943
f 1944/1944 1942/1942 1941/1941
f 887/887 886/886 888/888
f 36/36 37/37 38/38
f 884/884 886/886 887/887
f 1949/1949 1942/1942 1944/1944
f 1945/1945 1941/1941 1943/1943
f 1945/1945 1943/1943 1946/1946
f 1949/1949 1956/1956 1942/1942
f 1949/1949 1958/1958 1957/1957
f 1949/1949 1957/1957 1956/1956
f 888/888 886/886 890/890
f 888/888 890/890 891/891
f 1963/1963 1964/1964 1965/1965
f 1966/1966 1963/1963 1965/1965
f 1950/1950 1951/1951 1944/1944
f 1950/1950 1944/1944 1941/1941
f 1951/1951 1952/1952 1949/1949
f 1949/1949 1944/1944 1951/1951
f 1967/1967 1968/1968 1969/1969
f 1971/1971 1972/1972 1973/1973
f 1968/1968 1970/1970 1969/1969
f 1936/1936 1934/1934 1933/1933
f 1933/1933 1934/1934 1935/1935
f 1947/1947 1945/1945 1946/1946
f 1947/1947 1946/1946 1948/1948
f 257/257 240/240 248/248
f 248/248 240/240 241/241
f 258/258 256/256 257/257
f 257/257 248/248 258/258
f 1753/1753 1752/1752 1754/1754
f 1753/1753 1754/1754 1793/1793
f 1810/1810 1824/1824 1820/1820
f 1810/1810 1820/1820 1813/1813
f 288/288 312/312 289/289
f 1856/1856 1838/1838 1860/1860
f 1858/1858 1840/1840 1857/1857
f 1840/1840 1839/1839 1857/1857
f 1857/1857 1839/1839 1856/1856
f 1856/1856 1839/1839 1838/1838
f 1813/1813 1843/1843 1842/1842
f 1813/1813 1820/1820 1843/1843
f 1841/1841 1836/1836 1834/1834
f 1840/1840 1841/1841 1834/1834
f 1842/1842 1843/1843 1836/1836
f 1841/1841 1842/1842 1836/1836
f 1829/1829 1830/1830 1831/1831
f 1838/1838 1829/1829 1831/1831
f 1829/1829 1838/1838 1839/1839
f 1860/1860 1848/1848 1850/1850
f 1860/1860 1850/1850 1868/1868
f 1838/1838 1848/1848 1860/1860
f 1839/1839 1840/1840 1829/1829
f 1840/1840 1834/1834 1829/1829
f 1846/1846 1831/1831 1832/1832
f 1830/1830 1832/1832 1831/1831
f 19/19 20/20 21/21
f 1838/1838 1846/1846 1848/1848
f 1907/1907 1908/1908 1906/1906
f 1908/1908 1909/1909 1906/1906
f 1908/1908 1910/1910 1909/1909
f 1910/1910 1914/1914 1909/1909
f 1179/1179 1180/1180 1177/1177
f 1176/1176 1179/1179 1177/1177
f 1182/1182 1180/1180 1181/1181
f 1179/1179 1181/1181 1180/1180
f 1180/1180 1183/1183 1184/1184
f 1180/1180 1184/1184 1177/1177
f 413/413 414/414 415/415
f 1699/1699 1700/1700 1701/1701
f 1183/1183 1182/1182 1186/1186
f 1180/1180 1182/1182 1183/1183
f 417/417 413/413 416/416
f 413/413 415/415 416/416
f 417/417 418/418 421/421
f 417/417 416/416 418/418
f 752/752 751/751 753/753
f 750/750 751/751 752/752
f 1910/1910 1916/1916 1914/1914
f 1923/1923 1916/1916 1910/1910
f 1924/1924 1923/1923 1910/1910
f 1924/1924 1925/1925 1923/1923
f 1181/1181 1185/1185 1182/1182
f 1185/1185 1187/1187 1182/1182
f 1974/1974 1975/1975 1976/1976
f 1976/1976 1975/1975 1977/1977
f 1185/1185 1188/1188 1187/1187
f 422/422 419/419 420/420
f 423/423 419/419 422/422
f 419/419 418/418 420/420
f 419/419 421/421 418/418
f 1981/1981 1982/1982 1983/1983
f 1984/1984 1982/1982 1981/1981
f 1988/1988 1985/1985 1987/1987
f 1985/1985 1986/1986 1987/1987
f 85/85 86/86 87/87
f 82/82 83/83 84/84
f 1188/1188 1196/1196 1187/1187
f 1567/1567 1568/1568 1569/1569
f 1725/1725 1726/1726 1727/1727
f 1570/1570 1568/1568 1571/1571
f 1568/1568 1570/1570 1569/1569
f 249/249 259/259 251/251
f 263/263 259/259 261/261
f 259/259 249/249 261/261
f 261/261 249/249 254/254
f 259/259 260/260 251/251
f 263/263 260/260 259/259
f 263/263 269/269 260/260
f 260/260 269/269 264/264
f 260/260 264/264 251/251
f 249/249 251/251 250/250
f 265/265 250/250 251/251
f 262/262 261/261 254/254
f 252/252 254/254 249/249
f 262/262 254/254 252/252
f 252/252 249/249 247/247
f 255/255 246/246 256/256
f 256/256 246/246 257/257
f 246/246 240/240 257/257
f 13/13 14/14 15/15
f 255/255 253/253 246/246
f 246/246 253/253 245/245
f 246/246 245/245 237/237
f 245/245 236/236 237/237
f 247/247 249/249 234/234
f 250/250 234/234 249/249
f 236/236 245/245 234/234
f 245/245 247/247 234/234
f 253/253 247/247 245/245
f 1946/1946 1953/1953 1954/1954
f 253/253 252/252 247/247
f 1946/1946 1943/1943 1953/1953
f 285/285 305/305 286/286
f 235/235 282/282 286/286
f 285/285 286/286 282/282
f 285/285 306/306 305/305
f 1810/1810 1813/1813 1812/1812
f 1812/1812 1813/1813 1814/1814
f 1992/1992 1993/1993 1994/1994
f 1818/1818 1814/1814 1817/1817
f 1818/1818 1817/1817 1819/1819
f 1811/1811 1810/1810 1812/1812
f 1808/1808 1810/1810 1811/1811
f 1995/1995 1996/1996 1997/1997
f 292/292 302/302 291/291
f 294/294 302/302 292/292
f 267/267 283/283 281/281
f 281/281 283/283 284/284
f 1998/1998 2000/2000 2001/2001
f 1998/1998 1999/1999 2000/2000
f 1989/1989 1990/1990 1991/1991
f 282/282 281/281 284/284
f 282/282 284/284 285/285
f 268/268 292/292 291/291
f 268/268 291/291 290/290
f 268/268 290/290 283/283
f 267/267 268/268 283/283
f 2005/2005 2002/2002 2004/2004
f 314/314 315/315 311/311
f 314/314 311/311 295/295
f 295/295 293/293 296/296
f 293/293 295/295 294/294
f 1808/1808 1809/1809 1810/1810
f 1809/1809 1824/1824 1810/1810
f 266/266 268/268 265/265
f 294/294 295/295 302/302
f 295/295 309/309 302/302
f 1815/1815 1808/1808 1811/1811
f 1816/1816 1808/1808 1815/1815
f 295/295 311/311 309/309
f 311/311 316/316 309/309
f 1598/1598 1595/1595 1597/1597
f 1598/1598 1597/1597 1599/1599
f 1599/1599 1597/1597 1600/1600
f 1816/1816 1809/1809 1808/1808
f 2002/2002 2003/2003 2004/2004
f 2003/2003 2006/2006 2004/2004
f 293/293 294/294 292/292
f 293/293 292/292 268/268
f 1642/1642 1665/1665 1687/1687
f 315/315 317/317 311/311
f 298/298 303/303 296/296
f 303/303 304/304 296/296
f 300/300 270/270 293/293
f 298/298 296/296 297/297
f 296/296 293/293 297/297
f 297/297 293/293 270/270
f 2011/2011 2008/2008 2010/2010
f 2008/2008 2009/2009 2010/2010
f 2007/2007 2002/2002 2005/2005
f 265/265 268/268 267/267
f 286/286 305/305 287/287
f 305/305 307/307 287/287
f 312/312 288/288 308/308
f 287/287 307/307 288/288
f 307/307 308/308 288/288
f 1842/1842 1841/1841 1817/1817
f 1817/1817 1841/1841 1859/1859
f 1841/1841 1840/1840 1859/1859
f 1859/1859 1840/1840 1858/1858
f 1814/1814 1813/1813 1817/1817
f 1817/1817 1813/1813 1842/1842
f 787/787 788/788 789/789
f 265/265 264/264 266/266
f 251/251 264/264 265/265
f 269/269 270/270 264/264
f 29/29 30/30 31/31
f 299/299 297/297 270/270
f 299/299 298/298 297/297
f 299/299 301/301 298/298
f 298/298 301/301 303/303
f 2014/2014 2015/2015 2012/2012
f 2012/2012 2013/2013 2014/2014
f 1622/1622 1623/1623 1624/1624
f 694/694 696/696 697/697
f 694/694 695/695 696/696
f 2016/2016 2017/2017 2018/2018
f 2018/2018 2017/2017 2019/2019
f 1637/1637 1635/1635 1634/1634
f 1634/1634 1635/1635 1636/1636
f 895/895 897/897 898/898
f 895/895 896/896 897/897
f 135/135 136/136 137/137
f 138/138 136/136 135/135
f 893/893 894/894 895/895
f 894/894 896/896 895/895
f 886/886 893/893 895/895
f 886/886 895/895 890/890
f 237/237 238/238 240/240
f 239/239 240/240 238/238
f 239/239 238/238 288/288
f 287/287 288/288 238/238
f 235/235 287/287 238/238
f 287/287 235/235 286/286
f 234/234 282/282 235/235
f 234/234 235/235 236/236
f 236/236 235/235 237/237
f 237/237 235/235 238/238
f 240/240 239/239 241/241
f 239/239 242/242 241/241
f 239/239 289/289 242/242
f 239/239 288/288 289/289
f 267/267 281/281 250/250
f 265/265 267/267 250/250
f 250/250 281/281 234/234
f 234/234 281/281 282/282
f 1124/1124 1121/1121 1123/1123
f 1123/1123 1121/1121 1122/1122
f 1122/1122 1121/1121 1117/1117
f 1121/1121 1120/1120 1117/1117
f 1118/1118 1117/1117 1120/1120
f 1117/1117 1118/1118 1119/1119
f 1126/1126 1125/1125 1120/1120
f 1120/1120 1125/1125 1118/1118
f 1787/1787 1780/1780 1782/1782
f 1780/1780 1779/1779 1782/1782
f 1782/1782 1779/1779 1781/1781
f 1781/1781 1779/1779 1753/1753
f 1130/1130 1120/1120 1121/1121
f 2020/2020 2021/2021 2022/2022
f 2023/2023 2020/2020 2022/2022
f 592/592 577/577 578/578
f 461/461 444/444 452/452
f 461/461 452/452 462/462
f 444/444 445/445 452/452
f 445/445 459/459 452/452
f 445/445 448/448 459/459
f 448/448 460/460 459/459
f 1766/1766 1763/1763 1767/1767
f 1766/1766 1765/1765 1763/1763
f 1104/1104 1105/1105 1106/1106
f 1130/1130 1126/1126 1120/1120
f 2024/2024 2025/2025 2026/2026
f 2026/2026 2025/2025 2027/2027
f 1132/1132 1130/1130 1121/1121
f 1141/1141 1132/1132 1121/1121
f 1765/1765 1764/1764 1763/1763
f 1765/1765 1772/1772 1764/1764
f 1760/1760 1762/1762 1759/1759
f 1761/1761 1762/1762 1760/1760
f 1763/1763 1762/1762 1761/1761
f 1763/1763 1764/1764 1762/1762
f 1774/1774 1773/1773 1768/1768
f 1773/1773 1767/1767 1768/1768
f 1713/1713 1714/1714 1715/1715
f 1768/1768 1767/1767 1761/1761
f 1767/1767 1763/1763 1761/1761
f 468/468 464/464 469/469
f 464/464 463/463 469/469
f 1792/1792 1778/1778 1790/1790
f 1790/1790 1778/1778 1780/1780
f 1791/1791 1790/1790 1787/1787
f 1790/1790 1780/1780 1787/1787
f 453/453 454/454 450/450
f 2029/2029 2031/2031 2030/2030
f 2028/2028 2029/2029 2030/2030
f 1776/1776 1775/1775 1770/1770
f 1775/1775 1769/1769 1770/1770
f 1771/1771 1770/1770 1755/1755
f 1770/1770 1758/1758 1755/1755
f 1777/1777 1771/1771 1751/1751
f 1751/1751 1771/1771 1755/1755
f 1751/1751 1755/1755 1752/1752
f 1778/1778 1777/1777 1751/1751
f 1771/1771 1776/1776 1770/1770
f 1777/1777 1776/1776 1771/1771
f 1755/1755 1756/1756 1754/1754
f 26/26 27/27 28/28
f 1758/1758 1760/1760 1759/1759
f 1757/1757 1758/1758 1759/1759
f 1755/1755 1758/1758 1757/1757
f 1755/1755 1757/1757 1756/1756
f 2032/2032 2028/2028 2030/2030
f 1768/1768 1761/1761 1769/1769
f 1769/1769 1761/1761 1760/1760
f 1770/1770 1769/1769 1758/1758
f 1769/1769 1760/1760 1758/1758
f 1775/1775 1774/1774 1768/1768
f 1775/1775 1768/1768 1769/1769
f 1125/1125 1133/1133 1129/1129
f 1134/1134 1138/1138 1137/1137
f 1137/1137 1133/1133 1134/1134
f 453/453 450/450 446/446
f 143/143 144/144 145/145
f 144/144 146/146 145/145
f 447/447 451/451 458/458
f 447/447 458/458 457/457
f 447/447 457/457 448/448
f 443/443 449/449 448/448
f 443/443 448/448 445/445
f 1134/1134 1133/1133 1125/1125
f 1134/1134 1125/1125 1126/1126
f 446/446 450/450 447/447
f 447/447 450/450 451/451
f 448/448 449/449 446/446
f 446/446 447/447 448/448
f 1751/1751 1752/1752 1753/1753
f 1779/1779 1751/1751 1753/1753
f 1780/1780 1778/1778 1779/1779
f 1778/1778 1751/1751 1779/1779
f 464/464 461/461 463/463
f 463/463 461/461 462/462
f 1741/1741 1740/1740 1731/1731
f 1877/1877 1879/1879 1878/1878
f 1736/1736 1740/1740 1739/1739
f 1107/1107 1110/1110 1108/1108
f 1737/1737 1738/1738 1739/1739
f 1739/1739 1738/1738 1736/1736
f 156/156 157/157 158/158
f 159/159 157/157 156/156
f 1742/1742 1741/1741 1733/1733
f 1741/1741 1731/1731 1733/1733
f 1939/1939 1938/1938 1940/1940
f 1937/1937 1938/1938 1939/1939
f 1280/1280 1293/1293 1292/1292
f 1291/1291 1280/1280 1292/1292
f 1425/1425 1424/1424 1423/1423
f 1425/1425 1427/1427 1424/1424
f 160/160 161/161 162/162
f 162/162 161/161 163/163
f 2034/2034 2035/2035 2036/2036
f 2037/2037 2034/2034 2036/2036
f 2038/2038 2039/2039 2040/2040
f 2038/2038 2040/2040 2041/2041
f 1170/1170 1166/1166 1168/1168
f 1117/1117 1119/1119 1140/1140
f 1127/1127 1128/1128 1119/1119
f 1129/1129 1127/1127 1125/1125
f 1129/1129 1128/1128 1127/1127
f 1118/1118 1125/1125 1127/1127
f 1118/1118 1127/1127 1119/1119
f 1119/1119 1128/1128 1131/1131
f 1119/1119 1131/1131 1142/1142
f 1166/1166 1167/1167 1168/1168
f 1641/1641 1642/1642 1643/1643
f 1260/1260 1261/1261 1262/1262
f 748/748 744/744 746/746
f 744/744 745/745 746/746
f 747/747 746/746 745/745
f 397/397 399/399 371/371
f 396/396 375/375 377/377
f 381/381 396/396 377/377
f 1794/1794 1793/1793 1807/1807
f 1793/1793 1802/1802 1807/1807
f 396/396 403/403 375/375
f 403/403 374/374 375/375
f 1793/1793 1754/1754 1802/1802
f 1754/1754 1803/1803 1802/1802
f 1781/1781 1753/1753 1793/1793
f 1781/1781 1793/1793 1794/1794
f 403/403 373/373 374/374
f 402/402 373/373 403/403
f 1370/1370 1373/1373 1371/1371
f 1370/1370 1371/1371 1372/1372
f 1847/1847 1849/1849 1851/1851
f 1847/1847 1851/1851 1850/1850
f 1846/1846 1847/1847 1848/1848
f 1848/1848 1847/1847 1850/1850
f 1832/1832 1845/1845 1846/1846
f 1846/1846 1845/1845 1847/1847
f 403/403 407/407 402/402
f 1754/1754 1756/1756 1803/1803
f 402/402 401/401 373/373
f 401/401 370/370 373/373
f 1756/1756 1757/1757 1806/1806
f 1806/1806 1757/1757 1805/1805
f 398/398 397/397 369/369
f 397/397 371/371 369/369
f 406/406 369/369 400/400
f 401/401 400/400 370/370
f 1759/1759 1804/1804 1757/1757
f 1757/1757 1804/1804 1805/1805
f 400/400 369/369 370/370
f 406/406 398/398 369/369
f 2032/2032 2030/2030 2033/2033
f 2049/2049 2044/2044 2050/2050
f 2044/2044 2051/2051 2050/2050
f 492/492 491/491 493/493
f 491/491 502/502 493/493
f 490/490 492/492 507/507
f 492/492 490/490 491/491
f 76/76 77/77 78/78
f 125/125 126/126 127/127
f 1455/1455 1452/1452 1454/1454
f 509/509 508/508 504/504
f 509/509 504/504 505/505
f 507/507 492/492 504/504
f 507/507 504/504 508/508
f 958/958 959/959 953/953
f 958/958 953/953 956/956
f 2065/2065 2063/2063 2062/2062
f 2062/2062 2063/2063 2064/2064
f 1582/1582 1579/1579 1581/1581
f 1583/1583 1582/1582 1581/1581
f 953/953 959/959 960/960
f 953/953 960/960 954/954
f 2066/2066 2067/2067 2068/2068
f 424/424 423/423 422/422
f 425/425 423/423 424/424
f 1338/1338 1339/1339 1336/1336
f 1336/1336 1337/1337 1338/1338
f 1706/1706 1705/1705 1707/1707
f 1707/1707 1705/1705 1708/1708
f 1338/1338 1337/1337 1340/1340
f 1340/1340 1337/1337 1341/1341
f 2069/2069 2070/2070 2071/2071
f 1630/1630 1629/1629 1628/1628
f 1585/1585 1579/1579 1584/1584
f 1584/1584 1579/1579 1582/1582
f 1629/1629 1626/1626 1628/1628
f 66/66 67/67 68/68
f 1586/1586 1585/1585 1584/1584
f 1340/1340 1342/1342 1343/1343
f 1341/1341 1342/1342 1340/1340
f 184/184 178/178 185/185
f 1540/1540 1537/1537 1539/1539
f 2072/2072 2073/2073 2074/2074
f 1537/1537 1538/1538 1539/1539
f 2072/2072 2074/2074 2075/2075
f 2084/2084 2088/2088 2087/2087
f 466/466 464/464 468/468
f 465/465 464/464 466/466
f 465/465 461/461 464/464
f 465/465 467/467 461/461
f 1798/1798 1790/1790 1797/1797
f 1797/1797 1790/1790 1791/1791
f 2090/2090 2091/2091 2092/2092
f 2092/2092 2091/2091 2093/2093
f 2082/2082 2083/2083 2084/2084
f 2083/2083 2085/2085 2084/2084
f 2086/2086 2082/2082 2084/2084
f 2086/2086 2084/2084 2087/2087
f 175/175 178/178 179/179
f 175/175 182/182 177/177
f 175/175 177/177 178/178
f 504/504 492/492 494/494
f 494/494 492/492 493/493
f 1579/1579 1580/1580 1581/1581
f 1628/1628 1626/1626 1625/1625
f 1541/1541 1543/1543 1537/1537
f 1543/1543 1544/1544 1537/1537
f 2094/2094 2095/2095 2096/2096
f 2094/2094 2096/2096 2097/2097
f 1542/1542 1541/1541 1540/1540
f 1540/1540 1541/1541 1537/1537
f 176/176 177/177 182/182
f 177/177 176/176 181/181
f 494/494 496/496 497/497
f 497/497 496/496 498/498
f 176/176 180/180 181/181
f 500/500 501/501 503/503
f 500/500 498/498 501/501
f 497/497 498/498 500/500
f 493/493 495/495 494/494
f 494/494 495/495 496/496
f 150/150 151/151 152/152
f 1572/1572 1573/1573 1574/1574
f 498/498 496/496 499/499
f 498/498 499/499 470/470
f 2100/2100 2099/2099 2101/2101
f 2098/2098 2099/2099 2100/2100
f 502/502 481/481 493/493
f 481/481 495/495 493/493
f 505/505 497/497 500/500
f 2105/2105 2103/2103 2102/2102
f 2102/2102 2103/2103 2104/2104
f 506/506 505/505 500/500
f 625/625 626/626 627/627
f 1604/1604 1605/1605 1606/1606
f 1393/1393 1394/1394 1395/1395
f 186/186 180/180 176/176
f 1601/1601 1602/1602 1603/1603
f 1573/1573 1577/1577 1576/1576
f 1577/1577 1578/1578 1576/1576
f 2109/2109 2107/2107 2106/2106
f 2106/2106 2107/2107 2108/2108
f 168/168 169/169 176/176
f 175/175 174/174 166/166
f 171/171 166/166 174/174
f 170/170 166/166 171/171
f 170/170 164/164 166/166
f 166/166 182/182 175/175
f 167/167 165/165 164/164
f 164/164 165/165 166/166
f 166/166 165/165 182/182
f 167/167 169/169 168/168
f 182/182 168/168 176/176
f 167/167 168/168 165/165
f 165/165 168/168 182/182
f 505/505 504/504 497/497
f 497/497 504/504 494/494
f 481/481 473/473 477/477
f 442/442 443/443 444/444
f 443/443 445/445 444/444
f 2110/2110 2111/2111 2112/2112
f 2112/2112 2111/2111 2113/2113
f 470/470 465/465 471/471
f 470/470 467/467 465/465
f 1574/1574 1573/1573 1575/1575
f 1575/1575 1573/1573 1576/1576
f 2114/2114 2111/2111 2110/2110
f 2115/2115 2114/2114 2110/2110
f 2079/2079 2080/2080 2081/2081
f 2076/2076 2077/2077 2078/2078
f 1667/1667 1664/1664 1666/1666
f 1666/1666 1664/1664 1665/1665
f 1642/1642 1668/1668 1643/1643
f 1642/1642 1660/1660 1668/1668
f 1656/1656 1660/1660 1642/1642
f 1674/1674 1668/1668 1670/1670
f 1643/1643 1668/1668 1674/1674
f 1665/1665 1656/1656 1642/1642
f 1666/1666 1665/1665 1641/1641
f 1641/1641 1665/1665 1642/1642
f 881/881 883/883 882/882
f 1655/1655 1661/1661 1654/1654
f 1661/1661 1663/1663 1654/1654
f 880/880 881/881 882/882
f 475/475 480/480 479/479
f 475/475 485/485 480/480
f 2118/2118 2117/2117 2119/2119
f 2121/2121 2122/2122 2123/2123
f 2117/2117 2116/2116 2120/2120
f 2116/2116 2117/2117 2118/2118
f 2124/2124 2125/2125 2126/2126
f 2124/2124 2126/2126 2127/2127
f 456/456 475/475 455/455
f 454/454 456/456 455/455
f 450/450 454/454 455/455
f 456/456 476/476 475/475
f 2128/2128 2129/2129 2130/2130
f 2128/2128 2130/2130 2131/2131
f 476/476 484/484 475/475
f 475/475 484/484 485/485
f 1650/1650 1651/1651 1645/1645
f 1645/1645 1651/1651 1677/1677
f 1651/1651 1678/1678 1677/1677
f 1670/1670 1669/1669 1671/1671
f 1668/1668 1669/1669 1670/1670
f 1675/1675 1685/1685 1672/1672
f 1321/1321 1324/1324 1322/1322
f 1321/1321 1322/1322 1323/1323
f 1671/1671 1675/1675 1672/1672
f 1670/1670 1672/1672 1673/1673
f 1671/1671 1672/1672 1670/1670
f 2132/2132 2133/2133 2134/2134
f 1646/1646 1645/1645 1677/1677
f 1646/1646 1677/1677 1669/1669
f 1675/1675 1680/1680 1688/1688
f 1675/1675 1688/1688 1685/1685
f 472/472 456/456 454/454
f 474/474 456/456 472/472
f 482/482 478/478 472/472
f 1719/1719 1720/1720 1721/1721
f 474/474 478/478 456/456
f 456/456 478/478 476/476
f 1650/1650 1652/1652 1651/1651
f 1650/1650 1653/1653 1652/1652
f 1654/1654 1653/1653 1650/1650
f 1654/1654 1650/1650 1655/1655
f 489/489 486/486 490/490
f 490/490 486/486 491/491
f 434/434 435/435 436/436
f 434/434 437/437 435/435
f 437/437 440/440 435/435
f 440/440 478/478 435/435
f 440/440 488/488 478/478
f 436/436 478/478 482/482
f 436/436 435/435 478/478
f 1656/1656 1646/1646 1660/1660
f 1649/1649 1646/1646 1656/1656
f 1646/1646 1669/1669 1660/1660
f 1660/1660 1669/1669 1668/1668
f 1644/1644 1645/1645 1646/1646
f 1658/1658 1648/1648 1647/1647
f 1657/1657 1647/1647 1656/1656
f 1647/1647 1649/1649 1656/1656
f 1659/1659 1648/1648 1658/1658
f 1657/1657 1658/1658 1647/1647
f 1662/1662 1658/1658 1657/1657
f 1647/1647 1648/1648 1649/1649
f 1645/1645 1644/1644 1650/1650
f 1655/1655 1650/1650 1644/1644
f 1648/1648 1655/1655 1644/1644
f 1665/1665 1657/1657 1656/1656
f 1664/1664 1657/1657 1665/1665
f 1662/1662 1657/1657 1664/1664
f 1129/1129 1136/1136 1128/1128
f 1649/1649 1644/1644 1646/1646
f 1649/1649 1648/1648 1644/1644
f 1133/1133 1135/1135 1129/1129
f 1137/1137 1135/1135 1133/1133
f 480/480 487/487 479/479
f 1139/1139 1136/1136 1135/1135
f 1136/1136 1129/1129 1135/1135
f 450/450 475/475 458/458
f 451/451 450/450 458/458
f 475/475 479/479 458/458
f 450/450 455/455 475/475
f 473/473 482/482 472/472
f 486/486 436/436 482/482
f 122/122 123/123 124/124
f 482/482 473/473 483/483
f 486/486 483/483 473/473
f 1452/1452 1455/1455 1453/1453
f 1452/1452 1453/1453 1454/1454
f 437/437 488/488 440/440
f 116/116 117/117 118/118
f 472/472 453/453 473/473
f 454/454 453/453 472/472
f 473/473 453/453 477/477
f 178/178 184/184 179/179
f 179/179 174/174 175/175
f 523/523 521/521 524/524
f 525/525 523/523 524/524
f 207/207 208/208 209/209
f 528/528 529/529 525/525
f 523/523 525/525 529/529
f 217/217 219/219 216/216
f 219/219 230/230 216/216
f 431/431 413/413 417/417
f 433/433 431/431 417/417
f 417/417 421/421 432/432
f 433/433 417/417 432/432
f 1374/1374 1375/1375 1376/1376
f 1160/1160 1161/1161 1162/1162
f 206/206 214/214 211/211
f 206/206 211/211 208/208
f 216/216 215/215 204/204
f 217/217 216/216 204/204
f 1348/1348 1349/1349 1350/1350
f 1348/1348 1350/1350 1351/1351
f 206/206 204/204 214/214
f 204/204 215/215 214/214
f 207/207 206/206 208/208
f 217/217 204/204 203/203
f 518/518 519/519 520/520
f 203/203 204/204 205/205
f 518/518 522/522 519/519
f 205/205 204/204 206/206
f 520/520 521/521 523/523
f 205/205 206/206 207/207
f 520/520 519/519 521/521
f 218/218 217/217 203/203
f 218/218 219/219 217/217
f 172/172 170/170 171/171
f 172/172 171/171 173/173
f 173/173 171/171 174/174
f 2135/2135 2136/2136 2137/2137
f 1146/1146 1147/1147 1148/1148
f 208/208 211/211 212/212
f 211/211 213/213 212/212
f 1477/1477 1478/1478 1479/1479
f 1625/1625 1626/1626 1627/1627
f 1179/1179 1176/1176 1194/1194
f 1193/1193 1179/1179 1194/1194
f 1194/1194 1176/1176 1195/1195
f 1193/1193 1192/1192 1181/1181
f 1193/1193 1181/1181 1179/1179
f 1178/1178 1189/1189 1195/1195
f 1176/1176 1177/1177 1178/1178
f 1195/1195 1176/1176 1178/1178
f 1178/1178 1177/1177 1189/1189
f 1610/1610 1611/1611 1612/1612
f 900/900 901/901 902/902
f 901/901 889/889 902/902
f 907/907 908/908 901/901
f 908/908 909/909 901/901
f 929/929 908/908 930/930
f 908/908 907/907 930/930
f 911/911 892/892 885/885
f 909/909 911/911 885/885
f 901/901 885/885 889/889
f 901/901 909/909 885/885
f 928/928 923/923 910/910
f 908/908 910/910 909/909
f 910/910 911/911 909/909
f 928/928 910/910 929/929
f 929/929 910/910 908/908
f 924/924 906/906 905/905
f 905/905 906/906 904/904
f 904/904 903/903 905/905
f 904/904 906/906 900/900
f 904/904 900/900 903/903
f 924/924 907/907 906/906
f 906/906 901/901 900/900
f 924/924 930/930 907/907
f 906/906 907/907 901/901
f 902/902 917/917 919/919
f 912/912 902/902 919/919
f 900/900 902/902 903/903
f 903/903 902/902 912/912
f 889/889 885/885 884/884
f 889/889 887/887 918/918
f 884/884 885/885 886/886
f 1257/1257 1258/1258 1259/1259
f 935/935 934/934 930/930
f 934/934 929/929 930/930
f 939/939 940/940 934/934
f 940/940 941/941 934/934
f 940/940 938/938 941/941
f 1918/1918 1921/1921 1922/1922
f 2138/2138 2139/2139 2140/2140
f 2141/2141 2138/2138 2140/2140
f 2147/2147 2144/2144 2146/2146
f 2144/2144 2145/2145 2146/2146
f 1919/1919 1920/1920 1918/1918
f 1918/1918 1920/1920 1921/1921
f 2142/2142 2139/2139 2138/2138
f 2142/2142 2143/2143 2139/2139
f 1916/1916 1918/1918 1917/1917
f 1916/1916 1919/1919 1918/1918
f 2149/2149 2151/2151 2150/2150
f 892/892 893/893 886/886
f 885/885 892/892 886/886
f 892/892 899/899 894/894
f 892/892 894/894 893/893
f 964/964 963/963 962/962
f 961/961 962/962 963/963
f 927/927 947/947 946/946
f 945/945 927/927 946/946
f 596/596 594/594 593/593
f 902/902 889/889 917/917
f 917/917 889/889 918/918
f 2148/2148 2149/2149 2150/2150
f 910/910 923/923 922/922
f 910/910 922/922 911/911
f 922/922 923/923 899/899
f 923/923 925/925 899/899
f 925/925 927/927 899/899
f 899/899 927/927 945/945
f 926/926 927/927 925/925
f 926/926 925/925 923/923
f 1616/1616 1617/1617 1618/1618
f 1728/1728 1729/1729 1730/1730
f 1620/1620 1617/1617 1619/1619
f 1617/1617 1616/1616 1619/1619
f 2152/2152 2153/2153 2154/2154
f 931/931 932/932 926/926
f 923/923 931/931 926/926
f 2155/2155 2156/2156 2157/2157
f 938/938 937/937 931/931
f 937/937 932/932 931/931
f 596/596 593/593 597/597
f 863/863 860/860 864/864
f 808/808 814/814 810/810
f 869/869 870/870 863/863
f 869/869 863/863 864/864
f 1423/1423 1424/1424 1419/1419
f 1424/1424 1426/1426 1419/1419
f 1419/1419 1426/1426 1422/1422
f 1551/1551 1552/1552 1553/1553
f 1419/1419 1422/1422 1420/1420
f 865/865 853/853 857/857
f 865/865 857/857 863/863
f 1419/1419 1420/1420 1421/1421
f 857/857 860/860 863/863
f 853/853 856/856 857/857
f 2161/2161 2158/2158 2160/2160
f 2158/2158 2159/2159 2160/2160
f 2162/2162 2163/2163 2164/2164
f 2165/2165 2163/2163 2162/2162
f 330/330 340/340 348/348
f 340/340 349/349 348/348
f 330/330 348/348 347/347
f 271/271 248/248 243/243
f 258/258 248/248 271/271
f 272/272 258/258 271/271
f 866/866 860/860 867/867
f 860/860 861/861 867/867
f 860/860 857/857 858/858
f 861/861 860/860 858/858
f 334/334 341/341 342/342
f 335/335 334/334 342/342
f 334/334 328/328 341/341
f 341/341 328/328 330/330
f 328/328 329/329 330/330
f 329/329 340/340 330/330
f 330/330 347/347 341/341
f 1532/1532 1529/1529 1533/1533
f 1532/1532 1533/1533 1534/1534
f 332/332 328/328 333/333
f 333/333 328/328 334/334
f 1526/1526 1530/1530 1527/1527
f 1530/1530 1531/1531 1527/1527
f 338/338 339/339 337/337
f 339/339 344/344 337/337
f 1294/1294 1292/1292 1293/1293
f 915/915 916/916 921/921
f 1528/1528 1526/1526 1525/1525
f 1525/1525 1526/1526 1527/1527
f 331/331 338/338 337/337
f 331/331 337/337 329/329
f 332/332 331/331 328/328
f 1529/1529 1528/1528 1525/1525
f 1529/1529 1525/1525 1533/1533
f 331/331 329/329 328/328
f 903/903 912/912 913/913
f 913/913 912/912 914/914
f 915/915 913/913 914/914
f 915/915 914/914 916/916
f 914/914 920/920 916/916
f 916/916 920/920 921/921
f 914/914 912/912 920/920
f 920/920 912/912 919/919
f 847/847 849/849 846/846
f 844/844 847/847 846/846
f 843/843 841/841 844/844
f 2166/2166 2167/2167 2168/2168
f 843/843 844/844 845/845
f 844/844 846/846 845/845
f 842/842 841/841 843/843
f 1057/1057 1056/1056 1058/1058
f 1057/1057 1058/1058 1059/1059
f 1062/1062 1057/1057 1063/1063
f 1057/1057 1059/1059 1063/1063
f 852/852 845/845 850/850
f 852/852 850/850 854/854
f 843/843 845/845 852/852
f 853/853 843/843 852/852
f 855/855 852/852 854/854
f 855/855 854/854 868/868
f 1012/1012 1011/1011 1009/1009
f 1011/1011 1007/1007 1009/1009
f 853/853 852/852 856/856
f 852/852 855/855 856/856
f 859/859 855/855 868/868
f 858/858 855/855 859/859
f 857/857 855/855 858/858
f 857/857 856/856 855/855
f 337/337 344/344 345/345
f 344/344 346/346 345/345
f 1731/1731 1736/1736 1735/1735
f 1287/1287 1281/1281 1283/1283
f 1287/1287 1283/1283 1290/1290
f 1290/1290 1283/1283 1288/1288
f 1113/1113 1114/1114 1115/1115
f 1690/1690 1691/1691 1692/1692
f 153/153 154/154 155/155
f 1734/1734 1732/1732 1731/1731
f 1731/1731 1732/1732 1733/1733
f 1735/1735 1734/1734 1731/1731
f 1740/1740 1736/1736 1731/1731
f 1111/1111 1113/1113 1116/1116
f 1116/1116 1113/1113 1115/1115
f 1272/1272 1273/1273 1269/1269
f 1111/1111 1112/1112 1113/1113
f 1400/1400 1403/1403 1402/1402
f 1402/1402 1403/1403 1404/1404
f 704/704 705/705 703/703
f 699/699 704/704 703/703
f 754/754 755/755 756/756
f 1404/1404 1403/1403 1405/1405
f 698/698 701/701 702/702
f 698/698 700/700 701/701
f 1080/1080 1081/1081 1079/1079
f 1080/1080 1079/1079 1075/1075
f 1075/1075 1079/1079 1078/1078
f 1075/1075 1078/1078 1071/1071
f 1078/1078 1077/1077 1071/1071
f 1082/1082 1083/1083 1081/1081
f 699/699 703/703 700/700
f 698/698 699/699 700/700
f 1082/1082 1081/1081 1080/1080
f 1514/1514 1515/1515 1516/1516
f 1514/1514 1516/1516 1517/1517
f 879/879 872/872 876/876
f 53/53 54/54 55/55
f 1076/1076 1077/1077 1090/1090
f 1076/1076 1090/1090 1055/1055
f 1052/1052 1055/1055 1056/1056
f 1052/1052 1056/1056 1057/1057
f 1053/1053 1052/1052 1057/1057
f 1062/1062 1053/1053 1057/1057
f 1051/1051 1052/1052 1053/1053
f 1053/1053 1055/1055 1052/1052
f 1051/1051 1054/1054 1052/1052
f 1054/1054 1076/1076 1055/1055
f 1054/1054 1055/1055 1052/1052
f 1053/1053 1062/1062 1064/1064
f 1053/1053 1064/1064 1065/1065
f 1051/1051 1053/1053 1065/1065
f 1066/1066 1051/1051 1065/1065
f 1071/1071 1077/1077 1076/1076
f 1070/1070 1076/1076 1051/1051
f 1051/1051 1076/1076 1054/1054
f 1072/1072 1071/1071 1069/1069
f 1075/1075 1071/1071 1072/1072
f 1071/1071 1076/1076 1070/1070
f 1069/1069 1070/1070 1051/1051
f 1069/1069 1051/1051 1068/1068
f 1069/1069 1071/1071 1070/1070
f 1068/1068 1072/1072 1069/1069
f 1072/1072 1068/1068 1073/1073
f 1401/1401 1400/1400 1402/1402
f 1399/1399 1400/1400 1401/1401
f 1401/1401 1406/1406 1399/1399
f 1406/1406 1401/1401 1407/1407
f 1044/1044 1045/1045 1046/1046
f 1047/1047 1044/1044 1046/1046
f 1087/1087 1047/1047 1050/1050
f 1046/1046 1050/1050 1047/1047
f 1283/1283 1284/1284 1288/1288
f 1048/1048 1045/1045 1044/1044
f 1049/1049 1048/1048 1044/1044
f 1271/1271 1270/1270 1274/1274
f 1406/1406 1407/1407 1408/1408
f 1269/1269 1270/1270 1271/1271
f 1272/1272 1269/1269 1271/1271
f 1282/1282 1286/1286 1284/1284
f 1282/1282 1284/1284 1283/1283
f 1288/1288 1284/1284 1289/1289
f 1289/1289 1284/1284 1278/1278
f 1281/1281 1285/1285 1282/1282
f 1281/1281 1282/1282 1283/1283
f 1710/1710 1711/1711 1712/1712
f 1680/1680 1686/1686 1688/1688
f 1686/1686 1689/1689 1688/1688
f 1679/1679 1686/1686 1680/1680
f 1678/1678 1679/1679 1680/1680
f 105/105 106/106 107/107
f 102/102 103/103 104/104
f 1613/1613 1614/1614 1615/1615
f 1651/1651 1652/1652 1678/1678
f 1652/1652 1679/1679 1678/1678
f 1068/1068 1051/1051 1067/1067
f 1066/1066 1067/1067 1051/1051
f 837/837 848/848 838/838
f 837/837 838/838 839/839
f 837/837 839/839 840/840
f 1084/1084 1074/1074 1073/1073
f 1084/1084 1073/1073 1085/1085
f 1354/1354 1355/1355 1352/1352
f 1278/1278 1279/1279 1280/1280
f 39/39 40/40 41/41
f 1073/1073 1068/1068 1086/1086
f 1085/1085 1073/1073 1086/1086
f 1085/1085 1086/1086 1091/1091
f 1092/1092 1085/1085 1091/1091
f 840/840 841/841 842/842
f 840/840 839/839 841/841
f 756/756 755/755 757/757
f 1074/1074 1072/1072 1073/1073
f 1087/1087 1074/1074 1084/1084
f 1050/1050 1074/1074 1087/1087
f 826/826 828/828 829/829
f 826/826 827/827 828/828
f 1352/1352 1353/1353 1354/1354
f 1214/1214 1215/1215 1216/1216
f 1291/1291 1289/1289 1280/1280
f 1289/1289 1278/1278 1280/1280
f 1595/1595 1594/1594 1597/1597
f 624/624 619/619 621/621
f 1883/1883 1884/1884 1885/1885
f 619/619 620/620 621/621
f 128/128 129/129 130/130
f 1171/1171 1170/1170 1168/1168
f 1220/1220 1221/1221 1222/1222
f 1220/1220 1222/1222 1225/1225
f 620/620 623/623 622/622
f 621/621 620/620 622/622
f 1217/1217 1218/1218 1219/1219
f 1226/1226 1227/1227 1228/1228
f 1895/1895 1896/1896 1897/1897
f 1456/1456 1457/1457 1458/1458
f 1895/1895 1897/1897 1898/1898
f 1457/1457 1459/1459 1458/1458
f 1824/1824 1823/1823 1820/1820
f 1823/1823 1821/1821 1820/1820
f 1809/1809 1823/1823 1824/1824
f 1809/1809 1825/1825 1823/1823
f 1460/1460 1461/1461 1462/1462
f 1461/1461 1463/1463 1462/1462
f 1436/1436 1435/1435 1438/1438
f 1025/1025 1024/1024 1023/1023
f 1460/1460 1459/1459 1461/1461
f 1458/1458 1459/1459 1460/1460
f 1437/1437 1434/1434 1436/1436
f 1434/1434 1435/1435 1436/1436
f 1224/1224 1223/1223 1220/1220
f 1223/1223 1221/1221 1220/1220
f 1024/1024 1022/1022 1023/1023
f 1023/1023 1022/1022 1021/1021
f 1834/1834 1833/1833 1829/1829
f 1829/1829 1833/1833 1830/1830
f 1596/1596 1594/1594 1593/1593
f 1593/1593 1594/1594 1595/1595
f 1826/1826 1827/1827 1828/1828
f 1826/1826 1828/1828 1835/1835
f 1843/1843 1822/1822 1826/1826
f 1834/1834 1835/1835 1833/1833
f 1836/1836 1843/1843 1826/1826
f 1836/1836 1826/1826 1835/1835
f 1836/1836 1835/1835 1834/1834
f 1820/1820 1821/1821 1822/1822
f 1843/1843 1820/1820 1822/1822
f 277/277 310/310 273/273
f 277/277 273/273 276/276
f 341/341 347/347 343/343
f 342/342 341/341 343/343
f 273/273 271/271 274/274
f 272/272 271/271 273/273
f 274/274 243/243 278/278
f 271/271 243/243 274/274
f 278/278 244/244 280/280
f 244/244 278/278 243/243
f 1873/1873 1872/1872 1874/1874
f 1873/1873 1866/1866 1872/1872
f 1638/1638 1639/1639 1640/1640
f 1566/1566 1562/1562 1564/1564
f 273/273 274/274 275/275
f 276/276 273/273 275/275
f 275/275 274/274 278/278
f 275/275 278/278 279/279
f 1865/1865 1864/1864 1866/1866
f 1864/1864 1867/1867 1866/1866
f 1009/1009 1008/1008 1010/1010
f 1007/1007 1008/1008 1009/1009
f 862/862 867/867 861/861
f 815/815 816/816 812/812
f 1093/1093 1094/1094 1095/1095
f 815/815 812/812 807/807
f 871/871 867/867 862/862
f 1866/1866 1867/1867 1871/1871
f 1722/1722 1723/1723 1724/1724
f 1866/1866 1871/1871 1872/1872
f 7/7 8/8 9/9
f 1867/1867 1864/1864 1868/1868
f 1868/1868 1869/1869 1867/1867
f 1869/1869 1850/1850 1851/1851
f 1868/1868 1850/1850 1869/1869
f 1524/1524 1521/1521 1523/1523
f 1562/1562 1563/1563 1564/1564
f 1563/1563 1565/1565 1564/1564
f 1521/1521 1522/1522 1523/1523
f 861/861 859/859 862/862
f 861/861 858/858 859/859
f 536/536 541/541 540/540
f 536/536 540/540 537/537
f 1709/1709 1704/1704 1706/1706
f 1704/1704 1705/1705 1706/1706
f 1495/1495 1496/1496 1494/1494
f 1494/1494 1496/1496 1497/1497
f 535/535 536/536 537/537
f 535/535 538/538 536/536
f 2055/2055 2054/2054 2053/2053
f 2054/2054 2052/2052 2053/2053
f 689/689 688/688 690/690
f 688/688 689/689 674/674
f 673/673 671/671 674/674
f 674/674 671/671 688/688
f 2042/2042 2043/2043 2044/2044
f 997/997 994/994 1002/1002
f 1000/1000 997/997 1002/1002
f 986/986 989/989 987/987
f 986/986 987/987 988/988
f 563/563 566/566 564/564
f 1617/1617 1620/1620 1621/1621
f 567/567 563/563 565/565
f 1431/1431 1432/1432 1433/1433
f 563/563 564/564 565/565
f 1693/1693 1694/1694 1695/1695
f 989/989 999/999 987/987
f 999/999 998/998 987/987
f 1001/1001 987/987 1000/1000
f 987/987 997/997 1000/1000
f 706/706 708/708 707/707
f 706/706 705/705 704/704
f 706/706 707/707 705/705
f 993/993 991/991 990/990
f 990/990 991/991 992/992
f 994/994 995/995 993/993
f 994/994 993/993 990/990
f 996/996 995/995 994/994
f 997/997 996/996 994/994
f 998/998 996/996 997/997
f 987/987 998/998 997/997
f 2045/2045 2043/2043 2042/2042
f 2046/2046 2045/2045 2042/2042
f 2047/2047 2045/2045 2046/2046
f 2047/2047 2046/2046 2048/2048
f 2042/2042 2044/2044 2049/2049
f 1003/1003 1006/1006 998/998
f 1491/1491 1490/1490 1487/1487
f 1491/1491 1492/1492 1490/1490
f 691/691 692/692 683/683
f 691/691 683/683 685/685
f 1747/1747 1746/1746 1750/1750
f 1926/1926 1927/1927 1928/1928
f 679/679 691/691 685/685
f 1748/1748 1747/1747 1749/1749
f 1186/1186 1182/1182 1197/1197
f 1746/1746 1747/1747 1748/1748
f 677/677 679/679 666/666
f 677/677 680/680 679/679
f 666/666 663/663 662/662
f 679/679 663/663 666/666
f 679/679 683/683 663/663
f 679/679 685/685 683/683
f 662/662 664/664 670/670
f 662/662 670/670 675/675
f 666/666 662/662 675/675
f 676/676 666/666 675/675
f 676/676 677/677 666/666
f 678/678 677/677 676/676
f 2169/2169 2170/2170 2171/2171
f 2170/2170 2172/2172 2171/2171
f 1489/1489 1488/1488 1494/1494
f 1494/1494 1488/1488 1495/1495
f 1701/1701 1704/1704 1703/1703
f 1703/1703 1704/1704 1709/1709
f 667/667 686/686 669/669
f 686/686 687/687 669/669
f 2059/2059 2058/2058 2057/2057
f 2057/2057 2058/2058 2056/2056
f 669/669 668/668 667/667
f 2055/2055 2053/2053 2056/2056
f 2057/2057 2056/2056 2053/2053
f 665/665 686/686 667/667
f 1899/1899 1900/1900 1901/1901
f 1702/1702 1701/1701 1703/1703
f 1702/1702 1699/1699 1701/1701
f 539/539 538/538 535/535
f 687/687 693/693 669/669
f 664/664 663/663 665/665
f 662/662 663/663 664/664
f 668/668 664/664 667/667
f 665/665 667/667 664/664
f 671/671 668/668 669/669
f 684/684 665/665 663/663
f 663/663 683/683 684/684
f 668/668 671/671 672/672
f 672/672 671/671 673/673
f 1266/1266 1265/1265 1267/1267
f 1978/1978 1979/1979 1980/1980
f 1984/1984 1981/1981 1983/1983
f 1265/1265 1268/1268 1267/1267
f 999/999 1003/1003 998/998
f 1005/1005 1004/1004 999/999
f 999/999 1004/1004 1003/1003
f 1493/1493 1492/1492 1491/1491
f 1493/1493 1486/1486 1492/1492
f 1331/1331 1332/1332 1333/1333
f 1332/1332 1334/1334 1333/1333
f 681/681 680/680 677/677
f 682/682 681/681 677/677
f 1631/1631 1632/1632 1633/1633
f 1332/1332 1331/1331 1335/1335
f 1265/1265 1264/1264 1268/1268
f 1263/1263 1264/1264 1265/1265
f 834/834 833/833 835/835
f 981/981 977/977 979/979
f 836/836 832/832 830/830
f 834/834 830/830 833/833
f 830/830 832/832 833/833
f 830/830 831/831 832/832
f 836/836 831/831 832/832
f 1652/1652 1682/1682 1681/1681
f 1652/1652 1681/1681 1679/1679
f 1684/1684 1682/1682 1652/1652
f 1684/1684 1652/1652 1653/1653
f 1653/1653 1683/1683 1684/1684
f 1654/1654 1683/1683 1653/1653
f 436/436 489/489 441/441
f 436/436 486/486 489/489
f 438/438 434/434 436/436
f 1484/1484 1486/1486 1493/1493
f 1484/1484 1485/1485 1486/1486
f 441/441 439/439 436/436
f 438/438 436/436 439/439
f 977/977 978/978 979/979
f 434/434 438/438 439/439
f 833/833 832/832 831/831
f 980/980 978/978 977/977
f 684/684 683/683 692/692
f 1892/1892 1893/1893 1894/1894
f 1487/1487 1490/1490 1488/1488
f 1487/1487 1488/1488 1489/1489
f 1929/1929 1930/1930 1931/1931
f 1929/1929 1931/1931 1932/1932
f 807/807 812/812 811/811
f 786/786 807/807 811/811
f 806/806 813/813 815/815
f 806/806 815/815 807/807
f 50/50 51/51 52/52
f 810/810 814/814 813/813
f 866/866 864/864 860/860
f 813/813 805/805 810/810
f 805/805 813/813 806/806
f 781/781 805/805 782/782
f 782/782 805/805 806/806
f 1042/1042 1039/1039 1043/1043
f 1231/1231 1235/1235 1236/1236
f 1172/1172 1173/1173 1174/1174
f 1240/1240 1234/1234 1242/1242
f 16/16 17/17 18/18
f 1231/1231 1234/1234 1235/1235
f 1107/1107 1108/1108 1109/1109
f 1172/1172 1175/1175 1173/1173
f 1231/1231 1237/1237 1234/1234
f 1233/1233 1237/1237 1231/1231
f 131/131 132/132 133/133
f 133/133 132/132 134/134
f 791/791 792/792 787/787
f 794/794 792/792 791/791
f 1240/1240 1242/1242 1241/1241
f 1240/1240 1241/1241 1238/1238
f 1234/1234 1238/1238 1235/1235
f 1234/1234 1240/1240 1238/1238
f 1745/1745 1741/1741 1743/1743
f 1876/1876 1877/1877 1878/1878
f 796/796 795/795 797/797
f 796/796 797/797 798/798
f 1390/1390 1391/1391 1392/1392
f 1243/1243 1239/1239 1244/1244
f 1239/1239 1250/1250 1245/1245
f 1244/1244 1239/1239 1245/1245
f 799/799 790/790 796/796
f 790/790 795/795 796/796
f 1498/1498 1499/1499 1500/1500
f 799/799 796/796 817/817
f 34/34 33/33 35/35
f 32/32 33/33 34/34
f 790/790 787/787 789/789
f 790/790 791/791 787/787
f 790/790 793/793 795/795
f 790/790 789/789 793/793
f 1243/1243 1235/1235 1239/1239
f 1235/1235 1238/1238 1239/1239
f 808/808 810/810 805/805
f 808/808 805/805 804/804
f 809/809 808/808 803/803
f 808/808 804/804 803/803
f 785/785 782/782 786/786
f 609/609 613/613 614/614
f 2173/2173 2174/2174 2175/2175
f 609/609 612/612 613/613
f 601/601 607/607 608/608
f 601/601 606/606 607/607
f 780/780 781/781 782/782
f 608/608 607/607 609/609
f 609/609 607/607 612/612
f 785/785 780/780 782/782
f 806/806 807/807 782/782
f 782/782 807/807 786/786
f 780/780 783/783 781/781
f 780/780 784/784 783/783
f 601/601 600/600 606/606
f 599/599 600/600 601/601
f 1151/1151 1154/1154 1149/1149
f 1149/1149 1154/1154 1156/1156
f 599/599 602/602 600/600
f 602/602 603/603 600/600
f 1150/1150 1152/1152 1151/1151
f 1149/1149 1150/1150 1151/1151
f 803/803 802/802 800/800
f 802/802 801/801 800/800
f 604/604 605/605 603/603
f 602/602 604/604 603/603
f 1155/1155 1153/1153 1150/1150
f 1153/1153 1152/1152 1150/1150
f 797/797 800/800 798/798
f 801/801 798/798 800/800
f 817/817 796/796 798/798
f 1518/1518 1519/1519 1520/1520
f 803/803 804/804 802/802
f 783/783 802/802 804/804
f 781/781 804/804 805/805
f 783/783 804/804 781/781
f 1743/1743 1742/1742 1744/1744
f 1741/1741 1742/1742 1743/1743
f 1038/1038 1039/1039 1040/1040
f 1040/1040 1041/1041 1038/1038
f 1607/1607 1608/1608 1609/1609
f 1413/1413 1414/1414 1415/1415
f 1229/1229 1230/1230 1231/1231
f 1229/1229 1231/1231 1236/1236
f 1231/1231 1232/1232 1233/1233
f 1232/1232 1231/1231 1230/1230
f 1674/1674 1673/1673 1676/1676
f 1670/1670 1673/1673 1674/1674
f 641/641 650/650 643/643
f 643/643 650/650 651/651
f 653/653 660/660 652/652
f 652/652 660/660 661/661
f 1783/1783 1781/1781 1801/1801
f 1880/1880 1881/1881 1882/1882
f 404/404 405/405 387/387
f 404/404 387/387 391/391
f 650/650 652/652 651/651
f 653/653 652/652 650/650
f 1028/1028 1031/1031 1030/1030
f 1782/1782 1781/1781 1783/1783
f 1782/1782 1783/1783 1784/1784
f 1795/1795 1788/1788 1789/1789
f 654/654 653/653 650/650
f 655/655 654/654 650/650
f 1784/1784 1783/1783 1785/1785
f 1785/1785 1783/1783 1786/1786
f 1789/1789 1788/1788 1785/1785
f 1788/1788 1784/1784 1785/1785
f 1784/1784 1787/1787 1782/1782
f 1788/1788 1787/1787 1784/1784
f 1315/1315 1316/1316 1317/1317
f 1316/1316 1318/1318 1317/1317
f 1097/1097 1099/1099 1098/1098
f 1096/1096 1097/1097 1098/1098
f 408/408 381/381 405/405
f 405/405 381/381 387/387
f 387/387 380/380 391/391
f 391/391 380/380 390/390
f 387/387 381/381 380/380
f 381/381 377/377 380/380
f 1796/1796 1800/1800 1799/1799
f 1796/1796 1799/1799 1795/1795
f 2089/2089 2087/2087 2088/2088
f 1387/1387 1384/1384 1386/1386
f 1384/1384 1385/1385 1386/1386
f 1388/1388 1385/1385 1389/1389
f 1386/1386 1385/1385 1388/1388
f 1796/1796 1795/1795 1789/1789
f 1791/1791 1787/1787 1788/1788
f 1795/1795 1791/1791 1788/1788
f 2176/2176 2177/2177 2178/2178
f 63/63 64/64 65/65
f 174/174 179/179 183/183
f 173/173 174/174 183/183
f 209/209 208/208 210/210
f 208/208 212/212 210/210
f 525/525 524/524 526/526
f 524/524 527/527 526/526
f 528/528 525/525 526/526
f 528/528 526/526 530/530
f 531/531 528/528 530/530
f 531/531 530/530 532/532
f 1021/1021 1022/1022 1020/1020
f 1021/1021 1020/1020 1019/1019
f 1463/1463 1465/1465 1464/1464
f 1462/1462 1463/1463 1464/1464
f 1308/1308 1304/1304 1309/1309
f 1308/1308 1309/1309 1310/1310
f 2179/2179 2180/2180 2181/2181
f 1310/1310 1309/1309 1311/1311
f 1309/1309 1312/1312 1311/1311
f 1312/1312 1295/1295 1311/1311
f 1311/1311 1295/1295 1314/1314
f 1467/1467 1469/1469 1468/1468
f 1019/1019 1020/1020 1017/1017
f 1019/1019 1017/1017 1018/1018
f 1013/1013 1015/1015 1026/1026
f 1013/1013 1026/1026 1027/1027
f 1034/1034 1033/1033 1032/1032
f 1034/1034 1032/1032 1035/1035
f 1029/1029 1030/1030 1032/1032
f 1029/1029 1032/1032 1033/1033
f 1029/1029 1028/1028 1030/1030
f 1314/1314 1295/1295 1315/1315
f 1295/1295 1316/1316 1315/1315
f 1470/1470 1471/1471 1468/1468
f 1469/1469 1470/1470 1468/1468
f 1017/1017 1014/1014 1016/1016
f 1018/1018 1017/1017 1016/1016
f 1013/1013 1014/1014 1015/1015
f 1016/1016 1014/1014 1013/1013
f 1304/1304 1303/1303 1305/1305
f 1304/1304 1305/1305 1309/1309
f 1312/1312 1305/1305 1319/1319
f 1309/1309 1305/1305 1312/1312
f 23/23 25/25 24/24
f 22/22 23/23 24/24
f 512/512 511/511 513/513
f 510/510 511/511 512/512
f 1316/1316 1297/1297 1320/1320
f 1316/1316 1320/1320 1318/1318
f 533/533 532/532 534/534
f 1295/1295 1296/1296 1297/1297
f 1295/1295 1297/1297 1316/1316
f 1828/1828 1861/1861 1833/1833
f 1835/1835 1828/1828 1833/1833
f 1830/1830 1837/1837 1832/1832
f 1833/1833 1861/1861 1837/1837
f 1833/1833 1837/1837 1830/1830
f 1466/1466 1467/1467 1468/1468
f 1465/1465 1467/1467 1466/1466
f 1464/1464 1465/1465 1466/1466
f 1837/1837 1844/1844 1832/1832
f 1470/1470 1473/1473 1472/1472
f 1471/1471 1470/1470 1472/1472
f 1026/1026 1028/1028 1027/1027
f 1027/1027 1028/1028 1029/1029
f 1027/1027 1029/1029 1036/1036
f 1036/1036 1029/1029 1033/1033
f 1845/1845 1852/1852 1862/1862
f 1845/1845 1862/1862 1854/1854
f 1832/1832 1844/1844 1845/1845
f 1845/1845 1844/1844 1852/1852
f 1481/1481 1482/1482 1483/1483
f 1319/1319 1295/1295 1312/1312
f 1306/1306 1300/1300 1302/1302
f 1307/1307 1300/1300 1306/1306
f 1308/1308 1302/1302 1304/1304
f 1306/1306 1302/1302 1308/1308
f 533/533 531/531 532/532
f 1849/1849 1845/1845 1854/1854
f 1845/1845 1849/1849 1847/1847
f 56/56 57/57 58/58
f 57/57 59/59 58/58
f 1544/1544 1543/1543 1541/1541
f 60/60 61/61 62/62
f 1696/1696 1697/1697 1698/1698
f 203/203 225/225 218/218
f 108/108 110/110 111/111
f 108/108 109/109 110/110
f 92/92 91/91 93/93
f 101/101 98/98 100/100
f 98/98 99/99 100/100
f 1100/1100 1103/1103 1101/1101
f 1100/1100 1101/1101 1102/1102
f 114/114 115/115 112/112
f 112/112 113/113 114/114
f 514/514 510/510 512/512
f 515/515 514/514 512/512
f 188/188 187/187 190/190
f 187/187 188/188 189/189
f 1302/1302 1299/1299 1303/1303
f 1302/1302 1303/1303 1304/1304
f 1444/1444 1443/1443 1439/1439
f 577/577 574/574 578/578
f 1302/1302 1300/1300 1299/1299
f 1298/1298 1299/1299 1300/1300
f 1300/1300 1301/1301 1298/1298
f 1163/1163 1164/1164 1165/1165
f 409/409 410/410 411/411
f 409/409 412/412 410/410
f 1557/1557 1559/1559 1560/1560
f 1443/1443 1442/1442 1439/1439
f 1560/1560 1559/1559 1561/1561
f 1411/1411 1410/1410 1412/1412
f 1409/1409 1410/1410 1411/1411
f 1439/1439 1442/1442 1440/1440
f 510/510 516/516 511/511
f 510/510 517/517 516/516
f 572/572 569/569 574/574
f 1557/1557 1558/1558 1559/1559
f 1428/1428 1429/1429 1430/1430
f 568/568 569/569 570/570
f 576/576 575/575 574/574
f 569/569 571/571 570/570
f 1416/1416 1417/1417 1418/1418
f 575/575 572/572 574/574
f 72/72 73/73 74/74
f 72/72 75/75 73/73
f 588/588 586/586 575/575
f 588/588 575/575 576/576
f 758/758 761/761 759/759
f 758/758 759/759 760/760
f 1512/1512 1511/1511 1513/1513
f 779/779 777/777 776/776
f 776/776 777/777 778/778
f 228/228 227/227 226/226
f 227/227 228/228 229/229
f 580/580 590/590 588/588
f 591/591 590/590 580/580
f 1591/1591 1587/1587 1592/1592
f 1591/1591 1588/1588 1587/1587
f 576/576 574/574 577/577
f 576/576 577/577 579/579
f 580/580 588/588 576/576
f 580/580 576/576 579/579
f 139/139 141/141 142/142
f 139/139 140/140 141/141
f 1511/1511 1509/1509 1507/1507
f 1511/1511 1510/1510 1509/1509
f 1507/1507 1509/1509 1508/1508
f 1507/1507 1508/1508 1504/1504
f 1504/1504 1505/1505 1506/1506
f 1506/1506 1507/1507 1504/1504
f 1438/1438 1440/1440 1441/1441
f 1313/1313 1300/1300 1307/1307
f 147/147 148/148 149/149
f 1512/1512 1510/1510 1511/1511
f 1344/1344 1345/1345 1346/1346
f 1346/1346 1345/1345 1347/1347
f 1510/1510 1508/1508 1509/1509
f 1435/1435 1439/1439 1438/1438
f 1439/1439 1440/1440 1438/1438
f 583/583 584/584 585/585
f 79/79 80/80 81/81
f 224/224 231/231 222/222
f 223/223 224/224 222/222
f 222/222 221/221 220/220
f 223/223 222/222 220/220
f 223/223 220/220 227/227
f 227/227 220/220 226/226
f 1190/1190 1181/1181 1192/1192
f 1185/1185 1181/1181 1190/1190
f 232/232 224/224 227/227
f 227/227 224/224 223/223
f 226/226 220/220 218/218
f 226/226 218/218 225/225
f 220/220 221/221 219/219
f 220/220 219/219 218/218
f 961/961 965/965 962/962
f 593/593 594/594 595/595
f 593/593 595/595 598/598
f 572/572 573/573 570/570
f 571/571 572/572 570/570
f 582/582 584/584 583/583
f 582/582 583/583 572/572
f 583/583 573/573 572/572
f 582/582 589/589 584/584
f 586/586 581/581 575/575
f 587/587 581/581 586/586
f 1191/1191 1188/1188 1190/1190
f 232/232 233/233 224/224
f 762/762 763/763 764/764
f 575/575 581/581 572/572
f 572/572 581/581 582/582
f 1396/1396 1397/1397 1398/1398
f 573/573 583/583 570/570
f 1190/1190 1188/1188 1185/1185
f 765/765 766/766 767/767
f 773/773 766/766 765/765
f 1588/1588 1590/1590 1589/1589
f 1587/1587 1588/1588 1589/1589
f 321/321 319/319 322/322
f 319/319 321/321 320/320
f 615/615 616/616 617/617
f 618/618 615/615 617/617
f 773/773 765/765 775/775
f 774/774 773/773 775/775
f 766/766 771/771 768/768
f 772/772 771/771 766/766
f 773/773 772/772 766/766
f 772/772 773/773 774/774
f 318/318 319/319 320/320
f 318/318 320/320 323/323
f 326/326 325/325 323/323
f 323/323 325/325 318/318
f 327/327 324/324 318/318
f 318/318 324/324 319/319
f 94/94 96/96 97/97
f 94/94 95/95 96/96
f 92/92 88/88 91/91
f 88/88 89/89 90/90
f 88/88 90/90 91/91
f 1653/1653 1654/1654 1684/1684
f 119/119 120/120 121/121
f 768/768 769/769 770/770
f 768/768 771/771 769/769
f 1275/1275 1276/1276 1277/1277
f 1548/1548 1549/1549 1550/1550
f 1875/1875 1820/1820 1824/1824
f 976/976 970/970 973/973
f 368/368 364/364 367/367
f 367/367 364/364 362/362
f 973/973 970/970 972/972
f 970/970 971/971 972/972
f 1167/1167 1169/1169 1168/1168
f 1474/1474 1475/1475 1476/1476
f 369/369 360/360 358/358
f 369/369 371/371 360/360
f 367/367 359/359 360/360
f 359/359 367/367 362/362
f 371/371 372/372 367/367
f 371/371 367/367 360/360
f 749/749 748/748 746/746
f 1326/1326 1328/1328 1327/1327
f 1325/1325 1326/1326 1327/1327
f 640/640 641/641 642/642
f 641/641 643/643 642/642
f 380/380 377/377 378/378
f 380/380 378/378 385/385
f 390/390 380/380 386/386
f 380/380 385/385 386/386
f 377/377 375/375 376/376
f 378/378 377/377 376/376
f 375/375 374/374 351/351
f 375/375 351/351 376/376
f 609/609 614/614 611/611
f 982/982 983/983 984/984
f 4/4 5/5 6/6
f 984/984 983/983 985/985
f 611/611 608/608 609/609
f 1/1 2/2 3/3
f 1851/1851 1853/1853 1870/1870
f 644/644 645/645 646/646
f 1869/1869 1851/1851 1870/1870
f 647/647 644/644 646/646
f 644/644 642/642 645/645
f 644/644 640/640 642/642
f 545/545 542/542 546/546
f 545/545 543/543 542/542
f 649/649 659/659 648/648
f 658/658 659/659 649/649
f 648/648 647/647 646/646
f 648/648 646/646 649/649
f 1867/1867 1870/1870 1871/1871
f 1867/1867 1869/1869 1870/1870
f 657/657 658/658 649/649
f 646/646 657/657 649/649
f 645/645 656/656 646/646
f 1851/1851 1849/1849 1853/1853
f 1849/1849 1855/1855 1853/1853
f 1157/1157 1158/1158 1159/1159
f 547/547 549/549 550/550
f 555/555 548/548 547/547
f 555/555 549/549 548/548
f 547/547 548/548 549/549
f 559/559 555/555 547/547
f 1501/1501 1502/1502 1503/1503
f 818/818 820/820 824/824
f 818/818 824/824 825/825
f 818/818 819/819 820/820
f 821/821 819/819 818/818
f 1377/1377 1378/1378 1379/1379
f 1378/1378 1380/1380 1379/1379
f 1206/1206 1210/1210 1209/1209
f 1206/1206 1209/1209 1208/1208
f 551/551 550/550 552/552
f 547/547 550/550 551/551
f 1207/1207 1206/1206 1208/1208
f 1205/1205 1206/1206 1207/1207
f 1037/1037 1034/1034 1035/1035
f 1849/1849 1854/1854 1855/1855
f 1201/1201 1202/1202 1199/1199
f 1202/1202 1203/1203 1199/1199
f 1545/1545 1546/1546 1547/1547
f 604/604 610/610 605/605
f 1198/1198 1199/1199 1200/1200
f 1201/1201 1199/1199 1198/1198
f 1247/1247 1245/1245 1249/1249
f 1246/1246 1245/1245 1247/1247
f 1246/1246 1248/1248 1244/1244
f 1244/1244 1245/1245 1246/1246
f 1213/1213 1198/1198 1204/1204
f 1200/1200 1204/1204 1198/1198
f 562/562 561/561 545/545
f 545/545 561/561 543/543
f 656/656 657/657 646/646
f 353/353 354/354 355/355
f 353/353 355/355 394/394
f 388/388 353/353 394/394
f 383/383 353/353 388/388
f 556/556 559/559 547/547
f 547/547 551/551 556/556
f 553/553 556/556 551/551
f 556/556 553/553 557/557
f 544/544 553/553 558/558
f 1356/1356 1357/1357 1358/1358
f 382/382 388/388 389/389
f 383/383 388/388 382/382
f 553/553 552/552 554/554
f 553/553 551/551 552/552
f 544/544 557/557 553/553
f 560/560 557/557 544/544
f 356/356 357/357 355/355
f 354/354 356/356 355/355
f 379/379 382/382 393/393
f 382/382 389/389 393/393
f 379/379 393/393 395/395
f 384/384 379/379 395/395
f 544/544 558/558 542/542
f 542/542 543/543 544/544
f 543/543 560/560 544/544
f 560/560 543/543 561/561
f 1329/1329 1330/1330 1326/1326
f 1325/1325 1329/1329 1326/1326
f 1040/1040 1039/1039 1042/1042
f 1211/1211 1209/1209 1210/1210
f 1210/1210 1212/1212 1211/1211
f 1213/1213 1204/1204 1211/1211
f 1213/1213 1211/1211 1212/1212
f 376/376 351/351 383/383
f 376/376 383/383 382/382
f 378/378 376/376 379/379
f 376/376 382/382 379/379
f 385/385 378/378 384/384
f 378/378 379/379 384/384
f 386/386 384/384 392/392
f 386/386 385/385 384/384
f 972/972 974/974 975/975
f 972/972 971/971 974/974
f 822/822 823/823 819/819
f 822/822 819/819 821/821
f 352/352 354/354 353/353
f 366/366 354/354 352/352
f 370/370 358/358 366/366
f 370/370 369/369 358/358
f 370/370 366/366 373/373
f 352/352 373/373 366/366
f 351/351 352/352 353/353
f 351/351 353/353 383/383
f 374/374 373/373 351/351
f 373/373 352/352 351/351
f 362/362 363/363 361/361
f 359/359 362/362 361/361
f 362/362 364/364 363/363
f 364/364 365/365 363/363
f 359/359 361/361 357/357
f 356/356 359/359 357/357
f 366/366 358/358 354/354
f 354/354 358/358 356/356
f 358/358 360/360 356/356
f 356/356 360/360 359/359
f 358/358 359/359 356/356
f 1886/1886 1887/1887 1888/1888
f 1889/1889 1887/1887 1886/1886
f 1903/1903 1906/1906 1905/1905
f 1903/1903 1907/1907 1906/1906
f 1366/1366 1367/1367 1368/1368
f 1369/1369 1366/1366 1368/1368
f 418/418 426/426 428/428
f 418/418 416/416 426/426
f 1891/1891 1889/1889 1890/1890
f 1902/1902 1903/1903 1904/1904
f 1890/1890 1889/1889 1886/1886
f 1903/1903 1905/1905 1904/1904
f 957/957 956/956 952/952
f 956/956 953/953 952/952
f 952/952 953/953 954/954
f 2051/2051 2052/2052 2060/2060
f 2052/2052 2061/2061 2060/2060
f 2044/2044 2053/2053 2052/2052
f 2044/2044 2052/2052 2051/2051
f 952/952 954/954 955/955
f 1536/1536 1532/1532 1535/1535
f 1532/1532 1534/1534 1535/1535
f 336/336 333/333 335/335
f 333/333 334/334 335/335
f 1381/1381 1382/1382 1383/1383
f 198/198 192/192 191/191
f 191/191 192/192 193/193
f 192/192 194/194 193/193
f 194/194 195/195 193/193
f 198/198 191/191 199/199
f 199/199 191/191 200/200
f 720/720 719/719 721/721
f 194/194 196/196 195/195
f 195/195 196/196 197/197
f 734/734 735/735 733/733
f 718/718 733/733 719/719
f 716/716 718/718 719/719
f 718/718 734/734 733/733
f 720/720 716/716 719/719
f 1059/1059 1058/1058 1060/1060
f 1059/1059 1060/1060 1061/1061
f 1059/1059 1061/1061 1088/1088
f 1063/1063 1059/1059 1088/1088
f 872/872 873/873 874/874
f 872/872 874/874 876/876
f 846/846 851/851 850/850
f 845/845 846/846 850/850
f 1089/1089 1063/1063 1088/1088
f 1445/1445 1446/1446 1447/1447
f 712/712 710/710 709/709
f 709/709 710/710 711/711
f 711/711 714/714 709/709
f 1477/1477 1479/1479 1480/1480
f 728/728 731/731 727/727
f 1554/1554 1555/1555 1556/1556
f 1716/1716 1717/1717 1718/1718
f 628/628 632/632 629/629
f 422/422 427/427 430/430
f 420/420 427/427 422/422
f 726/726 722/722 724/724
f 727/727 722/722 726/726
f 950/950 949/949 951/951
f 966/966 968/968 969/969
f 966/966 967/967 968/968
f 69/69 70/70 71/71
f 422/422 430/430 429/429
f 422/422 429/429 424/424
f 729/729 728/728 726/726
f 1363/1363 1360/1360 1364/1364
f 1363/1363 1364/1364 1365/1365
f 2182/2182 2183/2183 2184/2184
f 1359/1359 1362/1362 1360/1360
f 1361/1361 1360/1360 1363/1363
f 712/712 709/709 713/713
f 1359/1359 1360/1360 1361/1361
f 728/728 727/727 726/726
f 2185/2185 2186/2186 2187/2187
f 1911/1911 1909/1909 1912/1912
f 1909/1909 1914/1914 1912/1912
f 1912/1912 1914/1914 1915/1915
f 943/943 936/936 933/933
f 1911/1911 1912/1912 1913/1913
f 1914/1914 1916/1916 1915/1915
f 1916/1916 1917/1917 1915/1915
f 942/942 939/939 935/935
f 939/939 934/934 935/935
f 936/936 942/942 935/935
f 942/942 936/936 943/943
f 875/875 878/878 873/873
f 872/872 875/875 873/873
f 1143/1143 1144/1144 1145/1145
f 874/874 873/873 877/877
f 45/45 42/42 44/44
f 42/42 43/43 44/44
f 628/628 630/630 631/631
f 628/628 629/629 630/630
f 738/738 741/741 740/740
f 738/738 740/740 739/739
f 1251/1251 1252/1252 1253/1253
f 1251/1251 1253/1253 1254/1254
f 1906/1906 1909/1909 1911/1911
f 633/633 634/634 635/635
f 638/638 634/634 633/633
f 635/635 634/634 639/639
f 1253/1253 1255/1255 1254/1254
f 1254/1254 1255/1255 1256/1256
f 743/743 742/742 741/741
f 637/637 633/633 636/636
f 636/636 633/633 635/635
f 741/741 742/742 740/740
f 933/933 905/905 944/944
f 933/933 936/936 924/924
f 936/936 935/935 924/924
f 924/924 935/935 930/930
f 933/933 924/924 905/905
f 736/736 737/737 723/723
f 737/737 738/738 723/723
f 723/723 738/738 734/734
f 734/734 738/738 739/739
f 737/737 743/743 741/741
f 737/737 741/741 738/738
f 717/717 732/732 715/715
f 731/731 732/732 717/717
f 715/715 716/716 717/717
f 715/715 718/718 716/716
f 732/732 736/736 723/723
f 723/723 734/734 718/718
f 732/732 723/723 715/715
f 715/715 723/723 718/718
f 1448/1448 1449/1449 1450/1450
f 1448/1448 1451/1451 1449/1449
f 725/725 720/720 730/730
f 730/730 720/720 721/721
f 201/201 200/200 202/202
f 199/199 200/200 201/201
f 722/722 717/717 720/720
f 717/717 716/716 720/720
f 727/727 731/731 722/722
f 731/731 717/717 722/722
f 724/724 722/722 720/720
f 724/724 720/720 725/725
f 427/427 418/418 428/428
f 420/420 418/418 427/427
f 948/948 949/949 950/950
