mtllib S-02_tex.mtl
v 5.314356 3.121503 2.708349
v 4.994190 2.660620 3.045218
v 6.124163 2.672240 2.514562
v 1.351824 3.217684 2.595720
v 1.918954 2.599019 3.045039
v 1.880951 3.199084 2.603695
v 0.963165 2.629169 3.044979
v 0.889283 0.244472 2.508223
v 0.179765 0.017960 2.527547
v 1.524688 0.000000 2.514561
v 1.556919 3.507667 1.355672
v 0.759826 3.507606 1.938471
v 1.640425 3.507796 1.960929
v 0.825609 3.507526 1.410070
v 2.336590 3.507676 1.297980
v 1.556919 3.507667 1.355672
v 1.640425 3.507796 1.960929
v 2.387606 3.507806 1.598248
v 1.240578 3.507557 0.857844
v 1.556919 3.507667 1.355672
v 2.336590 3.507676 1.297980
v 2.373531 3.507557 0.805852
v 0.825609 3.507526 1.410070
v 0.061060 3.507647 1.476645
v 0.759826 3.507606 1.938471
v -0.103841 3.507647 1.396076
v -0.808908 3.507577 0.866538
v -0.632954 3.507786 1.937832
v -0.486265 3.507426 0.800052
v -0.705653 3.507696 0.729045
v 0.011025 3.507527 0.217443
v -0.717998 3.507647 0.269975
v -0.634493 3.507407 -0.655023
v -0.218231 3.507507 -0.379120
v -0.632954 3.507786 1.937832
v -0.808908 3.507577 0.866538
v 0.061060 3.507647 1.476645
v 2.387606 3.507806 1.598248
v 1.927978 3.233274 2.511657
v 3.123434 3.507856 1.939100
v -2.138205 3.507756 1.491049
v -3.136583 3.507826 1.972527
v -2.863839 3.507936 2.165645
v -3.613375 3.507816 1.536294
v -2.733483 1.617132 2.366569
v -3.604432 1.581012 2.400216
v -1.770413 1.852354 2.443545
v -4.496315 2.652280 2.889091
v -4.083510 2.674660 3.038771
v -2.977725 2.663700 3.045049
v 0.059209 3.009103 2.477891
v -0.682677 3.007653 2.477721
v -0.880558 2.972522 2.729051
v 0.197555 3.003293 2.478090
v 0.214351 2.973002 2.543548
v 1.351824 3.217684 2.595720
v 2.726310 1.564512 2.288615
v 3.867172 1.455661 2.269571
v 3.895333 1.741493 2.271587
v 3.065260 0.006340 2.526270
v 2.766831 0.430333 2.509411
v 3.283150 0.012150 2.508703
v 3.283150 0.012150 2.508703
v 2.766831 0.430333 2.509411
v 3.845924 0.113071 2.527238
v 3.907189 0.070231 2.508683
v 2.766831 0.430333 2.509411
v 3.283150 0.012150 2.508703
v 1.665129 0.099451 2.508573
v 3.907189 0.070231 2.508683
v 1.665129 0.099451 2.508573
v 2.766831 0.430333 2.509411
v 3.283150 0.012150 2.508703
v 0.907073 2.997483 2.478200
v 0.197555 3.003293 2.478090
v 1.351824 3.217684 2.595720
v -3.555594 3.507797 0.474143
v -3.615852 3.507926 1.047878
v -2.291428 3.507656 0.804943
v -2.138817 3.507726 1.395308
v -2.725126 3.507716 -0.205295
v -3.555594 3.507797 0.474143
v -2.291428 3.507656 0.804943
v -3.428097 3.507867 -0.212991
v -2.725126 3.507716 -0.205295
v -2.291428 3.507656 0.804943
v -1.430320 3.507566 0.563266
v -1.464566 3.507577 0.271063
v -3.507642 3.507717 -0.751403
v -3.428097 3.507867 -0.212991
v -2.725126 3.507716 -0.205295
v -2.842102 3.507527 -0.751403
v -3.507642 3.507717 -0.751403
v -4.288361 3.507647 -0.781656
v -3.428097 3.507867 -0.212991
v -4.211715 3.507837 -0.230388
v -3.575331 3.507877 -0.975323
v -4.288361 3.507647 -0.781656
v -3.507642 3.507717 -0.751403
v -4.331781 3.507677 -1.300864
v -4.288361 3.507647 -0.781656
v -4.927168 3.507257 -0.204297
v -4.211715 3.507837 -0.230388
v -4.966695 3.506947 -0.781117
v -5.140607 3.572167 1.755134
v -5.140607 3.572157 2.140642
v -4.526464 3.505936 2.104310
v -5.144813 0.976017 2.524763
v -4.518052 0.458263 2.514562
v -4.851394 0.492764 2.518085
v -5.480973 0.979917 2.224704
v -5.224848 0.999518 1.473790
v -5.224998 1.552732 1.986660
v -5.674281 2.651920 -0.630389
v -5.225869 2.110306 0.018895
v -5.670524 2.654900 -0.192709
v -5.225284 2.108316 -0.794702
v -5.224753 1.568892 -0.317435
v -5.225774 0.472444 -0.194156
v -5.225392 1.565802 0.044976
v -5.225692 0.559375 -0.550319
v -5.225665 0.728716 0.315998
v -5.242379 0.453464 1.393052
v -5.225011 0.878047 0.860469
v -5.242325 0.383143 0.823239
v 4.675998 3.749628 2.158409
v 4.677972 3.999880 1.881947
v 4.891425 3.999690 1.969632
v 5.425983 3.461406 0.345703
v 5.851963 2.696541 0.840816
v 5.426323 3.466486 0.927045
v 5.863737 2.680150 1.187377
v 5.426241 3.462126 1.500062
v 5.396051 3.423586 1.623021
v 4.675998 3.749628 2.158409
v 4.662155 3.535307 -0.734734
v 5.416237 3.604307 -0.128938
v 4.679387 3.535337 -0.213929
v 5.405280 3.605077 -0.484013
v 5.405280 3.605077 -0.484013
v 4.662155 3.535307 -0.734734
v 5.757106 2.818261 -0.248594
v 5.757106 2.818261 -0.248594
v 5.867970 2.675440 -0.411549
v 5.788371 2.779281 0.286284
v 5.876355 2.664480 -0.143431
v 5.352863 0.437234 -0.810103
v 5.353802 0.991538 -1.369525
v 5.352971 0.520354 -0.808656
v 5.352591 0.430334 -1.421698
v 3.812318 3.535417 -0.304300
v 4.069245 3.535357 -0.299948
v 4.231438 3.535387 0.238733
v 3.152222 3.535337 0.057203
v 3.045496 3.535357 0.096430
v 3.041167 3.535317 -0.300497
v 3.748590 3.535397 -0.809244
v 3.057351 3.535227 -1.097055
v 3.241989 3.535267 -1.459537
v 2.768805 3.535037 -1.375324
v 1.553094 3.507617 0.223871
v 0.689918 3.507487 -0.218071
v 0.716596 3.507426 0.858393
v 1.240578 3.507557 0.857844
v 1.618565 3.535247 -0.578037
v 1.997151 3.535367 -0.249133
v 2.380936 3.535317 -0.003932
v 3.241989 3.535267 -1.459537
v 4.196729 3.535337 -1.388370
v 3.748590 3.535397 -0.809244
v 4.209578 3.535197 -0.797057
v 4.830146 3.535257 -1.172195
v 5.136483 3.535317 -1.353585
v -4.359943 3.506016 1.295714
v -4.115864 3.508007 0.842084
v -3.615852 3.507926 1.047878
v -3.555594 3.507797 0.474143
v -2.138817 3.507726 1.395308
v -2.291428 3.507656 0.804943
v -3.428097 3.507867 -0.212991
v -2.725126 3.507716 -0.205295
v -1.464566 3.507577 0.271063
v -1.430320 3.507566 0.563266
v -2.842102 3.507527 -0.751403
v -3.507642 3.507717 -0.751403
v -4.211715 3.507837 -0.230388
v -4.288361 3.507647 -0.781656
v -4.966695 3.506947 -0.781117
v -4.927168 3.507257 -0.204297
v -4.377733 3.507806 0.801500
v -4.331781 3.507677 -1.300864
v -3.575331 3.507877 -0.975323
v -4.429116 3.506277 1.404411
v -4.282875 3.506176 1.482664
v -4.438017 3.506406 1.708032
v -4.246465 3.505796 1.976879
v -4.526464 3.505936 2.104310
v -3.613375 3.507816 1.536294
v -2.138205 3.507756 1.491049
v -2.863839 3.507936 2.165645
v -3.136583 3.507826 1.972527
v -3.599042 3.571717 2.578333
v -5.140607 3.572197 1.398612
v -5.140607 3.572167 1.755134
v -5.140607 3.572157 2.140642
v -5.025986 3.572427 2.516009
v -4.245322 3.572117 2.572534
v -5.140607 3.572147 2.560935
v -5.290999 3.232204 0.497150
v -2.775393 3.239544 2.594173
v -2.140247 2.972782 2.703877
v -5.266989 3.262865 -0.219978
v -3.186972 2.677430 3.035906
v -4.062998 2.677420 3.035876
v 4.069245 3.535357 -0.299948
v 4.231438 3.535387 0.238733
v 4.679387 3.535337 -0.213929
v 3.152222 3.535337 0.057203
v 3.956598 3.535407 0.644983
v 3.174940 3.535297 0.339904
v 3.812318 3.535417 -0.304300
v 3.041167 3.535317 -0.300497
v 3.057351 3.535227 -1.097055
v 3.748590 3.535397 -0.809244
v 2.768805 3.535037 -1.375324
v 3.241989 3.535267 -1.459537
v 4.209578 3.535197 -0.797057
v 4.196729 3.535337 -1.388370
v 5.136483 3.535317 -1.353585
v 3.045496 3.535357 0.096430
v 4.662155 3.535307 -0.734734
v 5.405280 3.605077 -0.484013
v 5.416237 3.604307 -0.128938
v 5.144391 3.535727 0.377593
v 4.349666 3.743818 1.337746
v 3.153025 3.535317 0.907711
v 5.425983 3.461406 0.345703
v 2.201212 2.468838 2.509002
v 1.918954 2.599019 3.045039
v 2.432509 2.611979 3.044889
v 0.963165 2.629169 3.044979
v 0.992035 2.471868 2.511607
v 0.854724 2.471868 2.511637
v 0.227200 2.518319 3.045767
v -0.248734 2.468858 2.509072
v -0.605936 2.561609 3.045288
v -0.916125 2.638840 3.044899
v -1.251127 2.184356 2.379515
v 2.471274 2.235907 2.430120
v 3.806397 2.468818 2.509082
v 3.164323 2.637390 3.044929
v 4.620409 2.654780 3.045179
v 4.303701 2.468678 2.509122
v -5.295164 3.227395 0.369618
v -5.670524 2.654900 -0.192709
v -5.300622 3.220264 -0.193797
v -5.674281 2.651920 -0.630389
v -5.659308 2.667680 1.201141
v -5.670633 2.654980 0.406210
v -5.367563 3.134084 -0.730302
v -5.436899 3.045473 -1.254670
v -5.290999 3.232204 0.497150
v -5.266989 3.262865 -0.219978
v -5.871972 2.675230 -1.279673
v -5.532301 2.923552 0.942266
v -5.140607 3.572197 1.398612
v -5.700700 2.703490 1.508755
v -5.140607 3.572167 1.755134
v -5.677575 2.733440 1.998249
v -5.140607 3.572157 2.140642
v -5.622844 2.790911 2.867871
v -5.140607 3.572147 2.560935
v -5.145875 1.404811 0.861787
v -5.145521 1.562902 0.671064
v -5.224821 2.085626 0.876868
v -5.211767 1.109868 1.658405
v -5.224794 2.085626 0.343527
v -5.225869 2.110306 0.018895
v -5.225665 2.103046 1.433396
v -5.225392 1.565802 0.044976
v -5.225665 0.728716 0.315998
v -5.225774 0.472444 -0.194156
v -5.225692 0.559375 -0.550319
v -5.224753 1.568892 -0.317435
v -5.225828 0.426524 -0.230029
v -5.242325 0.383143 0.823239
v -5.225011 0.878047 0.860469
v -5.242379 0.453464 1.393052
v -5.224848 0.999518 1.473790
v -5.242148 0.431873 1.939009
v -5.659308 2.667680 1.201141
v -5.670633 2.654980 0.406210
v -5.664344 2.661010 1.451143
v -5.700700 2.703490 1.508755
v -5.670524 2.654900 -0.192709
v -5.225284 2.108316 -0.794702
v -5.674281 2.651920 -0.630389
v -5.242570 2.278737 2.363106
v -5.225515 1.809384 1.962745
v -5.677575 2.733440 1.998249
v -5.324170 2.666430 2.879678
v -5.475732 0.409293 2.214743
v -5.480973 0.979917 2.224704
v -5.622844 2.790911 2.867871
v 0.859665 3.535127 -1.297380
v 0.050063 3.507437 -0.800501
v 0.829992 3.507477 -0.757930
v -0.218231 3.507507 -0.379120
v 0.689918 3.507487 -0.218071
v 0.011025 3.507527 0.217443
v 0.124421 3.535317 -1.595612
v 0.788491 3.535187 -1.460016
v 1.618565 3.535247 -0.578037
v 1.533576 3.535147 -0.800680
v 5.353734 1.059418 -0.828309
v 5.353067 0.632705 -0.291075
v 5.353788 1.027018 -0.756663
v 5.352971 0.520354 -0.808656
v 5.352836 0.461004 -0.390169
v 5.353067 0.654305 -0.222873
v 5.352672 0.439044 -0.065168
v 5.353040 0.486214 0.408246
v 5.352944 0.012150 0.378581
v 5.352863 0.437234 -0.810103
v 5.352591 0.430334 -1.421698
v 5.353802 0.991538 -1.369525
v 5.337114 2.068566 -0.824416
v 5.337046 2.120476 -0.372412
v 5.337087 2.120196 -0.171329
v 5.337319 1.562902 -0.053569
v 5.336951 1.499012 -1.589813
v 5.274543 1.468881 0.812010
v 5.267547 1.983985 -1.888733
v 5.365753 2.469719 1.071075
v 5.337319 2.103046 0.318165
v 5.336747 2.122646 0.924689
v 5.365753 2.469519 0.743528
v 5.381555 2.469649 0.208749
v 5.377608 2.469349 -0.257557
v 5.401319 2.469579 -0.824596
v 5.357845 2.469169 -1.363726
v 5.270881 1.016948 2.507874
v 4.032195 0.985367 2.270668
v 3.907189 0.070231 2.508683
v 5.337386 1.562902 2.355140
v 4.256810 1.561452 2.276877
v 4.669573 0.017960 2.508972
v 5.353067 0.632705 -0.291075
v 5.352863 0.437234 -0.810103
v 5.352971 0.520354 -0.808656
v 5.352836 0.461004 -0.390169
v 5.352672 0.439044 -0.065168
v 5.353067 0.654305 -0.222873
v 5.352944 0.012150 0.378581
v 5.353040 0.486214 0.408246
v 5.353788 1.027018 -0.756663
v 5.353734 1.059418 -0.828309
v 5.353802 0.991538 -1.369525
v 5.336951 1.499012 -1.589813
v -4.379706 2.256957 2.370382
v -5.242570 2.278737 2.363106
v -5.324170 2.666430 2.879678
v -4.496315 2.652280 2.889091
v -5.225515 1.809384 1.962745
v 5.337114 2.068566 -0.824416
v 5.353734 1.059418 -0.828309
v 5.267547 1.983985 -1.888733
v 5.336951 1.499012 -1.589813
v 5.377608 2.469349 -0.257557
v 5.337046 2.120476 -0.372412
v 5.401319 2.469579 -0.824596
v 5.357845 2.469169 -1.363726
v -4.359943 3.506016 1.295714
v -4.282875 3.506176 1.482664
v -3.615852 3.507926 1.047878
v -3.555594 3.507797 0.474143
v -4.115864 3.508007 0.842084
v -3.613375 3.507816 1.536294
v 5.383284 2.469809 1.966368
v 4.172814 1.631752 2.358554
v 4.303701 2.468678 2.509122
v -4.460748 1.237649 2.443275
v -5.480973 0.979917 2.224704
v -5.224998 1.552732 1.986660
v -5.225515 1.809384 1.962745
v -4.385450 1.571602 2.442108
v -4.379706 2.256957 2.370382
v -4.378726 0.892067 2.446190
v -5.475732 0.409293 2.214743
v -4.377365 0.461603 2.505608
v 3.160117 3.507886 2.027604
v 3.537614 3.244554 2.604014
v 4.463906 3.231694 2.655827
v 4.480335 3.749628 2.163969
v 3.414935 3.138334 2.644998
v 3.286607 2.972862 2.497165
v -5.324170 2.666430 2.879678
v -4.496315 2.652280 2.889091
v -5.622844 2.790911 2.867871
v -5.084039 2.987092 2.727473
v -3.222062 2.122836 2.434891
v -2.977725 2.663700 3.045049
v -2.790719 2.275107 2.417184
v -2.357892 2.649000 3.044749
v -2.108873 2.230827 2.417564
v -1.706930 2.646990 3.044869
v -3.863496 2.132766 2.383897
v -4.083510 2.674660 3.038771
v -3.604432 1.581012 2.400216
v -4.020939 1.571582 2.413172
v -2.733483 1.617132 2.366569
v 4.620409 2.654780 3.045179
v 4.622968 3.113443 2.712651
v 5.314356 3.121503 2.708349
v 4.994190 2.660620 3.045218
v 3.414935 3.138334 2.644998
v 3.164323 2.637390 3.044929
v 2.432509 2.611979 3.044889
v 5.399590 3.425146 2.534854
v 4.463906 3.231694 2.655827
v 3.537614 3.244554 2.604014
v 4.480335 3.749628 2.163969
v 4.675998 3.749628 2.158409
v 3.160117 3.507886 2.027604
v 5.788289 2.779181 2.537748
v 6.124163 2.672240 2.514562
v 3.286607 2.972862 2.497165
v 5.409500 3.430026 2.540643
v 5.820140 2.738811 -0.840536
v 6.084390 2.643200 -0.863722
v 5.757106 2.818261 -0.248594
v 6.086868 2.605440 -1.368078
v 6.010045 2.685581 -1.890540
v 5.405280 3.605077 -0.484013
v 5.867970 2.675440 -0.411549
v 4.830146 3.535257 -1.172195
v -4.083510 2.674660 3.038771
v -3.222062 2.122836 2.434891
v -2.977725 2.663700 3.045049
v -3.863496 2.132766 2.383897
v 1.880951 3.199084 2.603695
v 1.918954 2.599019 3.045039
v 3.068472 2.937732 2.748873
v 2.432509 2.611979 3.044889
v -1.418220 3.507736 1.733305
v -1.796601 3.526016 2.513155
v -0.622392 3.507176 2.393179
v -0.632954 3.507786 1.937832
v 2.471274 2.235907 2.430120
v 3.806397 2.468818 2.509082
v 3.164323 2.637390 3.044929
v 2.432509 2.611979 3.044889
v 3.116642 1.608542 2.344400
v 3.895333 1.741493 2.271587
v 5.365753 2.469539 -1.928229
v 6.086092 2.631580 -1.911560
v 5.357845 2.469169 -1.363726
v 5.381555 2.469559 -2.499969
v 6.086868 2.605440 -1.368078
v 6.087589 2.559710 -2.471711
v 3.164323 2.637390 3.044929
v 4.303701 2.468678 2.509122
v 4.620409 2.654780 3.045179
v 3.806397 2.468818 2.509082
v 5.353067 0.654305 -0.222873
v 5.337319 1.562902 -0.053569
v 5.274543 1.468881 0.812010
v 5.353040 0.486214 0.408246
v 5.337319 2.103046 0.318165
v 5.337087 2.120196 -0.171329
v 5.274543 1.543752 0.900145
v 5.352985 0.491044 0.883027
v 1.017747 1.353810 2.284133
v 0.142211 1.158969 2.346996
v 0.145669 2.069656 2.369613
v 0.138210 0.710785 2.286219
v 0.896198 0.583884 2.282486
v 1.657943 0.517174 2.249728
v -0.544576 1.003198 2.371759
v -0.428961 1.382120 2.368954
v 1.650184 1.464161 2.364413
v 2.726310 1.564512 2.288615
v 2.976759 1.008458 2.246763
v 1.942678 2.108856 2.369703
v 0.914968 2.075456 2.430330
v 3.881994 0.799866 2.271068
v 3.867172 1.455661 2.269571
v 4.032195 0.985367 2.270668
v 4.256810 1.561452 2.276877
v 3.116642 1.608542 2.344400
v 3.895333 1.741493 2.271587
v 2.471274 2.235907 2.430120
v 3.806397 2.468818 2.509082
v 2.201212 2.468838 2.509002
v 0.992035 2.471868 2.511607
v 0.854724 2.471868 2.511637
v 0.670889 0.101451 2.508712
v 0.889283 0.244472 2.508223
v -5.025986 3.572427 2.516009
v -5.084039 2.987092 2.727473
v -4.062998 2.677420 3.035876
v -4.245322 3.572117 2.572534
v 3.073413 3.966330 2.479777
v 2.334004 3.967000 2.491376
v 2.932835 3.966590 2.537210
v 2.369571 3.967160 2.617459
v 3.153202 3.966730 2.662385
v 3.156415 3.966420 2.505868
v 3.160117 3.507886 2.027604
v 2.915549 3.507856 2.006583
v 1.927978 3.233274 2.511657
v 3.123434 3.507856 1.939100
v 5.882548 2.656730 0.931945
v 5.365753 2.469519 0.743528
v 5.882616 2.656810 0.797876
v 5.365753 2.469719 1.071075
v 5.876355 2.664480 -0.143431
v 5.381555 2.469649 0.208749
v 5.811592 2.749601 1.976150
v 5.764646 2.808311 1.453678
v 5.425656 3.460996 1.965640
v 5.426241 3.462126 1.500062
v 5.426323 3.466486 0.927045
v 5.788289 2.779181 2.537748
v 5.409500 3.430026 2.540643
v 5.863737 2.680150 1.187377
v 5.425983 3.461406 0.345703
v 5.851963 2.696541 0.840816
v 5.867834 2.675260 2.043544
v 5.867984 2.675460 1.716007
v 5.416237 3.604307 -0.128938
v 4.675998 3.749628 2.158409
v 6.124163 2.672240 2.514562
v 5.130562 3.535357 0.894256
v 5.757106 2.818261 -0.248594
v 5.405280 3.605077 -0.484013
v 5.788371 2.779281 0.286284
v 5.405280 3.605048 -1.040541
v 5.820140 2.738811 -0.840536
v 5.876355 2.664480 -0.143431
v 5.867970 2.675440 -0.411549
v 5.357845 2.469169 -1.363726
v 5.401319 2.469579 -0.824596
v 6.084390 2.643200 -0.863722
v 6.086868 2.605440 -1.368078
v 5.365753 2.469539 -1.928229
v 6.086092 2.631580 -1.911560
v 6.087589 2.559710 -2.471711
v 5.381555 2.469559 -2.499969
v 5.867970 2.675440 -0.411549
v 5.377608 2.469349 -0.257557
v 5.876355 2.664480 -0.143431
v 5.381555 2.469649 0.208749
v 5.882616 2.656810 0.797876
v 5.365753 2.469519 0.743528
v 5.365753 2.469719 1.071075
v 5.882548 2.656730 0.931945
v 5.278790 2.078256 -2.965916
v 5.336760 2.302698 -3.014106
v 5.270881 2.077596 -2.389825
v 5.337332 1.823534 -3.525878
v 5.130562 3.535357 0.894256
v 4.897591 3.999690 1.399879
v 4.677972 3.999880 1.881947
v 5.396051 3.423586 1.623021
v 4.675998 3.749628 2.158409
v 4.349666 3.743818 1.337746
v 4.349516 3.884299 1.353686
v 4.480335 3.749628 2.163969
v 4.891425 3.999690 1.969632
v 4.349694 3.851269 1.963833
v 4.349952 3.798999 1.517449
v 5.383284 2.469809 1.966368
v 4.303701 2.468678 2.509122
v 4.856648 1.892504 2.470914
v 4.172814 1.631752 2.358554
v 5.337386 1.562902 2.355140
v 5.338081 1.560672 1.914485
v 5.337101 2.107406 1.418175
v 5.080786 1.077878 2.524952
v 5.119442 1.014218 2.524952
v 5.270881 1.016948 2.507874
v 5.377608 2.469599 1.576149
v -5.224821 2.085626 0.876868
v -5.145875 1.404811 0.861787
v -5.225665 2.103046 1.433396
v -5.211767 1.109868 1.658405
v 1.650184 1.464161 2.364413
v 0.896198 0.583884 2.282486
v 1.657943 0.517174 2.249728
v 1.017747 1.353810 2.284133
v 0.138210 0.710785 2.286219
v 0.896198 0.583884 2.282486
v 0.142211 1.158969 2.346996
v -0.428961 1.382120 2.368954
v 1.017747 1.353810 2.284133
v -0.544576 1.003198 2.371759
v 0.889283 0.244472 2.508223
v 0.670889 0.101451 2.508712
v -1.796601 3.526016 2.513155
v -0.632954 3.507786 1.937832
v -0.622392 3.507176 2.393179
v -1.418220 3.507736 1.733305
v 5.383284 2.469809 1.966368
v 5.377608 2.469599 1.576149
v 5.867834 2.675260 2.043544
v 5.867984 2.675460 1.716007
v 4.994190 2.660620 3.045218
v 6.124163 2.672240 2.514562
v 4.620409 2.654780 3.045179
v 4.303701 2.468678 2.509122
v 0.227200 2.518319 3.045767
v 0.992035 2.471868 2.511607
v 0.963165 2.629169 3.044979
v 0.854724 2.471868 2.511637
v -5.140607 3.572167 1.755134
v -5.140607 3.572197 1.398612
v -5.532301 2.923552 0.942266
v -5.700700 2.703490 1.508755
v -2.790719 2.275107 2.417184
v -2.733483 1.617132 2.366569
v -1.770413 1.852354 2.443545
v -3.222062 2.122836 2.434891
v -3.604432 1.581012 2.400216
v -2.108873 2.230827 2.417564
v -1.251127 2.184356 2.379515
v -1.353688 1.629812 2.375432
v 5.337101 2.107406 1.418175
v 5.337386 1.562902 2.355140
v 4.856648 1.892504 2.470914
v 5.338081 1.560672 1.914485
v 5.377608 2.469599 1.576149
v -5.664344 2.661010 1.451143
v -5.225515 1.809384 1.962745
v -5.242570 2.278737 2.363106
v -5.225665 2.103046 1.433396
v -0.605936 2.561609 3.045288
v -1.251127 2.184356 2.379515
v -0.248734 2.468858 2.509072
v -0.916125 2.638840 3.044899
v -2.863839 3.507936 2.165645
v -3.136583 3.507826 1.972527
v -2.869515 3.966490 2.496446
v -1.796601 3.526016 2.513155
v -3.031585 3.966290 2.494270
v -3.599042 3.571717 2.578333
v 1.927978 3.233274 2.511657
v 1.373493 3.229804 2.490727
v 0.895953 3.966160 2.479777
v 0.871003 3.506496 2.427605
v 1.866822 3.191784 2.502964
v 0.907073 2.997483 2.478200
v 0.198045 3.966070 2.510939
v -0.017872 3.507756 2.253691
v -0.143368 3.966100 2.510210
v -0.622392 3.507176 2.393179
v -0.944668 3.966020 2.499071
v -2.070693 3.966480 2.501517
v -1.329692 3.417666 2.522906
v 2.932835 3.966590 2.537210
v 2.462958 3.514406 2.515161
v 3.537614 3.244554 2.604014
v 3.153202 3.966730 2.662385
v 1.929734 3.233444 2.588474
v 2.369571 3.967160 2.617459
v 3.907189 0.070231 2.508683
v 3.283150 0.012150 2.508703
v 4.032195 0.985367 2.270668
v 4.669573 0.017960 2.508972
v 5.270881 1.016948 2.507874
v 4.256810 1.561452 2.276877
v 5.337386 1.562902 2.355140
v -5.670633 2.654980 0.406210
v -5.224821 2.085626 0.876868
v -5.659308 2.667680 1.201141
v -5.224794 2.085626 0.343527
v -2.140247 2.972782 2.703877
v -1.500636 3.026523 2.477322
v -1.401328 2.972752 2.618907
v -0.682677 3.007653 2.477721
v -2.129616 3.020723 2.477771
v -0.880558 2.972522 2.729051
v -0.593985 2.972852 2.644089
v 0.059209 3.009103 2.477891
v 5.337319 1.562902 -0.053569
v 5.353788 1.027018 -0.756663
v 5.337046 2.120476 -0.372412
v 5.337087 2.120196 -0.171329
v 3.068472 2.937732 2.748873
v 1.880951 3.199084 2.603695
v 2.462958 3.514406 2.515161
v 0.907073 2.997483 2.478200
v 1.866822 3.191784 2.502964
v 1.927978 3.233274 2.511657
v 1.929734 3.233444 2.588474
v 4.830146 3.535257 -1.172195
v 5.405280 3.605048 -1.040541
v 5.820140 2.738811 -0.840536
v -4.235440 4.000000 1.965281
v -4.343146 3.999890 1.448977
v -4.697912 3.999720 1.600065
v -4.979381 3.999400 1.966009
v -4.354512 3.999970 1.352598
v -4.522993 3.999920 1.367091
v -2.790719 2.275107 2.417184
v -2.108873 2.230827 2.417564
v -1.706930 2.646990 3.044869
v -2.357892 2.649000 3.044749
v 4.856648 1.892504 2.470914
v 4.172814 1.631752 2.358554
v 5.383284 2.469809 1.966368
v 5.336747 2.122646 0.924689
v 5.337319 2.103046 0.318165
v 5.365753 2.469519 0.743528
v 5.337087 2.120196 -0.171329
v 5.365753 2.469719 1.071075
v 5.381555 2.469649 0.208749
v -2.977725 2.663700 3.045049
v -3.222062 2.122836 2.434891
v -2.357892 2.649000 3.044749
v -2.790719 2.275107 2.417184
v 1.880951 3.199084 2.603695
v 3.068472 2.937732 2.748873
v 1.929734 3.233444 2.588474
v 2.462958 3.514406 2.515161
v -1.353688 1.629812 2.375432
v -2.108873 2.230827 2.417564
v -1.251127 2.184356 2.379515
v -1.770413 1.852354 2.443545
v -4.429116 3.506277 1.404411
v -5.140607 3.572197 1.398612
v -5.140607 3.572167 1.755134
v -4.438017 3.506406 1.708032
v 5.274543 1.468881 0.812010
v 5.352985 0.491044 0.883027
v 5.274543 1.543752 0.900145
v 5.353040 0.486214 0.408246
v 3.537614 3.244554 2.604014
v 3.160117 3.507886 2.027604
v 3.156415 3.966420 2.505868
v 3.153202 3.966730 2.662385
v 4.675998 3.749628 2.158409
v 5.425656 3.460996 1.965640
v 5.409500 3.430026 2.540643
v 5.396051 3.423586 1.623021
v -5.211767 1.109868 1.658405
v -5.224848 0.999518 1.473790
v -5.480973 0.979917 2.224704
v -5.224998 1.552732 1.986660
v -5.242148 0.431873 1.939009
v -5.475732 0.409293 2.214743
v 4.675998 3.749628 2.158409
v 5.425656 3.460996 1.965640
v 5.811592 2.749601 1.976150
v -5.670524 2.654900 -0.192709
v -5.225869 2.110306 0.018895
v -5.224794 2.085626 0.343527
v -5.670633 2.654980 0.406210
v -5.225515 1.809384 1.962745
v -5.203859 1.545472 2.524503
v -5.176187 1.580322 2.524513
v -5.224998 1.552732 1.986660
v -5.242570 2.278737 2.363106
v -5.324170 2.666430 2.879678
v -5.480973 0.979917 2.224704
v -4.522993 3.999920 1.367091
v -4.438017 3.506406 1.708032
v -4.697912 3.999720 1.600065
v -4.979381 3.999400 1.966009
v -4.526464 3.505936 2.104310
v -4.429116 3.506277 1.404411
v -4.359943 3.506016 1.295714
v 1.927978 3.233274 2.511657
v 0.895953 3.966160 2.479777
v 1.341642 3.818309 2.789927
v 1.929734 3.233444 2.588474
v -0.944668 3.966020 2.499071
v -1.369709 3.801898 2.831139
v -0.746160 3.801898 2.831179
v -2.070693 3.966480 2.501517
v -0.143368 3.966100 2.510210
v 0.052295 3.833849 2.830840
v 0.198045 3.966070 2.510939
v 0.656556 3.803348 2.831099
v -2.146413 3.966760 2.740649
v -2.869515 3.966490 2.496446
v -2.916147 3.966570 2.702650
v -3.031585 3.966290 2.494270
v -3.599042 3.571717 2.578333
v -2.977725 2.663700 3.045049
v -3.186972 2.677430 3.035906
v -2.140247 2.972782 2.703877
v -2.357892 2.649000 3.044749
v -2.903366 3.026523 2.477891
v -2.129616 3.020723 2.477771
v -4.385450 1.571602 2.442108
v -4.379706 2.256957 2.370382
v -4.496315 2.652280 2.889091
v -4.526464 3.505936 2.104310
v -4.246465 3.505796 1.976879
v -4.235440 4.000000 1.965281
v -4.979381 3.999400 1.966009
v 5.377608 2.469599 1.576149
v 5.383284 2.469809 1.966368
v 5.867984 2.675460 1.716007
v 5.867834 2.675260 2.043544
v 4.856648 1.892504 2.470914
v 3.065260 0.006340 2.526270
v 3.283150 0.012150 2.508703
v 3.845924 0.113071 2.527238
v 2.766831 0.430333 2.509411
v -5.367563 3.134084 -0.730302
v -5.670524 2.654900 -0.192709
v -5.300622 3.220264 -0.193797
v -5.674281 2.651920 -0.630389
v -5.871972 2.675230 -1.279673
v -5.436899 3.045473 -1.254670
v -3.863496 2.132766 2.383897
v -3.604432 1.581012 2.400216
v -3.222062 2.122836 2.434891
v -4.020939 1.571582 2.413172
v -2.357892 2.649000 3.044749
v -1.706930 2.646990 3.044869
v -1.401328 2.972752 2.618907
v -2.140247 2.972782 2.703877
v -0.880558 2.972522 2.729051
v -0.916125 2.638840 3.044899
v -2.977725 2.663700 3.045049
v -3.186972 2.677430 3.035906
v -4.062998 2.677420 3.035876
v -4.083510 2.674660 3.038771
v -3.136583 3.507826 1.972527
v -3.599042 3.571717 2.578333
v -2.903366 3.026523 2.477891
v -2.129616 3.020723 2.477771
v -1.500636 3.026523 2.477322
v -2.019936 3.341245 2.553719
v -2.775393 3.239544 2.594173
v -1.401328 2.972752 2.618907
v -2.140247 2.972782 2.703877
v 1.401628 3.278625 2.549347
v 0.895953 3.966160 2.479777
v 1.341642 3.818309 2.789927
v 1.373493 3.229804 2.490727
v -5.225392 1.565802 0.044976
v -5.145521 1.562902 0.671064
v -5.224794 2.085626 0.343527
v -5.225869 2.110306 0.018895
v -5.225774 0.472444 -0.194156
v -5.225665 0.728716 0.315998
v 5.405280 3.605077 -0.484013
v 5.405280 3.605048 -1.040541
v 4.830146 3.535257 -1.172195
v 0.145669 2.069656 2.369613
v 0.914968 2.075456 2.430330
v 0.992035 2.471868 2.511607
v 0.854724 2.471868 2.511637
v -0.248734 2.468858 2.509072
v 1.017747 1.353810 2.284133
v 1.650184 1.464161 2.364413
v 0.142211 1.158969 2.346996
v -5.225665 0.728716 0.315998
v -5.225774 0.472444 -0.194156
v -5.242325 0.383143 0.823239
v -5.225828 0.426524 -0.230029
v 6.010045 2.685581 -1.890540
v 5.820140 2.738811 -0.840536
v 6.084390 2.643200 -0.863722
v 6.086868 2.605440 -1.368078
v -4.282875 3.506176 1.482664
v -4.343146 3.999890 1.448977
v -4.246465 3.505796 1.976879
v -4.354512 3.999970 1.352598
v -4.235440 4.000000 1.965281
v -4.359943 3.506016 1.295714
v 3.867172 1.455661 2.269571
v 3.881994 0.799866 2.271068
v 4.256810 1.561452 2.276877
v 4.032195 0.985367 2.270668
v -5.178651 0.431783 2.525102
v -5.475732 0.409293 2.214743
v -4.377365 0.461603 2.505608
v -4.518052 0.458263 2.514562
v 2.610695 2.972522 2.502964
v 1.866822 3.191784 2.502964
v 1.880951 3.199084 2.603695
v 3.068472 2.937732 2.748873
v 5.381555 2.469559 -2.499969
v 5.365753 2.469539 -1.928229
v 5.270881 2.077596 -2.389825
v 5.278790 2.078256 -2.965916
v -5.176187 1.580322 2.524513
v -4.879733 2.001405 2.524653
v -4.496315 2.652280 2.889091
v -5.324170 2.666430 2.879678
v -4.851394 0.492764 2.518085
v -4.460748 1.237649 2.443275
v -4.852238 1.245639 2.517277
v -4.378726 0.892067 2.446190
v -4.385450 1.571602 2.442108
v -5.144813 0.976017 2.524763
v -5.203859 1.545472 2.524503
v -4.377365 0.461603 2.505608
v -4.518052 0.458263 2.514562
v -5.480973 0.979917 2.224704
v -5.475732 0.409293 2.214743
v -5.178651 0.431783 2.525102
v 1.351824 3.217684 2.595720
v 0.214351 2.973002 2.543548
v 0.907073 2.997483 2.478200
v 3.414935 3.138334 2.644998
v 2.610695 2.972522 2.502964
v 3.068472 2.937732 2.748873
v -4.062998 2.677420 3.035876
v -4.496315 2.652280 2.889091
v -5.084039 2.987092 2.727473
v -4.245322 3.572117 2.572534
v -5.025986 3.572427 2.516009
v -5.140607 3.572147 2.560935
v -5.622844 2.790911 2.867871
v -5.324170 2.666430 2.879678
v 5.337332 1.823534 -3.525878
v 5.336760 2.302698 -3.014106
v 5.381555 2.469559 -2.499969
v 5.278790 2.078256 -2.965916
v 3.286607 2.972862 2.497165
v 2.610695 2.972522 2.502964
v 3.414935 3.138334 2.644998
v 5.080786 1.077878 2.524952
v 4.856648 1.892504 2.470914
v 5.120190 1.582502 2.524962
v 5.337386 1.562902 2.355140
v 0.907073 2.997483 2.478200
v 1.880951 3.199084 2.603695
v 1.351824 3.217684 2.595720
v 5.270881 1.016948 2.507874
v 5.119442 1.014218 2.524952
v 5.080786 1.077878 2.524952
v 5.337386 1.562902 2.355140
v 2.334004 3.967000 2.491376
v 1.927978 3.233274 2.511657
v 2.369571 3.967160 2.617459
v 1.929734 3.233444 2.588474
v 4.349952 3.798999 1.517449
v 4.349911 3.726998 1.567485
v 4.349694 3.851269 1.963833
v 4.349516 3.884299 1.353686
v 4.349666 3.743818 1.337746
v 4.480335 3.749628 2.163969
v -4.359943 3.506016 1.295714
v -4.522993 3.999920 1.367091
v -4.354512 3.999970 1.352598
v 5.314356 3.121503 2.708349
v 6.124163 2.672240 2.514562
v 5.788289 2.779181 2.537748
v 3.116642 1.608542 2.344400
v 2.726310 1.564512 2.288615
v 3.895333 1.741493 2.271587
v 3.283150 0.012150 2.508703
v 3.881994 0.799866 2.271068
v 4.032195 0.985367 2.270668
v 5.764646 2.808311 1.453678
v 5.867984 2.675460 1.716007
v 5.867834 2.675260 2.043544
v 5.811592 2.749601 1.976150
v 0.889283 0.244472 2.508223
v 0.670889 0.101451 2.508712
v 0.179765 0.017960 2.527547
v 1.524688 0.000000 2.514561
v 1.665129 0.099451 2.508573
v 2.385387 0.006340 2.526789
v 3.065260 0.006340 2.526270
v 1.657943 0.517174 2.249728
v 0.896198 0.583884 2.282486
v 2.976759 1.008458 2.246763
v 2.766831 0.430333 2.509411
v 3.881994 0.799866 2.271068
v 3.283150 0.012150 2.508703
v 0.214351 2.973002 2.543548
v 0.197555 3.003293 2.478090
v 0.907073 2.997483 2.478200
v 1.401628 3.278625 2.549347
v 0.871003 3.506496 2.427605
v 1.373493 3.229804 2.490727
v 0.759826 3.507606 1.938471
v 1.640425 3.507796 1.960929
v 5.426241 3.462126 1.500062
v 5.396051 3.423586 1.623021
v 5.130562 3.535357 0.894256
v 4.349666 3.743818 1.337746
v 4.349911 3.726998 1.567485
v 4.675998 3.749628 2.158409
v 5.425656 3.460996 1.965640
v 5.426323 3.466486 0.927045
v 2.336590 3.507676 1.297980
v 3.040555 3.535297 0.929041
v 3.123434 3.507856 1.939100
v 3.795766 3.535317 1.477414
v 3.160117 3.507886 2.027604
v 3.153025 3.535317 0.907711
v 2.373531 3.507557 0.805852
v 3.118126 3.535287 0.329404
v 2.380936 3.535317 -0.003932
v 1.553094 3.507617 0.223871
v 1.618565 3.535247 -0.578037
v 0.689918 3.507487 -0.218071
v 3.045496 3.535357 0.096430
v 0.829992 3.507477 -0.757930
v 1.533576 3.535147 -0.800680
v 0.859665 3.535127 -1.297380
v 1.240578 3.507557 0.857844
v 0.716596 3.507426 0.858393
v 1.556919 3.507667 1.355672
v 2.387606 3.507806 1.598248
v 0.825609 3.507526 1.410070
v -0.103841 3.507647 1.396076
v 2.462958 3.514406 2.515161
v 2.915549 3.507856 2.006583
v 0.011025 3.507527 0.217443
v -0.218231 3.507507 -0.379120
v -0.717998 3.507647 0.269975
v -0.634493 3.507407 -0.655023
v -0.705653 3.507696 0.729045
v -0.486265 3.507426 0.800052
v -0.808908 3.507577 0.866538
v 0.050063 3.507437 -0.800501
v 0.788491 3.535187 -1.460016
v 0.124421 3.535317 -1.595612
v 4.480335 3.749628 2.163969
v 1.927978 3.233274 2.511657
v 3.956598 3.535407 0.644983
v 3.174940 3.535297 0.339904
v 3.152222 3.535337 0.057203
v 4.231438 3.535387 0.238733
v 5.144391 3.535727 0.377593
v 4.679387 3.535337 -0.213929
v 4.662155 3.535307 -0.734734
v 4.069245 3.535357 -0.299948
v 5.425983 3.461406 0.345703
v 5.416237 3.604307 -0.128938
v 3.537614 3.244554 2.604014
v 1.341642 3.818309 2.789927
v 0.052295 3.833849 2.830840
v 0.656556 3.803348 2.831099
v 0.907073 2.997483 2.478200
v 1.401628 3.278625 2.549347
v 1.373493 3.229804 2.490727
v 1.351824 3.217684 2.595720
v 0.059209 3.009103 2.477891
v -0.880558 2.972522 2.729051
v -0.593985 2.972852 2.644089
v -3.666745 0.464243 2.495717
v -4.377365 0.461603 2.505608
v -4.207768 0.458093 2.514562
v -4.518052 0.458263 2.514562
v 5.399590 3.425146 2.534854
v 5.788289 2.779181 2.537748
v 5.409500 3.430026 2.540643
v 5.314356 3.121503 2.708349
v 4.622968 3.113443 2.712651
v 3.164323 2.637390 3.044929
v 4.620409 2.654780 3.045179
v 3.414935 3.138334 2.644998
v 3.537614 3.244554 2.604014
v 4.463906 3.231694 2.655827
v -4.518052 0.458263 2.514562
v -3.666745 0.464243 2.495717
v -4.207768 0.458093 2.514562
v -4.377365 0.461603 2.505608
v -4.083510 2.674660 3.038771
v -4.496315 2.652280 2.889091
v -4.062998 2.677420 3.035876
v -3.186972 2.677430 3.035906
v -2.977725 2.663700 3.045049
v 5.383284 2.469809 1.966368
v 4.994190 2.660620 3.045218
v 6.124163 2.672240 2.514562
v 4.303701 2.468678 2.509122
v 4.620409 2.654780 3.045179
v 5.867834 2.675260 2.043544
v -4.211715 3.507837 -0.230388
v -4.927168 3.507257 -0.204297
v -4.115864 3.508007 0.842084
v -4.377733 3.507806 0.801500
v -5.266989 3.262865 -0.219978
v -5.290999 3.232204 0.497150
v -5.295164 3.227395 0.369618
v -5.300622 3.220264 -0.193797
v 1.918954 2.599019 3.045039
v 0.992035 2.471868 2.511607
v 2.201212 2.468838 2.509002
v 0.963165 2.629169 3.044979
v 5.399590 3.425146 2.534854
v 4.480335 3.749628 2.163969
v 4.463906 3.231694 2.655827
v 4.675998 3.749628 2.158409
v 5.425656 3.460996 1.965640
v 5.409500 3.430026 2.540643
v 2.387606 3.507806 1.598248
v 1.373493 3.229804 2.490727
v 1.927978 3.233274 2.511657
v 1.640425 3.507796 1.960929
v 1.401628 3.278625 2.549347
v 1.929734 3.233444 2.588474
v 0.759826 3.507606 1.938471
v 0.871003 3.506496 2.427605
v 1.341642 3.818309 2.789927
v 1.401628 3.278625 2.549347
v 1.929734 3.233444 2.588474
v 1.880951 3.199084 2.603695
v -0.746160 3.801898 2.831179
v -1.369709 3.801898 2.831139
v -1.329692 3.417666 2.522906
v 0.052295 3.833849 2.830840
v -0.569281 3.399916 2.529903
v -2.019936 3.341245 2.553719
v -2.775393 3.239544 2.594173
v 0.169393 3.290025 2.574689
v 0.656556 3.803348 2.831099
v -2.146413 3.966760 2.740649
v -3.599042 3.571717 2.578333
v -2.916147 3.966570 2.702650
v 1.866822 3.191784 2.502964
v 2.610695 2.972522 2.502964
v 3.068472 2.937732 2.748873
v 3.286607 2.972862 2.497165
v 3.414935 3.138334 2.644998
v 3.537614 3.244554 2.604014
v 2.432509 2.611979 3.044889
v -0.593985 2.972852 2.644089
v -0.569281 3.399916 2.529903
v 0.214351 2.973002 2.543548
v -0.605936 2.561609 3.045288
v 0.169393 3.290025 2.574689
v 0.871003 3.506496 2.427605
v -0.880558 2.972522 2.729051
v 0.227200 2.518319 3.045767
v 1.401628 3.278625 2.549347
v 0.963165 2.629169 3.044979
v -0.017872 3.507756 2.253691
v 1.351824 3.217684 2.595720
v -1.329692 3.417666 2.522906
v -1.401328 2.972752 2.618907
v -2.019936 3.341245 2.553719
v -1.796601 3.526016 2.513155
v -2.775393 3.239544 2.594173
v -2.863839 3.507936 2.165645
v -2.140247 2.972782 2.703877
v -0.916125 2.638840 3.044899
v -1.706930 2.646990 3.044869
v 1.880951 3.199084 2.603695
v 1.918954 2.599019 3.045039
v 2.432509 2.611979 3.044889
v 3.068472 2.937732 2.748873
v 1.866822 3.191784 2.502964
v -1.329692 3.417666 2.522906
v -1.796601 3.526016 2.513155
v -0.622392 3.507176 2.393179
v 5.882616 2.656810 0.797876
v 5.851963 2.696541 0.840816
v 5.882548 2.656730 0.931945
v 5.863737 2.680150 1.187377
v 5.882616 2.656810 0.797876
v 5.851963 2.696541 0.840816
v 5.876355 2.664480 -0.143431
v 5.863737 2.680150 1.187377
v 5.788371 2.779281 0.286284
v 5.882548 2.656730 0.931945
v 5.863737 2.680150 1.187377
v 5.882548 2.656730 0.931945
v 5.764646 2.808311 1.453678
v 5.882548 2.656730 0.931945
v 5.867984 2.675460 1.716007
v 5.764646 2.808311 1.453678
v 5.336747 2.122646 0.924689
v 5.274543 1.543752 0.900145
v 5.337101 2.107406 1.418175
v 5.377608 2.469599 1.576149
v 5.365753 2.469719 1.071075
v 5.338081 1.560672 1.914485
v 5.274543 1.468881 0.812010
v 5.337319 2.103046 0.318165
v 5.365753 2.469719 1.071075
v 5.377608 2.469599 1.576149
v 5.867984 2.675460 1.716007
v 5.882548 2.656730 0.931945
v -4.385450 1.571602 2.442108
v -4.460748 1.237649 2.443275
v -4.020939 1.571582 2.413172
v -2.876484 0.374073 2.360281
v -3.666745 0.464243 2.495717
v -4.207768 0.458093 2.514562
v -1.205924 1.559052 2.373646
v -1.908691 1.554462 2.477142
v -1.770413 1.852354 2.443545
v -2.876484 0.374073 2.360281
v -4.377365 0.461603 2.505608
v -3.666745 0.464243 2.495717
v -3.494303 0.979187 2.442736
v -2.480421 0.950147 2.475705
v -2.548383 1.496341 2.377079
v -3.531829 1.548382 2.349331
v -4.271006 0.854316 2.446968
v -3.666745 0.464243 2.495717
v -4.377365 0.461603 2.505608
v -4.100061 1.557312 2.394756
v -1.477334 0.640095 2.359841
v -2.876484 0.374073 2.360281
v -1.833202 0.454543 2.473978
v -1.295296 0.524884 2.360650
v -2.128636 0.378063 2.357695
v -1.908691 1.554462 2.477142
v -1.205924 1.559052 2.373646
v -0.428961 1.382120 2.368954
v -0.544576 1.003198 2.371759
v -1.361801 0.337403 2.356088
v 0.043638 0.276052 2.508194
v -1.353688 1.629812 2.375432
v -1.770413 1.852354 2.443545
v -1.645352 0.256262 2.713379
v -1.315359 0.255392 3.013118
v -0.593495 1.677243 2.369973
v -0.428961 1.382120 2.368954
v -1.353688 1.629812 2.375432
v -1.251127 2.184356 2.379515
v 0.145669 2.069656 2.369613
v 0.142211 1.158969 2.346996
v -1.205924 1.559052 2.373646
v -0.544576 1.003198 2.371759
v -1.295296 0.524884 2.360650
v -0.248734 2.468858 2.509072
v 0.043638 0.276052 2.508194
v -1.361801 0.337403 2.356088
v -1.295296 0.524884 2.360650
v -0.544576 1.003198 2.371759
v -1.477334 0.640095 2.359841
v -2.480421 0.950147 2.475705
v -1.908691 1.554462 2.477142
v -2.548383 1.496341 2.377079
v -0.593495 1.677243 2.369973
v 0.142211 1.158969 2.346996
v 0.145669 2.069656 2.369613
v -0.428961 1.382120 2.368954
v -4.271006 0.854316 2.446968
v -4.460748 1.237649 2.443275
v -4.100061 1.557312 2.394756
v -3.494303 0.979187 2.442736
v -4.378726 0.892067 2.446190
v -4.377365 0.461603 2.505608
v -3.531829 1.548382 2.349331
v -4.385450 1.571602 2.442108
v -4.385450 1.571602 2.442108
v -4.379706 2.256957 2.370382
v -4.020939 1.571582 2.413172
v -3.863496 2.132766 2.383897
v -4.083510 2.674660 3.038771
v -4.496315 2.652280 2.889091
v -4.100061 1.557312 2.394756
v -4.460748 1.237649 2.443275
v -1.361801 0.337403 2.356088
v -1.833202 0.454543 2.473978
v -1.315359 0.255392 3.013118
v -2.128636 0.378063 2.357695
v -2.176058 0.255752 2.978333
v -1.645352 0.256262 2.713379
v -2.876484 0.374073 2.360281
v -2.944813 0.280472 2.741008
v -2.310456 0.120321 3.343549
v -3.076530 0.059340 3.100794
v -1.645352 0.256262 2.713379
v -1.361801 0.337403 2.356088
v -1.315359 0.255392 3.013118
v -1.833202 0.454543 2.473978
v -1.295296 0.524884 2.360650
v -1.361801 0.337403 2.356088
v -1.315359 0.255392 3.013118
v -3.604432 1.581012 2.400216
v -2.548383 1.496341 2.377079
v -2.733483 1.617132 2.366569
v -2.548383 1.496341 2.377079
v -3.531829 1.548382 2.349331
v -2.733483 1.617132 2.366569
v -3.604432 1.581012 2.400216
v -3.604432 1.581012 2.400216
v -3.531829 1.548382 2.349331
v -2.548383 1.496341 2.377079
v -4.100061 1.557312 2.394756
v -3.531829 1.548382 2.349331
v -3.604432 1.581012 2.400216
v -4.020939 1.571582 2.413172
v -1.205924 1.559052 2.373646
v -1.770413 1.852354 2.443545
v -1.353688 1.629812 2.375432
v -4.207768 0.458093 2.514562
v -2.876484 0.374073 2.360281
v -2.944813 0.280472 2.741008
v -2.128636 0.378063 2.357695
v -2.176058 0.255752 2.978333
v -3.076530 0.059340 3.100794
v -2.310456 0.120321 3.343549
v -4.378726 0.892067 2.446190
v -4.271006 0.854316 2.446968
v -4.100061 1.557312 2.394756
v -4.460748 1.237649 2.443275
v -4.198281 3.790289 -3.528932
v -4.399974 3.999721 -3.029138
v -4.520039 3.999821 -2.827505
v -3.651922 3.535147 -3.233675
v -2.894846 3.535267 -2.802143
v -3.641291 3.535187 -2.918265
v -2.907817 3.535347 -3.178957
v -4.023470 3.535077 -3.572440
v -2.907817 3.535347 -3.178957
v -3.651922 3.535147 -3.233675
v -3.589160 3.535167 -3.575335
v -4.753242 3.507727 -3.560842
v -3.651922 3.535147 -3.233675
v -4.429116 3.507677 -3.537655
v -4.753242 3.507727 -3.560842
v -5.168157 3.412826 -3.601426
v -4.429116 3.507677 -3.537655
v -4.344875 3.359096 -4.304290
v -3.007371 2.940203 -4.455078
v -3.624373 3.310046 -4.322176
v -3.634132 2.981843 -4.440305
v -3.007371 2.940203 -4.455078
v -2.768478 3.220345 -4.354386
v -3.624373 3.310046 -4.322176
v -2.756840 3.244635 -4.345742
v -0.919337 1.001698 -4.278768
v -2.104912 0.459374 -4.290606
v -1.314869 0.240123 -4.290646
v -0.591018 0.361364 -4.290536
v 0.053275 0.999518 -4.278638
v -3.662294 0.930188 -4.290746
v -3.660320 0.205992 -4.290626
v -2.899419 0.942888 -4.290696
v -2.994276 0.459374 -4.290836
v -3.660320 0.205992 -4.290626
v -3.662294 0.930188 -4.290746
v -2.994276 0.459374 -4.290836
v -2.899419 0.942888 -4.290696
v -1.314869 0.240123 -4.290646
v -1.368470 0.784987 -4.278878
v -0.919337 1.001698 -4.278768
v 0.053275 0.999518 -4.278638
v -0.591018 0.361364 -4.290536
v -2.104912 0.459374 -4.290606
v -2.682509 0.453564 -4.290786
v -2.158023 1.006958 -4.278658
v -4.974645 3.506537 -2.456270
v -4.429116 3.507677 -3.537655
v -3.641291 3.535187 -2.918265
v -3.651922 3.535147 -3.233675
v -5.168157 3.412826 -3.601426
v -4.753242 3.507727 -3.560842
v -5.160194 3.407126 -3.044898
v -5.160139 3.407176 -2.509391
v -3.624373 3.310046 -4.322176
v -4.023470 3.535077 -3.572440
v -3.589160 3.535167 -3.575335
v -4.344875 3.359096 -4.304290
v -2.199783 1.697934 -4.290945
v -2.974513 1.702294 -4.291195
v -2.889537 1.438032 -4.278728
v -2.124185 1.440932 -4.278858
v -1.450247 1.436302 -4.278977
v -3.628442 1.558723 -4.278818
v -1.405779 2.038166 -4.291065
v -2.126227 2.196657 -4.290995
v -3.634622 1.830075 -4.278848
v -2.899419 0.942888 -4.290696
v -3.662294 0.930188 -4.290746
v -2.936714 2.637391 -4.655532
v -3.662294 2.640291 -4.655622
v -2.768478 3.220345 -4.354386
v -3.007371 2.940203 -4.455078
v -2.899419 0.942888 -4.290696
v -3.662294 0.930188 -4.290746
v -2.889537 1.438032 -4.278728
v -3.628442 1.558723 -4.278818
v -3.922679 3.507837 -2.433303
v -2.894846 3.535267 -2.802143
v -3.225765 3.507787 -2.269899
v -3.641291 3.535187 -2.918265
v -1.374650 2.205777 -4.290965
v -0.630545 2.356429 -4.290885
v -1.992019 3.178645 -4.369338
v -1.306457 3.154304 -4.378142
v -4.974645 3.506537 -2.456270
v -3.641291 3.535187 -2.918265
v -4.215676 3.994470 -2.455611
v -4.463089 2.660621 -4.656231
v -3.634622 1.830075 -4.278848
v -3.662294 2.640291 -4.655622
v -4.385641 1.957846 -4.290815
v -3.634622 1.830075 -4.278848
v -4.385641 1.957846 -4.290815
v -3.662294 2.640291 -4.655622
v -4.463089 2.660621 -4.656231
v -2.936714 2.637391 -4.655532
v -2.974513 1.702294 -4.291195
v -4.429116 3.507677 -3.537655
v -4.974645 3.506537 -2.456270
v -4.520039 3.999821 -2.827505
v -4.399974 3.999721 -3.029138
v -4.198281 3.790289 -3.528932
v -4.429116 3.988590 -2.449832
v -4.219623 3.984850 -2.447846
v -4.215676 3.994470 -2.455611
v -5.168157 3.412826 -3.601426
v -5.160194 3.407126 -3.044898
v -5.160139 3.407176 -2.509391
v -4.344875 3.359096 -4.304290
v -3.624373 3.310046 -4.322176
v -3.589160 3.535167 -3.575335
v -4.023470 3.535077 -3.572440
v -2.126227 2.196657 -4.290995
v -2.936714 2.637391 -4.655532
v -3.007371 2.940203 -4.455078
v -2.768478 3.220345 -4.354386
v -2.756840 3.244635 -4.345742
v -1.764982 3.228345 -4.351601
v -1.992019 3.178645 -4.369338
v -3.624373 3.310046 -4.322176
v -3.634132 2.981843 -4.440305
v -4.344875 3.359096 -4.304290
v -1.450247 1.436302 -4.278977
v -2.124185 1.440932 -4.278858
v -1.405779 2.038166 -4.291065
v -2.199783 1.697934 -4.290945
v -2.756840 3.244635 -4.345742
v -1.764982 3.228345 -4.351601
v -0.704468 3.535207 -4.109355
v -1.306457 3.154304 -4.378142
v -1.992019 3.178645 -4.369338
v -2.768478 3.220345 -4.354386
v -4.520039 3.999821 -2.827505
v -4.974645 3.506537 -2.456270
v -4.215676 3.994470 -2.455611
v -4.974645 3.506537 -2.456270
v -4.520039 3.999821 -2.827505
v -4.407378 3.507977 -2.407212
v -1.306457 3.154304 -4.378142
v -1.992019 3.178645 -4.369338
v -0.704468 3.535207 -4.109355
v -0.630545 2.356429 -4.290885
v -1.374650 2.205777 -4.290965
v -4.753242 3.507727 -3.560842
v -5.219757 3.247885 -4.345054
v -5.168157 3.412826 -3.601426
v -5.123811 3.302936 -4.324562
v -3.922679 3.507837 -2.433303
v -4.215676 3.994470 -2.455611
v -4.219623 3.984850 -2.447846
v -3.641291 3.535187 -2.918265
v -3.225765 3.507787 -2.269899
v -2.894846 3.535267 -2.802143
v -2.907817 3.535347 -3.178957
v -3.651922 3.535147 -3.233675
v -3.589160 3.535167 -3.575335
v -4.023470 3.535077 -3.572440
v -4.198281 3.790289 -3.528932
v -4.520039 3.999821 -2.827505
v -5.168157 3.412826 -3.601426
v -5.123811 3.302936 -4.324562
v -4.753242 3.507727 -3.560842
v -5.219757 3.247885 -4.345054
v -3.641291 3.535187 -2.918265
v -3.922679 3.507837 -2.433303
v -4.219623 3.984850 -2.447846
v -4.215676 3.994470 -2.455611
v -4.974645 3.506537 -2.456270
v -4.407378 3.507977 -2.407212
v -4.429116 3.988590 -2.449832
v -4.753242 3.507727 -3.560842
v -4.023470 3.535077 -3.572440
v -3.651922 3.535147 -3.233675
v -3.651922 3.535147 -3.233675
v -4.429116 3.507677 -3.537655
v -4.198281 3.790289 -3.528932
v -4.407378 3.507977 -2.407212
v -4.520039 3.999821 -2.827505
v -4.429116 3.988590 -2.449832
v -4.520039 3.999821 -2.827505
v -4.215676 3.994470 -2.455611
v -4.429116 3.988590 -2.449832
v -4.219623 3.984850 -2.447846
v -0.704468 3.535207 -4.109355
v -1.992019 3.178645 -4.369338
v -1.764982 3.228345 -4.351601
v -2.104912 0.459374 -4.290606
v -0.919337 1.001698 -4.278768
v -1.368470 0.784987 -4.278878
v -2.124185 1.440932 -4.278858
v -2.158023 1.006958 -4.278658
v -1.450247 1.436302 -4.278977
v -1.368470 0.784987 -4.278878
v -2.682509 0.453564 -4.290786
v -2.104912 0.459374 -4.290606
v -0.500598 3.535507 -2.451419
v -0.947322 3.535447 -3.081000
v -0.603867 3.535397 -3.152327
v -0.602873 3.535297 -3.810125
v -1.326357 3.535497 -3.621718
v -0.709600 3.535317 -2.491275
v -0.602873 3.535297 -3.810125
v 0.179152 3.535157 -4.102518
v -0.603867 3.535397 -3.152327
v 0.720666 3.535407 -3.046984
v 2.383046 3.535287 -3.532316
v 1.673895 3.535377 -3.769541
v 3.116642 3.535377 -3.485483
v 2.536582 3.535137 -3.813020
v 2.585746 3.535167 -2.463736
v 2.383046 3.535287 -3.532316
v 3.116642 3.535377 -3.485483
v 1.756911 3.535367 -2.970986
v 2.585746 3.535167 -2.463736
v 3.116642 3.535377 -3.485483
v 3.166542 3.535377 -2.644538
v 3.294515 3.535337 -3.539103
v 3.868778 3.535417 -2.004127
v 2.585746 3.535167 -2.463736
v 3.166542 3.535377 -2.644538
v 2.998060 3.535287 -1.905032
v -0.602873 3.535297 -3.810125
v -0.425994 3.535098 -4.133310
v 0.754885 3.535047 -4.108676
v -0.296863 2.143237 -4.291025
v 0.172850 2.057676 -4.290905
v 0.172197 2.132177 -4.290875
v -0.239723 2.051506 -4.291055
v -0.630545 2.356429 -4.290885
v -0.632519 1.873995 -4.291195
v 2.536582 3.535137 -3.813020
v 1.673895 3.535377 -3.769541
v 2.383046 3.535287 -3.532316
v 3.139931 3.535147 -4.110443
v 1.721821 3.534857 -4.133310
v 3.868778 3.535417 -2.004127
v 3.166542 3.535377 -2.644538
v 2.998060 3.535287 -1.905032
v 2.585746 3.535167 -2.463736
v 3.294515 3.535337 -3.539103
v 3.116642 3.535377 -3.485483
v 1.756911 3.535367 -2.970986
v 1.660311 3.221455 -4.354187
v 2.421579 3.174445 -4.371065
v 0.919174 3.535057 -4.042440
v 0.754885 3.535047 -4.108676
v 1.225755 3.534997 -4.111571
v 1.673895 3.535377 -3.769541
v 1.721821 3.534857 -4.133310
v 2.536582 3.535137 -3.813020
v 3.139931 3.535147 -4.110443
v 0.720666 3.535407 -3.046984
v 0.179152 3.535157 -4.102518
v 1.581011 3.535387 -3.134760
v 2.383046 3.535287 -3.532316
v 0.317117 3.051424 -4.415342
v 0.921147 3.049614 -4.415801
v -0.425994 3.535098 -4.133310
v -0.588296 3.080964 -4.404303
v 1.721821 3.534857 -4.133310
v 2.421579 3.174445 -4.371065
v 3.139931 3.535147 -4.110443
v 1.660311 3.221455 -4.354187
v 1.225755 3.534997 -4.111571
v 0.921147 3.049614 -4.415801
v -0.588296 3.080964 -4.404303
v -0.296863 2.143237 -4.291025
v 0.317117 3.051424 -4.415342
v 0.172197 2.132177 -4.290875
v 0.172197 2.132177 -4.290875
v -0.296863 2.143237 -4.291025
v -0.588296 3.080964 -4.404303
v 0.317117 3.051424 -4.415342
v -1.306457 3.154304 -4.378142
v -0.239723 2.051506 -4.291055
v -0.632519 1.873995 -4.291195
v -0.630545 2.356429 -4.290885
v 0.172850 2.057676 -4.290905
v -0.425994 3.535098 -4.133310
v 0.754885 3.535047 -4.108676
v 0.921147 3.049614 -4.415801
v 1.225755 3.534997 -4.111571
v 1.721821 3.534857 -4.133310
v 1.660311 3.221455 -4.354187
v -0.704468 3.535207 -4.109355
v -2.199538 3.535437 -3.624073
v -2.756840 3.244635 -4.345742
v -1.764982 3.228345 -4.351601
v -1.564623 3.535437 -3.554863
v -1.409236 3.535317 -2.528225
v -2.172111 3.535317 -2.589820
v -2.193726 3.507767 -1.902138
v -1.415416 3.535297 -2.449243
v -2.172111 3.535317 -2.589820
v -1.409236 3.535317 -2.528225
v -1.415416 3.535297 -2.449243
v -0.709600 3.535317 -2.491275
v -0.717508 3.535297 -2.417363
v -2.193726 3.507767 -1.902138
v 1.673895 3.535377 -3.769541
v 0.919174 3.535057 -4.042440
v 2.383046 3.535287 -3.532316
v -2.199538 3.535437 -3.624073
v -2.756840 3.244635 -4.345742
v -3.589160 3.535167 -3.575335
v -3.624373 3.310046 -4.322176
v -1.564623 3.535437 -3.554863
v -1.764982 3.228345 -4.351601
v -0.704468 3.535207 -4.109355
v -1.326357 3.535497 -3.621718
v -1.564623 3.535437 -3.554863
v -0.947322 3.535447 -3.081000
v -0.603867 3.535397 -3.152327
v -0.704468 3.535207 -4.109355
v -1.429245 3.535357 -3.407220
v -1.409236 3.535317 -2.528225
v -2.172111 3.535317 -2.589820
v -0.602873 3.535297 -3.810125
v -0.425994 3.535098 -4.133310
v 0.179152 3.535157 -4.102518
v -2.168164 3.535327 -3.186932
v -2.199538 3.535437 -3.624073
v -2.894846 3.535267 -2.802143
v -2.907817 3.535347 -3.178957
v -3.589160 3.535167 -3.575335
v 0.720666 3.535407 -3.046984
v -0.709600 3.535317 -2.491275
v -0.500598 3.535507 -2.451419
v -1.415416 3.535297 -2.449243
v -0.717508 3.535297 -2.417363
v 0.754885 3.535047 -4.108676
v 0.179152 3.535157 -4.102518
v -0.602873 3.535297 -3.810125
v 0.720666 3.535407 -3.046984
v 0.919174 3.535057 -4.042440
v 1.581011 3.535387 -3.134760
v 2.383046 3.535287 -3.532316
v 1.225755 3.534997 -4.111571
v 0.179152 3.535157 -4.102518
v 0.919174 3.535057 -4.042440
v 0.754885 3.535047 -4.108676
v 4.017985 3.535277 -3.047613
v 3.175933 3.535367 -3.577511
v 3.294515 3.535337 -3.539103
v 2.536582 3.535137 -3.813020
v 5.136483 3.535317 -1.353585
v 5.136483 3.535157 -1.913187
v 5.405280 3.605268 -2.071251
v 5.405280 3.605228 -1.638092
v 4.669206 3.535247 -3.890744
v 3.912879 3.535287 -3.867737
v 4.045289 3.535057 -4.111940
v 5.017901 3.535087 -4.133310
v 3.651745 3.535137 -4.113387
v 4.045289 3.535057 -4.111940
v 3.912879 3.535287 -3.867737
v 3.175933 3.535367 -3.577511
v 4.045289 3.535057 -4.111940
v 4.684396 3.051194 -4.415741
v 5.017901 3.535087 -4.133310
v 4.087961 3.008583 -4.430863
v 5.352863 0.285133 -2.505409
v 5.337141 0.831087 -2.963740
v 5.352726 0.431054 -1.924606
v 5.337346 1.011138 -2.378227
v 5.353271 0.441224 -3.563747
v 5.337808 1.008098 -3.679420
v 5.337618 0.961658 -3.544683
v 5.353081 0.211802 -3.042363
v 2.418000 1.674703 -4.291125
v 3.223927 1.973546 -4.291175
v 2.610328 2.213488 -4.291055
v 3.155680 2.140797 -4.291185
v 3.223927 1.973546 -4.291175
v 3.914349 1.206070 -4.290835
v 3.923005 1.757104 -4.291225
v 2.362166 3.535217 -1.466623
v 2.390083 3.535227 -2.029220
v 2.768805 3.535037 -1.375324
v 2.998060 3.535287 -1.905032
v 0.828018 1.568713 -4.291085
v 1.631523 1.562903 -4.291215
v 0.172850 2.057676 -4.290905
v 0.909414 2.102727 -4.291105
v 1.737147 1.562903 -4.291245
v 1.642276 1.818455 -4.291245
v 0.909414 2.102727 -4.291105
v 1.642276 1.818455 -4.291245
v 0.930784 2.126277 -4.291065
v 2.001166 2.248658 -4.291085
v 2.965448 1.564353 -4.291225
v 3.088971 0.932728 -4.290855
v 3.753027 0.900788 -4.290826
v 1.737147 1.562903 -4.291245
v 2.384393 1.000608 -4.290855
v 3.856296 1.566533 -4.291304
v 3.223927 1.973546 -4.291175
v 2.418000 1.674703 -4.291125
v 3.914349 1.206070 -4.290835
v 4.130524 0.963218 -4.278578
v 2.948039 0.449024 -4.278688
v 2.308306 0.439044 -4.278688
v 3.149745 0.042641 -4.278578
v 4.646693 0.369284 -4.278639
v 4.832134 0.449934 -4.278459
v 5.336910 0.739246 -4.125345
v 5.338353 1.555642 -3.378234
v 5.337700 1.562903 -3.572440
v 5.337618 0.961658 -3.544683
v 5.337141 0.831087 -2.963740
v 5.337808 1.008098 -3.679420
v 5.337305 1.734964 -4.108677
v 5.337319 1.854395 -3.559575
v 5.337332 1.823534 -3.525878
v 5.337060 2.229378 -3.902882
v 5.336760 2.302698 -3.014106
v 5.353081 0.211802 -3.042363
v 5.352863 0.285133 -2.505409
v 5.337346 1.011138 -2.378227
v 5.352726 0.431054 -1.924606
v 5.353271 0.441224 -3.563747
v 5.278790 2.078256 -2.965916
v 5.273998 1.559452 -2.758305
v 5.091035 1.035819 -4.278239
v 4.744177 2.634481 -4.655443
v 5.336910 0.739246 -4.125345
v 6.120923 2.675301 -3.015912
v 6.121032 2.675391 -3.902882
v 4.950144 3.534587 -3.542067
v 5.405280 3.605268 -3.497081
v 5.281757 3.604938 -2.976326
v 5.954701 2.686201 -2.980050
v 5.405280 3.605128 -2.646344
v 6.070316 2.685801 -3.549613
v 3.923005 1.757104 -4.291225
v 3.901881 2.621781 -4.655283
v 4.744177 2.634481 -4.655443
v 5.337305 1.734964 -4.108677
v 3.155680 2.140797 -4.291185
v 5.336760 2.302698 -3.014106
v 5.337060 2.229378 -3.902882
v 6.121032 2.675391 -3.902882
v 6.120923 2.675301 -3.015912
v 4.744177 2.634481 -4.655443
v 5.427017 2.660621 -4.656451
v 6.085139 2.685961 -4.036212
v 5.427017 2.660621 -4.656451
v 5.337060 2.229378 -3.902882
v 6.121032 2.675391 -3.902882
v 4.744177 2.634481 -4.655443
v 5.337319 1.854395 -3.559575
v 5.405280 3.605118 -3.939114
v 6.085139 2.685961 -4.036212
v 4.669206 3.535247 -3.890744
v 2.948039 0.449024 -4.278688
v 2.308306 0.439044 -4.278688
v 3.088971 0.932728 -4.290855
v 2.384393 1.000608 -4.290855
v 4.087961 3.008583 -4.430863
v 4.744177 2.634481 -4.655443
v 4.684396 3.051194 -4.415741
v 3.901881 2.621781 -4.655283
v 5.337305 1.734964 -4.108677
v 3.923005 1.757104 -4.291225
v 3.912879 3.535287 -3.867737
v 3.175933 3.535367 -3.577511
v 4.017985 3.535277 -3.047613
v 5.405280 3.605488 -4.343457
v 5.409595 3.041754 -4.418656
v 5.405280 3.605118 -3.939114
v 6.085139 2.685961 -4.036212
v 3.149745 0.042641 -4.278578
v 3.088971 0.932728 -4.290855
v 3.753027 0.900788 -4.290826
v 2.948039 0.449024 -4.278688
v 5.409595 3.041754 -4.418656
v 5.405280 3.605488 -4.343457
v 6.085139 2.685961 -4.036212
v 5.427017 2.660621 -4.656451
v 5.405280 3.605118 -3.939114
v 5.409595 3.041754 -4.418656
v 5.427017 2.660621 -4.656451
v 6.121032 2.675391 -3.902882
v 5.017901 3.535087 -4.133310
v 4.684396 3.051194 -4.415741
v 5.405280 3.605488 -4.343457
v 5.409595 3.041754 -4.418656
v 5.405280 3.605268 -3.497081
v 4.669206 3.535247 -3.890744
v 4.950144 3.534587 -3.542067
v 5.405280 3.605118 -3.939114
v 5.405280 3.605128 -2.646344
v 3.912879 3.535287 -3.867737
v 4.017985 3.535277 -3.047613
v 3.175933 3.535367 -3.577511
v 2.536582 3.535137 -3.813020
v 3.116642 3.535377 -3.485483
v 3.294515 3.535337 -3.539103
v 3.139931 3.535147 -4.110443
v 3.651745 3.535137 -4.113387
v 4.045289 3.535057 -4.111940
v 5.017901 3.535087 -4.133310
v 5.337808 1.008098 -3.679420
v 5.336910 0.739246 -4.125345
v 5.337700 1.562903 -3.572440
v 5.091035 1.035819 -4.278239
v 3.914349 1.206070 -4.290835
v 5.336910 0.739246 -4.125345
v 5.091035 1.035819 -4.278239
v 4.130524 0.963218 -4.278578
v 5.273998 1.559452 -2.758305
v 5.337332 1.823534 -3.525878
v 5.278790 2.078256 -2.965916
v 5.338353 1.555642 -3.378234
v 5.337618 0.961658 -3.544683
v 5.337141 0.831087 -2.963740
v 4.349612 3.796819 -2.903413
v 5.281757 3.604938 -2.976326
v 4.845595 3.999721 -2.878959
v 5.337808 1.008098 -3.679420
v 4.832134 0.449934 -4.278459
v 5.336910 0.739246 -4.125345
v 4.950144 3.534587 -3.542067
v 5.405280 3.605118 -3.939114
v 5.405280 3.605268 -3.497081
v 4.669206 3.535247 -3.890744
v 4.017985 3.535277 -3.047613
v 3.912879 3.535287 -3.867737
v 4.053443 3.535327 -2.592725
v 5.281757 3.604938 -2.976326
v 5.281757 3.604938 -2.976326
v 5.405280 3.605268 -2.071251
v 5.136483 3.535157 -1.913187
v 5.405280 3.605128 -2.646344
v 5.409595 3.041754 -4.418656
v 5.017901 3.535087 -4.133310
v 5.405280 3.605488 -4.343457
v 4.087961 3.008583 -4.430863
v 3.651745 3.535137 -4.113387
v 4.045289 3.535057 -4.111940
v 4.684396 3.051194 -4.415741
v 3.901881 2.621781 -4.655283
v 4.744177 2.634481 -4.655443
v 3.893115 2.962203 -4.447522
v 2.421579 3.174445 -4.371065
v 3.139931 3.535147 -4.110443
v 3.155680 2.140797 -4.291185
v 2.001166 2.248658 -4.291085
v 0.930784 2.126277 -4.291065
v 1.660311 3.221455 -4.354187
v 2.610328 2.213488 -4.291055
v 0.921147 3.049614 -4.415801
v 0.317117 3.051424 -4.415342
v 0.172197 2.132177 -4.290875
v 0.909414 2.102727 -4.291105
v 0.172850 2.057676 -4.290905
v 0.828018 1.568713 -4.291085
v 1.631523 1.562903 -4.291215
v 3.753027 0.900788 -4.290826
v 3.856296 1.566533 -4.291304
v 4.130524 0.963218 -4.278578
v 3.149745 0.042641 -4.278578
v 4.646693 0.369284 -4.278639
v 5.336910 0.739246 -4.125345
v 6.085139 2.685961 -4.036212
v 5.409595 3.041754 -4.418656
v 6.121032 2.675391 -3.902882
v 6.120923 2.675301 -3.015912
v 6.070316 2.685801 -3.549613
v 6.087589 2.559710 -2.471711
v 5.405280 3.605128 -2.646344
v 4.950144 3.534587 -3.542067
v 5.281757 3.604938 -2.976326
v 6.121032 2.675391 -3.902882
v 6.085139 2.685961 -4.036212
v 6.070316 2.685801 -3.549613
v 6.120923 2.675301 -3.015912
v 4.646693 0.369284 -4.278639
v 5.336910 0.739246 -4.125345
v 4.832134 0.449934 -4.278459
v 6.121032 2.675391 -3.902882
v 6.120923 2.675301 -3.015912
v 6.085139 2.685961 -4.036212
v 6.070316 2.685801 -3.549613
v 3.223927 1.973546 -4.291175
v 2.418000 1.674703 -4.291125
v 3.155680 2.140797 -4.291185
v 2.610328 2.213488 -4.291055
v 3.856296 1.566533 -4.291304
v 2.001166 2.248658 -4.291085
v 2.965448 1.564353 -4.291225
v 1.642276 1.818455 -4.291245
v 0.909414 2.102727 -4.291105
v 1.737147 1.562903 -4.291245
v 2.384393 1.000608 -4.290855
v 3.088971 0.932728 -4.290855
v 0.930784 2.126277 -4.291065
v 3.923005 1.757104 -4.291225
v 1.631523 1.562903 -4.291215
v 3.914349 1.206070 -4.290835
v 3.856296 1.566533 -4.291304
v 3.923005 1.757104 -4.291225
v 3.223927 1.973546 -4.291175
v 4.950144 3.534587 -3.542067
v 4.654628 3.999681 -3.040826
v 5.281757 3.604938 -2.976326
v 4.017985 3.535277 -3.047613
v 4.845595 3.999721 -2.878959
v 4.349612 3.796819 -2.903413
v 4.349748 3.806259 -3.017360
v 4.053443 3.535327 -2.592725
v 3.166542 3.535377 -2.644538
v 4.008974 3.535477 -1.974602
v 3.868778 3.535417 -2.004127
v 3.241989 3.535267 -1.459537
v 4.196729 3.535337 -1.388370
v 5.136483 3.535317 -1.353585
v 5.136483 3.535157 -1.913187
v 5.405280 3.605228 -1.638092
v 5.405280 3.605048 -1.040541
v 4.830146 3.535257 -1.172195
v 3.294515 3.535337 -3.539103
v 2.768805 3.535037 -1.375324
v 5.820140 2.738811 -0.840536
v 2.998060 3.535287 -1.905032
v 2.362166 3.535217 -1.466623
v 2.390083 3.535227 -2.029220
v 6.010045 2.685581 -1.890540
v 5.958662 2.685841 -2.406494
v 6.086092 2.631580 -1.911560
v 6.086868 2.605440 -1.368078
v 5.405280 3.605268 -2.071251
v 5.405280 3.605128 -2.646344
v 5.954701 2.686201 -2.980050
v 6.087589 2.559710 -2.471711
v 6.070316 2.685801 -3.549613
v 5.405280 3.605268 -3.497081
v 5.281757 3.604938 -2.976326
v 4.053443 3.535327 -2.592725
v 4.008974 3.535477 -1.974602
v 4.349612 3.796819 -2.903413
v 5.136483 3.535157 -1.913187
v 5.405280 3.605128 -2.646344
v 4.349748 3.806259 -3.017360
v 4.053443 3.535327 -2.592725
v 4.008974 3.535477 -1.974602
v 4.349612 3.796819 -2.903413
v 4.587061 3.988331 -2.450132
v 5.165475 3.987970 -2.450471
v 2.383046 3.535287 -3.532316
v 1.581011 3.535387 -3.134760
v 1.579038 3.535357 -2.966635
v 1.756911 3.535367 -2.970986
v 2.390083 3.535227 -2.029220
v 1.523694 3.535187 -2.418810
v 2.362166 3.535217 -1.466623
v 1.586374 3.535227 -1.358426
v 2.278511 3.535177 -0.801678
v 3.057351 3.535227 -1.097055
v 1.997151 3.535367 -0.249133
v 3.041167 3.535317 -0.300497
v 3.045496 3.535357 0.096430
v 2.380936 3.535317 -0.003932
v 1.533576 3.535147 -0.800680
v 1.618565 3.535247 -0.578037
v 0.859665 3.535127 -1.297380
v 0.788491 3.535187 -1.460016
v 0.139748 3.535347 -2.442726
v 0.124421 3.535317 -1.595612
v 0.114539 3.535287 -2.422074
v -0.500598 3.535507 -2.451419
v 0.869519 3.535207 -2.910121
v -0.603867 3.535397 -3.152327
v 0.720666 3.535407 -3.046984
v 1.523694 3.535187 -2.418810
v 1.579038 3.535357 -2.966635
v 1.756911 3.535367 -2.970986
v 2.390083 3.535227 -2.029220
v -2.015975 3.507727 -1.082563
v -1.396850 3.507617 -0.439177
v -0.716759 3.507427 -0.815173
v -0.634493 3.507407 -0.655023
v -2.842102 3.507527 -0.751403
v -2.851983 3.507607 -1.229667
v -1.718663 3.507737 -1.390636
v -2.851983 3.507677 -1.478222
v -2.193726 3.507767 -1.902138
v -3.225765 3.507787 -2.269899
v -2.851983 3.507677 -1.478222
v -3.617335 3.507887 -1.820980
v -0.709600 3.535317 -2.491275
v 0.114539 3.535287 -2.422074
v -0.500598 3.535507 -2.451419
v -0.709600 3.535317 -2.491275
v -0.717508 3.535297 -2.417363
v 0.114539 3.535287 -2.422074
v -2.015975 3.507727 -1.082563
v -1.187875 3.507737 -1.514454
v -0.716759 3.507427 -0.815173
v -0.634493 3.507407 -0.655023
v -1.396850 3.507617 -0.439177
v -2.851983 3.507607 -1.229667
v -2.851983 3.507677 -1.478222
v -2.842102 3.507527 -0.751403
v 0.050063 3.507437 -0.800501
v -0.218231 3.507507 -0.379120
v -1.718663 3.507737 -1.390636
v -2.193726 3.507767 -1.902138
v -3.617335 3.507887 -1.820980
v -3.225765 3.507787 -2.269899
v 0.124421 3.535317 -1.595612
v -0.717508 3.535297 -2.417363
v -1.415416 3.535297 -2.449243
v 0.114539 3.535287 -2.422074
v 0.139748 3.535347 -2.442726
v 0.788491 3.535187 -1.460016
v 3.153025 3.535317 0.907711
v 3.795766 3.535317 1.477414
v 4.349666 3.743818 1.337746
v 4.349911 3.726998 1.567485
v 4.209578 3.535197 -0.797057
v 4.069245 3.535357 -0.299948
v 4.662155 3.535307 -0.734734
v 4.830146 3.535257 -1.172195
v 3.748590 3.535397 -0.809244
v 3.812318 3.535417 -0.304300
v 5.405280 3.605077 -0.484013
v 2.585746 3.535167 -2.463736
v 1.756911 3.535367 -2.970986
v 2.390083 3.535227 -2.029220
v 2.998060 3.535287 -1.905032
v 3.152222 3.535337 0.057203
v 3.045496 3.535357 0.096430
v 3.118126 3.535287 0.329404
v 3.174940 3.535297 0.339904
v 3.153025 3.535317 0.907711
v 3.040555 3.535297 0.929041
v 2.768805 3.535037 -1.375324
v 2.362166 3.535217 -1.466623
v 2.278511 3.535177 -0.801678
v 3.057351 3.535227 -1.097055
v -3.225765 3.507787 -2.269899
v -2.894846 3.535267 -2.802143
v -2.172111 3.535317 -2.589820
v -2.193726 3.507767 -1.902138
v -3.617335 3.507887 -1.820980
v -4.331781 3.507677 -1.300864
v -4.349571 3.507727 -1.795438
v -4.966695 3.506797 -1.153220
v -4.953846 3.506957 -1.745252
v -4.407378 3.507977 -2.407212
v -3.922679 3.507837 -2.433303
v -4.966695 3.506947 -0.781117
v -4.288361 3.507647 -0.781656
v -3.575331 3.507877 -0.975323
v -2.851983 3.507607 -1.229667
v -2.842102 3.507527 -0.751403
v -3.507642 3.507717 -0.751403
v -2.851983 3.507677 -1.478222
v -3.225765 3.507787 -2.269899
v -5.163542 3.409126 -1.915034
v -5.168728 3.412516 -1.556485
v -5.160303 3.407016 -1.332475
v -5.292905 3.230335 -0.384011
v -3.922679 3.507837 -2.433303
v -4.407378 3.507977 -2.407212
v -4.953846 3.506957 -1.745252
v -4.349571 3.507727 -1.795438
v -5.168728 3.412516 -1.556485
v -5.163542 3.409126 -1.915034
v -4.953846 3.506957 -1.745252
v -5.168728 3.412516 -1.556485
v -4.966695 3.506797 -1.153220
v -5.160303 3.407016 -1.332475
v -5.292905 3.230335 -0.384011
v -4.966695 3.506947 -0.781117
v -4.974645 3.506537 -2.456270
v -3.641291 3.535187 -2.918265
v -3.922679 3.507837 -2.433303
v -4.407378 3.507977 -2.407212
v -0.141395 1.564353 -4.290985
v -0.919337 1.001698 -4.278768
v -1.055709 1.568713 -4.291115
v 0.053275 0.999518 -4.278638
v -0.141395 1.564353 -4.290985
v 0.053275 0.999518 -4.278638
v 0.822084 0.990078 -4.278808
v 0.828018 1.568713 -4.291085
v -1.055709 1.568713 -4.291115
v -0.919337 1.001698 -4.278768
v -0.141395 1.564353 -4.290985
v -1.055709 1.568713 -4.291115
v -0.632519 1.873995 -4.291195
v -0.239723 2.051506 -4.291055
v 0.172850 2.057676 -4.290905
v 0.828018 1.568713 -4.291085
v 0.053275 0.999518 -4.278638
v 0.822084 0.990078 -4.278808
v 0.694614 0.454294 -4.278509
v -1.450247 1.436302 -4.278977
v -1.405779 2.038166 -4.291065
v -0.919337 1.001698 -4.278768
v -1.368470 0.784987 -4.278878
v -1.374650 2.205777 -4.290965
v -0.630545 2.356429 -4.290885
v -2.199783 1.697934 -4.290945
v -2.126227 2.196657 -4.290995
v -2.768478 3.220345 -4.354386
v -1.992019 3.178645 -4.369338
v -5.144065 2.961063 -4.447961
v -4.396299 3.016944 -4.427829
v -5.123811 3.302936 -4.324562
v -5.219757 3.247885 -4.345054
v -5.739452 2.686621 -4.088754
v -5.168157 3.412826 -3.601426
v -5.717714 2.687351 -3.505775
v -5.160194 3.407126 -3.044898
v -5.225815 0.713116 -3.441276
v -5.226359 0.420164 -3.220260
v -5.225910 0.277873 -2.981677
v -5.225610 0.734526 -2.987476
v -4.456611 1.566263 -4.290875
v -5.184096 2.114667 -4.291055
v -4.385641 1.957846 -4.290815
v -5.203859 1.519342 -4.291055
v -5.145548 1.000428 -4.290496
v -4.379216 0.928918 -4.290536
v -4.865903 0.382234 -4.290396
v -3.662294 0.930188 -4.290746
v -3.660320 0.205992 -4.290626
v -5.134687 0.320163 -4.290257
v -3.628442 1.558723 -4.278818
v -3.634622 1.830075 -4.278848
v -5.392594 2.660621 -4.656271
v -4.463089 2.660621 -4.656231
v -5.144065 2.961063 -4.447961
v -4.396299 3.016944 -4.427829
v -5.219757 3.247885 -4.345054
v -3.634132 2.981843 -4.440305
v -5.123811 3.302936 -4.324562
v -4.344875 3.359096 -4.304290
v -3.662294 2.640291 -4.655622
v -2.936714 2.637391 -4.655532
v -5.739452 2.686621 -4.088754
v -3.007371 2.940203 -4.455078
v -5.872135 2.675351 -3.929692
v -5.224807 1.580323 -3.585486
v -5.225120 1.307351 -3.607585
v -5.225392 0.986448 -3.894178
v -5.145521 1.482042 -3.029318
v -5.225815 0.713116 -3.441276
v -5.203859 1.519342 -4.291055
v -5.184096 2.114667 -4.291055
v -5.224807 1.580323 -3.585486
v -5.145548 1.000428 -4.290496
v -5.134687 0.320163 -4.290257
v -5.226332 0.441944 -3.607585
v -5.224807 1.580323 -3.585486
v -5.225120 1.307351 -3.607585
v -5.203859 1.519342 -4.291055
v -5.184096 2.114667 -4.291055
v -5.392594 2.660621 -4.656271
v -5.872135 2.675351 -3.929692
v -5.145507 1.573063 -3.008846
v -5.875837 2.672241 -3.531497
v -5.145085 1.575242 -2.894171
v -5.872135 2.675351 -2.581127
v -5.145085 1.318961 -2.795625
v -5.145521 1.482042 -3.029318
v -5.145317 1.902675 -2.427504
v -5.871904 2.675171 -1.981120
v -5.225815 0.713116 -3.441276
v -5.225392 0.986448 -3.894178
v -5.226359 0.420164 -3.220260
v -5.226332 0.441944 -3.607585
v -5.225910 0.277873 -2.981677
v -5.225610 0.734526 -2.987476
v -5.145548 1.000428 -4.290496
v -5.134687 0.320163 -4.290257
v -5.872135 2.675351 -3.929692
v -5.224807 1.580323 -3.585486
v -5.875837 2.672241 -3.531497
v -5.145507 1.573063 -3.008846
v -5.872135 2.675351 -2.581127
v -5.145085 1.575242 -2.894171
v -5.871904 2.675171 -1.981120
v -5.145521 1.482042 -3.029318
v -5.145085 1.318961 -2.795625
v -5.145317 1.902675 -2.427504
v -5.225610 0.734526 -2.987476
v -5.225815 0.713116 -3.441276
v -5.739452 2.686621 -4.088754
v -5.144065 2.961063 -4.447961
v -5.168157 3.412826 -3.601426
v -5.739452 2.686621 -4.088754
v -5.872135 2.675351 -3.929692
v -5.717714 2.687351 -3.505775
v -5.875837 2.672241 -3.531497
v -5.392594 2.660621 -4.656271
v -5.160194 3.407126 -3.044898
v -5.168157 3.412826 -3.601426
v -5.219757 3.247885 -4.345054
v -4.344875 3.359096 -4.304290
v -5.123811 3.302936 -4.324562
v -4.023470 3.535077 -3.572440
v -4.753242 3.507727 -3.560842
v -5.144065 2.961063 -4.447961
v -5.219757 3.247885 -4.345054
v -5.168157 3.412826 -3.601426
v -5.875837 2.672241 -3.531497
v -5.739452 2.686621 -4.088754
v -5.717714 2.687351 -3.505775
v -5.872135 2.675351 -3.929692
v -5.225869 0.549765 -1.429314
v -5.225583 0.549945 -1.279304
v -5.225365 1.568712 -1.478222
v -5.224712 1.520792 -1.059376
v -5.225991 0.405644 -1.882575
v -5.225882 0.428924 -1.330399
v -4.407378 3.507977 -2.407212
v -5.160139 3.407176 -2.509391
v -4.974645 3.506537 -2.456270
v -5.224712 1.520792 -1.059376
v -5.225365 1.568712 -1.478222
v -5.225147 2.091436 -0.844888
v -5.224753 1.568892 -0.317435
v -5.225284 2.108316 -0.794702
v -5.225869 2.110306 0.018895
v -5.225392 1.565802 0.044976
v -5.225583 0.549945 -1.279304
v -5.225869 0.549765 -1.429314
v -5.225692 0.559375 -0.550319
v -5.225637 0.337943 -0.781117
v -5.225882 0.428924 -1.330399
v -5.225991 0.405644 -1.882575
v -5.225828 0.426524 -0.230029
v -5.225774 0.472444 -0.194156
v -5.143139 2.008666 -1.891268
v -5.145453 1.323321 -2.434022
v -5.145317 1.902675 -2.427504
v -5.871972 2.675230 -1.279673
v -5.871945 2.675211 -1.391624
v -5.871904 2.675171 -1.981120
v -5.674281 2.651920 -0.630389
v -5.322033 3.192994 -1.966627
v -5.316085 3.200365 -1.887645
v -5.436899 3.045473 -1.254670
v -5.160303 3.407016 -1.332475
v -5.168728 3.412516 -1.556485
v -5.871904 2.675171 -1.981120
v -5.872135 2.675351 -2.581127
v -5.666196 2.750471 -2.961564
v -5.322033 3.192994 -1.966627
v -5.322033 3.192994 -1.966627
v -5.160139 3.407176 -2.509391
v -5.163542 3.409126 -1.915034
v -5.666196 2.750471 -2.961564
v -4.407378 3.507977 -2.407212
v -5.145317 1.902675 -2.427504
v -5.225365 1.568712 -1.478222
v -5.143139 2.008666 -1.891268
v -5.145453 1.323321 -2.434022
v -5.872135 2.675351 -2.581127
v -5.871904 2.675171 -1.981120
v -5.322033 3.192994 -1.966627
v -5.316085 3.200365 -1.887645
v -5.871945 2.675211 -1.391624
v -5.666196 2.750471 -2.961564
v -5.163542 3.409126 -1.915034
v -5.160139 3.407176 -2.509391
v -5.367563 3.134084 -0.730302
v -5.266989 3.262865 -0.219978
v -5.292905 3.230335 -0.384011
v -5.160303 3.407016 -1.332475
v -5.436899 3.045473 -1.254670
v -5.300622 3.220264 -0.193797
v -5.168728 3.412516 -1.556485
v -5.316085 3.200365 -1.887645
v -5.163542 3.409126 -1.915034
v -5.316085 3.200365 -1.887645
v -5.168728 3.412516 -1.556485
v -5.322033 3.192994 -1.966627
v -5.160194 3.407126 -3.044898
v -5.717714 2.687351 -3.505775
v -5.666196 2.750471 -2.961564
v -5.160139 3.407176 -2.509391
v -5.875837 2.672241 -3.531497
v -5.872135 2.675351 -2.581127
v 5.144391 3.535727 0.377593
v 3.956598 3.535407 0.644983
v 5.130562 3.535357 0.894256
v 4.349666 3.743818 1.337746
v 5.405280 3.605228 -1.638092
v 4.830146 3.535257 -1.172195
v 5.405280 3.605048 -1.040541
v 5.136483 3.535317 -1.353585
v 4.830146 3.535257 -1.172195
v 5.405280 3.605228 -1.638092
v 4.830146 3.535257 -1.172195
v 4.662155 3.535307 -0.734734
v 5.405280 3.605048 -1.040541
v 5.405280 3.605077 -0.484013
v 5.405280 3.605488 -4.343457
v 4.669206 3.535247 -3.890744
v 5.405280 3.605118 -3.939114
v 5.017901 3.535087 -4.133310
v 5.136483 3.535157 -1.913187
v 4.845595 3.999721 -2.878959
v 5.165475 3.987970 -2.450471
v 5.136483 3.535157 -1.913187
v 5.281757 3.604938 -2.976326
v 4.845595 3.999721 -2.878959
v 1.721821 3.534857 -4.133310
v 1.225755 3.534997 -4.111571
v 0.919174 3.535057 -4.042440
v 1.673895 3.535377 -3.769541
v 4.679387 3.535337 -0.213929
v 3.956598 3.535407 0.644983
v 5.144391 3.535727 0.377593
v 4.231438 3.535387 0.238733
v 4.349612 3.796819 -2.903413
v 4.845595 3.999721 -2.878959
v 5.165475 3.987970 -2.450471
v 5.144391 3.535727 0.377593
v 5.425983 3.461406 0.345703
v 5.426323 3.466486 0.927045
v 5.130562 3.535357 0.894256
v 5.405280 3.605118 -3.939114
v 5.017901 3.535087 -4.133310
v 4.669206 3.535247 -3.890744
v 5.405280 3.605488 -4.343457
v 5.281757 3.604938 -2.976326
v 5.405280 3.605268 -3.497081
v 5.405280 3.605128 -2.646344
v 6.070316 2.685801 -3.549613
v 6.085139 2.685961 -4.036212
v 5.405280 3.605118 -3.939114
v 5.405280 3.605268 -3.497081
v 5.427017 2.660621 -4.656451
v 4.744177 2.634481 -4.655443
v 5.409595 3.041754 -4.418656
v 4.684396 3.051194 -4.415741
v -5.871945 2.675211 -1.391624
v -5.871972 2.675230 -1.279673
v -5.316085 3.200365 -1.887645
v -5.436899 3.045473 -1.254670
v 5.273713 1.562902 -2.137647
v 5.337346 1.011138 -2.378227
v 5.353802 0.991538 -1.369525
v 5.352726 0.431054 -1.924606
v 5.352591 0.430334 -1.421698
v 5.336951 1.499012 -1.589813
v 5.267547 1.983985 -1.888733
v 5.270881 2.077596 -2.389825
v 5.278790 2.078256 -2.965916
v 5.273998 1.559452 -2.758305
v 5.336951 1.499012 -1.589813
v 5.270881 2.077596 -2.389825
v 5.267547 1.983985 -1.888733
v 5.273713 1.562902 -2.137647
v 3.088971 0.932728 -4.290855
v 2.965448 1.564353 -4.291225
v 3.856296 1.566533 -4.291304
v 3.753027 0.900788 -4.290826
v 3.923005 1.757104 -4.291225
v 5.337305 1.734964 -4.108677
v 5.091035 1.035819 -4.278239
v 3.914349 1.206070 -4.290835
v 5.365753 2.469539 -1.928229
v 5.267547 1.983985 -1.888733
v 5.357845 2.469169 -1.363726
v 5.270881 2.077596 -2.389825
v 5.273998 1.559452 -2.758305
v 5.337141 0.831087 -2.963740
v 5.337346 1.011138 -2.378227
v -2.733483 1.617132 2.366569
v -1.908691 1.554462 2.477142
v -1.770413 1.852354 2.443545
v -2.548383 1.496341 2.377079
v -5.266989 3.262865 -0.219978
v -4.966695 3.506947 -0.781117
v -4.927168 3.507257 -0.204297
v -5.292905 3.230335 -0.384011
v -1.477334 0.640095 2.359841
v -1.833202 0.454543 2.473978
v -1.361801 0.337403 2.356088
v -1.295296 0.524884 2.360650
v -1.628488 0.120691 3.286576
v -2.176058 0.255752 2.978333
v -1.645352 0.256262 2.713379
v -2.310456 0.120321 3.343549
v -1.315359 0.255392 3.013118
v -1.282746 0.120631 3.337750
v -1.645352 0.256262 2.713379
v -1.628488 0.120691 3.286576
v -1.282746 0.120631 3.337750
v -1.315359 0.255392 3.013118
v 2.384393 1.000608 -4.290855
v 1.610657 0.324333 -4.278788
v 1.587177 0.963038 -4.278728
v 1.737147 1.562903 -4.291245
v 1.631523 1.562903 -4.291215
v 0.828018 1.568713 -4.291085
v 0.822084 0.990078 -4.278808
v 2.308306 0.439044 -4.278688
v 6.120923 2.675301 -3.015912
v 5.381555 2.469559 -2.499969
v 6.087589 2.559710 -2.471711
v 5.336760 2.302698 -3.014106
v 1.587177 0.963038 -4.278728
v 0.694614 0.454294 -4.278509
v 1.610657 0.324333 -4.278788
v 0.822084 0.990078 -4.278808
v 4.832134 0.449934 -4.278459
v 5.353271 0.441224 -3.563747
v 5.337808 1.008098 -3.679420
v 5.337346 1.011138 -2.378227
v 5.273998 1.559452 -2.758305
v 5.273713 1.562902 -2.137647
v 5.383284 2.469809 1.966368
v 5.120190 1.582502 2.524962
v 4.994190 2.660620 3.045218
v 5.120190 1.582502 2.524962
v 4.856648 1.892504 2.470914
v 5.383284 2.469809 1.966368
v 4.669573 0.017960 2.508972
v 5.353067 0.551124 1.955498
v 5.270881 1.016948 2.507874
v 5.352999 0.012150 1.479769
v 5.353067 0.551124 1.955498
v 5.352985 0.491044 0.883027
v 5.338081 1.560672 1.914485
v 5.337386 1.562902 2.355140
v 5.274543 1.543752 0.900145
v 5.352958 0.012150 0.875421
v 5.352999 0.012150 1.479769
v 5.270881 1.016948 2.507874
v 5.352958 0.012150 0.875421
v 5.352999 0.012150 1.479769
v 5.352985 0.491044 0.883027
v 5.353067 0.551124 1.955498
v 5.270881 1.016948 2.507874
v 4.669573 0.017960 2.508972
v 5.352944 0.012150 0.378581
v 5.353040 0.486214 0.408246
v 5.352958 0.012150 0.875421
v 5.352985 0.491044 0.883027
v 3.845924 0.113071 2.527238
v 3.283150 0.012150 2.508703
v 4.613862 0.111341 2.527068
v 3.907189 0.070231 2.508683
v 4.669573 0.017960 2.508972
v 5.207643 0.462273 2.524563
v 5.207643 0.462273 2.524563
v 4.669573 0.017960 2.508972
v 5.270881 1.016948 2.507874
v 5.207643 0.462273 2.524563
v 5.270881 1.016948 2.507874
v 5.119442 1.014218 2.524952
v 4.613862 0.111341 2.527068
v 3.283150 0.012150 2.508703
v 3.907189 0.070231 2.508683
v 5.207643 0.462273 2.524563
v -4.211715 3.507837 -0.230388
v -3.555594 3.507797 0.474143
v -4.115864 3.508007 0.842084
v -3.428097 3.507867 -0.212991
v -4.526464 3.505936 2.104310
v -5.140607 3.572157 2.140642
v -5.140607 3.572147 2.560935
v -5.025986 3.572427 2.516009
v -4.438017 3.506406 1.708032
v -4.526464 3.505936 2.104310
v -5.140607 3.572167 1.755134
v -5.140607 3.572197 1.398612
v -4.377733 3.507806 0.801500
v -4.429116 3.506277 1.404411
v -5.290999 3.232204 0.497150
v -2.357892 2.649000 3.044749
v -2.140247 2.972782 2.703877
v -1.706930 2.646990 3.044869
v -1.401328 2.972752 2.618907
v -0.593985 2.972852 2.644089
v 0.059209 3.009103 2.477891
v 0.214351 2.973002 2.543548
v 0.197555 3.003293 2.478090
v 1.927978 3.233274 2.511657
v 1.866822 3.191784 2.502964
v 1.929734 3.233444 2.588474
v 1.880951 3.199084 2.603695
v 1.373493 3.229804 2.490727
v 1.351824 3.217684 2.595720
v 1.401628 3.278625 2.549347
v 0.907073 2.997483 2.478200
v 1.401628 3.278625 2.549347
v 1.880951 3.199084 2.603695
v 1.351824 3.217684 2.595720
v -5.145453 1.323321 -2.434022
v -5.225229 0.929708 -2.450691
v -5.145085 1.318961 -2.795625
v -5.225610 0.734526 -2.987476
v -5.225365 1.568712 -1.478222
v -5.225869 0.549765 -1.429314
v -5.145317 1.902675 -2.427504
v -5.145085 1.575242 -2.894171
v -5.225910 0.277873 -2.981677
v -5.225774 0.331593 -1.914455
v -1.295296 0.524884 2.360650
v -1.361801 0.337403 2.356088
v -1.205924 1.559052 2.373646
v -2.733483 1.617132 2.366569
v -2.790719 2.275107 2.417184
v -2.108873 2.230827 2.417564
v -1.770413 1.852354 2.443545
v -5.224998 1.552732 1.986660
v -5.225665 2.103046 1.433396
v -5.225515 1.809384 1.962745
v -5.211767 1.109868 1.658405
v -1.251127 2.184356 2.379515
v -2.108873 2.230827 2.417564
v -0.916125 2.638840 3.044899
v -1.706930 2.646990 3.044869
v -2.682509 0.453564 -4.290786
v -2.899419 0.942888 -4.290696
v -2.158023 1.006958 -4.278658
v -2.124185 1.440932 -4.278858
v -2.889537 1.438032 -4.278728
v -2.994276 0.459374 -4.290836
v -0.591018 0.361364 -4.290536
v 0.694614 0.454294 -4.278509
v 0.053275 0.999518 -4.278638
v -5.225120 1.307351 -3.607585
v -5.224807 1.580323 -3.585486
v -5.145507 1.573063 -3.008846
v -5.145521 1.482042 -3.029318
v -5.225229 0.929708 -2.450691
v -5.225991 0.405644 -1.882575
v -5.225869 0.549765 -1.429314
v -5.225774 0.331593 -1.914455
v -2.291428 3.507656 0.804943
v -1.430320 3.507566 0.563266
v -1.806483 3.507776 1.374697
v -2.138817 3.507726 1.395308
v -2.138205 3.507756 1.491049
v -1.418220 3.507736 1.733305
v -0.632954 3.507786 1.937832
v -0.808908 3.507577 0.866538
v -0.705653 3.507696 0.729045
v -0.717998 3.507647 0.269975
v -1.464566 3.507577 0.271063
v -1.396850 3.507617 -0.439177
v -0.634493 3.507407 -0.655023
v -2.725126 3.507716 -0.205295
v -2.842102 3.507527 -0.751403
v -3.613375 3.507816 1.536294
v -3.615852 3.507926 1.047878
v -1.796601 3.526016 2.513155
v -2.863839 3.507936 2.165645
v 0.825609 3.507526 1.410070
v 0.716596 3.507426 0.858393
v 1.556919 3.507667 1.355672
v 1.240578 3.507557 0.857844
v -0.103841 3.507647 1.396076
v -0.486265 3.507426 0.800052
v 0.689918 3.507487 -0.218071
v 0.011025 3.507527 0.217443
v 3.414935 3.138334 2.644998
v 3.068472 2.937732 2.748873
v 3.537614 3.244554 2.604014
v 2.462958 3.514406 2.515161
v 1.640425 3.507796 1.960929
v 2.387606 3.507806 1.598248
v 1.927978 3.233274 2.511657
v 1.373493 3.229804 2.490727
v -0.622392 3.507176 2.393179
v 0.061060 3.507647 1.476645
v -0.017872 3.507756 2.253691
v 0.871003 3.506496 2.427605
v 0.759826 3.507606 1.938471
v -0.632954 3.507786 1.937832
v 1.756911 3.535367 -2.970986
v 2.390083 3.535227 -2.029220
v 2.998060 3.535287 -1.905032
v -1.315359 0.255392 3.013118
v -1.361801 0.337403 2.356088
v -0.547543 0.017960 2.527707
v -0.547543 0.017960 2.527707
v 0.043638 0.276052 2.508194
v 0.670889 0.101451 2.508712
v 0.179765 0.017960 2.527547
v -0.544576 1.003198 2.371759
v -1.361801 0.337403 2.356088
v 0.138210 0.710785 2.286219
v 4.172814 1.631752 2.358554
v 3.895333 1.741493 2.271587
v 4.303701 2.468678 2.509122
v 3.867172 1.455661 2.269571
v 3.806397 2.468818 2.509082
v 4.256810 1.561452 2.276877
v 5.337386 1.562902 2.355140
v 4.856648 1.892504 2.470914
v 0.145669 2.069656 2.369613
v 0.914968 2.075456 2.430330
v 0.854724 2.471868 2.511637
vt 0.137904 0.503070
vt 0.119358 0.524123
vt 0.172309 0.524123
vt 0.351282 0.936404
vt 0.376302 0.968860
vt 0.373873 0.936674
vt 0.335503 0.968860
vt 0.543837 0.420324
vt 0.554253 0.389912
vt 0.554253 0.447807
vt 0.730618 0.963596
vt 0.697483 0.989912
vt 0.734809 0.989912
vt 0.699698 0.966784
vt 0.641466 0.973619
vt 0.674913 0.971491
vt 0.674913 0.997807
vt 0.641059 0.986731
vt 0.072483 0.968860
vt 0.059916 0.946930
vt 0.026420 0.947868
vt 0.023872 0.968860
vt 0.530816 0.231243
vt 0.498339 0.234119
vt 0.528032 0.253947
vt 0.491333 0.230660
vt 0.461372 0.207922
vt 0.468867 0.253947
vt 0.475076 0.205059
vt 0.465755 0.202013
vt 0.496189 0.180017
vt 0.465222 0.182289
vt 0.468751 0.142544
vt 0.486439 0.154390
vt 0.904948 0.038291
vt 0.937934 0.005702
vt 0.937934 0.051316
vt 0.390490 0.669737
vt 0.354601 0.696930
vt 0.411892 0.696930
vt 0.917101 0.339035
vt 0.897902 0.382371
vt 0.889323 0.370958
vt 0.917101 0.402193
vt 0.818565 0.150439
vt 0.781684 0.155702
vt 0.860677 0.155702
vt 0.959635 0.682895
vt 0.954427 0.664532
vt 0.959635 0.617105
vt 0.993490 0.320614
vt 0.984809 0.289634
vt 0.993490 0.278509
vt 0.140191 0.133772
vt 0.139446 0.130263
vt 0.089844 0.133772
vt 0.236545 0.983772
vt 0.189204 0.971491
vt 0.186198 0.983772
vt 0.707031 0.037957
vt 0.713108 0.016228
vt 0.713108 0.045175
vt 0.532552 0.953932
vt 0.543837 0.927632
vt 0.543837 0.975877
vt 0.804253 0.859679
vt 0.754894 0.846930
vt 0.777829 0.863596
vt 0.708767 0.863596
vt 0.018259 0.443421
vt 0.022135 0.539912
vt 0.005642 0.493300
vt 0.022135 0.470124
vt 0.813862 0.596930
vt 0.784288 0.603947
vt 0.834635 0.603947
vt 0.378906 0.001316
vt 0.382002 0.025877
vt 0.434533 0.002713
vt 0.446615 0.025877
vt 0.150317 0.876754
vt 0.123262 0.914474
vt 0.179253 0.914474
vt 0.121094 0.884168
vt 0.353733 0.625877
vt 0.321136 0.591667
vt 0.290365 0.614589
vt 0.296147 0.625877
vt 0.983941 0.905702
vt 0.960834 0.902224
vt 0.960503 0.871491
vt 0.983941 0.876605
vt 0.067702 0.970294
vt 0.034288 0.969737
vt 0.071615 0.993421
vt 0.038089 0.993421
vt 0.033599 0.379283
vt 0.003174 0.389035
vt 0.036892 0.389035
vt 0.000434 0.366228
vt 0.438134 0.975187
vt 0.410075 0.999561
vt 0.440538 0.999561
vt 0.409288 0.974123
vt 0.678385 0.246930
vt 0.694878 0.246930
vt 0.693324 0.219737
vt 0.207031 0.995175
vt 0.241753 0.995175
vt 0.229838 0.986404
vt 0.377170 0.826173
vt 0.404080 0.804825
vt 0.404080 0.837281
vt 0.563070 0.951316
vt 0.590712 0.982018
vt 0.581751 0.951363
vt 0.555990 0.982018
vt 0.961007 0.595476
vt 0.976128 0.550439
vt 0.976128 0.598684
vt 0.960503 0.550819
vt 0.090712 0.989035
vt 0.134983 0.972798
vt 0.106204 0.970614
vt 0.116719 0.989035
vt 0.389323 0.850439
vt 0.379774 0.837159
vt 0.389323 0.833772
vt 0.957899 0.872368
vt 0.957899 0.915971
vt 0.936198 0.884613
vt 0.945437 0.924123
vt 0.986545 0.254825
vt 0.982205 0.250988
vt 0.986545 0.210088
vt 0.960503 0.539912
vt 0.983073 0.503947
vt 0.983073 0.536564
vt 0.967681 0.506193
vt 0.002170 0.670039
vt 0.022135 0.642544
vt 0.022135 0.703070
vt 0.188419 0.835526
vt 0.181858 0.844298
vt 0.211372 0.836567
vt 0.193338 0.844298
vt 0.388455 0.661977
vt 0.414497 0.683772
vt 0.388723 0.665589
vt 0.414497 0.659211
vt 0.793243 0.096013
vt 0.782503 0.093788
vt 0.779948 0.069737
vt 0.823774 0.085981
vt 0.828559 0.085172
vt 0.825611 0.101979
vt 0.791934 0.117857
vt 0.818653 0.135510
vt 0.808052 0.149361
vt 0.828559 0.149561
vt 0.858941 0.942784
vt 0.817274 0.943421
vt 0.838755 0.902193
vt 0.858941 0.912229
vt 0.515191 0.948684
vt 0.493804 0.946930
vt 0.474392 0.948684
vt 0.783420 0.517105
vt 0.824146 0.516328
vt 0.806485 0.489912
vt 0.826097 0.490507
vt 0.851567 0.508426
vt 0.864149 0.517105
vt 0.102740 0.197144
vt 0.124544 0.201310
vt 0.122438 0.224547
vt 0.146710 0.219942
vt 0.126041 0.289996
vt 0.148412 0.276446
vt 0.176528 0.216912
vt 0.184677 0.246173
vt 0.180303 0.304236
vt 0.168715 0.309211
vt 0.205714 0.234698
vt 0.197725 0.207084
vt 0.167774 0.184184
vt 0.189587 0.174250
vt 0.181403 0.145992
vt 0.158073 0.154651
vt 0.122927 0.189863
vt 0.210503 0.166112
vt 0.206150 0.201553
vt 0.097255 0.195673
vt 0.096058 0.202959
vt 0.084742 0.199831
vt 0.076721 0.211438
vt 0.067617 0.202098
vt 0.102702 0.230927
vt 0.122884 0.290161
vt 0.086761 0.269223
vt 0.091485 0.255651
vt 0.062532 0.244815
vt 0.086265 0.166591
vt 0.072151 0.172102
vt 0.056873 0.177929
vt 0.043706 0.188191
vt 0.052867 0.220304
vt 0.040208 0.184282
vt 0.123033 0.146203
vt 0.068328 0.280612
vt 0.067464 0.309211
vt 0.152666 0.137281
vt 0.032911 0.277551
vt 0.017795 0.244522
vt 0.616741 0.424110
vt 0.613745 0.400020
vt 0.591793 0.416083
vt 0.657667 0.415469
vt 0.628120 0.384695
vt 0.658708 0.403274
vt 0.627472 0.426133
vt 0.659797 0.431489
vt 0.653505 0.465278
vt 0.626582 0.448082
vt 0.663628 0.479187
vt 0.643216 0.479386
vt 0.607360 0.444265
vt 0.603730 0.469525
vt 0.564615 0.461321
vt 0.662414 0.414563
vt 0.588844 0.438374
vt 0.559462 0.422317
vt 0.561506 0.407125
vt 0.576486 0.387577
vt 0.616468 0.352193
vt 0.663628 0.379262
vt 0.564493 0.386992
vt 0.453940 0.306885
vt 0.430151 0.295079
vt 0.430362 0.317278
vt 0.429037 0.253800
vt 0.452897 0.254641
vt 0.452795 0.248708
vt 0.429960 0.221929
vt 0.452122 0.201025
vt 0.428777 0.185958
vt 0.427517 0.172604
vt 0.460503 0.157456
vt 0.460503 0.318359
vt 0.455126 0.376243
vt 0.430558 0.348915
vt 0.431392 0.411842
vt 0.455495 0.397731
vt 0.681188 0.446976
vt 0.709374 0.421654
vt 0.680563 0.422818
vt 0.708786 0.402891
vt 0.711146 0.481410
vt 0.710443 0.447318
vt 0.684241 0.399638
vt 0.688083 0.376972
vt 0.681147 0.452452
vt 0.678212 0.421790
vt 0.711372 0.375000
vt 0.698581 0.470843
vt 0.667101 0.491768
vt 0.711372 0.494632
vt 0.667738 0.507045
vt 0.710638 0.515674
vt 0.668427 0.523565
vt 0.708865 0.553070
vt 0.669178 0.541574
vt 0.279314 0.527003
vt 0.287061 0.534011
vt 0.277562 0.556409
vt 0.245980 0.513144
vt 0.300204 0.557157
vt 0.313991 0.558536
vt 0.253946 0.556266
vt 0.313727 0.535008
vt 0.303371 0.498573
vt 0.325358 0.488252
vt 0.340330 0.492492
vt 0.329079 0.535646
vt 0.326955 0.486336
vt 0.282359 0.482895
vt 0.280071 0.504156
vt 0.258095 0.485122
vt 0.253931 0.508557
vt 0.234975 0.483440
vt 0.262825 0.587280
vt 0.296498 0.588191
vt 0.252225 0.586835
vt 0.249714 0.589174
vt 0.321860 0.589205
vt 0.348524 0.559761
vt 0.340436 0.589912
vt 0.214108 0.561366
vt 0.232296 0.542218
vt 0.228890 0.588906
vt 0.190538 0.576011
vt 0.219660 0.484637
vt 0.220269 0.509240
vt 0.191850 0.589912
vt 0.526302 0.753963
vt 0.566553 0.757669
vt 0.537628 0.774147
vt 0.584727 0.768760
vt 0.553149 0.792232
vt 0.587240 0.796053
vt 0.548702 0.728509
vt 0.525947 0.746357
vt 0.510942 0.796053
vt 0.509983 0.785878
vt 0.318948 0.703411
vt 0.345330 0.716054
vt 0.322231 0.704071
vt 0.324954 0.725793
vt 0.342875 0.724208
vt 0.347950 0.714486
vt 0.356561 0.721966
vt 0.375733 0.715386
vt 0.379069 0.735526
vt 0.325695 0.729288
vt 0.300405 0.735526
vt 0.297164 0.711518
vt 0.309387 0.661114
vt 0.327626 0.654543
vt 0.335966 0.652599
vt 0.346215 0.674791
vt 0.283140 0.692410
vt 0.382989 0.670309
vt 0.266059 0.675009
vt 0.384115 0.625877
vt 0.356424 0.648556
vt 0.381381 0.641835
vt 0.370537 0.629072
vt 0.348369 0.634268
vt 0.329039 0.638817
vt 0.305534 0.644323
vt 0.283176 0.649584
vt 0.808594 0.569647
vt 0.862413 0.563624
vt 0.862413 0.522368
vt 0.809008 0.594298
vt 0.855178 0.589181
vt 0.830004 0.524133
vt 0.488304 0.827588
vt 0.504240 0.810088
vt 0.505784 0.813288
vt 0.488761 0.819119
vt 0.476006 0.824568
vt 0.486131 0.829732
vt 0.450955 0.816861
vt 0.458948 0.835526
vt 0.513557 0.833629
vt 0.516899 0.833480
vt 0.536131 0.820419
vt 0.554253 0.835526
vt 0.032313 0.878509
vt 0.029058 0.915745
vt 0.001302 0.917105
vt 0.004158 0.881357
vt 0.055122 0.917105
vt 0.658229 0.851827
vt 0.618490 0.868860
vt 0.636895 0.810965
vt 0.622956 0.831174
vt 0.683594 0.867546
vt 0.667869 0.868860
vt 0.674112 0.845106
vt 0.664960 0.823672
vt 0.912760 0.816896
vt 0.916449 0.809070
vt 0.943650 0.829241
vt 0.944878 0.853947
vt 0.922037 0.836888
vt 0.944878 0.808333
vt 0.904080 0.134649
vt 0.904080 0.200439
vt 0.874566 0.177744
vt 0.819951 0.454586
vt 0.775281 0.465454
vt 0.783014 0.438673
vt 0.782942 0.427457
vt 0.823351 0.440109
vt 0.823339 0.410088
vt 0.822945 0.469355
vt 0.774740 0.489912
vt 0.823351 0.488312
vt 0.918837 0.715907
vt 0.891393 0.731648
vt 0.888359 0.771569
vt 0.918837 0.774123
vt 0.887587 0.725530
vt 0.887920 0.714474
vt 0.970920 0.490803
vt 0.970920 0.454825
vt 0.966126 0.503947
vt 0.955295 0.480697
vt 0.416051 0.721139
vt 0.426442 0.756579
vt 0.435389 0.726569
vt 0.454060 0.756162
vt 0.465753 0.725064
vt 0.483073 0.756242
vt 0.387535 0.720116
vt 0.377170 0.756579
vt 0.398736 0.699700
vt 0.380149 0.699561
vt 0.437622 0.700450
vt 0.094890 0.717927
vt 0.095377 0.693385
vt 0.124679 0.693474
vt 0.110729 0.717982
vt 0.044206 0.689979
vt 0.033193 0.717589
vt 0.002170 0.717982
vt 0.128533 0.678385
vt 0.088748 0.687568
vt 0.049523 0.685180
vt 0.089783 0.656647
vt 0.098078 0.656579
vt 0.032663 0.658283
vt 0.148469 0.703692
vt 0.162760 0.708240
vt 0.033791 0.689575
vt 0.129052 0.678293
vt 0.738437 0.796984
vt 0.748758 0.792929
vt 0.721969 0.775000
vt 0.760526 0.812816
vt 0.766927 0.836403
vt 0.693142 0.802058
vt 0.732710 0.777854
vt 0.694786 0.836403
vt 0.788628 0.938158
vt 0.752020 0.902773
vt 0.741753 0.938158
vt 0.779243 0.901316
vt 0.322483 0.934649
vt 0.331720 0.903947
vt 0.374566 0.934649
vt 0.352790 0.909718
vt 0.572924 0.086404
vt 0.592448 0.117982
vt 0.541897 0.117982
vt 0.540365 0.098540
vt 0.380642 0.851605
vt 0.320043 0.858601
vt 0.347733 0.880059
vt 0.380642 0.881140
vt 0.353320 0.824123
vt 0.318142 0.825134
vt 0.672151 0.946053
vt 0.671865 0.913732
vt 0.648003 0.946053
vt 0.696615 0.945721
vt 0.648637 0.913597
vt 0.695862 0.914633
vt 0.429253 0.394298
vt 0.404948 0.345661
vt 0.429253 0.332018
vt 0.405033 0.366929
vt 0.448205 0.879386
vt 0.409350 0.873411
vt 0.412012 0.835547
vt 0.454427 0.851737
vt 0.385868 0.858118
vt 0.385851 0.879386
vt 0.408704 0.831838
vt 0.453532 0.831140
vt 0.376381 0.196334
vt 0.375898 0.157839
vt 0.338332 0.166869
vt 0.394586 0.153475
vt 0.407014 0.183916
vt 0.416947 0.215123
vt 0.375832 0.127632
vt 0.361263 0.136090
vt 0.377510 0.223943
vt 0.383943 0.269905
vt 0.409382 0.274929
vt 0.353805 0.242466
vt 0.345014 0.199247
vt 0.426649 0.310718
vt 0.399434 0.316479
vt 0.420437 0.318791
vt 0.398817 0.333772
vt 0.385165 0.286856
vt 0.387970 0.320702
vt 0.352993 0.265860
vt 0.355470 0.323969
vt 0.340228 0.256859
vt 0.328955 0.206240
vt 0.327691 0.200488
vt 0.426649 0.169066
vt 0.423828 0.179882
vt 0.200240 0.454825
vt 0.198351 0.428088
vt 0.242622 0.411842
vt 0.233397 0.454825
vt 0.865210 0.343169
vt 0.865111 0.311118
vt 0.862912 0.337022
vt 0.859739 0.312604
vt 0.857205 0.346155
vt 0.863752 0.346629
vt 0.891083 0.353070
vt 0.894030 0.342881
vt 0.896267 0.293421
vt 0.896267 0.352073
vt 0.798930 0.946058
vt 0.807016 0.969737
vt 0.804680 0.946053
vt 0.792969 0.969737
vt 0.845052 0.946183
vt 0.829950 0.969091
vt 0.508195 0.587002
vt 0.529248 0.594702
vt 0.501598 0.621073
vt 0.520918 0.625200
vt 0.544671 0.630402
vt 0.484557 0.583626
vt 0.477865 0.615209
vt 0.541743 0.590334
vt 0.568834 0.635368
vt 0.555949 0.594243
vt 0.506206 0.582497
vt 0.519800 0.585354
vt 0.587610 0.644939
vt 0.486549 0.653070
vt 0.487897 0.568860
vt 0.543324 0.643431
vt 0.599942 0.609993
vt 0.602319 0.648239
vt 0.578135 0.603318
vt 0.625434 0.653070
vt 0.625394 0.610991
vt 0.597217 0.600914
vt 0.608243 0.603787
vt 0.500207 0.385242
vt 0.501334 0.362121
vt 0.471123 0.359969
vt 0.468609 0.381468
vt 0.496853 0.409170
vt 0.465504 0.404547
vt 0.463108 0.428598
vt 0.493293 0.433389
vt 0.482191 0.341521
vt 0.505721 0.338230
vt 0.483674 0.330127
vt 0.508414 0.318455
vt 0.489305 0.290234
vt 0.512321 0.295892
vt 0.514323 0.282018
vt 0.490130 0.284556
vt 0.507736 0.455523
vt 0.497599 0.456200
vt 0.511257 0.431118
vt 0.514323 0.481140
vt 0.890191 0.693581
vt 0.872595 0.669215
vt 0.854860 0.658012
vt 0.855854 0.699561
vt 0.838976 0.659709
vt 0.890191 0.651567
vt 0.881713 0.647578
vt 0.839725 0.648982
vt 0.852104 0.668934
vt 0.851291 0.642544
vt 0.873078 0.643000
vt 0.600133 0.012956
vt 0.570747 0.055446
vt 0.604591 0.052595
vt 0.595174 0.082895
vt 0.629584 0.056180
vt 0.635851 0.038371
vt 0.627648 0.007804
vt 0.627348 0.080712
vt 0.629952 0.082525
vt 0.635851 0.079830
vt 0.612046 0.001316
vt 0.129774 0.966279
vt 0.100684 0.967982
vt 0.129774 0.942255
vt 0.087240 0.933772
vt 0.914162 0.503070
vt 0.943142 0.544298
vt 0.910156 0.544298
vt 0.940962 0.510580
vt 0.160533 0.682738
vt 0.193606 0.684362
vt 0.158375 0.663614
vt 0.132790 0.656963
vt 0.194878 0.650439
vt 0.129774 0.673959
vt 0.194878 0.700157
vt 0.186266 0.707456
vt 0.121962 0.928509
vt 0.069878 0.909066
vt 0.071411 0.928509
vt 0.102438 0.896930
vt 0.817531 0.327224
vt 0.802517 0.320069
vt 0.831193 0.309268
vt 0.818682 0.303070
vt 0.853733 0.362152
vt 0.853733 0.308232
vt 0.847004 0.376675
vt 0.818998 0.379386
vt 0.612413 0.707456
vt 0.580295 0.682895
vt 0.580540 0.707456
vt 0.586114 0.683135
vt 0.080295 0.528509
vt 0.065627 0.524963
vt 0.054253 0.488789
vt 0.080295 0.482895
vt 0.309796 0.416228
vt 0.307954 0.445337
vt 0.266760 0.435744
vt 0.328291 0.422496
vt 0.345052 0.446053
vt 0.280820 0.418814
vt 0.244358 0.421730
vt 0.249224 0.446053
vt 0.920189 0.181083
vt 0.910441 0.132278
vt 0.935330 0.128509
vt 0.904948 0.150284
vt 0.935330 0.182018
vt 0.957899 0.109211
vt 0.931665 0.068674
vt 0.957899 0.061842
vt 0.930990 0.094153
vt 0.188640 0.283549
vt 0.214844 0.248684
vt 0.214844 0.294298
vt 0.184462 0.271378
vt 0.036655 0.416161
vt 0.023207 0.420614
vt 0.037171 0.391836
vt 0.083523 0.408270
vt 0.030335 0.391271
vt 0.001302 0.396387
vt 0.243490 0.404720
vt 0.220236 0.408050
vt 0.196050 0.379386
vt 0.197390 0.399274
vt 0.241150 0.406862
vt 0.201964 0.420614
vt 0.166689 0.382903
vt 0.159686 0.406292
vt 0.152305 0.384301
vt 0.133431 0.406023
vt 0.118476 0.386745
vt 0.070929 0.389978
vt 0.102989 0.409784
vt 0.032780 0.000544
vt 0.053481 0.020483
vt 0.006510 0.032895
vt 0.023046 0.000739
vt 0.076823 0.032895
vt 0.057342 0.000439
vt 0.764668 0.699977
vt 0.786024 0.683772
vt 0.781793 0.737100
vt 0.735918 0.715281
vt 0.735677 0.765273
vt 0.786024 0.763144
vt 0.746273 0.787281
vt 0.722713 0.677768
vt 0.742720 0.709211
vt 0.756510 0.677632
vt 0.720052 0.709211
vt 0.511792 0.403070
vt 0.522135 0.430599
vt 0.515546 0.434901
vt 0.522043 0.465844
vt 0.521990 0.403502
vt 0.510851 0.457343
vt 0.514555 0.469685
vt 0.522135 0.497807
vt 0.932726 0.659937
vt 0.953559 0.691667
vt 0.953559 0.641887
vt 0.945419 0.639035
vt 0.190538 0.879386
vt 0.139869 0.867262
vt 0.164512 0.853070
vt 0.098524 0.879386
vt 0.137541 0.863534
vt 0.140607 0.862624
vt 0.141921 0.865628
vt 0.958767 0.466228
vt 0.940538 0.448079
vt 0.958767 0.410088
vt 0.974392 0.710088
vt 0.952447 0.705411
vt 0.958853 0.689927
vt 0.974392 0.677632
vt 0.948351 0.704919
vt 0.948960 0.697568
vt 0.359809 0.133772
vt 0.333767 0.119631
vt 0.335469 0.082895
vt 0.359809 0.097181
vt 0.252500 0.931140
vt 0.224392 0.946053
vt 0.289497 0.946053
vt 0.640189 0.031284
vt 0.639323 0.057417
vt 0.654917 0.039113
vt 0.640011 0.078509
vt 0.654948 0.025000
vt 0.654948 0.062159
vt 0.775608 0.507236
vt 0.775608 0.544298
vt 0.749566 0.499561
vt 0.757946 0.535557
vt 0.842448 0.216228
vt 0.790365 0.216228
vt 0.840825 0.214107
vt 0.821752 0.196053
vt 0.512587 0.496053
vt 0.493008 0.459211
vt 0.488281 0.496053
vt 0.506452 0.476462
vt 0.998698 0.803070
vt 0.998698 0.833772
vt 0.983073 0.833647
vt 0.985388 0.803346
vt 0.966237 0.758532
vt 0.970052 0.715896
vt 0.970052 0.761842
vt 0.949219 0.715351
vt 0.458767 0.573246
vt 0.458767 0.540789
vt 0.431884 0.549927
vt 0.428385 0.555278
vt 0.958767 0.236404
vt 0.936293 0.208475
vt 0.958767 0.197807
vt 0.923177 0.215421
vt 0.231885 0.056373
vt 0.240885 0.055590
vt 0.214088 0.078268
vt 0.208767 0.049561
vt 0.240885 0.087502
vt 0.230102 0.097807
vt 0.799045 0.774123
vt 0.786024 0.740841
vt 0.799045 0.708333
vt 0.026476 0.982018
vt 0.017285 0.951313
vt 0.003163 0.950439
vt 0.000434 0.982018
vt 0.864149 0.554669
vt 0.890191 0.558726
vt 0.889884 0.556844
vt 0.868194 0.564934
vt 0.874320 0.530294
vt 0.890191 0.507456
vt 0.884992 0.588158
vt 0.024552 0.842014
vt 0.002242 0.856383
vt 0.026937 0.854461
vt 0.030816 0.874123
vt 0.002170 0.874123
vt 0.003439 0.843760
vt 0.002557 0.838158
vt 0.540057 0.481838
vt 0.541233 0.427661
vt 0.526827 0.446893
vt 0.536794 0.482018
vt 0.539764 0.348892
vt 0.523872 0.330825
vt 0.524078 0.357511
vt 0.539304 0.300702
vt 0.539608 0.383189
vt 0.524937 0.391701
vt 0.539713 0.397801
vt 0.524659 0.417593
vt 0.529271 0.297058
vt 0.540867 0.266549
vt 0.532184 0.264205
vt 0.541233 0.259622
vt 0.536166 0.230263
vt 0.950087 0.501876
vt 0.949545 0.510965
vt 0.929988 0.465495
vt 0.950087 0.474952
vt 0.920853 0.498984
vt 0.920573 0.465351
vt 0.965712 0.866228
vt 0.950955 0.840127
vt 0.965712 0.815351
vt 0.746962 0.334116
vt 0.748050 0.346638
vt 0.769531 0.346930
vt 0.769531 0.314474
vt 0.074571 0.560965
vt 0.080007 0.576803
vt 0.055122 0.574948
vt 0.059860 0.588158
vt 0.118490 0.588158
vt 0.331907 0.970614
vt 0.340811 0.973295
vt 0.362413 0.984649
vt 0.314670 0.984649
vt 0.175786 0.917815
vt 0.196698 0.944298
vt 0.199219 0.915351
vt 0.177930 0.942686
vt 0.148872 0.944298
vt 0.152856 0.920474
vt 0.875653 0.997807
vt 0.887149 0.973966
vt 0.903212 0.997807
vt 0.869358 0.973246
vt 0.743490 0.532666
vt 0.742912 0.504819
vt 0.719843 0.492274
vt 0.723420 0.523775
vt 0.723145 0.469737
vt 0.742682 0.470976
vt 0.743373 0.559196
vt 0.742793 0.568160
vt 0.743307 0.605701
vt 0.743490 0.606579
vt 0.685330 0.568429
vt 0.704821 0.594694
vt 0.714446 0.556809
vt 0.713635 0.523641
vt 0.713395 0.496579
vt 0.137770 0.359211
vt 0.170573 0.362815
vt 0.111545 0.376754
vt 0.143656 0.376754
vt 0.314861 0.286553
vt 0.351128 0.289912
vt 0.335377 0.271491
vt 0.313802 0.289912
vt 0.249756 0.028713
vt 0.246436 0.001316
vt 0.226128 0.018749
vt 0.226874 0.032895
vt 0.297309 0.032895
vt 0.283660 0.012327
vt 0.224392 0.378509
vt 0.206316 0.362719
vt 0.186198 0.378509
vt 0.765223 0.582921
vt 0.771183 0.550087
vt 0.754796 0.543331
vt 0.753625 0.549162
vt 0.744358 0.596053
vt 0.803077 0.552060
vt 0.803385 0.524123
vt 0.803385 0.590757
vt 0.926649 0.264730
vt 0.938511 0.243135
vt 0.940538 0.287281
vt 0.940538 0.241667
vt 0.973524 0.289035
vt 0.973524 0.242544
vt 0.961372 0.245780
vt 0.964755 0.267474
vt 0.975260 0.793709
vt 0.996962 0.795600
vt 0.975400 0.772368
vt 0.996945 0.799790
vt 0.996962 0.772853
vt 0.975347 0.802193
vt 0.911829 0.961842
vt 0.937934 0.972743
vt 0.901476 0.975877
vt 0.928132 0.975877
vt 0.858145 0.138158
vt 0.842448 0.147807
vt 0.891059 0.147807
vt 0.885344 0.145881
vt 0.005642 0.776288
vt 0.010128 0.809211
vt 0.014323 0.808171
vt 0.014323 0.755702
vt 0.039497 0.502121
vt 0.023074 0.483772
vt 0.023003 0.509982
vt 0.039497 0.528509
vt 0.053841 0.599057
vt 0.069714 0.612984
vt 0.101128 0.626908
vt 0.101128 0.592259
vt 0.005520 0.612356
vt 0.037949 0.630373
vt 0.038640 0.612918
vt 0.022787 0.633772
vt 0.052167 0.633749
vt 0.027005 0.599494
vt 0.052374 0.597744
vt 0.003731 0.633407
vt 0.003687 0.627231
vt 0.027520 0.579241
vt 0.002170 0.578509
vt 0.002815 0.597768
vt 0.529080 0.815351
vt 0.578559 0.815351
vt 0.549722 0.808333
vt 0.996094 0.697807
vt 0.996094 0.733772
vt 0.986545 0.713196
vt 0.485677 0.880263
vt 0.504787 0.879590
vt 0.530757 0.864571
vt 0.495457 0.837281
vt 0.529227 0.837655
vt 0.534011 0.838595
vt 0.553385 0.875606
vt 0.540439 0.880263
vt 0.666190 0.375877
vt 0.665365 0.408124
vt 0.674913 0.431140
vt 0.674913 0.402850
vt 0.988281 0.953989
vt 0.996094 0.925877
vt 0.996094 0.961842
vt 0.590712 0.360965
vt 0.590712 0.399561
vt 0.583770 0.382685
vt 0.572483 0.379626
vt 0.501302 0.576754
vt 0.543837 0.576754
vt 0.522140 0.570614
vt 0.950955 0.621271
vt 0.944366 0.622368
vt 0.942274 0.619876
vt 0.950955 0.596053
vt 0.988281 0.465237
vt 0.990785 0.428509
vt 0.994358 0.466228
vt 0.994358 0.428676
vt 0.548097 0.151143
vt 0.545726 0.147807
vt 0.528326 0.154825
vt 0.555560 0.154825
vt 0.555990 0.148019
vt 0.518663 0.149821
vt 0.008247 0.215351
vt 0.000434 0.193431
vt 0.008247 0.193421
vt 0.027344 0.646930
vt 0.068142 0.646930
vt 0.053352 0.642544
vt 0.797309 0.308519
vt 0.800781 0.291667
vt 0.800781 0.342544
vt 0.787760 0.005702
vt 0.744728 0.003070
vt 0.734809 0.005702
vt 0.898003 0.538158
vt 0.891927 0.525879
vt 0.894117 0.511842
vt 0.898003 0.515305
vt 0.692456 0.137026
vt 0.698360 0.146570
vt 0.702027 0.167982
vt 0.702691 0.109376
vt 0.698510 0.103240
vt 0.702651 0.071861
vt 0.702691 0.042231
vt 0.677810 0.103564
vt 0.675433 0.136739
vt 0.657552 0.046001
vt 0.684919 0.055167
vt 0.666560 0.006579
vt 0.702233 0.032740
vt 0.175643 0.991667
vt 0.174913 0.995175
vt 0.205295 0.995175
vt 0.166806 0.000439
vt 0.191253 0.005979
vt 0.166842 0.003943
vt 0.199733 0.025810
vt 0.162829 0.031886
vt 0.006846 0.084755
vt 0.007084 0.079105
vt 0.025868 0.106666
vt 0.054510 0.080299
vt 0.052450 0.070768
vt 0.034090 0.048549
vt 0.000434 0.065958
vt 0.013146 0.108337
vt 0.138995 0.065490
vt 0.112534 0.086675
vt 0.101220 0.044630
vt 0.077204 0.069447
vt 0.098844 0.041252
vt 0.107877 0.088672
vt 0.141305 0.086606
vt 0.113969 0.112671
vt 0.147289 0.120971
vt 0.180050 0.104754
vt 0.183555 0.139264
vt 0.219506 0.116644
vt 0.118806 0.121962
vt 0.217870 0.140630
vt 0.188834 0.148029
vt 0.220822 0.163757
vt 0.188138 0.075426
vt 0.209992 0.071250
vt 0.171058 0.056853
vt 0.134528 0.053195
vt 0.201140 0.048723
vt 0.240035 0.041895
vt 0.122419 0.013444
vt 0.109291 0.039792
vt 0.244476 0.092818
vt 0.258685 0.116309
vt 0.274520 0.084837
vt 0.278212 0.124731
vt 0.270450 0.065452
vt 0.260721 0.064176
vt 0.273699 0.058785
vt 0.250774 0.136296
vt 0.225056 0.170091
vt 0.253831 0.170614
vt 0.042232 0.046643
vt 0.147833 0.009425
vt 0.077105 0.106776
vt 0.111926 0.112612
vt 0.115316 0.124237
vt 0.069292 0.126157
vt 0.030486 0.128278
vt 0.054718 0.148982
vt 0.059884 0.170614
vt 0.080581 0.147277
vt 0.018863 0.132490
vt 0.023654 0.153097
vt 0.075637 0.019881
vt 0.814670 0.992544
vt 0.869358 0.992544
vt 0.843742 0.990789
vt 0.375434 0.495175
vt 0.401476 0.492312
vt 0.399224 0.495175
vt 0.398206 0.489912
vt 0.543837 0.239035
vt 0.543837 0.281140
vt 0.542969 0.268225
vt 0.139323 0.653947
vt 0.169752 0.653947
vt 0.162497 0.653070
vt 0.175781 0.653399
vt 0.790106 0.347642
vt 0.762785 0.365351
vt 0.790365 0.348112
vt 0.775465 0.342376
vt 0.778276 0.312747
vt 0.759514 0.247807
vt 0.753906 0.310234
vt 0.786045 0.261237
vt 0.790365 0.267017
vt 0.784655 0.306546
vt 0.004774 0.825328
vt 0.041233 0.825877
vt 0.018058 0.825000
vt 0.010803 0.825877
vt 0.720870 0.365351
vt 0.739149 0.369737
vt 0.720018 0.365637
vt 0.682963 0.369589
vt 0.674045 0.369737
vt 0.713639 0.865351
vt 0.748163 0.901316
vt 0.694878 0.901316
vt 0.765191 0.866808
vt 0.762583 0.894628
vt 0.696153 0.878913
vt 0.904080 0.050124
vt 0.903793 0.019823
vt 0.857205 0.053947
vt 0.859286 0.042868
vt 0.904080 0.002398
vt 0.872740 0.000842
vt 0.878290 0.000634
vt 0.902839 0.000439
vt 0.060369 0.921713
vt 0.020838 0.946053
vt 0.072483 0.946053
vt 0.019531 0.921491
vt 0.704202 0.953207
vt 0.727865 0.914736
vt 0.697483 0.911842
vt 0.727478 0.923248
vt 0.727865 0.959211
vt 0.703876 0.953637
vt 0.262587 0.876754
vt 0.212441 0.846061
vt 0.235396 0.840546
vt 0.228038 0.869355
vt 0.212966 0.842613
vt 0.234941 0.837281
vt 0.191303 0.876754
vt 0.189670 0.855294
vt 0.249950 0.452288
vt 0.246895 0.477853
vt 0.224392 0.478466
vt 0.226322 0.480263
vt 0.338457 0.453623
vt 0.364865 0.453980
vt 0.362895 0.475317
vt 0.304643 0.452109
vt 0.330678 0.475357
vt 0.392263 0.477476
vt 0.424480 0.480263
vt 0.299100 0.478054
vt 0.279024 0.452697
vt 0.398172 0.447807
vt 0.459635 0.466546
vt 0.430808 0.448431
vt 0.196615 0.848684
vt 0.163692 0.848684
vt 0.144633 0.837042
vt 0.135006 0.847911
vt 0.127296 0.839933
vt 0.120226 0.840661
vt 0.175938 0.826754
vt 0.304440 0.139605
vt 0.285930 0.139412
vt 0.301108 0.173357
vt 0.328464 0.139386
vt 0.287968 0.170495
vt 0.274389 0.198587
vt 0.306617 0.127359
vt 0.329427 0.174108
vt 0.283881 0.221645
vt 0.326052 0.204913
vt 0.271267 0.161005
vt 0.291347 0.220791
vt 0.287730 0.107572
vt 0.306608 0.105511
vt 0.292407 0.079422
vt 0.284185 0.088213
vt 0.298307 0.048645
vt 0.278056 0.042544
vt 0.308993 0.075146
vt 0.325874 0.127323
vt 0.329427 0.095917
vt 0.290969 0.244873
vt 0.324852 0.248391
vt 0.323130 0.271694
vt 0.301571 0.299561
vt 0.286317 0.244651
vt 0.974392 0.722495
vt 0.979601 0.742544
vt 0.979601 0.691667
vt 0.885851 0.951316
vt 0.883247 0.949479
vt 0.885851 0.945579
vt 0.884290 0.934649
vt 0.970920 0.821481
vt 0.968563 0.823298
vt 0.970920 0.781140
vt 0.969332 0.838158
vt 0.963976 0.799489
vt 0.970855 0.827226
vt 0.717097 0.359211
vt 0.706163 0.361842
vt 0.730469 0.361842
vt 0.557726 0.335526
vt 0.557726 0.369737
vt 0.549913 0.358523
vt 0.807339 0.375124
vt 0.784575 0.365385
vt 0.799420 0.394746
vt 0.811554 0.406579
vt 0.819010 0.386239
vt 0.770399 0.406579
vt 0.782914 0.360727
vt 0.815555 0.350439
vt 0.142070 0.972368
vt 0.163857 0.973033
vt 0.169705 0.996053
vt 0.135851 0.996053
vt 0.711372 0.430940
vt 0.720920 0.419737
vt 0.720920 0.443421
vt 0.391927 0.488158
vt 0.357596 0.485526
vt 0.334635 0.488158
vt 0.252170 0.786404
vt 0.237413 0.758811
vt 0.252170 0.758333
vt 0.014323 0.205702
vt 0.014323 0.270614
vt 0.010851 0.240233
vt 0.248203 0.621287
vt 0.205061 0.619237
vt 0.209827 0.595703
vt 0.251598 0.596627
vt 0.280841 0.628773
vt 0.254258 0.643977
vt 0.284288 0.646053
vt 0.275712 0.598087
vt 0.161049 0.627767
vt 0.220107 0.645599
vt 0.175714 0.637787
vt 0.152900 0.631950
vt 0.188468 0.643243
vt 0.182828 0.590034
vt 0.152809 0.587356
vt 0.119333 0.592125
vt 0.122866 0.608764
vt 0.155044 0.640218
vt 0.095052 0.638013
vt 0.159256 0.584723
vt 0.177912 0.576754
vt 0.162657 0.646053
vt 0.143770 0.645323
vt 0.751135 0.040731
vt 0.754371 0.026489
vt 0.719473 0.047936
vt 0.730239 0.069737
vt 0.786024 0.048116
vt 0.775083 0.010292
vt 0.724680 0.043212
vt 0.745155 0.012153
vt 0.708767 0.001316
vt 0.774709 0.069737
vt 0.494358 0.916228
vt 0.554253 0.916228
vt 0.551787 0.907969
vt 0.521045 0.885526
vt 0.888455 0.588158
vt 0.905964 0.545680
vt 0.929253 0.573162
vt 0.929253 0.545175
vt 0.950955 0.939035
vt 0.916233 0.956518
vt 0.950955 0.975000
vt 0.936353 0.939332
vt 0.711581 0.101970
vt 0.704427 0.084862
vt 0.720797 0.071852
vt 0.745226 0.098652
vt 0.707058 0.100044
vt 0.705918 0.118860
vt 0.745226 0.073628
vt 0.708512 0.070614
vt 0.755467 0.218860
vt 0.726160 0.217841
vt 0.755731 0.202712
vt 0.731984 0.195175
vt 0.694878 0.199710
vt 0.697986 0.218860
vt 0.756886 0.206152
vt 0.773872 0.218272
vt 0.972656 0.036404
vt 0.994358 0.036404
vt 0.976648 0.007456
vt 0.860480 0.596053
vt 0.855022 0.622970
vt 0.836372 0.606015
vt 0.891059 0.605063
vt 0.889288 0.622251
vt 0.856069 0.640789
vt 0.890149 0.640789
vt 0.720596 0.450945
vt 0.735677 0.464474
vt 0.731921 0.435526
vt 0.713976 0.464474
vt 0.114149 0.146053
vt 0.111172 0.137281
vt 0.083767 0.146053
vt 0.991753 0.080263
vt 0.991753 0.125877
vt 0.986545 0.117531
vt 0.998698 0.241667
vt 0.998698 0.199351
vt 0.993490 0.233444
vt 0.996114 0.196053
vt 0.331163 0.268860
vt 0.328559 0.265585
vt 0.331163 0.223246
vt 0.792101 0.689912
vt 0.792101 0.714474
vt 0.789497 0.711160
vt 0.790719 0.693237
vt 0.460503 0.180263
vt 0.460503 0.208333
vt 0.459635 0.187411
vt 0.185330 0.829705
vt 0.242034 0.834649
vt 0.239042 0.817789
vt 0.273872 0.834649
vt 0.271718 0.807551
vt 0.233353 0.800118
vt 0.265916 0.790789
vt 0.991099 0.394688
vt 0.996094 0.395175
vt 0.996094 0.363596
vt 0.983941 0.380937
vt 0.074219 0.036404
vt 0.049899 0.032895
vt 0.040365 0.036404
vt 0.912760 0.202193
vt 0.946615 0.185526
vt 0.914212 0.188242
vt 0.944869 0.202193
vt 0.965007 0.609211
vt 0.974392 0.659211
vt 0.960503 0.630356
vt 0.974392 0.625298
vt 0.983941 0.679386
vt 0.983941 0.728509
vt 0.980469 0.692945
vt 0.770446 0.591667
vt 0.752170 0.594298
vt 0.784288 0.594298
vt 0.957031 0.248684
vt 0.944901 0.308333
vt 0.943142 0.276842
vt 0.957031 0.283865
vt 0.568196 0.430263
vt 0.559003 0.444016
vt 0.595920 0.445175
vt 0.558594 0.445175
vt 0.832031 0.102081
vt 0.846625 0.047807
vt 0.861545 0.079839
vt 0.861545 0.111480
vt 0.839037 0.143421
vt 0.973962 0.143421
vt 0.974392 0.111842
vt 0.941406 0.143421
vt 0.945797 0.122407
vt 0.144531 0.719737
vt 0.144961 0.751316
vt 0.173127 0.730302
vt 0.177517 0.751316
vt 0.187993 0.750439
vt 0.185635 0.774206
vt 0.204712 0.783724
vt 0.246094 0.783772
vt 0.218773 0.755833
vt 0.154348 0.759886
vt 0.129774 0.759548
vt 0.152010 0.783772
vt 0.266927 0.869354
vt 0.313445 0.845592
vt 0.286450 0.811842
vt 0.300074 0.812205
vt 0.316406 0.877632
vt 0.314552 0.859509
vt 0.292370 0.877474
vt 0.269246 0.877632
vt 0.616818 0.349561
vt 0.649896 0.330605
vt 0.650608 0.349561
vt 0.616753 0.317982
vt 0.207047 0.721471
vt 0.238206 0.710385
vt 0.238208 0.722367
vt 0.207574 0.732937
vt 0.180668 0.742544
vt 0.266686 0.708447
vt 0.170573 0.718793
vt 0.197121 0.702290
vt 0.263756 0.697233
vt 0.244556 0.742544
vt 0.275608 0.733796
vt 0.224151 0.669470
vt 0.253612 0.660178
vt 0.202299 0.650439
vt 0.217958 0.654821
vt 0.594184 0.970302
vt 0.627170 0.967982
vt 0.594911 0.991688
vt 0.627170 0.995175
vt 0.773003 0.245175
vt 0.733941 0.219737
vt 0.742494 0.245175
vt 0.766045 0.222189
vt 0.431090 0.417105
vt 0.446615 0.446053
vt 0.382378 0.423916
vt 0.401945 0.446053
vt 0.037760 0.384649
vt 0.097656 0.384649
vt 0.068598 0.360965
vt 0.919705 0.770614
vt 0.959635 0.804825
vt 0.921572 0.804825
vt 0.953515 0.772826
vt 0.589216 0.886157
vt 0.556956 0.882110
vt 0.586690 0.847925
vt 0.552517 0.848346
vt 0.617622 0.846930
vt 0.617622 0.889912
vt 0.091521 0.865497
vt 0.044958 0.888721
vt 0.055210 0.857141
vt 0.064086 0.852355
vt 0.088754 0.849922
vt 0.038566 0.857827
vt 0.036024 0.849114
vt 0.036383 0.848684
vt 0.094184 0.897807
vt 0.070328 0.897443
vt 0.047378 0.897807
vt 0.937066 0.307456
vt 0.937129 0.339035
vt 0.970920 0.339035
vt 0.970206 0.320079
vt 0.369358 0.739035
vt 0.327149 0.740401
vt 0.322580 0.755608
vt 0.328605 0.770834
vt 0.328758 0.772039
vt 0.369358 0.783772
vt 0.360770 0.778756
vt 0.292572 0.764011
vt 0.296512 0.749560
vt 0.262587 0.757116
vt 0.049045 0.426744
vt 0.049045 0.455866
vt 0.023003 0.425000
vt 0.037946 0.459211
vt 0.331836 0.896053
vt 0.373214 0.887326
vt 0.420573 0.896053
vt 0.391832 0.880263
vt 0.363333 0.886892
vt 0.331163 0.895042
vt 0.487413 0.811842
vt 0.454427 0.811629
vt 0.487413 0.790789
vt 0.901285 0.392544
vt 0.878906 0.417105
vt 0.906684 0.417105
vt 0.420983 0.530016
vt 0.392795 0.539035
vt 0.451823 0.539035
vt 0.440405 0.488158
vt 0.407727 0.490424
vt 0.982205 0.866228
vt 0.978650 0.825000
vt 0.966580 0.856033
vt 0.982205 0.828152
vt 0.837240 0.649400
vt 0.836761 0.673665
vt 0.837240 0.673397
vt 0.813727 0.643763
vt 0.835881 0.618740
vt 0.810395 0.610965
vt 0.795227 0.615475
vt 0.800467 0.646538
vt 0.786024 0.647434
vt 0.790491 0.665211
vt 0.790174 0.673001
vt 0.821251 0.687281
vt 0.181858 0.436733
vt 0.197483 0.408843
vt 0.197483 0.446930
vt 0.193920 0.405702
vt 0.726997 0.854825
vt 0.711372 0.836201
vt 0.726467 0.817105
vt 0.726997 0.817178
vt 0.972656 0.760965
vt 0.996962 0.760965
vt 0.995932 0.739912
vt 0.673177 0.158333
vt 0.663628 0.128553
vt 0.673177 0.109211
vt 0.119358 0.296930
vt 0.154948 0.296930
vt 0.145258 0.284649
vt 0.413628 0.783772
vt 0.413628 0.811842
vt 0.401476 0.800484
vt 0.740885 0.956579
vt 0.740885 0.935826
vt 0.733073 0.941467
vt 0.740379 0.935526
vt 0.576823 0.479386
vt 0.634983 0.479386
vt 0.625104 0.477632
vt 0.462240 0.141667
vt 0.462240 0.197807
vt 0.461372 0.176339
vt 0.805088 0.867982
vt 0.806724 0.886578
vt 0.776226 0.868472
vt 0.773003 0.896438
vt 0.829427 0.910088
vt 0.804687 0.910088
vt 0.039497 0.227632
vt 0.022579 0.199106
vt 0.037357 0.197150
vt 0.039497 0.168860
vt 0.008247 0.174621
vt 0.030770 0.225241
vt 0.857649 0.756579
vt 0.842448 0.723882
vt 0.885851 0.754367
vt 0.885851 0.696930
vt 0.219447 0.963596
vt 0.250434 0.954902
vt 0.187934 0.963596
vt 0.213645 0.950439
vt 0.904080 0.914474
vt 0.875171 0.877357
vt 0.904080 0.864474
vt 0.862413 0.911522
vt 0.642795 0.968860
vt 0.691950 0.968860
vt 0.661076 0.949561
vt 0.697483 0.962913
vt 0.644531 0.935526
vt 0.590712 0.912500
vt 0.603862 0.935526
vt 0.619858 0.906579
vt 0.957031 0.581140
vt 0.944878 0.570750
vt 0.957031 0.521491
vt 0.292420 0.986875
vt 0.272135 0.990525
vt 0.272177 0.987274
vt 0.289938 0.990868
vt 0.306858 0.977632
vt 0.306858 0.998684
vt 0.724752 0.270952
vt 0.689600 0.260641
vt 0.714713 0.280152
vt 0.753038 0.267368
vt 0.696560 0.246605
vt 0.753038 0.362719
vt 0.733789 0.327005
vt 0.716793 0.354545
vt 0.708023 0.326189
vt 0.751311 0.292629
vt 0.743445 0.292308
vt 0.681858 0.294087
vt 0.699518 0.230263
vt 0.730621 0.239176
vt 0.651162 0.589451
vt 0.654014 0.596473
vt 0.654023 0.576300
vt 0.639391 0.557186
vt 0.654826 0.555044
vt 0.641028 0.520218
vt 0.653511 0.494298
vt 0.608941 0.598199
vt 0.653892 0.621139
vt 0.612460 0.561320
vt 0.629146 0.526864
vt 0.678385 0.615154
vt 0.678385 0.589278
vt 0.654715 0.647068
vt 0.677193 0.653947
vt 0.074615 0.828251
vt 0.046457 0.849561
vt 0.014323 0.832948
vt 0.078621 0.844639
vt 0.095649 0.825877
vt 0.110677 0.849561
vt 0.549913 0.948684
vt 0.563730 0.908333
vt 0.588976 0.948684
vt 0.583958 0.908482
vt 0.685872 0.659545
vt 0.703966 0.669865
vt 0.696181 0.713061
vt 0.661450 0.692806
vt 0.722656 0.731120
vt 0.703635 0.665026
vt 0.722656 0.666267
vt 0.712584 0.685342
vt 0.687390 0.656579
vt 0.679816 0.727879
vt 0.633632 0.703022
vt 0.637893 0.680008
vt 0.615246 0.693097
vt 0.595920 0.682621
vt 0.605319 0.671301
vt 0.690637 0.733772
vt 0.888897 0.231036
vt 0.922309 0.207456
vt 0.922309 0.250131
vt 0.885851 0.258333
vt 0.973650 0.951316
vt 0.975260 0.984649
vt 0.945747 0.984649
vt 0.970261 0.951476
vt 0.729601 0.844298
vt 0.762231 0.843858
vt 0.762195 0.840427
vt 0.792101 0.844298
vt 0.791976 0.841081
vt 0.730652 0.814474
vt 0.313231 0.000439
vt 0.279080 0.001316
vt 0.345052 0.001316
vt 0.076852 0.754898
vt 0.100843 0.721500
vt 0.135811 0.757456
vt 0.137587 0.723767
vt 0.049907 0.757456
vt 0.058775 0.720614
vt 0.013455 0.734496
vt 0.597644 0.297717
vt 0.596689 0.287176
vt 0.572001 0.309448
vt 0.572326 0.324447
vt 0.613281 0.327667
vt 0.589440 0.291720
vt 0.552386 0.285718
vt 0.560900 0.254115
vt 0.599931 0.329610
vt 0.612123 0.339565
vt 0.606128 0.364775
vt 0.585934 0.258929
vt 0.604528 0.261013
vt 0.575429 0.225373
vt 0.591347 0.227761
vt 0.613281 0.202193
vt 0.557611 0.379330
vt 0.545398 0.314854
vt 0.542101 0.323333
vt 0.549118 0.284843
vt 0.542357 0.313946
vt 0.601912 0.389035
vt 0.577109 0.744207
vt 0.549913 0.721400
vt 0.613469 0.709211
vt 0.607536 0.752193
vt 0.646647 0.724859
vt 0.673177 0.752193
vt 0.786892 0.144298
vt 0.786757 0.099561
vt 0.783420 0.131176
vt 0.786892 0.124171
vt 0.377170 0.953070
vt 0.419488 0.948829
vt 0.414239 0.947807
vt 0.448351 0.953070
vt 0.984811 0.872368
vt 0.984809 0.848429
vt 0.996962 0.841667
vt 0.996962 0.860197
vt 0.654948 0.653591
vt 0.654948 0.686404
vt 0.644531 0.680342
vt 0.644888 0.638158
vt 0.552372 0.982895
vt 0.536892 0.989195
vt 0.545896 0.996930
vt 0.579427 0.996930
vt 0.777344 0.968860
vt 0.749692 0.944728
vt 0.735677 0.968860
vt 0.775217 0.942544
vt 0.338157 0.345360
vt 0.307726 0.344298
vt 0.348524 0.368860
vt 0.317070 0.368860
vt 0.097091 0.287281
vt 0.074219 0.296731
vt 0.079068 0.300439
vt 0.117622 0.300439
vt 0.457899 0.403070
vt 0.457899 0.439912
vt 0.438802 0.418828
vt 0.450033 0.439662
vt 0.490017 0.992544
vt 0.534288 0.992544
vt 0.516968 0.975877
vt 0.975608 0.148911
vt 0.999566 0.145175
vt 0.975260 0.167171
vt 0.999566 0.172368
vt 0.509115 0.759517
vt 0.509115 0.794134
vt 0.487886 0.731140
vt 0.485677 0.762857
vt 0.509081 0.798684
vt 0.497908 0.794518
vt 0.255642 0.751289
vt 0.226025 0.735526
vt 0.254625 0.752193
vt 0.208767 0.752193
vt 0.541328 0.659167
vt 0.541926 0.686923
vt 0.514586 0.694376
vt 0.592448 0.647932
vt 0.570625 0.677583
vt 0.504243 0.667267
vt 0.526857 0.644298
vt 0.563104 0.649481
vt 0.505101 0.682993
vt 0.498307 0.695222
vt 0.552178 0.706018
vt 0.578886 0.700555
vt 0.547477 0.725000
vt 0.482226 0.725000
vt 0.473777 0.723306
vt 0.450087 0.715819
vt 0.652044 0.263620
vt 0.644259 0.260056
vt 0.635737 0.285033
vt 0.656981 0.299773
vt 0.631083 0.280986
vt 0.626212 0.243327
vt 0.649960 0.248621
vt 0.650605 0.250364
vt 0.644507 0.228663
vt 0.677850 0.242485
vt 0.643805 0.323563
vt 0.666570 0.329340
vt 0.683426 0.302022
vt 0.692274 0.332895
vt 0.626566 0.305804
vt 0.677281 0.249254
vt 0.677203 0.273618
vt 0.605469 0.269219
vt 0.622548 0.190789
vt 0.609256 0.286939
vt 0.692274 0.210260
vt 0.659653 0.195258
vt 0.882378 0.259211
vt 0.881703 0.239412
vt 0.859062 0.243218
vt 0.857723 0.194487
vt 0.844184 0.240553
vt 0.882378 0.190789
vt 0.664040 0.802193
vt 0.667667 0.761384
vt 0.632006 0.758333
vt 0.603733 0.802193
vt 0.697483 0.789390
vt 0.099682 0.825000
vt 0.136347 0.814994
vt 0.127711 0.777050
vt 0.090712 0.787959
vt 0.178385 0.825000
vt 0.168898 0.796545
vt 0.133840 0.776754
vt 0.843707 0.495080
vt 0.860709 0.461214
vt 0.822483 0.457006
vt 0.870226 0.505702
vt 0.870226 0.441667
vt 0.423883 0.898684
vt 0.378906 0.917982
vt 0.449219 0.917982
vt 0.779399 0.976336
vt 0.752170 0.973246
vt 0.783420 0.997807
vt 0.753108 0.997807
vt 0.822943 0.285715
vt 0.795139 0.266467
vt 0.797410 0.287281
vt 0.831163 0.266498
vt 0.770399 0.220614
vt 0.831163 0.225933
vt 0.274831 0.270614
vt 0.254774 0.298684
vt 0.297309 0.298684
vt 0.851997 0.952493
vt 0.875383 0.946053
vt 0.854309 0.969737
vt 0.903212 0.969737
vt 0.692274 0.844298
vt 0.667969 0.814153
vt 0.692274 0.798684
vt 0.675019 0.834888
vt 0.902034 0.297526
vt 0.911250 0.320039
vt 0.928385 0.272368
vt 0.891059 0.281765
vt 0.928385 0.321491
vt 0.338108 0.541667
vt 0.357205 0.541667
vt 0.340884 0.500439
vt 0.956505 0.938214
vt 0.981337 0.952193
vt 0.956163 0.919751
vt 0.981337 0.919737
vt 0.745929 0.377284
vt 0.738490 0.412445
vt 0.749444 0.396675
vt 0.727801 0.382573
vt 0.780816 0.367105
vt 0.748435 0.443395
vt 0.780816 0.429243
vt 0.769108 0.470348
vt 0.767059 0.499561
vt 0.773587 0.471694
vt 0.769271 0.464992
vt 0.747681 0.478211
vt 0.741469 0.457115
vt 0.736844 0.440851
vt 0.724392 0.400952
vt 0.922571 0.997637
vt 0.944878 0.997807
vt 0.904948 0.980027
vt 0.944878 0.979386
vt 0.922673 0.389912
vt 0.930990 0.324123
vt 0.918837 0.337780
vt 0.930990 0.378473
vt 0.897135 0.081262
vt 0.930122 0.070667
vt 0.906431 0.059211
vt 0.923619 0.082023
vt 0.930122 0.107622
vt 0.905375 0.112719
vt 0.983073 0.182895
vt 0.983073 0.224123
vt 0.970052 0.201975
vt 0.853733 0.013596
vt 0.853733 0.054825
vt 0.840712 0.032189
vt 0.822132 0.054612
vt 0.838108 0.075000
vt 0.819246 0.074098
vt 0.837573 0.043323
vt 0.802902 0.013781
vt 0.838108 0.010965
vt 0.783420 0.014367
vt 0.797273 0.067757
vt 0.322483 0.747807
vt 0.284909 0.736404
vt 0.276476 0.747807
vt 0.309242 0.740203
vt 0.014517 0.326983
vt 0.027505 0.353032
vt 0.009115 0.350364
vt 0.069400 0.332315
vt 0.083630 0.361149
vt 0.067620 0.358601
vt 0.044356 0.331476
vt 0.078013 0.313843
vt 0.043576 0.311341
vt 0.078333 0.331062
vt 0.138347 0.352349
vt 0.104916 0.365351
vt 0.116578 0.302337
vt 0.163739 0.316609
vt 0.209476 0.320585
vt 0.169743 0.360823
vt 0.138615 0.309940
vt 0.202178 0.360200
vt 0.227425 0.365351
vt 0.241166 0.327193
vt 0.210565 0.319764
vt 0.241753 0.324024
vt 0.218380 0.297770
vt 0.184810 0.290789
vt 0.480396 0.669740
vt 0.488281 0.697807
vt 0.466965 0.679071
vt 0.488281 0.625000
vt 0.436544 0.665109
vt 0.416233 0.692247
vt 0.255642 0.168780
vt 0.259983 0.132018
vt 0.259983 0.173246
vt 0.943993 0.765351
vt 0.921441 0.768860
vt 0.967448 0.768860
vt 0.812066 0.841667
vt 0.812066 0.885526
vt 0.809462 0.856877
vt 0.422309 0.230731
vt 0.420430 0.225000
vt 0.419705 0.245918
vt 0.422309 0.268860
vt 0.879774 0.471491
vt 0.879774 0.505702
vt 0.877170 0.479972
vt 0.987413 0.443012
vt 0.987413 0.481140
vt 0.985534 0.437281
vt 0.984809 0.458198
vt 0.223340 0.275026
vt 0.239222 0.241913
vt 0.216562 0.271432
vt 0.215712 0.247897
vt 0.237940 0.303642
vt 0.216704 0.221796
vt 0.241652 0.265693
vt 0.236311 0.208271
vt 0.227297 0.175877
vt 0.246705 0.213362
vt 0.267795 0.243249
vt 0.267795 0.273549
vt 0.226217 0.176691
vt 0.229629 0.305702
vt 0.247135 0.208861
vt 0.522135 0.393421
vt 0.513430 0.380125
vt 0.505642 0.375919
vt 0.522135 0.348684
vt 0.344020 0.302110
vt 0.332315 0.326934
vt 0.320005 0.302458
vt 0.358826 0.338078
vt 0.323613 0.324180
vt 0.333370 0.341347
vt 0.340501 0.336318
vt 0.354460 0.357418
vt 0.392391 0.360852
vt 0.352455 0.384288
vt 0.358585 0.383914
vt 0.381734 0.411339
vt 0.340805 0.408305
vt 0.300739 0.403801
vt 0.304261 0.379731
vt 0.290753 0.389791
vt 0.286996 0.415494
vt 0.312407 0.413780
vt 0.392595 0.321557
vt 0.401267 0.417982
vt 0.245014 0.417982
vt 0.394881 0.393735
vt 0.419084 0.416652
vt 0.421441 0.392275
vt 0.245817 0.371533
vt 0.250476 0.349488
vt 0.241969 0.370103
vt 0.238281 0.393465
vt 0.293568 0.371174
vt 0.297338 0.346559
vt 0.254053 0.324864
vt 0.243106 0.345574
vt 0.254565 0.299561
vt 0.302978 0.309476
vt 0.883795 0.824123
vt 0.834635 0.799925
vt 0.836628 0.773246
vt 0.843605 0.819606
vt 0.884264 0.777699
vt 0.891059 0.810833
vt 0.841649 0.824123
vt 0.876677 0.467543
vt 0.900608 0.479386
vt 0.871094 0.446560
vt 0.894201 0.442134
vt 0.900608 0.417982
vt 0.453559 0.019465
vt 0.441123 0.055763
vt 0.434059 0.056758
vt 0.433289 0.049161
vt 0.390269 0.027306
vt 0.411301 0.062081
vt 0.366743 0.031542
vt 0.366343 0.065155
vt 0.339209 0.038705
vt 0.347469 0.003947
vt 0.317463 0.053675
vt 0.314036 0.008951
vt 0.297309 0.010916
vt 0.305090 0.038665
vt 0.343155 0.070424
vt 0.333331 0.068012
vt 0.367665 0.096424
vt 0.374890 0.098573
vt 0.419717 0.120870
vt 0.384151 0.126110
vt 0.418983 0.122055
vt 0.423511 0.148084
vt 0.435479 0.087270
vt 0.453559 0.148684
vt 0.442035 0.092866
vt 0.671441 0.166810
vt 0.686651 0.148684
vt 0.693142 0.152775
vt 0.693142 0.201316
vt 0.582163 0.522579
vt 0.603733 0.554507
vt 0.581601 0.579727
vt 0.587627 0.584649
vt 0.603733 0.490801
vt 0.583581 0.486033
vt 0.566406 0.532298
vt 0.573062 0.483772
vt 0.475260 0.584649
vt 0.475260 0.632198
vt 0.448351 0.605384
vt 0.451213 0.641667
vt 0.009983 0.511842
vt 0.009983 0.547807
vt 0.008247 0.521044
vt 0.643663 0.912202
vt 0.647135 0.911842
vt 0.647135 0.947807
vt 0.091813 0.440815
vt 0.126799 0.459490
vt 0.146875 0.429579
vt 0.150387 0.422725
vt 0.118145 0.413329
vt 0.056386 0.446975
vt 0.056341 0.457636
vt 0.056891 0.426462
vt 0.179348 0.429088
vt 0.168063 0.410965
vt 0.104346 0.454083
vt 0.084138 0.475938
vt 0.023872 0.472201
vt 0.040371 0.491527
vt 0.182360 0.463223
vt 0.146560 0.498319
vt 0.117003 0.499561
vt 0.181792 0.498671
vt 0.182855 0.499561
vt 0.210503 0.457526
vt 0.643663 0.618860
vt 0.628906 0.652775
vt 0.643663 0.674398
vt 0.634533 0.677632
vt 0.468642 0.883187
vt 0.489149 0.892102
vt 0.473951 0.864186
vt 0.456163 0.854436
vt 0.465434 0.902840
vt 0.487466 0.903070
vt 0.489149 0.833772
vt 0.919705 0.481109
vt 0.903659 0.519737
vt 0.901476 0.471093
vt 0.919705 0.451316
vt 0.959635 0.910355
vt 0.961341 0.915351
vt 0.971289 0.911879
vt 0.971724 0.909211
vt 0.996021 0.910081
vt 0.996962 0.915351
vt 0.850762 0.435741
vt 0.835899 0.425877
vt 0.822483 0.451316
vt 0.858073 0.451316
vt 0.330295 0.968860
vt 0.324602 0.942611
vt 0.292425 0.940789
vt 0.283420 0.968860
vt 0.733340 0.124065
vt 0.750723 0.158118
vt 0.729742 0.155676
vt 0.752899 0.186341
vt 0.728001 0.181951
vt 0.703559 0.154192
vt 0.705553 0.133209
vt 0.768600 0.188753
vt 0.772908 0.159619
vt 0.769290 0.127743
vt 0.763177 0.095032
vt 0.783420 0.097708
vt 0.779170 0.126288
vt 0.752689 0.093421
vt 0.716898 0.104340
vt 0.719550 0.189985
vt 0.734644 0.192528
vt 0.744153 0.193625
vt 0.783420 0.205702
vt 0.905761 0.671491
vt 0.915365 0.653000
vt 0.902367 0.618583
vt 0.891059 0.642015
vt 0.902358 0.605702
vt 0.915365 0.614185
vt 0.935224 0.763596
vt 0.944010 0.753918
vt 0.931213 0.738272
vt 0.942125 0.744370
vt 0.944010 0.702193
vt 0.928385 0.722397
vt 0.477865 0.967982
vt 0.537760 0.967982
vt 0.519720 0.952193
vt 0.499926 0.957979
vt 0.147749 0.947030
vt 0.181147 0.971491
vt 0.187066 0.946930
vt 0.139323 0.971491
vt 0.890001 0.100742
vt 0.865428 0.092402
vt 0.865017 0.059465
vt 0.890191 0.059211
vt 0.890191 0.139912
vt 0.865523 0.134070
vt 0.134029 0.551753
vt 0.099590 0.533853
vt 0.109545 0.553844
vt 0.120846 0.568368
vt 0.136228 0.576754
vt 0.170367 0.571073
vt 0.152350 0.534071
vt 0.181420 0.548902
vt 0.187066 0.525973
vt 0.087351 0.521002
vt 0.077294 0.544820
vt 0.115764 0.514937
vt 0.103109 0.497807
vt 0.075199 0.551820
vt 0.100223 0.572261
vt 0.054088 0.516170
vt 0.047138 0.536622
vt 0.003038 0.562987
vt 0.033017 0.576754
vt 0.281684 0.695668
vt 0.281684 0.728509
vt 0.266059 0.697812
vt 0.268266 0.693421
vt 0.940538 0.573246
vt 0.940538 0.618197
vt 0.918837 0.585482
vt 0.919573 0.629386
vt 0.146452 0.915351
vt 0.133523 0.925006
vt 0.127170 0.935526
vt 0.147135 0.935526
vt 0.528846 0.066979
vt 0.492686 0.080870
vt 0.527054 0.083980
vt 0.498842 0.056163
vt 0.507308 0.035439
vt 0.539590 0.041580
vt 0.526056 0.013202
vt 0.569039 0.050175
vt 0.577691 0.020212
vt 0.515751 0.007456
vt 0.562943 0.076593
vt 0.559438 0.087742
vt 0.477370 0.105774
vt 0.515290 0.115797
vt 0.482901 0.124073
vt 0.513902 0.133934
vt 0.478177 0.136710
vt 0.545423 0.139596
vt 0.481505 0.139905
vt 0.512732 0.149561
vt 0.548105 0.122768
vt 0.577691 0.129597
vt 0.451823 0.116409
vt 0.571371 0.143817
vt 0.452279 0.078728
vt 0.495384 0.043311
vt 0.812580 0.796665
vt 0.794825 0.801545
vt 0.830295 0.777632
vt 0.793066 0.778593
vt 0.807562 0.827399
vt 0.830295 0.839035
vt 0.823433 0.801137
vt 0.787711 0.817276
vt 0.761719 0.803989
vt 0.779517 0.779765
vt 0.629124 0.135404
vt 0.630056 0.123480
vt 0.660403 0.132524
vt 0.660520 0.158331
vt 0.676649 0.184331
vt 0.644095 0.189912
vt 0.603621 0.134270
vt 0.626442 0.189815
vt 0.598539 0.134361
vt 0.584321 0.189912
vt 0.594127 0.123164
vt 0.604513 0.130293
vt 0.577911 0.148669
vt 0.557726 0.189902
vt 0.622581 0.097524
vt 0.642703 0.109462
vt 0.612734 0.084730
vt 0.629905 0.085682
vt 0.602134 0.078509
vt 0.602471 0.098458
vt 0.660331 0.109251
vt 0.660211 0.079417
vt 0.779080 0.599561
vt 0.724885 0.614180
vt 0.779015 0.616592
vt 0.722837 0.638989
vt 0.779071 0.657235
vt 0.722908 0.643893
vt 0.779080 0.682895
vt 0.718965 0.638096
vt 0.711977 0.648060
vt 0.733045 0.666046
vt 0.686937 0.639605
vt 0.686198 0.620191
vt 0.473524 0.950439
vt 0.444878 0.935500
vt 0.473524 0.905702
vt 0.872123 0.863035
vt 0.874566 0.871582
vt 0.861323 0.885541
vt 0.867917 0.887281
vt 0.869086 0.834649
vt 0.818142 0.887281
vt 0.827956 0.865572
vt 0.847260 0.839302
vt 0.274390 0.800439
vt 0.259983 0.769737
vt 0.309462 0.800439
vt 0.297377 0.771106
vt 0.994358 0.681140
vt 0.984809 0.671362
vt 0.994358 0.639912
vt 0.876674 0.760088
vt 0.852865 0.767105
vt 0.878038 0.767105
vt 0.859509 0.760923
vt 0.421446 0.925043
vt 0.419339 0.918860
vt 0.381104 0.941667
vt 0.377170 0.923709
vt 0.433594 0.941667
vt 0.424927 0.919232
vt 0.896267 0.775000
vt 0.896267 0.808333
vt 0.892795 0.799531
vt 0.403148 0.602008
vt 0.385158 0.601061
vt 0.410781 0.576872
vt 0.434675 0.597957
vt 0.412914 0.576148
vt 0.447488 0.573817
vt 0.450087 0.597089
vt 0.396330 0.644387
vt 0.389929 0.644791
vt 0.427416 0.642038
vt 0.418153 0.652193
vt 0.394467 0.649733
vt 0.370960 0.652193
vt 0.441443 0.646897
vt 0.442852 0.644824
vt 0.366781 0.582982
vt 0.344531 0.612595
vt 0.344184 0.587492
vt 0.391233 0.540152
vt 0.386380 0.540263
vt 0.361309 0.541268
vt 0.419371 0.545959
vt 0.360634 0.508792
vt 0.363978 0.508236
vt 0.391320 0.515477
vt 0.387147 0.496053
vt 0.377590 0.496481
vt 0.902344 0.685024
vt 0.914999 0.662494
vt 0.930990 0.652193
vt 0.930990 0.701316
vt 0.184462 0.509505
vt 0.209989 0.511300
vt 0.185319 0.520753
vt 0.219184 0.471491
vt 0.219184 0.542544
vt 0.284633 0.914474
vt 0.320747 0.939035
vt 0.308037 0.915696
vt 0.278212 0.939035
vt 0.875434 0.386261
vt 0.875433 0.411996
vt 0.843350 0.412554
vt 0.842949 0.415944
vt 0.875434 0.437281
vt 0.867020 0.369737
vt 0.832074 0.414852
vt 0.832031 0.389350
vt 0.659446 0.349379
vt 0.639058 0.360088
vt 0.645685 0.357122
vt 0.687139 0.360088
vt 0.680771 0.340789
vt 0.637587 0.357906
vt 0.696572 0.358485
vt 0.708767 0.344904
vt 0.841670 0.272368
vt 0.835806 0.282018
vt 0.853733 0.282018
vt 0.832899 0.280221
vt 0.686776 0.749948
vt 0.727040 0.732386
vt 0.722083 0.755840
vt 0.685330 0.773246
vt 0.733941 0.732018
vt 0.729927 0.773246
vt 0.907716 0.808333
vt 0.922309 0.859211
vt 0.888665 0.819295
vt 0.886719 0.859211
vt 0.575554 0.565351
vt 0.555990 0.590789
vt 0.581163 0.590789
vt 0.003038 0.430659
vt 0.005642 0.415351
vt 0.005642 0.447807
vt 0.963914 0.442589
vt 0.983941 0.443421
vt 0.961372 0.416908
vt 0.983941 0.409211
vt 0.981337 0.538158
vt 0.998698 0.571491
vt 0.998698 0.539306
vt 0.988634 0.556089
vt 0.792101 0.941667
vt 0.792101 0.989912
vt 0.779948 0.969868
vt 0.404080 0.775877
vt 0.364709 0.751316
vt 0.356337 0.775877
vt 0.603803 0.583772
vt 0.583939 0.592104
vt 0.572483 0.599561
vt 0.607205 0.599561
vt 0.901476 0.429426
vt 0.930990 0.390789
vt 0.930990 0.443421
vt 0.916390 0.406237
vt 0.983941 0.630263
vt 0.973524 0.609610
vt 0.983941 0.589035
vt 0.317812 0.878170
vt 0.330295 0.876754
vt 0.330295 0.902193
vt 0.317274 0.900778
vt 0.403712 0.368860
vt 0.392692 0.384649
vt 0.374566 0.382298
vt 0.411892 0.384649
vt 0.346536 0.987281
vt 0.324219 0.993421
vt 0.360677 0.993421
vt 0.952691 0.341244
vt 0.931858 0.339912
vt 0.933757 0.389033
vt 0.952691 0.389912
vt 0.613281 0.753947
vt 0.613281 0.783605
vt 0.593868 0.754080
vt 0.592448 0.785526
vt 0.716580 0.595183
vt 0.712575 0.592544
vt 0.716580 0.634649
vt 0.698351 0.612680
vt 0.367170 0.804727
vt 0.352486 0.783559
vt 0.329382 0.819894
vt 0.321504 0.787089
vt 0.310330 0.805411
vt 0.352581 0.823246
vt 0.376832 0.823246
vt 0.391304 0.807071
vt 0.404080 0.786076
vt 0.380804 0.782018
vt 0.452691 0.991667
vt 0.491753 0.974918
vt 0.477140 0.991667
vt 0.467449 0.972368
vt 0.941983 0.153969
vt 0.969184 0.148684
vt 0.969184 0.187281
vt 0.940538 0.182736
vt 0.313802 0.911514
vt 0.253038 0.911842
vt 0.263674 0.880263
vt 0.313802 0.887436
vt 0.090712 0.958207
vt 0.073351 0.970979
vt 0.074508 0.939912
vt 0.090712 0.984649
vt 0.431858 0.893509
vt 0.459635 0.875877
vt 0.459635 0.902193
vt 0.983073 0.317105
vt 0.971788 0.351371
vt 0.983073 0.360088
vt 0.976189 0.323639
vt 0.449681 0.704866
vt 0.467448 0.681140
vt 0.467448 0.706579
vt 0.448351 0.697581
vt 0.655816 0.544311
vt 0.667969 0.558333
vt 0.667969 0.536349
vt 0.659132 0.535526
vt 0.606458 0.964856
vt 0.629978 0.950121
vt 0.607039 0.939035
vt 0.635851 0.967105
vt 0.592913 0.951805
vt 0.591580 0.967105
vt 0.977865 0.319737
vt 0.977865 0.294298
vt 0.963108 0.291667
vt 0.963769 0.306780
vt 0.808248 0.704720
vt 0.851997 0.711371
vt 0.831635 0.729823
vt 0.807726 0.741514
vt 0.810660 0.744978
vt 0.832787 0.771491
vt 0.851997 0.755664
vt 0.828845 0.691667
vt 0.404080 0.994298
vt 0.381543 0.960741
vt 0.380642 0.991453
vt 0.404080 0.956579
vt 0.943142 0.044635
vt 0.970052 0.009211
vt 0.970052 0.049561
vt 0.946594 0.011432
vt 0.260851 0.947807
vt 0.260851 0.986404
vt 0.236545 0.981685
vt 0.691406 0.854825
vt 0.720052 0.854825
vt 0.705128 0.832018
vt 0.229601 0.874123
vt 0.229601 0.920614
vt 0.184462 0.895436
vt 0.974392 0.091667
vt 0.959635 0.082281
vt 0.974392 0.045175
vt 0.637587 0.910965
vt 0.673447 0.885170
vt 0.651682 0.862719
vt 0.690538 0.910965
vt 0.461320 0.800958
vt 0.415690 0.803540
vt 0.459577 0.757553
vt 0.478325 0.757456
vt 0.416409 0.758214
vt 0.415365 0.824123
vt 0.441077 0.824123
vt 0.484809 0.780852
vt 0.773872 0.170031
vt 0.799860 0.168170
vt 0.776798 0.190688
vt 0.823243 0.189979
vt 0.850260 0.207456
vt 0.850260 0.157456
vt 0.243490 0.539035
vt 0.242213 0.518195
vt 0.222115 0.539035
vt 0.221788 0.517982
vt 0.473524 0.313716
vt 0.476128 0.289035
vt 0.476128 0.346930
vt 0.121962 0.655702
vt 0.091357 0.643421
vt 0.063802 0.655702
vt 0.113432 0.762719
vt 0.085503 0.773246
vt 0.134983 0.773246
vt 0.497830 0.175000
vt 0.490885 0.151371
vt 0.497830 0.150439
vt 0.605212 0.892544
vt 0.549045 0.902193
vt 0.575493 0.898209
vt 0.633247 0.902193
vt 0.215712 0.787281
vt 0.186055 0.816593
vt 0.169705 0.792502
vt 0.215712 0.821491
vt 0.978733 0.246930
vt 0.978733 0.219937
vt 0.960503 0.218860
vt 0.962155 0.223938
vt 0.908286 0.691667
vt 0.903212 0.708333
vt 0.933594 0.708333
vt 0.493490 0.042281
vt 0.468170 0.008333
vt 0.493490 0.011623
vt 0.451823 0.048684
vt 0.956013 0.365351
vt 0.975260 0.376367
vt 0.953559 0.393210
vt 0.975260 0.408333
vt 0.313802 0.448684
vt 0.285297 0.444298
vt 0.279080 0.448684
vt 0.279446 0.445167
vt 0.056005 0.585526
vt 0.056858 0.589035
vt 0.052765 0.586034
vt 0.052517 0.589035
vt 0.824740 0.773246
vt 0.823790 0.767982
vt 0.826823 0.770390
vt 0.802517 0.773246
vt 0.975260 0.469470
vt 0.978733 0.448684
vt 0.978733 0.471491
vt 0.062493 0.780511
vt 0.045479 0.779085
vt 0.063018 0.764899
vt 0.038190 0.755520
vt 0.070878 0.822368
vt 0.027236 0.822368
vt 0.087240 0.781992
vt 0.074163 0.761178
vt 0.018663 0.754825
vt 0.018865 0.800984
vt 0.976997 0.057131
vt 0.979601 0.048684
vt 0.979601 0.102193
vt 0.605469 0.522368
vt 0.634115 0.522368
vt 0.629701 0.493422
vt 0.612206 0.480263
vt 0.845355 0.972039
vt 0.817274 0.989912
vt 0.834463 0.970614
vt 0.860677 0.989912
vt 0.042101 0.289438
vt 0.007378 0.277632
vt 0.042101 0.326754
vt 0.010888 0.313954
vt 0.888767 0.929154
vt 0.908718 0.940698
vt 0.914863 0.909211
vt 0.933594 0.909753
vt 0.929963 0.942544
vt 0.887587 0.942544
vt 0.475260 0.942544
vt 0.529948 0.942544
vt 0.504479 0.917105
vt 0.679253 0.615351
vt 0.691406 0.614539
vt 0.691406 0.589035
vt 0.687346 0.589874
vt 0.272135 0.927632
vt 0.241372 0.914557
vt 0.225260 0.927632
vt 0.241547 0.910965
vt 0.505003 0.498990
vt 0.516827 0.535533
vt 0.481777 0.520893
vt 0.480290 0.506654
vt 0.476238 0.506860
vt 0.467312 0.538247
vt 0.460104 0.572368
vt 0.505136 0.562800
vt 0.511148 0.566978
vt 0.530561 0.565586
vt 0.529135 0.533513
vt 0.559331 0.535090
vt 0.569878 0.567439
vt 0.546973 0.478462
vt 0.569878 0.472412
vt 0.471596 0.443566
vt 0.492270 0.442544
vt 0.433594 0.523454
vt 0.446335 0.476949
vt 0.560374 0.197922
vt 0.537594 0.205304
vt 0.573351 0.226754
vt 0.548323 0.225161
vt 0.540785 0.163013
vt 0.510745 0.160965
vt 0.496962 0.226754
vt 0.499252 0.191955
vt 0.452318 0.967155
vt 0.440379 0.953947
vt 0.456163 0.973246
vt 0.408420 0.973246
vt 0.909288 0.880399
vt 0.931858 0.853070
vt 0.931858 0.898571
vt 0.910574 0.908333
vt 0.527319 0.283772
vt 0.499241 0.243421
vt 0.501828 0.277132
vt 0.463976 0.283772
vt 0.469167 0.262712
vt 0.528212 0.264074
vt 0.269531 0.239912
vt 0.256510 0.192991
vt 0.269531 0.169737
vt 0.381510 0.415351
vt 0.381510 0.444298
vt 0.345052 0.432684
vt 0.575248 0.796053
vt 0.594884 0.816456
vt 0.622830 0.819716
vt 0.604473 0.808071
vt 0.559343 0.837281
vt 0.536892 0.796813
vt 0.591056 0.837281
vt 0.859643 0.294971
vt 0.871632 0.290115
vt 0.850994 0.258404
vt 0.873698 0.302193
vt 0.872514 0.256579
vt 0.856500 0.299047
vt 0.809462 0.302193
vt 0.828892 0.285307
vt 0.887587 0.402193
vt 0.871094 0.372966
vt 0.887587 0.366228
usemtl baked
f 962/962 963/963 964/964
f 962/962 964/964 965/965
f 145/145 144/144 146/146
f 143/143 144/144 145/145
f 1167/1167 1165/1165 1164/1164
f 1163/1163 1164/1164 1165/1165
f 1166/1166 1163/1163 1168/1168
f 1164/1164 1163/1163 1166/1166
f 1169/1169 1170/1170 1171/1171
f 1172/1172 1173/1173 1174/1174
f 1287/1287 1288/1288 1289/1289
f 1290/1290 1287/1287 1289/1289
f 1187/1187 1188/1188 1189/1189
f 1259/1259 1258/1258 1254/1254
f 1304/1304 1301/1301 1303/1303
f 1301/1301 1302/1302 1303/1303
f 1202/1202 1203/1203 1199/1199
f 1203/1203 1202/1202 1206/1206
f 1454/1454 1463/1463 1464/1464
f 1305/1305 1306/1306 1307/1307
f 1456/1456 1460/1460 1463/1463
f 1456/1456 1463/1463 1454/1454
f 1617/1617 1620/1620 1621/1621
f 1617/1617 1621/1621 1632/1632
f 1459/1459 1460/1460 1456/1456
f 1459/1459 1456/1456 1458/1458
f 1621/1621 1634/1634 1632/1632
f 1620/1620 1616/1616 1626/1626
f 1616/1616 1627/1627 1626/1626
f 1626/1626 1622/1622 1620/1620
f 1620/1620 1622/1622 1621/1621
f 1626/1626 1629/1629 1628/1628
f 1626/1626 1628/1628 1622/1622
f 1627/1627 1630/1630 1629/1629
f 1627/1627 1629/1629 1626/1626
f 1643/1643 1644/1644 1645/1645
f 1640/1640 1641/1641 1642/1642
f 1605/1605 1606/1606 1607/1607
f 1536/1536 1537/1537 1538/1538
f 1536/1536 1538/1538 1546/1546
f 1800/1800 1801/1801 1802/1802
f 1800/1800 1802/1802 1803/1803
f 1955/1955 1956/1956 1957/1957
f 1979/1979 1977/1977 1957/1957
f 1956/1956 1979/1979 1957/1957
f 1640/1640 1637/1637 1639/1639
f 1640/1640 1639/1639 1641/1641
f 1625/1625 1624/1624 1623/1623
f 1636/1636 1624/1624 1625/1625
f 1623/1623 1619/1619 1615/1615
f 1618/1618 1615/1615 1617/1617
f 1623/1623 1615/1615 1618/1618
f 1617/1617 1616/1616 1620/1620
f 1615/1615 1616/1616 1617/1617
f 1618/1618 1617/1617 1632/1632
f 1618/1618 1632/1632 1633/1633
f 1978/1978 1976/1976 1977/1977
f 1979/1979 1978/1978 1977/1977
f 1623/1623 1618/1618 1631/1631
f 1637/1637 1638/1638 1639/1639
f 1462/1462 1460/1460 1461/1461
f 1461/1461 1460/1460 1459/1459
f 1999/1999 2000/2000 2001/2001
f 1996/1996 1997/1997 1998/1998
f 1976/1976 1975/1975 1973/1973
f 1977/1977 1976/1976 1973/1973
f 947/947 948/948 945/945
f 944/944 947/947 945/945
f 2024/2024 2023/2023 2025/2025
f 2022/2022 2023/2023 2024/2024
f 220/220 236/236 235/235
f 219/219 220/220 235/235
f 564/564 571/571 570/570
f 572/572 571/571 564/564
f 571/571 569/569 570/570
f 569/569 566/566 570/570
f 944/944 945/945 946/946
f 1930/1930 1931/1931 1928/1928
f 1930/1930 1932/1932 1931/1931
f 225/225 223/223 224/224
f 1917/1917 1919/1919 1918/1918
f 1916/1916 1917/1917 1918/1918
f 1918/1918 1919/1919 1920/1920
f 1918/1918 1920/1920 1921/1921
f 227/227 226/226 224/224
f 228/228 226/226 227/227
f 225/225 224/224 226/226
f 2026/2026 2030/2030 2031/2031
f 2027/2027 2026/2026 2031/2031
f 1930/1930 1928/1928 1919/1919
f 1919/1919 1928/1928 1920/1920
f 2033/2033 2034/2034 2035/2035
f 2033/2033 2035/2035 2036/2036
f 1542/1542 1544/1544 1543/1543
f 1541/1541 1542/1542 1543/1543
f 1962/1962 1969/1969 1963/1963
f 1961/1961 1962/1962 1963/1963
f 1962/1962 1972/1972 1971/1971
f 1962/1962 1971/1971 1969/1969
f 1960/1960 1961/1961 1959/1959
f 1961/1961 1960/1960 1962/1962
f 1973/1973 1975/1975 1974/1974
f 1973/1973 1974/1974 1972/1972
f 1962/1962 1973/1973 1972/1972
f 1973/1973 1962/1962 1960/1960
f 1955/1955 1957/1957 1958/1958
f 1977/1977 1973/1973 1960/1960
f 1957/1957 1977/1977 1960/1960
f 1957/1957 1960/1960 1959/1959
f 1958/1958 1957/1957 1959/1959
f 1546/1546 1544/1544 1545/1545
f 1545/1545 1544/1544 1542/1542
f 1538/1538 1547/1547 1546/1546
f 1546/1546 1547/1547 1544/1544
f 2037/2037 2038/2038 2039/2039
f 2037/2037 2039/2039 2040/2040
f 2039/2039 2042/2042 2041/2041
f 2040/2040 2039/2039 2041/2041
f 216/216 218/218 219/219
f 218/218 220/220 219/219
f 221/221 218/218 215/215
f 215/215 218/218 216/216
f 1912/1912 1916/1916 1915/1915
f 1949/1949 1944/1944 1946/1946
f 1963/1963 1965/1965 1964/1964
f 2043/2043 2044/2044 2045/2045
f 2043/2043 2045/2045 2046/2046
f 1963/1963 1969/1969 1965/1965
f 1965/1965 1968/1968 1967/1967
f 1966/1966 1965/1965 1967/1967
f 1965/1965 1969/1969 1970/1970
f 1964/1964 1965/1965 1966/1966
f 222/222 230/230 218/218
f 222/222 218/218 221/221
f 223/223 222/222 221/221
f 224/224 223/223 221/221
f 2013/2013 2018/2018 2012/2012
f 2008/2008 2013/2013 2012/2012
f 1604/1604 1599/1599 1601/1601
f 1599/1599 1600/1600 1601/1601
f 1382/1382 1383/1383 1384/1384
f 1382/1382 1385/1385 1383/1383
f 2047/2047 2048/2048 2049/2049
f 2047/2047 2049/2049 2050/2050
f 2014/2014 2015/2015 2013/2013
f 2014/2014 2013/2013 2008/2008
f 2007/2007 2008/2008 2002/2002
f 2002/2002 2008/2008 2012/2012
f 1601/1601 1600/1600 1603/1603
f 1600/1600 1602/1602 1603/1603
f 2012/2012 2018/2018 2003/2003
f 2003/2003 2018/2018 2017/2017
f 2053/2053 2065/2065 2051/2051
f 2060/2060 2051/2051 2061/2061
f 2051/2051 2064/2064 2061/2061
f 1505/1505 1504/1504 1502/1502
f 1502/1502 1504/1504 1503/1503
f 1506/1506 1502/1502 1501/1501
f 1501/1501 1502/1502 1503/1503
f 1507/1507 1508/1508 1509/1509
f 1509/1509 1508/1508 1510/1510
f 186/186 185/185 180/180
f 187/187 185/185 186/186
f 1312/1312 1313/1313 1314/1314
f 1312/1312 1315/1315 1313/1313
f 1308/1308 1309/1309 1310/1310
f 1308/1308 1311/1311 1309/1309
f 2053/2053 2057/2057 2065/2065
f 2056/2056 2057/2057 2053/2053
f 2056/2056 2053/2053 2055/2055
f 1316/1316 1317/1317 1318/1318
f 1476/1476 1477/1477 1478/1478
f 188/188 187/187 186/186
f 189/189 188/188 186/186
f 2055/2055 2053/2053 2054/2054
f 2052/2052 2054/2054 2053/2053
f 2051/2051 2052/2052 2053/2053
f 2052/2052 2051/2051 2060/2060
f 185/185 191/191 192/192
f 187/187 191/191 185/185
f 2063/2063 2060/2060 2062/2062
f 2060/2060 2061/2061 2062/2062
f 2052/2052 2059/2059 2058/2058
f 2054/2054 2052/2052 2058/2058
f 2085/2085 2082/2082 2084/2084
f 2082/2082 2083/2083 2084/2084
f 1351/1351 1352/1352 1353/1353
f 1352/1352 1354/1354 1353/1353
f 2109/2109 2111/2111 2112/2112
f 2106/2106 2111/2111 2109/2109
f 2098/2098 2106/2106 2109/2109
f 2098/2098 2109/2109 2110/2110
f 1576/1576 1581/1581 1582/1582
f 1580/1580 1581/1581 1576/1576
f 1904/1904 1898/1898 1897/1897
f 1904/1904 1897/1897 1899/1899
f 1583/1583 1580/1580 1575/1575
f 1580/1580 1576/1576 1575/1575
f 2096/2096 2099/2099 2100/2100
f 2096/2096 2100/2100 2101/2101
f 1862/1862 1861/1861 1860/1860
f 1863/1863 1862/1862 1860/1860
f 1860/1860 1861/1861 1859/1859
f 1860/1860 1859/1859 1854/1854
f 1405/1405 1409/1409 1410/1410
f 1407/1407 1403/1403 1406/1406
f 1479/1479 1480/1480 1481/1481
f 1405/1405 1408/1408 1409/1409
f 2144/2144 2145/2145 2146/2146
f 1425/1425 1426/1426 1427/1427
f 1420/1420 1426/1426 1425/1425
f 2206/2206 2200/2200 2205/2205
f 2143/2143 2141/2141 2149/2149
f 2207/2207 2200/2200 2206/2206
f 2140/2140 2139/2139 2141/2141
f 2148/2148 2147/2147 2144/2144
f 2148/2148 2144/2144 2150/2150
f 2109/2109 2112/2112 2113/2113
f 2109/2109 2113/2113 2114/2114
f 1418/1418 1419/1419 1420/1420
f 1418/1418 1420/1420 1421/1421
f 2142/2142 2141/2141 2143/2143
f 2142/2142 2143/2143 2145/2145
f 2144/2144 2142/2142 2145/2145
f 2147/2147 2140/2140 2142/2142
f 2147/2147 2142/2142 2144/2144
f 2140/2140 2141/2141 2142/2142
f 1422/1422 1420/1420 1425/1425
f 1422/1422 1421/1421 1420/1420
f 1421/1421 1422/1422 1423/1423
f 1424/1424 1421/1421 1423/1423
f 1609/1609 1608/1608 1612/1612
f 1613/1613 1609/1609 1612/1612
f 1614/1614 1613/1613 1612/1612
f 1619/1619 1616/1616 1615/1615
f 1577/1577 1579/1579 1584/1584
f 1579/1579 1590/1590 1584/1584
f 1585/1585 1577/1577 1584/1584
f 1578/1578 1577/1577 1585/1585
f 1444/1444 1445/1445 1446/1446
f 1489/1489 1490/1490 1491/1491
f 2141/2141 2139/2139 2149/2149
f 2204/2204 2201/2201 2200/2200
f 2276/2276 2277/2277 2278/2278
f 2278/2278 2281/2281 2277/2277
f 2276/2276 2281/2281 2278/2278
f 1624/1624 1619/1619 1623/1623
f 2284/2284 2285/2285 2286/2286
f 2284/2284 2287/2287 2285/2285
f 2275/2275 2273/2273 2274/2274
f 2273/2273 2270/2270 2274/2274
f 1359/1359 1360/1360 1361/1361
f 1609/1609 1611/1611 1610/1610
f 1608/1608 1609/1609 1610/1610
f 1359/1359 1362/1362 1360/1360
f 2209/2209 2211/2211 2210/2210
f 2208/2208 2209/2209 2210/2210
f 2205/2205 2200/2200 2202/2202
f 2288/2288 2290/2290 2291/2291
f 2288/2288 2289/2289 2290/2290
f 2280/2280 2276/2276 2278/2278
f 2279/2279 2280/2280 2278/2278
f 2282/2282 2280/2280 2279/2279
f 2282/2282 2283/2283 2280/2280
f 565/565 562/562 564/564
f 562/562 563/563 564/564
f 567/567 568/568 563/563
f 562/562 567/567 563/563
f 2296/2296 2295/2295 2297/2297
f 2294/2294 2295/2295 2296/2296
f 568/568 572/572 564/564
f 563/563 568/568 564/564
f 2298/2298 2299/2299 2300/2300
f 2301/2301 2302/2302 2303/2303
f 1923/1923 1922/1922 1924/1924
f 1937/1937 1923/1923 1924/1924
f 2304/2304 2305/2305 2306/2306
f 2306/2306 2305/2305 2307/2307
f 231/231 217/217 232/232
f 229/229 228/228 227/227
f 173/173 171/171 172/172
f 1922/1922 1918/1918 1921/1921
f 1923/1923 1918/1918 1922/1922
f 1912/1912 1917/1917 1916/1916
f 1912/1912 1927/1927 1917/1917
f 1586/1586 1585/1585 1587/1587
f 1578/1578 1585/1585 1586/1586
f 1948/1948 1943/1943 1947/1947
f 1938/1938 1923/1923 1937/1937
f 1793/1793 1794/1794 1795/1795
f 1793/1793 1795/1795 1797/1797
f 2308/2308 2311/2311 2309/2309
f 2308/2308 2309/2309 2310/2310
f 1796/1796 1794/1794 1793/1793
f 1910/1910 1912/1912 1915/1915
f 1795/1795 1798/1798 1799/1799
f 1798/1798 1795/1795 1794/1794
f 1909/1909 1912/1912 1910/1910
f 1807/1807 1806/1806 1798/1798
f 1794/1794 1807/1807 1798/1798
f 1876/1876 1877/1877 1878/1878
f 2312/2312 2313/2313 2314/2314
f 1909/1909 1910/1910 1911/1911
f 1910/1910 1913/1913 1911/1911
f 2315/2315 2316/2316 2317/2317
f 1805/1805 1804/1804 1800/1800
f 1804/1804 1801/1801 1800/1800
f 1539/1539 1540/1540 1537/1537
f 1539/1539 1537/1537 1536/1536
f 2318/2318 2319/2319 2320/2320
f 2318/2318 2320/2320 2321/2321
f 1643/1643 1646/1646 1644/1644
f 1806/1806 1805/1805 1800/1800
f 1806/1806 1800/1800 1798/1798
f 215/215 216/216 217/217
f 231/231 215/215 217/217
f 2029/2029 2026/2026 2028/2028
f 2026/2026 2027/2027 2028/2028
f 2322/2322 2323/2323 2324/2324
f 2325/2325 2323/2323 2322/2322
f 1943/1943 1944/1944 1945/1945
f 1943/1943 1945/1945 1947/1947
f 1952/1952 1951/1951 1953/1953
f 1950/1950 1951/1951 1952/1952
f 1944/1944 1943/1943 1946/1946
f 1822/1822 1823/1823 1824/1824
f 2326/2326 2327/2327 2328/2328
f 1954/1954 1952/1952 1953/1953
f 1910/1910 1914/1914 1913/1913
f 1915/1915 1914/1914 1910/1910
f 1093/1093 1097/1097 1096/1096
f 1097/1097 1093/1093 1098/1098
f 133/133 134/134 135/135
f 521/521 522/522 532/532
f 989/989 994/994 988/988
f 987/987 988/988 994/994
f 2332/2332 2329/2329 2331/2331
f 2329/2329 2330/2330 2331/2331
f 1850/1850 1851/1851 1844/1844
f 1770/1770 1771/1771 1772/1772
f 1647/1647 1648/1648 1649/1649
f 1548/1548 1540/1540 1539/1539
f 1548/1548 1539/1539 1549/1549
f 1586/1586 1587/1587 1588/1588
f 1589/1589 1586/1586 1588/1588
f 1654/1654 1651/1651 1653/1653
f 1873/1873 1874/1874 1875/1875
f 1940/1940 1941/1941 1939/1939
f 1940/1940 1939/1939 1935/1935
f 1939/1939 1934/1934 1935/1935
f 1935/1935 1934/1934 1933/1933
f 1935/1935 1933/1933 1936/1936
f 233/233 232/232 217/217
f 851/851 852/852 853/853
f 1036/1036 1040/1040 1039/1039
f 1036/1036 1039/1039 1035/1035
f 2032/2032 2029/2029 2028/2028
f 535/535 538/538 536/536
f 535/535 539/539 538/538
f 2333/2333 2334/2334 2335/2335
f 2333/2333 2336/2336 2334/2334
f 1879/1879 1880/1880 1881/1881
f 1879/1879 1881/1881 1882/1882
f 1734/1734 1735/1735 1736/1736
f 2337/2337 2338/2338 2339/2339
f 1924/1924 1922/1922 1925/1925
f 1929/1929 1933/1933 1924/1924
f 1929/1929 1924/1924 1925/1925
f 1922/1922 1926/1926 1925/1925
f 1651/1651 1652/1652 1653/1653
f 1934/1934 1937/1937 1924/1924
f 1933/1933 1934/1934 1924/1924
f 1781/1781 1782/1782 1783/1783
f 1783/1783 1782/1782 1785/1785
f 2340/2340 2342/2342 2343/2343
f 2340/2340 2341/2341 2342/2342
f 1942/1942 1938/1938 1941/1941
f 1939/1939 1941/1941 1938/1938
f 1934/1934 1938/1938 1937/1937
f 1934/1934 1939/1939 1938/1938
f 1897/1897 1895/1895 1891/1891
f 1891/1891 1895/1895 1893/1893
f 1898/1898 1902/1902 1895/1895
f 1897/1897 1898/1898 1895/1895
f 1447/1447 1448/1448 1444/1444
f 1448/1448 1445/1445 1444/1444
f 1576/1576 1582/1582 1579/1579
f 1576/1576 1579/1579 1577/1577
f 1781/1781 1783/1783 1784/1784
f 1750/1750 1751/1751 1747/1747
f 2345/2345 2347/2347 2346/2346
f 2344/2344 2345/2345 2346/2346
f 866/866 867/867 868/868
f 537/537 531/531 528/528
f 535/535 536/536 537/537
f 537/537 536/536 531/531
f 237/237 233/233 234/234
f 528/528 531/531 527/527
f 233/233 217/217 234/234
f 526/526 528/528 527/527
f 526/526 527/527 523/523
f 519/519 520/520 521/521
f 520/520 522/522 521/521
f 524/524 521/521 525/525
f 524/524 519/519 521/521
f 987/987 988/988 989/989
f 522/522 523/523 534/534
f 526/526 523/523 520/520
f 523/523 522/522 520/520
f 1847/1847 1843/1843 1846/1846
f 1848/1848 1847/1847 1846/1846
f 1843/1843 1849/1849 1844/1844
f 1843/1843 1844/1844 1845/1845
f 1840/1840 1841/1841 1842/1842
f 1840/1840 1846/1846 1841/1841
f 1843/1843 1845/1845 1841/1841
f 1846/1846 1843/1843 1841/1841
f 1849/1849 1850/1850 1844/1844
f 1856/1856 1853/1853 1855/1855
f 1856/1856 1855/1855 1850/1850
f 1854/1854 1857/1857 1855/1855
f 1853/1853 1854/1854 1855/1855
f 1854/1854 1858/1858 1857/1857
f 1854/1854 1859/1859 1858/1858
f 1575/1575 1576/1576 1577/1577
f 1575/1575 1577/1577 1578/1578
f 1856/1856 1850/1850 1849/1849
f 1852/1852 1856/1856 1849/1849
f 1847/1847 1852/1852 1849/1849
f 1847/1847 1849/1849 1843/1843
f 1891/1891 1893/1893 1892/1892
f 1890/1890 1891/1891 1892/1892
f 830/830 828/828 829/829
f 828/828 822/822 829/829
f 1085/1085 1088/1088 1087/1087
f 1085/1085 1087/1087 1086/1086
f 519/519 524/524 529/529
f 520/520 519/519 530/530
f 529/529 530/530 519/519
f 1159/1159 1160/1160 1161/1161
f 1160/1160 1162/1162 1161/1161
f 1059/1059 1057/1057 1056/1056
f 1065/1065 1059/1059 1056/1056
f 1065/1065 1060/1060 1059/1059
f 2271/2271 2269/2269 2272/2272
f 2270/2270 2269/2269 2271/2271
f 2268/2268 2269/2269 2270/2270
f 2268/2268 2270/2270 2273/2273
f 2290/2290 2292/2292 2293/2293
f 2289/2289 2292/2292 2290/2290
f 2201/2201 2203/2203 2202/2202
f 2200/2200 2201/2201 2202/2202
f 2350/2350 2349/2349 2351/2351
f 2348/2348 2349/2349 2350/2350
f 529/529 524/524 533/533
f 1056/1056 1057/1057 1058/1058
f 1891/1891 1899/1899 1897/1897
f 1899/1899 1891/1891 1896/1896
f 1718/1718 1713/1713 1719/1719
f 1712/1712 1728/1728 1727/1727
f 1719/1719 1712/1712 1727/1727
f 2361/2361 2352/2352 2360/2360
f 2360/2360 2352/2352 2359/2359
f 2366/2366 2367/2367 2368/2368
f 2369/2369 2366/2366 2368/2368
f 1894/1894 1891/1891 1890/1890
f 1894/1894 1896/1896 1891/1891
f 1900/1900 1899/1899 1896/1896
f 1900/1900 1896/1896 1901/1901
f 1713/1713 1716/1716 1714/1714
f 1808/1808 1809/1809 1810/1810
f 1809/1809 1811/1811 1810/1810
f 1717/1717 1729/1729 1713/1713
f 1717/1717 1713/1713 1718/1718
f 1729/1729 1731/1731 1716/1716
f 1716/1716 1713/1713 1729/1729
f 1713/1713 1712/1712 1719/1719
f 1712/1712 1713/1713 1714/1714
f 1705/1705 1709/1709 1710/1710
f 1705/1705 1710/1710 1711/1711
f 1815/1815 1813/1813 1812/1812
f 1812/1812 1813/1813 1814/1814
f 1825/1825 1826/1826 1827/1827
f 1869/1869 1868/1868 1866/1866
f 1883/1883 1884/1884 1885/1885
f 1698/1698 1709/1709 1705/1705
f 1704/1704 1705/1705 1701/1701
f 1864/1864 1865/1865 1866/1866
f 1740/1740 1741/1741 1742/1742
f 1742/1742 1743/1743 1740/1740
f 1903/1903 1890/1890 1892/1892
f 1894/1894 1890/1890 1903/1903
f 1905/1905 1906/1906 1907/1907
f 2372/2372 2373/2373 2370/2370
f 2370/2370 2371/2371 2372/2372
f 1740/1740 1744/1744 1741/1741
f 1819/1819 1817/1817 1816/1816
f 1816/1816 1817/1817 1818/1818
f 430/430 435/435 431/431
f 429/429 430/430 431/431
f 1623/1623 1636/1636 1625/1625
f 433/433 432/432 429/429
f 432/432 430/430 429/429
f 1565/1565 1566/1566 1567/1567
f 1569/1569 1568/1568 1565/1565
f 1764/1764 1767/1767 1765/1765
f 1764/1764 1765/1765 1766/1766
f 1773/1773 1774/1774 1775/1775
f 1775/1775 1774/1774 1776/1776
f 1789/1789 1790/1790 1791/1791
f 1790/1790 1792/1792 1791/1791
f 1565/1565 1568/1568 1566/1566
f 1663/1663 1666/1666 1664/1664
f 1663/1663 1664/1664 1665/1665
f 1736/1736 1735/1735 1737/1737
f 1737/1737 1738/1738 1736/1736
f 1739/1739 1737/1737 1735/1735
f 1757/1757 1758/1758 1759/1759
f 2115/2115 2116/2116 2117/2117
f 1322/1322 1325/1325 1323/1323
f 1322/1322 1323/1323 1324/1324
f 1417/1417 1414/1414 1416/1416
f 1414/1414 1415/1415 1416/1416
f 1870/1870 1871/1871 1872/1872
f 1786/1786 1787/1787 1788/1788
f 1888/1888 1887/1887 1889/1889
f 1886/1886 1887/1887 1888/1888
f 1591/1591 1592/1592 1593/1593
f 1591/1591 1593/1593 1594/1594
f 1527/1527 1528/1528 1529/1529
f 1432/1432 1433/1433 1434/1434
f 1388/1388 1387/1387 1389/1389
f 1386/1386 1387/1387 1388/1388
f 1571/1571 1572/1572 1573/1573
f 1573/1573 1572/1572 1574/1574
f 1563/1563 1564/1564 1561/1561
f 1551/1551 1563/1563 1561/1561
f 1433/1433 1436/1436 1435/1435
f 1433/1433 1435/1435 1434/1434
f 1328/1328 1327/1327 1329/1329
f 1326/1326 1327/1327 1328/1328
f 1437/1437 1436/1436 1432/1432
f 1432/1432 1436/1436 1433/1433
f 1570/1570 1568/1568 1569/1569
f 1551/1551 1561/1561 1552/1552
f 1561/1561 1562/1562 1552/1552
f 1712/1712 1714/1714 1715/1715
f 1712/1712 1715/1715 1728/1728
f 550/550 551/551 552/552
f 543/543 551/551 550/550
f 544/544 543/543 550/550
f 545/545 542/542 544/544
f 542/542 543/543 544/544
f 545/545 546/546 542/542
f 546/546 545/545 547/547
f 341/341 333/333 340/340
f 333/333 327/327 340/340
f 327/327 328/328 339/339
f 340/340 327/327 339/339
f 2374/2374 2375/2375 2376/2376
f 552/552 551/551 553/553
f 554/554 553/553 555/555
f 552/552 553/553 554/554
f 339/339 328/328 329/329
f 329/329 338/338 339/339
f 338/338 329/329 335/335
f 338/338 335/335 337/337
f 1182/1182 1181/1181 1175/1175
f 1181/1181 1176/1176 1175/1175
f 329/329 332/332 335/335
f 329/329 330/330 332/332
f 2378/2378 2379/2379 2380/2380
f 548/548 546/546 547/547
f 559/559 558/558 549/549
f 561/561 558/558 559/559
f 548/548 549/549 546/546
f 558/558 560/560 546/546
f 549/549 558/558 546/546
f 2374/2374 2377/2377 2375/2375
f 2352/2352 2357/2357 2358/2358
f 2359/2359 2352/2352 2358/2358
f 1183/1183 1184/1184 1185/1185
f 554/554 555/555 556/556
f 554/554 556/556 557/557
f 1185/1185 1186/1186 1183/1183
f 1175/1175 1176/1176 1177/1177
f 1176/1176 1180/1180 1177/1177
f 1178/1178 1175/1175 1177/1177
f 1175/1175 1178/1178 1179/1179
f 334/334 335/335 336/336
f 335/335 334/334 337/337
f 803/803 804/804 805/805
f 805/805 804/804 806/806
f 1075/1075 1076/1076 1077/1077
f 1080/1080 1075/1075 1077/1077
f 632/632 628/628 630/630
f 803/803 807/807 804/804
f 1212/1212 1207/1207 1210/1210
f 1212/1212 1210/1210 1213/1213
f 1212/1212 1213/1213 1218/1218
f 1212/1212 1218/1218 1219/1219
f 2381/2381 2384/2384 2382/2382
f 2381/2381 2382/2382 2383/2383
f 2076/2076 2077/2077 2078/2078
f 2068/2068 2055/2055 2054/2054
f 2067/2067 2055/2055 2068/2068
f 2261/2261 2260/2260 2263/2263
f 2225/2225 2226/2226 2227/2227
f 2067/2067 2066/2066 2055/2055
f 2055/2055 2066/2066 2056/2056
f 2069/2069 2068/2068 2058/2058
f 2068/2068 2054/2054 2058/2058
f 2218/2218 2216/2216 2215/2215
f 2215/2215 2216/2216 2217/2217
f 2118/2118 2115/2115 2117/2117
f 2212/2212 2213/2213 2214/2214
f 1465/1465 1468/1468 1466/1466
f 2197/2197 2198/2198 2199/2199
f 2259/2259 2260/2260 2261/2261
f 2259/2259 2262/2262 2260/2260
f 1357/1357 1352/1352 1358/1358
f 1351/1351 1358/1358 1352/1352
f 2121/2121 2120/2120 2122/2122
f 1355/1355 1356/1356 1357/1357
f 1357/1357 1356/1356 1352/1352
f 1449/1449 1450/1450 1451/1451
f 1452/1452 1450/1450 1449/1449
f 1403/1403 1411/1411 1412/1412
f 1319/1319 1320/1320 1321/1321
f 1403/1403 1412/1412 1404/1404
f 1465/1465 1466/1466 1467/1467
f 2119/2119 2120/2120 2121/2121
f 1412/1412 1413/1413 1404/1404
f 2385/2385 2388/2388 2386/2386
f 2385/2385 2386/2386 2387/2387
f 2255/2255 2256/2256 2257/2257
f 2255/2255 2257/2257 2258/2258
f 257/257 264/264 261/261
f 257/257 261/261 260/260
f 2247/2247 2250/2250 2251/2251
f 2247/2247 2248/2248 2250/2250
f 2247/2247 2251/2251 2252/2252
f 2246/2246 2247/2247 2252/2252
f 2251/2251 2254/2254 2253/2253
f 2252/2252 2251/2251 2253/2253
f 257/257 260/260 256/256
f 255/255 257/257 256/256
f 254/254 259/259 255/255
f 254/254 255/255 256/256
f 258/258 259/259 254/254
f 258/258 254/254 265/265
f 293/293 291/291 294/294
f 258/258 265/265 267/267
f 2389/2389 2390/2390 2391/2391
f 2389/2389 2391/2391 2392/2392
f 1201/1201 1200/1200 1207/1207
f 1201/1201 1207/1207 1212/1212
f 1202/1202 1199/1199 1201/1201
f 1211/1211 1209/1209 1200/1200
f 1200/1200 1209/1209 1207/1207
f 1208/1208 1211/1211 1200/1200
f 1199/1199 1208/1208 1200/1200
f 1199/1199 1200/1200 1201/1201
f 1207/1207 1209/1209 1210/1210
f 2393/2393 2395/2395 2397/2397
f 2393/2393 2397/2397 2398/2398
f 1284/1284 1285/1285 1286/1286
f 1277/1277 1278/1278 1279/1279
f 2399/2399 2400/2400 2401/2401
f 2393/2393 2394/2394 2395/2395
f 2396/2396 2394/2394 2393/2393
f 1428/1428 1429/1429 1430/1430
f 1429/1429 1431/1431 1430/1430
f 2105/2105 2106/2106 2098/2098
f 2097/2097 2105/2105 2098/2098
f 2107/2107 2108/2108 2105/2105
f 2107/2107 2105/2105 2097/2097
f 2403/2403 2404/2404 2405/2405
f 2410/2410 2405/2405 2403/2403
f 2410/2410 2404/2404 2405/2405
f 2089/2089 2087/2087 2086/2086
f 2086/2086 2087/2087 2088/2088
f 2096/2096 2097/2097 2098/2098
f 2096/2096 2098/2098 2099/2099
f 2406/2406 2405/2405 2407/2407
f 2403/2403 2405/2405 2406/2406
f 2405/2405 2409/2409 2408/2408
f 2405/2405 2408/2408 2407/2407
f 2101/2101 2102/2102 2096/2096
f 2102/2102 2101/2101 2103/2103
f 1496/1496 1498/1498 1497/1497
f 1495/1495 1496/1496 1497/1497
f 1686/1686 1687/1687 1688/1688
f 1688/1688 1687/1687 1689/1689
f 1530/1530 1533/1533 1531/1531
f 1530/1530 1531/1531 1532/1532
f 2094/2094 2091/2091 2090/2090
f 2094/2094 2095/2095 2091/2091
f 2090/2090 2091/2091 2092/2092
f 2093/2093 2090/2090 2092/2092
f 1363/1363 1367/1367 1369/1369
f 1363/1363 1366/1366 1367/1367
f 1752/1752 1755/1755 1753/1753
f 1752/1752 1753/1753 1754/1754
f 1767/1767 1768/1768 1765/1765
f 1769/1769 1768/1768 1767/1767
f 1692/1692 1693/1693 1694/1694
f 1693/1693 1695/1695 1694/1694
f 1703/1703 1696/1696 1702/1702
f 1696/1696 1701/1701 1702/1702
f 1696/1696 1697/1697 1698/1698
f 1701/1701 1696/1696 1698/1698
f 1720/1720 1718/1718 1719/1719
f 1720/1720 1719/1719 1721/1721
f 1906/1906 1905/1905 1908/1908
f 1679/1679 1680/1680 1681/1681
f 1717/1717 1718/1718 1730/1730
f 1755/1755 1756/1756 1753/1753
f 1733/1733 1720/1720 1732/1732
f 2414/2414 2412/2412 2411/2411
f 2411/2411 2412/2412 2413/2413
f 1732/1732 1720/1720 1721/1721
f 1697/1697 1706/1706 1698/1698
f 1706/1706 1708/1708 1698/1698
f 1704/1704 1698/1698 1705/1705
f 1867/1867 1866/1866 1868/1868
f 1698/1698 1708/1708 1709/1709
f 1704/1704 1701/1701 1698/1698
f 2415/2415 2416/2416 2417/2417
f 2416/2416 2415/2415 2418/2418
f 1761/1761 1763/1763 1762/1762
f 1760/1760 1761/1761 1762/1762
f 1866/1866 1867/1867 1864/1864
f 1777/1777 1778/1778 1779/1779
f 1780/1780 1778/1778 1777/1777
f 1377/1377 1374/1374 1376/1376
f 1376/1376 1374/1374 1370/1370
f 1700/1700 1706/1706 1697/1697
f 1700/1700 1707/1707 1706/1706
f 1699/1699 1700/1700 1697/1697
f 1699/1699 1697/1697 1696/1696
f 1675/1675 1676/1676 1677/1677
f 1677/1677 1676/1676 1678/1678
f 1689/1689 1687/1687 1690/1690
f 1691/1691 1689/1689 1690/1690
f 1726/1726 1722/1722 1716/1716
f 1714/1714 1716/1716 1722/1722
f 2419/2419 2420/2420 2421/2421
f 2365/2365 2363/2363 2362/2362
f 2362/2362 2363/2363 2364/2364
f 685/685 686/686 687/687
f 685/685 687/687 688/688
f 1821/1821 1820/1820 1816/1816
f 1820/1820 1819/1819 1816/1816
f 1714/1714 1722/1722 1715/1715
f 1722/1722 1723/1723 1715/1715
f 1671/1671 1673/1673 1674/1674
f 1671/1671 1672/1672 1673/1673
f 2422/2422 2423/2423 2424/2424
f 2425/2425 2426/2426 2427/2427
f 577/577 575/575 580/580
f 929/929 930/930 931/931
f 581/581 582/582 577/577
f 581/581 577/577 580/580
f 608/608 604/604 606/606
f 608/608 606/606 609/609
f 579/579 583/583 573/573
f 575/575 579/579 573/573
f 605/605 607/607 606/606
f 604/604 605/605 606/606
f 2428/2428 2429/2429 2430/2430
f 315/315 317/317 327/327
f 327/327 317/317 328/328
f 331/331 315/315 327/327
f 331/331 327/327 333/333
f 317/317 330/330 329/329
f 328/328 317/317 329/329
f 60/60 61/61 62/62
f 808/808 809/809 810/810
f 971/971 970/970 972/972
f 970/970 976/976 972/972
f 969/969 966/966 970/970
f 455/455 458/458 456/456
f 456/456 458/458 460/460
f 1745/1745 1746/1746 1747/1747
f 1745/1745 1747/1747 1748/1748
f 1746/1746 1749/1749 1747/1747
f 1749/1749 1750/1750 1747/1747
f 925/925 922/922 924/924
f 922/922 923/923 924/924
f 890/890 891/891 888/888
f 888/888 889/889 890/890
f 465/465 466/466 467/467
f 468/468 465/465 467/467
f 467/467 466/466 469/469
f 469/469 466/466 470/470
f 2442/2442 2435/2435 2438/2438
f 2435/2435 2437/2437 2438/2438
f 2435/2435 2436/2436 2437/2437
f 468/468 467/467 471/471
f 472/472 468/468 471/471
f 2437/2437 2436/2436 2439/2439
f 2449/2449 2450/2450 2451/2451
f 2451/2451 2450/2450 2452/2452
f 355/355 354/354 353/353
f 2434/2434 2432/2432 2431/2431
f 2431/2431 2432/2432 2433/2433
f 2435/2435 2440/2440 2436/2436
f 2441/2441 2440/2440 2435/2435
f 577/577 578/578 575/575
f 578/578 579/579 575/575
f 331/331 326/326 318/318
f 331/331 318/318 315/315
f 326/326 325/325 318/318
f 318/318 325/325 324/324
f 2352/2352 2353/2353 2354/2354
f 2352/2352 2354/2354 2357/2357
f 2355/2355 2356/2356 2354/2354
f 2354/2354 2353/2353 2355/2355
f 322/322 321/321 323/323
f 321/321 322/322 320/320
f 315/315 318/318 316/316
f 315/315 316/316 317/317
f 352/352 348/348 353/353
f 351/351 348/348 352/352
f 354/354 352/352 353/353
f 316/316 320/320 330/330
f 316/316 330/330 317/317
f 320/320 319/319 321/321
f 316/316 319/319 320/320
f 318/318 324/324 319/319
f 316/316 318/318 319/319
f 734/734 737/737 735/735
f 734/734 735/735 736/736
f 371/371 365/365 372/372
f 365/365 367/367 372/372
f 715/715 717/717 714/714
f 713/713 715/715 714/714
f 514/514 518/518 517/517
f 514/514 517/517 515/515
f 370/370 365/365 371/371
f 369/369 370/370 371/371
f 869/869 866/866 868/868
f 535/535 537/537 540/540
f 540/540 541/541 535/535
f 513/513 514/514 515/515
f 514/514 513/513 516/516
f 712/712 713/713 714/714
f 712/712 714/714 716/716
f 628/628 629/629 630/630
f 631/631 629/629 628/628
f 365/365 366/366 367/367
f 368/368 367/367 366/366
f 1723/1723 1725/1725 1724/1724
f 1715/1715 1723/1723 1724/1724
f 356/356 350/350 357/357
f 350/350 356/356 348/348
f 150/150 148/148 147/147
f 147/147 148/148 149/149
f 348/348 349/349 350/350
f 351/351 349/349 348/348
f 1669/1669 1668/1668 1670/1670
f 1667/1667 1668/1668 1669/1669
f 358/358 359/359 357/357
f 358/358 357/357 350/350
f 457/457 456/456 459/459
f 455/455 456/456 457/457
f 2453/2453 2454/2454 2455/2455
f 2465/2465 2466/2466 2467/2467
f 2456/2456 2457/2457 2458/2458
f 2465/2465 2467/2467 2468/2468
f 2462/2462 2463/2463 2464/2464
f 2459/2459 2460/2460 2461/2461
f 2444/2444 2448/2448 2447/2447
f 2446/2446 2444/2444 2447/2447
f 2445/2445 2444/2444 2446/2446
f 2443/2443 2444/2444 2445/2445
f 2469/2469 2470/2470 2471/2471
f 2470/2470 2469/2469 2472/2472
f 174/174 175/175 176/176
f 175/175 177/177 176/176
f 174/174 176/176 198/198
f 194/194 174/174 198/198
f 208/208 205/205 206/206
f 2473/2473 2474/2474 2475/2475
f 2473/2473 2475/2475 2476/2476
f 206/206 205/205 197/197
f 105/105 106/106 107/107
f 270/270 269/269 268/268
f 2477/2477 2478/2478 2479/2479
f 205/205 204/204 195/195
f 205/205 195/195 197/197
f 204/204 203/203 195/195
f 203/203 193/193 195/195
f 193/193 190/190 174/174
f 2480/2480 2483/2483 2481/2481
f 2480/2480 2481/2481 2482/2482
f 190/190 186/186 175/175
f 190/190 189/189 186/186
f 174/174 190/190 175/175
f 195/195 193/193 194/194
f 193/193 174/174 194/194
f 269/269 267/267 268/268
f 914/914 915/915 916/916
f 1070/1070 1071/1071 1072/1072
f 1073/1073 1070/1070 1072/1072
f 1074/1074 1070/1070 1073/1073
f 834/834 829/829 835/835
f 835/835 829/829 825/825
f 794/794 795/795 792/792
f 791/791 794/794 792/792
f 835/835 825/825 824/824
f 836/836 835/835 824/824
f 677/677 678/678 679/679
f 677/677 681/681 678/678
f 1149/1149 1136/1136 1133/1133
f 2486/2486 2485/2485 2487/2487
f 1149/1149 1150/1150 1143/1143
f 1149/1149 1143/1143 1136/1136
f 679/679 678/678 680/680
f 679/679 680/680 682/682
f 1133/1133 1136/1136 1130/1130
f 682/682 680/680 683/683
f 1139/1139 1132/1132 1141/1141
f 2489/2489 2491/2491 2490/2490
f 2488/2488 2489/2489 2490/2490
f 680/680 684/684 683/683
f 51/51 52/52 53/53
f 1049/1049 1050/1050 1051/1051
f 790/790 791/791 792/792
f 790/790 792/792 793/793
f 2484/2484 2485/2485 2486/2486
f 1133/1133 1130/1130 1132/1132
f 1137/1137 1133/1133 1132/1132
f 1139/1139 1137/1137 1132/1132
f 2077/2077 2079/2079 2078/2078
f 695/695 690/690 694/694
f 2492/2492 2493/2493 2494/2494
f 2494/2494 2493/2493 2495/2495
f 415/415 425/425 426/426
f 425/425 415/415 414/414
f 1153/1153 1152/1152 1151/1151
f 1139/1139 1141/1141 1151/1151
f 1152/1152 1139/1139 1151/1151
f 415/415 412/412 414/414
f 196/196 194/194 198/198
f 196/196 198/198 201/201
f 202/202 207/207 196/196
f 196/196 201/201 202/202
f 214/214 202/202 213/213
f 214/214 207/207 202/202
f 829/829 834/834 832/832
f 829/829 832/832 833/833
f 197/197 196/196 206/206
f 206/206 196/196 207/207
f 201/201 198/198 200/200
f 211/211 213/213 202/202
f 1148/1148 1146/1146 1144/1144
f 1145/1145 1146/1146 1147/1147
f 1144/1144 1146/1146 1145/1145
f 211/211 202/202 210/210
f 202/202 201/201 200/200
f 210/210 202/202 200/200
f 195/195 194/194 196/196
f 197/197 195/195 196/196
f 266/266 268/268 267/267
f 254/254 262/262 265/265
f 265/265 262/262 266/266
f 209/209 190/190 193/193
f 203/203 209/209 193/193
f 267/267 265/265 266/266
f 256/256 263/263 262/262
f 254/254 256/256 262/262
f 212/212 189/189 209/209
f 209/209 189/189 190/190
f 2079/2079 2080/2080 2078/2078
f 2078/2078 2080/2080 2081/2081
f 1132/1132 1134/1134 1138/1138
f 1132/1132 1138/1138 1141/1141
f 1130/1130 1131/1131 1132/1132
f 1132/1132 1131/1131 1134/1134
f 2496/2496 2497/2497 2498/2498
f 2496/2496 2499/2499 2497/2497
f 74/74 75/75 76/76
f 54/54 55/55 56/56
f 2500/2500 2501/2501 2502/2502
f 933/933 934/934 935/935
f 690/690 692/692 693/693
f 1048/1048 1046/1046 1045/1045
f 690/690 693/693 694/694
f 1045/1045 1046/1046 1047/1047
f 915/915 921/921 916/916
f 921/921 920/920 916/916
f 979/979 980/980 981/981
f 908/908 909/909 910/910
f 271/271 269/269 270/270
f 271/271 270/270 272/272
f 916/916 917/917 914/914
f 917/917 916/916 918/918
f 916/916 920/920 919/919
f 916/916 919/919 918/918
f 1143/1143 1148/1148 1144/1144
f 1142/1142 1136/1136 1143/1143
f 1143/1143 1144/1144 1142/1142
f 1130/1130 1136/1136 1131/1131
f 1131/1131 1136/1136 1142/1142
f 1535/1535 1533/1533 1534/1534
f 1530/1530 1534/1534 1533/1533
f 2503/2503 2505/2505 2509/2509
f 2505/2505 2510/2510 2509/2509
f 2173/2173 2169/2169 2171/2171
f 2173/2173 2174/2174 2169/2169
f 1368/1368 1365/1365 1364/1364
f 1371/1371 1368/1368 1364/1364
f 1375/1375 1364/1364 1374/1374
f 1375/1375 1371/1371 1364/1364
f 1363/1363 1364/1364 1365/1365
f 1365/1365 1366/1366 1363/1363
f 1364/1364 1363/1363 1370/1370
f 1374/1374 1364/1364 1370/1370
f 2513/2513 2514/2514 2515/2515
f 1238/1238 1237/1237 1239/1239
f 1236/1236 1237/1237 1238/1238
f 1280/1280 1281/1281 1282/1282
f 1282/1282 1281/1281 1283/1283
f 2516/2516 2517/2517 2518/2518
f 2519/2519 2516/2516 2518/2518
f 726/726 729/729 727/727
f 726/726 727/727 728/728
f 45/45 46/46 47/47
f 403/403 409/409 401/401
f 411/411 409/409 403/403
f 401/401 410/410 407/407
f 409/409 410/410 401/401
f 1193/1193 1194/1194 1195/1195
f 1291/1291 1292/1292 1293/1293
f 1244/1244 1248/1248 1245/1245
f 1244/1244 1245/1245 1246/1246
f 1244/1244 1246/1246 1247/1247
f 1247/1247 1246/1246 1250/1250
f 250/250 251/251 252/252
f 253/253 250/250 252/252
f 250/250 240/240 251/251
f 250/250 249/249 240/240
f 1252/1252 1253/1253 1254/1254
f 1254/1254 1253/1253 1255/1255
f 1246/1246 1245/1245 1251/1251
f 1258/1258 1252/1252 1254/1254
f 238/238 239/239 240/240
f 249/249 238/238 240/240
f 2171/2171 2169/2169 2170/2170
f 2171/2171 2170/2170 2172/2172
f 2229/2229 2244/2244 2243/2243
f 2244/2244 2245/2245 2243/2243
f 274/274 280/280 278/278
f 277/277 278/278 292/292
f 292/292 278/278 295/295
f 273/273 274/274 275/275
f 275/275 274/274 277/277
f 277/277 274/274 278/278
f 276/276 273/273 275/275
f 276/276 275/275 279/279
f 2523/2523 2521/2521 2520/2520
f 2520/2520 2521/2521 2522/2522
f 299/299 279/279 298/298
f 279/279 293/293 298/298
f 293/293 275/275 291/291
f 293/293 279/279 275/275
f 277/277 292/292 291/291
f 275/275 277/277 291/291
f 278/278 296/296 295/295
f 296/296 297/297 295/295
f 2232/2232 2230/2230 2246/2246
f 2232/2232 2246/2246 2249/2249
f 2233/2233 2231/2231 2232/2232
f 2234/2234 2231/2231 2233/2233
f 2524/2524 2525/2525 2526/2526
f 2525/2525 2527/2527 2526/2526
f 245/245 247/247 246/246
f 241/241 243/243 244/244
f 243/243 241/241 242/242
f 245/245 246/246 244/244
f 2175/2175 2171/2171 2172/2172
f 2175/2175 2172/2172 2176/2176
f 2230/2230 2243/2243 2246/2246
f 2243/2243 2247/2247 2246/2246
f 2243/2243 2245/2245 2247/2247
f 2245/2245 2248/2248 2247/2247
f 360/360 362/362 363/363
f 360/360 361/361 362/362
f 298/298 293/293 300/300
f 293/293 294/294 300/300
f 298/298 300/300 301/301
f 301/301 300/300 304/304
f 407/407 408/408 402/402
f 401/401 407/407 402/402
f 403/403 404/404 405/405
f 405/405 404/404 406/406
f 404/404 403/403 402/402
f 401/401 402/402 403/403
f 1253/1253 1257/1257 1256/1256
f 1255/1255 1253/1253 1256/1256
f 1399/1399 1401/1401 1397/1397
f 1397/1397 1401/1401 1402/1402
f 1348/1348 1350/1350 1344/1344
f 1348/1348 1349/1349 1350/1350
f 2528/2528 2529/2529 2530/2530
f 2533/2533 2529/2529 2528/2528
f 2531/2531 2529/2529 2532/2532
f 2530/2530 2529/2529 2531/2531
f 1496/1496 1499/1499 1498/1498
f 1498/1498 1499/1499 1500/1500
f 1332/1332 1333/1333 1330/1330
f 1330/1330 1333/1333 1334/1334
f 2534/2534 2535/2535 2536/2536
f 1330/1330 1331/1331 1332/1332
f 1492/1492 1493/1493 1494/1494
f 1346/1346 1343/1343 1345/1345
f 1347/1347 1343/1343 1346/1346
f 2104/2104 2102/2102 2103/2103
f 2127/2127 2130/2130 2128/2128
f 2127/2127 2128/2128 2129/2129
f 2131/2131 2130/2130 2127/2127
f 2132/2132 2131/2131 2127/2127
f 2134/2134 2133/2133 2132/2132
f 2135/2135 2133/2133 2134/2134
f 1379/1379 1381/1381 1380/1380
f 1378/1378 1379/1379 1380/1380
f 2134/2134 2132/2132 2137/2137
f 2132/2132 2127/2127 2137/2137
f 1343/1343 1344/1344 1345/1345
f 1348/1348 1344/1344 1343/1343
f 1339/1339 1340/1340 1341/1341
f 1341/1341 1340/1340 1342/1342
f 1398/1398 1400/1400 1399/1399
f 1397/1397 1398/1398 1399/1399
f 2138/2138 2127/2127 2129/2129
f 2137/2137 2127/2127 2138/2138
f 2128/2128 2139/2139 2129/2129
f 2129/2129 2139/2139 2140/2140
f 2540/2540 2537/2537 2539/2539
f 2537/2537 2538/2538 2539/2539
f 2178/2178 2164/2164 2177/2177
f 2177/2177 2164/2164 2174/2174
f 2504/2504 2506/2506 2505/2505
f 2503/2503 2504/2504 2505/2505
f 2177/2177 2174/2174 2173/2173
f 2182/2182 2177/2177 2173/2173
f 2169/2169 2163/2163 2168/2168
f 2169/2169 2168/2168 2170/2170
f 2163/2163 2164/2164 2165/2165
f 2165/2165 2166/2166 2163/2163
f 1393/1393 1396/1396 1394/1394
f 1393/1393 1394/1394 1395/1395
f 2163/2163 2166/2166 2167/2167
f 2163/2163 2167/2167 2168/2168
f 2192/2192 2193/2193 2190/2190
f 2188/2188 2192/2192 2190/2190
f 2228/2228 2229/2229 2230/2230
f 2229/2229 2243/2243 2230/2230
f 2231/2231 2230/2230 2232/2232
f 2228/2228 2230/2230 2231/2231
f 2158/2158 2157/2157 2153/2153
f 2158/2158 2153/2153 2159/2159
f 2154/2154 2156/2156 2155/2155
f 2153/2153 2154/2154 2155/2155
f 2157/2157 2160/2160 2154/2154
f 2157/2157 2154/2154 2153/2153
f 2133/2133 2131/2131 2132/2132
f 2133/2133 2136/2136 2131/2131
f 2183/2183 2165/2165 2164/2164
f 2178/2178 2183/2183 2164/2164
f 2180/2180 2183/2183 2178/2178
f 2184/2184 2183/2183 2180/2180
f 2192/2192 2196/2196 2195/2195
f 1368/1368 1372/1372 1365/1365
f 1368/1368 1373/1373 1372/1372
f 1335/1335 1336/1336 1337/1337
f 1337/1337 1336/1336 1338/1338
f 2504/2504 2511/2511 2506/2506
f 2511/2511 2504/2504 2512/2512
f 2179/2179 2180/2180 2178/2178
f 2177/2177 2179/2179 2178/2178
f 2181/2181 2179/2179 2182/2182
f 2182/2182 2179/2179 2177/2177
f 2508/2508 2504/2504 2507/2507
f 2504/2504 2503/2503 2507/2507
f 287/287 281/281 274/274
f 287/287 274/274 273/273
f 289/289 287/287 276/276
f 276/276 287/287 273/273
f 2161/2161 2154/2154 2160/2160
f 2161/2161 2162/2162 2154/2154
f 2126/2126 2123/2123 2125/2125
f 2123/2123 2124/2124 2125/2125
f 2219/2219 2220/2220 2221/2221
f 2220/2220 2222/2222 2221/2221
f 2219/2219 2223/2223 2220/2220
f 2264/2264 2267/2267 2265/2265
f 2264/2264 2265/2265 2266/2266
f 2189/2189 2188/2188 2190/2190
f 2188/2188 2189/2189 2187/2187
f 2185/2185 2186/2186 2187/2187
f 2186/2186 2188/2188 2187/2187
f 2128/2128 2152/2152 2151/2151
f 2151/2151 2139/2139 2128/2128
f 2191/2191 2190/2190 2194/2194
f 2235/2235 2237/2237 2238/2238
f 2238/2238 2239/2239 2235/2235
f 2541/2541 2542/2542 2543/2543
f 2544/2544 2542/2542 2541/2541
f 282/282 283/283 280/280
f 283/283 284/284 280/280
f 2239/2239 2240/2240 2236/2236
f 2239/2239 2236/2236 2235/2235
f 2235/2235 2236/2236 2228/2228
f 2236/2236 2229/2229 2228/2228
f 2237/2237 2235/2235 2231/2231
f 2231/2231 2235/2235 2228/2228
f 2192/2192 2195/2195 2193/2193
f 2223/2223 2224/2224 2220/2220
f 281/281 282/282 280/280
f 274/274 281/281 280/280
f 2242/2242 2241/2241 2237/2237
f 2241/2241 2238/2238 2237/2237
f 423/423 428/428 419/419
f 742/742 743/743 744/744
f 988/988 987/987 993/993
f 752/752 753/753 754/754
f 745/745 743/743 742/742
f 131/131 130/130 132/132
f 1035/1035 1039/1039 989/989
f 989/989 1039/1039 994/994
f 129/129 130/130 131/131
f 2002/2002 2004/2004 2005/2005
f 2006/2006 2002/2002 2005/2005
f 2005/2005 2010/2010 2011/2011
f 2005/2005 2004/2004 2010/2010
f 2002/2002 2012/2012 2003/2003
f 2002/2002 2003/2003 2004/2004
f 2003/2003 2016/2016 2004/2004
f 2004/2004 2016/2016 2010/2010
f 2016/2016 2003/2003 2017/2017
f 2016/2016 2017/2017 2019/2019
f 2019/2019 2020/2020 2021/2021
f 2016/2016 2019/2019 2021/2021
f 1026/1026 1027/1027 1010/1010
f 1026/1026 1028/1028 1027/1027
f 1557/1557 1558/1558 1559/1559
f 1558/1558 1550/1550 1559/1559
f 696/696 697/697 698/698
f 434/434 429/429 431/431
f 1831/1831 1829/1829 1828/1828
f 1828/1828 1829/1829 1830/1830
f 1839/1839 1837/1837 1836/1836
f 1836/1836 1837/1837 1838/1838
f 1655/1655 1656/1656 1657/1657
f 1657/1657 1658/1658 1655/1655
f 1832/1832 1831/1831 1828/1828
f 1833/1833 1831/1831 1832/1832
f 2548/2548 2545/2545 2547/2547
f 2545/2545 2546/2546 2547/2547
f 177/177 180/180 179/179
f 2555/2555 2554/2554 2546/2546
f 2546/2546 2554/2554 2553/2553
f 1020/1020 1021/1021 1022/1022
f 1019/1019 1021/1021 1020/1020
f 1023/1023 1021/1021 1024/1024
f 1019/1019 1024/1024 1021/1021
f 180/180 181/181 179/179
f 2552/2552 2546/2546 2553/2553
f 2547/2547 2546/2546 2552/2552
f 179/179 181/181 182/182
f 179/179 182/182 183/183
f 2555/2555 2556/2556 2554/2554
f 2557/2557 2554/2554 2556/2556
f 2558/2558 2559/2559 2556/2556
f 2558/2558 2556/2556 2555/2555
f 185/185 184/184 180/180
f 180/180 184/184 181/181
f 2549/2549 2548/2548 2547/2547
f 178/178 177/177 179/179
f 177/177 178/178 176/176
f 2561/2561 2548/2548 2560/2560
f 2560/2560 2548/2548 2549/2549
f 2550/2550 2549/2549 2547/2547
f 600/600 601/601 602/602
f 603/603 601/601 600/600
f 1011/1011 1001/1001 1013/1013
f 1013/1013 1001/1001 995/995
f 2564/2564 2565/2565 2566/2566
f 2566/2566 2565/2565 2567/2567
f 1012/1012 1006/1006 1011/1011
f 1006/1006 1004/1004 1011/1011
f 2569/2569 2570/2570 2565/2565
f 2569/2569 2571/2571 2570/2570
f 1005/1005 1004/1004 1006/1006
f 1008/1008 1005/1005 1006/1006
f 1008/1008 1010/1010 1009/1009
f 1008/1008 1009/1009 1005/1005
f 1026/1026 1010/1010 1020/1020
f 1020/1020 1010/1010 1008/1008
f 1020/1020 1008/1008 1019/1019
f 1019/1019 1008/1008 1006/1006
f 1011/1011 1004/1004 1001/1001
f 1004/1004 1003/1003 1001/1001
f 1004/1004 1005/1005 1003/1003
f 165/165 166/166 167/167
f 1001/1001 1003/1003 1002/1002
f 1003/1003 1007/1007 1002/1002
f 1151/1151 1155/1155 1154/1154
f 1123/1123 1124/1124 1125/1125
f 413/413 420/420 419/419
f 414/414 413/413 419/419
f 396/396 395/395 391/391
f 2573/2573 2575/2575 2574/2574
f 2572/2572 2573/2573 2574/2574
f 911/911 912/912 913/913
f 926/926 927/927 928/928
f 1125/1125 1124/1124 1126/1126
f 1125/1125 1126/1126 1127/1127
f 884/884 885/885 886/886
f 887/887 884/884 886/886
f 1127/1127 1126/1126 1128/1128
f 391/391 395/395 392/392
f 420/420 416/416 421/421
f 413/413 416/416 420/420
f 1127/1127 1129/1129 1125/1125
f 417/417 418/418 416/416
f 1153/1153 1151/1151 1154/1154
f 412/412 417/417 416/416
f 412/412 416/416 413/413
f 412/412 413/413 414/414
f 990/990 1031/1031 1035/1035
f 990/990 1035/1035 989/989
f 136/136 139/139 137/137
f 136/136 137/137 138/138
f 140/140 141/141 142/142
f 429/429 434/434 436/436
f 169/169 173/173 172/172
f 171/171 169/169 172/172
f 1834/1834 1828/1828 1835/1835
f 1834/1834 1832/1832 1828/1828
f 1034/1034 1038/1038 1037/1037
f 1034/1034 1037/1037 1036/1036
f 1034/1034 1035/1035 1031/1031
f 1035/1035 1034/1034 1036/1036
f 1033/1033 1034/1034 1032/1032
f 1032/1032 1034/1034 1031/1031
f 1523/1523 1524/1524 1525/1525
f 1526/1526 1524/1524 1523/1523
f 151/151 156/156 157/157
f 158/158 157/157 156/156
f 158/158 160/160 159/159
f 158/158 159/159 157/157
f 156/156 151/151 155/155
f 155/155 151/151 154/154
f 154/154 151/151 153/153
f 151/151 152/152 153/153
f 168/168 169/169 170/170
f 170/170 169/169 171/171
f 2563/2563 2549/2549 2562/2562
f 2562/2562 2549/2549 2550/2550
f 198/198 199/199 200/200
f 1017/1017 1030/1030 1018/1018
f 695/695 694/694 691/691
f 691/691 690/690 695/695
f 423/423 420/420 422/422
f 420/420 423/423 419/419
f 421/421 424/424 422/422
f 421/421 422/422 420/420
f 1017/1017 1018/1018 999/999
f 1017/1017 999/999 1041/1041
f 689/689 690/690 691/691
f 427/427 424/424 421/421
f 2006/2006 2007/2007 2002/2002
f 2007/2007 2006/2006 2009/2009
f 1000/1000 1032/1032 1031/1031
f 1000/1000 1031/1031 990/990
f 985/985 986/986 983/983
f 983/983 986/986 984/984
f 1015/1015 1013/1013 986/986
f 985/985 1015/1015 986/986
f 1013/1013 1014/1014 986/986
f 1014/1014 1013/1013 995/995
f 991/991 990/990 988/988
f 990/990 989/989 988/988
f 995/995 1001/1001 996/996
f 996/996 1001/1001 1002/1002
f 1131/1131 1140/1140 1135/1135
f 1134/1134 1131/1131 1135/1135
f 982/982 983/983 984/984
f 1134/1134 1135/1135 1138/1138
f 1558/1558 1551/1551 1550/1550
f 1550/1550 1551/1551 1552/1552
f 1552/1552 1554/1554 1553/1553
f 1550/1550 1552/1552 1553/1553
f 1018/1018 997/997 999/999
f 997/997 998/998 999/999
f 997/997 996/996 998/998
f 996/996 1000/1000 998/998
f 1030/1030 1014/1014 1018/1018
f 1014/1014 997/997 1018/1018
f 1014/1014 995/995 997/997
f 995/995 996/996 997/997
f 2578/2578 2579/2579 2576/2576
f 2576/2576 2577/2577 2578/2578
f 998/998 1029/1029 999/999
f 991/991 1000/1000 990/990
f 998/998 1000/1000 991/991
f 998/998 991/991 1029/1029
f 1519/1519 1520/1520 1521/1521
f 1521/1521 1520/1520 1522/1522
f 1511/1511 1512/1512 1513/1513
f 1512/1512 1514/1514 1513/1513
f 1518/1518 1516/1516 1515/1515
f 1515/1515 1516/1516 1517/1517
f 1648/1648 1650/1650 1649/1649
f 35/35 36/36 37/37
f 24/24 27/27 26/26
f 2580/2580 2581/2581 2582/2582
f 26/26 25/25 24/24
f 1025/1025 1023/1023 1016/1016
f 1023/1023 1024/1024 1016/1016
f 2550/2550 2547/2547 2551/2551
f 2551/2551 2547/2547 2552/2552
f 2580/2580 2585/2585 2581/2581
f 1029/1029 991/991 992/992
f 992/992 991/991 988/988
f 2586/2586 2587/2587 2588/2588
f 1961/1961 1963/1963 1964/1964
f 1682/1682 1683/1683 1684/1684
f 1683/1683 1685/1685 1684/1684
f 1980/1980 1981/1981 1982/1982
f 1982/1982 1983/1983 1980/1980
f 1016/1016 1015/1015 985/985
f 2582/2582 2581/2581 2583/2583
f 2583/2583 2581/2581 2584/2584
f 1142/1142 1144/1144 1145/1145
f 1156/1156 1157/1157 1158/1158
f 2568/2568 2569/2569 2565/2565
f 2568/2568 2565/2565 2564/2564
f 1100/1100 1103/1103 1101/1101
f 1101/1101 1103/1103 1104/1104
f 651/651 652/652 648/648
f 651/651 648/648 647/647
f 1553/1553 1554/1554 1555/1555
f 1554/1554 1556/1556 1555/1555
f 1659/1659 1660/1660 1661/1661
f 1662/1662 1659/1659 1661/1661
f 1131/1131 1142/1142 1140/1140
f 654/654 659/659 656/656
f 1559/1559 1550/1550 1553/1553
f 1559/1559 1553/1553 1560/1560
f 566/566 565/565 564/564
f 126/126 127/127 128/128
f 945/945 949/949 946/946
f 826/826 823/823 827/827
f 824/824 823/823 826/826
f 829/829 822/822 825/825
f 825/825 822/822 824/824
f 822/822 823/823 824/824
f 1107/1107 1108/1108 1109/1109
f 1108/1108 1110/1110 1109/1109
f 1118/1118 1107/1107 1119/1119
f 1118/1118 1108/1108 1107/1107
f 1115/1115 1118/1118 1114/1114
f 1114/1114 1118/1118 1119/1119
f 1093/1093 1094/1094 1095/1095
f 1096/1096 1094/1094 1093/1093
f 738/738 739/739 740/740
f 738/738 740/740 741/741
f 507/507 508/508 505/505
f 508/508 503/503 505/505
f 1/1 2/2 3/3
f 953/953 954/954 955/955
f 1064/1064 1060/1060 1065/1065
f 1063/1063 1060/1060 1064/1064
f 441/441 442/442 443/443
f 442/442 444/444 443/443
f 4/4 5/5 6/6
f 7/7 5/5 4/4
f 1060/1060 1061/1061 1062/1062
f 1063/1063 1061/1061 1060/1060
f 724/724 723/723 725/725
f 722/722 723/723 724/724
f 660/660 662/662 663/663
f 660/660 661/661 662/662
f 504/504 506/506 505/505
f 503/503 504/504 505/505
f 660/660 664/664 661/661
f 665/665 664/664 660/660
f 839/839 838/838 840/840
f 837/837 838/838 839/839
f 1116/1116 1113/1113 1112/1112
f 1111/1111 1112/1112 1113/1113
f 1113/1113 1115/1115 1114/1114
f 1111/1111 1113/1113 1114/1114
f 1223/1223 1228/1228 1224/1224
f 1222/1222 1223/1223 1224/1224
f 1229/1229 1230/1230 1228/1228
f 1229/1229 1228/1228 1223/1223
f 245/245 248/248 247/247
f 1222/1222 1224/1224 1225/1225
f 1222/1222 1225/1225 1231/1231
f 243/243 245/245 244/244
f 238/238 241/241 239/239
f 238/238 242/242 241/241
f 1403/1403 1404/1404 1405/1405
f 1403/1403 1405/1405 1406/1406
f 1473/1473 1474/1474 1475/1475
f 1405/1405 1404/1404 1408/1408
f 1487/1487 1486/1486 1488/1488
f 1485/1485 1486/1486 1487/1487
f 1472/1472 1469/1469 1471/1471
f 1438/1438 1439/1439 1440/1440
f 1390/1390 1391/1391 1392/1392
f 1469/1469 1470/1470 1471/1471
f 1456/1456 1454/1454 1453/1453
f 1453/1453 1454/1454 1455/1455
f 1441/1441 1442/1442 1443/1443
f 1482/1482 1483/1483 1484/1484
f 2070/2070 2071/2071 2072/2072
f 2070/2070 2072/2072 2073/2073
f 2071/2071 2075/2075 2074/2074
f 2072/2072 2071/2071 2074/2074
f 1595/1595 1596/1596 1597/1597
f 1992/1992 1993/1993 1994/1994
f 1994/1994 1993/1993 1995/1995
f 1458/1458 1456/1456 1457/1457
f 1456/1456 1453/1453 1457/1457
f 1595/1595 1597/1597 1598/1598
f 1632/1632 1634/1634 1635/1635
f 305/305 307/307 313/313
f 305/305 313/313 314/314
f 307/307 306/306 308/308
f 305/305 306/306 307/307
f 309/309 308/308 310/310
f 307/307 308/308 309/309
f 312/312 311/311 305/305
f 311/311 306/306 305/305
f 33/33 32/32 31/31
f 34/34 33/33 31/31
f 14/14 12/12 11/11
f 11/11 12/12 13/13
f 23/23 24/24 25/25
f 26/26 24/24 23/23
f 448/448 445/445 447/447
f 445/445 446/446 447/447
f 26/26 27/27 28/28
f 26/26 28/28 24/24
f 1099/1099 1100/1100 1101/1101
f 1099/1099 1102/1102 1100/1100
f 1105/1105 1100/1100 1102/1102
f 1105/1105 1106/1106 1100/1100
f 29/29 27/27 26/26
f 29/29 30/30 27/27
f 15/15 16/16 17/17
f 15/15 17/17 18/18
f 19/19 20/20 21/21
f 22/22 19/19 21/21
f 161/161 163/163 164/164
f 161/161 162/162 163/163
f 391/391 392/392 393/393
f 391/391 393/393 394/394
f 31/31 30/30 29/29
f 32/32 30/30 31/31
f 375/375 374/374 378/378
f 84/84 82/82 81/81
f 81/81 82/82 83/83
f 94/94 96/96 95/95
f 93/93 94/94 95/95
f 101/101 104/104 102/102
f 101/101 102/102 103/103
f 1081/1081 1082/1082 1083/1083
f 1082/1082 1084/1084 1083/1083
f 77/77 78/78 79/79
f 79/79 78/78 80/80
f 373/373 374/374 375/375
f 375/375 376/376 373/373
f 376/376 377/377 373/373
f 1082/1082 1085/1085 1084/1084
f 1084/1084 1085/1085 1086/1086
f 771/771 767/767 766/766
f 766/766 767/767 768/768
f 767/767 769/769 768/768
f 699/699 700/700 701/701
f 701/701 702/702 699/699
f 1990/1990 1991/1991 1989/1989
f 1990/1990 1989/1989 1984/1984
f 44/44 42/42 41/41
f 41/41 42/42 43/43
f 85/85 86/86 87/87
f 88/88 85/85 87/87
f 1986/1986 1985/1985 1987/1987
f 1984/1984 1985/1985 1986/1986
f 1984/1984 1989/1989 1988/1988
f 1984/1984 1988/1988 1985/1985
f 781/781 777/777 779/779
f 781/781 779/779 782/782
f 783/783 782/782 784/784
f 783/783 781/781 782/782
f 942/942 941/941 943/943
f 510/510 511/511 503/503
f 940/940 941/941 942/942
f 511/511 504/504 503/503
f 776/776 773/773 775/775
f 773/773 774/774 775/775
f 647/647 648/648 649/649
f 841/841 844/844 842/842
f 841/841 842/842 843/843
f 509/509 503/503 508/508
f 509/509 510/510 503/503
f 89/89 90/90 91/91
f 97/97 100/100 98/98
f 97/97 98/98 99/99
f 92/92 89/89 91/91
f 38/38 39/39 40/40
f 512/512 511/511 510/510
f 616/616 617/617 618/618
f 616/616 618/618 619/619
f 499/499 501/501 502/502
f 499/499 500/500 501/501
f 730/730 731/731 732/732
f 730/730 732/732 733/733
f 769/769 767/767 770/770
f 644/644 658/658 656/656
f 656/656 658/658 657/657
f 654/654 656/656 655/655
f 655/655 656/656 657/657
f 649/649 650/650 653/653
f 649/649 648/648 650/650
f 654/654 655/655 653/653
f 650/650 654/654 653/653
f 771/771 766/766 772/772
f 950/950 951/951 952/952
f 703/703 704/704 701/701
f 703/703 701/701 700/700
f 875/875 873/873 870/870
f 871/871 870/870 873/873
f 1120/1120 1122/1122 1121/1121
f 1121/1121 1117/1117 1120/1120
f 1120/1120 1117/1117 1112/1112
f 1117/1117 1116/1116 1112/1112
f 1042/1042 1043/1043 1044/1044
f 774/774 783/783 784/784
f 774/774 784/784 775/775
f 802/802 799/799 801/801
f 786/786 788/788 787/787
f 786/786 787/787 785/785
f 644/644 641/641 643/643
f 644/644 643/643 658/658
f 799/799 800/800 801/801
f 645/645 642/642 646/646
f 789/789 787/787 788/788
f 777/777 778/778 779/779
f 777/777 780/780 778/778
f 786/786 785/785 780/780
f 780/780 785/785 778/778
f 642/642 645/645 643/643
f 641/641 642/642 643/643
f 870/870 871/871 872/872
f 872/872 871/871 874/874
f 2597/2597 2593/2593 2592/2592
f 2589/2589 2590/2590 2591/2591
f 969/969 970/970 971/971
f 2592/2592 2593/2593 2594/2594
f 2592/2592 2594/2594 2595/2595
f 969/969 967/967 966/966
f 968/968 967/967 969/969
f 1226/1226 1222/1222 1231/1231
f 620/620 622/622 625/625
f 620/620 621/621 622/622
f 622/622 627/627 626/626
f 625/625 622/622 626/626
f 1210/1210 1215/1215 1214/1214
f 1213/1213 1210/1210 1214/1214
f 2402/2402 2399/2399 2401/2401
f 858/858 854/854 857/857
f 892/892 902/902 898/898
f 892/892 898/898 893/893
f 762/762 760/760 759/759
f 759/759 760/760 761/761
f 898/898 897/897 900/900
f 893/893 898/898 900/900
f 762/762 765/765 760/760
f 902/902 901/901 898/898
f 901/901 896/896 898/898
f 896/896 897/897 898/898
f 899/899 897/897 896/896
f 746/746 747/747 748/748
f 749/749 746/746 748/748
f 905/905 901/901 902/902
f 763/763 759/759 761/761
f 763/763 761/761 764/764
f 895/895 892/892 894/894
f 892/892 893/893 894/894
f 586/586 585/585 587/587
f 584/584 585/585 586/586
f 673/673 674/674 675/675
f 673/673 676/676 674/674
f 108/108 109/109 110/110
f 633/633 634/634 635/635
f 636/636 634/634 633/633
f 830/830 831/831 828/828
f 291/291 292/292 295/295
f 755/755 756/756 757/757
f 755/755 757/757 758/758
f 397/397 398/398 399/399
f 399/399 398/398 400/400
f 1263/1263 1264/1264 1265/1265
f 1209/1209 1211/1211 1220/1220
f 1260/1260 1261/1261 1262/1262
f 1209/1209 1220/1220 1221/1221
f 1264/1264 1266/1266 1267/1267
f 1263/1263 1266/1266 1264/1264
f 1270/1270 1273/1273 1271/1271
f 1270/1270 1271/1271 1272/1272
f 749/749 747/747 746/746
f 111/111 112/112 113/113
f 1052/1052 1053/1053 1054/1054
f 1199/1199 1204/1204 1208/1208
f 1199/1199 1203/1203 1204/1204
f 1244/1244 1249/1249 1248/1248
f 1203/1203 1205/1205 1204/1204
f 1053/1053 1055/1055 1054/1054
f 896/896 903/903 899/899
f 904/904 903/903 896/896
f 1196/1196 1197/1197 1198/1198
f 812/812 816/816 815/815
f 815/815 813/813 812/812
f 812/812 813/813 814/814
f 817/817 816/816 812/812
f 2189/2189 2190/2190 2191/2191
f 1294/1294 1295/1295 1296/1296
f 1190/1190 1191/1191 1192/1192
f 1296/1296 1297/1297 1298/1298
f 1295/1295 1297/1297 1296/1296
f 1066/1066 1067/1067 1068/1068
f 1069/1069 1067/1067 1066/1066
f 125/125 123/123 122/122
f 122/122 123/123 124/124
f 865/865 864/864 863/863
f 845/845 849/849 846/846
f 846/846 849/849 850/850
f 862/862 863/863 864/864
f 288/288 289/289 290/290
f 288/288 287/287 289/289
f 118/118 121/121 119/119
f 118/118 119/119 120/120
f 364/364 361/361 360/360
f 386/386 385/385 387/387
f 382/382 384/384 385/385
f 382/382 385/385 386/386
f 382/382 383/383 384/384
f 388/388 383/383 382/382
f 302/302 290/290 289/289
f 302/302 289/289 303/303
f 288/288 286/286 287/287
f 286/286 281/281 287/287
f 286/286 285/285 281/281
f 281/281 285/285 282/282
f 114/114 115/115 116/116
f 114/114 117/117 115/115
f 845/845 846/846 847/847
f 848/848 845/845 847/847
f 1299/1299 1298/1298 1300/1300
f 1299/1299 1296/1296 1298/1298
f 1267/1267 1269/1269 1268/1268
f 1264/1264 1267/1267 1268/1268
f 893/893 900/900 894/894
f 821/821 819/819 818/818
f 818/818 819/819 820/820
f 796/796 797/797 798/798
f 48/48 49/49 50/50
f 705/705 706/706 707/707
f 708/708 705/705 707/707
f 437/437 440/440 438/438
f 437/437 438/438 439/439
f 718/718 719/719 720/720
f 720/720 719/719 721/721
f 389/389 383/383 388/388
f 390/390 389/389 388/388
f 905/905 906/906 901/901
f 906/906 907/907 901/901
f 907/907 904/904 901/901
f 747/747 750/750 748/748
f 750/750 751/751 748/748
f 880/880 881/881 882/882
f 880/880 882/882 883/883
f 624/624 621/621 623/623
f 623/623 621/621 620/620
f 1078/1078 1079/1079 1076/1076
f 1075/1075 1078/1078 1076/1076
f 2600/2600 2603/2603 2601/2601
f 490/490 492/492 493/493
f 670/670 668/668 671/671
f 670/670 671/671 672/672
f 2605/2605 2604/2604 2599/2599
f 2605/2605 2599/2599 2606/2606
f 2599/2599 2600/2600 2601/2601
f 379/379 380/380 381/381
f 709/709 710/710 711/711
f 2604/2604 2602/2602 2599/2599
f 2602/2602 2600/2600 2599/2599
f 490/490 493/493 491/491
f 487/487 490/490 491/491
f 1240/1240 1243/1243 1241/1241
f 1240/1240 1241/1241 1242/1242
f 1227/1227 1223/1223 1226/1226
f 1223/1223 1222/1222 1226/1226
f 474/474 479/479 480/480
f 476/476 479/479 474/474
f 854/854 861/861 855/855
f 855/855 861/861 859/859
f 2607/2607 2608/2608 2609/2609
f 495/495 485/485 496/496
f 473/473 475/475 485/485
f 473/473 474/474 475/475
f 484/484 485/485 494/494
f 477/477 476/476 473/473
f 476/476 474/474 473/473
f 485/485 495/495 494/494
f 638/638 637/637 640/640
f 612/612 615/615 613/613
f 612/612 613/613 614/614
f 452/452 449/449 451/451
f 449/449 450/450 451/451
f 611/611 604/604 610/610
f 610/610 604/604 608/608
f 464/464 462/462 461/461
f 461/461 462/462 463/463
f 936/936 937/937 938/938
f 939/939 936/936 938/938
f 932/932 929/929 931/931
f 930/930 932/932 931/931
f 978/978 976/976 977/977
f 71/71 70/70 73/73
f 70/70 71/71 72/72
f 977/977 976/976 975/975
f 67/67 69/69 68/68
f 975/975 970/970 973/973
f 976/976 970/970 975/975
f 66/66 67/67 68/68
f 959/959 960/960 961/961
f 666/666 667/667 668/668
f 487/487 482/482 490/490
f 486/486 482/482 487/487
f 486/486 483/483 482/482
f 482/482 478/478 481/481
f 478/478 482/482 483/483
f 670/670 669/669 668/668
f 970/970 966/966 973/973
f 966/966 974/974 973/973
f 497/497 476/476 477/477
f 497/497 477/477 498/498
f 486/486 487/487 488/488
f 488/488 487/487 489/489
f 669/669 666/666 668/668
f 1274/1274 1275/1275 1276/1276
f 573/573 574/574 575/575
f 574/574 576/576 575/575
f 342/342 343/343 344/344
f 346/346 343/343 345/345
f 345/345 343/343 342/342
f 876/876 877/877 878/878
f 877/877 879/879 878/878
f 347/347 342/342 344/344
f 1232/1232 1234/1234 1235/1235
f 1232/1232 1233/1233 1234/1234
f 2594/2594 2593/2593 2596/2596
f 2594/2594 2596/2596 2598/2598
f 857/857 854/854 856/856
f 1092/1092 1090/1090 1089/1089
f 1089/1089 1090/1090 1091/1091
f 1215/1215 1210/1210 1216/1216
f 1217/1217 1215/1215 1216/1216
f 637/637 638/638 639/639
f 592/592 599/599 598/598
f 593/593 592/592 598/598
f 966/966 967/967 968/968
f 8/8 9/9 10/10
f 592/592 593/593 594/594
f 594/594 593/593 596/596
f 478/478 477/477 473/473
f 481/481 478/478 473/473
f 811/811 808/808 810/810
f 63/63 64/64 65/65
f 490/490 484/484 492/492
f 484/484 494/494 492/492
f 956/956 957/957 958/958
f 57/57 58/58 59/59
f 453/453 454/454 449/449
f 450/450 449/449 454/454
f 482/482 481/481 484/484
f 490/490 482/482 484/484
f 481/481 485/485 484/484
f 859/859 860/860 855/855
f 854/854 855/855 856/856
f 591/591 589/589 588/588
f 588/588 589/589 590/590
f 594/594 595/595 592/592
f 595/595 597/597 592/592
