mtllib S-04_tex.mtl
v -4.728478 2.184572 1.702383
v -4.728658 2.129199 0.431992
v -4.728575 2.290453 1.678647
v -4.729060 2.273037 0.405282
v -2.226860 2.480054 2.955919
v -3.530156 2.547032 2.841963
v -2.218642 2.629198 2.954500
v -0.475934 2.819270 2.911791
v -1.593217 2.740929 2.634424
v -1.797048 2.700192 3.256750
v -1.383990 2.387932 3.015522
v -1.242537 2.525705 3.088227
v -1.200287 2.544222 3.092853
v 5.057910 2.268288 2.454353
v 4.390110 2.255764 2.751218
v 5.040354 2.175389 2.524939
v 4.876655 3.073825 -0.814662
v 4.876392 2.854055 0.854964
v 4.878177 2.650621 0.481156
v 4.877734 2.640734 -0.790906
v 4.144707 3.881021 -1.250987
v 3.296456 3.886253 -0.427440
v 4.830491 3.792737 0.391267
v 4.877209 2.828605 -2.018277
v 4.879754 2.640734 -2.128831
v 4.877057 2.856827 -2.185226
v 4.880391 2.630187 -1.069926
v 4.832110 1.705338 -1.826815
v 4.832843 2.240563 -3.117073
v 4.831667 2.152438 -1.040242
v 4.832331 1.707976 -2.229763
v 4.831667 2.152438 -1.040242
v 4.832843 2.240563 -3.117073
v 4.832331 1.707976 -2.229763
v 4.832110 1.705338 -1.826815
v 3.971864 1.678312 2.794685
v 3.877668 1.111407 2.899854
v 3.969208 1.400133 2.818440
v 3.222264 1.708338 2.958796
v 2.289224 1.960199 2.920130
v 1.427401 1.759394 2.987022
v 1.101318 1.661008 2.920169
v 2.215419 1.681709 2.922716
v 2.289224 1.960199 2.920130
v 0.916232 1.819875 2.918167
v -0.001563 1.440344 2.916242
v -0.359603 1.783122 2.916398
v 2.581013 1.115370 2.989822
v 3.488999 0.839570 2.989549
v 3.227078 0.911012 2.990327
v 3.056573 0.274518 2.929363
v 3.353812 0.117343 2.930218
v 4.101172 0.000000 2.990754
v 2.272318 0.568230 2.996042
v 1.428467 0.785764 2.844839
v 2.859534 0.845420 2.991571
v 2.272318 0.568230 2.996042
v 2.859534 0.845420 2.991571
v 3.210450 0.567241 2.928916
v 4.865574 0.195784 2.983872
v 4.785655 0.200162 0.667407
v 4.829550 0.522748 1.720208
v 4.831556 0.349379 1.214113
v 4.829605 0.528019 -0.540095
v 4.830947 0.753730 0.437746
v 4.830975 0.805542 0.420114
v 4.830975 0.805542 0.420114
v 4.830228 0.878547 0.823431
v 4.830947 0.753730 0.437746
v 4.830256 1.045487 0.420114
v 4.830975 0.805542 0.420114
v 4.829605 0.528019 -0.540095
v 4.831556 0.349379 1.214113
v 4.830975 0.805542 0.420114
v 4.818801 0.715889 -0.838399
v 4.830256 1.045487 0.420114
v 4.818898 0.902443 -0.838399
v 0.740387 0.133658 2.924834
v 2.242755 0.266937 2.930122
v 1.742141 0.554389 2.928858
v 0.624734 0.288730 2.924212
v 1.342917 1.137773 2.839416
v 1.338683 0.883326 2.839668
v 2.060034 1.409402 2.924465
v 2.069539 1.127226 2.926040
v 1.283762 3.067889 2.524687
v 0.392376 3.105531 2.564324
v -0.057536 3.110898 2.576183
v -1.200287 2.544222 3.092853
v -0.408327 2.834489 3.310968
v 0.404260 3.049683 3.122208
v -0.001771 2.806595 3.269756
v -1.200287 2.544222 3.092853
v 0.404260 3.049683 3.122208
v -2.422917 1.357945 2.835567
v -2.433873 1.112724 2.835256
v -2.233265 1.551729 2.955433
v -4.729364 3.655050 1.666770
v -4.939559 3.637436 -0.514861
v -4.091363 3.937309 0.599720
v -4.125021 3.932789 0.320565
v -3.139370 3.911820 -2.099146
v -4.125021 3.932789 0.320565
v -4.018402 3.860267 -0.827258
v -4.093867 3.453520 -4.305718
v -4.668770 3.703887 -4.157023
v -4.728879 3.654878 -2.292824
v -0.457286 2.240688 -4.333634
v -2.019860 1.746538 -4.334393
v -1.303794 1.778507 -4.333304
v -2.178814 2.205006 -4.332565
v 4.832400 1.452169 -2.187268
v 4.832262 1.675674 -3.400719
v 4.832524 1.707976 -3.391077
v 4.832331 1.707976 -2.229763
v 2.725938 1.466153 -4.333751
v 2.116007 1.439684 -4.333907
v 2.360843 1.409009 -4.333810
v 2.269676 1.373763 -4.333868
v 4.832414 1.030014 -3.533551
v 3.372295 0.573834 -4.260444
v 3.382338 0.852691 -4.259764
v 4.157615 0.805291 -4.259492
v 3.372295 0.573834 -4.260444
v 4.832414 1.030014 -3.533551
v 2.479332 0.275550 -4.160116
v 1.364041 0.275550 -4.161632
v 2.307181 0.031646 -4.355680
v -1.267881 0.796312 -4.328250
v -1.293225 1.084377 -4.330330
v 0.075534 1.124588 -4.329553
v 0.100878 0.838828 -4.328814
v 0.491124 2.021422 -4.332973
v 0.581433 2.009887 -4.332954
v 1.195058 2.481540 -4.332371
v -0.334771 2.263677 -4.333537
v 1.324960 3.886020 -0.839894
v 2.280771 3.887984 -0.882934
v 2.280771 3.888252 -0.808712
v 1.408532 3.878318 0.415489
v -1.267881 1.690176 -4.329610
v -1.293225 1.164143 -4.330058
v 0.075534 1.450231 -4.328736
v 0.075534 1.272247 -4.329300
v -2.007188 1.694130 -4.334393
v -2.007188 1.694130 -4.334393
v -2.478225 1.395354 -4.330602
v -1.348146 1.359590 -4.332604
v -2.474006 1.663646 -4.331341
v -2.478225 1.395354 -4.330602
v -1.346043 1.089817 -4.331788
v -1.348146 1.359590 -4.332604
v -2.476122 1.124588 -4.329241
v -3.126283 0.897085 -4.326073
v -3.126463 1.134479 -4.326326
v -3.126283 0.897085 -4.326073
v -3.126795 0.808167 -4.326170
v -2.476122 1.124588 -4.329241
v -2.476122 0.816745 -4.329280
v 4.110025 3.877226 -2.358122
v 4.039790 3.886145 -0.846192
v 4.181838 3.874631 -2.180035
v 2.914456 3.888662 -0.929667
v 2.386782 3.865509 -2.114503
v 2.343620 3.829710 -4.035174
v 3.464983 3.816780 -4.216295
v 4.144707 3.881021 -1.250987
v 1.424206 3.862698 -3.841029
v 2.272318 3.861524 -2.240881
v 4.840867 3.657019 -1.924771
v 4.840867 3.656915 -2.203790
v 4.205065 3.815199 -4.226520
v -0.436867 3.835905 2.668075
v -2.176172 3.789503 3.116784
v -1.233157 3.722551 3.225764
v 0.388157 3.785535 3.004636
v -1.598930 3.950947 1.721027
v -3.124817 3.957717 1.868380
v -2.226860 3.784983 3.092154
v 0.353835 3.793380 2.977751
v -0.055876 3.467918 3.226988
v -0.466071 3.509278 3.281226
v 1.321792 3.700718 3.304612
v 1.820290 1.108933 2.991863
v 2.581013 1.115370 2.989822
v 2.179381 1.406725 2.990347
v 2.859534 0.845420 2.991571
v 2.272318 0.568230 2.996042
v 2.377679 0.503342 2.995634
v 4.061039 0.319055 2.988344
v 3.488999 0.839570 2.989549
v 2.317473 0.136292 2.994623
v 4.101172 0.000000 2.990754
v 1.746360 0.251818 2.995517
v 2.272318 0.551091 2.996295
v 3.203505 1.406725 3.037877
v 4.805147 0.274228 3.051737
v 4.765803 0.554225 3.078544
v 1.427401 1.622282 2.987683
v 3.220590 1.641663 3.037974
v 4.701751 0.684248 3.097926
v 3.210657 1.697981 3.025980
v 1.427401 1.759394 2.987022
v 2.289224 1.960199 2.920130
v 4.865574 0.195784 2.983872
v 2.060034 1.409402 2.924465
v -2.338528 3.955100 0.359930
v -3.139370 3.911820 -2.099146
v -2.381594 3.937071 -0.901810
v -2.423899 3.915606 -2.150739
v -3.147698 3.903911 -2.541887
v -4.018402 3.860267 -0.827258
v -4.117593 3.847173 -2.125486
v -4.049792 3.852583 -1.140900
v -1.975591 3.923912 -0.928384
v -1.795582 3.927159 -0.478042
v -1.239770 3.912403 -0.847164
v -1.288480 3.927548 0.049282
v -3.931220 3.836980 2.391389
v -2.234053 3.959120 0.745188
v -3.124817 3.957717 1.868380
v -2.222903 3.999512 1.758546
v -3.891364 3.958645 0.499916
v -4.117593 3.847173 -2.125486
v -4.668770 3.703887 -4.157023
v -3.165600 3.876090 -3.397529
v -3.147698 3.903911 -2.541887
v -4.728879 3.654878 -2.292824
v 4.039790 3.886145 -0.846192
v 2.386782 3.865509 -2.114503
v 4.110025 3.877226 -2.358122
v 2.914456 3.888662 -0.929667
v 1.324960 3.886020 -0.839894
v 2.272318 3.861524 -2.240881
v 2.280771 3.887984 -0.882934
v 1.390049 3.864939 -2.205073
v 0.525460 1.360911 -4.334062
v 1.503447 1.069219 -4.333149
v 2.269676 1.373763 -4.333868
v 1.173933 1.070536 -4.332546
v 1.130633 0.843115 -4.332177
v 0.075534 1.124588 -4.329553
v 0.075534 1.272247 -4.329300
v 0.100878 0.838828 -4.328814
v -1.293225 1.084377 -4.330330
v -1.267881 0.796312 -4.328250
v 0.578929 1.694381 -4.334354
v 2.116007 1.439684 -4.333907
v 2.133175 1.946686 -4.333615
v 1.008644 1.966710 -4.334198
v 0.581433 2.009887 -4.332954
v 2.293969 1.978574 -4.333343
v 2.881724 1.806824 -4.289545
v 2.725938 1.466153 -4.333751
v 3.396062 1.425182 -4.261046
v 3.256656 1.806854 -4.289642
v 2.681310 2.046428 -4.257255
v 3.258496 2.123927 -4.259452
v 0.058643 0.480560 -4.256440
v 1.114779 0.512857 -4.261203
v -1.149599 0.502642 -4.258889
v -1.318583 0.524311 -4.259920
v -1.349211 0.843197 -4.330719
v -2.476122 0.816745 -4.329280
v -2.577512 0.553729 -4.332896
v 1.427401 0.781810 -4.255001
v 1.410510 0.485421 -4.258403
v -0.336487 0.091319 -4.400819
v -1.276333 0.088996 -4.401791
v 1.364041 0.275550 -4.161632
v 2.360843 1.409009 -4.333810
v 3.693896 1.161505 -4.260094
v 3.382338 0.852691 -4.259764
v 2.446587 1.115526 -4.334374
v 2.517348 0.737644 -4.260444
v 3.372295 0.573834 -4.260444
v 4.157615 0.805291 -4.259492
v 2.307181 0.031646 -4.355680
v 4.832524 1.707976 -3.391077
v 4.832262 1.675674 -3.400719
v 2.479332 0.275550 -4.160116
v 2.351436 0.430604 -4.261222
v 4.832967 1.373763 -3.397006
v 4.832414 1.030014 -3.533551
v 4.228307 2.161500 -4.259296
v -2.991511 3.880477 -3.391075
v -1.327436 3.868151 -3.415550
v -2.423899 3.915606 -2.150739
v -1.998749 3.908306 -2.130735
v -2.381594 3.937071 -0.901810
v -3.139370 3.911820 -2.099146
v -4.018402 3.860267 -0.827258
v -2.338528 3.955100 0.359930
v -0.384117 3.839571 -3.314036
v -0.834860 3.835011 -3.904578
v -1.205309 3.868125 -2.173036
v -0.400262 3.932159 -1.288078
v -1.239770 3.912403 -0.847164
v -1.975591 3.923912 -0.928384
v -1.998749 3.908306 -2.130735
v -1.288480 3.927548 0.049282
v -1.795582 3.927159 -0.478042
v -2.423899 3.915606 -2.150739
v -3.147698 3.903911 -2.541887
v 1.324960 3.886020 -0.839894
v 1.390049 3.864939 -2.205073
v -0.361706 3.838672 -3.496439
v 0.574627 3.836035 -3.849310
v 2.272318 3.861524 -2.240881
v 2.280771 3.887984 -0.882934
v -2.991511 3.880477 -3.391075
v -1.327436 3.868151 -3.415550
v 0.273569 3.872960 0.354817
v 1.424206 3.862698 -3.841029
v 1.408532 3.878318 0.415489
v 0.108279 3.865064 1.702015
v 2.280771 3.888252 -0.808712
v 1.365618 3.878301 0.482265
v 0.905483 3.790884 2.978820
v 0.353835 3.793380 2.977751
v -4.049792 3.852583 -1.140900
v -4.117593 3.847173 -2.125486
v -4.668770 3.703887 -4.157023
v -3.165600 3.876090 -3.397529
v -0.030075 3.430449 -4.517126
v 1.402057 3.441324 -4.517456
v 1.437971 3.433083 -4.517631
v 2.343620 3.829710 -4.035174
v 3.134667 3.603157 -4.306651
v 3.663530 3.414134 -4.306301
v 4.865574 0.195784 2.983872
v 3.353812 0.117343 2.930218
v 4.829550 0.522748 1.720208
v 1.283762 3.067889 2.524687
v 1.433738 3.029659 3.137526
v 1.296932 3.047581 3.125143
v 2.196286 2.966731 2.818441
v 0.404260 3.049683 3.122208
v 0.392376 3.105531 2.564324
v -0.408327 2.834489 3.310968
v -0.580063 3.105574 2.562944
v -1.884674 2.828341 3.287077
v -1.498177 3.056828 2.648207
v 2.776101 2.968406 2.770950
v 2.850570 3.109633 3.145924
v 3.224962 2.966990 2.806564
v 4.060375 2.887932 2.989278
v -0.409240 3.456486 -4.311083
v -1.990338 3.406721 -4.477371
v -1.327436 3.868151 -3.415550
v 4.875106 3.390074 0.450364
v 4.148041 3.143584 2.756623
v 4.971696 3.672375 2.000746
v 0.273569 3.872960 0.354817
v -1.239770 3.912403 -0.847164
v -0.400262 3.932159 -1.288078
v -1.288480 3.927548 0.049282
v 4.144707 3.881021 -1.250987
v 4.840867 3.657019 -1.924771
v 4.830491 3.792737 0.391267
v 4.840867 3.656915 -2.203790
v 4.181838 3.874631 -2.180035
v 4.205065 3.815199 -4.226520
v 4.039790 3.886145 -0.846192
v 3.296456 3.886253 -0.427440
v 4.958484 3.667756 0.426064
v 2.272318 3.861524 -2.240881
v 2.343620 3.829710 -4.035174
v 2.386782 3.865509 -2.114503
v 1.424206 3.862698 -3.841029
v 0.694707 3.114222 2.586369
v 0.203333 3.403587 2.941010
v 1.062901 3.405357 2.940038
v -0.057536 3.110898 2.576183
v -0.414511 3.121859 2.610941
v -0.924103 3.409929 2.939766
v 1.283762 3.067889 2.524687
v 1.487607 3.114205 2.586428
v 2.130796 3.655849 2.984652
v 0.570974 3.563857 3.235134
v -0.055876 3.467918 3.226988
v 2.713792 3.630843 2.945345
v -0.466071 3.509278 3.281226
v -1.322650 3.647879 3.228058
v -1.496005 3.429788 2.942370
v -2.399426 3.592938 3.011382
v -1.740605 3.111018 2.943887
v -3.118259 3.397486 2.882554
v 3.193282 3.148233 2.813407
v 2.516186 3.649421 3.287019
v 3.423523 3.655905 2.972794
v 2.296334 3.614183 3.261183
v 3.514620 3.532733 3.233948
v 4.961251 3.675195 3.045654
v 4.971696 3.672375 2.000746
v 0.108279 3.865064 1.702015
v 0.273569 3.872960 0.354817
v 1.365618 3.878301 0.482265
v 1.408532 3.878318 0.415489
v 0.353835 3.793380 2.977751
v 0.905483 3.790884 2.978820
v -4.117593 3.847173 -2.125486
v -4.093867 3.453520 -4.305718
v -4.728879 3.654878 -2.292824
v -4.728879 3.654908 -0.949710
v -4.049792 3.852583 -1.140900
v -4.939559 3.637436 -0.514861
v -4.125021 3.932789 0.320565
v -4.729364 3.655050 1.666770
v -4.091363 3.937309 0.599720
v -3.139370 3.911820 -2.099146
v -4.660926 3.815804 2.727269
v -3.931220 3.836980 2.391389
v -3.891364 3.958645 0.499916
v -4.729364 3.655050 1.666770
v -4.081458 3.149632 2.885703
v -4.252295 3.405067 2.882593
v -4.727856 3.161647 0.573923
v -4.660926 3.815804 2.727269
v -4.737581 3.718683 2.999660
v -4.156383 3.481397 3.139004
v -4.668770 3.703887 -4.157023
v -4.093867 3.453520 -4.305718
v -4.117593 3.847173 -2.125486
v 0.100878 0.838828 -4.328814
v 0.058643 0.480560 -4.256440
v -1.267881 0.796312 -4.328250
v 1.114779 0.512857 -4.261203
v 1.130633 0.843115 -4.332177
v 1.410510 0.485421 -4.258403
v -1.149599 0.502642 -4.258889
v -1.349211 0.843197 -4.330719
v -1.318583 0.524311 -4.259920
v -2.577512 0.553729 -4.332896
v -2.476122 0.816745 -4.329280
v 1.427401 0.781810 -4.255001
v -1.276333 0.088996 -4.401791
v -0.336487 0.091319 -4.400819
v 4.832123 0.794990 -2.180036
v 4.157615 0.805291 -4.259492
v 4.780951 0.310805 -3.276791
v 4.832234 1.003299 -2.132545
v 4.130610 0.400055 -4.260736
v 4.832524 1.707976 -3.391077
v 3.256656 1.806854 -4.289642
v 4.228307 2.161500 -4.259296
v 3.258496 2.123927 -4.259452
v 4.875106 3.390074 0.450364
v 4.400168 2.904411 2.762960
v 4.148041 3.143584 2.756623
v 0.583550 3.128538 -4.314369
v -0.030075 3.430449 -4.517126
v 1.402057 3.441324 -4.517456
v -0.340581 3.163473 -4.313086
v 1.437971 3.433083 -4.517631
v 1.849867 3.392215 -4.309548
v -2.260656 2.988210 -4.314233
v -3.880006 2.858454 -4.312444
v -2.245882 3.128538 -4.313202
v -1.346306 3.133645 -4.313241
v -3.802632 3.115353 -4.309762
v -4.182322 3.112879 -4.310481
v -4.013865 3.408034 -4.305174
v -4.093867 3.453520 -4.305718
v -4.089910 2.878042 -4.312891
v -3.728702 2.551937 -4.279475
v -4.129780 2.553845 -4.270105
v -1.504457 3.100852 -4.314796
v -1.941712 2.797456 -4.315944
v -0.925985 3.015970 -4.314641
v -1.162271 2.544701 -4.299750
v -0.402904 3.100890 -4.314097
v -0.148371 2.544330 -4.299031
v 1.345020 2.544364 -4.299109
v 1.385152 2.843767 -4.315127
v 1.828742 2.860574 -4.315263
v -0.691760 3.128538 -4.313416
v -0.409240 3.456486 -4.311083
v -1.990338 3.406721 -4.477371
v -3.121538 2.549895 -4.514696
v -2.733962 3.441169 -4.489035
v -3.123558 2.532367 -4.502644
v 1.489724 2.561405 -4.245086
v 4.832123 0.794990 -2.180036
v 4.157615 0.805291 -4.259492
v 4.832414 1.030014 -3.533551
v 4.519805 1.088331 2.750090
v 4.528258 0.845748 2.746960
v 4.830228 0.878547 0.823431
v 4.528258 1.369809 2.746960
v 4.830186 1.141192 0.532165
v 4.830947 0.753730 0.437746
v 4.831556 0.349379 1.214113
v -4.727773 2.830698 0.896993
v -4.702097 2.544256 1.832999
v -4.089122 3.105548 2.886150
v -4.685302 2.552295 1.132486
v 4.832414 1.030014 -3.533551
v 4.157615 0.805291 -4.259492
v 4.832234 1.003299 -2.132545
v -4.720717 1.778507 -0.862154
v -4.728658 2.129199 0.431992
v -4.728049 1.706573 -0.562353
v -4.728229 2.205727 -1.980603
v -4.726044 2.242911 2.111999
v -4.022317 1.981211 2.887841
v -3.278790 2.542857 2.853297
v -4.727109 2.328276 2.097166
v 4.780951 0.310805 -3.276791
v 4.130610 0.400055 -4.260736
v 4.832123 0.794990 -2.180036
v 4.157615 0.805291 -4.259492
v -4.728409 1.728841 0.480961
v -4.728658 2.129199 0.431992
v -4.728478 2.184572 1.702383
v -4.728049 1.706573 -0.562353
v -4.726044 2.242911 2.111999
v -4.152219 1.795767 2.860295
v 4.830657 1.699816 0.564086
v 4.816837 1.705999 -0.814662
v 4.815924 2.039551 -0.814662
v 4.892994 2.221735 1.164406
v 4.828541 1.415295 1.660840
v 4.832110 1.705338 -1.826815
v 4.832303 1.426171 -1.926988
v 4.831667 2.152438 -1.040242
v 4.830076 1.418093 0.066718
v 4.891403 2.510215 0.420484
v 4.876780 2.528503 -0.862056
v 4.528258 0.845748 2.746960
v 4.829550 0.522748 1.720208
v 3.852324 0.820043 2.897444
v 3.483189 0.560485 2.929189
v 3.353812 0.117343 2.930218
v 3.663530 3.414134 -4.306301
v 2.343620 3.829710 -4.035174
v 3.464983 3.816780 -4.216295
v 4.173386 3.608428 -4.304085
v 4.205065 3.815199 -4.226520
v 4.877361 2.861895 -3.398483
v 4.063543 2.833220 -4.313805
v 3.314745 3.130183 -4.311842
v 4.876835 2.806850 -3.428167
v 4.081901 2.544420 -4.299206
v -0.021623 2.779327 2.913094
v 0.392376 3.105531 2.564324
v 1.283762 3.067889 2.524687
v -0.475934 2.819270 2.911791
v -0.580063 3.105574 2.562944
v 1.351355 2.590965 2.839359
v -2.245882 3.128538 -4.313202
v -3.802632 3.115353 -4.309762
v -2.260656 2.988210 -4.314233
v -1.504457 3.100852 -4.314796
v -3.880006 2.858454 -4.312444
v -1.346306 3.133645 -4.313241
v 4.831930 1.397115 -1.527112
v 4.818898 0.902443 -0.838399
v 4.830256 1.045487 0.420114
v 4.830975 0.805542 0.420114
v 4.818801 0.715889 -0.838399
v 4.830947 0.753730 0.437746
v 4.830228 0.878547 0.823431
v 4.832234 1.003299 -2.132545
v 4.832442 1.354072 -2.189309
v 4.832303 1.426171 -1.926988
v 4.832400 1.452169 -2.187268
v -4.668397 0.618328 -3.497919
v -3.126795 0.808167 -4.326170
v -4.667290 1.021755 -3.557287
v -3.126283 0.897085 -4.326073
v -4.668397 0.618328 -3.497919
v -4.667290 1.021755 -3.557287
v -3.126283 0.897085 -4.326073
v -3.126795 0.808167 -4.326170
v 0.392376 3.105531 2.564324
v -0.021623 2.779327 2.913094
v 1.351355 2.590965 2.839359
v 1.283762 3.067889 2.524687
v -0.580063 3.105574 2.562944
v -0.475934 2.819270 2.911791
v 4.399338 2.551414 2.763407
v 4.878177 2.650621 0.481156
v 4.876392 2.854055 0.854964
v 4.400168 2.904411 2.762960
v 4.400334 2.412653 2.762591
v 4.148041 3.143584 2.756623
v 4.875106 3.390074 0.450364
v -4.728174 1.586026 -3.391077
v -3.126463 1.134479 -4.326326
v -3.126269 1.503048 -4.326267
v -4.667594 1.391974 -3.526495
v 4.832262 1.675674 -3.400719
v 3.256656 1.806854 -4.289642
v 4.832524 1.707976 -3.391077
v 3.396062 1.425182 -4.261046
v 4.840867 3.657019 -1.924771
v 4.876337 3.328108 -1.510703
v 4.963409 3.390903 -0.405318
v 4.877209 2.828605 -2.018277
v 4.840867 3.656915 -2.203790
v 4.876835 3.115405 -2.665019
v 4.958484 3.667756 0.426064
v 4.954859 3.576567 0.582243
v 4.876655 3.073825 -0.814662
v 4.876392 2.854055 0.854964
v 4.877734 2.640734 -0.790906
v 4.878177 2.650621 0.481156
v 4.875106 3.390074 0.450364
v 4.400168 2.904411 2.762960
v 4.971696 3.672375 2.000746
v -4.685302 2.552295 1.132486
v -4.727773 2.830698 0.896993
v -4.089122 3.105548 2.886150
v -4.729060 2.273037 0.405282
v -4.651298 2.562786 -0.784977
v -4.728575 2.290453 1.678647
v -4.702097 2.544256 1.832999
v -4.727109 2.328276 2.097166
v -4.726044 2.242911 2.111999
v -4.728478 2.184572 1.702383
v -4.724826 3.017792 -0.826520
v -4.727856 3.161647 0.573923
v -4.724010 3.127217 -0.790906
v -4.727745 3.274837 -1.904553
v -4.727690 2.829002 -2.109838
v -4.642569 2.566650 -1.253943
v -4.939559 3.637436 -0.514861
v -4.729364 3.655050 1.666770
v -4.081458 3.149632 2.885703
v -4.728409 2.514169 -2.090982
v -4.252295 3.405067 2.882593
v -4.720648 1.680289 -0.874012
v -4.728423 1.419000 -2.615254
v -4.720717 1.778507 -0.862154
v -4.727980 1.712405 -2.127529
v -4.728146 1.435647 0.430515
v -4.728049 1.706573 -0.562353
v 4.876780 2.528503 -0.862056
v 4.815924 2.039551 -0.814662
v 4.891403 2.510215 0.420484
v 4.831667 2.152438 -1.040242
v 4.961251 3.675195 3.045654
v 4.916788 3.116139 2.990211
v 4.971696 3.672375 2.000746
v -1.018286 0.563615 2.895227
v 0.383938 0.570536 2.987586
v 0.274095 0.571524 2.922268
v -1.230210 0.685962 3.268510
v -3.278790 2.542857 2.853297
v -4.727109 2.328276 2.097166
v -4.702097 2.544256 1.832999
v -4.022317 1.981211 2.887841
v -4.726044 2.242911 2.111999
v 4.878177 2.650621 0.481156
v 4.890918 2.519441 1.451571
v 4.399338 2.551414 2.763407
v -4.737581 3.718683 2.999660
v -3.393392 3.396131 3.127146
v -3.168325 3.738179 3.171877
v -2.399426 3.592938 3.011382
v -2.400727 3.256048 3.007669
v -3.460252 3.298880 3.125551
v -2.226860 3.784983 3.092154
v -4.156383 3.481397 3.139004
v 4.701751 0.684248 3.097926
v 4.528258 0.845748 2.746960
v 4.519805 1.088331 2.750090
v 4.651326 0.861899 3.108268
v 4.528258 1.369809 2.746960
v 4.775141 1.131275 3.314330
v 4.386721 1.654580 2.745230
v 4.765803 0.554225 3.078544
v 4.829550 0.522748 1.720208
v 4.865574 0.195784 2.983872
v 4.805147 0.274228 3.051737
v -4.129780 2.553845 -4.270105
v -4.573813 2.543881 -4.198625
v -4.702595 2.543911 -2.999636
v -1.983947 1.411505 2.952128
v -2.217411 0.979320 2.955024
v -1.077773 0.866186 2.882028
v -2.128901 0.774578 2.953605
v -1.018286 0.563615 2.895227
v -1.168842 1.390903 2.854054
v 0.477401 2.542184 2.913405
v 1.402057 2.032975 2.868090
v 1.342917 2.287405 2.838464
v 0.000028 2.255107 2.914065
v 3.382338 0.852691 -4.259764
v 3.693896 1.161505 -4.260094
v 4.832414 1.030014 -3.533551
v 4.832967 1.373763 -3.397006
v 4.890918 2.519441 1.451571
v 4.878177 2.650621 0.481156
v 4.400334 2.412653 2.762591
v -1.346306 3.133645 -4.313241
v -0.691760 3.128538 -4.313416
v -0.409240 3.456486 -4.311083
v -1.990338 3.406721 -4.477371
v -0.466071 3.509278 3.281226
v -1.233157 3.722551 3.225764
v 0.388157 3.785535 3.004636
v -0.055876 3.467918 3.226988
v -3.278790 2.542857 2.853297
v -4.702097 2.544256 1.832999
v -3.530156 2.547032 2.841963
v -2.226860 2.480054 2.955919
v -4.727109 2.328276 2.097166
v 4.390110 2.255764 2.751218
v 4.892994 2.221735 1.164406
v 4.400334 2.412653 2.762591
v 4.890918 2.519441 1.451571
v 2.304012 2.149304 2.987451
v 3.195924 2.047460 2.988053
v 2.279720 2.407049 2.987684
v 3.196975 2.304877 2.987820
v 3.384579 2.272842 2.988053
v 3.345374 2.047460 2.987548
v 2.978494 2.553310 2.986984
v 4.060748 2.675013 2.988773
v 2.614519 2.544489 2.920150
v 3.972570 2.184244 2.741265
v 3.973179 2.309078 2.735336
v 3.973012 2.580090 2.735336
v 2.310349 2.047900 2.920597
v 3.051759 2.047546 2.920850
v 4.205065 3.815199 -4.226520
v 4.173386 3.608428 -4.304085
v 4.840867 3.656915 -2.203790
v 4.845874 3.116342 -4.105236
v 3.663530 3.414134 -4.306301
v 4.173386 3.608428 -4.304085
v 3.314745 3.130183 -4.311842
v 4.877361 2.861895 -3.398483
v -1.807258 0.550784 3.441311
v -1.031304 0.386292 2.889220
v -1.046673 0.324330 3.008405
v -1.896585 0.522640 2.953216
v -3.126463 1.134479 -4.326326
v -2.474006 1.663646 -4.331341
v -3.126269 1.503048 -4.326267
v -2.459217 1.695451 -4.331652
v -2.478225 1.395354 -4.330602
v -3.582656 1.976406 -4.524300
v -3.671720 2.252470 -4.525058
v -4.727967 1.968359 -3.539480
v -3.582656 1.976406 -4.524300
v -4.727828 2.000643 -3.549861
v 2.517348 0.737644 -4.260444
v 1.427401 0.781810 -4.255001
v 1.503447 1.069219 -4.333149
v 1.173933 1.070536 -4.332546
v 2.446587 1.115526 -4.334374
v 1.130633 0.843115 -4.332177
v 4.173386 3.608428 -4.304085
v 4.205065 3.815199 -4.226520
v 4.181838 3.874631 -2.180035
v 4.876835 3.115405 -2.665019
v 4.845874 3.116342 -4.105236
v 4.840867 3.656915 -2.203790
v 4.877209 2.828605 -2.018277
v 4.876337 3.328108 -1.510703
v 4.877057 2.856827 -2.185226
v 4.877361 2.861895 -3.398483
v 4.876655 3.073825 -0.814662
v 4.840867 3.657019 -1.924771
v 4.963409 3.390903 -0.405318
v -1.046673 0.324330 3.008405
v -1.896585 0.522640 2.953216
v -1.807258 0.550784 3.441311
v -1.031304 0.386292 2.889220
v 4.988642 1.657986 3.003313
v 4.386721 1.654580 2.745230
v 4.991948 1.706327 2.990600
v 4.378324 1.770930 2.727249
v 4.390110 2.255764 2.751218
v 4.775141 1.131275 3.314330
v 2.196286 2.966731 2.818441
v 1.487607 3.114205 2.586428
v 3.193282 3.148233 2.813407
v 1.283762 3.067889 2.524687
v 2.614519 2.544489 2.920150
v 2.776101 2.968406 2.770950
v 2.272318 2.554380 2.921142
v 0.274095 0.571524 2.922268
v 0.851806 0.831579 2.986342
v 0.637406 0.570868 2.923123
v 2.242755 0.266937 2.930122
v 0.740387 0.133658 2.924834
v 0.624734 0.288730 2.924212
v -0.364874 0.395358 2.923220
v -0.354582 0.269782 2.923143
v -0.967944 0.269285 2.920868
v 3.170317 0.549523 2.929539
v 3.483189 0.560485 2.929189
v 3.353812 0.117343 2.930218
v 3.056573 0.274518 2.929363
v 1.742141 0.554389 2.928858
v 3.210450 0.567241 2.928916
v 4.061039 0.319055 2.988344
v 4.101172 0.000000 2.990754
v 3.852324 0.820043 2.897444
v 3.175062 1.128378 2.923221
v 2.069539 1.127226 2.926040
v 3.877668 1.111407 2.899854
v 1.428467 0.785764 2.844839
v -1.031304 0.386292 2.889220
v -1.018286 0.563615 2.895227
v 3.969208 1.400133 2.818440
v 4.528258 0.845748 2.746960
v 3.227078 0.911012 2.990327
v 4.519805 1.088331 2.750090
v 4.528258 1.369809 2.746960
v 3.971864 1.678312 2.794685
v 3.976360 1.968359 2.711580
v 3.972570 2.184244 2.741265
v 4.400334 2.412653 2.762591
v 3.973179 2.309078 2.735336
v 4.399338 2.551414 2.763407
v 3.973012 2.580090 2.735336
v 2.339912 2.291359 2.922483
v 3.051759 2.047546 2.920850
v 2.310349 2.047900 2.920597
v 1.609057 2.262356 2.921802
v 1.402057 2.032975 2.868090
v 2.289224 1.960199 2.920130
v 0.916232 1.819875 2.918167
v 2.215419 1.681709 2.922716
v -0.359603 1.783122 2.916398
v 1.101318 1.661008 2.920169
v -0.001563 1.440344 2.916242
v 3.156276 1.401450 2.981132
v 5.042526 0.729730 2.598790
v 3.222264 1.708338 2.958796
v 5.060441 2.552299 2.533862
v 1.342917 2.287405 2.838464
v 0.000028 2.255107 2.914065
v 0.477401 2.542184 2.913405
v 5.040354 2.175389 2.524939
v 3.224962 2.966990 2.806564
v 4.400168 2.904411 2.762960
v 3.983278 3.142837 2.731565
v 4.148041 3.143584 2.756623
v 5.057910 2.268288 2.454353
v 2.713792 3.630843 2.945345
v 3.423523 3.655905 2.972794
v 4.971696 3.672375 2.000746
v 3.488999 0.839570 2.989549
v -3.891364 3.958645 0.499916
v -3.181135 4.000000 0.456138
v -2.267975 3.967495 0.977474
v -4.018402 3.860267 -0.827258
v -3.140601 3.999758 0.380828
v -1.031304 0.386292 2.889220
v -0.862320 0.218860 2.986361
v 0.473278 0.255176 2.988752
v -1.046673 0.324330 3.008405
v -3.126269 1.503048 -4.326267
v -3.582656 1.976406 -4.524300
v -2.474006 1.663646 -4.331341
v -4.727967 1.968359 -3.539480
v -4.728174 1.586026 -3.391077
v -3.393392 3.396131 3.127146
v -4.156383 3.481397 3.139004
v -3.168325 3.738179 3.171877
v -2.226860 3.784983 3.092154
v -2.399426 3.592938 3.011382
v -1.322650 3.647879 3.228058
v -4.737581 3.718683 2.999660
v -2.176172 3.789503 3.116784
v -3.891364 3.958645 0.499916
v -2.267975 3.967495 0.977474
v -2.234053 3.959120 0.745188
v -2.222903 3.999512 1.758546
v -3.149040 3.960445 1.743966
v -3.124817 3.957717 1.868380
v 2.307181 0.031646 -4.355680
v 2.351436 0.430604 -4.261222
v 2.479332 0.275550 -4.160116
v 1.410510 0.485421 -4.258403
v 4.831556 0.349379 1.214113
v 4.785655 0.200162 0.667407
v 4.865574 0.195784 2.983872
v 4.829550 0.522748 1.720208
v -4.129780 2.553845 -4.270105
v -4.702595 2.543911 -2.999636
v -4.635652 2.568524 -3.324281
v -4.573813 2.543881 -4.198625
v 4.845874 3.116342 -4.105236
v 4.877057 2.856827 -2.185226
v 4.876835 3.115405 -2.665019
v 4.877361 2.861895 -3.398483
v 2.242755 0.266937 2.930122
v 3.056573 0.274518 2.929363
v 2.317473 0.136292 2.994623
v 1.746360 0.251818 2.995517
v 4.101172 0.000000 2.990754
v 2.272318 0.551091 2.996295
v -2.400727 3.256048 3.007669
v -3.460252 3.298880 3.125551
v -2.399426 3.592938 3.011382
v -3.393392 3.396131 3.127146
v 5.042000 2.293660 2.999095
v 5.057910 2.268288 2.454353
v 4.661618 2.270555 3.154205
v 4.400334 2.412653 2.762591
v -1.242537 2.525705 3.088227
v -0.405007 2.391641 2.914143
v -0.475934 2.819270 2.911791
v -1.383990 2.387932 3.015522
v 4.063543 2.833220 -4.313805
v 4.081901 2.544420 -4.299206
v 4.877361 2.861895 -3.398483
v 4.876835 2.806850 -3.428167
v -4.089910 2.878042 -4.312891
v -4.129780 2.553845 -4.270105
v -4.635652 2.568524 -3.324281
v -4.727095 2.832887 -3.204065
v -4.727551 3.130351 -3.279025
v -4.182322 3.112879 -4.310481
v -4.727745 3.274837 -1.904553
v -4.728879 3.654908 -0.949710
v -4.728879 3.654878 -2.292824
v -4.727690 2.829002 -2.109838
v -4.724010 3.127217 -0.790906
v -4.724826 3.017792 -0.826520
v -4.642569 2.566650 -1.253943
v -4.651298 2.562786 -0.784977
v -4.729060 2.273037 0.405282
v -4.939559 3.637436 -0.514861
v -4.728409 2.514169 -2.090982
v -4.093867 3.453520 -4.305718
v -4.702595 2.543911 -2.999636
v -4.728229 2.205727 -1.980603
v -4.728409 2.248368 -2.687978
v 3.051759 2.047546 2.920850
v 3.222264 1.708338 2.958796
v 3.972570 2.184244 2.741265
v 3.976360 1.968359 2.711580
v -1.162368 1.682266 2.800070
v -1.168842 1.390903 2.854054
v -0.001563 1.440344 2.916242
v 0.471009 1.210527 2.919275
v 4.832262 1.675674 -3.400719
v 4.832400 1.452169 -2.187268
v 4.832331 1.707976 -2.229763
v 4.832524 1.707976 -3.391077
v -2.218642 2.629198 2.954500
v -3.530156 2.547032 2.841963
v -2.928940 2.841375 2.885159
v -3.177400 2.827944 2.869451
v -3.499499 3.117585 2.884129
v -3.114109 3.372973 2.883759
v -3.810033 3.396830 2.880785
v -4.081458 3.149632 2.885703
v -4.252295 3.405067 2.882593
v -4.089122 3.105548 2.886150
v -3.118259 3.397486 2.882554
v -1.496005 3.429788 2.942370
v -1.740605 3.111018 2.943887
v -0.924103 3.409929 2.939766
v -1.498177 3.056828 2.648207
v -4.702097 2.544256 1.832999
v 3.224962 2.966990 2.806564
v 3.973012 2.580090 2.735336
v 4.060375 2.887932 2.989278
v 1.402057 3.441324 -4.517456
v 0.583550 3.128538 -4.314369
v 1.849867 3.392215 -4.309548
v 1.437971 3.433083 -4.517631
v 4.935810 2.651605 3.085972
v 4.399338 2.551414 2.763407
v 4.400168 2.904411 2.762960
v 4.400334 2.412653 2.762591
v 4.941053 3.044735 2.987198
v 4.916788 3.116139 2.990211
v 4.148041 3.143584 2.756623
v 4.661618 2.270555 3.154205
v 4.971696 3.672375 2.000746
v 3.663530 3.414134 -4.306301
v 4.205065 3.815199 -4.226520
v 3.464983 3.816780 -4.216295
v 4.173386 3.608428 -4.304085
v -3.114109 3.372973 2.883759
v -2.398043 2.894689 3.032143
v -2.400727 3.256048 3.007669
v -2.399426 3.592938 3.011382
v -3.118259 3.397486 2.882554
v -2.928940 2.841375 2.885159
v -2.401902 2.575142 2.987626
v -1.740661 3.198365 3.245437
v -1.322650 3.647879 3.228058
v -0.466071 3.509278 3.281226
v -1.884674 2.828341 3.287077
v -0.985139 3.306293 3.215636
v -0.408327 2.834489 3.310968
v 0.005741 3.389137 3.224325
v -0.055876 3.467918 3.226988
v 1.388126 3.153431 3.214158
v 0.570974 3.563857 3.235134
v 2.296334 3.614183 3.261183
v 1.498121 3.148237 3.215208
v 2.516186 3.649421 3.287019
v 0.404260 3.049683 3.122208
v 1.296932 3.047581 3.125143
v -2.176172 3.789503 3.116784
v -2.226860 3.784983 3.092154
v -1.797048 2.700192 3.256750
v -2.401598 2.336393 2.997268
v 1.433738 3.029659 3.137526
v 2.886995 3.111398 3.146702
v -1.383990 2.387932 3.015522
v -1.200287 2.544222 3.092853
v -0.475934 2.819270 2.911791
v -1.687261 1.978677 3.429706
v -2.401889 2.159769 2.998026
v -1.843489 1.697800 3.474942
v 4.832123 0.794990 -2.180036
v 4.832414 1.030014 -3.533551
v 4.832234 1.003299 -2.132545
v 2.614519 2.544489 2.920150
v 2.978494 2.553310 2.986984
v 3.973012 2.580090 2.735336
v 4.060748 2.675013 2.988773
v -2.733962 3.441169 -4.489035
v -2.245882 3.128538 -4.313202
v -1.990338 3.406721 -4.477371
v -1.346306 3.133645 -4.313241
v 1.428467 0.785764 2.844839
v 2.272318 0.568230 2.996042
v 3.210450 0.567241 2.928916
v 3.852324 0.820043 2.897444
v 2.859534 0.845420 2.991571
v -1.687261 1.978677 3.429706
v -1.774789 2.543337 2.931231
v -1.383990 2.387932 3.015522
v -0.405007 2.391641 2.914143
v -1.593217 2.740929 2.634424
v -0.475934 2.819270 2.911791
v -3.123558 2.532367 -4.502644
v -2.171814 2.540535 -4.305543
v -3.121538 2.549895 -4.514696
v -1.941712 2.797456 -4.315944
v -3.728702 2.551937 -4.279475
v -3.713388 2.543760 -4.299945
v -4.573813 2.543881 -4.198625
v -0.408050 2.274388 -4.333498
v -0.334771 2.263677 -4.333537
v -0.148371 2.544330 -4.299031
v -1.162271 2.544701 -4.299750
v 1.385152 2.843767 -4.315127
v -0.402904 3.100890 -4.314097
v -0.925985 3.015970 -4.314641
v 1.345020 2.544364 -4.299109
v 1.489724 2.561405 -4.245086
v 1.828742 2.860574 -4.315263
v -4.728409 2.248368 -2.687978
v -4.702595 2.543911 -2.999636
v -4.728409 2.514169 -2.090982
v -4.728229 2.205727 -1.980603
v -4.728423 1.419000 -2.615254
v -4.667594 1.391974 -3.526495
v -4.728174 1.586026 -3.391077
v -4.728049 1.142962 -2.365550
v 0.570974 3.563857 3.235134
v 0.388157 3.785535 3.004636
v 1.321792 3.700718 3.304612
v -0.055876 3.467918 3.226988
v 1.609057 2.262356 2.921802
v 2.310349 2.047900 2.920597
v 2.279720 2.407049 2.987684
v 4.875106 3.390074 0.450364
v 4.958484 3.667756 0.426064
v 4.954859 3.576567 0.582243
v 4.963409 3.390903 -0.405318
v 4.148041 3.143584 2.756623
v 4.971696 3.672375 2.000746
v 3.227078 0.911012 2.990327
v 3.877668 1.111407 2.899854
v 3.969208 1.400133 2.818440
v 3.488999 0.839570 2.989549
v 3.976360 1.968359 2.711580
v 3.554490 1.695451 3.034942
v 3.971864 1.678312 2.794685
v 3.570067 1.405940 3.038246
v 3.425376 1.579019 3.036225
v -0.409240 3.456486 -4.311083
v -1.327436 3.868151 -3.415550
v -0.834860 3.835011 -3.904578
v 4.101172 0.000000 2.990754
v 3.353812 0.117343 2.930218
v 4.865574 0.195784 2.983872
v 4.722585 1.993407 3.055801
v 5.057910 2.268288 2.454353
v 5.042000 2.293660 2.999095
v 4.661618 2.270555 3.154205
v 4.390110 2.255764 2.751218
v 1.402057 2.032975 2.868090
v 2.310349 2.047900 2.920597
v 1.342917 2.287405 2.838464
v 4.877057 2.856827 -2.185226
v 4.879754 2.640734 -2.128831
v 4.880391 2.630187 -1.069926
v 4.877209 2.828605 -2.018277
v 2.307181 0.031646 -4.355680
v 1.364041 0.275550 -4.161632
v 1.114779 0.512857 -4.261203
v 1.410510 0.485421 -4.258403
v 2.289224 1.960199 2.920130
v 1.427401 1.622282 2.987683
v 1.427401 1.759394 2.987022
v 2.215419 1.681709 2.922716
v 2.060034 1.409402 2.924465
v 2.310349 2.047900 2.920597
v 3.156276 1.401450 2.981132
v 2.069539 1.127226 2.926040
v 3.156870 1.445615 2.984651
v 3.222264 1.708338 2.958796
v -1.593217 2.740929 2.634424
v -1.498177 3.056828 2.648207
v -1.797048 2.700192 3.256750
v -1.884674 2.828341 3.287077
v -2.267975 3.967495 0.977474
v -1.993534 3.960691 1.059218
v -2.187225 3.999823 1.782087
v -2.222903 3.999512 1.758546
v -1.627802 3.939649 0.470990
v -1.598930 3.950947 1.721027
v -1.859330 1.668011 2.953742
v -1.168842 1.390903 2.854054
v -1.162368 1.682266 2.800070
v -1.983947 1.411505 2.952128
v 2.289224 2.583384 2.986576
v 2.279720 2.407049 2.987684
v 1.609057 2.262356 2.921802
v 3.196975 2.304877 2.987820
v 5.057910 2.268288 2.454353
v 5.060441 2.552299 2.533862
v 4.399338 2.551414 2.763407
v 4.400334 2.412653 2.762591
v 4.060748 2.675013 2.988773
v 3.384579 2.272842 2.988053
v 3.973012 2.580090 2.735336
v 0.916232 1.819875 2.918167
v 2.289224 1.960199 2.920130
v 2.310349 2.047900 2.920597
v 1.402057 2.032975 2.868090
v -1.569574 0.208710 3.266624
v -2.338736 0.010525 2.992095
v -1.850877 0.252478 2.955724
v -3.041632 0.010651 2.777694
v -1.046673 0.324330 3.008405
v -1.031304 0.386292 2.889220
v 0.405048 0.531313 2.988091
v -4.156383 3.481397 3.139004
v -4.660926 3.815804 2.727269
v -4.737581 3.718683 2.999660
v -4.252295 3.405067 2.882593
v 3.488999 0.839570 2.989549
v 4.061039 0.319055 2.988344
v 3.852324 0.820043 2.897444
v 3.877668 1.111407 2.899854
v -1.807258 0.550784 3.441311
v -1.569574 0.208710 3.266624
v -1.850877 0.252478 2.955724
v -1.896585 0.522640 2.953216
v -1.816610 0.653513 3.450311
v -2.128901 0.774578 2.953605
v -2.217411 0.979320 2.955024
v -1.730354 0.846530 3.404628
v -1.983947 1.411505 2.952128
v -1.773032 2.257413 2.922813
v -1.768592 1.953853 2.901546
v -1.167722 2.251809 2.842177
v -1.161552 1.954928 2.798457
v 5.044753 0.549113 2.646281
v 4.829550 0.522748 1.720208
v 5.042526 0.729730 2.598790
v -1.730354 0.846530 3.404628
v -1.983947 1.411505 2.952128
v -2.083179 1.133783 3.216334
v 3.693896 1.161505 -4.260094
v 2.725938 1.466153 -4.333751
v 3.396062 1.425182 -4.261046
v 2.360843 1.409009 -4.333810
v -2.241648 2.002305 2.957280
v -2.239532 1.965721 2.956658
v -2.228022 1.737376 3.293822
v -2.226818 1.689493 3.352063
v -2.233265 1.551729 2.955433
v -2.401889 2.159769 2.998026
v -2.422917 1.357945 2.835567
v -2.401667 1.283865 2.990599
v -2.400450 1.125084 3.002477
v -2.433873 1.112724 2.835256
v -2.480950 0.784115 2.851896
v -2.397946 0.782466 3.020284
v -1.816610 0.653513 3.450311
v -2.399523 0.451716 3.002476
v -1.807258 0.550784 3.441311
v -2.338736 0.010525 2.992095
v -1.730354 0.846530 3.404628
v -2.083179 1.133783 3.216334
v -1.828106 1.416539 3.313397
v -3.119311 0.323009 2.879325
v -3.041632 0.010651 2.777694
v -1.843489 1.697800 3.474942
v -1.569574 0.208710 3.266624
v -0.834860 3.835011 -3.904578
v -0.409240 3.456486 -4.311083
v -0.030075 3.430449 -4.517126
v -1.990338 3.406721 -4.477371
v -1.327436 3.868151 -3.415550
v 4.829550 0.522748 1.720208
v 4.831556 0.349379 1.214113
v 4.528258 0.845748 2.746960
v 5.042526 0.729730 2.598790
v -3.278790 2.542857 2.853297
v -2.226860 2.480054 2.955919
v -2.218642 2.629198 2.954500
v -3.530156 2.547032 2.841963
v 4.958484 3.667756 0.426064
v 5.041973 3.562700 -0.425827
v 4.830491 3.792737 0.391267
v 5.056471 3.680535 -0.401352
v 1.742141 0.554389 2.928858
v 2.242755 0.266937 2.930122
v 2.272318 0.551091 2.996295
v 2.069539 1.127226 2.926040
v 1.428467 0.785764 2.844839
v 2.272318 0.568230 2.996042
v 2.069539 1.127226 2.926040
v 1.820290 1.108933 2.991863
v 2.060034 1.409402 2.924465
v 2.272318 0.568230 2.996042
v 4.722585 1.993407 3.055801
v 4.991948 1.706327 2.990600
v 4.390110 2.255764 2.751218
v 1.211949 0.523076 2.988577
v 1.208781 0.270602 2.986925
v 0.624734 0.288730 2.924212
v 0.637406 0.570868 2.923123
v 0.740387 0.133658 2.924834
v 0.851806 0.831579 2.986342
v 1.338683 0.883326 2.839668
v 0.851806 0.831579 2.986342
v 0.637406 0.570868 2.923123
v 0.907779 1.119316 2.986342
v 1.199277 1.301086 2.986284
v 1.342917 1.137773 2.839416
v -2.480950 0.784115 2.851896
v -3.119311 0.323009 2.879325
v -2.397946 0.782466 3.020284
v -4.182322 3.112879 -4.310481
v -3.802632 3.115353 -4.309762
v -4.093867 3.453520 -4.305718
v -4.013865 3.408034 -4.305174
v 3.195924 2.047460 2.988053
v 3.051759 2.047546 2.920850
v 3.345374 2.047460 2.987548
v 2.310349 2.047900 2.920597
v 3.972570 2.184244 2.741265
v 3.976360 1.968359 2.711580
v 3.554490 1.695451 3.034942
v -1.018286 0.563615 2.895227
v -1.046673 0.324330 3.008405
v -1.230210 0.685962 3.268510
v -1.031304 0.386292 2.889220
v 4.661618 2.270555 3.154205
v 4.722585 1.993407 3.055801
v 4.935810 2.651605 3.085972
v 3.969208 1.400133 2.818440
v 3.156276 1.401450 2.981132
v 3.570067 1.405940 3.038246
v 3.203505 1.406725 3.037877
v -0.967944 0.269285 2.920868
v -0.862320 0.218860 2.986361
v -1.046673 0.324330 3.008405
v -1.031304 0.386292 2.889220
v 0.473278 0.255176 2.988752
v -0.354582 0.269782 2.923143
v 2.881724 1.806824 -4.289545
v 2.293969 1.978574 -4.333343
v 2.681310 2.046428 -4.257255
v -0.334771 2.263677 -4.333537
v -0.457286 2.240688 -4.333634
v -0.408050 2.274388 -4.333498
v -1.303794 1.778507 -4.333304
v -2.007188 1.694130 -4.334393
v -2.019860 1.746538 -4.334393
v -2.459217 1.695451 -4.331652
v -2.474006 1.663646 -4.331341
v -1.348146 1.359590 -4.332604
v -2.478225 1.395354 -4.330602
v -2.476122 1.124588 -4.329241
v -3.126463 1.134479 -4.326326
v -3.126283 0.897085 -4.326073
v -2.476122 0.816745 -4.329280
v -3.126795 0.808167 -4.326170
v -1.346043 1.089817 -4.331788
v -2.514138 2.234669 -4.331185
v -2.178814 2.205006 -4.332565
v 0.491124 2.021422 -4.332973
v 0.075534 1.747526 -4.329844
v 0.581433 2.009887 -4.332954
v 1.195058 2.481540 -4.332371
v 1.008644 1.966710 -4.334198
v 0.075534 1.450231 -4.328736
v 0.578929 1.694381 -4.334354
v 0.075534 1.272247 -4.329300
v -1.267881 1.690176 -4.329610
v -1.293225 1.164143 -4.330058
v 0.525460 1.360911 -4.334062
v 2.116007 1.439684 -4.333907
v 2.269676 1.373763 -4.333868
v 2.725938 1.466153 -4.333751
v 0.075534 1.124588 -4.329553
v 1.173933 1.070536 -4.332546
v 1.503447 1.069219 -4.333149
v -2.171814 2.540535 -4.305543
v -1.941712 2.797456 -4.315944
v 2.133175 1.946686 -4.333615
v -3.582656 1.976406 -4.524300
v -3.671720 2.252470 -4.525058
v -3.123558 2.532367 -4.502644
v -1.162271 2.544701 -4.299750
v -0.148371 2.544330 -4.299031
v -3.713388 2.543760 -4.299945
v -4.573813 2.543881 -4.198625
v -4.727828 2.000643 -3.549861
v -4.727967 1.968359 -3.539480
v -3.121538 2.549895 -4.514696
v 1.609057 2.262356 2.921802
v 2.279720 2.407049 2.987684
v 2.272318 2.554380 2.921142
v -4.720648 1.680289 -0.874012
v -4.728146 1.435647 0.430515
v -4.728049 1.706573 -0.562353
v -4.720717 1.778507 -0.862154
v -4.727980 1.712405 -2.127529
v -4.728423 1.419000 -2.615254
v -4.728174 1.586026 -3.391077
v -4.728049 1.142962 -2.365550
v -4.727967 1.968359 -3.539480
v -4.727828 2.000643 -3.549861
v -4.728409 2.248368 -2.687978
v -4.728229 2.205727 -1.980603
v -4.702595 2.543911 -2.999636
v -4.573813 2.543881 -4.198625
v -4.728658 2.129199 0.431992
v -4.728409 1.728841 0.480961
v -4.728478 2.184572 1.702383
v -4.729060 2.273037 0.405282
v -4.728575 2.290453 1.678647
v -4.667594 1.391974 -3.526495
v -4.152219 1.795767 2.860295
v -4.726044 2.242911 2.111999
v -1.348146 1.359590 -4.332604
v -1.293225 1.164143 -4.330058
v -2.007188 1.694130 -4.334393
v -1.593217 2.740929 2.634424
v -1.774789 2.543337 2.931231
v -1.498177 3.056828 2.648207
v 3.969208 1.400133 2.818440
v 3.570067 1.405940 3.038246
v 3.425376 1.579019 3.036225
v 3.971864 1.678312 2.794685
v 3.976360 1.968359 2.711580
v 1.342917 2.287405 2.838464
v 2.310349 2.047900 2.920597
v 1.609057 2.262356 2.921802
v 2.289224 1.960199 2.920130
v 3.210657 1.697981 3.025980
v 3.222264 1.708338 2.958796
v 4.831930 1.397115 -1.527112
v 4.830256 1.045487 0.420114
v 4.830186 1.152296 -0.229000
v 4.830228 0.878547 0.823431
v 4.832303 1.426171 -1.926988
v 4.831930 1.397115 -1.527112
v 4.832442 1.354072 -2.189309
v 4.832400 1.452169 -2.187268
v 4.818898 0.902443 -0.838399
v 4.832234 1.003299 -2.132545
v 3.203505 1.406725 3.037877
v 3.425376 1.579019 3.036225
v 3.570067 1.405940 3.038246
v 3.220590 1.641663 3.037974
v 3.210657 1.697981 3.025980
v 3.554490 1.695451 3.034942
v 4.722585 1.993407 3.055801
v 4.991948 1.706327 2.990600
v 4.661618 2.270555 3.154205
v 3.384579 2.272842 2.988053
v 3.345374 2.047460 2.987548
v 2.886995 3.111398 3.146702
v 2.850570 3.109633 3.145924
v 4.060375 2.887932 2.989278
v 3.241521 3.177094 3.121197
v 2.516186 3.649421 3.287019
v 1.498121 3.148237 3.215208
v 4.941053 3.044735 2.987198
v 3.514620 3.532733 3.233948
v 4.961251 3.675195 3.045654
v 4.916788 3.116139 2.990211
v 4.060748 2.675013 2.988773
v 4.935810 2.651605 3.085972
v 2.859534 0.845420 2.991571
v 3.852324 0.820043 2.897444
v 3.488999 0.839570 2.989549
v 3.425376 1.579019 3.036225
v 3.554490 1.695451 3.034942
v 3.976360 1.968359 2.711580
v 4.060375 2.887932 2.989278
v 3.973012 2.580090 2.735336
v 4.060748 2.675013 2.988773
v 4.651326 0.861899 3.108268
v 4.701751 0.684248 3.097926
v 4.775141 1.131275 3.314330
v 3.570067 1.405940 3.038246
v 3.227078 0.911012 2.990327
v 3.203505 1.406725 3.037877
v 2.581013 1.115370 2.989822
v 3.220590 1.641663 3.037974
v 3.425376 1.579019 3.036225
v 4.988642 1.657986 3.003313
v 3.554490 1.695451 3.034942
v 4.991948 1.706327 2.990600
v 3.345374 2.047460 2.987548
v 3.488999 0.839570 2.989549
v 2.272318 2.554380 2.921142
v 2.289224 2.583384 2.986576
v 1.609057 2.262356 2.921802
v 1.609057 2.262356 2.921802
v 3.196975 2.304877 2.987820
v 2.339912 2.291359 2.922483
v 2.614519 2.544489 2.920150
v 2.272318 2.554380 2.921142
v 2.776101 2.968406 2.770950
v 2.196286 2.966731 2.818441
v 0.383938 0.570536 2.987586
v 0.851806 0.831579 2.986342
v 0.274095 0.571524 2.922268
v -0.055876 3.467918 3.226988
v 0.570974 3.563857 3.235134
v 1.321792 3.700718 3.304612
v -4.573813 2.543881 -4.198625
v -4.129780 2.553845 -4.270105
v -3.728702 2.551937 -4.279475
v 3.210657 1.697981 3.025980
v 3.222264 1.708338 2.958796
v 3.554490 1.695451 3.034942
v 3.156870 1.445615 2.984651
v 3.222264 1.708338 2.958796
v 3.220590 1.641663 3.037974
v 3.203505 1.406725 3.037877
v 3.156276 1.401450 2.981132
v 3.210657 1.697981 3.025980
v 2.310349 2.047900 2.920597
v 2.304012 2.149304 2.987451
v 2.279720 2.407049 2.987684
v 0.392376 3.105531 2.564324
v -0.580063 3.105574 2.562944
v -0.057536 3.110898 2.576183
v -0.414511 3.121859 2.610941
v -1.498177 3.056828 2.648207
v -1.740605 3.111018 2.943887
v -3.114109 3.372973 2.883759
v 2.133175 1.946686 -4.333615
v 2.681310 2.046428 -4.257255
v 2.293969 1.978574 -4.333343
v -1.242537 2.525705 3.088227
v -0.475934 2.819270 2.911791
v -1.200287 2.544222 3.092853
v 2.272318 2.554380 2.921142
v 2.279720 2.407049 2.987684
v 2.289224 2.583384 2.986576
v -3.713388 2.543760 -4.299945
v -3.123558 2.532367 -4.502644
v -3.728702 2.551937 -4.279475
v -1.773032 2.257413 2.922813
v -1.768592 1.953853 2.901546
v -1.774789 2.543337 2.931231
v -1.687261 1.978677 3.429706
v -1.859330 1.668011 2.953742
v -1.843489 1.697800 3.474942
v -1.828106 1.416539 3.313397
v -2.083179 1.133783 3.216334
v -1.983947 1.411505 2.952128
v -1.598930 3.950947 1.721027
v -2.226860 3.784983 3.092154
v -3.124817 3.957717 1.868380
v -2.176172 3.789503 3.116784
v -0.436867 3.835905 2.668075
v -1.233157 3.722551 3.225764
v 0.353835 3.793380 2.977751
v 0.388157 3.785535 3.004636
v -4.727551 3.130351 -3.279025
v -4.093867 3.453520 -4.305718
v -4.728879 3.654878 -2.292824
v -4.182322 3.112879 -4.310481
v -4.727095 2.832887 -3.204065
v -4.089910 2.878042 -4.312891
v 4.815924 2.039551 -0.814662
v 4.816837 1.705999 -0.814662
v 4.892994 2.221735 1.164406
v 4.399338 2.551414 2.763407
v 4.890918 2.519441 1.451571
v 4.400334 2.412653 2.762591
v 4.390110 2.255764 2.751218
v 4.830657 1.699816 0.564086
v 4.378324 1.770930 2.727249
v 4.830076 1.418093 0.066718
v 4.828541 1.415295 1.660840
v 4.830186 1.141192 0.532165
v 4.830186 1.152296 -0.229000
v 4.830228 0.878547 0.823431
v 4.832110 1.705338 -1.826815
v 4.832303 1.426171 -1.926988
v 4.519805 1.088331 2.750090
v 4.528258 1.369809 2.746960
v 4.386721 1.654580 2.745230
v -3.126463 1.134479 -4.326326
v -4.667594 1.391974 -3.526495
v -3.126269 1.503048 -4.326267
v -4.728174 1.586026 -3.391077
v 3.382338 0.852691 -4.259764
v 2.446587 1.115526 -4.334374
v 3.693896 1.161505 -4.260094
v 2.360843 1.409009 -4.333810
v 3.372295 0.573834 -4.260444
v 2.517348 0.737644 -4.260444
v 0.637406 0.570868 2.923123
v 0.907779 1.119316 2.986342
v 1.338683 0.883326 2.839668
v 1.342917 1.137773 2.839416
v 2.069539 1.127226 2.926040
v 2.060034 1.409402 2.924465
v 1.199277 1.301086 2.986284
v -4.018402 3.860267 -0.827258
v -4.091363 3.937309 0.599720
v -3.891364 3.958645 0.499916
v -4.125021 3.932789 0.320565
v -3.181135 4.000000 0.456138
v -3.931220 3.836980 2.391389
v -3.149040 3.960445 1.743966
v -3.124817 3.957717 1.868380
v -2.267975 3.967495 0.977474
v -2.226860 3.784983 3.092154
v -4.737581 3.718683 2.999660
v -3.168325 3.738179 3.171877
v -3.140601 3.999758 0.380828
v -4.660926 3.815804 2.727269
v -3.121538 2.549895 -4.514696
v -1.504457 3.100852 -4.314796
v -2.260656 2.988210 -4.314233
v -1.941712 2.797456 -4.315944
v -1.993534 3.960691 1.059218
v -2.267975 3.967495 0.977474
v -2.222903 3.999512 1.758546
v -2.187225 3.999823 1.782087
v -1.627802 3.939649 0.470990
v -1.598930 3.950947 1.721027
v -1.018286 0.563615 2.895227
v -2.128901 0.774578 2.953605
v -2.217411 0.979320 2.955024
v -1.168842 1.390903 2.854054
v -1.077773 0.866186 2.882028
v -1.859330 1.668011 2.953742
v -2.233265 1.551729 2.955433
v -2.239532 1.965721 2.956658
v -1.983947 1.411505 2.952128
v -1.768592 1.953853 2.901546
v -2.241648 2.002305 2.957280
v -1.773032 2.257413 2.922813
v -2.226860 2.480054 2.955919
v -1.774789 2.543337 2.931231
v -2.218642 2.629198 2.954500
v -1.161552 1.954928 2.798457
v -2.401598 2.336393 2.997268
v -2.401902 2.575142 2.987626
v -2.401889 2.159769 2.998026
v -1.167722 2.251809 2.842177
v -1.162368 1.682266 2.800070
v 0.471009 1.210527 2.919275
v -2.422917 1.357945 2.835567
v -0.001563 1.440344 2.916242
v -2.928940 2.841375 2.885159
v -2.433873 1.112724 2.835256
v -2.480950 0.784115 2.851896
v -1.896585 0.522640 2.953216
v -3.119311 0.323009 2.879325
v -3.041632 0.010651 2.777694
v -1.850877 0.252478 2.955724
v -1.498177 3.056828 2.648207
v -1.593217 2.740929 2.634424
v -4.727109 2.328276 2.097166
v -3.278790 2.542857 2.853297
v -3.530156 2.547032 2.841963
v -1.230210 0.685962 3.268510
v -1.046673 0.324330 3.008405
v 0.405048 0.531313 2.988091
v 0.383938 0.570536 2.987586
v 0.851806 0.831579 2.986342
v 1.211949 0.523076 2.988577
v 1.208781 0.270602 2.986925
v 0.473278 0.255176 2.988752
v 0.740387 0.133658 2.924834
v -0.354582 0.269782 2.923143
v 0.405048 0.531313 2.988091
v -1.031304 0.386292 2.889220
v 0.473278 0.255176 2.988752
v -4.728188 1.424728 0.572250
v -4.729032 1.380852 0.296944
v -4.728146 1.435647 0.430515
v -4.729004 1.122364 1.272180
v -4.729032 1.380852 0.296944
v -4.728409 1.407550 0.438679
v -4.728700 0.970336 0.307324
v -4.729004 1.122364 1.272180
v -4.728879 0.844846 -0.185027
v -4.728700 0.970336 0.307324
v -4.729087 0.834338 1.576529
v -4.721838 1.303888 -0.897768
v -4.719597 1.124588 -0.848080
v -4.729032 1.380852 0.296944
v -4.728049 1.142962 -2.365550
v -4.728423 1.419000 -2.615254
v -4.720648 1.680289 -0.874012
v -4.728700 0.970336 0.307324
v -4.728298 0.991102 -2.257582
v -4.728879 0.844846 -0.185027
v -4.720275 0.819137 -0.862154
v -4.728146 1.435647 0.430515
v -4.728409 1.407550 0.438679
v -4.728188 1.424728 0.572250
v -4.729087 0.834338 1.576529
v -4.729004 1.122364 1.272180
v -4.728700 0.970336 0.307324
v -4.728409 1.407550 0.438679
v -4.729032 1.380852 0.296944
v -4.728423 1.210121 1.712783
v -4.727745 0.870141 1.747949
v -4.728879 0.844846 -0.185027
v -4.022317 1.340145 2.892603
v -4.728423 1.210121 1.712783
v -4.727551 1.615029 1.726138
v -4.022317 1.655901 2.889027
v -4.728409 1.407550 0.438679
v -4.727745 0.870141 1.747949
v -4.003309 0.820043 2.899018
v -4.727745 0.870141 1.747949
v -3.332646 1.125909 2.892661
v -4.728423 1.210121 1.712783
v -4.727814 0.615491 1.743556
v -3.332646 1.125909 2.892661
v -4.728423 1.210121 1.712783
v -4.022317 1.340145 2.892603
v -2.233265 1.551729 2.955433
v -4.022317 1.340145 2.892603
v -4.022317 1.655901 2.889027
v -2.239532 1.965721 2.956658
v -2.422917 1.357945 2.835567
v -3.332646 1.125909 2.892661
v -2.433873 1.112724 2.835256
v -2.480950 0.784115 2.851896
v -4.003309 0.820043 2.899018
v -4.727551 1.615029 1.726138
v -4.728409 1.728841 0.480961
v -4.152219 1.795767 2.860295
v -4.003309 0.820043 2.899018
v -4.727358 0.541860 1.749873
v -3.779404 0.325647 2.888617
v -4.727814 0.615491 1.743556
v -4.526030 0.016807 1.752459
v -4.028653 0.010025 2.699701
v -4.727551 1.615029 1.726138
v -4.152219 1.795767 2.860295
v -3.526420 1.796531 2.858798
v -4.022317 1.981211 2.887841
v -2.239532 1.965721 2.956658
v -4.022317 1.655901 2.889027
v -4.727551 1.615029 1.726138
v -3.526420 1.796531 2.858798
v -2.239532 1.965721 2.956658
v -4.594053 0.098801 0.769777
v -4.526030 0.016807 1.752459
v -4.727358 0.541860 1.749873
v -4.728437 0.527359 1.693479
v -4.022317 1.340145 2.892603
v -3.332646 1.125909 2.892661
v -2.433873 1.112724 2.835256
v -2.422917 1.357945 2.835567
v -4.003309 0.820043 2.899018
v -2.480950 0.784115 2.851896
v -4.728409 1.728841 0.480961
v -4.727551 1.615029 1.726138
v -4.728188 1.424728 0.572250
v -4.727745 0.870141 1.747949
v -4.729004 1.122364 1.272180
v -4.728409 1.407550 0.438679
v -4.728409 1.407550 0.438679
v -4.728188 1.424728 0.572250
v -4.727551 1.615029 1.726138
v -2.241648 2.002305 2.957280
v -4.022317 1.981211 2.887841
v -2.226860 2.480054 2.955919
v -2.239532 1.965721 2.956658
v -3.278790 2.542857 2.853297
v -3.779404 0.325647 2.888617
v -4.727814 0.615491 1.743556
v -4.003309 0.820043 2.899018
v -4.727358 0.541860 1.749873
v -4.526030 0.016807 1.752459
v -4.028653 0.010025 2.699701
v -4.728437 0.527359 1.693479
v -4.594053 0.098801 0.769777
v -4.022317 1.981211 2.887841
v -4.152219 1.795767 2.860295
v -4.726044 2.242911 2.111999
v -4.729087 0.834338 1.576529
v -4.727745 0.870141 1.747949
v -4.729004 1.122364 1.272180
v -4.727814 0.615491 1.743556
v -4.728437 0.527359 1.693479
v -4.729032 0.559082 0.046131
v -4.728879 0.844846 -0.185027
v -4.727358 0.541860 1.749873
v -4.728409 1.407550 0.438679
v -4.728423 1.210121 1.712783
v -4.728188 1.424728 0.572250
v -4.727551 1.615029 1.726138
v -4.727109 2.328276 2.097166
v -4.728478 2.184572 1.702383
v -4.726044 2.242911 2.111999
v -4.728575 2.290453 1.678647
v -4.728146 1.435647 0.430515
v -4.728188 1.424728 0.572250
v -4.728409 1.728841 0.480961
v -4.728049 1.706573 -0.562353
v -4.651298 2.562786 -0.784977
v -4.728575 2.290453 1.678647
v -4.685302 2.552295 1.132486
v -4.729060 2.273037 0.405282
v -4.685302 2.552295 1.132486
v -4.728575 2.290453 1.678647
v -4.727109 2.328276 2.097166
v -4.702097 2.544256 1.832999
v -4.728229 2.205727 -1.980603
v -4.728658 2.129199 0.431992
v -4.728409 2.514169 -2.090982
v -4.729060 2.273037 0.405282
v -4.666779 0.763021 -3.248603
v -4.668397 0.618328 -3.497919
v -4.728298 0.991102 -2.257582
v -4.651436 0.031063 -0.845825
v -4.667096 0.557519 -3.264913
v -4.668992 0.338457 -0.872205
v -4.646331 0.022748 -2.381880
v -4.667096 0.557519 -3.264913
v -4.646331 0.022748 -2.381880
v -4.668992 0.338457 -0.872205
v -4.651436 0.031063 -0.845825
v -4.668992 0.338457 -0.872205
v -4.720275 0.819137 -0.862154
v -4.728879 0.844846 -0.185027
v -4.666779 0.763021 -3.248603
v -4.728298 0.991102 -2.257582
v -4.729032 0.559082 0.046131
v -4.667096 0.557519 -3.264913
v -4.667927 0.558344 -3.489015
v -4.668397 0.618328 -3.497919
v -4.719597 1.124588 -0.848080
v -4.607306 0.082486 0.429406
v -4.651436 0.031063 -0.845825
v -4.594053 0.098801 0.769777
v -4.728437 0.527359 1.693479
v -4.728049 1.142962 -2.365550
v -4.728298 0.991102 -2.257582
v -4.667290 1.021755 -3.557287
v -4.668397 0.618328 -3.497919
v -4.667594 1.391974 -3.526495
v 4.830228 0.878547 0.823431
v 4.830947 0.753730 0.437746
v 4.519805 1.088331 2.750090
v 4.528258 0.845748 2.746960
v 4.831556 0.349379 1.214113
v 4.829550 0.522748 1.720208
v 4.830947 0.753730 0.437746
v 4.528258 0.845748 2.746960
v 4.757198 0.279504 -1.013532
v 4.780951 0.310805 -3.276791
v 4.819050 0.520766 -0.838399
v 4.758125 0.272912 -2.113261
v 4.786886 0.195438 0.377638
v 4.757198 0.279504 -1.013532
v 4.829605 0.528019 -0.540095
v 4.819050 0.520766 -0.838399
v 4.832123 0.794990 -2.180036
v 4.780951 0.310805 -3.276791
v 4.818801 0.715889 -0.838399
v 4.832234 1.003299 -2.132545
v 4.818898 0.902443 -0.838399
v 4.819050 0.520766 -0.838399
v 4.829605 0.528019 -0.540095
v 4.830975 0.805542 0.420114
v 4.786886 0.195438 0.377638
v 4.757198 0.279504 -1.013532
v 4.758125 0.272912 -2.113261
v -3.119311 0.323009 2.879325
v -4.003309 0.820043 2.899018
v -2.480950 0.784115 2.851896
v -3.779404 0.325647 2.888617
v -1.859330 1.668011 2.953742
v -2.233265 1.551729 2.955433
v -1.768592 1.953853 2.901546
v 4.390110 2.255764 2.751218
v 4.400334 2.412653 2.762591
v 5.057910 2.268288 2.454353
v 2.280771 2.261368 -4.259102
v 1.195058 2.481540 -4.332371
v 1.489724 2.561405 -4.245086
v 2.293969 1.978574 -4.333343
v 2.437415 2.268064 -4.259180
v 2.681310 2.046428 -4.257255
v 0.581433 2.009887 -4.332954
v 2.770830 2.667100 -4.319074
v 1.345020 2.544364 -4.299109
v -0.148371 2.544330 -4.299031
v -0.334771 2.263677 -4.333537
v 1.489724 2.561405 -4.245086
v 2.280771 2.261368 -4.259102
v 2.770830 2.667100 -4.319074
v 2.437415 2.268064 -4.259180
v 2.280771 2.261368 -4.259102
v 2.293969 1.978574 -4.333343
v 2.681310 2.046428 -4.257255
v 2.437415 2.268064 -4.259180
v 4.832331 1.707976 -2.229763
v 4.832400 1.452169 -2.187268
v 4.832110 1.705338 -1.826815
v 4.832303 1.426171 -1.926988
v 3.396062 1.425182 -4.261046
v 3.693896 1.161505 -4.260094
v 4.832967 1.373763 -3.397006
v 4.832262 1.675674 -3.400719
v 4.832414 1.030014 -3.533551
v 4.832442 1.354072 -2.189309
v 4.832234 1.003299 -2.132545
v 4.832400 1.452169 -2.187268
v -4.028653 0.010025 2.699701
v -3.041632 0.010651 2.777694
v -3.119311 0.323009 2.879325
v -3.779404 0.325647 2.888617
v -3.067557 0.009792 -4.364642
v -3.848049 0.009939 -4.281537
v -2.577512 0.553729 -4.332896
v -3.739272 0.559000 -4.331750
v -3.739272 0.559000 -4.331750
v -3.848049 0.009939 -4.281537
v -3.067557 0.009792 -4.364642
v -2.577512 0.553729 -4.332896
v -4.553269 0.187421 -3.409623
v -4.667927 0.558344 -3.489015
v -3.739272 0.559000 -4.331750
v -4.667927 0.558344 -3.489015
v -4.668397 0.618328 -3.497919
v -3.848049 0.009939 -4.281537
v -3.126795 0.808167 -4.326170
v -4.553269 0.187421 -3.409623
v -2.476122 0.816745 -4.329280
v -1.349211 0.843197 -4.330719
v -1.346043 1.089817 -4.331788
v -1.293225 1.084377 -4.330330
v -1.267881 0.796312 -4.328250
v -1.348146 1.359590 -4.332604
v -2.476122 1.124588 -4.329241
v -2.476122 0.816745 -4.329280
v -1.293225 1.164143 -4.330058
v 0.075534 1.272247 -4.329300
v 0.075534 1.124588 -4.329553
v 1.503447 1.069219 -4.333149
v 2.360843 1.409009 -4.333810
v 2.446587 1.115526 -4.334374
v 2.269676 1.373763 -4.333868
v -3.126283 0.897085 -4.326073
v -4.667290 1.021755 -3.557287
v -4.667594 1.391974 -3.526495
v -3.126463 1.134479 -4.326326
v -3.126463 1.134479 -4.326326
v -3.126269 1.503048 -4.326267
v -2.478225 1.395354 -4.330602
v -2.474006 1.663646 -4.331341
v 1.173933 1.070536 -4.332546
v 1.130633 0.843115 -4.332177
v 0.100878 0.838828 -4.328814
v 0.075534 1.124588 -4.329553
v -2.338528 3.955100 0.359930
v -3.140601 3.999758 0.380828
v -2.459466 3.960428 0.355615
v -4.018402 3.860267 -0.827258
v -3.140601 3.999758 0.380828
v -2.338528 3.955100 0.359930
v -1.288480 3.927548 0.049282
v -1.627802 3.939649 0.470990
v -1.273151 3.933246 1.050762
v 0.273569 3.872960 0.354817
v 0.108279 3.865064 1.702015
v -1.795582 3.927159 -0.478042
v -2.338528 3.955100 0.359930
v -2.234053 3.959120 0.745188
v -2.267975 3.967495 0.977474
v -1.993534 3.960691 1.059218
v -2.459466 3.960428 0.355615
v -3.140601 3.999758 0.380828
v -3.181135 4.000000 0.456138
v 0.353835 3.793380 2.977751
v -0.436867 3.835905 2.668075
v -1.598930 3.950947 1.721027
v 4.390110 2.255764 2.751218
v 4.400334 2.412653 2.762591
v 4.399338 2.551414 2.763407
v 0.477401 2.542184 2.913405
v 0.000028 2.255107 2.914065
v -0.405007 2.391641 2.914143
v -0.475934 2.819270 2.911791
v -0.021623 2.779327 2.913094
v 1.351355 2.590965 2.839359
v 1.342917 2.287405 2.838464
v -1.167722 2.251809 2.842177
v -0.359603 1.783122 2.916398
v 0.916232 1.819875 2.918167
v 1.402057 2.032975 2.868090
v -1.161552 1.954928 2.798457
v -1.162368 1.682266 2.800070
v -0.001563 1.440344 2.916242
v -1.768592 1.953853 2.901546
v -1.859330 1.668011 2.953742
v 1.609057 2.262356 2.921802
v 2.272318 2.554380 2.921142
v 2.196286 2.966731 2.818441
v 1.283762 3.067889 2.524687
v -1.773032 2.257413 2.922813
v -1.774789 2.543337 2.931231
v 2.289224 1.960199 2.920130
v 3.051759 2.047546 2.920850
v 3.222264 1.708338 2.958796
v 2.310349 2.047900 2.920597
v 3.210657 1.697981 3.025980
v 3.976360 1.968359 2.711580
v 3.554490 1.695451 3.034942
v 3.222264 1.708338 2.958796
v 2.339912 2.291359 2.922483
v 1.609057 2.262356 2.921802
v 2.614519 2.544489 2.920150
v 2.272318 2.554380 2.921142
v 2.614519 2.544489 2.920150
v 2.776101 2.968406 2.770950
v 3.973012 2.580090 2.735336
v 3.224962 2.966990 2.806564
v -2.733962 3.441169 -4.489035
v -3.165600 3.876090 -3.397529
v -2.991511 3.880477 -3.391075
v -4.013865 3.408034 -4.305174
v -1.990338 3.406721 -4.477371
v -1.327436 3.868151 -3.415550
v -3.147698 3.903911 -2.541887
v -2.423899 3.915606 -2.150739
v -4.093867 3.453520 -4.305718
v -4.668770 3.703887 -4.157023
v -2.245882 3.128538 -4.313202
v -4.013865 3.408034 -4.305174
v -2.733962 3.441169 -4.489035
v -3.802632 3.115353 -4.309762
v -4.724826 3.017792 -0.826520
v -4.727773 2.830698 0.896993
v -4.724010 3.127217 -0.790906
v -4.727856 3.161647 0.573923
v -4.724826 3.017792 -0.826520
v -4.651298 2.562786 -0.784977
v -4.727773 2.830698 0.896993
v -4.685302 2.552295 1.132486
v 4.228307 2.161500 -4.259296
v 4.890904 2.522079 -3.646340
v 4.890877 2.522079 -2.510998
v 4.832843 2.240563 -3.117073
v 4.228307 2.161500 -4.259296
v 4.890877 2.522079 -2.510998
v 2.437415 2.268064 -4.259180
v 2.770830 2.667100 -4.319074
v 4.081901 2.544420 -4.299206
v 3.147740 2.914009 -4.314000
v 4.063543 2.833220 -4.313805
v 1.489724 2.561405 -4.245086
v 1.828742 2.860574 -4.315263
v 3.543464 2.263509 -4.332740
v 2.681310 2.046428 -4.257255
v 3.258496 2.123927 -4.259452
v 4.890904 2.522079 -3.646340
v 4.876835 2.806850 -3.428167
v 4.890904 2.522079 -3.646340
v 4.832843 2.240563 -3.117073
v 4.890877 2.522079 -2.510998
v 4.228307 2.161500 -4.259296
v 4.876780 2.528503 -0.862056
v 4.890877 2.522079 -2.510998
v 4.879754 2.640734 -2.128831
v 4.890904 2.522079 -3.646340
v 4.876835 2.806850 -3.428167
v 4.877057 2.856827 -2.185226
v 4.877361 2.861895 -3.398483
v 4.880391 2.630187 -1.069926
v 4.891403 2.510215 0.420484
v 4.877734 2.640734 -0.790906
v 4.880391 2.630187 -1.069926
v 4.876780 2.528503 -0.862056
v 4.877734 2.640734 -0.790906
v 4.891403 2.510215 0.420484
v 4.890918 2.519441 1.451571
v 4.891403 2.510215 0.420484
v 4.878177 2.650621 0.481156
v 4.877734 2.640734 -0.790906
v 0.637406 0.570868 2.923123
v 1.338683 0.883326 2.839668
v 2.069539 1.127226 2.926040
v 1.742141 0.554389 2.928858
v 0.624734 0.288730 2.924212
v 1.428467 0.785764 2.844839
v 0.637406 0.570868 2.923123
v 2.069539 1.127226 2.926040
v -1.859330 1.668011 2.953742
v -1.983947 1.411505 2.952128
v -2.217411 0.979320 2.955024
v -0.366465 1.115029 2.918419
v 1.338683 0.883326 2.839668
v 0.907779 1.119316 2.986342
v -0.366465 1.115029 2.918419
v -1.077773 0.866186 2.882028
v 0.471009 1.210527 2.919275
v -1.077773 0.866186 2.882028
v -1.168842 1.390903 2.854054
v 0.471009 1.210527 2.919275
v 0.274095 0.571524 2.922268
v -0.366465 1.115029 2.918419
v 1.338683 0.883326 2.839668
v -1.077773 0.866186 2.882028
v -1.018286 0.563615 2.895227
v 0.637406 0.570868 2.923123
v 1.342917 1.137773 2.839416
v 0.471009 1.210527 2.919275
v -0.001563 1.440344 2.916242
v 1.101318 1.661008 2.920169
v 2.215419 1.681709 2.922716
v 2.060034 1.409402 2.924465
v -0.475934 2.819270 2.911791
v -1.498177 3.056828 2.648207
v -0.580063 3.105574 2.562944
v -1.593217 2.740929 2.634424
v 4.830491 3.792737 0.391267
v 4.954859 3.576567 0.582243
v 4.817224 3.765939 1.594610
v 5.038957 3.652741 0.504912
v 4.954859 3.576567 0.582243
v 5.039372 3.701962 0.923392
v 4.961251 3.675195 3.045654
v 4.971696 3.672375 2.000746
v 4.616976 3.814703 2.711581
v 4.961251 3.675195 3.045654
v 4.616976 3.814703 2.711581
v 4.957211 3.691600 2.999349
v 2.737891 3.680457 3.301948
v 2.296334 3.614183 3.261183
v 2.272318 3.679624 3.318394
v 2.778619 3.867015 0.500072
v 2.747326 3.887250 -0.548258
v 3.296456 3.886253 -0.427440
v 3.742481 3.867378 0.479485
v 4.099456 3.816810 2.696749
v 2.778619 3.867015 0.500072
v 3.091892 3.813598 2.765021
v 3.742481 3.867378 0.479485
v 2.747326 3.887250 -0.548258
v 3.296456 3.886253 -0.427440
v 4.616976 3.814703 2.711581
v 1.423182 3.841707 2.920462
v 1.532762 3.877614 0.454991
v 4.817224 3.765939 1.594610
v 3.819579 3.745527 3.198315
v 4.957211 3.691600 2.999349
v 2.737891 3.680457 3.301948
v 4.961251 3.675195 3.045654
v 2.272318 3.679624 3.318394
v 1.423182 3.841707 2.920462
v 1.532762 3.877614 0.454991
v 3.091892 3.813598 2.765021
v 2.778619 3.867015 0.500072
v 2.272318 3.679624 3.318394
v 2.737891 3.680457 3.301948
v 4.099456 3.816810 2.696749
v 4.817224 3.765939 1.594610
v 4.616976 3.814703 2.711581
v 3.742481 3.867378 0.479485
v 5.039372 3.701962 0.923392
v 4.830491 3.792737 0.391267
v 4.817224 3.765939 1.594610
v 4.954859 3.576567 0.582243
v 2.737891 3.680457 3.301948
v 2.516186 3.649421 3.287019
v 3.514620 3.532733 3.233948
v 2.272318 3.679624 3.318394
v 2.296334 3.614183 3.261183
v 3.819579 3.745527 3.198315
v 4.961251 3.675195 3.045654
v 2.296334 3.614183 3.261183
v 0.570974 3.563857 3.235134
v 1.321792 3.700718 3.304612
v 2.272318 3.679624 3.318394
v 4.954859 3.576567 0.582243
v 4.616976 3.814703 2.711581
v 4.817224 3.765939 1.594610
v 5.038957 3.652741 0.504912
v 5.039372 3.701962 0.923392
v 4.817224 3.765939 1.594610
v 4.954859 3.576567 0.582243
v 2.516186 3.649421 3.287019
v 2.296334 3.614183 3.261183
v 2.737891 3.680457 3.301948
v 4.954859 3.576567 0.582243
v 4.971696 3.672375 2.000746
v 4.616976 3.814703 2.711581
v 4.957211 3.691600 2.999349
v 4.961251 3.675195 3.045654
v 4.099456 3.816810 2.696749
v 4.616976 3.814703 2.711581
v 3.819579 3.745527 3.198315
v 4.957211 3.691600 2.999349
v 2.747326 3.887250 -0.548258
v 1.532762 3.877614 0.454991
v 2.778619 3.867015 0.500072
v 2.280771 3.888252 -0.808712
v 1.408532 3.878318 0.415489
v 1.365618 3.878301 0.482265
v 2.914456 3.888662 -0.929667
v 2.280771 3.887984 -0.882934
v 4.039790 3.886145 -0.846192
v 3.296456 3.886253 -0.427440
v 2.272318 3.861524 -2.240881
v 2.386782 3.865509 -2.114503
v 0.905483 3.790884 2.978820
v 1.423182 3.841707 2.920462
v 2.272318 3.679624 3.318394
v 1.321792 3.700718 3.304612
v 0.353835 3.793380 2.977751
v 0.388157 3.785535 3.004636
v 4.817224 3.765939 1.594610
v 3.296456 3.886253 -0.427440
v 3.742481 3.867378 0.479485
v 4.830491 3.792737 0.391267
v 4.954859 3.576567 0.582243
v 4.817224 3.765939 1.594610
v 4.971696 3.672375 2.000746
v 4.616976 3.814703 2.711581
v 4.954859 3.576567 0.582243
v 4.958484 3.667756 0.426064
v 4.830491 3.792737 0.391267
v -0.967944 0.269285 2.920868
v -1.850877 0.252478 2.955724
v -1.031304 0.386292 2.889220
v -1.896585 0.522640 2.953216
v -2.128901 0.774578 2.953605
v -1.018286 0.563615 2.895227
v -1.031304 0.386292 2.889220
v -1.896585 0.522640 2.953216
v -0.967944 0.269285 2.920868
v -0.862320 0.218860 2.986361
v -1.031304 0.386292 2.889220
v 1.437971 3.433083 -4.517631
v 1.849867 3.392215 -4.309548
v 3.107732 3.122934 -4.311822
v 3.107732 3.122934 -4.311822
v 3.314745 3.130183 -4.311842
v 3.134667 3.603157 -4.306651
v 3.663530 3.414134 -4.306301
v 1.849867 3.392215 -4.309548
v 1.828742 2.860574 -4.315263
v 3.147740 2.914009 -4.314000
v 4.063543 2.833220 -4.313805
v 1.437971 3.433083 -4.517631
v 3.107732 3.122934 -4.311822
v 3.134667 3.603157 -4.306651
v -4.667927 0.558344 -3.489015
v -4.553269 0.187421 -3.409623
v -4.646331 0.022748 -2.381880
v -4.667096 0.557519 -3.264913
v 4.829605 0.528019 -0.540095
v 4.785655 0.200162 0.667407
v 4.831556 0.349379 1.214113
v 4.786886 0.195438 0.377638
v 4.831556 0.349379 1.214113
v 4.829605 0.528019 -0.540095
v 4.829550 0.522748 1.720208
v 4.490228 0.270274 -4.158969
v 4.758125 0.272912 -2.113261
v 4.130610 0.400055 -4.260736
v 4.130610 0.400055 -4.260736
v 4.758125 0.272912 -2.113261
v 4.780951 0.310805 -3.276791
v 2.517348 0.737644 -4.260444
v 3.370718 0.425843 -4.261300
v 3.372295 0.573834 -4.260444
v 4.157615 0.805291 -4.259492
v 4.130610 0.400055 -4.260736
v 1.427401 0.781810 -4.255001
v 2.351436 0.430604 -4.261222
v 1.410510 0.485421 -4.258403
v 2.479332 0.275550 -4.160116
v 3.446764 0.275550 -4.159513
v 4.490228 0.270274 -4.158969
v -2.577512 0.553729 -4.332896
v -2.188844 0.101521 -4.392519
v -1.318583 0.524311 -4.259920
v -1.276333 0.088996 -4.401791
v -1.149599 0.502642 -4.258889
v -3.067557 0.009792 -4.364642
v 2.881724 1.806824 -4.289545
v 2.725938 1.466153 -4.333751
v 3.256656 1.806854 -4.289642
v 0.058643 0.480560 -4.256440
v 1.364041 0.275550 -4.161632
v 1.114779 0.512857 -4.261203
v -0.336487 0.091319 -4.400819
v -3.739272 0.559000 -4.331750
v -2.577512 0.553729 -4.332896
v -2.476122 0.816745 -4.329280
v 4.877734 2.640734 -0.790906
v 4.880391 2.630187 -1.069926
v 4.876655 3.073825 -0.814662
v 4.877209 2.828605 -2.018277
v 3.543464 2.263509 -4.332740
v 4.228307 2.161500 -4.259296
v 4.890904 2.522079 -3.646340
v 3.543464 2.263509 -4.332740
v 3.258496 2.123927 -4.259452
v 4.228307 2.161500 -4.259296
v 4.832110 1.705338 -1.826815
v 4.816837 1.705999 -0.814662
v 4.831667 2.152438 -1.040242
v 4.815924 2.039551 -0.814662
v 4.891403 2.510215 0.420484
v 4.892994 2.221735 1.164406
v 4.890918 2.519441 1.451571
v 4.815924 2.039551 -0.814662
v 4.228307 2.161500 -4.259296
v 4.832331 1.707976 -2.229763
v 4.832843 2.240563 -3.117073
v 4.832524 1.707976 -3.391077
v 4.832331 1.707976 -2.229763
v 4.228307 2.161500 -4.259296
v 4.876780 2.528503 -0.862056
v 4.832843 2.240563 -3.117073
v 4.831667 2.152438 -1.040242
v 4.890877 2.522079 -2.510998
v -2.187225 3.999823 1.782087
v -2.222903 3.999512 1.758546
v -3.124817 3.957717 1.868380
v -3.124817 3.957717 1.868380
v -1.598930 3.950947 1.721027
v -2.187225 3.999823 1.782087
v -2.176172 3.789503 3.116784
v -1.322650 3.647879 3.228058
v -1.233157 3.722551 3.225764
v -0.466071 3.509278 3.281226
v 2.272318 2.554380 2.921142
v 2.614519 2.544489 2.920150
v 2.978494 2.553310 2.986984
v 2.272318 2.554380 2.921142
v 2.289224 2.583384 2.986576
v 2.978494 2.553310 2.986984
v 2.289224 2.583384 2.986576
v 2.272318 2.554380 2.921142
v 2.614519 2.544489 2.920150
v 2.978494 2.553310 2.986984
v 3.423523 3.655905 2.972794
v 3.983278 3.142837 2.731565
v 3.241521 3.177094 3.121197
v 3.423523 3.655905 2.972794
v 3.241521 3.177094 3.121197
v 3.514620 3.532733 3.233948
v 4.651326 0.861899 3.108268
v 4.775141 1.131275 3.314330
v 4.988642 1.657986 3.003313
v 4.775141 1.131275 3.314330
v 4.988642 1.657986 3.003313
v 4.991948 1.706327 2.990600
v 1.433738 3.029659 3.137526
v 2.886995 3.111398 3.146702
v 2.850570 3.109633 3.145924
vt 0.004839 0.432211
vt 0.003020 0.377151
vt 0.009922 0.431245
vt 0.009922 0.376079
vt 0.700287 0.909758
vt 0.644090 0.916667
vt 0.701035 0.916667
vt 0.065142 0.355354
vt 0.021738 0.331174
vt 0.006471 0.355354
vt 0.791631 0.430484
vt 0.782340 0.429620
vt 0.780414 0.430484
vt 0.823555 0.978843
vt 0.855479 0.978843
vt 0.825577 0.973661
vt 0.030630 0.156736
vt 0.030630 0.229275
vt 0.019476 0.214454
vt 0.011648 0.160185
vt 0.913287 0.550518
vt 0.865833 0.531872
vt 0.913287 0.473661
vt 0.490509 0.012940
vt 0.481018 0.009578
vt 0.490509 0.005613
vt 0.488757 0.054836
vt 0.586049 0.716002
vt 0.606989 0.659326
vt 0.606989 0.749136
vt 0.585418 0.698604
vt 0.834771 0.915803
vt 0.924504 0.915803
vt 0.885261 0.894214
vt 0.867877 0.894845
vt 0.225626 0.566926
vt 0.250647 0.566926
vt 0.237388 0.564335
vt 0.379206 0.981434
vt 0.338598 0.971071
vt 0.301553 0.981434
vt 0.118573 0.538093
vt 0.070824 0.535686
vt 0.066868 0.547927
vt 0.126041 0.545756
vt 0.166414 0.531520
vt 0.180759 0.547927
vt 0.502588 0.271589
vt 0.502588 0.313040
vt 0.501726 0.301186
vt 0.212683 0.825993
vt 0.198602 0.822539
vt 0.166091 0.825993
vt 0.623382 0.517066
vt 0.634599 0.480570
vt 0.634599 0.542746
vt 0.894305 0.310449
vt 0.882226 0.285172
vt 0.894305 0.269862
vt 0.895168 0.671416
vt 0.895168 0.770725
vt 0.880500 0.725606
vt 0.967645 0.369171
vt 0.967645 0.445164
vt 0.953436 0.404224
vt 0.951251 0.405206
vt 0.284461 0.949158
vt 0.294651 0.964162
vt 0.282571 0.950730
vt 0.294651 0.945164
vt 0.275040 0.872625
vt 0.235116 0.889033
vt 0.311044 0.889033
vt 0.109019 0.846718
vt 0.163503 0.846718
vt 0.108283 0.836356
vt 0.162931 0.838662
vt 0.985764 0.606687
vt 0.985764 0.671416
vt 0.971096 0.651106
vt 0.978456 0.602332
vt 0.875628 0.718048
vt 0.879638 0.707351
vt 0.842537 0.718048
vt 0.846411 0.705959
vt 0.972821 0.400259
vt 0.971959 0.361787
vt 0.972821 0.342401
vt 0.501726 0.672280
vt 0.465273 0.662781
vt 0.429249 0.672280
vt 0.387102 0.990933
vt 0.334340 0.999568
vt 0.406816 0.999568
vt 0.446506 0.932300
vt 0.451682 0.922712
vt 0.451682 0.944301
vt 0.311907 0.906304
vt 0.405953 0.906304
vt 0.354757 0.871762
vt 0.366819 0.872071
vt 0.671700 0.320812
vt 0.671700 0.433074
vt 0.657032 0.385650
vt 0.138481 0.572107
vt 0.123940 0.547927
vt 0.047023 0.572107
vt 0.960742 0.207686
vt 0.940897 0.275507
vt 0.941633 0.244601
vt 0.960742 0.281952
vt 0.996980 0.113558
vt 0.996980 0.167098
vt 0.995439 0.166941
vt 0.985764 0.117382
vt 0.065142 0.555699
vt 0.091890 0.555699
vt 0.081231 0.553734
vt 0.085289 0.552245
vt 0.987489 0.508204
vt 0.987489 0.580743
vt 0.975410 0.577142
vt 0.595506 0.968480
vt 0.563848 0.984024
vt 0.636324 0.984024
vt 0.451682 0.231865
vt 0.451682 0.280225
vt 0.437877 0.239341
vt 0.997843 0.953959
vt 0.984901 0.954663
vt 0.985005 0.895785
vt 0.997843 0.895078
vt 0.964371 0.500396
vt 0.963330 0.496619
vt 0.979724 0.467617
vt 0.979724 0.534111
vt 0.959879 0.794905
vt 0.918464 0.794017
vt 0.918678 0.790815
vt 0.959879 0.740501
vt 0.024590 0.060122
vt 0.001294 0.061093
vt 0.014285 0.002200
vt 0.006404 0.002159
vt 0.024590 0.091969
vt 0.983175 0.495583
vt 0.996980 0.475574
vt 0.996980 0.524611
vt 0.985168 0.475389
vt 0.121176 0.942573
vt 0.168379 0.961572
vt 0.169543 0.949590
vt 0.120007 0.954599
vt 0.091027 0.961572
vt 0.092123 0.951036
vt 0.721207 0.073907
vt 0.725194 0.073834
vt 0.711389 0.102332
vt 0.725194 0.102155
vt 0.755625 0.378574
vt 0.732377 0.439119
vt 0.756202 0.386772
vt 0.687785 0.420518
vt 0.682340 0.365184
vt 0.706519 0.286465
vt 0.754524 0.294240
vt 0.742120 0.424070
vt 0.666523 0.281952
vt 0.679387 0.358499
vt 0.780952 0.406559
vt 0.784728 0.395206
vt 0.784728 0.303806
vt 0.143048 0.697114
vt 0.213205 0.729275
vt 0.172401 0.727268
vt 0.105611 0.705275
vt 0.199301 0.665371
vt 0.262726 0.682979
vt 0.215558 0.728681
vt 0.107266 0.704336
vt 0.120719 0.725638
vt 0.138198 0.729275
vt 0.063417 0.707551
vt 0.392715 0.429068
vt 0.389917 0.396853
vt 0.378438 0.414925
vt 0.400531 0.384062
vt 0.414313 0.408136
vt 0.416763 0.403464
vt 0.419133 0.330974
vt 0.398673 0.357150
vt 0.432701 0.404840
vt 0.432701 0.328194
vt 0.429604 0.429603
vt 0.415052 0.408101
vt 0.376164 0.370871
vt 0.418517 0.298847
vt 0.406528 0.301393
vt 0.370158 0.447498
vt 0.366011 0.370570
vt 0.401048 0.304520
vt 0.363552 0.371116
vt 0.364251 0.447755
vt 0.353322 0.411233
vt 0.422693 0.295769
vt 0.379151 0.420639
vt 0.096204 0.043290
vt 0.029537 0.132155
vt 0.052846 0.076010
vt 0.009922 0.108389
vt 0.014155 0.143401
vt 0.096204 0.131517
vt 0.052957 0.167098
vt 0.085941 0.140377
vt 0.041815 0.062470
vt 0.053195 0.045033
vt 0.026374 0.034722
vt 0.059151 0.014249
vt 0.858930 0.179188
vt 0.787173 0.252228
vt 0.824464 0.202752
vt 0.785591 0.208434
vt 0.858930 0.261226
vt 0.847748 0.430484
vt 0.875324 0.516839
vt 0.808515 0.486558
vt 0.806299 0.449869
vt 0.875324 0.436860
vt 0.886540 0.891623
vt 0.813201 0.840009
vt 0.886540 0.825993
vt 0.838167 0.890274
vt 0.916739 0.872625
vt 0.958154 0.812176
vt 0.958154 0.871020
vt 0.919927 0.813492
vt 0.150731 0.385642
vt 0.191056 0.367904
vt 0.225144 0.377087
vt 0.177002 0.369692
vt 0.173978 0.360098
vt 0.129957 0.377845
vt 0.130809 0.384236
vt 0.129524 0.365146
vt 0.069462 0.383595
vt 0.069006 0.370656
vt 0.154776 0.399693
vt 0.218833 0.380752
vt 0.222150 0.402256
vt 0.174470 0.409090
vt 0.156544 0.413212
vt 0.229151 0.402770
vt 0.252808 0.392373
vt 0.244496 0.378780
vt 0.272187 0.373744
vt 0.268283 0.390378
vt 0.245848 0.403706
vt 0.270225 0.403627
vt 0.125813 0.349266
vt 0.171675 0.345497
vt 0.072676 0.356463
vt 0.065202 0.358172
vt 0.065551 0.373379
vt 0.013527 0.378376
vt 0.007334 0.366747
vt 0.186588 0.355398
vt 0.184217 0.342652
vt 0.106254 0.332868
vt 0.064828 0.337662
vt 0.180897 0.332915
vt 0.229160 0.377811
vt 0.283207 0.361369
vt 0.269562 0.348770
vt 0.231368 0.365327
vt 0.232535 0.348813
vt 0.265844 0.337680
vt 0.297634 0.332238
vt 0.222181 0.320812
vt 0.342960 0.378528
vt 0.342613 0.377155
vt 0.230731 0.333796
vt 0.225000 0.341742
vt 0.342968 0.359486
vt 0.337914 0.344972
vt 0.309526 0.413212
vt 0.875324 0.362263
vt 0.875324 0.433938
vt 0.821235 0.385907
vt 0.820104 0.404204
vt 0.236010 0.141785
vt 0.199474 0.093424
vt 0.263586 0.077265
vt 0.285853 0.162491
vt 0.108877 0.185551
vt 0.092570 0.158175
vt 0.167279 0.169795
vt 0.190750 0.215476
vt 0.221016 0.188379
vt 0.228824 0.157652
vt 0.181027 0.138619
vt 0.257707 0.199877
vt 0.244158 0.171634
vt 0.186652 0.121299
vt 0.181869 0.086395
vt 0.182891 0.291560
vt 0.127101 0.273689
vt 0.100875 0.183735
vt 0.073253 0.216617
vt 0.112461 0.308610
vt 0.166844 0.329315
vt 0.145768 0.079844
vt 0.119568 0.145923
vt 0.246599 0.267238
vt 0.060741 0.250757
vt 0.232027 0.313745
vt 0.303148 0.280803
vt 0.169823 0.330428
vt 0.235351 0.313023
vt 0.342502 0.332038
vt 0.350733 0.309863
vt 0.251682 0.071344
vt 0.213258 0.053718
vt 0.140192 0.000432
vt 0.147845 0.072643
vt 0.051697 0.179851
vt 0.029171 0.236856
vt 0.028512 0.238410
vt 0.038662 0.284738
vt 0.011668 0.310563
vt 0.000431 0.332038
vt 0.736411 0.675734
vt 0.801984 0.675734
vt 0.739172 0.619603
vt 0.477559 0.603195
vt 0.483676 0.576246
vt 0.477721 0.577016
vt 0.517148 0.589044
vt 0.438761 0.577819
vt 0.438642 0.602415
vt 0.403078 0.568653
vt 0.396200 0.603195
vt 0.338654 0.570736
vt 0.356049 0.599820
vt 0.542487 0.590685
vt 0.545543 0.575423
vt 0.562054 0.588799
vt 0.598361 0.579679
vt 0.691544 0.044473
vt 0.691544 0.112694
vt 0.644953 0.079052
vt 0.683779 0.794905
vt 0.788179 0.794905
vt 0.744491 0.764681
vt 0.085850 0.864853
vt 0.012936 0.824391
vt 0.009060 0.864853
vt 0.047961 0.807858
vt 0.759936 0.567041
vt 0.792825 0.539135
vt 0.787021 0.639489
vt 0.793356 0.527050
vt 0.763348 0.526874
vt 0.768658 0.438256
vt 0.754605 0.584368
vt 0.721743 0.601029
vt 0.793356 0.641192
vt 0.919715 0.454281
vt 0.924504 0.376943
vt 0.924504 0.459845
vt 0.884815 0.384451
vt 0.488300 0.285618
vt 0.470260 0.262981
vt 0.467065 0.299654
vt 0.491372 0.253528
vt 0.491226 0.238220
vt 0.474249 0.214945
vt 0.489938 0.311019
vt 0.486157 0.319524
vt 0.455383 0.345089
vt 0.454139 0.277613
vt 0.458562 0.250883
vt 0.455249 0.370043
vt 0.457262 0.233176
vt 0.460209 0.196149
vt 0.476550 0.190589
vt 0.474451 0.151263
vt 0.486913 0.179970
vt 0.488813 0.122193
vt 0.475019 0.392400
vt 0.440969 0.360389
vt 0.451592 0.400583
vt 0.442538 0.350674
vt 0.438740 0.403878
vt 0.445579 0.467001
vt 0.491372 0.469344
vt 0.831320 0.310957
vt 0.831320 0.369254
vt 0.783635 0.369554
vt 0.782140 0.372625
vt 0.813978 0.257772
vt 0.790222 0.260615
vt 0.516458 0.104331
vt 0.497083 0.011658
vt 0.487921 0.101928
vt 0.497954 0.159031
vt 0.526675 0.145677
vt 0.492303 0.179118
vt 0.535308 0.208339
vt 0.517482 0.270277
vt 0.538833 0.219952
vt 0.557808 0.098035
vt 0.529898 0.314767
vt 0.557808 0.294969
vt 0.546586 0.214188
vt 0.523937 0.673088
vt 0.582804 0.698187
vt 0.580564 0.684987
vt 0.478430 0.698187
vt 0.569183 0.661242
vt 0.579931 0.660190
vt 0.592321 0.683076
vt 0.256687 0.184178
vt 0.283434 0.175734
vt 0.283434 0.270725
vt 0.329215 0.033922
vt 0.327420 0.018328
vt 0.269664 0.032070
vt 0.373367 0.019735
vt 0.374015 0.034111
vt 0.386235 0.018541
vt 0.274851 0.019287
vt 0.266124 0.034111
vt 0.267499 0.020230
vt 0.212683 0.021513
vt 0.217097 0.032958
vt 0.386972 0.031439
vt 0.269254 0.001295
vt 0.310144 0.001398
vt 0.017888 0.900322
vt 0.113192 0.908895
vt 0.066025 0.879534
vt 0.015099 0.908895
vt 0.115186 0.892851
vt 0.445643 0.936529
vt 0.367327 0.936529
vt 0.403474 0.909758
vt 0.363676 0.922973
vt 0.002717 0.129965
vt 0.001294 0.233592
vt 0.016825 0.233592
vt 0.587179 0.109827
vt 0.602908 0.136224
vt 0.604400 0.074976
vt 0.588868 0.150032
vt 0.604379 0.073479
vt 0.597396 0.054836
vt 0.579022 0.232305
vt 0.577949 0.302435
vt 0.585093 0.231503
vt 0.585817 0.193379
vt 0.588888 0.298407
vt 0.589829 0.314767
vt 0.602202 0.306703
vt 0.604400 0.310025
vt 0.579369 0.311420
vt 0.564138 0.296765
vt 0.565271 0.314027
vt 0.584387 0.200079
vt 0.571036 0.218444
vt 0.581523 0.175367
vt 0.560985 0.185068
vt 0.585903 0.152747
vt 0.561663 0.141593
vt 0.561147 0.077222
vt 0.574129 0.075342
vt 0.574441 0.056293
vt 0.586757 0.165485
vt 0.601272 0.154029
vt 0.598462 0.220987
vt 0.557871 0.269362
vt 0.600178 0.252342
vt 0.556946 0.269285
vt 0.560937 0.070579
vt 0.613028 0.226684
vt 0.613028 0.320812
vt 0.592321 0.282162
vt 0.122697 0.003203
vt 0.112066 0.004449
vt 0.122127 0.087974
vt 0.135030 0.002159
vt 0.135030 0.099210
vt 0.118502 0.104922
vt 0.097066 0.073684
vt 0.198878 0.927029
vt 0.235595 0.906304
vt 0.289474 0.927029
vt 0.206202 0.912960
vt 0.275336 0.484888
vt 0.235979 0.504750
vt 0.332614 0.504750
vt 0.890990 0.254967
vt 0.908110 0.199914
vt 0.888266 0.242005
vt 0.908110 0.303541
vt 0.946219 0.672280
vt 0.922778 0.713112
vt 0.949525 0.743955
vt 0.949525 0.672460
vt 0.833813 0.016839
vt 0.885677 0.025559
vt 0.786454 0.042746
vt 0.884936 0.042746
vt 0.032673 0.426141
vt 0.016372 0.424252
vt 0.011410 0.479974
vt 0.035807 0.380397
vt 0.008197 0.497982
vt 0.035807 0.534111
vt 0.649457 0.787927
vt 0.590101 0.787929
vt 0.590038 0.773639
vt 0.675220 0.765351
vt 0.696721 0.799929
vt 0.546537 0.788108
vt 0.542278 0.800086
vt 0.580311 0.768814
vt 0.628100 0.800086
vt 0.643141 0.753124
vt 0.587925 0.752591
vt 0.852028 0.620001
vt 0.888266 0.655872
vt 0.859658 0.591003
vt 0.872766 0.575089
vt 0.888266 0.567789
vt 0.927092 0.199493
vt 0.946074 0.141192
vt 0.945237 0.190394
vt 0.936263 0.221417
vt 0.946074 0.222366
vt 0.118637 0.937392
vt 0.167886 0.918731
vt 0.197153 0.937392
vt 0.118726 0.934671
vt 0.162915 0.907168
vt 0.760234 0.218702
vt 0.781277 0.236658
vt 0.781277 0.275271
vt 0.761550 0.199028
vt 0.781204 0.194732
vt 0.756255 0.278497
vt 0.918279 0.221262
vt 0.913287 0.288111
vt 0.924504 0.222379
vt 0.922175 0.189542
vt 0.924504 0.292314
vt 0.921274 0.182642
vt 0.479292 0.106040
vt 0.463224 0.073247
vt 0.479292 0.021292
vt 0.468887 0.019466
vt 0.455134 0.071827
vt 0.466778 0.018328
vt 0.475211 0.003022
vt 0.457472 0.128560
vt 0.472240 0.133623
vt 0.477421 0.123115
vt 0.476510 0.134283
vt 0.921915 0.314767
vt 0.935804 0.240501
vt 0.940035 0.314767
vt 0.939716 0.240745
vt 0.927955 0.637737
vt 0.946074 0.637737
vt 0.945754 0.563715
vt 0.941843 0.563471
vt 0.502200 0.933074
vt 0.484258 0.912025
vt 0.544003 0.908031
vt 0.540780 0.933074
vt 0.460311 0.932992
vt 0.464600 0.913342
vt 0.230441 0.842465
vt 0.333590 0.838420
vt 0.318375 0.848001
vt 0.231862 0.857971
vt 0.229940 0.836356
vt 0.230400 0.870898
vt 0.337791 0.870898
vt 0.956428 0.439983
vt 0.940035 0.522021
vt 0.956428 0.521267
vt 0.947660 0.445563
vt 0.558085 0.251587
vt 0.559534 0.173143
vt 0.559534 0.251727
vt 0.543141 0.179884
vt 0.681965 0.563078
vt 0.667538 0.545227
vt 0.670220 0.497234
vt 0.645828 0.567443
vt 0.682054 0.575193
vt 0.658608 0.595423
vt 0.682054 0.461035
vt 0.677994 0.454285
vt 0.656166 0.515095
vt 0.645977 0.442677
vt 0.637187 0.514217
vt 0.637196 0.458981
vt 0.669592 0.460054
vt 0.645899 0.359672
vt 0.681774 0.392664
vt 0.559119 0.644966
vt 0.547913 0.633473
vt 0.636324 0.614036
vt 0.528892 0.659454
vt 0.477014 0.651961
vt 0.582381 0.656716
vt 0.589130 0.646728
vt 0.599250 0.656110
vt 0.599658 0.659599
vt 0.583101 0.661054
vt 0.473572 0.632413
vt 0.533014 0.619762
vt 0.474700 0.627807
vt 0.427003 0.625029
vt 0.419758 0.644804
vt 0.457067 0.653505
vt 0.483700 0.603057
vt 0.576745 0.591969
vt 0.636254 0.612371
vt 0.421872 0.661054
vt 0.633214 0.599649
vt 0.609050 0.008248
vt 0.534513 0.019430
vt 0.609580 0.003886
vt 0.555442 0.006511
vt 0.664797 0.019430
vt 0.622419 0.007075
vt 0.185239 0.957254
vt 0.179473 0.977979
vt 0.236842 0.977979
vt 0.172131 0.969829
vt 0.999569 0.461572
vt 0.975410 0.459143
vt 0.999569 0.416667
vt 0.096192 0.981434
vt 0.037532 0.996978
vt 0.041700 0.993336
vt 0.108283 0.996978
vt 0.928818 0.077288
vt 0.915115 0.007071
vt 0.928818 0.001295
vt 0.896894 0.051956
vt 0.911889 0.007517
vt 0.437877 0.496978
vt 0.427524 0.456127
vt 0.437877 0.396805
vt 0.341242 0.294041
vt 0.399079 0.278488
vt 0.409225 0.293462
vt 0.442569 0.284770
vt 0.441738 0.269862
vt 0.396000 0.274326
vt 0.449957 0.294041
vt 0.366154 0.281596
vt 0.885661 0.103597
vt 0.903799 0.106224
vt 0.909191 0.097231
vt 0.889993 0.096883
vt 0.915597 0.086890
vt 0.887410 0.081513
vt 0.924504 0.076425
vt 0.882272 0.108927
vt 0.924504 0.149827
vt 0.874500 0.123574
vt 0.874461 0.118393
vt 0.291199 0.982297
vt 0.280463 0.965889
vt 0.230802 0.982297
vt 0.526372 0.958659
vt 0.532787 0.978702
vt 0.483355 0.974335
vt 0.527378 0.986615
vt 0.478430 0.986615
vt 0.491370 0.952936
vt 0.453144 0.608377
vt 0.410267 0.623921
vt 0.414441 0.613420
vt 0.471527 0.623921
vt 0.184211 0.006315
vt 0.198093 0.018566
vt 0.257340 0.003886
vt 0.262726 0.018566
vt 0.727540 0.915803
vt 0.686368 0.925302
vt 0.787317 0.925302
vt 0.969802 0.912873
vt 0.969370 0.941177
vt 0.983175 0.953800
vt 0.983175 0.884715
vt 0.649476 0.920561
vt 0.617343 0.933074
vt 0.688093 0.933074
vt 0.667276 0.918394
vt 0.193524 0.862163
vt 0.119500 0.876943
vt 0.183488 0.857945
vt 0.236842 0.876943
vt 0.122194 0.861975
vt 0.770436 0.986615
vt 0.698447 0.986615
vt 0.770923 0.979562
vt 0.710565 0.972798
vt 0.658825 0.941750
vt 0.697237 0.933669
vt 0.658758 0.953303
vt 0.698273 0.945107
vt 0.706311 0.942936
vt 0.703742 0.933074
vt 0.689726 0.957021
vt 0.737274 0.958117
vt 0.674143 0.958117
vt 0.732615 0.936798
vt 0.733146 0.942348
vt 0.734181 0.954395
vt 0.658998 0.937256
vt 0.691254 0.934287
vt 0.743653 0.951209
vt 0.739862 0.960708
vt 0.834771 0.960708
vt 0.746990 0.457842
vt 0.694820 0.467406
vt 0.710989 0.450345
vt 0.686368 0.484888
vt 0.764884 0.484888
vt 0.962845 0.951209
vt 0.999569 0.973661
vt 0.999055 0.968457
vt 0.960742 0.973661
vt 0.859635 0.968480
vt 0.881253 0.998069
vt 0.855699 0.983886
vt 0.881530 0.999568
vt 0.883952 0.986804
vt 0.830457 0.999568
vt 0.313632 0.076645
vt 0.326575 0.138601
vt 0.326575 0.073834
vt 0.325056 0.138299
vt 0.878775 0.180052
vt 0.878775 0.227463
vt 0.865894 0.224663
vt 0.866389 0.238978
vt 0.862381 0.183768
vt 0.876000 0.240501
vt 0.377481 0.785158
vt 0.373917 0.794041
vt 0.286011 0.794041
vt 0.308790 0.744646
vt 0.370717 0.749047
vt 0.285186 0.764259
vt 0.283000 0.728411
vt 0.258206 0.745986
vt 0.289687 0.731018
vt 0.341153 0.736259
vt 0.230585 0.730514
vt 0.273529 0.762586
vt 0.210958 0.741392
vt 0.108901 0.103242
vt 0.117774 0.140328
vt 0.095341 0.140328
vt 0.114012 0.102332
vt 0.381366 0.268035
vt 0.381985 0.239952
vt 0.379226 0.267913
vt 0.376996 0.239371
vt 0.356331 0.239805
vt 0.408952 0.265368
vt 0.323189 0.146772
vt 0.312602 0.116219
vt 0.316401 0.189351
vt 0.313300 0.106971
vt 0.342658 0.163474
vt 0.324019 0.171531
vt 0.341406 0.148942
vt 0.436249 0.062865
vt 0.423493 0.087425
vt 0.435543 0.078648
vt 0.445562 0.148784
vt 0.454271 0.083994
vt 0.447794 0.078669
vt 0.445176 0.035462
vt 0.450595 0.036165
vt 0.451871 0.009516
vt 0.431598 0.188416
vt 0.430735 0.201986
vt 0.450013 0.196929
vt 0.443656 0.183935
vt 0.434129 0.126547
vt 0.430759 0.190134
vt 0.440571 0.227361
vt 0.454271 0.229436
vt 0.418958 0.217601
vt 0.406509 0.187819
vt 0.408234 0.139870
vt 0.406449 0.218196
vt 0.424117 0.112488
vt 0.446771 0.006477
vt 0.439056 0.006709
vt 0.393602 0.222127
vt 0.416528 0.247360
vt 0.416074 0.190339
vt 0.406119 0.246509
vt 0.394019 0.246438
vt 0.381608 0.221940
vt 0.368722 0.222134
vt 0.359403 0.221884
vt 0.349632 0.240278
vt 0.354043 0.221947
vt 0.343722 0.240236
vt 0.342508 0.222077
vt 0.353292 0.151589
vt 0.364859 0.181623
vt 0.363626 0.149924
vt 0.353328 0.120293
vt 0.362978 0.110996
vt 0.367337 0.148897
vt 0.371892 0.090021
vt 0.379141 0.145449
vt 0.372131 0.035409
vt 0.378863 0.097772
vt 0.387127 0.050366
vt 0.394492 0.186384
vt 0.420493 0.270645
vt 0.379771 0.188171
vt 0.343671 0.270130
vt 0.352067 0.108379
vt 0.354278 0.050856
vt 0.341680 0.071068
vt 0.360741 0.269085
vt 0.325422 0.190589
vt 0.328766 0.240486
vt 0.318300 0.222978
vt 0.318186 0.230041
vt 0.356191 0.271228
vt 0.294624 0.169642
vt 0.293788 0.199799
vt 0.295685 0.277634
vt 0.419435 0.201496
vt 0.274806 0.095686
vt 0.298230 0.115784
vt 0.311044 0.159326
vt 0.311044 0.050518
vt 0.301768 0.114669
vt 0.063417 0.428793
vt 0.055651 0.436978
vt 0.063417 0.494387
vt 0.057462 0.427893
vt 0.475440 0.883819
vt 0.462114 0.857081
vt 0.504314 0.884715
vt 0.397894 0.866973
vt 0.395600 0.884715
vt 0.574390 0.817358
vt 0.606965 0.821918
vt 0.564434 0.832445
vt 0.523940 0.833013
vt 0.531150 0.823617
vt 0.484469 0.829952
vt 0.632010 0.833765
vt 0.521631 0.833765
vt 0.828732 0.632556
vt 0.850179 0.702651
vt 0.840148 0.704231
vt 0.883990 0.704231
vt 0.882877 0.664091
vt 0.888266 0.665076
vt 0.622519 0.100909
vt 0.605263 0.094488
vt 0.606841 0.104059
vt 0.622519 0.057427
vt 0.218334 0.609505
vt 0.242019 0.616149
vt 0.141933 0.616149
vt 0.196583 0.601468
vt 0.896031 0.772453
vt 0.896031 0.833765
vt 0.892892 0.819537
vt 0.879638 0.783351
vt 0.632873 0.000612
vt 0.715703 0.011658
vt 0.694977 0.000432
vt 0.663400 0.011658
vt 0.910456 0.860014
vt 0.902764 0.825024
vt 0.915876 0.855654
vt 0.915876 0.881261
vt 0.905840 0.777634
vt 0.897757 0.861209
vt 0.103106 0.879534
vt 0.057377 0.877790
vt 0.103106 0.864853
vt 0.060208 0.873539
vt 0.407290 0.962435
vt 0.418033 0.984024
vt 0.389382 0.962661
vt 0.385246 0.984024
vt 0.086408 0.967820
vt 0.122951 0.979706
vt 0.122951 0.960708
vt 0.079810 0.973014
vt 0.298102 0.705095
vt 0.297389 0.692142
vt 0.244607 0.705095
vt 0.245642 0.702634
vt 0.673910 0.270725
vt 0.688408 0.270015
vt 0.693571 0.223442
vt 0.682503 0.216675
vt 0.669972 0.218613
vt 0.663218 0.267385
vt 0.665368 0.160275
vt 0.648584 0.119547
vt 0.647541 0.176836
vt 0.684489 0.170153
vt 0.675312 0.112869
vt 0.679869 0.114583
vt 0.698707 0.133989
vt 0.699827 0.113777
vt 0.714840 0.062608
vt 0.652648 0.099184
vt 0.701113 0.170420
vt 0.648115 0.267038
vt 0.697411 0.209587
vt 0.714840 0.166466
vt 0.711146 0.196898
vt 0.749353 0.192142
vt 0.754094 0.175734
vt 0.790768 0.192142
vt 0.789904 0.182693
vt 0.009060 0.982297
vt 0.011533 0.969344
vt 0.060439 0.982297
vt 0.082399 0.976742
vt 0.973684 0.569516
vt 0.973684 0.623057
vt 0.962468 0.619233
vt 0.972143 0.569674
vt 0.620998 0.284674
vt 0.618543 0.304686
vt 0.623667 0.295748
vt 0.623881 0.299685
vt 0.630066 0.303325
vt 0.632476 0.296470
vt 0.635810 0.306820
vt 0.633359 0.312012
vt 0.638050 0.313354
vt 0.632799 0.312324
vt 0.633967 0.296663
vt 0.638050 0.128811
vt 0.604400 0.154205
vt 0.635848 0.069516
vt 0.621380 0.273297
vt 0.619499 0.329447
vt 0.620794 0.868307
vt 0.620794 0.904577
vt 0.603538 0.900929
vt 0.794219 0.138227
vt 0.805436 0.175734
vt 0.805436 0.119603
vt 0.794342 0.136632
vt 0.916667 0.359285
vt 0.888375 0.352674
vt 0.892992 0.338115
vt 0.886609 0.358386
vt 0.921053 0.341061
vt 0.920929 0.337997
vt 0.884815 0.326224
vt 0.900172 0.374352
vt 0.921053 0.294905
vt 0.772649 0.804423
vt 0.790768 0.827720
vt 0.790768 0.795769
vt 0.781114 0.826443
vt 0.549460 0.472452
vt 0.528181 0.503385
vt 0.522691 0.488788
vt 0.517231 0.475438
vt 0.549237 0.471410
vt 0.550906 0.496512
vt 0.534230 0.515861
vt 0.495620 0.502326
vt 0.472434 0.489818
vt 0.439583 0.507261
vt 0.506603 0.515530
vt 0.463519 0.508815
vt 0.446985 0.536429
vt 0.422293 0.519475
vt 0.423782 0.515426
vt 0.367867 0.545300
vt 0.396797 0.518759
vt 0.324994 0.536764
vt 0.363386 0.546815
vt 0.315450 0.537903
vt 0.410134 0.538925
vt 0.373381 0.549802
vt 0.504555 0.470787
vt 0.506903 0.470207
vt 0.506274 0.522272
vt 0.538134 0.525278
vt 0.367799 0.551888
vt 0.306730 0.566926
vt 0.499885 0.545795
vt 0.489335 0.543567
vt 0.456951 0.553515
vt 0.523304 0.561083
vt 0.543377 0.530681
vt 0.535831 0.566926
vt 0.090014 0.695596
vt 0.031493 0.705095
vt 0.091890 0.705095
vt 0.979806 0.171416
vt 0.982312 0.155622
vt 0.970233 0.112621
vt 0.982312 0.108377
vt 0.604400 0.818221
vt 0.626126 0.803541
vt 0.636449 0.818221
vt 0.664797 0.805622
vt 0.316221 0.890106
vt 0.280540 0.903713
vt 0.240163 0.903713
vt 0.211821 0.894600
vt 0.254410 0.889896
vt 0.933995 0.965889
vt 0.933995 0.933358
vt 0.918150 0.942636
vt 0.876091 0.944465
vt 0.924234 0.919257
vt 0.875324 0.925884
vt 0.156583 0.850936
vt 0.197673 0.843264
vt 0.156734 0.851863
vt 0.209232 0.852763
vt 0.128976 0.848213
vt 0.129814 0.849023
vt 0.092752 0.852763
vt 0.794339 0.104631
vt 0.794219 0.107805
vt 0.807028 0.114477
vt 0.802389 0.071244
vt 0.826841 0.178486
vt 0.829594 0.101065
vt 0.823572 0.079151
vt 0.813886 0.178154
vt 0.815256 0.184265
vt 0.829594 0.197323
vt 0.067294 0.811313
vt 0.053063 0.799400
vt 0.092371 0.798359
vt 0.097929 0.811313
vt 0.725013 0.960148
vt 0.686368 0.970207
vt 0.690475 0.959845
vt 0.738136 0.970207
vt 0.893783 0.441114
vt 0.878775 0.447848
vt 0.894305 0.408031
vt 0.894305 0.468480
vt 0.412799 0.018566
vt 0.400777 0.047927
vt 0.417170 0.047927
vt 0.750195 0.828473
vt 0.753149 0.818125
vt 0.746159 0.819193
vt 0.787317 0.834629
vt 0.644090 0.834629
vt 0.686699 0.800950
vt 0.996117 0.021392
vt 0.970278 0.037245
vt 0.968507 0.050827
vt 0.984559 0.021157
vt 0.972930 0.075561
vt 0.992096 0.058529
vt 0.971139 0.062861
vt 0.988280 0.046253
vt 0.996117 0.052128
vt 0.499137 0.278497
vt 0.499137 0.336356
vt 0.491372 0.307535
vt 0.703624 0.245878
vt 0.710526 0.213731
vt 0.710526 0.279361
vt 0.346517 0.400432
vt 0.322261 0.421848
vt 0.327298 0.398601
vt 0.341916 0.388169
vt 0.354185 0.421848
vt 0.981424 0.005613
vt 0.943486 0.015976
vt 0.986626 0.015976
vt 0.838223 0.954663
vt 0.834261 0.945164
vt 0.789042 0.952910
vt 0.830902 0.954663
vt 0.339517 0.517703
vt 0.380718 0.506477
vt 0.394737 0.512853
vt 0.382926 0.517703
vt 0.352477 0.336468
vt 0.357747 0.376079
vt 0.351973 0.374647
vt 0.363430 0.342466
vt 0.373262 0.351812
vt 0.349008 0.334669
vt 0.385246 0.306063
vt 0.385246 0.354363
vt 0.383399 0.305578
vt 0.372980 0.300086
vt 0.790768 0.837703
vt 0.804573 0.843264
vt 0.798729 0.809726
vt 0.804573 0.808722
vt 0.959879 0.295430
vt 0.971779 0.299237
vt 0.962538 0.330311
vt 0.961006 0.329257
vt 0.988352 0.274180
vt 0.988352 0.328225
vt 0.831433 0.549523
vt 0.800565 0.560881
vt 0.800259 0.547927
vt 0.836497 0.560881
vt 0.556298 0.982297
vt 0.556912 0.990189
vt 0.586281 0.996114
vt 0.517256 0.996114
vt 0.591458 0.737047
vt 0.590411 0.750000
vt 0.559534 0.750000
vt 0.559546 0.744011
vt 0.247196 0.419257
vt 0.280846 0.419257
vt 0.252506 0.408031
vt 0.395600 0.357081
vt 0.395600 0.297082
vt 0.391864 0.295769
vt 0.387834 0.335135
vt 0.639776 0.996978
vt 0.676721 0.996978
vt 0.655111 0.986615
vt 0.708801 0.994125
vt 0.993529 0.787997
vt 0.987489 0.786896
vt 0.993529 0.724957
vt 0.770060 0.389033
vt 0.801984 0.376079
vt 0.800126 0.389033
vt 0.774570 0.378472
vt 0.676877 0.863990
vt 0.643227 0.863990
vt 0.664586 0.853203
vt 0.672335 0.843264
vt 0.665665 0.957623
vt 0.684642 0.962400
vt 0.677748 0.979594
vt 0.665889 0.979517
vt 0.661213 0.957099
vt 0.651177 0.981434
vt 0.641523 0.981434
vt 0.652431 0.953800
vt 0.623382 0.970151
vt 0.720017 0.485751
vt 0.719691 0.499568
vt 0.693814 0.485950
vt 0.693270 0.499568
vt 0.023727 0.012522
vt 0.065142 0.012522
vt 0.025545 0.003886
vt 0.177308 0.951209
vt 0.210958 0.951209
vt 0.196583 0.940846
vt 0.481018 0.866580
vt 0.524663 0.860919
vt 0.495725 0.857081
vt 0.539689 0.866580
vt 0.591269 0.486094
vt 0.591064 0.487785
vt 0.604551 0.498933
vt 0.605840 0.501518
vt 0.588705 0.505208
vt 0.595661 0.477116
vt 0.583663 0.516769
vt 0.590338 0.520153
vt 0.590011 0.527164
vt 0.582727 0.526897
vt 0.580961 0.540893
vt 0.588849 0.541962
vt 0.619139 0.551245
vt 0.586561 0.556184
vt 0.618727 0.555693
vt 0.586188 0.575561
vt 0.622381 0.542501
vt 0.606438 0.528237
vt 0.618935 0.517171
vt 0.554357 0.557026
vt 0.554515 0.571737
vt 0.622519 0.503673
vt 0.622519 0.574911
vt 0.274128 0.585207
vt 0.246619 0.572841
vt 0.228214 0.575616
vt 0.303279 0.534111
vt 0.303279 0.591969
vt 0.929013 0.153886
vt 0.933132 0.176598
vt 0.933132 0.105786
vt 0.912425 0.117395
vt 0.007278 0.916270
vt 0.001294 0.961686
vt 0.008197 0.962435
vt 0.008197 0.905440
vt 0.990078 0.858808
vt 0.990719 0.819085
vt 0.998706 0.858808
vt 0.995415 0.820643
vt 0.079991 0.008165
vt 0.059103 0.021447
vt 0.069102 0.028751
vt 0.095341 0.032383
vt 0.095341 0.000432
vt 0.069756 0.029100
vt 0.519999 0.015016
vt 0.508628 0.013380
vt 0.522433 0.003022
vt 0.522433 0.041019
vt 0.634599 0.554952
vt 0.642364 0.539292
vt 0.642364 0.576425
vt 0.765746 0.445014
vt 0.757224 0.452073
vt 0.740868 0.432255
vt 0.750639 0.424661
vt 0.738999 0.440452
vt 0.765746 0.424439
vt 0.330889 0.257362
vt 0.323350 0.278430
vt 0.330889 0.291451
vt 0.312700 0.271178
vt 0.310181 0.256140
vt 0.321034 0.251727
vt 0.043795 0.707686
vt 0.010785 0.715458
vt 0.047886 0.715458
vt 0.048749 0.884715
vt 0.048749 0.868307
vt 0.034081 0.880796
vt 0.036065 0.877352
vt 0.949686 0.928551
vt 0.953365 0.934338
vt 0.948918 0.922188
vt 0.957291 0.965889
vt 0.957291 0.893876
vt 0.947862 0.892487
vt 0.933132 0.913649
vt 0.545729 0.313726
vt 0.556946 0.308949
vt 0.556946 0.330311
vt 0.551008 0.307858
vt 0.574703 0.800950
vt 0.563848 0.808722
vt 0.594047 0.808722
vt 0.459448 0.918394
vt 0.423210 0.918394
vt 0.440455 0.912349
vt 0.424747 0.915529
vt 0.835003 0.170299
vt 0.831636 0.165497
vt 0.831320 0.174662
vt 0.837360 0.175734
vt 0.837360 0.108377
vt 0.837247 0.144043
vt 0.418033 0.465169
vt 0.393185 0.456059
vt 0.410319 0.453996
vt 0.280991 0.436848
vt 0.275693 0.437489
vt 0.277888 0.436180
vt 0.238169 0.455112
vt 0.208045 0.457054
vt 0.207587 0.454709
vt 0.188948 0.456233
vt 0.188283 0.457526
vt 0.235233 0.472906
vt 0.187522 0.468922
vt 0.187024 0.480437
vt 0.159544 0.478599
vt 0.159037 0.488691
vt 0.186357 0.493523
vt 0.158822 0.492470
vt 0.234737 0.484379
vt 0.186768 0.432844
vt 0.201499 0.434559
vt 0.315768 0.449469
vt 0.297205 0.460162
vt 0.319622 0.450197
vt 0.347172 0.431475
vt 0.337880 0.453189
vt 0.296389 0.472993
vt 0.318718 0.463801
vt 0.295881 0.480678
vt 0.239487 0.458979
vt 0.236993 0.481512
vt 0.315509 0.478111
vt 0.384494 0.479103
vt 0.390989 0.482422
vt 0.411237 0.479697
vt 0.295444 0.487089
vt 0.342736 0.492544
vt 0.356989 0.493523
vt 0.203233 0.420037
vt 0.213843 0.409758
vt 0.386186 0.457015
vt 0.140151 0.444911
vt 0.136822 0.433232
vt 0.162120 0.415477
vt 0.246667 0.422004
vt 0.289857 0.425353
vt 0.135700 0.417701
vt 0.099114 0.414876
vt 0.076671 0.443325
vt 0.076359 0.444731
vt 0.162280 0.414578
vt 0.291199 0.250864
vt 0.284297 0.222034
vt 0.291199 0.219775
vt 0.184599 0.501046
vt 0.240986 0.493690
vt 0.197869 0.502936
vt 0.184873 0.505291
vt 0.130923 0.499526
vt 0.110745 0.485800
vt 0.077188 0.491178
vt 0.122057 0.474525
vt 0.069963 0.507251
vt 0.069445 0.508613
vt 0.105726 0.521242
vt 0.136069 0.521049
vt 0.091707 0.533247
vt 0.040121 0.530986
vt 0.239397 0.523407
vt 0.242423 0.506333
vt 0.293583 0.528757
vt 0.237920 0.529520
vt 0.292322 0.533247
vt 0.071730 0.482219
vt 0.347282 0.507207
vt 0.310769 0.533076
vt 0.878885 0.063472
vt 0.871872 0.069516
vt 0.910699 0.069516
vt 0.384383 0.151128
vt 0.392148 0.135147
vt 0.392148 0.163644
vt 0.842004 0.807858
vt 0.825106 0.818590
vt 0.824418 0.828584
vt 0.848880 0.818131
vt 0.857204 0.828584
vt 0.232528 0.325993
vt 0.275669 0.325993
vt 0.244189 0.322539
vt 0.948663 0.410622
vt 0.945211 0.369420
vt 0.948663 0.369171
vt 0.882297 0.163524
vt 0.880500 0.248814
vt 0.881617 0.220470
vt 0.884815 0.267271
vt 0.884815 0.146373
vt 0.885829 0.171365
vt 0.889872 0.143159
vt 0.885677 0.142919
vt 0.904659 0.202504
vt 0.904659 0.146760
vt 0.522433 0.848446
vt 0.512527 0.840766
vt 0.506040 0.848446
vt 0.521691 0.838002
vt 0.522142 0.835492
vt 0.506764 0.835578
vt 0.779024 0.692844
vt 0.790768 0.680052
vt 0.776273 0.705243
vt 0.721079 0.705189
vt 0.719303 0.695328
vt 0.699411 0.742415
vt 0.697828 0.742343
vt 0.750652 0.731983
vt 0.714893 0.745152
vt 0.683193 0.766408
vt 0.638913 0.744494
vt 0.788992 0.738658
vt 0.726662 0.760953
vt 0.789959 0.766408
vt 0.787954 0.741797
vt 0.750601 0.722658
vt 0.788447 0.721696
vt 0.453408 0.556563
vt 0.496549 0.556563
vt 0.480514 0.553972
vt 0.068594 0.449482
vt 0.065142 0.442639
vt 0.068594 0.416667
vt 0.529336 0.329447
vt 0.529336 0.347582
vt 0.523296 0.336580
vt 0.871537 0.738258
vt 0.878775 0.734976
vt 0.857021 0.732774
vt 0.853685 0.787237
vt 0.876833 0.799320
vt 0.855771 0.802874
vt 0.871524 0.827720
vt 0.845829 0.803600
vt 0.847474 0.794721
vt 0.829143 0.730138
vt 0.841342 0.790438
vt 0.827006 0.730458
vt 0.828387 0.802529
vt 0.878775 0.787797
vt 0.045876 0.965889
vt 0.044435 0.969344
vt 0.077222 0.969344
vt 0.953840 0.371762
vt 0.953840 0.303541
vt 0.952639 0.340405
vt 0.942214 0.328247
vt 0.941319 0.343100
vt 0.922949 0.320565
vt 0.922778 0.345855
vt 0.895168 0.456116
vt 0.898619 0.433074
vt 0.898619 0.460708
vt 0.959016 0.377807
vt 0.957291 0.350439
vt 0.959016 0.317358
vt 0.096204 0.689551
vt 0.076587 0.687824
vt 0.059103 0.689551
vt 0.053926 0.332038
vt 0.053926 0.335492
vt 0.039258 0.334480
vt 0.864821 0.244513
vt 0.864970 0.231865
vt 0.861519 0.235138
vt 0.861723 0.246094
vt 0.864970 0.246546
vt 0.862224 0.232585
vt 0.191976 0.531520
vt 0.186964 0.528929
vt 0.175582 0.531520
vt 0.391188 0.183506
vt 0.397565 0.141830
vt 0.393594 0.164134
vt 0.394405 0.148588
vt 0.399914 0.102014
vt 0.388697 0.089625
vt 0.399914 0.030656
vt 0.813201 0.526339
vt 0.837360 0.526339
vt 0.820179 0.524611
vt 0.539689 0.974525
vt 0.575927 0.974525
vt 0.541592 0.973661
vt 0.688956 0.533678
vt 0.692407 0.527202
vt 0.692407 0.534974
vt 0.785526 0.965026
vt 0.758844 0.965889
vt 0.786454 0.965889
vt 0.792550 0.068191
vt 0.805374 0.069516
vt 0.780414 0.067433
vt 0.805039 0.045868
vt 0.818580 0.068248
vt 0.818651 0.045337
vt 0.830017 0.052684
vt 0.844262 0.059034
vt 0.830712 0.069516
vt 0.756255 0.553497
vt 0.699864 0.520943
vt 0.756255 0.487478
vt 0.698643 0.523018
vt 0.710829 0.599432
vt 0.689819 0.562981
vt 0.694280 0.632060
vt 0.692959 0.633420
vt 0.048130 0.307634
vt 0.098946 0.330311
vt 0.004745 0.330311
vt 0.099470 0.314445
vt 0.046564 0.294905
vt 0.102243 0.305697
vt 0.201646 0.626087
vt 0.202425 0.640604
vt 0.115724 0.622828
vt 0.042709 0.617370
vt 0.102473 0.610967
vt 0.043566 0.623317
vt 0.044782 0.630022
vt 0.142588 0.644539
vt 0.047812 0.650743
vt 0.165024 0.655521
vt 0.097825 0.662563
vt 0.146365 0.669986
vt 0.178765 0.666037
vt 0.135307 0.682642
vt 0.246363 0.637717
vt 0.251510 0.649584
vt 0.051872 0.682642
vt 0.050762 0.670627
vt 0.047534 0.656576
vt 0.475841 0.945164
vt 0.400234 0.952781
vt 0.475084 0.961572
vt 0.394737 0.961572
vt 0.469371 0.976993
vt 0.427428 0.980837
vt 0.480155 0.992660
vt 0.421484 0.992660
vt 0.471138 0.965026
vt 0.433587 0.965148
vt 0.401639 0.862263
vt 0.381834 0.843494
vt 0.367931 0.861266
vt 0.363698 0.850843
vt 0.334139 0.862263
vt 0.330026 0.850486
vt 0.367001 0.840674
vt 0.797670 0.186960
vt 0.789176 0.126339
vt 0.781483 0.132181
vt 0.792844 0.137845
vt 0.751736 0.139734
vt 0.768239 0.051749
vt 0.740134 0.085541
vt 0.738119 0.080475
vt 0.709022 0.124865
vt 0.690682 0.035508
vt 0.797670 0.019430
vt 0.729924 0.024599
vt 0.750626 0.143232
vt 0.796431 0.031761
vt 0.012511 0.589378
vt 0.003215 0.511658
vt 0.000431 0.546143
vt 0.012511 0.533880
vt 0.971778 0.838098
vt 0.959879 0.834288
vt 0.960989 0.868116
vt 0.962520 0.869171
vt 0.988352 0.813040
vt 0.988352 0.867093
vt 0.614195 0.632965
vt 0.634818 0.677291
vt 0.644324 0.678694
vt 0.650415 0.630328
vt 0.627495 0.632189
vt 0.669507 0.656540
vt 0.668973 0.673158
vt 0.685960 0.668722
vt 0.660123 0.664526
vt 0.680281 0.649446
vt 0.687474 0.668394
vt 0.692788 0.646412
vt 0.706897 0.662616
vt 0.704450 0.643385
vt 0.713085 0.660704
vt 0.673531 0.624288
vt 0.702814 0.671448
vt 0.712399 0.668955
vt 0.695657 0.673388
vt 0.685916 0.621509
vt 0.662634 0.626596
vt 0.623399 0.564335
vt 0.662730 0.684153
vt 0.638786 0.581010
vt 0.728645 0.688444
vt 0.652646 0.687458
vt 0.639210 0.692585
vt 0.621442 0.670757
vt 0.626630 0.724423
vt 0.611982 0.724957
vt 0.609577 0.671663
vt 0.728645 0.625906
vt 0.715357 0.630384
vt 0.879638 0.234456
vt 0.879638 0.305268
vt 0.874461 0.295574
vt 0.631148 0.889033
vt 0.639290 0.869963
vt 0.701859 0.877628
vt 0.701084 0.879381
vt 0.721999 0.889033
vt 0.736411 0.874597
vt 0.735438 0.863771
vt 0.703868 0.865550
vt 0.714883 0.858808
vt 0.668206 0.867224
vt 0.189050 0.982297
vt 0.250647 0.994387
vt 0.185073 0.994387
vt 0.146247 0.827720
vt 0.158326 0.827720
vt 0.152237 0.825993
vt 0.227351 0.725820
vt 0.267308 0.707876
vt 0.261068 0.707686
vt 0.269629 0.725820
vt 0.951251 0.639714
vt 0.964193 0.702504
vt 0.958386 0.681297
vt 0.964193 0.626511
vt 0.732936 0.214000
vt 0.740410 0.217054
vt 0.723261 0.264424
vt 0.747687 0.152399
vt 0.737103 0.140328
vt 0.716566 0.213037
vt 0.740922 0.267018
vt 0.753667 0.157788
vt 0.748956 0.246730
vt 0.753667 0.218056
vt 0.720186 0.269820
vt 0.721355 0.270314
vt 0.719904 0.275907
vt 0.085415 0.936529
vt 0.072299 0.923874
vt 0.030990 0.930850
vt 0.036507 0.911485
vt 0.030440 0.912703
vt 0.091158 0.919878
vt 0.092752 0.934900
vt 0.009922 0.936529
vt 0.855299 0.058011
vt 0.854224 0.117602
vt 0.871872 0.114986
vt 0.869157 0.056563
vt 0.871872 0.169689
vt 0.839085 0.117847
vt 0.029292 0.939493
vt 0.086726 0.950143
vt 0.009922 0.965026
vt 0.088392 0.965026
vt 0.088438 0.939119
vt 0.657895 0.272453
vt 0.657895 0.351036
vt 0.637187 0.295476
vt 0.817515 0.875179
vt 0.739862 0.883457
vt 0.740070 0.869672
vt 0.817515 0.857081
vt 0.809181 0.883912
vt 0.769605 0.893270
vt 0.808546 0.894621
vt 0.806289 0.908895
vt 0.740344 0.906175
vt 0.673529 0.892487
vt 0.621657 0.907168
vt 0.726920 0.907168
vt 0.965056 0.019342
vt 0.961892 0.080743
vt 0.941004 0.017703
vt 0.965056 0.080484
vt 0.936813 0.079378
vt 0.930544 0.032762
vt 0.816652 0.401123
vt 0.784853 0.446028
vt 0.797531 0.469647
vt 0.780414 0.454732
vt 0.816652 0.522021
vt 0.832183 0.622654
vt 0.863244 0.672280
vt 0.843872 0.603762
vt 0.863244 0.551382
vt 0.376618 0.446891
vt 0.419758 0.446891
vt 0.417141 0.422712
vt 0.414743 0.423527
vt 0.578516 0.471071
vt 0.568816 0.500714
vt 0.567821 0.539566
vt 0.578516 0.540155
vt 0.555806 0.471631
vt 0.553494 0.537351
vt 0.132442 0.806995
vt 0.185936 0.806995
vt 0.137515 0.794041
vt 0.999569 0.324266
vt 0.996980 0.301049
vt 0.999569 0.262953
vt 0.210095 0.002159
vt 0.204306 0.001295
vt 0.154012 0.002159
vt 0.215739 0.963426
vt 0.292925 0.965026
vt 0.215272 0.942485
vt 0.215636 0.965026
vt 0.261022 0.939983
vt 0.539689 0.846946
vt 0.602227 0.870898
vt 0.541159 0.870898
vt 0.602354 0.867848
vt 0.600984 0.842995
vt 0.553762 0.837219
vt 0.604674 0.867139
vt 0.640638 0.845289
vt 0.509491 0.452073
vt 0.500000 0.449502
vt 0.509491 0.405440
vt 0.507268 0.353673
vt 0.505543 0.361042
vt 0.494823 0.340297
vt 0.516778 0.361065
vt 0.520707 0.358977
vt 0.520707 0.287849
vt 0.508300 0.277634
vt 0.520020 0.361399
vt 0.314495 0.724137
vt 0.369715 0.717185
vt 0.320230 0.725103
vt 0.369715 0.735319
vt 0.389729 0.052131
vt 0.393874 0.034479
vt 0.393874 0.052245
vt 0.388697 0.034111
vt 0.785460 0.947755
vt 0.791631 0.947755
vt 0.786666 0.934801
vt 0.741588 0.939277
vt 0.300690 0.047927
vt 0.194564 0.036235
vt 0.218161 0.047927
vt 0.249352 0.034974
vt 0.132442 0.592832
vt 0.108909 0.581606
vt 0.091027 0.583510
vt 0.102458 0.592832
vt 0.785631 0.840674
vt 0.682054 0.847482
vt 0.791631 0.853627
vt 0.683791 0.853627
vt 0.093649 0.577288
vt 0.081536 0.580743
vt 0.137619 0.580743
vt 0.147972 0.395542
vt 0.042709 0.408895
vt 0.145647 0.408895
vt 0.082471 0.389033
vt 0.515531 0.908895
vt 0.475769 0.889033
vt 0.412593 0.908895
vt 0.410267 0.895544
vt 0.386757 0.712076
vt 0.383138 0.691360
vt 0.411409 0.684484
vt 0.283228 0.714269
vt 0.322984 0.695864
vt 0.423518 0.694611
vt 0.284255 0.723098
vt 0.274818 0.724957
vt 0.273943 0.722492
vt 0.381183 0.678325
vt 0.443699 0.712233
vt 0.390442 0.724957
vt 0.457893 0.708736
vt 0.493097 0.681997
vt 0.536281 0.109249
vt 0.544003 0.111831
vt 0.526347 0.058260
vt 0.544003 0.055699
vt 0.511217 0.064144
vt 0.338654 0.123894
vt 0.334656 0.141192
vt 0.338654 0.037565
vt 0.327437 0.038883
vt 0.467992 0.835492
vt 0.445717 0.841023
vt 0.500863 0.855354
vt 0.399051 0.855354
vt 0.739668 0.000432
vt 0.836497 0.010794
vt 0.731234 0.010794
vt 0.786805 0.004412
vt 0.845125 0.014249
vt 0.905522 0.014249
vt 0.885635 0.001295
vt 0.898523 0.002462
vt 0.559290 0.030270
vt 0.512942 0.053109
vt 0.616970 0.031758
vt 0.561018 0.021157
vt 0.616693 0.023660
vt 0.617259 0.040227
vt 0.630049 0.039429
vt 0.670837 0.025950
vt 0.669913 0.052660
vt 0.610093 0.051191
vt 0.562918 0.053109
vt 0.809474 0.971638
vt 0.770923 0.992660
vt 0.836497 0.992660
vt 0.781068 0.971071
vt 0.929681 0.446003
vt 0.936583 0.430484
vt 0.936583 0.457254
vt 0.395006 0.489206
vt 0.393874 0.496114
vt 0.425798 0.496114
vt 0.352987 0.817897
vt 0.306186 0.829331
vt 0.319202 0.832536
vt 0.352989 0.805268
vt 0.359795 0.817905
vt 0.369994 0.807746
vt 0.278742 0.809768
vt 0.374892 0.834629
vt 0.312837 0.831904
vt 0.248043 0.834629
vt 0.239431 0.822567
vt 0.939172 0.811313
vt 0.971904 0.795213
vt 0.994392 0.811313
vt 0.978613 0.794905
vt 0.961605 0.468957
vt 0.974547 0.471071
vt 0.974547 0.453800
vt 0.962760 0.462355
vt 0.940035 0.566062
vt 0.929004 0.564169
vt 0.940035 0.548791
vt 0.927955 0.553006
vt 0.810367 0.835492
vt 0.823539 0.824238
vt 0.810929 0.763279
vt 0.797670 0.763686
vt 0.826143 0.768874
vt 0.810783 0.711280
vt 0.826143 0.708549
vt 0.806472 0.711273
vt 0.996980 0.715458
vt 0.996980 0.672280
vt 0.982649 0.675268
vt 0.981450 0.703994
vt 0.962634 0.776323
vt 0.962468 0.742228
vt 0.986626 0.797496
vt 0.986626 0.746924
vt 0.550882 0.874352
vt 0.555366 0.899396
vt 0.522407 0.899396
vt 0.504314 0.875141
vt 0.601683 0.895003
vt 0.605263 0.877787
vt 0.857741 0.305300
vt 0.872909 0.357185
vt 0.875324 0.356216
vt 0.836497 0.316734
vt 0.871555 0.280397
vt 0.856443 0.361399
vt 0.875324 0.252591
vt 0.439323 0.572739
vt 0.439366 0.562125
vt 0.437094 0.562321
vt 0.435796 0.574698
vt 0.439652 0.550518
vt 0.487921 0.561451
vt 0.487697 0.574698
vt 0.437152 0.558888
vt 0.378451 0.553241
vt 0.378343 0.559594
vt 0.622519 0.839365
vt 0.662209 0.835492
vt 0.662209 0.849309
vt 0.657999 0.835866
vt 0.359362 0.016839
vt 0.433538 0.016839
vt 0.435289 0.000432
vt 0.360097 0.006331
vt 0.204055 0.619603
vt 0.207864 0.635147
vt 0.233898 0.623874
vt 0.236842 0.635147
vt 0.941760 0.896805
vt 0.940376 0.886354
vt 0.896004 0.883851
vt 0.894305 0.896805
vt 0.003883 0.692142
vt 0.003883 0.726684
vt 0.003020 0.697338
vt 0.635462 0.923575
vt 0.574221 0.901986
vt 0.546592 0.923575
vt 0.371800 0.618736
vt 0.371804 0.642042
vt 0.344305 0.651906
vt 0.311227 0.586788
vt 0.280430 0.636417
vt 0.402972 0.614742
vt 0.398594 0.657511
vt 0.384724 0.667611
vt 0.379612 0.676320
vt 0.368219 0.671650
vt 0.402765 0.660634
vt 0.424935 0.679887
vt 0.424262 0.683506
vt 0.237705 0.672523
vt 0.272572 0.683506
vt 0.337167 0.683184
vt 0.604400 0.589378
vt 0.603538 0.582488
vt 0.604400 0.576425
vt 0.465935 0.746310
vt 0.488352 0.737961
vt 0.504360 0.746954
vt 0.503963 0.765603
vt 0.485110 0.760304
vt 0.428509 0.741659
vt 0.431180 0.728868
vt 0.537793 0.746842
vt 0.507142 0.720719
vt 0.452958 0.712533
vt 0.430734 0.717967
vt 0.540100 0.734135
vt 0.542185 0.722589
vt 0.494766 0.703368
vt 0.566139 0.738704
vt 0.572476 0.727249
vt 0.419590 0.725671
vt 0.389560 0.733826
vt 0.390269 0.752389
vt 0.429219 0.766408
vt 0.562906 0.754388
vt 0.560256 0.766408
vt 0.929681 0.774935
vt 0.916739 0.743827
vt 0.929681 0.732729
vt 0.925597 0.775043
vt 0.802187 0.622193
vt 0.804573 0.660190
vt 0.795082 0.635641
vt 0.804573 0.623696
vt 0.787317 0.080120
vt 0.787317 0.111831
vt 0.776304 0.067789
vt 0.775237 0.082596
vt 0.990940 0.222366
vt 0.971096 0.213974
vt 0.990940 0.161917
vt 0.972535 0.194514
vt 0.086265 0.736416
vt 0.062323 0.785232
vt 0.056904 0.779930
vt 0.119118 0.782063
vt 0.064058 0.712867
vt 0.008178 0.726312
vt 0.035657 0.809586
vt 0.002157 0.798000
vt 0.121123 0.784965
vt 0.131579 0.809586
vt 0.963330 0.524611
vt 0.950643 0.603195
vt 0.946937 0.545987
vt 0.963330 0.593694
vt 0.260138 0.996114
vt 0.334340 0.996114
vt 0.261148 0.991154
vt 0.319064 0.983161
vt 0.842537 0.945164
vt 0.844379 0.965026
vt 0.916904 0.952914
vt 0.927092 0.965026
vt 0.621657 0.965026
vt 0.584564 0.945164
vt 0.539689 0.965026
vt 0.928818 0.506104
vt 0.939172 0.451209
vt 0.939172 0.533247
vt 0.262056 0.780698
vt 0.247225 0.797703
vt 0.191158 0.790588
vt 0.230721 0.807858
vt 0.191553 0.803117
vt 0.302416 0.795149
vt 0.287364 0.807858
vt 0.214526 0.778870
vt 0.251950 0.770725
vt 0.227029 0.772577
vt 0.148733 0.776658
vt 0.139344 0.788971
vt 0.349314 0.945164
vt 0.331066 0.964162
vt 0.302416 0.959803
vt 0.386972 0.964162
vt 0.187916 0.833980
vt 0.117250 0.834486
vt 0.133613 0.829313
vt 0.068594 0.834629
vt 0.077908 0.822321
vt 0.131169 0.820013
vt 0.079173 0.819948
vt 0.178995 0.829634
vt 0.242882 0.834629
vt 0.190951 0.829141
vt 0.989876 0.568653
vt 0.994392 0.577615
vt 0.989215 0.580594
vt 0.994392 0.632556
vt 0.430975 0.499624
vt 0.386521 0.499568
vt 0.389183 0.505613
vt 0.334340 0.505613
vt 0.430975 0.943437
vt 0.397823 0.939119
vt 0.364538 0.943437
vt 0.401639 0.050147
vt 0.411106 0.098877
vt 0.417150 0.058353
vt 0.422347 0.093549
vt 0.422347 0.027202
vt 0.691544 0.870898
vt 0.679187 0.870035
vt 0.657895 0.870898
vt 0.978861 0.667098
vt 0.978861 0.741364
vt 0.969370 0.721318
vt 0.638913 0.123303
vt 0.643227 0.091105
vt 0.643227 0.159326
vt 0.921915 0.360876
vt 0.944349 0.354490
vt 0.944349 0.425302
vt 0.159386 0.732388
vt 0.136974 0.760888
vt 0.206959 0.736436
vt 0.104890 0.756311
vt 0.104832 0.742988
vt 0.174701 0.729275
vt 0.209290 0.747197
vt 0.173099 0.757826
vt 0.155117 0.771589
vt 0.203491 0.771589
vt 0.250647 0.763006
vt 0.241789 0.752773
vt 0.298102 0.927029
vt 0.345336 0.914009
vt 0.304740 0.908031
vt 0.349871 0.927029
vt 0.087575 0.293178
vt 0.079217 0.281952
vt 0.035807 0.293178
vt 0.945211 0.229275
vt 0.942295 0.224093
vt 0.927092 0.229275
vt 0.623382 0.741364
vt 0.668248 0.741364
vt 0.637561 0.724957
vt 0.696721 0.076425
vt 0.696721 0.098014
vt 0.694996 0.078081
vt 0.284297 0.610967
vt 0.279983 0.591394
vt 0.284297 0.590242
vt 0.125030 0.999568
vt 0.170406 0.999568
vt 0.164473 0.976123
vt 0.124676 0.958117
vt 0.622853 0.355475
vt 0.523382 0.402799
vt 0.621550 0.398921
vt 0.526544 0.361425
vt 0.478430 0.399721
vt 0.485896 0.376709
vt 0.625661 0.333369
vt 0.621146 0.471071
vt 0.516214 0.455980
vt 0.578862 0.320048
vt 0.643227 0.369546
vt 0.639587 0.319948
vt 0.643227 0.416285
vt 0.641610 0.319962
vt 0.641979 0.436297
vt 0.389282 0.768135
vt 0.495686 0.769000
vt 0.398548 0.839810
vt 0.495686 0.822760
vt 0.373167 0.805406
vt 0.374610 0.825442
vt 0.647415 0.727547
vt 0.689313 0.689551
vt 0.643227 0.705819
vt 0.744176 0.727547
vt 0.841786 0.078582
vt 0.852028 0.101468
vt 0.852028 0.049655
vt 0.839948 0.094547
vt 0.128203 0.816545
vt 0.118683 0.815281
vt 0.161269 0.808722
vt 0.108283 0.817358
vt 0.109240 0.813579
vt 0.174781 0.817358
vt 0.223900 0.812207
vt 0.919327 0.099741
vt 0.993529 0.099741
vt 0.961058 0.093696
vt 0.920235 0.095720
vt 0.799396 0.496978
vt 0.799396 0.590242
vt 0.795945 0.541524
vt 0.333533 0.295769
vt 0.331751 0.276953
vt 0.338654 0.245682
vt 0.338654 0.292441
vt 0.138481 0.012085
vt 0.139344 0.002159
vt 0.139344 0.022021
vt 0.915876 0.781952
vt 0.915707 0.720729
vt 0.899482 0.690005
vt 0.915131 0.677721
vt 0.915876 0.675734
vt 0.977135 0.260396
vt 0.981316 0.238409
vt 0.996980 0.275907
vt 0.996980 0.225820
vt 0.193715 0.572580
vt 0.135151 0.606875
vt 0.151832 0.555678
vt 0.197298 0.595376
vt 0.134900 0.612501
vt 0.131567 0.613247
vt 0.211598 0.571484
vt 0.200294 0.596481
vt 0.224948 0.524611
vt 0.196996 0.548515
vt 0.254961 0.617012
vt 0.251565 0.610494
vt 0.023835 0.594627
vt 0.033944 0.574565
vt 0.030308 0.534021
vt 0.016764 0.572790
vt 0.015684 0.617012
vt 0.015099 0.615211
vt 0.041846 0.601468
vt 0.028578 0.709413
vt 0.041846 0.668104
vt 0.005608 0.638270
vt 0.619068 0.942010
vt 0.574160 0.942573
vt 0.558294 0.931347
vt 0.525022 0.942573
vt 0.514668 0.432211
vt 0.510354 0.425337
vt 0.514668 0.418394
vt 0.264452 0.551022
vt 0.226783 0.544473
vt 0.261039 0.555699
vt 0.223037 0.555699
vt 0.718292 0.807858
vt 0.767437 0.807858
vt 0.768335 0.799665
vt 0.730224 0.798359
vt 0.952484 0.202504
vt 0.946937 0.205095
vt 0.958154 0.205095
vt 0.644090 0.239637
vt 0.637187 0.220996
vt 0.644090 0.166235
vt 0.175891 0.895141
vt 0.184757 0.894718
vt 0.176793 0.874352
vt 0.199553 0.882248
vt 0.121852 0.884158
vt 0.121225 0.907168
vt 0.177714 0.904158
vt 0.216997 0.907168
vt 0.578516 0.814767
vt 0.507543 0.794041
vt 0.504314 0.814767
vt 0.251866 0.592832
vt 0.268766 0.598332
vt 0.268766 0.643782
vt 0.250647 0.602431
vt 0.963330 0.983161
vt 0.910174 0.974215
vt 0.887403 0.983161
vt 0.922567 0.972798
vt 0.342726 0.931347
vt 0.267041 0.939119
vt 0.364538 0.939119
vt 0.911562 0.577051
vt 0.926230 0.489206
vt 0.926230 0.585924
vt 0.053063 0.412349
vt 0.053063 0.509067
vt 0.037532 0.461125
vt 0.806885 0.650672
vt 0.820535 0.613320
vt 0.814010 0.613267
vt 0.803710 0.578947
vt 0.821586 0.580086
vt 0.805098 0.698342
vt 0.820447 0.657896
vt 0.818157 0.699050
vt 0.827869 0.652276
vt 0.827757 0.609969
vt 0.827869 0.564335
vt 0.852453 0.920121
vt 0.836402 0.940425
vt 0.798036 0.922832
vt 0.797017 0.942573
vt 0.790768 0.924024
vt 0.874461 0.942573
vt 0.784728 0.407227
vt 0.794219 0.393351
vt 0.794219 0.420984
vt 0.950388 0.163753
vt 0.965919 0.107513
vt 0.954661 0.117662
vt 0.965919 0.183506
vt 0.494823 0.471934
vt 0.484469 0.423180
vt 0.494823 0.416667
vt 0.022002 0.789724
vt 0.021794 0.777621
vt 0.003020 0.789724
vt 0.010850 0.737047
vt 0.989215 0.418394
vt 0.975410 0.391644
vt 0.989215 0.351900
vt 0.017385 0.984024
vt 0.004745 0.990933
vt 0.047023 0.990933
vt 0.501726 0.783679
vt 0.545718 0.783679
vt 0.535918 0.763817
vt 0.545729 0.768853
vt 0.124411 0.454663
vt 0.155182 0.470207
vt 0.168680 0.458477
vt 0.069456 0.470207
vt 0.927092 0.589378
vt 0.927092 0.682642
vt 0.908110 0.642031
vt 0.847953 0.528929
vt 0.801122 0.547064
vt 0.894305 0.547064
vt 0.905522 0.572107
vt 0.893148 0.668826
vt 0.889129 0.579789
vt 0.905522 0.642807
vt 0.177308 0.774180
vt 0.175873 0.772453
vt 0.136756 0.774180
vt 0.423210 0.424439
vt 0.423210 0.490069
vt 0.420621 0.464740
vt 0.983175 0.996093
vt 0.945579 0.996114
vt 0.942314 0.991796
vt 0.908110 0.996114
vt 0.113460 0.728411
vt 0.098541 0.726684
vt 0.082399 0.728411
vt 0.600086 0.928756
vt 0.599085 0.925302
vt 0.569025 0.928756
vt 0.959016 0.495928
vt 0.962468 0.495250
vt 0.962468 0.509911
vt 0.959089 0.525475
vt 0.818378 0.518566
vt 0.852890 0.518566
vt 0.824249 0.496114
vt 0.833909 0.918394
vt 0.814064 0.906162
vt 0.833909 0.904577
vt 0.971096 0.882988
vt 0.959355 0.872625
vt 0.933132 0.882988
vt 0.575927 0.700777
vt 0.547771 0.699914
vt 0.545729 0.700777
vt 0.286885 0.968480
vt 0.349871 0.968480
vt 0.348292 0.967617
usemtl baked
f 1340/1340 1337/1337 1339/1339
f 1337/1337 1338/1338 1339/1339
f 1626/1626 1634/1634 1633/1633
f 1626/1626 1633/1633 1631/1631
f 1626/1626 1631/1631 1627/1627
f 1632/1632 1626/1626 1628/1628
f 1628/1628 1626/1626 1625/1625
f 1625/1625 1626/1626 1627/1627
f 1630/1630 1625/1625 1627/1627
f 1630/1630 1627/1627 1635/1635
f 1339/1339 1352/1352 1353/1353
f 1351/1351 1339/1339 1353/1353
f 1354/1354 1351/1351 1353/1353
f 1354/1354 1353/1353 1355/1355
f 1341/1341 1342/1342 1337/1337
f 1722/1722 1723/1723 1724/1724
f 1722/1722 1725/1725 1723/1723
f 1641/1641 1639/1639 1643/1643
f 1644/1644 1643/1643 1639/1639
f 1730/1730 1731/1731 1732/1732
f 1732/1732 1731/1731 1733/1733
f 1725/1725 1726/1726 1729/1729
f 1726/1726 1725/1725 1722/1722
f 1734/1734 1735/1735 1736/1736
f 1737/1737 1735/1735 1734/1734
f 1640/1640 1645/1645 1638/1638
f 1638/1638 1639/1639 1640/1640
f 1728/1728 1727/1727 1722/1722
f 1722/1722 1727/1727 1726/1726
f 1629/1629 1625/1625 1630/1630
f 1341/1341 1337/1337 1340/1340
f 1628/1628 1625/1625 1629/1629
f 1738/1738 1739/1739 1740/1740
f 1741/1741 1738/1738 1740/1740
f 1640/1640 1639/1639 1641/1641
f 1642/1642 1640/1640 1641/1641
f 1635/1635 1636/1636 1637/1637
f 1635/1635 1627/1627 1636/1636
f 1329/1329 1333/1333 1326/1326
f 1046/1046 1045/1045 1043/1043
f 1347/1347 1341/1341 1340/1340
f 1347/1347 1340/1340 1348/1348
f 1348/1348 1340/1340 1339/1339
f 1348/1348 1339/1339 1351/1351
f 1350/1350 1346/1346 1349/1349
f 472/472 470/470 477/477
f 472/472 477/477 454/454
f 470/470 468/468 460/460
f 886/886 887/887 888/888
f 677/677 678/678 679/679
f 934/934 932/932 928/928
f 934/934 928/928 918/918
f 928/928 930/930 929/929
f 928/928 932/932 930/930
f 1745/1745 1743/1743 1742/1742
f 1742/1742 1743/1743 1744/1744
f 1746/1746 1747/1747 1748/1748
f 1345/1345 1341/1341 1346/1346
f 1346/1346 1341/1341 1347/1347
f 1750/1750 1751/1751 1752/1752
f 1752/1752 1751/1751 1753/1753
f 934/934 936/936 935/935
f 934/934 935/935 932/932
f 1349/1349 1346/1346 1347/1347
f 1463/1463 1464/1464 1465/1465
f 1464/1464 1466/1466 1465/1465
f 86/86 87/87 88/88
f 377/377 374/374 371/371
f 549/549 546/546 548/548
f 545/545 548/548 546/546
f 1782/1782 1781/1781 1780/1780
f 1754/1754 1755/1755 1756/1756
f 1779/1779 1780/1780 1781/1781
f 1781/1781 1783/1783 1779/1779
f 1065/1065 1063/1063 1062/1062
f 1771/1771 1768/1768 1765/1765
f 1771/1771 1772/1772 1768/1768
f 1772/1772 1773/1773 1768/1768
f 1715/1715 1718/1718 1717/1717
f 1715/1715 1717/1717 1714/1714
f 1777/1777 1775/1775 1770/1770
f 1777/1777 1770/1770 1778/1778
f 1775/1775 1765/1765 1770/1770
f 1775/1775 1776/1776 1765/1765
f 1711/1711 1714/1714 1712/1712
f 633/633 635/635 637/637
f 1636/1636 1627/1627 1637/1637
f 1614/1614 1615/1615 1616/1616
f 1765/1765 1768/1768 1766/1766
f 1766/1766 1769/1769 1774/1774
f 1766/1766 1768/1768 1769/1769
f 1770/1770 1765/1765 1767/1767
f 1765/1765 1766/1766 1767/1767
f 1617/1617 1620/1620 1618/1618
f 1617/1617 1618/1618 1619/1619
f 1621/1621 1622/1622 1623/1623
f 1624/1624 1622/1622 1621/1621
f 1700/1700 1701/1701 1702/1702
f 1651/1651 1650/1650 1647/1647
f 1516/1516 1517/1517 1518/1518
f 1377/1377 1379/1379 1378/1378
f 559/559 560/560 562/562
f 559/559 562/562 563/563
f 1516/1516 1521/1521 1522/1522
f 1516/1516 1518/1518 1521/1521
f 63/63 65/65 66/66
f 71/71 72/72 73/73
f 1785/1785 1787/1787 1786/1786
f 1515/1515 1516/1516 1522/1522
f 1515/1515 1522/1522 1523/1523
f 1784/1784 1785/1785 1786/1786
f 1790/1790 1789/1789 1791/1791
f 1788/1788 1789/1789 1790/1790
f 1802/1802 1806/1806 1807/1807
f 1802/1802 1805/1805 1806/1806
f 1514/1514 1517/1517 1516/1516
f 1514/1514 1516/1516 1515/1515
f 558/558 560/560 559/559
f 558/558 561/561 560/560
f 1803/1803 1800/1800 1802/1802
f 1804/1804 1803/1803 1802/1802
f 1304/1304 1287/1287 1286/1286
f 1286/1286 1287/1287 1288/1288
f 482/482 480/480 469/469
f 1321/1321 1326/1326 1322/1322
f 1316/1316 1315/1315 1317/1317
f 118/118 119/119 116/116
f 708/708 705/705 707/707
f 5/5 6/6 7/7
f 1707/1707 1710/1710 1708/1708
f 654/654 651/651 653/653
f 653/653 651/651 650/650
f 1719/1719 1720/1720 1721/1721
f 1680/1680 1679/1679 1681/1681
f 1579/1579 1596/1596 1597/1597
f 1666/1666 1665/1665 1664/1664
f 1664/1664 1665/1665 1661/1661
f 1811/1811 1814/1814 1812/1812
f 1811/1811 1812/1812 1813/1813
f 1667/1667 1668/1668 1665/1665
f 1667/1667 1665/1665 1666/1666
f 1654/1654 1653/1653 1655/1655
f 1657/1657 1658/1658 1659/1659
f 1711/1711 1712/1712 1713/1713
f 1652/1652 1656/1656 1653/1653
f 1652/1652 1653/1653 1654/1654
f 1646/1646 1647/1647 1648/1648
f 1649/1649 1646/1646 1648/1648
f 1578/1578 1579/1579 1597/1597
f 1577/1577 1579/1579 1578/1578
f 1815/1815 1816/1816 1817/1817
f 1576/1576 1577/1577 1578/1578
f 1576/1576 1575/1575 1577/1577
f 1572/1572 1575/1575 1574/1574
f 1574/1574 1575/1575 1576/1576
f 1570/1570 1572/1572 1574/1574
f 1570/1570 1571/1571 1572/1572
f 1678/1678 1679/1679 1680/1680
f 1683/1683 1684/1684 1685/1685
f 1686/1686 1683/1683 1685/1685
f 1664/1664 1661/1661 1660/1660
f 1660/1660 1661/1661 1662/1662
f 1660/1660 1662/1662 1663/1663
f 950/950 952/952 951/951
f 949/949 950/950 951/951
f 1682/1682 1680/1680 1681/1681
f 1709/1709 1707/1707 1706/1706
f 1648/1648 1647/1647 1650/1650
f 1703/1703 1704/1704 1705/1705
f 1706/1706 1707/1707 1708/1708
f 1697/1697 1698/1698 1699/1699
f 1669/1669 1670/1670 1671/1671
f 1094/1094 1098/1098 1095/1095
f 1818/1818 1819/1819 1820/1820
f 840/840 777/777 818/818
f 845/845 840/840 818/818
f 1237/1237 1238/1238 1239/1239
f 776/776 777/777 775/775
f 14/14 15/15 16/16
f 773/773 774/774 775/775
f 774/774 776/776 775/775
f 671/671 670/670 672/672
f 773/773 778/778 774/774
f 666/666 673/673 667/667
f 666/666 668/668 669/669
f 666/666 667/667 668/668
f 667/667 673/673 674/674
f 669/669 668/668 670/670
f 671/671 669/669 670/670
f 673/673 675/675 674/674
f 676/676 675/675 673/673
f 1836/1836 1837/1837 1838/1838
f 945/945 946/946 947/947
f 945/945 947/947 948/948
f 1840/1840 1841/1841 1842/1842
f 1841/1841 1843/1843 1842/1842
f 1851/1851 1847/1847 1849/1849
f 1846/1846 1849/1849 1847/1847
f 1849/1849 1848/1848 1850/1850
f 1846/1846 1848/1848 1849/1849
f 1519/1519 1520/1520 1514/1514
f 1506/1506 1519/1519 1514/1514
f 1506/1506 1514/1514 1512/1512
f 1514/1514 1515/1515 1512/1512
f 565/565 557/557 566/566
f 567/567 565/565 566/566
f 1376/1376 1377/1377 1378/1378
f 557/557 558/558 559/559
f 1380/1380 1376/1376 1378/1378
f 1520/1520 1517/1517 1514/1514
f 557/557 564/564 558/558
f 565/565 564/564 557/557
f 1353/1353 1352/1352 1357/1357
f 1353/1353 1357/1357 1358/1358
f 1573/1573 1571/1571 1570/1570
f 1675/1675 1673/1673 1672/1672
f 1672/1672 1673/1673 1674/1674
f 1692/1692 1695/1695 1693/1693
f 1695/1695 1696/1696 1693/1693
f 1691/1691 1692/1692 1693/1693
f 1691/1691 1693/1693 1694/1694
f 1676/1676 1677/1677 1674/1674
f 1674/1674 1673/1673 1676/1676
f 1855/1855 1852/1852 1854/1854
f 1852/1852 1853/1853 1854/1854
f 1598/1598 1599/1599 1600/1600
f 706/706 709/709 707/707
f 508/508 505/505 507/507
f 505/505 506/506 507/507
f 1573/1573 1587/1587 1571/1571
f 1567/1567 1590/1590 1587/1587
f 1715/1715 1714/1714 1716/1716
f 1716/1716 1714/1714 1711/1711
f 1448/1448 1449/1449 1450/1450
f 1046/1046 1047/1047 1045/1045
f 1302/1302 1325/1325 1329/1329
f 1326/1326 1302/1302 1329/1329
f 1324/1324 1332/1332 1331/1331
f 1302/1302 1324/1324 1325/1325
f 1324/1324 1302/1302 1292/1292
f 1324/1324 1331/1331 1325/1325
f 1325/1325 1330/1330 1329/1329
f 1331/1331 1330/1330 1325/1325
f 1866/1866 1867/1867 1868/1868
f 1866/1866 1868/1868 1870/1870
f 574/574 575/575 572/572
f 572/572 573/573 574/574
f 1296/1296 1297/1297 1295/1295
f 1298/1298 1297/1297 1296/1296
f 1873/1873 1879/1879 1878/1878
f 1874/1874 1873/1873 1878/1878
f 1294/1294 1296/1296 1295/1295
f 1296/1296 1294/1294 1301/1301
f 1300/1300 1298/1298 1299/1299
f 1299/1299 1298/1298 1296/1296
f 1875/1875 1874/1874 1877/1877
f 1875/1875 1877/1877 1880/1880
f 1876/1876 1873/1873 1875/1875
f 1873/1873 1874/1874 1875/1875
f 1294/1294 1295/1295 1293/1293
f 1294/1294 1293/1293 1290/1290
f 1306/1306 1305/1305 1304/1304
f 1308/1308 1305/1305 1306/1306
f 1289/1289 1287/1287 1304/1304
f 1305/1305 1289/1289 1304/1304
f 1883/1883 1886/1886 1884/1884
f 1310/1310 1311/1311 1309/1309
f 1314/1314 1311/1311 1310/1310
f 1310/1310 1309/1309 1305/1305
f 1310/1310 1305/1305 1308/1308
f 859/859 863/863 862/862
f 859/859 862/862 860/860
f 859/859 860/860 861/861
f 1293/1293 1324/1324 1292/1292
f 1890/1890 1887/1887 1889/1889
f 1526/1526 1525/1525 1527/1527
f 1524/1524 1525/1525 1526/1526
f 1891/1891 1892/1892 1893/1893
f 1893/1893 1892/1892 1894/1894
f 1887/1887 1888/1888 1889/1889
f 1289/1289 1290/1290 1291/1291
f 1312/1312 1290/1290 1289/1289
f 1290/1290 1293/1293 1292/1292
f 1290/1290 1292/1292 1291/1291
f 129/129 130/130 131/131
f 132/132 129/129 131/131
f 1287/1287 1321/1321 1288/1288
f 1303/1303 1321/1321 1287/1287
f 1289/1289 1291/1291 1303/1303
f 1289/1289 1303/1303 1287/1287
f 1291/1291 1302/1302 1303/1303
f 1292/1292 1302/1302 1291/1291
f 1318/1318 1311/1311 1314/1314
f 1319/1319 1318/1318 1314/1314
f 1321/1321 1303/1303 1326/1326
f 1302/1302 1326/1326 1303/1303
f 1345/1345 1343/1343 1342/1342
f 1345/1345 1342/1342 1341/1341
f 1343/1343 1356/1356 1344/1344
f 1343/1343 1344/1344 1342/1342
f 1690/1690 1687/1687 1689/1689
f 1687/1687 1688/1688 1689/1689
f 1315/1315 1314/1314 1310/1310
f 1316/1316 1314/1314 1315/1315
f 1319/1319 1314/1314 1316/1316
f 1313/1313 1294/1294 1312/1312
f 1294/1294 1290/1290 1312/1312
f 1311/1311 1312/1312 1309/1309
f 1311/1311 1313/1313 1312/1312
f 1309/1309 1312/1312 1289/1289
f 1309/1309 1289/1289 1305/1305
f 1875/1875 1881/1881 1882/1882
f 1881/1881 1875/1875 1880/1880
f 1895/1895 1896/1896 1897/1897
f 1897/1897 1898/1898 1895/1895
f 1883/1883 1884/1884 1885/1885
f 1746/1746 1748/1748 1749/1749
f 964/964 958/958 952/952
f 953/953 958/958 956/956
f 952/952 958/958 953/953
f 950/950 964/964 952/952
f 956/956 957/957 955/955
f 953/953 956/956 955/955
f 952/952 953/953 951/951
f 951/951 953/953 954/954
f 953/953 955/955 954/954
f 954/954 955/955 959/959
f 299/299 302/302 301/301
f 298/298 299/299 301/301
f 1911/1911 1913/1913 1912/1912
f 1912/1912 1913/1913 1906/1906
f 1906/1906 1913/1913 1914/1914
f 1559/1559 1560/1560 1561/1561
f 1559/1559 1561/1561 1562/1562
f 1563/1563 1559/1559 1564/1564
f 1559/1559 1562/1562 1564/1564
f 1916/1916 1917/1917 1913/1913
f 1916/1916 1913/1913 1915/1915
f 1911/1911 1912/1912 1906/1906
f 1910/1910 1911/1911 1906/1906
f 302/302 290/290 293/293
f 1910/1910 1906/1906 1905/1905
f 1911/1911 1915/1915 1913/1913
f 1905/1905 1906/1906 1907/1907
f 299/299 290/290 302/302
f 779/779 780/780 781/781
f 779/779 781/781 784/784
f 819/819 821/821 820/820
f 784/784 781/781 843/843
f 841/841 784/784 843/843
f 817/817 819/819 818/818
f 820/820 818/818 819/819
f 818/818 777/777 817/817
f 820/820 821/821 841/841
f 820/820 841/841 842/842
f 1921/1921 1922/1922 1923/1923
f 842/842 843/843 844/844
f 841/841 843/843 842/842
f 816/816 817/817 777/777
f 776/776 816/816 777/777
f 814/814 810/810 815/815
f 774/774 814/814 815/815
f 774/774 815/815 776/776
f 776/776 815/815 816/816
f 1940/1940 1930/1930 1929/1929
f 1940/1940 1929/1929 1941/1941
f 1929/1929 1943/1943 1942/1942
f 1929/1929 1942/1942 1941/1941
f 825/825 826/826 837/837
f 826/826 825/825 824/824
f 816/816 835/835 823/823
f 816/816 823/823 817/817
f 1946/1946 1949/1949 1947/1947
f 1946/1946 1947/1947 1948/1948
f 550/550 545/545 547/547
f 838/838 839/839 837/837
f 826/826 838/838 837/837
f 1929/1929 1924/1924 1928/1928
f 1930/1930 1924/1924 1929/1929
f 1459/1459 1456/1456 1455/1455
f 1454/1454 1455/1455 1456/1456
f 1458/1458 1454/1454 1457/1457
f 1457/1457 1454/1454 1456/1456
f 1386/1386 1389/1389 1387/1387
f 1365/1365 1366/1366 1367/1367
f 1368/1368 1365/1365 1367/1367
f 1386/1386 1387/1387 1388/1388
f 1950/1950 1953/1953 1951/1951
f 1389/1389 1390/1390 1391/1391
f 1387/1387 1389/1389 1391/1391
f 1950/1950 1951/1951 1952/1952
f 1412/1412 1413/1413 1414/1414
f 1368/1368 1367/1367 1369/1369
f 1119/1119 1113/1113 1110/1110
f 1118/1118 1113/1113 1119/1119
f 1117/1117 1114/1114 1116/1116
f 805/805 833/833 804/804
f 1114/1114 1113/1113 1116/1116
f 1116/1116 1113/1113 1118/1118
f 1924/1924 1927/1927 1928/1928
f 1955/1955 1957/1957 1956/1956
f 1954/1954 1955/1955 1956/1956
f 821/821 822/822 783/783
f 819/819 822/822 821/821
f 779/779 783/783 785/785
f 783/783 779/779 784/784
f 823/823 822/822 819/819
f 817/817 823/823 819/819
f 1958/1958 1959/1959 1960/1960
f 1960/1960 1959/1959 1961/1961
f 824/824 825/825 822/822
f 824/824 822/822 823/823
f 545/545 546/546 547/547
f 1274/1274 1276/1276 1275/1275
f 1273/1273 1274/1274 1275/1275
f 810/810 804/804 833/833
f 806/806 804/804 810/810
f 796/796 800/800 803/803
f 800/800 796/796 795/795
f 377/377 371/371 378/378
f 779/779 782/782 780/780
f 296/296 299/299 298/298
f 458/458 466/466 465/465
f 466/466 467/467 465/465
f 468/468 457/457 460/460
f 457/457 459/459 460/460
f 457/457 466/466 458/458
f 457/457 480/480 466/466
f 480/480 457/457 469/469
f 469/469 457/457 468/468
f 1966/1966 1964/1964 1967/1967
f 304/304 291/291 290/290
f 303/303 304/304 290/290
f 1964/1964 1968/1968 1969/1969
f 1963/1963 1968/1968 1964/1964
f 300/300 290/290 299/299
f 300/300 303/303 290/290
f 312/312 300/300 295/295
f 296/296 295/295 300/300
f 311/311 303/303 300/300
f 312/312 311/311 300/300
f 296/296 300/300 299/299
f 294/294 295/295 296/296
f 307/307 295/295 294/294
f 463/463 462/462 464/464
f 461/461 462/462 463/463
f 461/461 465/465 462/462
f 461/461 458/458 465/465
f 919/919 925/925 922/922
f 920/920 919/919 922/922
f 928/928 929/929 927/927
f 925/925 928/928 927/927
f 918/918 928/928 925/925
f 1976/1976 1977/1977 1978/1978
f 1978/1978 1977/1977 1979/1979
f 1980/1980 1981/1981 1982/1982
f 1981/1981 1983/1983 1982/1982
f 916/916 917/917 918/918
f 921/921 916/916 920/920
f 916/916 919/919 920/920
f 1902/1902 1903/1903 1904/1904
f 1899/1899 1900/1900 1901/1901
f 290/290 291/291 292/292
f 290/290 292/292 293/293
f 323/323 322/322 304/304
f 324/324 323/323 304/304
f 322/322 321/321 304/304
f 304/304 321/321 291/291
f 1541/1541 1542/1542 1543/1543
f 1545/1545 1541/1541 1543/1543
f 1553/1553 1541/1541 1545/1545
f 494/494 497/497 495/495
f 494/494 495/495 496/496
f 916/916 918/918 919/919
f 918/918 925/925 919/919
f 845/845 818/818 836/836
f 818/818 820/820 836/836
f 1094/1094 1096/1096 1097/1097
f 1094/1094 1095/1095 1096/1096
f 471/471 470/470 472/472
f 471/471 472/472 473/473
f 469/469 468/468 470/470
f 471/471 469/469 470/470
f 1997/1997 1990/1990 1992/1992
f 2000/2000 1997/1997 1992/1992
f 2000/2000 1992/1992 2001/2001
f 2008/2008 2010/2010 2011/2011
f 27/27 25/25 24/24
f 1825/1825 1824/1824 1821/1821
f 2014/2014 2006/2006 2013/2013
f 2014/2014 2013/2013 2015/2015
f 2007/2007 2009/2009 2008/2008
f 2006/2006 2007/2007 2008/2008
f 2008/2008 2013/2013 2006/2006
f 2020/2020 2021/2021 2022/2022
f 2023/2023 2022/2022 2021/2021
f 586/586 583/583 582/582
f 694/694 695/695 696/696
f 1822/1822 1830/1830 1829/1829
f 475/475 474/474 472/472
f 473/473 472/472 474/474
f 1822/1822 1831/1831 1830/1830
f 1306/1306 1304/1304 1286/1286
f 1306/1306 1286/1286 1307/1307
f 1990/1990 1991/1991 1992/1992
f 1825/1825 1821/1821 1823/1823
f 1825/1825 1823/1823 1828/1828
f 1824/1824 1827/1827 1822/1822
f 1824/1824 1822/1822 1821/1821
f 1821/1821 1822/1822 1823/1823
f 1822/1822 1829/1829 1823/1823
f 475/475 472/472 454/454
f 475/475 454/454 451/451
f 483/483 474/474 476/476
f 476/476 474/474 475/475
f 543/543 544/544 541/541
f 543/543 541/541 540/540
f 2011/2011 2010/2010 2012/2012
f 1992/1992 1991/1991 1993/1993
f 1992/1992 1993/1993 1994/1994
f 1991/1991 1995/1995 1993/1993
f 1993/1993 1995/1995 1996/1996
f 1286/1286 1288/1288 1327/1327
f 1286/1286 1327/1327 1328/1328
f 1288/1288 1321/1321 1322/1322
f 1288/1288 1322/1322 1327/1327
f 2009/2009 2010/2010 2008/2008
f 1998/1998 1990/1990 1997/1997
f 1998/1998 1997/1997 1999/1999
f 1323/1323 1284/1284 1283/1283
f 1283/1283 1284/1284 1285/1285
f 1826/1826 1824/1824 1825/1825
f 1308/1308 1306/1306 1284/1284
f 1308/1308 1284/1284 1323/1323
f 1466/1466 1467/1467 1468/1468
f 1464/1464 1467/1467 1466/1466
f 789/789 790/790 791/791
f 789/789 791/791 799/799
f 2028/2028 2030/2030 2029/2029
f 2027/2027 2028/2028 2029/2029
f 2029/2029 2030/2030 2031/2031
f 2024/2024 2025/2025 2026/2026
f 795/795 799/799 807/807
f 800/800 795/795 807/807
f 792/792 786/786 788/788
f 791/791 792/792 788/788
f 791/791 790/790 792/792
f 790/790 793/793 792/792
f 797/797 798/798 795/795
f 795/795 796/796 797/797
f 792/792 808/808 786/786
f 786/786 808/808 809/809
f 792/792 794/794 808/808
f 793/793 794/794 792/792
f 2032/2032 2033/2033 2034/2034
f 1935/1935 1936/1936 1938/1938
f 827/827 828/828 826/826
f 827/827 826/826 824/824
f 831/831 828/828 829/829
f 829/829 828/828 827/827
f 800/800 807/807 805/805
f 800/800 805/805 804/804
f 1038/1038 1036/1036 1039/1039
f 1038/1038 1039/1039 1040/1040
f 2044/2044 2045/2045 2046/2046
f 2049/2049 2044/2044 2046/2046
f 2048/2048 2047/2047 2044/2044
f 2045/2045 2044/2044 2047/2047
f 2038/2038 2039/2039 2040/2040
f 2041/2041 2042/2042 2043/2043
f 1482/1482 1483/1483 1484/1484
f 1574/1574 1576/1576 1580/1580
f 1580/1580 1576/1576 1584/1584
f 1926/1926 1944/1944 1945/1945
f 1931/1931 1944/1944 1926/1926
f 831/831 832/832 830/830
f 830/830 828/828 831/831
f 1568/1568 1585/1585 1586/1586
f 1586/1586 1585/1585 1588/1588
f 1932/1932 1935/1935 1931/1931
f 1932/1932 1931/1931 1925/1925
f 1936/1936 1935/1935 1932/1932
f 1937/1937 1936/1936 1932/1932
f 1925/1925 1931/1931 1926/1926
f 1924/1924 1925/1925 1926/1926
f 1933/1933 1932/1932 1925/1925
f 1933/1933 1925/1925 1934/1934
f 1926/1926 1927/1927 1924/1924
f 2050/2050 2051/2051 2052/2052
f 2050/2050 2052/2052 2053/2053
f 2046/2046 2045/2045 2050/2050
f 2045/2045 2051/2051 2050/2050
f 1538/1538 1537/1537 1539/1539
f 1538/1538 1536/1536 1537/1537
f 2055/2055 2050/2050 2054/2054
f 2054/2054 2050/2050 2053/2053
f 795/795 789/789 799/799
f 798/798 789/789 795/795
f 803/803 800/800 804/804
f 806/806 803/803 804/804
f 2056/2056 2059/2059 2057/2057
f 2056/2056 2057/2057 2058/2058
f 1362/1362 1363/1363 1364/1364
f 1595/1595 1594/1594 1592/1592
f 1592/1592 1594/1594 1593/1593
f 1593/1593 1591/1591 1592/1592
f 1573/1573 1567/1567 1587/1587
f 1592/1592 1591/1591 1566/1566
f 1591/1591 1590/1590 1567/1567
f 1566/1566 1591/1591 1567/1567
f 2119/2119 2120/2120 2121/2121
f 2129/2129 2130/2130 2131/2131
f 2134/2134 2135/2135 2136/2136
f 2137/2137 2136/2136 2135/2135
f 297/297 313/313 305/305
f 305/305 313/313 315/315
f 294/294 296/296 297/297
f 296/296 298/298 297/297
f 297/297 298/298 301/301
f 306/306 294/294 305/305
f 294/294 297/297 305/305
f 310/310 306/306 305/305
f 310/310 309/309 306/306
f 2146/2146 2144/2144 2138/2138
f 2144/2144 2145/2145 2141/2141
f 2144/2144 2141/2141 2138/2138
f 2148/2148 2145/2145 2144/2144
f 2149/2149 2148/2148 2144/2144
f 160/160 164/164 163/163
f 161/161 160/160 163/163
f 1908/1908 1907/1907 1909/1909
f 1907/1907 1908/1908 1905/1905
f 297/297 301/301 313/313
f 2156/2156 2157/2157 2158/2158
f 2159/2159 2157/2157 2156/2156
f 2146/2146 2138/2138 2147/2147
f 318/318 316/316 319/319
f 319/319 316/316 320/320
f 315/315 313/313 316/316
f 315/315 316/316 318/318
f 2139/2139 2142/2142 2143/2143
f 2141/2141 2142/2142 2139/2139
f 2143/2143 2150/2150 2139/2139
f 2139/2139 2150/2150 2151/2151
f 2080/2080 2087/2087 2086/2086
f 2081/2081 2080/2080 2086/2086
f 2138/2138 2141/2141 2139/2139
f 2138/2138 2139/2139 2140/2140
f 310/310 305/305 315/315
f 317/317 310/310 315/315
f 2082/2082 2083/2083 2080/2080
f 2084/2084 2083/2083 2082/2082
f 2079/2079 2080/2080 2081/2081
f 2082/2082 2080/2080 2079/2079
f 1906/1906 1920/1920 1919/1919
f 1907/1907 1906/1906 1919/1919
f 2153/2153 2152/2152 2150/2150
f 2151/2151 2150/2150 2152/2152
f 1909/1909 1907/1907 1918/1918
f 2155/2155 2153/2153 2154/2154
f 2154/2154 2153/2153 2150/2150
f 1918/1918 1907/1907 1919/1919
f 306/306 307/307 294/294
f 308/308 307/307 306/306
f 308/308 306/306 309/309
f 314/314 308/308 309/309
f 164/164 168/168 169/169
f 165/165 168/168 164/164
f 160/160 161/161 162/162
f 162/162 161/161 167/167
f 364/364 365/365 358/358
f 21/21 22/22 23/23
f 165/165 164/164 160/160
f 166/166 165/165 160/160
f 2091/2091 2089/2089 2081/2081
f 2086/2086 2093/2093 2091/2091
f 2086/2086 2091/2091 2081/2081
f 2108/2108 2110/2110 2113/2113
f 2081/2081 2089/2089 2079/2079
f 2079/2079 2090/2090 2085/2085
f 2079/2079 2089/2089 2090/2090
f 2162/2162 2161/2161 2163/2163
f 2160/2160 2161/2161 2162/2162
f 2132/2132 2130/2130 2133/2133
f 2131/2131 2130/2130 2132/2132
f 2063/2063 2064/2064 2065/2065
f 2164/2164 2165/2165 2166/2166
f 2107/2107 2105/2105 2104/2104
f 2122/2122 2123/2123 2124/2124
f 2122/2122 2124/2124 2125/2125
f 2108/2108 2109/2109 2110/2110
f 2111/2111 2112/2112 2109/2109
f 2111/2111 2109/2109 2108/2108
f 2113/2113 2110/2110 2114/2114
f 2089/2089 2092/2092 2090/2090
f 162/162 166/166 160/160
f 172/172 166/166 162/162
f 2066/2066 2067/2067 2068/2068
f 2069/2069 2070/2070 2071/2071
f 2082/2082 2079/2079 2085/2085
f 2085/2085 2088/2088 2082/2082
f 2168/2168 2170/2170 2169/2169
f 2171/2171 2172/2172 2173/2173
f 2174/2174 2171/2171 2173/2173
f 1565/1565 1567/1567 1569/1569
f 1565/1565 1566/1566 1567/1567
f 1573/1573 1570/1570 1585/1585
f 1568/1568 1573/1573 1585/1585
f 1569/1569 1567/1567 1568/1568
f 1939/1939 1938/1938 1936/1936
f 1568/1568 1567/1567 1573/1573
f 2175/2175 2176/2176 2177/2177
f 1150/1150 1152/1152 1151/1151
f 1149/1149 1150/1150 1151/1151
f 2167/2167 2168/2168 2169/2169
f 736/736 739/739 737/737
f 1166/1166 1167/1167 1164/1164
f 736/736 737/737 738/738
f 1839/1839 1836/1836 1838/1838
f 1972/1972 1973/1973 1974/1974
f 454/454 477/477 478/478
f 478/478 452/452 454/454
f 457/457 458/458 459/459
f 459/459 458/458 461/461
f 460/460 479/479 477/477
f 477/477 479/479 478/478
f 470/470 460/460 477/477
f 459/459 481/481 460/460
f 460/460 481/481 479/479
f 1975/1975 1973/1973 1972/1972
f 2178/2178 2179/2179 2180/2180
f 2189/2189 2190/2190 2191/2191
f 2181/2181 2182/2182 2183/2183
f 2183/2183 2182/2182 2184/2184
f 2185/2185 2186/2186 2181/2181
f 451/451 454/454 452/452
f 451/451 452/452 453/453
f 330/330 329/329 328/328
f 535/535 536/536 537/537
f 538/538 535/535 537/537
f 538/538 537/537 539/539
f 2186/2186 2187/2187 2181/2181
f 2187/2187 2188/2188 2181/2181
f 2182/2182 2181/2181 2188/2188
f 451/451 453/453 455/455
f 456/456 451/451 455/455
f 540/540 541/541 542/542
f 732/732 731/731 734/734
f 735/735 734/734 731/731
f 731/731 732/732 733/733
f 475/475 451/451 456/456
f 476/476 475/475 456/456
f 1872/1872 1866/1866 1870/1870
f 1871/1871 1867/1867 1869/1869
f 1763/1763 1762/1762 1764/1764
f 1761/1761 1762/1762 1763/1763
f 2192/2192 2193/2193 2194/2194
f 2192/2192 2194/2194 2195/2195
f 251/251 250/250 249/249
f 251/251 249/249 252/252
f 1470/1470 1471/1471 1472/1472
f 249/249 253/253 257/257
f 882/882 883/883 884/884
f 882/882 884/884 885/885
f 2196/2196 2197/2197 2198/2198
f 2199/2199 2197/2197 2196/2196
f 2200/2200 2201/2201 2202/2202
f 274/274 275/275 273/273
f 254/254 271/271 255/255
f 271/271 272/272 255/255
f 273/273 275/275 276/276
f 271/271 274/274 273/273
f 271/271 273/273 272/272
f 266/266 275/275 274/274
f 2209/2209 2215/2215 2210/2210
f 2209/2209 2210/2210 2211/2211
f 2210/2210 2218/2218 2219/2219
f 2210/2210 2219/2219 2213/2213
f 272/272 273/273 283/283
f 283/283 273/273 284/284
f 2212/2212 2210/2210 2213/2213
f 2212/2212 2211/2211 2210/2210
f 276/276 277/277 273/273
f 273/273 277/277 284/284
f 243/243 242/242 240/240
f 243/243 240/240 237/237
f 242/242 241/241 240/240
f 242/242 244/244 241/241
f 247/247 239/239 248/248
f 240/240 241/241 238/238
f 241/241 266/266 238/238
f 237/237 238/238 239/239
f 237/237 240/240 238/238
f 247/247 237/237 239/239
f 238/238 266/266 274/274
f 116/116 117/117 118/118
f 117/117 119/119 118/118
f 141/141 142/142 143/143
f 144/144 143/143 142/142
f 247/247 248/248 249/249
f 250/250 247/247 249/249
f 1860/1860 1861/1861 1862/1862
f 1860/1860 1862/1862 1863/1863
f 1864/1864 1861/1861 1860/1860
f 1865/1865 1864/1864 1860/1860
f 2220/2220 2225/2225 2221/2221
f 2220/2220 2221/2221 2222/2222
f 1760/1760 1758/1758 1757/1757
f 1757/1757 1758/1758 1759/1759
f 440/440 443/443 441/441
f 439/439 440/440 441/441
f 440/440 439/439 442/442
f 498/498 499/499 500/500
f 1809/1809 1808/1808 1805/1805
f 1805/1805 1808/1808 1806/1806
f 258/258 257/257 256/256
f 257/257 253/253 256/256
f 2226/2226 2227/2227 2228/2228
f 248/248 254/254 253/253
f 249/249 248/248 253/253
f 1844/1844 1845/1845 1846/1846
f 1844/1844 1846/1846 1847/1847
f 254/254 255/255 253/253
f 253/253 255/255 256/256
f 255/255 279/279 256/256
f 279/279 255/255 280/280
f 146/146 147/147 148/148
f 149/149 147/147 146/146
f 1800/1800 1801/1801 1802/1802
f 1802/1802 1801/1801 1805/1805
f 2203/2203 2204/2204 2205/2205
f 2206/2206 2207/2207 2208/2208
f 2229/2229 2230/2230 2231/2231
f 2232/2232 2230/2230 2229/2229
f 261/261 268/268 259/259
f 261/261 269/269 268/268
f 244/244 259/259 241/241
f 241/241 259/259 260/260
f 263/263 262/262 246/246
f 262/262 261/261 246/246
f 2221/2221 2223/2223 2222/2222
f 2222/2222 2223/2223 2224/2224
f 264/264 265/265 262/262
f 264/264 262/262 263/263
f 2233/2233 2234/2234 2235/2235
f 157/157 159/159 158/158
f 156/156 157/157 158/158
f 150/150 153/153 151/151
f 150/150 151/151 152/152
f 241/241 260/260 266/266
f 260/260 267/267 266/266
f 2214/2214 2216/2216 2215/2215
f 2214/2214 2215/2215 2209/2209
f 282/282 267/267 281/281
f 278/278 281/281 267/267
f 245/245 246/246 244/244
f 244/244 242/242 245/245
f 246/246 261/261 244/244
f 261/261 259/259 244/244
f 2215/2215 2217/2217 2210/2210
f 2210/2210 2217/2217 2218/2218
f 260/260 270/270 267/267
f 270/270 278/278 267/267
f 1801/1801 1810/1810 1805/1805
f 1810/1810 1809/1809 1805/1805
f 1359/1359 1360/1360 1361/1361
f 145/145 142/142 141/141
f 2115/2115 2116/2116 2117/2117
f 2115/2115 2117/2117 2118/2118
f 2098/2098 2094/2094 2096/2096
f 2099/2099 2098/2098 2096/2096
f 2072/2072 2073/2073 2074/2074
f 2126/2126 2127/2127 2128/2128
f 176/176 181/181 183/183
f 1445/1445 1446/1446 1447/1447
f 2103/2103 2101/2101 2100/2100
f 2100/2100 2101/2101 2102/2102
f 2094/2094 2095/2095 2096/2096
f 2095/2095 2097/2097 2096/2096
f 232/232 230/230 229/229
f 229/229 230/230 231/231
f 1088/1088 1089/1089 1090/1090
f 1210/1210 1211/1211 1212/1212
f 325/325 295/295 307/307
f 325/325 307/307 326/326
f 326/326 307/307 308/308
f 326/326 308/308 327/327
f 327/327 308/308 314/314
f 327/327 314/314 328/328
f 329/329 327/327 328/328
f 1970/1970 1971/1971 1963/1963
f 233/233 236/236 234/234
f 233/233 234/234 235/235
f 139/139 140/140 137/137
f 354/354 355/355 356/356
f 357/357 355/355 354/354
f 137/137 138/138 139/139
f 396/396 397/397 398/398
f 397/397 399/399 398/398
f 1962/1962 1965/1965 1963/1963
f 1962/1962 1963/1963 1964/1964
f 1966/1966 1962/1962 1964/1964
f 1970/1970 1963/1963 1965/1965
f 348/348 349/349 350/350
f 2075/2075 2077/2077 2078/2078
f 2075/2075 2076/2076 2077/2077
f 400/400 398/398 401/401
f 400/400 396/396 398/398
f 364/364 360/360 365/365
f 364/364 358/358 360/360
f 367/367 368/368 369/369
f 367/367 370/370 368/368
f 582/582 583/583 584/584
f 582/582 584/584 585/585
f 1512/1512 1515/1515 1513/1513
f 1515/1515 1523/1523 1513/1513
f 728/728 729/729 730/730
f 363/363 361/361 362/362
f 362/362 361/361 358/358
f 361/361 359/359 358/358
f 766/766 762/762 763/763
f 768/768 766/766 763/763
f 17/17 18/18 19/19
f 19/19 20/20 17/17
f 2236/2236 2237/2237 2238/2238
f 2238/2238 2237/2237 2239/2239
f 24/24 25/25 26/26
f 914/914 913/913 915/915
f 912/912 913/913 914/914
f 981/981 982/982 983/983
f 981/981 984/984 982/982
f 2243/2243 2244/2244 2245/2245
f 2240/2240 2241/2241 2242/2242
f 2016/2016 2017/2017 2018/2018
f 2017/2017 2019/2019 2018/2018
f 2005/2005 2003/2003 2002/2002
f 2002/2002 2003/2003 2004/2004
f 600/600 605/605 599/599
f 598/598 600/600 599/599
f 1102/1102 1103/1103 1104/1104
f 1102/1102 1104/1104 1105/1105
f 890/890 893/893 891/891
f 597/597 598/598 599/599
f 603/603 597/597 599/599
f 2248/2248 2247/2247 2249/2249
f 2246/2246 2247/2247 2248/2248
f 2253/2253 2251/2251 2250/2250
f 2250/2250 2251/2251 2252/2252
f 1507/1507 1511/1511 1509/1509
f 1509/1509 1511/1511 1510/1510
f 1505/1505 1506/1506 1507/1507
f 1507/1507 1506/1506 1512/1512
f 1512/1512 1513/1513 1511/1511
f 1507/1507 1512/1512 1511/1511
f 765/765 760/760 759/759
f 764/764 765/765 759/759
f 762/762 764/764 759/759
f 762/762 759/759 763/763
f 759/759 760/760 756/756
f 759/759 756/756 761/761
f 763/763 759/759 767/767
f 759/759 761/761 767/767
f 351/351 352/352 353/353
f 604/604 609/609 611/611
f 609/609 606/606 610/610
f 448/448 449/449 450/450
f 256/256 279/279 258/258
f 258/258 279/279 285/285
f 639/639 640/640 641/641
f 2254/2254 2255/2255 2256/2256
f 2257/2257 2258/2258 2259/2259
f 34/34 35/35 32/32
f 32/32 33/33 34/34
f 2260/2260 2261/2261 2262/2262
f 2263/2263 2261/2261 2260/2260
f 607/607 608/608 606/606
f 605/605 607/607 606/606
f 655/655 656/656 657/657
f 1508/1508 1509/1509 1510/1510
f 642/642 640/640 639/639
f 2104/2104 2105/2105 2106/2106
f 359/359 366/366 360/360
f 358/358 359/359 360/360
f 2060/2060 2061/2061 2062/2062
f 170/170 171/171 162/162
f 170/170 162/162 167/167
f 756/756 758/758 761/761
f 756/756 757/757 758/758
f 890/890 891/891 892/892
f 601/601 602/602 598/598
f 601/601 598/598 597/597
f 599/599 609/609 604/604
f 603/603 599/599 604/604
f 606/606 609/609 599/599
f 605/605 606/606 599/599
f 585/585 584/584 587/587
f 584/584 588/588 587/587
f 1077/1077 1073/1073 1075/1075
f 1077/1077 1075/1075 1078/1078
f 1223/1223 1224/1224 1225/1225
f 1224/1224 1226/1226 1225/1225
f 1073/1073 1074/1074 1075/1075
f 1076/1076 1074/1074 1073/1073
f 1130/1130 1133/1133 1131/1131
f 1130/1130 1131/1131 1132/1132
f 680/680 682/682 685/685
f 680/680 681/681 682/682
f 1164/1164 1165/1165 1166/1166
f 769/769 770/770 771/771
f 772/772 770/770 769/769
f 681/681 683/683 682/682
f 682/682 683/683 684/684
f 568/568 569/569 570/570
f 570/570 569/569 571/571
f 1062/1062 1063/1063 1064/1064
f 589/589 592/592 590/590
f 589/589 590/590 591/591
f 518/518 513/513 517/517
f 650/650 651/651 652/652
f 705/705 706/706 707/707
f 617/617 615/615 612/612
f 612/612 615/615 616/616
f 619/619 617/617 618/618
f 618/618 617/617 612/612
f 1832/1832 1833/1833 1834/1834
f 1833/1833 1835/1835 1834/1834
f 136/136 133/133 135/135
f 133/133 134/134 135/135
f 1048/1048 1050/1050 1051/1051
f 1048/1048 1049/1049 1050/1050
f 1052/1052 1055/1055 1056/1056
f 1052/1052 1056/1056 1057/1057
f 968/968 969/969 970/970
f 968/968 970/970 971/971
f 1043/1043 1045/1045 1041/1041
f 1479/1479 1480/1480 1481/1481
f 749/749 747/747 746/746
f 746/746 747/747 748/748
f 1041/1041 1042/1042 1043/1043
f 1043/1043 1042/1042 1044/1044
f 1051/1051 1050/1050 1054/1054
f 1054/1054 1050/1050 1053/1053
f 1050/1050 1055/1055 1052/1052
f 1050/1050 1052/1052 1053/1053
f 1556/1556 1555/1555 1558/1558
f 1555/1555 1556/1556 1557/1557
f 552/552 555/555 553/553
f 551/551 552/552 553/553
f 1026/1026 1027/1027 1028/1028
f 1027/1027 1029/1029 1028/1028
f 553/553 554/554 551/551
f 551/551 554/554 556/556
f 697/697 698/698 699/699
f 700/700 697/697 699/699
f 111/111 109/109 108/108
f 108/108 109/109 110/110
f 155/155 154/154 150/150
f 150/150 154/154 153/153
f 741/741 740/740 744/744
f 740/740 741/741 742/742
f 513/513 516/516 514/514
f 513/513 514/514 515/515
f 742/742 741/741 743/743
f 742/742 743/743 745/745
f 502/502 501/501 504/504
f 501/501 502/502 503/503
f 612/612 622/622 613/613
f 616/616 627/627 626/626
f 616/616 626/626 622/622
f 612/612 616/616 622/622
f 612/612 614/614 618/618
f 612/612 613/613 614/614
f 615/615 631/631 616/616
f 631/631 627/627 616/616
f 633/633 634/634 635/635
f 634/634 636/636 635/635
f 637/637 635/635 638/638
f 889/889 886/886 888/888
f 887/887 889/889 888/888
f 1058/1058 1059/1059 1060/1060
f 2/2 4/4 3/3
f 1/1 2/2 3/3
f 620/620 621/621 617/617
f 619/619 620/620 617/617
f 613/613 622/622 623/623
f 622/622 624/624 623/623
f 630/630 614/614 623/623
f 613/613 623/623 614/614
f 1061/1061 1058/1058 1060/1060
f 513/513 515/515 517/517
f 112/112 113/113 114/114
f 112/112 114/114 115/115
f 690/690 691/691 692/692
f 692/692 691/691 693/693
f 593/593 596/596 594/594
f 593/593 594/594 595/595
f 434/434 435/435 432/432
f 433/433 434/434 432/432
f 431/431 433/433 432/432
f 431/431 432/432 427/427
f 446/446 445/445 447/447
f 444/444 445/445 446/446
f 1215/1215 1217/1217 1218/1218
f 1177/1177 1178/1178 1179/1179
f 834/834 811/811 813/813
f 521/521 526/526 528/528
f 526/526 529/529 528/528
f 520/520 524/524 521/521
f 521/521 524/524 526/526
f 710/710 711/711 712/712
f 711/711 713/713 712/712
f 519/519 520/520 521/521
f 519/519 521/521 522/522
f 126/126 127/127 128/128
f 878/878 879/879 880/880
f 1320/1320 1319/1319 1316/1316
f 430/430 429/429 436/436
f 751/751 755/755 753/753
f 751/751 753/753 752/752
f 878/878 881/881 879/879
f 484/484 485/485 486/486
f 511/511 510/510 512/512
f 509/509 510/510 511/511
f 28/28 29/29 30/30
f 525/525 524/524 520/520
f 527/527 525/525 520/520
f 1987/1987 1988/1988 1989/1989
f 1984/1984 1985/1985 1986/1986
f 28/28 31/31 29/29
f 60/60 61/61 62/62
f 883/883 882/882 885/885
f 1792/1792 1795/1795 1793/1793
f 1792/1792 1793/1793 1794/1794
f 1796/1796 1797/1797 1798/1798
f 1798/1798 1797/1797 1799/1799
f 488/488 492/492 489/489
f 487/487 488/488 489/489
f 1215/1215 1216/1216 1217/1217
f 493/493 492/492 488/488
f 1857/1857 1859/1859 1858/1858
f 1856/1856 1857/1857 1858/1858
f 1866/1866 1869/1869 1867/1867
f 438/438 437/437 426/426
f 437/437 431/431 426/426
f 1106/1106 1107/1107 1108/1108
f 1106/1106 1108/1108 1109/1109
f 430/430 428/428 429/429
f 750/750 751/751 752/752
f 750/750 752/752 754/754
f 1533/1533 1529/1529 1532/1532
f 1529/1529 1528/1528 1532/1532
f 67/67 68/68 69/69
f 67/67 70/70 68/68
f 65/65 64/64 66/66
f 63/63 64/64 65/65
f 76/76 75/75 77/77
f 74/74 75/75 76/76
f 426/426 431/431 427/427
f 425/425 426/426 427/427
f 487/487 489/489 490/490
f 489/489 491/491 490/490
f 557/557 567/567 566/566
f 1381/1381 1382/1382 1383/1383
f 1384/1384 1385/1385 1382/1382
f 1384/1384 1382/1382 1381/1381
f 428/428 425/425 429/429
f 428/428 426/426 425/425
f 120/120 121/121 122/122
f 123/123 124/124 125/125
f 1019/1019 1020/1020 1021/1021
f 1529/1529 1531/1531 1530/1530
f 1528/1528 1529/1529 1530/1530
f 523/523 520/520 519/519
f 523/523 527/527 520/520
f 1183/1183 1186/1186 1184/1184
f 1183/1183 1184/1184 1185/1185
f 1194/1194 1193/1193 1195/1195
f 1196/1196 1195/1195 1193/1193
f 1194/1194 1195/1195 1203/1203
f 1194/1194 1203/1203 1204/1204
f 1195/1195 1197/1197 1198/1198
f 1196/1196 1197/1197 1195/1195
f 1188/1188 1191/1191 1190/1190
f 1188/1188 1190/1190 1189/1189
f 1193/1193 1194/1194 1190/1190
f 1191/1191 1193/1193 1190/1190
f 1190/1190 1194/1194 1205/1205
f 1205/1205 1194/1194 1204/1204
f 95/95 96/96 97/97
f 1200/1200 1202/1202 1201/1201
f 1201/1201 1202/1202 1209/1209
f 1206/1206 1200/1200 1198/1198
f 1252/1252 1253/1253 1254/1254
f 1195/1195 1198/1198 1199/1199
f 1199/1199 1203/1203 1195/1195
f 1200/1200 1201/1201 1199/1199
f 1198/1198 1200/1200 1199/1199
f 1579/1579 1589/1589 1596/1596
f 961/961 960/960 962/962
f 375/375 387/387 376/376
f 372/372 375/375 376/376
f 374/374 375/375 372/372
f 374/374 372/372 371/371
f 963/963 951/951 954/954
f 1468/1468 1467/1467 1469/1469
f 954/954 959/959 960/960
f 960/960 961/961 954/954
f 1187/1187 1188/1188 1189/1189
f 1187/1187 1189/1189 1192/1192
f 1017/1017 1018/1018 1016/1016
f 1192/1192 1189/1189 1208/1208
f 1189/1189 1190/1190 1208/1208
f 1208/1208 1190/1190 1205/1205
f 1579/1579 1582/1582 1589/1589
f 990/990 991/991 986/986
f 1579/1579 1581/1581 1582/1582
f 1579/1579 1577/1577 1581/1581
f 1577/1577 1575/1575 1581/1581
f 1575/1575 1583/1583 1581/1581
f 1010/1010 1017/1017 1016/1016
f 1174/1174 1176/1176 1175/1175
f 1173/1173 1174/1174 1175/1175
f 1487/1487 1483/1483 1485/1485
f 1483/1483 1482/1482 1485/1485
f 1482/1482 1484/1484 1485/1485
f 1035/1035 1036/1036 1037/1037
f 1488/1488 1486/1486 1487/1487
f 1486/1486 1483/1483 1487/1487
f 1206/1206 1207/1207 1202/1202
f 1206/1206 1202/1202 1200/1200
f 1219/1219 1220/1220 1221/1221
f 1222/1222 1219/1219 1221/1221
f 1490/1490 1486/1486 1489/1489
f 1486/1486 1488/1488 1489/1489
f 1168/1168 1167/1167 1169/1169
f 1164/1164 1167/1167 1168/1168
f 1171/1171 1168/1168 1170/1170
f 1170/1170 1172/1172 1171/1171
f 1180/1180 1181/1181 1182/1182
f 1168/1168 1169/1169 1170/1170
f 1546/1546 1552/1552 1550/1550
f 1546/1546 1550/1550 1548/1548
f 178/178 174/174 177/177
f 2264/2264 2265/2265 2266/2266
f 178/178 179/179 174/174
f 2267/2267 2268/2268 2269/2269
f 173/173 174/174 175/175
f 173/173 177/177 174/174
f 2270/2270 2271/2271 2272/2272
f 2271/2271 2273/2273 2272/2272
f 175/175 176/176 173/173
f 173/173 176/176 180/180
f 175/175 182/182 181/181
f 175/175 181/181 176/176
f 102/102 103/103 104/104
f 411/411 406/406 408/408
f 658/658 659/659 660/660
f 665/665 659/659 658/658
f 1554/1554 1551/1551 1546/1546
f 1551/1551 1552/1552 1546/1546
f 1544/1544 1542/1542 1541/1541
f 873/873 876/876 875/875
f 1543/1543 1546/1546 1545/1545
f 1545/1545 1546/1546 1547/1547
f 1545/1545 1547/1547 1549/1549
f 660/660 659/659 661/661
f 660/660 661/661 664/664
f 659/659 663/663 662/662
f 659/659 662/662 661/661
f 1547/1547 1546/1546 1548/1548
f 875/875 876/876 877/877
f 410/410 412/412 413/413
f 414/414 410/410 413/413
f 1066/1066 1069/1069 1067/1067
f 1066/1066 1067/1067 1068/1068
f 701/701 702/702 703/703
f 704/704 701/701 703/703
f 1496/1496 1494/1494 1491/1491
f 1495/1495 1496/1496 1491/1491
f 1496/1496 1497/1497 1498/1498
f 1496/1496 1495/1495 1497/1497
f 1007/1007 988/988 993/993
f 1008/1008 988/988 1007/1007
f 900/900 901/901 902/902
f 901/901 903/903 902/902
f 1491/1491 1492/1492 1493/1493
f 1494/1494 1492/1492 1491/1491
f 926/926 925/925 927/927
f 922/922 925/925 926/926
f 923/923 922/922 931/931
f 922/922 926/926 931/931
f 623/623 624/624 628/628
f 623/623 628/628 629/629
f 406/406 407/407 408/408
f 405/405 407/407 406/406
f 406/406 402/402 405/405
f 402/402 404/404 405/405
f 923/923 920/920 922/922
f 924/924 920/920 923/923
f 402/402 403/403 404/404
f 422/422 423/423 424/424
f 921/921 920/920 924/924
f 933/933 921/921 924/924
f 1214/1214 1213/1213 1210/1210
f 1213/1213 1211/1211 1210/1210
f 224/224 225/225 226/226
f 224/224 226/226 227/227
f 214/214 213/213 208/208
f 213/213 211/211 208/208
f 105/105 106/106 107/107
f 228/228 225/225 224/224
f 1255/1255 1256/1256 1257/1257
f 1257/1257 1256/1256 1258/1258
f 98/98 99/99 100/100
f 99/99 101/101 100/100
f 408/408 409/409 410/410
f 408/408 407/407 409/409
f 415/415 417/417 419/419
f 410/410 409/409 412/412
f 479/479 481/481 478/478
f 221/221 220/220 222/222
f 874/874 873/873 875/875
f 219/219 223/223 220/220
f 219/219 220/220 221/221
f 1126/1126 1127/1127 1124/1124
f 1124/1124 1125/1125 1126/1126
f 288/288 287/287 289/289
f 286/286 287/287 288/288
f 207/207 209/209 215/215
f 207/207 215/215 216/216
f 208/208 211/211 210/210
f 208/208 210/210 209/209
f 872/872 873/873 874/874
f 850/850 851/851 852/852
f 850/850 854/854 851/851
f 853/853 854/854 850/850
f 212/212 208/208 207/207
f 207/207 208/208 209/209
f 415/415 418/418 416/416
f 415/415 416/416 417/417
f 1156/1156 1157/1157 1158/1158
f 1159/1159 1157/1157 1156/1156
f 868/868 864/864 867/867
f 864/864 866/866 867/867
f 865/865 870/870 866/866
f 864/864 865/865 866/866
f 1503/1503 1504/1504 1502/1502
f 1503/1503 1502/1502 1499/1499
f 1125/1125 1128/1128 1126/1126
f 1126/1126 1128/1128 1129/1129
f 215/215 217/217 216/216
f 216/216 217/217 218/218
f 1499/1499 1502/1502 1500/1500
f 1499/1499 1500/1500 1501/1501
f 626/626 625/625 622/622
f 622/622 625/625 624/624
f 868/868 867/867 869/869
f 869/869 867/867 871/871
f 419/419 417/417 420/420
f 417/417 421/421 420/420
f 630/630 623/623 632/632
f 629/629 632/632 623/623
f 813/813 806/806 810/810
f 813/813 810/810 814/814
f 530/530 531/531 532/532
f 811/811 806/806 813/813
f 811/811 803/803 806/806
f 531/531 533/533 532/532
f 531/531 534/534 533/533
f 331/331 332/332 333/333
f 1266/1266 1269/1269 1267/1267
f 1266/1266 1267/1267 1268/1268
f 1277/1277 1278/1278 1279/1279
f 1280/1280 1277/1277 1279/1279
f 1604/1604 1603/1603 1605/1605
f 1603/1603 1606/1606 1605/1605
f 1603/1603 1608/1608 1607/1607
f 1278/1278 1277/1277 1281/1281
f 1277/1277 1282/1282 1281/1281
f 1601/1601 1602/1602 1603/1603
f 1601/1601 1603/1603 1604/1604
f 649/649 647/647 646/646
f 646/646 647/647 648/648
f 858/858 856/856 855/855
f 1153/1153 1154/1154 1155/1155
f 855/855 856/856 857/857
f 1611/1611 1612/1612 1613/1613
f 1442/1442 1443/1443 1444/1444
f 786/786 787/787 788/788
f 1608/1608 1610/1610 1609/1609
f 1608/1608 1609/1609 1607/1607
f 1603/1603 1607/1607 1606/1606
f 1242/1242 1241/1241 1244/1244
f 1240/1240 1241/1241 1242/1242
f 1245/1245 1240/1240 1243/1243
f 1240/1240 1242/1242 1243/1243
f 78/78 79/79 80/80
f 81/81 78/78 80/80
f 1227/1227 1228/1228 1229/1229
f 894/894 897/897 899/899
f 1231/1231 1227/1227 1229/1229
f 1231/1231 1229/1229 1232/1232
f 1230/1230 1231/1231 1232/1232
f 1233/1233 1236/1236 1234/1234
f 897/897 894/894 896/896
f 911/911 909/909 908/908
f 46/46 42/42 45/45
f 47/47 46/46 45/45
f 1145/1145 1146/1146 1147/1147
f 1148/1148 1145/1145 1147/1147
f 1037/1037 1036/1036 1038/1038
f 686/686 689/689 687/687
f 686/686 687/687 688/688
f 1568/1568 1565/1565 1569/1569
f 941/941 942/942 943/943
f 943/943 942/942 944/944
f 1135/1135 1137/1137 1136/1136
f 2274/2274 2275/2275 2276/2276
f 2280/2280 2281/2281 2282/2282
f 2283/2283 2280/2280 2282/2282
f 1435/1435 1436/1436 1437/1437
f 2277/2277 2278/2278 2279/2279
f 1439/1439 1435/1435 1437/1437
f 1439/1439 1437/1437 1438/1438
f 1437/1437 1436/1436 1438/1438
f 1134/1134 1135/1135 1136/1136
f 1432/1432 1433/1433 1434/1434
f 1476/1476 1477/1477 1478/1478
f 1460/1460 1461/1461 1462/1462
f 717/717 716/716 715/715
f 717/717 727/727 715/715
f 714/714 715/715 716/716
f 894/894 895/895 896/896
f 801/801 802/802 797/797
f 801/801 797/797 796/796
f 801/801 796/796 803/803
f 1160/1160 1161/1161 1162/1162
f 896/896 895/895 898/898
f 51/51 52/52 53/53
f 1110/1110 1113/1113 1111/1111
f 42/42 43/43 44/44
f 45/45 42/42 44/44
f 1110/1110 1111/1111 1112/1112
f 206/206 186/186 199/199
f 1113/1113 1114/1114 1111/1111
f 184/184 185/185 186/186
f 185/185 196/196 186/186
f 199/199 186/186 196/196
f 199/199 196/196 200/200
f 203/203 199/199 202/202
f 202/202 199/199 200/200
f 203/203 202/202 204/204
f 1373/1373 1374/1374 1375/1375
f 1424/1424 1422/1422 1423/1423
f 1423/1423 1422/1422 1421/1421
f 1086/1086 1079/1079 1081/1081
f 1079/1079 1080/1080 1081/1081
f 1409/1409 1410/1410 1411/1411
f 1032/1032 1033/1033 1034/1034
f 1079/1079 1082/1082 1080/1080
f 1163/1163 1160/1160 1162/1162
f 1086/1086 1081/1081 1085/1085
f 1087/1087 1086/1086 1085/1085
f 206/206 184/184 186/186
f 1246/1246 1247/1247 1248/1248
f 1534/1534 1535/1535 1536/1536
f 1248/1248 1247/1247 1249/1249
f 1249/1249 1247/1247 1246/1246
f 1425/1425 1423/1423 1421/1421
f 1425/1425 1421/1421 1426/1426
f 1083/1083 1084/1084 1085/1085
f 1084/1084 1087/1087 1085/1085
f 1451/1451 1452/1452 1453/1453
f 2035/2035 2036/2036 2037/2037
f 1536/1536 1535/1535 1537/1537
f 1537/1537 1535/1535 1540/1540
f 1250/1250 1246/1246 1251/1251
f 1250/1250 1249/1249 1246/1246
f 722/722 717/717 720/720
f 714/714 726/726 715/715
f 1259/1259 1262/1262 1260/1260
f 1261/1261 1260/1260 1263/1263
f 1259/1259 1260/1260 1261/1261
f 717/717 715/715 718/718
f 718/718 715/715 719/719
f 195/195 194/194 189/189
f 189/189 194/194 192/192
f 188/188 189/189 187/187
f 195/195 189/189 188/188
f 189/189 192/192 190/190
f 190/190 192/192 193/193
f 1030/1030 1031/1031 1032/1032
f 57/57 58/58 59/59
f 1115/1115 1110/1110 1112/1112
f 39/39 40/40 41/41
f 937/937 938/938 939/939
f 939/939 938/938 940/940
f 83/83 85/85 84/84
f 82/82 83/83 84/84
f 1233/1233 1234/1234 1235/1235
f 187/187 189/189 190/190
f 191/191 187/187 190/190
f 48/48 49/49 50/50
f 185/185 187/187 191/191
f 184/184 188/188 187/187
f 187/187 185/185 184/184
f 54/54 55/55 56/56
f 1030/1030 1032/1032 1034/1034
f 1138/1138 1140/1140 1141/1141
f 979/979 975/975 972/972
f 975/975 973/973 972/972
f 906/906 905/905 907/907
f 1138/1138 1139/1139 1140/1140
f 972/972 973/973 974/974
f 976/976 972/972 974/974
f 904/904 905/905 906/906
f 1270/1270 1271/1271 1272/1272
f 974/974 978/978 977/977
f 976/976 974/974 977/977
f 2284/2284 2285/2285 2286/2286
f 2287/2287 2288/2288 2289/2289
f 844/844 843/843 847/847
f 844/844 847/847 848/848
f 2290/2290 2291/2291 2292/2292
f 1418/1418 1419/1419 1420/1420
f 2293/2293 2294/2294 2295/2295
f 376/376 383/383 381/381
f 372/372 376/376 381/381
f 371/371 372/372 373/373
f 378/378 371/371 379/379
f 371/371 373/373 379/379
f 373/373 380/380 379/379
f 379/379 380/380 392/392
f 378/378 379/379 382/382
f 389/389 378/378 382/382
f 373/373 372/372 381/381
f 373/373 381/381 380/380
f 385/385 384/384 376/376
f 376/376 384/384 383/383
f 1091/1091 1092/1092 1093/1093
f 193/193 205/205 197/197
f 986/986 991/991 995/995
f 995/995 991/991 1009/1009
f 991/991 1010/1010 1009/1009
f 1010/1010 1013/1013 1009/1009
f 1010/1010 1016/1016 1013/1013
f 985/985 986/986 987/987
f 985/985 990/990 986/986
f 986/986 995/995 992/992
f 986/986 992/992 987/987
f 985/985 987/987 988/988
f 988/988 987/987 992/992
f 988/988 992/992 993/993
f 989/989 985/985 988/988
f 1473/1473 1474/1474 1475/1475
f 908/908 909/909 910/910
f 1404/1404 1400/1400 1405/1405
f 1400/1400 1406/1406 1405/1405
f 391/391 393/393 394/394
f 395/395 391/391 394/394
f 994/994 992/992 996/996
f 996/996 997/997 998/998
f 997/997 1005/1005 998/998
f 994/994 996/996 999/999
f 999/999 996/996 998/998
f 996/996 995/995 997/997
f 992/992 995/995 996/996
f 89/89 90/90 91/91
f 92/92 93/93 94/94
f 998/998 1005/1005 1006/1006
f 998/998 1006/1006 1000/1000
f 1099/1099 1100/1100 1101/1101
f 1370/1370 1371/1371 1372/1372
f 1070/1070 1071/1071 1072/1072
f 335/335 334/334 337/337
f 334/334 335/335 336/336
f 335/335 337/337 344/344
f 335/335 344/344 345/345
f 344/344 346/346 345/345
f 345/345 346/346 347/347
f 1334/1334 1335/1335 1336/1336
f 1439/1439 1440/1440 1441/1441
f 1439/1439 1438/1438 1440/1440
f 576/576 577/577 578/578
f 579/579 576/576 578/578
f 339/339 334/334 338/338
f 338/338 334/334 336/336
f 643/643 644/644 645/645
f 977/977 978/978 980/980
f 190/190 198/198 201/201
f 191/191 190/190 201/201
f 190/190 193/193 197/197
f 190/190 197/197 198/198
f 993/993 992/992 994/994
f 385/385 388/388 386/386
f 385/385 386/386 384/384
f 379/379 392/392 390/390
f 382/382 379/379 390/390
f 998/998 1000/1000 999/999
f 1397/1397 1398/1398 1399/1399
f 1397/1397 1399/1399 1400/1400
f 1400/1400 1399/1399 1403/1403
f 1406/1406 1400/1400 1403/1403
f 1009/1009 1013/1013 1014/1014
f 1122/1122 1121/1121 1123/1123
f 8/8 9/9 10/10
f 1120/1120 1121/1121 1122/1122
f 11/11 12/12 13/13
f 1015/1015 1009/1009 1014/1014
f 580/580 581/581 577/577
f 580/580 577/577 576/576
f 342/342 341/341 340/340
f 342/342 343/343 341/341
f 341/341 339/339 340/340
f 340/340 339/339 338/338
f 1000/1000 1003/1003 1002/1002
f 1001/1001 1000/1000 1002/1002
f 1001/1001 999/999 1000/1000
f 1142/1142 1143/1143 1144/1144
f 720/720 717/717 718/718
f 720/720 718/718 721/721
f 718/718 724/724 725/725
f 1023/1023 1025/1025 1024/1024
f 1263/1263 1264/1264 1261/1261
f 1022/1022 1023/1023 1024/1024
f 843/843 781/781 846/846
f 843/843 846/846 847/847
f 36/36 37/37 38/38
f 803/803 849/849 812/812
f 806/806 803/803 812/812
f 1421/1421 1422/1422 1418/1418
f 1421/1421 1418/1418 1420/1420
f 1421/1421 1420/1420 1427/1427
f 1426/1426 1421/1421 1427/1427
f 1428/1428 1426/1426 1427/1427
f 1428/1428 1427/1427 1429/1429
f 1430/1430 1428/1428 1429/1429
f 1396/1396 1393/1393 1392/1392
f 1264/1264 1265/1265 1261/1261
f 391/391 382/382 390/390
f 391/391 390/390 393/393
f 718/718 719/719 723/723
f 718/718 723/723 724/724
f 1431/1431 1419/1419 1422/1422
f 1422/1422 1419/1419 1418/1418
f 1392/1392 1393/1393 1394/1394
f 1407/1407 1408/1408 1403/1403
f 965/965 966/966 967/967
f 1415/1415 1416/1416 1417/1417
f 1399/1399 1407/1407 1403/1403
f 1395/1395 1394/1394 1408/1408
f 1407/1407 1395/1395 1408/1408
f 1395/1395 1396/1396 1392/1392
f 1395/1395 1392/1392 1394/1394
f 1401/1401 1397/1397 1400/1400
f 1404/1404 1401/1401 1400/1400
f 1003/1003 1011/1011 1012/1012
f 2296/2296 2297/2297 2298/2298
f 1401/1401 1402/1402 1397/1397
f 1002/1002 1003/1003 1004/1004
f 1000/1000 1006/1006 1003/1003
f 1006/1006 1011/1011 1003/1003
