mtllib S-03_tex.mtl
v 18.412422 7.451789 12.302019
v 13.280206 6.579803 13.148985
v 18.376590 7.467817 12.569595
v 17.291863 5.616871 12.852742
v 13.280206 6.579803 13.148985
v 18.412422 7.451789 12.302019
v 13.580128 6.514396 13.150348
v 11.913309 6.514396 13.149605
v 11.466332 7.078813 13.148035
v 18.903966 6.624606 -1.415863
v 18.903447 5.594020 -2.557089
v 18.903162 5.624136 -0.132423
v 18.904060 6.531191 1.839412
v 18.904343 4.632159 -8.997421
v 18.904768 3.626381 -7.135086
v 18.903966 4.089522 -6.962719
v 18.905475 2.604252 -9.528113
v 18.906137 3.589679 -11.738032
v 18.905948 2.880871 -10.363184
v 10.058268 3.614726 -14.746548
v 12.909708 2.792613 -14.747087
v 10.716932 3.660753 -14.746260
v 10.385523 2.686624 -14.748656
v 13.213831 4.506178 -14.746011
v 13.203727 4.857443 -15.240520
v 15.795139 5.012248 -15.240065
v 10.716932 3.660753 -14.746260
v 10.409882 3.982938 -14.747004
v 13.213831 4.506178 -14.746011
v 10.058268 3.614726 -14.746548
v 10.385523 2.686624 -14.748656
v 12.909708 2.792613 -14.747087
v 10.409882 3.982938 -14.747004
v 10.058268 3.614726 -14.746548
v 13.213831 4.506178 -14.746011
v 10.716932 3.660753 -14.746260
v 10.643002 4.984614 12.852742
v 10.017951 3.762486 12.853981
v 8.320919 4.852592 13.416395
v 0.648703 4.056631 13.003177
v -0.184683 4.056154 13.002681
v 2.749091 5.155278 13.243161
v 0.184966 5.153627 13.235973
v -2.463144 4.076011 12.979591
v -0.184683 4.056154 13.002681
v 0.648703 4.056631 13.003177
v 10.667976 8.092009 9.025099
v 8.300478 8.303884 8.908949
v 9.673465 8.055068 12.847870
v 10.737090 7.972697 12.851050
v 10.667976 8.092009 9.025099
v 8.377098 8.296959 6.831620
v 8.300478 8.303884 8.908949
v 10.785716 8.081562 7.981644
v 13.478722 7.835009 6.524391
v 10.785716 8.081562 7.981644
v 10.667976 8.092009 9.025099
v 13.302443 7.849915 8.831749
v 10.775565 8.082191 4.033223
v 8.086005 8.323214 2.419010
v 10.939335 8.067593 4.316206
v 8.414771 8.293352 4.338263
v 12.397959 7.933171 -0.182402
v 8.086005 8.323214 2.419010
v 10.775565 8.082191 4.033223
v 8.075053 8.323776 0.052791
v 13.235358 7.856245 -1.790750
v 8.498993 8.285508 -2.508183
v 8.075053 8.323776 0.052791
v 12.397959 7.933171 -0.182402
v 13.235358 7.856245 -1.790750
v 8.083362 8.323368 -4.564900
v 8.498993 8.285508 -2.508183
v 13.234272 7.856619 -3.385880
v -0.374181 8.999796 -7.013152
v 2.181116 8.851320 -2.766919
v 2.762923 8.798862 -4.983902
v -0.391176 9.000000 -3.872499
v -0.372859 8.999643 -7.565487
v -2.339645 8.829251 -5.442597
v -0.374181 8.999796 -7.013152
v -2.362305 8.827073 -7.259703
v -2.631162 8.803678 -11.540756
v -0.372859 8.999643 -9.550168
v -2.631162 8.803678 -11.540756
v -7.277028 8.389286 -10.702753
v -2.362305 8.827073 -7.259703
v -2.308581 8.831106 -13.845926
v -2.631162 8.803678 -11.540756
v -0.372859 8.999643 -9.550168
v -0.372859 8.999422 -11.928861
v 5.488976 8.554640 -12.143525
v 0.343542 8.960083 -11.753932
v 0.326122 8.958687 -9.524435
v 5.127164 8.587685 -9.542361
v 0.326122 8.958687 -9.524435
v 0.326122 8.958483 -7.871270
v 5.127164 8.587685 -9.542361
v 3.531915 8.731140 -7.297167
v -2.483303 5.574487 -14.747540
v -5.299431 6.521204 -14.745557
v -2.427879 5.804619 -14.747705
v -6.720524 5.537240 -14.747126
v -5.299431 6.521204 -14.745557
v -6.720524 5.537240 -14.747126
v -7.703091 6.486527 -14.746176
v -8.400184 5.566762 -14.747663
v -8.400184 5.566762 -14.747663
v -10.232754 6.482903 -14.747540
v -7.703091 6.486527 -14.746176
v -10.044530 5.465469 -14.747168
v -5.339795 4.600664 -14.746260
v -6.720524 5.537240 -14.747126
v -2.483303 5.574487 -14.747540
v -2.442986 3.941761 -14.746548
v -2.431231 2.827426 -14.748449
v -4.916327 3.454850 -14.746177
v -3.296577 2.689346 -14.748078
v -4.943661 2.682846 -14.747788
v -2.404746 1.409468 -14.749606
v -4.884980 1.779978 -14.748367
v -15.379792 7.850035 -0.370548
v -15.203136 7.865807 -2.919832
v -12.653976 8.102134 -2.986003
v -12.707322 8.097404 -0.533250
v -15.379792 7.850035 -0.370548
v -12.707322 8.097404 -0.533250
v -15.399809 7.848128 1.684518
v -12.706143 8.097437 1.869896
v -16.734604 7.724648 8.729601
v -15.928930 7.798579 6.545704
v -14.393025 7.939773 8.822042
v -12.655817 8.101623 7.416008
v 2.922821 8.784295 9.385283
v 0.810017 8.974323 11.217052
v 3.270518 8.754264 10.993589
v 0.675612 8.987051 8.759011
v 0.637797 8.990369 4.266227
v 0.621841 8.992105 7.049217
v 2.928864 8.784398 8.009938
v 3.713529 8.715247 4.372092
v -10.054727 8.339804 7.715183
v -10.633654 8.287703 6.447934
v -9.614123 8.379007 6.747853
v -9.782424 8.364238 6.371479
v -9.612660 8.380113 3.466472
v -10.141026 8.332215 4.085392
v -10.141026 8.332215 4.085392
v -10.965347 8.257433 1.915456
v -9.612660 8.380113 3.466472
v -9.551996 8.385405 1.427392
v 1.966078 8.870037 -1.473194
v -0.373378 8.999932 -2.368033
v 0.252192 8.957734 -0.113339
v 2.302113 8.839392 -0.197106
v 2.953885 8.780876 -0.314744
v 2.302113 8.839392 -0.197106
v 1.088363 8.948903 1.990467
v 3.205510 8.759573 3.046025
v -10.509164 8.298457 -7.140207
v -10.001805 8.344280 -7.249419
v -9.614642 8.379008 -5.293362
v -10.783874 8.273802 -5.055195
v -3.587244 7.612057 13.503840
v -2.352486 7.439640 13.526393
v -2.144104 7.375544 13.406153
v 5.842479 8.400259 12.852082
v 5.567768 8.543120 14.033994
v 3.420076 8.722717 13.994796
v -10.387316 0.907633 13.321350
v -9.364055 0.872513 12.445429
v -9.285027 0.007691 13.475254
v -18.787547 2.238778 10.799535
v -18.786933 3.551139 10.868639
v -18.941119 3.597760 12.459515
v -18.990311 1.884331 12.904827
v -18.787547 2.238778 10.799535
v -18.786697 3.597761 8.170945
v -18.786933 3.551139 10.868639
v -18.787783 2.030902 8.700190
v -18.789246 1.117177 10.817171
v -18.787689 1.808783 8.688418
v -18.787358 2.585330 6.347974
v -18.789200 1.778803 6.461150
v -18.786462 2.729944 4.180640
v -18.788256 1.824642 3.468494
v -18.787358 2.585330 6.347974
v -18.786462 2.729944 4.180640
v -18.786320 3.370657 4.073825
v -18.787783 3.604584 6.382505
v -18.786462 2.729944 4.180640
v -18.786602 3.558405 1.804839
v -18.786320 3.370657 4.073825
v -18.787217 2.376858 1.808143
v -18.338634 7.429143 -9.391391
v -19.957110 6.509837 -9.417868
v -19.982887 6.520081 -7.471394
v -18.409731 7.400115 -7.127361
v -19.956968 6.509888 -0.547005
v -19.812603 6.815722 -0.682280
v -19.719316 6.855010 -0.225442
v -18.786462 5.463648 -4.738384
v -18.787452 4.592173 -0.535275
v -18.786792 5.356468 -0.330895
v -18.786981 3.820629 -4.766348
v -18.786745 3.975060 -6.539339
v -18.787406 4.694827 -6.655077
v -18.787452 4.592173 -0.535275
v -18.786981 3.820629 -4.766348
v -18.786792 5.356468 -0.330895
v -18.786462 5.463648 -4.738384
v -18.787406 4.694827 -6.655077
v -18.786745 3.975060 -6.539339
v -18.787075 4.975834 10.978924
v -18.786272 4.634574 8.664916
v -18.786508 5.471526 8.656077
v -18.787358 4.636650 10.768846
v 4.977133 6.446556 13.438660
v 3.080075 6.514396 13.150431
v 7.416436 6.482356 13.206152
v -2.174129 8.842284 12.475502
v -2.008377 8.835954 13.957414
v -4.228724 8.861341 13.292893
v 11.549892 8.011425 -11.528984
v 8.081993 8.323232 -9.823610
v 8.294482 8.304072 -7.628684
v 13.135179 7.866233 -7.183784
v 15.289859 7.667648 -11.426093
v 15.679666 7.633055 -7.134713
v 11.551403 8.011238 -11.842120
v 15.502348 7.648250 -13.775377
v 5.353485 3.173842 -14.747953
v 2.675161 3.606253 -14.746466
v 5.420711 4.634575 -14.747334
v 2.695319 4.292397 -14.746136
v 15.502348 7.648250 -13.775377
v 15.289859 7.667648 -11.426093
v 16.486472 7.559821 -9.572969
v 17.588289 7.458086 -11.705400
v 7.359077 8.388281 8.629601
v 7.813420 8.347444 4.383823
v 7.487203 8.376744 6.555246
v 5.502572 8.553466 2.790221
v 3.713529 8.715247 4.372092
v 5.507671 8.553313 5.255656
v 3.205510 8.759573 3.046025
v 18.601306 7.373519 8.831047
v 18.904391 6.523772 7.017783
v 18.299733 7.498479 10.476115
v 18.370972 1.746406 -2.389101
v 18.407087 0.056475 0.842258
v 18.370736 1.411578 -0.146386
v 18.406851 0.056407 -2.530242
v 18.407087 0.056475 -2.896291
v 18.370642 1.834222 -3.622562
v 18.407748 0.056662 -5.179444
v 18.370784 1.776013 -5.035825
v 18.407466 0.056611 -7.447852
v 18.371067 1.781543 -9.283544
v 18.371491 1.374417 -11.605814
v 18.372341 2.657850 5.148301
v 18.371964 1.770023 5.061559
v 18.373145 2.684496 8.676646
v 18.371728 2.737805 3.407652
v 18.371916 3.478381 6.430089
v 18.371114 3.633153 2.878985
v 18.370642 4.540548 3.698029
v 18.371680 3.773393 6.436161
v 18.371491 4.731477 6.053922
v 18.370689 5.569943 3.466100
v 18.370830 5.949963 4.019261
v 18.371728 5.678534 6.092295
v 18.371067 5.667440 8.248848
v 18.370122 5.506646 -0.297108
v 18.370311 4.579394 0.077408
v 18.370784 5.489699 -0.996862
v 18.370170 6.185082 1.869152
v 18.369131 6.223690 -0.426476
v 18.369651 5.645950 -2.669357
v 18.369934 5.341325 -2.689762
v 18.370170 4.593959 -0.465716
v 18.370217 3.858181 -2.762543
v 18.370830 3.607460 -0.520570
v 18.370595 3.571115 0.361547
v 18.371964 2.730523 1.796371
v 18.370784 1.349727 1.984558
v 18.371586 2.789277 -1.890711
v 18.370736 2.358465 -2.584434
v 18.370405 1.919469 -4.924011
v 18.370972 2.588513 -9.123114
v 18.370453 3.034468 -4.972132
v 18.370501 2.832275 -4.013599
v 18.369934 4.631784 -5.579815
v 18.370076 5.577124 -4.903522
v 18.369651 4.108903 -9.259090
v 18.370265 5.286927 -9.167929
v 18.369840 6.088043 -7.095020
v 18.369886 5.610287 -9.167392
v 18.369886 6.456256 -11.540757
v 18.369320 5.482587 -10.647652
v 18.368801 5.860327 -13.781242
v 18.368848 4.689076 -13.225520
v 18.368517 4.065293 -13.781242
v 18.371303 3.770978 -11.602509
v 18.369980 2.837125 -13.575419
v 18.372153 2.810478 -11.576032
v 18.371303 2.900404 -9.126790
v 18.371916 2.259674 -11.565004
v 18.369886 2.757476 -13.786407
v 18.370972 1.763149 -12.639688
v 18.372105 0.917027 -11.496810
v 18.371351 0.921349 -12.095530
v 18.372341 3.790953 8.682553
v 18.372530 3.535382 8.694284
v 18.370736 4.763874 7.382220
v 18.370028 5.477583 8.994202
v 18.371776 5.786446 8.776647
v 18.372153 3.748568 8.796473
v 18.372058 2.805475 10.091685
v 18.371209 1.988959 10.924524
v 18.371634 1.768065 10.893257
v 18.373191 1.766398 7.614850
v 18.393161 0.061511 6.583166
v 18.408787 0.057019 10.805441
v 18.408835 0.056985 4.988820
v 18.408362 0.056832 4.121408
v 17.371693 4.680294 12.851132
v 17.291863 5.616871 12.852742
v 17.706880 0.899161 -14.742419
v 17.693425 7.452760 5.959829
v 17.693425 7.452947 3.501747
v 17.693425 7.452879 8.335589
v 17.693425 7.453083 -9.223815
v 17.693425 7.452964 -7.045040
v 17.786615 7.420005 -4.742803
v 17.693425 7.452607 -0.320610
v 17.713630 3.784300 12.850635
v 17.747196 3.680133 -15.237670
v 18.410723 7.451500 10.558437
v 17.711081 7.450667 1.255396
v 17.693425 7.452845 -11.505481
v 17.693425 7.452692 -13.845926
v 18.412422 7.451789 12.302019
v 16.725587 4.605496 -15.240065
v 15.865292 2.795929 12.853031
v 16.453001 5.613469 -15.240106
v 15.948475 4.855010 -15.240767
v 15.919065 1.839072 -15.240561
v 15.995543 2.745514 -15.241057
v 15.927467 6.560118 -15.240188
v 17.566856 7.458631 -14.075253
v 0.621841 8.992105 7.049217
v 3.713529 8.715247 4.372092
v 2.928864 8.784398 8.009938
v 0.675612 8.987051 8.759011
v 2.922821 8.784295 9.385283
v 3.270518 8.754264 10.993589
v 0.810017 8.974323 11.217052
v 0.637797 8.990369 4.266227
v -7.345623 8.582749 8.203288
v -6.379626 8.670191 6.412288
v -4.305628 8.857428 4.542601
v -4.121842 8.873728 6.747853
v 0.299212 8.958277 6.994817
v 0.245441 8.957938 4.489689
v 0.164808 8.957870 1.955151
v 1.088363 8.948903 1.990467
v 2.695319 4.292397 -14.746136
v 5.420711 4.634575 -14.747334
v 5.245942 5.584168 -14.748119
v 2.066870 5.587810 -14.746218
v 7.710928 4.952814 -14.746466
v 5.262749 6.095310 -14.748406
v 1.495590 6.473204 -14.745516
v 7.800201 4.532943 -14.746920
v 5.353485 3.173842 -14.747953
v 7.983137 3.066032 -14.748202
v 2.675161 3.606253 -14.746466
v 6.859037 6.486527 -15.241592
v 2.221480 7.444610 -15.240394
v 5.447573 7.449460 -15.240559
v -11.341510 8.223181 -0.561709
v -9.932314 8.350915 -2.637551
v -9.613367 8.380114 -0.347086
v -10.723399 8.279502 -2.672826
v -12.653976 8.102134 -2.986003
v -12.707322 8.097404 -0.533250
v -12.740699 8.093983 -4.985389
v -10.783874 8.273802 -5.055195
v 0.245441 8.957938 4.489689
v -4.121842 8.873728 6.747853
v 0.299212 8.958277 6.994817
v -4.305628 8.857428 4.542601
v 0.637797 8.990369 4.266227
v 0.621841 8.992105 7.049217
v 15.822710 7.619970 -6.030662
v 13.232573 7.856603 -5.072130
v 15.813835 7.620769 -3.108019
v 13.234272 7.856619 -3.385880
v 13.135179 7.866233 -7.183784
v 15.679666 7.633055 -7.134713
v -4.748168 8.613854 -2.186951
v -4.582085 8.833386 1.938257
v 0.252192 8.957734 -0.113339
v -0.373378 8.999932 -2.368033
v -19.812603 6.815722 -0.682280
v -19.442151 6.972450 -2.661095
v -17.577903 7.451790 -3.804841
v -17.578895 7.452045 -2.000994
v -17.578895 7.452181 -0.108920
v -19.719316 6.855010 -0.225442
v -19.464576 6.962769 2.110995
v -17.577101 7.451637 3.535576
v -19.660918 6.878763 4.301129
v -17.577148 7.451756 6.006876
v -17.576204 7.451670 6.618442
v -19.528827 6.935595 6.516460
v -19.365672 7.004133 8.846578
v -17.576817 7.451943 9.017747
v -15.928930 7.798579 6.545704
v -18.831169 7.227119 -5.076509
v -18.293832 7.447280 12.975338
v -15.201106 7.866403 3.177211
v -15.200161 7.866164 4.430870
v -15.399809 7.848128 1.684518
v -15.379792 7.850035 -0.370548
v -15.203136 7.865807 -2.919832
v -17.577007 7.451739 -5.245778
v -17.577432 7.451756 -8.009479
v -16.650288 7.732186 -4.900093
v -16.584196 7.540151 -7.783043
v -17.576865 7.451518 -11.555461
v -15.241894 7.663427 -10.449881
v -17.776608 7.370236 -13.845926
v -15.383616 7.650292 -11.734809
v -17.484807 7.452744 -14.598633
v -18.338634 7.429143 -9.391391
v -15.205779 7.600947 -15.266623
v -18.409731 7.400115 -7.127361
v -16.734604 7.724648 8.729601
v -17.310086 7.670624 11.293507
v -17.576252 7.451721 11.681654
v -18.459631 7.378795 -13.905199
v -18.314793 7.438723 -11.762359
v -19.957110 6.509837 -9.417868
v -19.982887 6.520081 -7.471394
v -18.242044 6.443988 -13.117465
v -18.785895 4.288159 4.056931
v -18.786462 3.982938 1.937512
v -18.785328 5.538141 1.916199
v -18.785328 5.575541 4.170108
v -18.786602 3.558405 1.804839
v -18.787452 4.592173 -0.535275
v -18.787594 3.716460 -0.497026
v -18.787736 2.657850 -1.520243
v -18.787217 2.376858 1.808143
v -18.786320 3.370657 4.073825
v -16.584196 7.540151 -7.783043
v -15.241894 7.663427 -10.449881
v -13.499211 7.823525 -11.528984
v -12.659452 8.101368 -7.456689
v 18.905475 2.604252 -9.528113
v 18.905617 2.691762 -12.164097
v 18.906137 3.589679 -11.738032
v 18.905429 1.862009 -12.222544
v 18.905146 1.823928 -9.585445
v 18.905617 1.889641 -7.130337
v 18.905287 0.906732 -9.875987
v 18.906325 1.860868 -7.277343
v 18.905617 0.808316 -12.166287
v 18.905712 1.792432 -6.027732
v 18.878283 0.059538 -9.106179
v 18.821868 0.042778 -7.041366
v 18.904296 1.854504 -3.315292
v 18.864781 0.055607 -4.431156
v 18.893155 0.064608 -2.440568
v 19.072550 3.655903 -15.280792
v 19.063674 4.140399 -15.280792
v 19.093227 2.384125 -15.304296
v 19.128257 1.790782 -15.326849
v 18.902691 4.610346 -13.607760
v 19.069480 4.750858 -15.280792
v 18.903257 5.535726 -13.751833
v 19.215168 0.503095 -14.348572
v 19.124575 5.602953 -14.895619
v 18.903824 6.223095 -13.808256
v 19.125046 6.855964 -13.575418
v 19.208654 6.529525 -14.869142
v 18.906467 6.521663 -10.974749
v -5.269075 8.772045 -0.399255
v -7.208810 8.596515 -2.689017
v -2.305229 8.832399 -4.738383
v -2.339645 8.829251 -5.442597
v -6.344597 8.673833 -5.239706
v -2.362305 8.827073 -7.259703
v -5.735928 8.728469 -7.294978
v -2.631162 8.803678 -11.540756
v -7.362759 8.381833 -5.467587
v -9.614642 8.379008 -5.293362
v -10.001805 8.344280 -7.249419
v 3.252436 8.755302 -5.061845
v 2.969039 8.780638 -3.272662
v 5.928353 8.515046 -4.748668
v 2.762923 8.798862 -4.983902
v 2.181116 8.851320 -2.766919
v 5.564511 8.548157 -7.071516
v -10.346716 7.303534 13.249936
v -9.979853 7.444609 13.532217
v -10.064735 7.434927 13.528706
v -14.454915 6.567688 13.165135
v -7.449341 7.286434 13.165012
v -6.324438 7.444609 13.527384
v -6.731052 7.295044 13.202806
v -13.267318 7.315394 13.280749
v 15.959381 0.099744 13.326719
v 15.956029 0.037281 13.057698
v 19.178298 0.061000 13.563895
v 18.879510 0.059384 11.251621
v 18.837777 0.045908 9.911593
v 14.531159 0.429212 13.322630
v -13.499211 7.823525 -11.528984
v -10.061148 8.138888 -13.022668
v -10.890048 8.263389 -9.452399
v -9.523198 8.188215 -12.824196
v -12.659075 7.900826 -12.316967
v -1.790412 8.377103 -14.746424
v 0.487436 8.374822 -14.744977
v -0.359074 8.999847 -14.028372
v -2.333838 8.826784 -14.422135
v 0.326122 8.957854 -14.232585
v 5.353485 8.565258 -14.375171
v 3.135546 7.541513 -15.239899
v -2.527821 8.159987 -14.745845
v -4.965567 8.592500 -14.117922
v -3.545228 7.442194 -15.241634
v -4.878560 7.386469 -15.241387
v -6.744507 8.306999 -14.744193
v 7.334906 8.388401 -14.092931
v 7.887065 8.339295 -13.948197
v -2.631162 8.803678 -11.540756
v -0.372859 8.999643 -9.550168
v -2.362305 8.827073 -7.259703
v -0.372859 8.999422 -11.928861
v -2.308581 8.831106 -13.845926
v -7.277028 8.389286 -10.702753
v -4.881723 8.601059 -13.862489
v -7.417758 8.376626 -10.582224
v -7.373523 8.380863 -8.515180
v -9.964888 8.147821 -11.282019
v -2.339645 8.829251 -5.442597
v -0.374181 8.999796 -7.013152
v -0.391176 9.000000 -3.872499
v -2.305229 8.832399 -4.738383
v -0.373378 8.999932 -2.368033
v -4.748168 8.613854 -2.186951
v -0.372859 8.999643 -7.565487
v -5.735928 8.728469 -7.294978
v -10.001805 8.344280 -7.249419
v -4.582085 8.833386 1.938257
v -4.892628 8.805855 1.914011
v 0.252192 8.957734 -0.113339
v -7.436453 8.374193 -13.350096
v -7.510336 8.297045 -14.733372
v -10.509164 8.298457 -7.140207
v 0.343542 8.960083 -11.753932
v 0.326122 8.958687 -9.524435
v 1.966078 8.870037 -1.473194
v 2.302113 8.839392 -0.197106
v 0.326122 8.958483 -7.871270
v 2.762923 8.798862 -4.983902
v 2.181116 8.851320 -2.766919
v -8.810196 8.459099 -15.821561
v 3.252436 8.755302 -5.061845
v 2.992832 8.778120 -1.997318
v 2.953885 8.780876 -0.314744
v 5.514799 8.552547 0.079268
v 5.501722 8.553738 -2.245026
v 8.191471 8.515488 4.407367
v 5.502572 8.553466 2.790221
v 5.507671 8.553313 5.255656
v 9.478066 8.398865 1.943420
v 8.963343 8.445095 -0.214744
v 9.547463 8.391854 -2.243581
v 9.617381 8.385967 -2.685878
v 5.928353 8.515046 -4.748668
v 5.564511 8.548157 -7.071516
v 9.509743 8.396057 -6.147515
v 8.163995 8.517053 -9.196594
v 5.614789 8.543768 -9.131166
v 8.330030 8.502012 -9.501676
v 5.516027 8.552820 -9.376768
v 7.359077 8.388281 8.629601
v 8.982887 8.443223 6.493494
v 9.416175 8.403731 -11.707960
v 7.340241 8.389114 9.464671
v 7.350296 8.388145 -11.756866
v 8.709829 8.385730 -15.966006
v 7.334906 8.388401 -14.092931
v 8.669276 8.471639 8.759713
v 5.842479 8.400259 12.852082
v 8.277297 8.504512 13.219411
v 5.567768 8.543120 14.033994
v 9.466830 8.402114 14.024825
v 9.673465 8.055068 12.847870
v 8.414771 8.293352 4.338263
v 18.905287 0.954272 10.032866
v 18.836078 0.046435 8.636249
v 18.904485 0.967136 6.725793
v 18.904248 0.954868 5.007201
v 18.837777 0.045908 9.911593
v 18.821963 0.042760 4.242721
v 18.821915 0.042760 2.482948
v 18.905287 1.760954 1.992654
v 18.821208 0.042965 -0.226519
v 18.904768 1.858452 1.814049
v 18.879510 0.059384 11.251621
v 18.893155 0.064608 -2.440568
v 19.156535 1.028765 12.465503
v 18.906090 2.605170 8.753102
v 19.102622 2.704488 13.092974
v 18.904531 3.683007 11.208252
v 18.849486 1.708256 13.573230
v 18.957029 2.726523 13.578188
v 18.930119 3.532354 13.575297
v 19.090537 4.464387 13.298799
v 19.098137 4.540088 13.048860
v 19.098279 4.679393 13.301732
v 19.113055 5.048200 13.234114
v 18.904201 4.774475 8.761942
v 18.904485 3.893300 8.829559
v 18.904579 3.714656 8.747237
v 20.016594 6.518327 12.898922
v 20.016594 6.518344 13.516355
v 18.904531 6.453822 8.811922
v -5.299431 6.521204 -14.745557
v -7.893817 7.450667 -15.240519
v -4.878560 7.386469 -15.241387
v -7.703091 6.486527 -14.746176
v -10.239457 7.318646 -14.747375
v -10.232754 6.482903 -14.747540
v -7.510336 8.297045 -14.733372
v -10.134464 8.101046 -14.680872
v -12.820011 7.884151 -13.916516
v -15.383616 7.650292 -11.734809
v -15.205779 7.600947 -15.266623
v -12.820011 7.884151 -13.916516
v -12.659075 7.900826 -12.316967
v 16.671816 7.542533 -4.860399
v 17.084897 7.504997 -7.173499
v 17.693425 7.452964 -7.045040
v 17.693425 7.453083 -9.223815
v 16.486472 7.559821 -9.572969
v 17.693425 7.452845 -11.505481
v 16.671816 7.542618 -4.495838
v 17.786615 7.420005 -4.742803
v 17.693425 7.452607 -0.320610
v 11.089979 6.527721 -15.240560
v 10.594282 6.702128 -15.240312
v 8.124434 8.318400 -13.959143
v 7.887065 8.339295 -13.948197
v 7.719331 7.430079 -15.241923
v 5.447573 7.449460 -15.240559
v 3.135546 7.541513 -15.239899
v 5.842479 8.400259 12.852082
v 7.769704 8.351493 9.000110
v 7.963828 8.091396 12.851835
v 7.340241 8.389114 9.464671
v 9.673465 8.055068 12.847870
v 8.300478 8.303884 8.908949
v 18.299733 7.498479 10.476115
v 13.478722 7.835009 6.524391
v 18.381122 7.464891 6.812537
v 13.302443 7.849915 8.831749
v 10.667976 8.092009 9.025099
v 13.524704 7.672325 12.854561
v 10.737090 7.972697 12.851050
v 18.376590 7.467817 12.569595
v 18.904201 6.543459 5.548179
v 18.904768 6.524078 3.466472
v 18.903447 5.610813 4.966021
v 18.904012 5.593866 2.137472
v 18.903162 5.624136 -0.132423
v 18.905948 6.390848 6.490561
v 18.904391 6.523772 7.017783
v 18.904531 6.453822 8.811922
v 7.719331 7.430079 -15.241923
v 10.594282 6.702128 -15.240312
v 8.124434 8.318400 -13.959143
v 7.887065 8.339295 -13.948197
v 3.135546 7.541513 -15.239899
v 5.447573 7.449460 -15.240559
v 6.859037 6.486527 -15.241592
v 5.262749 6.095310 -14.748406
v -2.305229 8.832399 -4.738383
v -7.208810 8.596515 -2.689017
v -4.748168 8.613854 -2.186951
v -5.269075 8.772045 -0.399255
v 7.416436 6.482356 13.206152
v 5.514799 7.293768 13.194462
v 3.333825 7.072619 13.146383
v 9.291542 7.302378 13.250390
v 10.012758 6.485317 13.247581
v 3.080075 6.514396 13.150431
v 3.006145 7.444609 13.530977
v 0.437016 7.229007 13.146713
v 0.551263 7.353832 13.364228
v 8.525855 7.444609 13.530358
v 6.354935 7.444609 13.530730
v 0.621841 8.992105 7.049217
v 0.675612 8.987051 8.759011
v 2.922821 8.784295 9.385283
v 2.928864 8.784398 8.009938
v -18.786508 5.471526 8.656077
v -18.787075 4.975834 10.978924
v -19.957298 6.509786 8.735466
v -19.983264 6.520845 7.259089
v -19.983122 6.519978 4.407367
v -18.786272 5.535725 6.459706
v -18.951978 5.544811 12.428413
v -19.978259 6.518940 11.874591
v -18.708047 5.099689 13.574058
v -19.957629 6.509700 13.957413
v -18.787358 4.636650 10.768846
v -18.786272 4.634574 8.664916
v -18.936114 4.653955 12.440639
v -17.955294 4.590215 13.574636
v 18.407087 0.056475 0.842258
v 18.821208 0.042965 -0.226519
v 18.408362 0.056832 4.121408
v 18.408835 0.056985 4.988820
v 18.836078 0.046435 8.636249
v 18.393161 0.061511 6.583166
v 18.821963 0.042760 4.242721
v 18.821915 0.042760 2.482948
v 18.408787 0.057019 10.805441
v 18.837777 0.045908 9.911593
v 18.893155 0.064608 -2.440568
v 18.406851 0.056407 -2.530242
v 18.407087 0.056475 -2.896291
v 18.864781 0.055607 -4.431156
v 18.821868 0.042778 -7.041366
v 18.407748 0.056662 -5.179444
v 18.407466 0.056611 -7.447852
v 18.878283 0.059538 -9.106179
v -18.787075 4.975834 10.978924
v -19.957298 6.509786 8.735466
v -19.978259 6.518940 11.874591
v -18.951978 5.544811 12.428413
v -18.242044 6.443988 -13.117465
v -18.242799 5.535726 -13.078514
v -18.785233 5.535726 -9.376686
v -17.957749 5.526027 -14.551588
v -18.240344 6.444142 -14.150016
v -19.957110 6.509837 -9.417868
v -19.982887 6.520081 -7.471394
v -18.787358 4.814444 -7.138391
v -18.314793 7.438723 -11.762359
v -18.459631 7.378795 -13.905199
v -17.713347 6.489555 -14.739072
v -17.484807 7.452744 -14.598633
v -18.785233 5.535726 -9.376686
v -18.242799 5.535726 -13.078514
v -19.957110 6.509837 -9.417868
v -18.787358 4.814444 -7.138391
v -19.982887 6.520081 -7.471394
v -18.242044 6.443988 -13.117465
v 18.904248 6.542251 -4.866306
v 16.671816 7.542533 -4.860399
v 17.693425 7.452964 -7.045040
v 19.072550 3.655903 -15.280792
v 17.747196 3.680133 -15.237670
v 16.725587 4.605496 -15.240065
v 19.063674 4.140399 -15.280792
v 19.093227 2.384125 -15.304296
v 15.995543 2.745514 -15.241057
v 19.128257 1.790782 -15.326849
v 15.919065 1.839072 -15.240561
v 15.948475 4.855010 -15.240767
v 19.069480 4.750858 -15.280792
v 19.124575 5.602953 -14.895619
v 16.453001 5.613469 -15.240106
v 15.927467 6.560118 -15.240188
v 19.208654 6.529525 -14.869142
v 17.706880 0.899161 -14.742419
v 15.798114 1.831807 -15.239942
v 14.131248 0.927015 -14.747789
v 19.215168 0.503095 -14.348572
v 17.566856 7.458631 -14.075253
v -2.427879 5.804619 -14.747705
v 0.213528 6.504699 -14.745267
v -3.545228 7.442194 -15.241634
v 0.245441 7.449460 -15.240559
v 8.498993 8.285508 -2.508183
v 9.617381 8.385967 -2.685878
v 9.547463 8.391854 -2.243581
v 8.075053 8.323776 0.052791
v 8.963343 8.445095 -0.214744
v 8.083362 8.323368 -4.564900
v 9.509743 8.396057 -6.147515
v 8.479920 8.287448 -6.968418
v 9.478066 8.398865 1.943420
v 8.086005 8.323214 2.419010
v 8.414771 8.293352 4.338263
v 8.294482 8.304072 -7.628684
v 8.163995 8.517053 -9.196594
v 18.904531 6.453822 8.811922
v 18.905948 6.390848 6.490561
v 18.601306 7.373519 8.831047
v 18.904391 6.542557 11.763975
v 18.376590 7.467817 12.569595
v 19.175183 7.135882 13.395826
v 20.016594 6.518344 13.516355
v 17.091034 7.709759 14.007393
v 20.016594 6.518327 12.898922
v 13.781759 7.622164 13.439940
v 13.524704 7.672325 12.854561
v 10.920262 7.622708 13.439940
v 10.737090 7.972697 12.851050
v 9.673465 8.055068 12.847870
v 8.391450 7.497901 13.533208
v 15.861988 7.616566 2.591749
v 13.250607 7.855751 5.818689
v 15.838431 7.618693 4.360320
v 15.326965 7.664975 1.998521
v 10.775565 8.082191 4.033223
v 10.939335 8.067593 4.316206
v 18.381122 7.464891 6.812537
v 13.478722 7.835009 6.524391
v 13.302443 7.849915 8.831749
v 18.299733 7.498479 10.476115
v 10.785716 8.081562 7.981644
v 18.904201 6.543459 5.548179
v 18.904768 6.524078 3.466472
v 15.852876 7.615920 -0.298553
v 18.904060 6.531191 1.839412
v 18.903966 6.624606 -1.415863
v 16.547467 7.553882 -2.503887
v 18.903966 6.521663 -2.991869
v 16.671816 7.542618 -4.495838
v 18.904248 6.542251 -4.866306
v 16.671816 7.542533 -4.860399
v 17.084897 7.504997 -7.173499
v 18.903871 6.533778 -8.518113
v 16.486472 7.559821 -9.572969
v 18.906467 6.521663 -10.974749
v 17.693425 7.452845 -11.505481
v 17.693425 7.452692 -13.845926
v 19.125046 6.855964 -13.575418
v 13.213831 4.506178 -14.746011
v 14.986539 4.655624 -15.240891
v 13.203727 4.857443 -15.240520
v 15.795139 5.012248 -15.240065
v -12.740699 8.093983 -4.985389
v -12.659452 8.101368 -7.456689
v -10.783874 8.273802 -5.055195
v -16.650288 7.732186 -4.900093
v -15.203136 7.865807 -2.919832
v -12.653976 8.102134 -2.986003
v -16.584196 7.540151 -7.783043
v -14.003264 7.449460 -15.240519
v -12.820011 7.884151 -13.916516
v -10.239457 7.318646 -14.747375
v -17.484807 7.452744 -14.598633
v -15.205779 7.600947 -15.266623
v -17.484807 7.452744 -14.598633
v -15.205779 7.600947 -15.266623
v -12.820011 7.884151 -13.916516
v -18.264137 7.459022 -14.927960
v -18.459631 7.378795 -13.905199
v 15.809632 3.714045 -15.241139
v 12.909708 2.792613 -14.747087
v 15.798114 2.316285 -15.239529
v 13.244706 1.182892 -14.747831
v 15.798114 1.831807 -15.239942
v 17.747196 3.680133 -15.237670
v 10.716932 3.660753 -14.746260
v 14.986539 4.655624 -15.240891
v 13.213831 4.506178 -14.746011
v -12.820011 7.884151 -13.916516
v -14.003264 7.449460 -15.240519
v -10.134464 8.101046 -14.680872
v -15.205779 7.600947 -15.266623
v 0.326122 8.958483 -7.871270
v -0.374181 8.999796 -7.013152
v 2.762923 8.798862 -4.983902
v -0.372859 8.999643 -7.565487
v 19.208654 6.529525 -14.869142
v 17.566856 7.458631 -14.075253
v 17.588289 7.458086 -11.705400
v 18.487580 7.454513 -15.892358
v 19.125046 6.855964 -13.575418
v -18.786508 5.471526 8.656077
v -18.786272 5.535725 6.459706
v -19.983264 6.520845 7.259089
v -19.983122 6.519978 4.407367
v 15.798114 1.831807 -15.239942
v 13.244706 1.182892 -14.747831
v 12.909708 2.792613 -14.747087
v 15.798114 2.316285 -15.239529
v 14.986539 4.655624 -15.240891
v 15.809632 3.714045 -15.241139
v 13.213831 4.506178 -14.746011
v 10.716932 3.660753 -14.746260
v 15.795139 5.012248 -15.240065
v -5.299431 6.521204 -14.745557
v -2.427879 5.804619 -14.747705
v -3.545228 7.442194 -15.241634
v -4.878560 7.386469 -15.241387
v -7.703091 6.486527 -14.746176
v -7.893817 7.450667 -15.240519
v -10.232754 6.482903 -14.747540
v -10.239457 7.318646 -14.747375
v -10.134464 8.101046 -14.680872
v -14.003264 7.449460 -15.240519
v -7.510336 8.297045 -14.733372
v -8.400184 5.566762 -14.747663
v -6.720524 5.537240 -14.747126
v -2.483303 5.574487 -14.747540
v -2.442986 3.941761 -14.746548
v -5.339795 4.600664 -14.746260
v -4.916327 3.454850 -14.746177
v -2.431231 2.827426 -14.748449
v -4.943661 2.682846 -14.747788
v -3.296577 2.689346 -14.748078
v -4.884980 1.779978 -14.748367
v -2.404746 1.409468 -14.749606
v -10.044530 5.465469 -14.747168
v 5.842479 8.400259 12.852082
v 7.963828 8.091396 12.851835
v 3.270518 8.754264 10.993589
v 5.567768 8.543120 14.033994
v 3.420076 8.722717 13.994796
v 0.810017 8.974323 11.217052
v 2.903465 8.770837 13.995704
v -2.008377 8.835954 13.957414
v -2.174129 8.842284 12.475502
v -4.829415 8.810330 11.240596
v -4.228724 8.861341 13.292893
v -10.387316 0.907633 13.321350
v -15.103855 0.037093 12.993014
v -10.582244 0.042266 13.251750
v -9.364055 0.872513 12.445429
v 19.178298 0.061000 13.563895
v 18.879510 0.059384 11.251621
v 18.849486 1.708256 13.573230
v 8.509945 8.284164 -11.703912
v 8.709829 8.385730 -15.966006
v 9.416175 8.403731 -11.707960
v 8.124434 8.318400 -13.959143
v 8.330030 8.502012 -9.501676
v 7.334906 8.388401 -14.092931
v 7.887065 8.339295 -13.948197
v 8.081993 8.323232 -9.823610
v 8.163995 8.517053 -9.196594
v 18.372105 0.917027 -11.496810
v 18.371351 0.921349 -12.095530
v 18.905617 0.808316 -12.166287
v 18.905287 0.906732 -9.875987
v 19.215168 0.503095 -14.348572
v 17.706880 0.899161 -14.742419
v 18.407466 0.056611 -7.447852
v -18.409731 7.400115 -7.127361
v -19.982887 6.520081 -7.471394
v -18.831169 7.227119 -5.076509
v -18.266452 7.459992 -6.895101
v -18.257340 7.464007 -7.253797
v -17.832078 7.642345 -9.755993
v -18.338634 7.429143 -9.391391
v -18.314793 7.438723 -11.762359
v -17.804792 7.651874 -11.893587
v -18.264137 7.459022 -14.927960
v -18.459631 7.378795 -13.905199
v -19.957110 6.509837 -9.417868
v -19.442151 6.972450 -2.661095
v -18.129922 7.517231 -4.763373
v -17.831653 7.642157 11.205320
v -18.293832 7.447280 12.975338
v -17.884008 7.616362 13.335562
v -18.388109 7.408043 13.722180
v -17.826130 7.644284 8.962976
v -19.365672 7.004133 8.846578
v -19.528827 6.935595 6.516460
v -18.035881 7.557216 6.680194
v -19.660918 6.878763 4.301129
v -17.832126 7.642362 4.225086
v -18.155368 7.506937 2.218307
v -19.464576 6.962769 2.110995
v -17.832834 7.642651 -0.108920
v -19.719316 6.855010 -0.225442
v -17.827829 7.643962 -2.429537
v -19.812603 6.815722 -0.682280
v -19.978259 6.518940 11.874591
v -19.957629 6.509700 13.957413
v -19.983406 6.519876 -4.498771
v -19.956827 6.509922 -5.048587
v -16.650288 7.732186 -4.900093
v -19.981895 6.519944 1.212727
v -19.983264 6.520845 7.259089
v -19.957298 6.509786 8.735466
v -19.956968 6.509888 -0.547005
v -16.584196 7.540151 -7.783043
v -12.740699 8.093983 -4.985389
v -12.659452 8.101368 -7.456689
v -15.241894 7.663427 -10.449881
v -13.499211 7.823525 -11.528984
v -15.383616 7.650292 -11.734809
v -12.659075 7.900826 -12.316967
v -10.890048 8.263389 -9.452399
v -15.205779 7.600947 -15.266623
v -12.820011 7.884151 -13.916516
v -10.061148 8.138888 -13.022668
v -19.983122 6.519978 4.407367
v -19.976088 6.517460 3.025083
v -10.151695 8.329798 11.028905
v -14.951180 7.887451 11.046543
v -12.682585 7.784967 13.328581
v -17.310086 7.670624 11.293507
v -15.258370 7.623678 13.427300
v -10.509164 8.298457 -7.140207
v -9.964888 8.147821 -11.282019
v -9.551996 8.385405 1.427392
v -10.965347 8.257433 1.915456
v -10.141026 8.332215 4.085392
v -10.633654 8.287703 6.447934
v -9.782424 8.364238 6.371479
v -12.739708 8.093660 6.030420
v -10.054727 8.339804 7.715183
v -12.706143 8.097437 1.869896
v -15.201106 7.866403 3.177211
v -12.689571 8.098714 3.455444
v -12.655817 8.101623 7.416008
v -9.614123 8.379007 6.747853
v -8.947197 8.438884 5.989238
v -9.180600 8.417870 6.807374
v -8.495263 8.479364 8.745008
v -7.443488 8.575636 2.596169
v -8.130383 8.512561 1.881668
v -9.612660 8.380113 3.466472
v -7.462230 8.573340 -1.949528
v -9.613367 8.380114 -0.347086
v -9.932314 8.350915 -2.637551
v -7.478328 8.571961 -2.655188
v -7.460152 8.573238 -5.218062
v -9.614642 8.379008 -5.293362
v -7.981201 8.525017 -7.115630
v -10.001805 8.344280 -7.249419
v -10.783874 8.273802 -5.055195
v -5.735928 8.728469 -7.294978
v -6.344597 8.673833 -5.239706
v -7.208810 8.596515 -2.689017
v -5.269075 8.772045 -0.399255
v -4.892628 8.805855 1.914011
v -5.399751 8.759999 4.120708
v -6.379626 8.670191 6.412288
v -7.345623 8.582749 8.203288
v -4.121842 8.873728 6.747853
v -4.305628 8.857428 4.542601
v -6.378540 8.670089 9.147116
v -5.628479 8.738167 11.040636
v -7.543524 8.564611 12.228537
v -8.178488 8.505363 13.369350
v -6.990751 8.612662 13.363485
v -4.228724 8.861341 13.292893
v -4.829415 8.810330 11.240596
v -9.754381 8.366552 8.733277
v -9.709674 8.369836 11.597102
v -10.029612 8.341812 8.808412
v -14.393025 7.939773 8.822042
v -16.734604 7.724648 8.729601
v -15.928930 7.798579 6.545704
v -15.200161 7.866164 4.430870
v -11.341510 8.223181 -0.561709
v -12.707322 8.097404 -0.533250
v -15.379792 7.850035 -0.370548
v -15.399809 7.848128 1.684518
v -15.203136 7.865807 -2.919832
v -12.653976 8.102134 -2.986003
v -10.723399 8.279502 -2.672826
v -9.625312 7.476104 13.534695
v 15.798114 1.831807 -15.239942
v 14.131248 0.927015 -14.747789
v 15.919065 1.839072 -15.240561
v 17.706880 0.899161 -14.742419
v -18.786792 5.356468 -0.330895
v -19.956968 6.509888 -0.547005
v -18.785328 5.538141 1.916199
v -19.981895 6.519944 1.212727
v -7.799681 6.514396 13.149852
v -10.105052 6.504698 13.155263
v -7.449341 7.286434 13.165012
v -10.346716 7.303534 13.249936
v -14.515249 6.495016 13.215693
v -6.731052 7.295044 13.202806
v -7.198141 6.514396 13.150306
v -6.448741 6.503489 13.440643
v -6.324438 7.444609 13.527384
v -14.454915 6.567688 13.165135
v 7.710928 4.952814 -14.746466
v 5.245942 5.584168 -14.748119
v 6.859037 6.486527 -15.241592
v 5.262749 6.095310 -14.748406
v 5.420711 4.634575 -14.747334
v 2.066870 5.587810 -14.746218
v 1.495590 6.473204 -14.745516
v 2.695319 4.292397 -14.746136
v 7.800201 4.532943 -14.746920
v 7.983137 3.066032 -14.748202
v 5.353485 3.173842 -14.747953
v 5.447573 7.449460 -15.240559
v 2.221480 7.444610 -15.240394
v 7.416436 6.482356 13.206152
v 3.080075 6.514396 13.150431
v 5.514799 7.293768 13.194462
v 3.333825 7.072619 13.146383
v 3.080075 6.514396 13.150431
v 0.605034 6.514396 13.150762
v 3.333825 7.072619 13.146383
v 0.437016 7.229007 13.146713
v -2.754803 6.514396 13.242500
v -7.198141 6.514396 13.150306
v -6.731052 7.295044 13.202806
v -2.739791 7.022492 13.252786
v -2.792476 5.152028 13.221641
v 0.184966 5.153627 13.235973
v -0.239304 6.514396 13.149976
v -5.990055 5.153151 13.232917
v -7.799681 6.514396 13.149852
v -7.623260 5.152811 13.228869
v -0.532521 7.182981 13.147292
v 2.749091 5.155278 13.243161
v 3.243089 5.153934 13.234239
v 7.416436 6.482356 13.206152
v -10.057985 5.372836 12.687232
v -10.152734 3.855747 12.569594
v -13.689889 4.626696 12.852288
v -14.715699 5.572052 12.852537
v -17.632666 4.525557 12.853031
v -12.636366 3.681187 12.853650
v -15.449143 2.893444 12.854063
v -12.809436 2.275719 12.854972
v -15.366810 2.668297 12.853898
v -15.233254 0.987571 12.856458
v -15.065237 0.965775 12.856583
v -18.990311 1.884331 12.904827
v -15.253413 5.511494 12.852081
v -17.780384 6.269443 12.840062
v -10.157171 2.890415 12.616640
v -10.159532 1.504770 12.616640
v -10.154150 1.872982 12.569594
v -2.463144 4.076011 12.979591
v -5.133112 4.043495 13.018418
v -9.567338 2.597292 12.445182
v -18.941119 3.597760 12.459515
v -9.688336 3.568698 12.445554
v -7.758940 4.185590 12.976452
v -9.406024 1.850267 12.444479
v 7.410158 4.776006 12.652700
v 10.012758 6.485317 13.247581
v 10.643002 4.984614 12.852742
v 11.913309 6.514396 13.149605
v 10.730386 4.901647 12.852453
v 13.254147 4.845326 12.852081
v 13.580128 6.514396 13.150348
v 13.850637 4.467126 12.851172
v 10.882448 4.035021 12.852081
v 10.686717 2.800778 12.853816
v 15.606963 3.079813 12.852990
v 10.817771 2.459212 12.854724
v 15.668713 2.787455 12.852866
v 15.865292 2.795929 12.853031
v 15.851886 2.676022 12.853278
v 14.470684 1.822106 12.854393
v 16.826427 1.842695 12.853320
v 11.236989 1.818176 12.854187
v 17.713630 3.784300 12.850635
v 9.305516 2.466478 12.854724
v 9.898653 1.823706 12.855261
v 9.555867 0.905812 12.855178
v 11.839379 0.919748 12.857615
v 9.567622 3.282840 12.853857
v 10.017951 3.762486 12.853981
v 17.291863 5.616871 12.852742
v 17.371693 4.680294 12.851132
v 15.956029 0.037281 13.057698
v 13.855688 0.038012 13.204704
v -14.515249 6.495016 13.215693
v -10.105052 6.504698 13.155263
v -18.936114 4.653955 12.440639
v -18.951978 5.544811 12.428413
v -17.686438 0.039442 13.251750
v -15.103855 0.037093 12.993014
v -10.582244 0.042266 13.251750
v -19.978259 6.518940 11.874591
v -18.908640 0.971832 12.370378
v -9.364055 0.872513 12.445429
v 18.371209 1.988959 10.924524
v 18.371634 1.768065 10.893257
v 4.747885 4.596256 12.650305
v 0.648703 4.056631 13.003177
v 18.408787 0.057019 10.805441
v -18.855906 0.000000 13.213543
v -18.513120 0.037638 10.207091
v -18.789246 1.117177 10.817171
v -18.855906 0.000000 13.213543
v -18.908640 0.971832 12.370378
v 17.588289 7.458086 -11.705400
v 17.566856 7.458631 -14.075253
v 17.693425 7.452692 -13.845926
v 19.125046 6.855964 -13.575418
v -18.787075 4.975834 10.978924
v -18.786508 5.471526 8.656077
v -19.983264 6.520845 7.259089
v -19.957298 6.509786 8.735466
v -18.786462 5.463648 -4.738384
v -18.787406 4.694827 -6.655077
v -19.956827 6.509922 -5.048587
v -19.983406 6.519876 -4.498771
v -19.978259 6.518940 11.874591
v -18.293832 7.447280 12.975338
v -17.576252 7.451721 11.681654
v 0.326122 8.958687 -9.524435
v -0.372859 8.999422 -11.928861
v -0.372859 8.999643 -9.550168
v 0.343542 8.960083 -11.753932
v -2.527821 8.159987 -14.745845
v -6.744507 8.306999 -14.744193
v -2.333838 8.826784 -14.422135
v -4.965567 8.592500 -14.117922
v -3.545228 7.442194 -15.241634
v -4.878560 7.386469 -15.241387
v -2.427879 5.804619 -14.747705
v 0.245441 7.449460 -15.240559
v -5.299431 6.521204 -14.745557
v 0.213528 6.504699 -14.745267
v 15.634581 7.635726 -13.989998
v 15.782110 6.579039 -15.239321
v 17.566856 7.458631 -14.075253
v 15.927467 6.560118 -15.240188
v 11.089979 6.527721 -15.240560
v 10.663160 8.016309 -14.736262
v 10.594282 6.702128 -15.240312
v 8.124434 8.318400 -13.959143
v 17.566856 7.458631 -14.075253
v 15.927467 6.560118 -15.240188
v 15.634581 7.635726 -13.989998
v 15.782110 6.579039 -15.239321
v 10.663160 8.016309 -14.736262
v 11.089979 6.527721 -15.240560
v 8.124434 8.318400 -13.959143
v -4.965567 8.592500 -14.117922
v -7.510336 8.297045 -14.733372
v -8.810196 8.459099 -15.821561
v -10.134464 8.101046 -14.680872
v -18.789246 1.117177 10.817171
v -18.513120 0.037638 10.207091
v -18.908640 0.971832 12.370378
v -18.855906 0.000000 13.213543
v 15.798114 2.316285 -15.239529
v 15.995543 2.745514 -15.241057
v 17.747196 3.680133 -15.237670
v 15.809632 3.714045 -15.241139
v -9.886615 3.972796 13.588102
v -9.688336 3.568698 12.445554
v -7.758940 4.185590 12.976452
v -8.745708 5.567373 13.324697
v -10.075405 5.575387 13.324285
v -10.293228 4.600662 13.320897
v -18.242044 6.443988 -13.117465
v -18.314793 7.438723 -11.762359
v -18.338634 7.429143 -9.391391
v 1.088363 8.948903 1.990467
v 0.164808 8.957870 1.955151
v 0.245441 8.957938 4.489689
v 0.637797 8.990369 4.266227
v 7.410158 4.776006 12.652700
v 10.643002 4.984614 12.852742
v 8.320919 4.852592 13.416395
v 6.304138 5.438822 13.322384
v 3.108637 5.453353 13.324285
v -19.956968 6.509888 -0.547005
v -19.983406 6.519876 -4.498771
v -19.812603 6.815722 -0.682280
v -19.442151 6.972450 -2.661095
v -18.240344 6.444142 -14.150016
v -18.459631 7.378795 -13.905199
v -18.242044 6.443988 -13.117465
v -18.314793 7.438723 -11.762359
v -18.242799 5.535726 -13.078514
v -17.957749 5.526027 -14.551588
v -17.484807 7.452744 -14.598633
v -17.713347 6.489555 -14.739072
v -4.892628 8.805855 1.914011
v -5.269075 8.772045 -0.399255
v -4.748168 8.613854 -2.186951
v -7.355631 8.382411 1.508227
v -7.436312 8.374515 -0.335314
v -7.379519 8.380573 -2.896288
v -5.399751 8.759999 4.120708
v -7.354450 8.382887 2.150690
v -6.379626 8.670191 6.412288
v -9.782424 8.364238 6.371479
v -7.435084 8.374413 8.596887
v -9.932314 8.350915 -2.637551
v -9.612660 8.380113 3.466472
v -9.551996 8.385405 1.427392
v -9.613367 8.380114 -0.347086
v -6.344597 8.673833 -5.239706
v -9.614642 8.379008 -5.293362
v -7.208810 8.596515 -2.689017
v -10.007187 1.099005 13.592396
v -9.567338 2.597292 12.445182
v -9.997509 1.868133 13.590826
v -9.406024 1.850267 12.444479
v -9.364055 0.872513 12.445429
v -9.285027 0.007691 13.475254
v -9.486705 3.391245 13.585417
v -9.688336 3.568698 12.445554
v -9.886615 3.972796 13.588102
v 8.300478 8.303884 8.908949
v 8.377098 8.296959 6.831620
v 8.669276 8.471639 8.759713
v 8.982887 8.443223 6.493494
v 8.414771 8.293352 4.338263
v 9.673465 8.055068 12.847870
v -15.213097 6.327857 13.533332
v -13.156424 6.459794 13.283888
v -13.267318 7.315394 13.280749
v -16.422881 7.299263 13.323789
v -12.682585 7.784967 13.328581
v -10.064735 7.434927 13.528706
v -10.056332 7.466405 13.534199
v -9.979853 7.444609 13.532217
v -9.625312 7.476104 13.534695
v -6.324438 7.444609 13.527384
v -5.212093 7.610355 13.510490
v -2.352486 7.439640 13.526393
v -3.587244 7.612057 13.503840
v -1.905272 7.454307 13.532382
v -4.228724 8.861341 13.292893
v -6.990751 8.612662 13.363485
v -18.388109 7.408043 13.722180
v -15.258370 7.623678 13.427300
v -17.884008 7.616362 13.335562
v -2.739791 7.022492 13.252786
v -10.151695 8.329798 11.028905
v -9.709674 8.369836 11.597102
v -18.941119 3.597760 12.459515
v -18.786933 3.551139 10.868639
v -18.787358 4.636650 10.768846
v -18.936114 4.653955 12.440639
v -18.941119 3.597760 12.459515
v -18.990311 1.884331 12.904827
v -18.540030 2.853168 13.571207
v -18.600504 1.874190 13.574511
v -18.936114 4.653955 12.440639
v -17.955294 4.590215 13.574636
v -18.062837 1.180168 13.578394
v -18.908640 0.971832 12.370378
v -18.180435 0.925652 13.582070
v -18.855906 0.000000 13.213543
v -18.786320 3.370657 4.073825
v -18.786462 2.729944 4.180640
v -18.787783 3.604584 6.382505
v -18.787217 2.376858 1.808143
v -18.786602 3.558405 1.804839
v -18.786462 3.982938 1.937512
v -18.785895 4.288159 4.056931
v -18.785328 5.575541 4.170108
v -18.785328 5.538141 1.916199
v -18.787594 3.716460 -0.497026
v -18.787452 4.592173 -0.535275
v -18.787736 2.657850 -1.520243
v -18.786697 3.597761 8.170945
v -18.787783 2.030902 8.700190
v -18.786933 3.551139 10.868639
v -18.787547 2.238778 10.799535
v -18.787689 1.808783 8.688418
v -18.789246 1.117177 10.817171
v -18.789200 1.778803 6.461150
v -18.787358 2.585330 6.347974
v -18.788256 1.824642 3.468494
v -18.787358 4.636650 10.768846
v -19.976088 6.517460 3.025083
v -19.981895 6.519944 1.212727
v -18.786792 5.356468 -0.330895
v -19.956968 6.509888 -0.547005
v -19.983406 6.519876 -4.498771
v -18.786462 5.463648 -4.738384
v -18.787406 4.694827 -6.655077
v -19.956827 6.509922 -5.048587
v 18.904531 6.453822 8.811922
v 18.904391 6.523772 7.017783
v 18.601306 7.373519 8.831047
v 11.027380 0.914745 13.323912
v 9.555867 0.905812 12.855178
v 11.839379 0.919748 12.857615
v 14.531159 0.429212 13.322630
v 9.111108 0.051301 13.472445
v 18.906467 6.521663 -10.974749
v 19.125046 6.855964 -13.575418
v 18.906279 6.038376 -11.509860
v 18.903824 6.223095 -13.808256
v 18.407466 0.056611 -7.447852
v 18.905287 0.906732 -9.875987
v 18.878283 0.059538 -9.106179
v 11.839379 0.919748 12.857615
v 13.855688 0.038012 13.204704
v 14.531159 0.429212 13.322630
v 15.956029 0.037281 13.057698
v -19.976088 6.517460 3.025083
v -19.981895 6.519944 1.212727
v -19.464576 6.962769 2.110995
v -19.983122 6.519978 4.407367
v -19.660918 6.878763 4.301129
v -19.983264 6.520845 7.259089
v -19.957298 6.509786 8.735466
v -19.365672 7.004133 8.846578
v -19.978259 6.518940 11.874591
v -19.528827 6.935595 6.516460
v -18.293832 7.447280 12.975338
v 15.956029 0.037281 13.057698
v 18.408787 0.057019 10.805441
v 18.837777 0.045908 9.911593
v -7.799681 6.514396 13.149852
v -10.105052 6.504698 13.155263
v -8.512117 6.469816 13.260138
v -6.448741 6.503489 13.440643
v -7.198141 6.514396 13.150306
v -10.588947 6.504698 13.439403
v -14.515249 6.495016 13.215693
v -7.198141 6.514396 13.150306
v -6.448741 6.503489 13.440643
v -2.754803 6.514396 13.242500
v -2.728177 6.519229 13.266003
v 18.903871 6.533778 -8.518113
v 18.906279 6.038376 -11.509860
v 18.906467 6.521663 -10.974749
v 18.903729 6.364203 -9.320841
v -13.156424 6.459794 13.283888
v -14.454915 6.567688 13.165135
v -13.267318 7.315394 13.280749
v -9.625312 7.476104 13.534695
v -6.990751 8.612662 13.363485
v -8.178488 8.505363 13.369350
v -14.951180 7.887451 11.046543
v -17.576252 7.451721 11.681654
v -17.310086 7.670624 11.293507
v -14.454915 6.567688 13.165135
v -10.346716 7.303534 13.249936
v -10.151695 8.329798 11.028905
v -7.449341 7.286434 13.165012
v -14.515249 6.495016 13.215693
v -17.780384 6.269443 12.840062
v -19.978259 6.518940 11.874591
v -13.156424 6.459794 13.283888
v 18.849486 1.708256 13.573230
v 18.879510 0.059384 11.251621
v 19.156535 1.028765 12.465503
v -9.932314 8.350915 -2.637551
v -7.379519 8.380573 -2.896288
v -7.208810 8.596515 -2.689017
v -7.198141 6.514396 13.150306
v -6.448741 6.503489 13.440643
v -6.324438 7.444609 13.527384
v -6.731052 7.295044 13.202806
v 0.551263 7.353832 13.364228
v 1.628862 6.485317 13.262781
v 0.437016 7.229007 13.146713
v 0.605034 6.514396 13.150762
v 1.628862 6.485317 13.262781
v 3.080075 6.514396 13.150431
v 4.977133 6.446556 13.438660
v 7.416436 6.482356 13.206152
v 7.077474 6.469510 13.258940
v 10.012758 6.485317 13.247581
v 9.910078 6.441605 13.333867
v -7.376262 8.379671 8.754839
v -7.345623 8.582749 8.203288
v -6.378540 8.670089 9.147116
v -5.628479 8.738167 11.040636
v -7.378528 8.376080 12.596072
v -9.754381 8.366552 8.733277
v -9.709674 8.369836 11.597102
v -10.029612 8.341812 8.808412
v -10.151695 8.329798 11.028905
v -14.951180 7.887451 11.046543
v -14.393025 7.939773 8.822042
v -10.054727 8.339804 7.715183
v -9.614123 8.379007 6.747853
v -7.435084 8.374413 8.596887
v -9.782424 8.364238 6.371479
v -2.328739 8.248261 12.852785
v 7.963828 8.091396 12.851835
v 5.015750 8.378003 12.852743
v 3.270518 8.754264 10.993589
v 1.329224 7.605795 12.671412
v 0.810017 8.974323 11.217052
v -1.811184 8.384520 12.854107
v -2.174129 8.842284 12.475502
v -0.239304 6.514396 13.149976
v -0.532521 7.182981 13.147292
v 0.437016 7.229007 13.146713
v 0.605034 6.514396 13.150762
v 1.628862 6.485317 13.262781
v -2.739791 7.022492 13.252786
v -6.731052 7.295044 13.202806
v -7.449341 7.286434 13.165012
v -4.829415 8.810330 11.240596
v 3.333825 7.072619 13.146383
v 5.514799 7.293768 13.194462
v 9.673465 8.055068 12.847870
v 9.291542 7.302378 13.250390
v 11.466332 7.078813 13.148035
v 10.737090 7.972697 12.851050
v 13.280206 6.579803 13.148985
v 13.524704 7.672325 12.854561
v 18.376590 7.467817 12.569595
v -6.324438 7.444609 13.527384
v 8.525855 7.444609 13.530358
v 9.898653 1.823706 12.855261
v 9.555867 0.905812 12.855178
v 9.111108 0.051301 13.472445
v 9.291542 7.302378 13.250390
v 10.012758 6.485317 13.247581
v 8.525855 7.444609 13.530358
v 9.910078 6.441605 13.333867
v -7.379519 8.380573 -2.896288
v -7.208810 8.596515 -2.689017
v -5.269075 8.772045 -0.399255
v -7.435084 8.374413 8.596887
v -6.379626 8.670191 6.412288
v -7.345623 8.582749 8.203288
v 8.294482 8.304072 -7.628684
v 8.081993 8.323232 -9.823610
v 8.163995 8.517053 -9.196594
v -9.625312 7.476104 13.534695
v -10.056332 7.466405 13.534199
v -8.178488 8.505363 13.369350
v 0.605034 6.514396 13.150762
v -0.239304 6.514396 13.149976
v -2.031227 6.485317 13.269762
v 1.628862 6.485317 13.262781
v 3.243089 5.153934 13.234239
v 2.749091 5.155278 13.243161
v 7.410158 4.776006 12.652700
v 18.905948 6.390848 6.490561
v 18.904391 6.523772 7.017783
v 18.601306 7.373519 8.831047
v 18.376590 7.467817 12.569595
v 18.410723 7.451500 10.558437
v 18.412422 7.451789 12.302019
v 18.299733 7.498479 10.476115
v 17.693425 7.452879 8.335589
v 18.904391 6.523772 7.017783
v 18.905948 6.390848 6.490561
v 18.903447 5.610813 4.966021
v -10.293228 4.600662 13.320897
v -9.486705 3.391245 13.585417
v -9.886615 3.972796 13.588102
v 17.291863 5.616871 12.852742
v 13.580128 6.514396 13.150348
v 13.280206 6.579803 13.148985
v 14.272404 6.461683 13.277320
v 7.359077 8.388281 8.629601
v 7.487203 8.376744 6.555246
v 7.340241 8.389114 9.464671
v 5.501722 8.553738 -2.245026
v 5.928353 8.515046 -4.748668
v 7.962317 8.333917 -2.031849
v 2.302113 8.839392 -0.197106
v 1.966078 8.870037 -1.473194
v 2.953885 8.780876 -0.314744
v 3.205510 8.759573 3.046025
v 1.088363 8.948903 1.990467
v 2.969039 8.780638 -3.272662
v 2.992832 8.778120 -1.997318
v 2.181116 8.851320 -2.766919
v 2.762923 8.798862 -4.983902
v 3.252436 8.755302 -5.061845
v 5.564511 8.548157 -7.071516
v 7.460577 8.379229 -6.891796
v 5.614789 8.543768 -9.131166
v 7.524735 8.373393 -8.150578
v 5.516027 8.552820 -9.376768
v 5.488976 8.554640 -12.143525
v 7.350296 8.388145 -11.756866
v 5.127164 8.587685 -9.542361
v 0.343542 8.960083 -11.753932
v 0.326122 8.958687 -9.524435
v 3.531915 8.731140 -7.297167
v 0.326122 8.958483 -7.871270
v 5.353485 8.565258 -14.375171
v 7.334906 8.388401 -14.092931
v 0.326122 8.957854 -14.232585
v 7.887065 8.339295 -13.948197
v 7.443346 8.380455 -11.075451
v 8.055272 8.325121 -11.723037
v 7.894903 8.340213 -4.772955
v 7.600459 8.365803 -0.229820
v 5.514799 8.552547 0.079268
v 7.394107 8.385320 2.043379
v 5.502572 8.553466 2.790221
v 7.813420 8.347444 4.383823
v 5.507671 8.553313 5.255656
v 3.713529 8.715247 4.372092
v 8.414771 8.293352 4.338263
v 8.377098 8.296959 6.831620
v 7.769704 8.351493 9.000110
v 8.300478 8.303884 8.908949
v 10.785716 8.081562 7.981644
v 10.667976 8.092009 9.025099
v 13.302443 7.849915 8.831749
v 13.478722 7.835009 6.524391
v 13.250607 7.855751 5.818689
v 10.939335 8.067593 4.316206
v 15.838431 7.618693 4.360320
v 17.693425 7.452760 5.959829
v 17.693425 7.452879 8.335589
v 17.693425 7.452947 3.501747
v 15.861988 7.616566 2.591749
v 17.711081 7.450667 1.255396
v 15.852876 7.615920 -0.298553
v 16.547467 7.553882 -2.503887
v 17.693425 7.452607 -0.320610
v 16.671816 7.542618 -4.495838
v 15.326965 7.664975 1.998521
v 10.775565 8.082191 4.033223
v 8.086005 8.323214 2.419010
v 8.075053 8.323776 0.052791
v 12.397959 7.933171 -0.182402
v 8.498993 8.285508 -2.508183
v 13.235358 7.856245 -1.790750
v 13.234272 7.856619 -3.385880
v 8.083362 8.323368 -4.564900
v 8.479920 8.287448 -6.968418
v 8.294482 8.304072 -7.628684
v 8.081993 8.323232 -9.823610
v 13.135179 7.866233 -7.183784
v 13.232573 7.856603 -5.072130
v 15.679666 7.633055 -7.134713
v 15.822710 7.619970 -6.030662
v 15.813835 7.620769 -3.108019
v 11.549892 8.011425 -11.528984
v 15.289859 7.667648 -11.426093
v 15.502348 7.648250 -13.775377
v 11.551403 8.011238 -11.842120
v 17.588289 7.458086 -11.705400
v 16.486472 7.559821 -9.572969
v 8.509945 8.284164 -11.703912
v 8.124434 8.318400 -13.959143
v 18.905475 2.604252 -9.528113
v 18.905948 2.880871 -10.363184
v 18.905617 1.889641 -7.130337
v 13.580128 6.514396 13.150348
v 11.466332 7.078813 13.148035
v 13.280206 6.579803 13.148985
v 11.913309 6.514396 13.149605
v 14.272404 6.461683 13.277320
v 10.012758 6.485317 13.247581
v 11.767102 6.469169 13.258072
v -2.739791 7.022492 13.252786
v -2.754803 6.514396 13.242500
v -2.728177 6.519229 13.266003
v -2.352486 7.439640 13.526393
v 5.488976 8.554640 -12.143525
v 0.326122 8.957854 -14.232585
v 0.343542 8.960083 -11.753932
v 5.353485 8.565258 -14.375171
v 3.135546 7.541513 -15.239899
v 0.487436 8.374822 -14.744977
v -2.308581 8.831106 -13.845926
v -4.881723 8.601059 -13.862489
v -2.631162 8.803678 -11.540756
v -7.277028 8.389286 -10.702753
v -9.526030 8.386767 -10.833980
v -7.981201 8.525017 -7.115630
v -5.735928 8.728469 -7.294978
v -9.964888 8.147821 -11.282019
v -7.967463 8.525783 -11.949431
v -8.810196 8.459099 -15.821561
v -4.965567 8.592500 -14.117922
v -9.523198 8.188215 -12.824196
v -10.061148 8.138888 -13.022668
v -10.890048 8.263389 -9.452399
v 18.381122 7.464891 6.812537
v 15.838431 7.618693 4.360320
v 17.693425 7.452879 8.335589
v 18.299733 7.498479 10.476115
v 18.904391 6.523772 7.017783
v 18.904201 6.543459 5.548179
v -18.785328 5.575541 4.170108
v -18.785328 5.538141 1.916199
v -19.981895 6.519944 1.212727
v -19.976088 6.517460 3.025083
v -7.449341 7.286434 13.165012
v -10.151695 8.329798 11.028905
v -9.709674 8.369836 11.597102
v 18.904060 6.531191 1.839412
v 18.903447 5.594020 -2.557089
v 18.903966 6.624606 -1.415863
v 18.903162 5.624136 -0.132423
v 18.903399 4.760539 1.137758
v 18.902549 4.719890 -2.288233
v 18.904531 4.664556 -4.619301
v 18.904437 5.791892 -4.830288
v 18.904012 5.593866 2.137472
v 18.903776 5.605063 -5.112817
v 18.903966 4.672128 -5.585185
v 18.903966 4.089522 -6.962719
v 18.903729 6.364203 -9.320841
v 18.903966 6.521663 -2.991869
v 18.904721 5.535726 -9.300974
v 18.904343 4.632159 -8.997421
v 18.905004 3.230757 -5.032437
v 18.904768 3.626381 -7.135086
v 18.905617 1.889641 -7.130337
v 18.905571 2.409852 -4.868497
v 18.904296 2.786248 -3.319711
v 18.903824 3.677104 -2.633133
v 18.905948 2.880871 -10.363184
v 18.905712 1.792432 -6.027732
v 18.904296 1.854504 -3.315292
v 18.904296 1.834222 -2.371464
v 18.893155 0.064608 -2.440568
v 18.904768 1.858452 1.814049
v 18.903824 2.740221 0.038084
v 18.905475 2.202434 2.031605
v 18.905381 3.158084 -0.304461
v 18.905335 2.866798 2.063947
v 18.903399 4.217613 2.019503
v 18.903635 3.781867 0.267453
v 18.904201 3.869071 5.854003
v 18.905240 2.806836 4.570563
v 18.903918 3.709807 6.761069
v 18.905712 4.019265 6.500846
v 18.904673 5.579335 6.924267
v 18.903966 5.465162 4.972630
v 18.905098 2.761711 7.917330
v 18.903776 3.664223 -2.305664
v 18.905193 4.618819 -11.519444
v 18.906137 3.589679 -11.738032
v 18.902691 4.610346 -13.607760
v 18.903257 5.535726 -13.751833
v 18.904485 3.893300 8.829559
v 18.905948 6.390848 6.490561
v 18.903447 5.610813 4.966021
v 18.904248 6.542251 -4.866306
v 18.904768 6.524078 3.466472
v 18.904201 6.543459 5.548179
v 18.904579 3.714656 8.747237
v 18.904626 4.353567 -4.778079
v 18.905193 2.630370 4.457634
v 18.904485 0.967136 6.725793
v 18.904248 0.954868 5.007201
v 18.904060 5.225654 2.031606
v 18.903871 6.533778 -8.518113
v 18.904201 4.774475 8.761942
v 18.904531 6.453822 8.811922
v 18.903871 1.974343 -2.409671
v 18.905287 1.760954 1.992654
v 18.902785 4.620044 -2.414090
v 18.905523 5.582892 -9.946370
v 18.903824 6.223095 -13.808256
v 18.906279 6.038376 -11.509860
v 18.906467 6.521663 -10.974749
v 18.906090 2.605170 8.753102
v 18.905287 0.954272 10.032866
v 18.904531 3.683007 11.208252
v 18.903776 3.664223 -2.305664
v 18.902785 4.620044 -2.414090
v 18.905381 3.158084 -0.304461
v 18.903871 1.974343 -2.409671
v 18.904060 5.225654 2.031606
v 18.904012 5.593866 2.137472
v 18.903447 5.610813 4.966021
v 18.904201 6.543459 5.548179
v 18.904391 6.523772 7.017783
v 18.903635 3.781867 0.267453
v 18.903399 4.760539 1.137758
v 18.904060 5.225654 2.031606
v 18.902785 4.620044 -2.414090
v 10.488439 3.946592 13.324367
v 10.658958 3.401846 13.323788
v 11.243693 3.637287 13.325028
v 9.567622 3.282840 12.853857
v 13.105250 4.460235 13.326267
v 11.489040 5.571763 13.323996
v 14.937772 4.673335 13.326102
v 14.272404 6.461683 13.277320
v 15.945974 4.857441 13.325318
v 18.016053 5.825802 13.585335
v 11.767102 6.469169 13.258072
v 9.910078 6.441605 13.333867
v 10.012758 6.485317 13.247581
v 9.291542 7.302378 13.250390
v 13.438972 7.314696 13.271951
v 13.280206 6.579803 13.148985
v 18.016053 6.583768 13.592769
v 13.082778 7.312808 13.268028
v 11.466332 7.078813 13.148035
v 10.017951 3.762486 12.853981
v 8.525855 7.444609 13.530358
v 9.305516 2.466478 12.854724
v 8.320919 4.852592 13.416395
v 10.411960 2.601682 13.323127
v 14.729437 3.815778 13.325358
v 20.016594 6.518344 13.516355
v 13.781759 7.622164 13.439940
v 17.091034 7.709759 14.007393
v 14.255598 3.337357 13.323416
v 14.169678 2.719326 13.323416
v 18.392452 3.646220 13.575090
v 18.392452 2.778982 13.579261
v 18.930119 3.532354 13.575297
v 18.957029 2.726523 13.578188
v 18.849486 1.708256 13.573230
v 18.365543 1.753075 13.576287
v 19.178298 0.061000 13.563895
v 15.959381 0.099744 13.326719
v 15.801465 1.768219 13.324820
v 18.392452 3.777017 13.574553
v 19.098279 4.679393 13.301732
v 14.531159 0.429212 13.322630
v 11.027380 0.914745 13.323912
v 10.749695 1.849977 13.323044
v 19.090537 4.464387 13.298799
v 10.753896 2.686316 13.323499
v 19.175183 7.135882 13.395826
v 10.601222 1.307034 13.323209
v 9.111108 0.051301 13.472445
v 9.898653 1.823706 12.855261
v 10.920262 7.622708 13.439940
v 8.391450 7.497901 13.533208
v 5.837428 7.472463 13.533043
v 5.567768 8.543120 14.033994
v 3.273727 7.536662 13.537504
v 3.420076 8.722717 13.994796
v 0.697470 7.531813 13.536594
v 3.006145 7.444609 13.530977
v 2.903465 8.770837 13.995704
v 9.466830 8.402114 14.024825
v -2.008377 8.835954 13.957414
v -1.905272 7.454307 13.532382
v -4.228724 8.861341 13.292893
v 0.551263 7.353832 13.364228
v -2.144104 7.375544 13.406153
v -3.587244 7.612057 13.503840
v 0.437016 7.229007 13.146713
v 0.605034 6.514396 13.150762
v 1.628862 6.485317 13.262781
v 6.354935 7.444609 13.530730
v 6.304138 5.438822 13.322384
v 7.077474 6.469510 13.258940
v 3.108637 5.453353 13.324285
v 10.411960 2.601682 13.323127
v 10.601222 1.307034 13.323209
v 10.749695 1.849977 13.323044
v 10.753896 2.686316 13.323499
v 9.673465 8.055068 12.847870
v 9.466830 8.402114 14.024825
v 8.391450 7.497901 13.533208
v 3.243089 5.153934 13.234239
v 4.747885 4.596256 12.650305
v 5.985287 4.372946 12.642208
v 7.410158 4.776006 12.652700
v 10.017951 3.762486 12.853981
v 10.643002 4.984614 12.852742
v 0.648703 4.056631 13.003177
v 3.108637 5.453353 13.324285
v 2.749091 5.155278 13.243161
v 0.184966 5.153627 13.235973
v -0.184683 4.056154 13.002681
v 0.848681 5.479999 13.324408
v 1.628862 6.485317 13.262781
v 4.977133 6.446556 13.438660
v 7.077474 6.469510 13.258940
v -2.034059 5.571899 13.325111
v -3.220948 5.528459 13.324946
v -2.728177 6.519229 13.266003
v -2.792476 5.152028 13.221641
v -4.985253 5.453353 13.324326
v -5.990055 5.153151 13.232917
v -5.133112 4.043495 13.018418
v -7.758940 4.185590 12.976452
v -7.623260 5.152811 13.228869
v -2.463144 4.076011 12.979591
v -8.745708 5.567373 13.324697
v -2.031227 6.485317 13.269762
v -6.448741 6.503489 13.440643
v -8.512117 6.469816 13.260138
v -10.075405 5.575387 13.324285
v -10.588947 6.504698 13.439403
v -12.678572 5.104640 13.323375
v -10.293228 4.600662 13.320897
v -14.063362 4.652746 13.325441
v -17.727604 4.812316 13.379757
v -17.743656 3.886034 13.416395
v -17.955294 4.590215 13.574636
v -18.708047 5.099689 13.574058
v -19.957629 6.509700 13.957413
v -15.213097 6.327857 13.533332
v -18.388109 7.408043 13.722180
v -18.540030 2.853168 13.571207
v -12.709446 3.262252 13.325523
v -10.320138 3.687397 13.321889
v -15.115185 2.683287 13.323705
v -10.293228 2.706309 13.321889
v -9.997509 1.868133 13.590826
v -14.003264 1.788195 13.323746
v -10.320138 1.790628 13.321846
v -10.007187 1.099005 13.592396
v -10.387316 0.907633 13.321350
v -15.139166 0.206345 13.323705
v -16.937038 1.526566 13.325150
v -17.105056 0.920956 13.325192
v -18.180435 0.925652 13.582070
v -17.686438 0.039442 13.251750
v -18.062837 1.180168 13.578394
v -9.285027 0.007691 13.475254
v -9.486705 3.391245 13.585417
v -13.156424 6.459794 13.283888
v -16.033075 2.803194 13.324407
v -2.352486 7.439640 13.526393
v -2.144104 7.375544 13.406153
v -15.103855 0.037093 12.993014
v -18.855906 0.000000 13.213543
v -16.127588 2.733789 13.324407
v -14.515249 6.495016 13.215693
v -18.600504 1.874190 13.574511
v -2.031227 6.485317 13.269762
v -0.239304 6.514396 13.149976
v -2.144104 7.375544 13.406153
v -0.532521 7.182981 13.147292
v 0.437016 7.229007 13.146713
v 2.953885 8.780876 -0.314744
v 5.514799 8.552547 0.079268
v 3.205510 8.759573 3.046025
v 5.502572 8.553466 2.790221
v 8.377098 8.296959 6.831620
v 10.939335 8.067593 4.316206
v 10.785716 8.081562 7.981644
v 8.414771 8.293352 4.338263
v 2.922821 8.784295 9.385283
v 2.928864 8.784398 8.009938
v 7.359077 8.388281 8.629601
v 7.340241 8.389114 9.464671
v 3.713529 8.715247 4.372092
v 5.507671 8.553313 5.255656
v 5.842479 8.400259 12.852082
v 3.270518 8.754264 10.993589
v 0.637797 8.990369 4.266227
v 1.088363 8.948903 1.990467
v 3.713529 8.715247 4.372092
v 3.205510 8.759573 3.046025
v -0.372859 8.999643 -7.565487
v -0.372859 8.999643 -9.550168
v 0.326122 8.958687 -9.524435
v 0.326122 8.958483 -7.871270
v -4.582085 8.833386 1.938257
v 0.252192 8.957734 -0.113339
v 0.164808 8.957870 1.955151
v -4.736507 8.819739 3.429711
v -4.305628 8.857428 4.542601
v 0.245441 8.957938 4.489689
v 2.302113 8.839392 -0.197106
v 1.088363 8.948903 1.990467
v 15.782110 6.579039 -15.239321
v 13.806968 5.698631 -15.240477
v 16.453001 5.613469 -15.240106
v 15.927467 6.560118 -15.240188
v 13.806968 5.698631 -15.240477
v 10.727034 6.255186 -15.240560
v 11.089979 6.527721 -15.240560
v 15.782110 6.579039 -15.239321
v 15.927467 6.560118 -15.240188
v 16.453001 5.613469 -15.240106
v 15.795139 5.012248 -15.240065
v 13.203727 4.857443 -15.240520
v 9.416410 6.510756 -15.242336
v 7.719331 7.430079 -15.241923
v 10.594282 6.702128 -15.240312
v 6.859037 6.486527 -15.241592
v 10.451474 4.949496 -14.746590
v 13.203727 4.857443 -15.240520
v 13.806968 5.698631 -15.240477
v 10.727034 6.255186 -15.240560
v 15.795139 5.012248 -15.240065
v 9.416410 6.510756 -15.242336
v 10.451474 4.949496 -14.746590
v 15.919065 1.839072 -15.240561
v 15.798114 2.316285 -15.239529
v 15.995543 2.745514 -15.241057
v 15.798114 1.831807 -15.239942
v 16.725587 4.605496 -15.240065
v 14.986539 4.655624 -15.240891
v 15.795139 5.012248 -15.240065
v 15.809632 3.714045 -15.241139
v 17.747196 3.680133 -15.237670
v 16.725587 4.605496 -15.240065
v 15.795139 5.012248 -15.240065
v 15.948475 4.855010 -15.240767
v 15.948475 4.855010 -15.240767
v 15.795139 5.012248 -15.240065
v 16.453001 5.613469 -15.240106
v 13.806968 5.698631 -15.240477
v -10.346716 7.303534 13.249936
v -10.105052 6.504698 13.155263
v -10.064735 7.434927 13.528706
v -10.064735 7.434927 13.528706
v -10.105052 6.504698 13.155263
v -10.588947 6.504698 13.439403
v -7.799681 6.514396 13.149852
v -7.198141 6.514396 13.150306
v -7.449341 7.286434 13.165012
v -6.731052 7.295044 13.202806
v -10.346716 7.303534 13.249936
v -7.799681 6.514396 13.149852
v -7.449341 7.286434 13.165012
v -10.105052 6.504698 13.155263
v -14.454915 6.567688 13.165135
v -14.515249 6.495016 13.215693
v -10.105052 6.504698 13.155263
v -10.346716 7.303534 13.249936
v -7.198141 6.514396 13.150306
v -2.739791 7.022492 13.252786
v -6.731052 7.295044 13.202806
v -2.754803 6.514396 13.242500
v -0.532521 7.182981 13.147292
v -0.239304 6.514396 13.149976
v 0.605034 6.514396 13.150762
v 0.437016 7.229007 13.146713
v 0.605034 6.514396 13.150762
v 3.080075 6.514396 13.150431
v 0.437016 7.229007 13.146713
v 3.333825 7.072619 13.146383
v 3.333825 7.072619 13.146383
v 3.080075 6.514396 13.150431
v 4.977133 6.446556 13.438660
v 3.333825 7.072619 13.146383
v 4.977133 6.446556 13.438660
v 3.006145 7.444609 13.530977
v 10.012758 6.485317 13.247581
v 11.913309 6.514396 13.149605
v 11.466332 7.078813 13.148035
v 9.291542 7.302378 13.250390
v -4.736507 8.819739 3.429711
v -5.399751 8.759999 4.120708
v -4.305628 8.857428 4.542601
v -6.379626 8.670191 6.412288
v -4.892628 8.805855 1.914011
v -4.582085 8.833386 1.938257
v -3.841136 8.898384 9.484498
v -6.378540 8.670089 9.147116
v -4.829415 8.810330 11.240596
v -5.628479 8.738167 11.040636
v -4.121842 8.873728 6.747853
v -7.345623 8.582749 8.203288
v -10.509164 8.298457 -7.140207
v -12.659452 8.101368 -7.456689
v -10.783874 8.273802 -5.055195
v -9.614642 8.379008 -5.293362
v -10.783874 8.273802 -5.055195
v -10.723399 8.279502 -2.672826
v -9.932314 8.350915 -2.637551
v -5.212093 7.610355 13.510490
v -9.625312 7.476104 13.534695
v -6.990751 8.612662 13.363485
v -9.754381 8.366552 8.733277
v -10.151695 8.329798 11.028905
v -9.709674 8.369836 11.597102
v -10.029612 8.341812 8.808412
v 18.903824 6.223095 -13.808256
v 19.208654 6.529525 -14.869142
v 19.125046 6.855964 -13.575418
v 19.124575 5.602953 -14.895619
v 18.904721 5.535726 -9.300974
v 18.906279 6.038376 -11.509860
v 18.905523 5.582892 -9.946370
v -12.659452 8.101368 -7.456689
v -13.499211 7.823525 -11.528984
v -10.509164 8.298457 -7.140207
v -10.890048 8.263389 -9.452399
v -10.061148 8.138888 -13.022668
v -10.134464 8.101046 -14.680872
v -9.523198 8.188215 -12.824196
v -7.510336 8.297045 -14.733372
v -12.820011 7.884151 -13.916516
v -12.659075 7.900826 -12.316967
v -10.001805 8.344280 -7.249419
v -5.735928 8.728469 -7.294978
v -7.373523 8.380863 -8.515180
v -9.523198 8.188215 -12.824196
v -4.881723 8.601059 -13.862489
v -7.436453 8.374193 -13.350096
v -7.510336 8.297045 -14.733372
v -6.744507 8.306999 -14.744193
v -4.965567 8.592500 -14.117922
v -9.964888 8.147821 -11.282019
v -7.277028 8.389286 -10.702753
v -7.417758 8.376626 -10.582224
v -15.241894 7.663427 -10.449881
v -15.383616 7.650292 -11.734809
v -12.659075 7.900826 -12.316967
v -13.499211 7.823525 -11.528984
v -2.174129 8.842284 12.475502
v 0.299212 8.958312 8.759011
v 0.675612 8.987051 8.759011
v 0.810017 8.974323 11.217052
v -4.829415 8.810330 11.240596
v -3.841136 8.898384 9.484498
v -4.121842 8.873728 6.747853
v 0.299212 8.958277 6.994817
v 0.621841 8.992105 7.049217
v -9.709674 8.369836 11.597102
v -7.378528 8.376080 12.596072
v -5.628479 8.738167 11.040636
v -9.782424 8.364238 6.371479
v -6.379626 8.670191 6.412288
v -7.343592 8.383244 5.248303
v -9.612660 8.380113 3.466472
v -5.399751 8.759999 4.120708
v -7.354450 8.382887 2.150690
v -7.355631 8.382411 1.508227
v -9.551996 8.385405 1.427392
v -4.892628 8.805855 1.914011
v -9.613367 8.380114 -0.347086
v -5.269075 8.772045 -0.399255
v -7.436312 8.374515 -0.335314
v -9.614123 8.379007 6.747853
v -7.435084 8.374413 8.596887
v -7.345623 8.582749 8.203288
v -9.754381 8.366552 8.733277
v -6.378540 8.670089 9.147116
v -7.376262 8.379671 8.754839
v 2.221480 7.444610 -15.240394
v 0.245441 7.449460 -15.240559
v 0.487436 8.374822 -14.744977
v -1.790412 8.377103 -14.746424
v -3.545228 7.442194 -15.241634
v 3.135546 7.541513 -15.239899
v 5.447573 7.449460 -15.240559
v -4.878560 7.386469 -15.241387
v -7.893817 7.450667 -15.240519
v -7.510336 8.297045 -14.733372
v -6.744507 8.306999 -14.744193
v 12.796926 0.912484 -14.748203
v 14.131248 0.927015 -14.747789
v 15.798114 1.831807 -15.239942
v 13.244706 1.182892 -14.747831
v 12.909708 2.792613 -14.747087
v 10.385523 2.686624 -14.748656
v 10.296013 1.859967 -14.749028
v 13.244706 1.182892 -14.747831
v 8.058766 1.799852 -14.749606
v 8.041960 2.619090 -14.748120
v 8.058766 1.799852 -14.749606
v 8.041960 2.619090 -14.748120
v 10.296013 1.859967 -14.749028
v 5.797111 0.080382 -14.754398
v 8.082276 0.080382 -14.754935
v 12.796926 0.912484 -14.748203
v 13.244706 1.182892 -14.747831
v 2.972202 0.181011 -14.751549
v 3.011197 1.616817 -14.749565
v 0.466853 0.389228 -14.751053
v 0.685715 1.000300 -14.748615
v 2.797811 2.597293 -14.748120
v 5.351408 2.598808 -14.748614
v -1.602850 0.964568 -14.749606
v 0.204275 2.341127 -14.747789
v 0.226982 3.416089 -14.746301
v 2.675161 3.606253 -14.746466
v -2.404746 1.409468 -14.749606
v -3.296577 2.689346 -14.748078
v 10.385523 2.686624 -14.748656
v 0.685715 1.000300 -14.748615
v 0.466853 0.389228 -14.751053
v 2.972202 0.181011 -14.751549
v 3.011197 1.616817 -14.749565
v -0.263664 0.746550 -14.749606
v -1.602850 0.964568 -14.749606
v -2.994107 0.724141 -14.749648
v -2.404746 1.409468 -14.749606
v -0.263664 0.746550 -14.749606
v -2.994107 0.724141 -14.749648
v -2.404746 1.409468 -14.749606
v 0.204275 2.341127 -14.747789
v 2.675161 3.606253 -14.746466
v 0.226982 3.416089 -14.746301
v 2.797811 2.597293 -14.748120
v 7.800201 4.532943 -14.746920
v 7.983137 3.066032 -14.748202
v 10.058268 3.614726 -14.746548
v 10.385523 2.686624 -14.748656
v 8.041960 2.619090 -14.748120
v 5.351408 2.598808 -14.748614
v 5.353485 3.173842 -14.747953
v 2.675161 3.606253 -14.746466
v 2.797811 2.597293 -14.748120
v 7.710928 4.952814 -14.746466
v 10.409882 3.982938 -14.747004
v 10.451474 4.949496 -14.746590
v 13.203727 4.857443 -15.240520
v 6.859037 6.486527 -15.241592
v 9.416410 6.510756 -15.242336
v 13.213831 4.506178 -14.746011
v 10.663160 8.016309 -14.736262
v 15.502348 7.648250 -13.775377
v 11.551403 8.011238 -11.842120
v 15.634581 7.635726 -13.989998
v 8.124434 8.318400 -13.959143
v 8.509945 8.284164 -11.703912
v 11.549892 8.011425 -11.528984
v 8.081993 8.323232 -9.823610
v 17.588289 7.458086 -11.705400
v 17.566856 7.458631 -14.075253
v 8.479920 8.287448 -6.968418
v 8.294482 8.304072 -7.628684
v 13.135179 7.866233 -7.183784
v 13.232573 7.856603 -5.072130
v 8.083362 8.323368 -4.564900
v 13.234272 7.856619 -3.385880
v 16.486472 7.559821 -9.572969
v 17.588289 7.458086 -11.705400
v 17.693425 7.452692 -13.845926
v 16.486472 7.559821 -9.572969
v 17.693425 7.452692 -13.845926
v 17.693425 7.452845 -11.505481
v 15.679666 7.633055 -7.134713
v 15.289859 7.667648 -11.426093
v 16.486472 7.559821 -9.572969
v 17.084897 7.504997 -7.173499
v 16.671816 7.542533 -4.860399
v 15.822710 7.619970 -6.030662
v 15.813835 7.620769 -3.108019
v 16.671816 7.542618 -4.495838
v 16.547467 7.553882 -2.503887
v 15.528454 7.645969 -0.514662
v 15.852876 7.615920 -0.298553
v 15.659413 7.633820 -0.252993
v 15.528454 7.645969 -0.514662
v 15.659413 7.633820 -0.252993
v 16.547467 7.553882 -2.503887
v 15.852876 7.615920 -0.298553
v 13.235358 7.856245 -1.790750
v 15.528454 7.645969 -0.514662
v 15.813835 7.620769 -3.108019
v 13.234272 7.856619 -3.385880
v 15.813835 7.620769 -3.108019
v 13.235358 7.856245 -1.790750
v 15.919065 1.839072 -15.240561
v 17.706880 0.899161 -14.742419
v 18.371351 0.921349 -12.095530
v 15.326965 7.664975 1.998521
v 15.659413 7.633820 -0.252993
v 15.861988 7.616566 2.591749
v 15.852876 7.615920 -0.298553
v 12.397959 7.933171 -0.182402
v 10.775565 8.082191 4.033223
v 15.528454 7.645969 -0.514662
v 13.235358 7.856245 -1.790750
v -14.393025 7.939773 8.822042
v -16.734604 7.724648 8.729601
v -17.310086 7.670624 11.293507
v -14.951180 7.887451 11.046543
v -19.956968 6.509888 -0.547005
v -19.981895 6.519944 1.212727
v -19.719316 6.855010 -0.225442
v -18.786272 5.535725 6.459706
v -18.787169 3.900566 6.439094
v -18.786272 4.634574 8.664916
v -18.786508 5.471526 8.656077
v -18.786697 3.597761 8.170945
v -18.786933 3.551139 10.868639
v -18.787358 4.636650 10.768846
v -18.787783 3.604584 6.382505
v -18.787358 2.585330 6.347974
v -18.787783 2.030902 8.700190
v -18.786320 3.370657 4.073825
v -18.785895 4.288159 4.056931
v -18.785328 5.575541 4.170108
v -19.983122 6.519978 4.407367
v -19.976088 6.517460 3.025083
v -18.787452 4.592173 -0.535275
v -18.786462 3.982938 1.937512
v -18.785328 5.538141 1.916199
v -18.786792 5.356468 -0.330895
v -18.787547 2.238778 10.799535
v -18.789246 1.117177 10.817171
v -18.990311 1.884331 12.904827
v -18.908640 0.971832 12.370378
v -18.787075 4.975834 10.978924
v -18.787358 4.636650 10.768846
v -18.936114 4.653955 12.440639
v -18.951978 5.544811 12.428413
v -19.719316 6.855010 -0.225442
v -19.981895 6.519944 1.212727
v -19.464576 6.962769 2.110995
v -18.293832 7.447280 12.975338
v -19.957298 6.509786 8.735466
v -19.978259 6.518940 11.874591
v -19.365672 7.004133 8.846578
v -18.788492 1.815760 1.929787
v -18.790994 0.787727 -0.344156
v -18.790899 1.851186 -0.561711
v -18.787594 1.856580 -3.616697
v -18.787642 0.798940 -2.650069
v -18.788350 1.427249 -5.401419
v -18.787783 0.884017 -4.862632
v -18.788256 0.662817 1.847093
v -18.788350 1.427249 -5.401419
v -18.788350 1.888807 -5.736364
v -18.787594 1.856580 -3.616697
v -18.786272 2.719633 -3.213845
v -18.787264 3.543261 -6.259991
v -18.786697 3.168992 -4.778079
v -18.788350 1.888807 -5.736364
v -18.787217 3.625020 -7.137689
v -18.787264 3.543261 -6.259991
v -18.788963 2.111590 -7.121497
v -18.787264 3.543261 -6.259991
v -18.787217 3.625020 -7.137689
v -18.786981 4.353567 -7.124429
v -18.786745 3.975060 -6.539339
v -18.245962 0.923833 -11.603955
v -18.247095 1.665260 -13.850347
v -18.245774 0.986364 -11.564261
v -18.245679 0.913692 -12.047947
v -15.394569 2.628789 -14.747292
v -15.350852 3.591704 -14.745929
v -12.713460 3.705486 -14.745599
v -12.647508 2.792834 -14.747169
v -10.078143 2.793974 -14.748078
v -10.061336 3.421228 -14.747045
v -10.064735 1.776081 -14.748697
v -12.647508 2.792834 -14.747169
v -10.078143 2.793974 -14.748078
v -13.155999 1.849826 -14.748408
v -13.300932 0.891895 -14.748822
v -10.071439 0.103319 -14.751837
v -10.078143 2.793974 -14.748078
v -10.061336 3.421228 -14.747045
v -7.651019 2.788359 -14.747913
v -7.698890 3.707086 -14.746466
v -7.592197 4.627004 -14.746548
v -10.273070 4.637604 -14.748119
v -17.686438 4.538881 -14.739362
v -12.714498 4.138799 -14.745971
v -17.713347 5.496965 -14.738246
v -12.954794 4.678169 -14.745764
v -12.954794 4.678169 -14.745764
v -17.713347 5.496965 -14.738246
v -12.710296 6.195241 -14.746135
v -17.713347 6.489555 -14.739072
v -17.686438 4.538881 -14.739362
v -12.714498 4.138799 -14.745971
v -18.788256 0.914900 -7.124431
v -18.787783 0.884017 -4.862632
v -18.789388 1.805160 -7.118565
v -18.787594 1.856580 -3.616697
v -18.790899 1.851186 -0.561711
v -18.787736 2.657850 -1.520243
v -18.788492 1.815760 1.929787
v -18.787736 0.925806 3.390014
v -18.788256 1.824642 3.468494
v -18.789200 1.778803 6.461150
v -18.788208 0.885837 5.748137
v -18.787689 1.808783 8.688418
v -18.787500 0.826487 8.285607
v -18.786462 2.729944 4.180640
v -18.787217 2.376858 1.808143
v -18.788256 0.662817 1.847093
v -18.790994 0.787727 -0.344156
v -18.787642 0.798940 -2.650069
v -18.788350 1.427249 -5.401419
v -18.786272 2.719633 -3.213845
v -18.788350 1.888807 -5.736364
v -18.788963 2.111590 -7.121497
v -18.787264 3.543261 -6.259991
v -18.787217 3.625020 -7.137689
v -18.786745 3.975060 -6.539339
v -18.786981 4.353567 -7.124429
v -18.786745 2.846653 -9.611178
v -18.786887 4.608525 -10.064710
v -18.786981 3.820629 -4.766348
v -18.786697 3.168992 -4.778079
v -18.787452 4.592173 -0.535275
v -18.787594 3.716460 -0.497026
v -18.245774 0.986364 -11.564261
v -18.244357 1.872983 -11.573100
v -18.247095 1.665260 -13.850347
v -18.245679 0.913692 -12.047947
v -18.245962 0.923833 -11.603955
v -18.252997 0.094913 -13.936345
v -18.243932 1.806369 -14.151711
v -18.244924 2.642418 -14.128209
v -18.244499 1.870567 -12.839605
v -18.242752 3.372479 -13.759185
v -18.243271 3.580815 -14.128208
v -18.242280 3.741899 -13.266702
v -18.513120 0.037638 10.207091
v -18.789246 1.117177 10.817171
v -15.394569 2.628789 -14.747292
v -12.647508 2.792834 -14.747169
v -15.350852 3.591704 -14.745929
v -12.713460 3.705486 -14.745599
v -10.061336 3.421228 -14.747045
v -10.078143 2.793974 -14.748078
v -13.155999 1.849826 -14.748408
v -10.064735 1.776081 -14.748697
v -10.071439 0.103319 -14.751837
v -13.300932 0.891895 -14.748822
v -7.698890 3.707086 -14.746466
v -10.273070 4.637604 -14.748119
v -7.592197 4.627004 -14.746548
v -7.651019 2.788359 -14.747913
v -18.244924 2.642418 -14.128209
v -18.243271 3.580815 -14.128208
v -17.686438 4.538881 -14.739362
v -17.793792 4.518292 -14.712885
v -17.957749 5.526027 -14.551588
v -17.713347 5.496965 -14.738246
v -17.713347 6.489555 -14.739072
v -12.954794 4.678169 -14.745764
v -12.710296 6.195241 -14.746135
v -18.240344 6.444142 -14.150016
v -18.242752 3.372479 -13.759185
v -18.244499 1.870567 -12.839605
v -18.243271 3.580815 -14.128208
v -18.243932 1.806369 -14.151711
v -18.244924 2.642418 -14.128209
v -18.247095 1.665260 -13.850347
v -17.793792 4.518292 -14.712885
v -18.787217 3.625020 -7.137689
v -18.786745 2.846653 -9.611178
v -18.786887 4.608525 -10.064710
v -18.786981 4.353567 -7.124429
v -18.242280 3.741899 -13.266702
v -17.957749 5.526027 -14.551588
v -18.242799 5.535726 -13.078514
v -18.244357 1.872983 -11.573100
v -18.788963 2.111590 -7.121497
v -15.239958 1.824541 -14.747995
v -18.243932 1.806369 -14.151711
v -15.394569 2.628789 -14.747292
v -18.244924 2.642418 -14.128209
v -18.252997 0.094913 -13.936345
v -15.308837 0.793785 -14.748533
v -13.155999 1.849826 -14.748408
v -13.300932 0.891895 -14.748822
v -18.243271 3.580815 -14.128208
v -15.350852 3.591704 -14.745929
v -17.793792 4.518292 -14.712885
v -17.686438 4.538881 -14.739362
v -18.788256 0.914900 -7.124431
v -18.245962 0.923833 -11.603955
v -18.789388 1.805160 -7.118565
v -18.245774 0.986364 -11.564261
v -18.788256 0.914900 -7.124431
v -18.788350 1.427249 -5.401419
v -18.787783 0.884017 -4.862632
v -18.789388 1.805160 -7.118565
v 20.016594 6.518327 12.898922
v 18.904531 6.453822 8.811922
v 18.601306 7.373519 8.831047
v 20.016594 6.518327 12.898922
v 18.601306 7.373519 8.831047
v 18.904391 6.542557 11.763975
v 19.175183 7.135882 13.395826
v 18.434139 7.474232 13.957414
v 17.091034 7.709759 14.007393
v 18.904391 6.542557 11.763975
v 18.412422 7.451789 12.302019
v 18.376590 7.467817 12.569595
v 18.410723 7.451500 10.558437
v 18.601306 7.373519 8.831047
v 18.299733 7.498479 10.476115
v -5.127211 0.822847 -14.748697
v -8.039977 0.678114 -14.749730
v -7.577892 1.611356 -14.748822
v -4.884980 1.779978 -14.748367
v -2.404746 1.409468 -14.749606
v -2.994107 0.724141 -14.749648
v -10.273070 4.637604 -14.748119
v -7.592197 4.627004 -14.746548
v -8.400184 5.566762 -14.747663
v -10.044530 5.465469 -14.747168
v -12.714498 4.138799 -14.745971
v -12.954794 4.678169 -14.745764
v -10.232754 6.482903 -14.747540
v -12.710296 6.195241 -14.746135
v -10.239457 7.318646 -14.747375
v -12.713460 3.705486 -14.745599
v -15.350852 3.591704 -14.745929
v -17.686438 4.538881 -14.739362
v -10.061336 3.421228 -14.747045
v -6.720524 5.537240 -14.747126
v -5.339795 4.600664 -14.746260
v -7.651019 2.788359 -14.747913
v -4.943661 2.682846 -14.747788
v -4.916327 3.454850 -14.746177
v -7.577892 1.611356 -14.748822
v -4.884980 1.779978 -14.748367
v -8.039977 0.678114 -14.749730
v -5.127211 0.822847 -14.748697
v -10.064735 1.776081 -14.748697
v -10.078143 2.793974 -14.748078
v -10.071439 0.103319 -14.751837
v -7.698890 3.707086 -14.746466
v -14.003264 7.449460 -15.240519
v -17.484807 7.452744 -14.598633
v -17.713347 6.489555 -14.739072
v 0.225283 4.590965 -14.746218
v 2.695319 4.292397 -14.746136
v -1.575940 5.579336 -14.747498
v -2.483303 5.574487 -14.747540
v -2.442986 3.941761 -14.746548
v 0.213528 6.504699 -14.745267
v -2.427879 5.804619 -14.747705
v 1.495590 6.473204 -14.745516
v 2.066870 5.587810 -14.746218
v 0.226982 3.416089 -14.746301
v -2.431231 2.827426 -14.748449
v 0.204275 2.341127 -14.747789
v -3.296577 2.689346 -14.748078
v 2.675161 3.606253 -14.746466
v 2.221480 7.444610 -15.240394
v 0.245441 7.449460 -15.240559
v -12.647508 2.792834 -14.747169
v -15.239958 1.824541 -14.747995
v -13.155999 1.849826 -14.748408
v -15.394569 2.628789 -14.747292
v -19.956827 6.509922 -5.048587
v -19.982887 6.520081 -7.471394
v -18.831169 7.227119 -5.076509
v -18.787358 4.814444 -7.138391
v -18.785233 5.535726 -9.376686
v -18.786981 4.353567 -7.124429
v -18.786887 4.608525 -10.064710
v -18.786745 3.975060 -6.539339
v -18.787406 4.694827 -6.655077
v -18.242280 3.741899 -13.266702
v -18.242799 5.535726 -13.078514
v -19.982887 6.520081 -7.471394
v -19.956827 6.509922 -5.048587
v -18.785233 5.535726 -9.376686
v -18.786887 4.608525 -10.064710
v -18.787358 4.814444 -7.138391
v 18.903966 6.521663 -2.991869
v 16.671816 7.542618 -4.495838
v 17.786615 7.420005 -4.742803
v -2.792476 5.152028 13.221641
v -2.463144 4.076011 12.979591
v -0.184683 4.056154 13.002681
v 0.184966 5.153627 13.235973
v 18.370736 1.411578 -0.146386
v 18.370784 1.349727 1.984558
v 18.371728 2.737805 3.407652
v 18.372153 3.748568 8.796473
v 18.372058 2.805475 10.091685
v 17.713630 3.784300 12.850635
vt 0.989814 0.816118
vt 0.989814 0.886465
vt 0.986271 0.817120
vt 0.083524 0.967498
vt 0.033215 0.989760
vt 0.103189 0.989760
vt 0.031444 0.995102
vt 0.025244 0.973473
vt 0.031444 0.965717
vt 0.534790 0.035174
vt 0.519486 0.049421
vt 0.551646 0.049421
vt 0.577945 0.037050
vt 0.367139 0.811665
vt 0.395483 0.811665
vt 0.394567 0.804541
vt 0.509743 0.776046
vt 0.541630 0.776046
vt 0.521278 0.774265
vt 0.626029 0.564114
vt 0.639061 0.601514
vt 0.625775 0.572885
vt 0.639061 0.567941
vt 0.330824 0.985307
vt 0.328865 0.977293
vt 0.295394 0.985307
vt 0.628293 0.892052
vt 0.625066 0.897151
vt 0.662976 0.897151
vt 0.619575 0.893085
vt 0.621588 0.879794
vt 0.654825 0.874889
vt 0.005757 0.650312
vt 0.001520 0.655833
vt 0.005757 0.612199
vt 0.000443 0.647068
vt 0.496457 0.193678
vt 0.480514 0.184647
vt 0.496457 0.161621
vt 0.916298 0.064108
vt 0.916304 0.052983
vt 0.931355 0.092164
vt 0.931355 0.057936
vt 0.998671 0.996883
vt 0.968189 0.995993
vt 0.957042 0.996883
vt 0.794522 0.151825
vt 0.796723 0.119768
vt 0.743910 0.137425
vt 0.743578 0.151825
vt 0.904783 0.198126
vt 0.877325 0.166073
vt 0.904783 0.166400
vt 0.890939 0.199020
vt 0.262622 0.995993
vt 0.279641 0.958515
vt 0.293623 0.955922
vt 0.293623 0.991386
vt 0.088131 0.424611
vt 0.088131 0.467053
vt 0.086041 0.420748
vt 0.068645 0.449945
vt 0.069531 0.964826
vt 0.016393 0.923730
vt 0.009300 0.964826
vt 0.045755 0.912288
vt 0.552259 0.439448
vt 0.552259 0.503931
vt 0.517715 0.504452
vt 0.529426 0.447380
vt 0.959186 0.817008
vt 0.980071 0.892698
vt 0.954384 0.881144
vt 0.980071 0.821763
vt 0.554916 0.954141
vt 0.608060 0.993321
vt 0.603604 0.962607
vt 0.571057 0.993321
vt 0.568914 0.001734
vt 0.595660 0.029831
vt 0.576197 0.002111
vt 0.571683 0.028959
vt 0.515058 0.029831
vt 0.542742 0.000445
vt 0.640833 0.588196
vt 0.685120 0.543633
vt 0.685120 0.623776
vt 0.209477 0.589938
vt 0.184677 0.571392
vt 0.187000 0.531166
vt 0.209477 0.553481
vt 0.951727 0.089492
vt 0.956648 0.020378
vt 0.986271 0.020036
vt 0.986271 0.084499
vt 0.768298 0.033393
vt 0.768379 0.011041
vt 0.704606 0.033393
vt 0.725900 0.003117
vt 0.810895 0.385891
vt 0.797608 0.423148
vt 0.807754 0.385129
vt 0.810895 0.442119
vt 0.393711 0.327248
vt 0.380425 0.307961
vt 0.393711 0.294942
vt 0.381166 0.285396
vt 0.688269 0.598405
vt 0.701063 0.573909
vt 0.701063 0.607747
vt 0.686891 0.576407
vt 0.954278 0.772953
vt 0.966785 0.754675
vt 0.966785 0.811107
vt 0.945256 0.811452
vt 0.930565 0.811478
vt 0.939124 0.778458
vt 0.928845 0.799938
vt 0.928950 0.778003
vt 0.911869 0.811665
vt 0.917041 0.778679
vt 0.197077 0.845503
vt 0.230735 0.848746
vt 0.230735 0.882903
vt 0.198312 0.881344
vt 0.961754 0.899303
vt 0.997786 0.897151
vt 0.961470 0.926717
vt 0.997786 0.929208
vt 0.838353 0.651380
vt 0.869353 0.654342
vt 0.845206 0.681859
vt 0.869353 0.699466
vt 0.929813 0.004795
vt 0.952613 0.034283
vt 0.951446 0.001336
vt 0.919841 0.034283
vt 0.416497 0.950579
vt 0.380205 0.958302
vt 0.374225 0.991540
vt 0.423826 0.991540
vt 0.008498 0.264915
vt 0.000443 0.247922
vt 0.014615 0.251938
vt 0.012273 0.246891
vt 0.014615 0.207925
vt 0.007275 0.216230
vt 0.366253 0.630169
vt 0.397254 0.629118
vt 0.371766 0.639763
vt 0.397254 0.649599
vt 0.345235 0.482191
vt 0.325509 0.509795
vt 0.356495 0.509795
vt 0.362710 0.482423
vt 0.951727 0.738553
vt 0.957059 0.731343
vt 0.990700 0.729742
vt 0.990700 0.761799
vt 0.767597 0.050465
vt 0.767493 0.057435
vt 0.794002 0.057435
vt 0.794066 0.041407
vt 0.691320 0.281834
vt 0.689548 0.265232
vt 0.691320 0.262244
vt 0.653233 0.713713
vt 0.642943 0.700356
vt 0.616918 0.713713
vt 0.998671 0.218611
vt 0.983614 0.208812
vt 0.998671 0.199020
vt 0.325509 0.536286
vt 0.325509 0.554314
vt 0.304309 0.556100
vt 0.297166 0.532947
vt 0.902093 0.680216
vt 0.884551 0.644868
vt 0.884411 0.680766
vt 0.905488 0.652348
vt 0.917183 0.680766
vt 0.908481 0.652254
vt 0.898696 0.620903
vt 0.909518 0.622635
vt 0.897366 0.592032
vt 0.909753 0.582814
vt 0.856953 0.316563
vt 0.827684 0.315569
vt 0.825952 0.306673
vt 0.856953 0.302315
vt 0.986271 0.475067
vt 0.970328 0.504843
vt 0.977415 0.475218
vt 0.986271 0.507124
vt 0.506200 0.079697
vt 0.531001 0.079697
vt 0.530863 0.053675
vt 0.506786 0.049421
vt 0.344110 0.430543
vt 0.349424 0.430543
vt 0.347970 0.424310
vt 0.358702 0.705699
vt 0.411377 0.727070
vt 0.415855 0.717584
vt 0.354436 0.727070
vt 0.331709 0.720837
vt 0.331912 0.711170
vt 0.972985 0.406549
vt 0.972985 0.463795
vt 0.963549 0.402048
vt 0.951727 0.459506
vt 0.957169 0.486440
vt 0.966785 0.486643
vt 0.648804 0.755565
vt 0.619379 0.743989
vt 0.616918 0.755565
vt 0.646996 0.750242
vt 0.377319 0.582814
vt 0.352081 0.587266
vt 0.409655 0.587266
vt 0.679805 0.890917
vt 0.674601 0.871327
vt 0.650576 0.890917
vt 0.861159 0.270364
vt 0.814438 0.248979
vt 0.816484 0.219786
vt 0.880701 0.212156
vt 0.910866 0.267664
vt 0.914526 0.210597
vt 0.861291 0.274518
vt 0.914526 0.298753
vt 0.019929 0.093945
vt 0.015814 0.057589
vt 0.000443 0.093945
vt 0.006668 0.057435
vt 0.814438 0.865984
vt 0.789835 0.845900
vt 0.783437 0.817008
vt 0.814438 0.826543
vt 0.021701 0.347729
vt 0.021701 0.404720
vt 0.019929 0.375439
vt 0.988928 0.093054
vt 0.970554 0.119377
vt 0.956156 0.096637
vt 0.988928 0.124221
vt 0.989814 0.051354
vt 0.994243 0.024488
vt 0.994243 0.073464
vt 0.610460 0.193591
vt 0.586849 0.235852
vt 0.605136 0.223279
vt 0.588216 0.190974
vt 0.588404 0.186055
vt 0.612193 0.177281
vt 0.589579 0.155739
vt 0.612096 0.158528
vt 0.590865 0.125785
vt 0.614366 0.102578
vt 0.610383 0.071883
vt 0.619496 0.294548
vt 0.607737 0.292779
vt 0.616756 0.343020
vt 0.621236 0.271115
vt 0.629742 0.312847
vt 0.633279 0.264384
vt 0.645004 0.275736
vt 0.633689 0.313094
vt 0.646948 0.307893
vt 0.658714 0.272849
vt 0.663556 0.280285
vt 0.659905 0.308342
vt 0.660688 0.338326
vt 0.658959 0.222832
vt 0.646690 0.227463
vt 0.659001 0.213613
vt 0.667066 0.251740
vt 0.668282 0.221486
vt 0.661990 0.191531
vt 0.657916 0.191137
vt 0.647088 0.220282
vt 0.638425 0.189553
vt 0.634165 0.219163
vt 0.633340 0.230863
vt 0.621763 0.249634
vt 0.603490 0.251573
vt 0.623980 0.200653
vt 0.618608 0.191273
vt 0.613922 0.160081
vt 0.624766 0.105112
vt 0.628556 0.159983
vt 0.625478 0.172552
vt 0.649725 0.152689
vt 0.661776 0.161985
vt 0.644584 0.104072
vt 0.659853 0.105768
vt 0.669158 0.133337
vt 0.664206 0.106042
vt 0.675585 0.075977
vt 0.662783 0.086520
vt 0.670191 0.048803
vt 0.654746 0.052337
vt 0.646212 0.045418
vt 0.641295 0.073394
vt 0.630458 0.047712
vt 0.628911 0.073221
vt 0.628811 0.105221
vt 0.621785 0.073025
vt 0.629413 0.045106
vt 0.614702 0.058004
vt 0.604900 0.073516
vt 0.605283 0.066687
vt 0.633324 0.345867
vt 0.628960 0.345111
vt 0.647226 0.326686
vt 0.658449 0.349241
vt 0.662921 0.346126
vt 0.633312 0.348144
vt 0.615138 0.361936
vt 0.601844 0.370686
vt 0.599788 0.370266
vt 0.605427 0.327236
vt 0.584082 0.311511
vt 0.577945 0.366473
vt 0.585218 0.290672
vt 0.585589 0.279374
vt 0.652631 0.405385
vt 0.665079 0.404419
vt 0.595317 0.034560
vt 0.685175 0.306079
vt 0.685385 0.273687
vt 0.686524 0.337361
vt 0.689491 0.106147
vt 0.688884 0.134513
vt 0.687234 0.164820
vt 0.686592 0.223254
vt 0.640009 0.405801
vt 0.640982 0.025337
vt 0.687846 0.368416
vt 0.685954 0.244079
vt 0.690654 0.076693
vt 0.690882 0.047428
vt 0.692205 0.391678
vt 0.656639 0.018820
vt 0.612460 0.413624
vt 0.673756 0.019961
vt 0.664843 0.013051
vt 0.609190 0.012208
vt 0.620461 0.011131
vt 0.686884 0.017741
vt 0.692205 0.044472
vt 0.823685 0.090739
vt 0.776284 0.064536
vt 0.825112 0.057592
vt 0.844707 0.082212
vt 0.842247 0.051347
vt 0.860665 0.039626
vt 0.874668 0.069243
vt 0.788997 0.103329
vt 0.874668 0.184773
vt 0.847941 0.180955
vt 0.815130 0.163681
vt 0.841713 0.151255
vt 0.824496 0.095013
vt 0.793584 0.107195
vt 0.762428 0.119846
vt 0.758636 0.108175
vt 0.936490 0.933258
vt 0.930434 0.896826
vt 0.917862 0.899697
vt 0.919554 0.942415
vt 0.924938 0.866228
vt 0.911035 0.899753
vt 0.908056 0.950579
vt 0.930489 0.864797
vt 0.949956 0.896925
vt 0.949956 0.861532
vt 0.945654 0.933150
vt 0.904455 0.878520
vt 0.894211 0.941361
vt 0.892383 0.898016
vt 0.969653 0.133506
vt 0.950475 0.161187
vt 0.946413 0.130454
vt 0.961119 0.161740
vt 0.987077 0.166133
vt 0.988043 0.133263
vt 0.988043 0.192941
vt 0.961693 0.193678
vt 0.985342 0.970132
vt 0.925959 0.943057
vt 0.984203 0.936415
vt 0.925155 0.972841
vt 0.990700 0.972841
vt 0.988434 0.935441
vt 0.036758 0.517658
vt 0.001845 0.504752
vt 0.036758 0.478629
vt 0.001936 0.482234
vt 0.000443 0.532947
vt 0.034783 0.532396
vt 0.967671 0.565895
vt 0.912755 0.565895
vt 0.937262 0.500000
vt 0.967499 0.507023
vt 0.696586 0.233486
vt 0.701956 0.207172
vt 0.727575 0.192070
vt 0.727451 0.216083
vt 0.727334 0.241269
vt 0.697878 0.239574
vt 0.701341 0.270695
vt 0.727129 0.289784
vt 0.698421 0.299834
vt 0.726976 0.322681
vt 0.726950 0.330822
vt 0.700157 0.329334
vt 0.702322 0.360364
vt 0.726793 0.362760
vt 0.749317 0.329958
vt 0.710749 0.175065
vt 0.717218 0.415405
vt 0.759171 0.285159
vt 0.759105 0.301847
vt 0.756631 0.265278
vt 0.757024 0.237923
vt 0.759522 0.203997
vt 0.727677 0.172889
vt 0.727843 0.136100
vt 0.740472 0.177555
vt 0.740979 0.139170
vt 0.728070 0.088897
vt 0.758926 0.103746
vt 0.725392 0.058392
vt 0.757128 0.086634
vt 0.729458 0.048392
vt 0.717976 0.117664
vt 0.759522 0.039626
vt 0.716831 0.147796
vt 0.738509 0.358984
vt 0.730723 0.393081
vt 0.726634 0.398221
vt 0.716545 0.057568
vt 0.718459 0.086104
vt 0.694404 0.117176
vt 0.693977 0.143086
vt 0.716736 0.068012
vt 0.650561 0.952250
vt 0.622362 0.948673
vt 0.622422 0.969279
vt 0.652347 0.969279
vt 0.620508 0.943079
vt 0.589674 0.957287
vt 0.589988 0.945678
vt 0.576174 0.931880
vt 0.620291 0.927427
vt 0.650584 0.940093
vt 0.934898 0.689610
vt 0.959732 0.658774
vt 0.985385 0.649599
vt 0.985385 0.704809
vt 0.605705 0.841470
vt 0.570869 0.843285
vt 0.575480 0.830844
vt 0.571027 0.854403
vt 0.605822 0.851928
vt 0.638102 0.848277
vt 0.603018 0.864473
vt 0.636197 0.848826
vt 0.572946 0.868374
vt 0.652742 0.848325
vt 0.614116 0.874889
vt 0.641358 0.872780
vt 0.688418 0.844431
vt 0.675732 0.869655
vt 0.701949 0.867282
vt 0.528681 0.833958
vt 0.528142 0.827505
vt 0.529788 0.850923
vt 0.530147 0.858849
vt 0.549700 0.819364
vt 0.527458 0.819374
vt 0.546767 0.807201
vt 0.544459 0.874889
vt 0.531569 0.807586
vt 0.545255 0.798110
vt 0.547566 0.789403
vt 0.530863 0.795209
vt 0.582261 0.790928
vt 0.323273 0.800979
vt 0.330250 0.840391
vt 0.260183 0.830978
vt 0.255859 0.839306
vt 0.303195 0.863899
vt 0.243942 0.860346
vt 0.282443 0.883412
vt 0.218335 0.911398
vt 0.313214 0.873844
vt 0.339681 0.886694
vt 0.331077 0.911398
vt 0.915033 0.342116
vt 0.898330 0.359324
vt 0.890611 0.315924
vt 0.918069 0.347978
vt 0.899191 0.371772
vt 0.918069 0.301425
vt 0.498199 0.944365
vt 0.493213 0.940193
vt 0.494339 0.940247
vt 0.553144 0.947017
vt 0.460089 0.947017
vt 0.445084 0.942129
vt 0.450612 0.946861
vt 0.536644 0.938112
vt 0.170859 0.953240
vt 0.171170 0.949663
vt 0.213020 0.960374
vt 0.211920 0.929264
vt 0.213020 0.911398
vt 0.151904 0.951400
vt 0.705492 0.465478
vt 0.656639 0.473879
vt 0.691316 0.507754
vt 0.652095 0.479995
vt 0.690515 0.462828
vt 0.551112 0.511957
vt 0.525348 0.527961
vt 0.541584 0.532926
vt 0.560848 0.514620
vt 0.532502 0.535714
vt 0.472578 0.566114
vt 0.488568 0.535361
vt 0.558598 0.504926
vt 0.591830 0.498335
vt 0.564521 0.488108
vt 0.579559 0.478819
vt 0.607823 0.478632
vt 0.449718 0.580085
vt 0.443313 0.584254
vt 0.584618 0.544378
vt 0.573650 0.582877
vt 0.612122 0.594140
vt 0.556698 0.556306
vt 0.564596 0.521065
vt 0.642224 0.519937
vt 0.592873 0.501953
vt 0.644670 0.520271
vt 0.659042 0.543596
vt 0.667959 0.494036
vt 0.624814 0.614603
vt 0.591738 0.611210
vt 0.614299 0.646175
vt 0.629447 0.622719
vt 0.624820 0.663109
vt 0.674834 0.633628
vt 0.587789 0.605049
vt 0.649410 0.569296
vt 0.697176 0.538762
vt 0.702205 0.681096
vt 0.705492 0.678589
vt 0.633928 0.692795
vt 0.625306 0.489425
vt 0.616341 0.473419
vt 0.703603 0.536314
vt 0.550003 0.563410
vt 0.566068 0.588184
vt 0.605201 0.689914
vt 0.610551 0.706590
vt 0.577842 0.606656
vt 0.571319 0.656430
vt 0.593590 0.677009
vt 0.622740 0.451915
vt 0.565310 0.659083
vt 0.222270 0.627120
vt 0.244443 0.626447
vt 0.249870 0.660613
vt 0.219234 0.660651
vt 0.307217 0.695825
vt 0.285591 0.660203
vt 0.318066 0.659986
vt 0.274804 0.713189
vt 0.246314 0.706532
vt 0.219625 0.714517
vt 0.213800 0.715494
vt 0.186267 0.666572
vt 0.155606 0.661933
vt 0.168153 0.714384
vt 0.127814 0.696717
vt 0.128453 0.662782
vt 0.123801 0.698959
vt 0.125204 0.661484
vt 0.362814 0.684168
vt 0.334868 0.706014
vt 0.094774 0.713633
vt 0.373812 0.683821
vt 0.093915 0.686134
vt 0.038530 0.704675
vt 0.063096 0.686173
vt 0.364685 0.701607
vt 0.418282 0.663571
vt 0.423461 0.695956
vt 0.433881 0.659792
vt 0.434455 0.711585
vt 0.418628 0.715494
vt 0.306452 0.700025
vt 0.723227 0.777885
vt 0.704182 0.766375
vt 0.679143 0.779755
vt 0.656165 0.780455
vt 0.721160 0.765777
vt 0.645480 0.768480
vt 0.621877 0.769341
vt 0.616145 0.792843
vt 0.585524 0.770677
vt 0.613798 0.794252
vt 0.738863 0.765361
vt 0.555802 0.772128
vt 0.755488 0.777955
vt 0.707103 0.800357
vt 0.764252 0.799979
vt 0.739816 0.813821
vt 0.770982 0.786569
vt 0.770882 0.800440
vt 0.771036 0.811183
vt 0.767653 0.823851
vt 0.764244 0.824929
vt 0.767807 0.826893
vt 0.766451 0.831591
vt 0.708024 0.828972
vt 0.708702 0.817304
vt 0.707569 0.814955
vt 0.762905 0.854408
vt 0.771036 0.854082
vt 0.707683 0.851089
vt 0.826838 0.584017
vt 0.812683 0.619119
vt 0.814213 0.577471
vt 0.826838 0.617226
vt 0.814489 0.652158
vt 0.826370 0.652171
vt 0.801151 0.614351
vt 0.803444 0.650693
vt 0.806611 0.688780
vt 0.794066 0.993321
vt 0.841010 0.993321
vt 0.824654 0.960043
vt 0.803554 0.956812
vt 0.008264 0.641585
vt 0.014343 0.610909
vt 0.022613 0.612732
vt 0.023033 0.583764
vt 0.006643 0.578894
vt 0.023472 0.553428
vt 0.008194 0.646432
vt 0.023472 0.643360
vt 0.021319 0.702137
vt 0.144818 0.808994
vt 0.137946 0.807963
vt 0.102463 0.783192
vt 0.099282 0.783170
vt 0.098580 0.804640
vt 0.068442 0.807125
vt 0.037644 0.808994
vt 0.881715 0.654942
vt 0.830499 0.629326
vt 0.881754 0.626455
vt 0.836671 0.635064
vt 0.881655 0.603721
vt 0.829287 0.622230
vt 0.850059 0.488632
vt 0.797608 0.553005
vt 0.801404 0.487533
vt 0.828258 0.555350
vt 0.830827 0.590577
vt 0.881754 0.552192
vt 0.881691 0.589515
vt 0.877876 0.487569
vt 0.936670 0.283474
vt 0.936670 0.311224
vt 0.924269 0.291349
vt 0.924395 0.329053
vt 0.925082 0.359305
vt 0.934511 0.270932
vt 0.936223 0.263888
vt 0.935065 0.239982
vt 0.931989 0.182899
vt 0.944641 0.145592
vt 0.912715 0.173810
vt 0.911869 0.176864
vt 0.920069 0.242654
vt 0.926545 0.212613
vt 0.942300 0.196340
vt 0.944641 0.219039
vt 0.038530 0.669190
vt 0.097925 0.630009
vt 0.084970 0.661262
vt 0.108503 0.669190
vt 0.588290 0.817008
vt 0.613480 0.806156
vt 0.642236 0.809321
vt 0.563673 0.805369
vt 0.554030 0.816479
vt 0.645530 0.817008
vt 0.646682 0.802011
vt 0.680691 0.808412
vt 0.679207 0.804941
vt 0.573779 0.801039
vt 0.602454 0.800979
vt 0.293623 0.108192
vt 0.300427 0.130454
vt 0.331709 0.130454
vt 0.326873 0.112367
vt 0.885939 0.814182
vt 0.880890 0.782505
vt 0.906764 0.813295
vt 0.906906 0.833397
vt 0.906527 0.872217
vt 0.886347 0.844088
vt 0.888575 0.762847
vt 0.907440 0.770564
vt 0.881915 0.747186
vt 0.907440 0.742208
vt 0.877203 0.785327
vt 0.876900 0.813968
vt 0.878826 0.762580
vt 0.870239 0.747070
vt 0.795720 0.599382
vt 0.789752 0.613583
vt 0.795653 0.555829
vt 0.795633 0.544308
vt 0.789407 0.495869
vt 0.795837 0.523132
vt 0.789675 0.554223
vt 0.789702 0.577596
vt 0.795548 0.467053
vt 0.789363 0.478930
vt 0.788751 0.642991
vt 0.795773 0.644175
vt 0.795775 0.649037
vt 0.789188 0.669429
vt 0.789843 0.704097
vt 0.795799 0.679362
vt 0.795837 0.709491
vt 0.789063 0.731523
vt 0.241146 0.471505
vt 0.270593 0.497329
vt 0.229147 0.497329
vt 0.221878 0.478675
vt 0.859055 0.939697
vt 0.856618 0.951695
vt 0.807776 0.946257
vt 0.875388 0.955922
vt 0.872376 0.942766
vt 0.806595 0.925783
vt 0.780902 0.927643
vt 0.778122 0.955922
vt 0.846063 0.921193
vt 0.872879 0.929586
vt 0.882230 0.946094
vt 0.887954 0.934094
vt 0.162072 0.649038
vt 0.112890 0.654942
vt 0.161393 0.628698
vt 0.192648 0.654942
vt 0.187128 0.627338
vt 0.109389 0.643330
vt 0.167848 0.946126
vt 0.149730 0.918522
vt 0.132418 0.946126
vt 0.915846 0.116707
vt 0.898282 0.118650
vt 0.883211 0.108162
vt 0.914904 0.110324
vt 0.918300 0.133469
vt 0.876743 0.133996
vt 0.919785 0.141249
vt 0.877283 0.146097
vt 0.872519 0.106175
vt 0.913943 0.102251
vt 0.913054 0.089810
vt 0.877562 0.095141
vt 0.868771 0.083710
vt 0.912319 0.077437
vt 0.902556 0.157473
vt 0.875692 0.146369
vt 0.855182 0.162511
vt 0.923384 0.162511
vt 0.889330 0.062778
vt 0.029672 0.564760
vt 0.038521 0.600249
vt 0.052702 0.549866
vt 0.052702 0.600623
vt 0.576336 0.921877
vt 0.578712 0.906946
vt 0.572863 0.907861
vt 0.542472 0.927427
vt 0.546031 0.915542
vt 0.603515 0.927427
vt 0.624470 0.908453
vt 0.635297 0.922236
vt 0.517512 0.908679
vt 0.511192 0.927225
vt 0.485828 0.922828
vt 0.644021 0.924706
vt 0.664748 0.926335
vt 0.382619 0.451767
vt 0.382283 0.421224
vt 0.395292 0.452208
vt 0.383202 0.489921
vt 0.396067 0.501494
vt 0.384438 0.512352
vt 0.370717 0.513357
vt 0.412456 0.521371
vt 0.369796 0.505248
vt 0.456245 0.515461
vt 0.459947 0.507891
vt 0.493672 0.517125
vt 0.496653 0.508292
vt 0.510616 0.508631
vt 0.526572 0.521371
vt 0.435350 0.370413
vt 0.467504 0.414923
vt 0.433990 0.393941
vt 0.442829 0.362968
vt 0.501452 0.393116
vt 0.499086 0.396723
vt 0.399120 0.425398
vt 0.464053 0.424127
vt 0.465172 0.454756
vt 0.398358 0.473924
vt 0.498600 0.445234
vt 0.389653 0.405766
vt 0.391873 0.378296
vt 0.438756 0.332219
vt 0.393727 0.356808
vt 0.397785 0.313777
vt 0.432374 0.302178
vt 0.398985 0.292816
vt 0.433070 0.275623
vt 0.401162 0.267955
vt 0.433503 0.270781
vt 0.430925 0.239534
vt 0.405081 0.219375
vt 0.440994 0.208077
vt 0.407539 0.186642
vt 0.428180 0.180444
vt 0.429537 0.149154
vt 0.408698 0.151463
vt 0.892383 0.618433
vt 0.892383 0.593589
vt 0.884411 0.616398
vt 0.890065 0.581923
vt 0.331132 0.328797
vt 0.330579 0.361984
vt 0.305137 0.330161
vt 0.383082 0.326797
vt 0.363424 0.300534
vt 0.329553 0.301980
vt 0.383082 0.365539
vt 0.249329 0.557881
vt 0.267003 0.540962
vt 0.299823 0.557881
vt 0.204163 0.544464
vt 0.233230 0.557122
vt 0.516202 0.874270
vt 0.507086 0.843726
vt 0.525686 0.811665
vt 0.511693 0.884645
vt 0.525686 0.887355
vt 0.403379 0.554748
vt 0.444037 0.557175
vt 0.408006 0.572934
vt 0.444965 0.579252
vt 0.409555 0.579252
vt 0.378654 0.561507
vt 0.468999 0.538206
vt 0.410729 0.539695
vt 0.434436 0.533838
vt 0.514795 0.648709
vt 0.496017 0.664737
vt 0.548716 0.664737
vt 0.480514 0.662030
vt 0.794066 0.793607
vt 0.779008 0.790906
vt 0.794066 0.743099
vt 0.783950 0.796527
vt 0.874637 0.188757
vt 0.854499 0.207925
vt 0.825066 0.194901
vt 0.881754 0.207925
vt 0.857374 0.184773
vt 0.199734 0.468833
vt 0.199734 0.439563
vt 0.178477 0.449827
vt 0.179207 0.411843
vt 0.115364 0.024015
vt 0.113818 0.060107
vt 0.135961 0.060107
vt 0.121752 0.022707
vt 0.710173 0.979472
vt 0.699323 0.992431
vt 0.734818 0.980964
vt 0.768379 0.992431
vt 0.699291 0.974622
vt 0.453384 0.177960
vt 0.441092 0.139908
vt 0.430027 0.164544
vt 0.440158 0.179433
vt 0.470898 0.205272
vt 0.460902 0.214465
vt 0.488955 0.234251
vt 0.479484 0.240308
vt 0.469876 0.244689
vt 0.504429 0.284506
vt 0.448914 0.216015
vt 0.486337 0.206683
vt 0.474711 0.187213
vt 0.444108 0.138897
vt 0.462417 0.126751
vt 0.475544 0.164680
vt 0.485578 0.151625
vt 0.475023 0.118642
vt 0.494564 0.146415
vt 0.482759 0.127576
vt 0.504429 0.139281
vt 0.490983 0.108192
vt 0.499202 0.224812
vt 0.751465 0.891271
vt 0.723206 0.891059
vt 0.785965 0.866874
vt 0.755017 0.906946
vt 0.783565 0.906682
vt 0.818642 0.870128
vt 0.790433 0.906754
vt 0.855543 0.906946
vt 0.857941 0.887307
vt 0.893268 0.871323
vt 0.885060 0.898447
vt 0.312102 0.726180
vt 0.248450 0.726180
vt 0.307432 0.714604
vt 0.329052 0.720223
vt 0.255536 0.361977
vt 0.286537 0.361977
vt 0.255958 0.339715
vt 0.425289 0.864689
vt 0.369796 0.876670
vt 0.427228 0.876670
vt 0.394853 0.864540
vt 0.453839 0.857494
vt 0.391389 0.854408
vt 0.394483 0.861381
vt 0.449044 0.854919
vt 0.457485 0.854634
vt 0.958874 0.340437
vt 0.958435 0.332519
vt 0.951154 0.332003
vt 0.953149 0.362303
vt 0.944641 0.303257
vt 0.965013 0.296972
vt 0.965013 0.394924
vt 0.290740 0.274534
vt 0.295460 0.298408
vt 0.263723 0.280742
vt 0.287651 0.272502
vt 0.292418 0.272320
vt 0.325510 0.266492
vt 0.320672 0.273777
vt 0.352047 0.273373
vt 0.353716 0.266015
vt 0.393877 0.272032
vt 0.380399 0.275040
vt 0.321072 0.298544
vt 0.231933 0.289792
vt 0.259530 0.270743
vt 0.049086 0.267353
vt 0.025789 0.274110
vt 0.021024 0.268245
vt 0.015932 0.275476
vt 0.078630 0.267161
vt 0.080266 0.289241
vt 0.110983 0.291428
vt 0.108739 0.269989
vt 0.140164 0.293236
vt 0.141065 0.267016
vt 0.167548 0.271462
vt 0.169032 0.290307
vt 0.198231 0.266814
vt 0.199857 0.293870
vt 0.228763 0.266621
vt 0.205883 0.295155
vt 0.040352 0.299644
vt 0.012843 0.299493
vt 0.256348 0.298728
vt 0.263586 0.298407
vt 0.261346 0.250797
vt 0.180901 0.299476
vt 0.101197 0.299587
vt 0.081747 0.299451
vt 0.204199 0.299644
vt 0.299396 0.250078
vt 0.262226 0.198785
vt 0.294824 0.197518
vt 0.334515 0.232060
vt 0.348663 0.208771
vt 0.351497 0.233878
vt 0.359002 0.197506
vt 0.320960 0.173858
vt 0.398140 0.231349
vt 0.380139 0.199540
vt 0.368134 0.162807
vt 0.138789 0.299617
vt 0.157015 0.299373
vt 0.051169 0.165177
vt 0.051068 0.229020
vt 0.020671 0.199274
vt 0.047888 0.260431
vt 0.019546 0.233471
vt 0.290466 0.168877
vt 0.345075 0.161503
vt 0.177489 0.156782
vt 0.171151 0.175605
vt 0.142533 0.164772
vt 0.111467 0.171441
vt 0.112433 0.160135
vt 0.117058 0.199418
vt 0.094780 0.163796
vt 0.171853 0.198756
vt 0.154763 0.232023
vt 0.150967 0.198622
vt 0.098811 0.198362
vt 0.107472 0.157914
vt 0.117416 0.149029
vt 0.106671 0.152171
vt 0.081158 0.143195
vt 0.161961 0.128837
vt 0.171414 0.137918
vt 0.150647 0.157713
vt 0.221811 0.128759
vt 0.200863 0.157480
vt 0.231059 0.161561
vt 0.231104 0.128917
vt 0.264873 0.128468
vt 0.266041 0.157130
vt 0.289923 0.135242
vt 0.291860 0.162116
vt 0.263005 0.172714
vt 0.292097 0.105354
vt 0.265066 0.113625
vt 0.231529 0.125330
vt 0.201237 0.099720
vt 0.170757 0.094890
vt 0.141756 0.101792
vt 0.111682 0.114972
vt 0.088218 0.127928
vt 0.107099 0.085040
vt 0.136095 0.087309
vt 0.075850 0.115176
vt 0.051050 0.105270
vt 0.035172 0.130614
vt 0.019502 0.137737
vt 0.020136 0.122109
vt 0.022351 0.085796
vt 0.048819 0.094661
vt 0.081407 0.159840
vt 0.043935 0.159306
vt 0.080408 0.163495
vt 0.080357 0.221521
vt 0.081665 0.252657
vt 0.110412 0.241865
vt 0.138238 0.232067
vt 0.203807 0.180452
vt 0.203517 0.198627
vt 0.201526 0.234203
vt 0.174444 0.234593
vt 0.235120 0.231727
vt 0.235846 0.197769
vt 0.231578 0.172081
vt 0.016147 0.160639
vt 0.468065 0.874101
vt 0.490257 0.888246
vt 0.466448 0.873998
vt 0.442427 0.888246
vt 0.134091 0.537400
vt 0.132418 0.515138
vt 0.164305 0.537400
vt 0.155974 0.516084
vt 0.569943 0.265900
vt 0.570663 0.296436
vt 0.580125 0.260978
vt 0.581488 0.299359
vt 0.572161 0.354853
vt 0.579979 0.251449
vt 0.569712 0.257933
vt 0.569088 0.247302
vt 0.581488 0.244435
vt 0.573358 0.354075
vt 0.471992 0.596102
vt 0.505247 0.589029
vt 0.484064 0.575288
vt 0.505329 0.582205
vt 0.502346 0.601595
vt 0.547650 0.590721
vt 0.555802 0.579231
vt 0.538491 0.607648
vt 0.470549 0.601650
vt 0.467228 0.621104
vt 0.502365 0.621104
vt 0.503468 0.563223
vt 0.546493 0.565051
vt 0.640833 0.840160
vt 0.698406 0.840160
vt 0.666156 0.829475
vt 0.695093 0.832657
vt 0.193239 0.086081
vt 0.226132 0.087419
vt 0.189567 0.093406
vt 0.227981 0.097061
vt 0.272300 0.089496
vt 0.334446 0.092134
vt 0.327434 0.102850
vt 0.271797 0.096589
vt 0.273566 0.070485
vt 0.232454 0.069127
vt 0.237550 0.088042
vt 0.318271 0.072288
vt 0.342946 0.092462
vt 0.341027 0.073206
vt 0.241196 0.097502
vt 0.198137 0.068213
vt 0.191602 0.068291
vt 0.138075 0.083977
vt 0.375817 0.077343
vt 0.378283 0.055850
vt 0.428025 0.070165
vt 0.441810 0.084804
vt 0.484017 0.071767
vt 0.413983 0.055555
vt 0.454639 0.046468
vt 0.417551 0.035593
vt 0.453628 0.043076
vt 0.452954 0.018848
vt 0.450491 0.018365
vt 0.505539 0.034524
vt 0.449643 0.084757
vt 0.483378 0.101605
vt 0.379436 0.042157
vt 0.380461 0.022620
vt 0.380084 0.027831
vt 0.269565 0.054765
vt 0.306959 0.055868
vt 0.371218 0.037518
vt 0.503829 0.059584
vt 0.371977 0.051086
vt 0.343760 0.059293
vt 0.369503 0.027109
vt 0.138249 0.061302
vt 0.105902 0.083791
vt 0.098170 0.064801
vt 0.083049 0.083604
vt 0.096988 0.063950
vt 0.067339 0.063615
vt 0.063572 0.083499
vt 0.060441 0.059230
vt 0.094927 0.053816
vt 0.096859 0.039428
vt 0.040118 0.043181
vt 0.095218 0.035475
vt 0.039450 0.039802
vt 0.037186 0.039869
vt 0.037328 0.038509
vt 0.053237 0.028565
vt 0.028308 0.028619
vt 0.090206 0.028102
vt 0.015723 0.051335
vt 0.112671 0.035198
vt 0.105639 0.027919
vt 0.109418 0.017305
vt 0.083264 0.017786
vt 0.109891 0.044709
vt 0.104855 0.050376
vt 0.020535 0.072640
vt 0.019648 0.061738
vt 0.036509 0.008879
vt 0.059884 0.007933
vt 0.437364 0.098582
vt 0.375361 0.094667
vt 0.503142 0.074566
vt 0.502742 0.087245
vt 0.487118 0.002733
vt 0.451149 0.005009
vt 0.387822 0.000445
vt 0.517715 0.102850
vt 0.505575 0.019568
vt 0.368156 0.013404
vt 0.002544 0.031810
vt 0.002279 0.029379
vt 0.171419 0.058087
vt 0.226131 0.053655
vt 0.000443 0.010784
vt 0.503532 0.001473
vt 0.997786 0.402939
vt 0.982728 0.411384
vt 0.997786 0.443900
vt 0.984551 0.432480
vt 0.172276 0.311587
vt 0.202391 0.302315
vt 0.199930 0.304709
vt 0.202391 0.325467
vt 0.594774 0.063669
vt 0.577945 0.090793
vt 0.582504 0.118878
vt 0.594774 0.103445
vt 0.268704 0.793856
vt 0.290965 0.810775
vt 0.254927 0.810775
vt 0.250221 0.805318
vt 0.009495 0.686999
vt 0.007529 0.716385
vt 0.027901 0.716385
vt 0.016386 0.798308
vt 0.006643 0.830365
vt 0.006893 0.798579
vt 0.016386 0.828102
vt 0.938200 0.407116
vt 0.937041 0.463491
vt 0.948184 0.405043
vt 0.948184 0.440587
vt 0.925932 0.420116
vt 0.924384 0.437883
vt 0.903897 0.404122
vt 0.928399 0.369517
vt 0.910927 0.443040
vt 0.914204 0.369101
vt 0.891086 0.029831
vt 0.894350 0.008451
vt 0.917183 0.029190
vt 0.896321 0.008387
vt 0.831598 0.003117
vt 0.823957 0.022860
vt 0.824731 0.004501
vt 0.789637 0.029831
vt 0.263508 0.044273
vt 0.242366 0.022642
vt 0.237048 0.044969
vt 0.240367 0.022706
vt 0.168986 0.037449
vt 0.176749 0.017364
vt 0.134190 0.044969
vt 0.765722 0.397596
vt 0.761382 0.432782
vt 0.748007 0.451490
vt 0.765722 0.467943
vt 0.796723 0.577011
vt 0.811780 0.568566
vt 0.798544 0.598108
vt 0.811780 0.609528
vt 0.472542 0.361977
vt 0.467075 0.358806
vt 0.440655 0.361977
vt 0.461674 0.346839
vt 0.545206 0.614755
vt 0.542516 0.630899
vt 0.570859 0.630269
vt 0.570859 0.607178
vt 0.556754 0.596171
vt 0.545971 0.604200
vt 0.852524 0.043188
vt 0.831661 0.034283
vt 0.801151 0.043188
vt 0.907469 0.042297
vt 0.908326 0.054764
vt 0.874668 0.054764
vt 0.877464 0.049364
vt 0.572148 0.891808
vt 0.528344 0.898431
vt 0.560123 0.903384
vt 0.588328 0.903384
vt 0.631975 0.900696
vt 0.216563 0.067231
vt 0.269708 0.067231
vt 0.218334 0.062917
vt 0.244959 0.057435
vt 0.851099 0.111767
vt 0.864039 0.108277
vt 0.850847 0.098034
vt 0.863914 0.079697
vt 0.838538 0.097732
vt 0.838353 0.117690
vt 0.864039 0.124221
vt 0.850641 0.122288
vt 0.801730 0.764687
vt 0.807023 0.795367
vt 0.800266 0.819242
vt 0.834737 0.769731
vt 0.836079 0.794194
vt 0.835712 0.828224
vt 0.808135 0.735300
vt 0.834623 0.761211
vt 0.820803 0.704727
vt 0.865861 0.704724
vt 0.834667 0.675423
vt 0.869353 0.824398
vt 0.864161 0.743338
vt 0.863710 0.770442
vt 0.864798 0.794011
vt 0.822394 0.859751
vt 0.865719 0.859751
vt 0.832184 0.825336
vt 0.006643 0.899711
vt 0.023906 0.879038
vt 0.006797 0.889015
vt 0.024358 0.889440
vt 0.024358 0.903043
vt 0.010511 0.914960
vt 0.008780 0.867871
vt 0.023622 0.865517
vt 0.007480 0.859751
vt 0.003986 0.397649
vt 0.008269 0.369333
vt 0.009361 0.396105
vt 0.017272 0.365564
vt 0.012645 0.335263
vt 0.017272 0.453695
vt 0.226047 0.836598
vt 0.198766 0.835572
vt 0.199912 0.824185
vt 0.241478 0.822785
vt 0.191975 0.818238
vt 0.157602 0.824142
vt 0.157468 0.823726
vt 0.156484 0.824077
vt 0.151792 0.823941
vt 0.108307 0.827010
vt 0.093512 0.825692
vt 0.055953 0.830277
vt 0.072090 0.826969
vt 0.050044 0.830460
vt 0.079531 0.809602
vt 0.116150 0.810786
vt 0.267936 0.822396
vt 0.225990 0.818780
vt 0.260522 0.817692
vt 0.061457 0.836598
vt 0.157192 0.788513
vt 0.150808 0.795599
vt 0.657904 0.969279
vt 0.657662 0.948072
vt 0.672719 0.947017
vt 0.672535 0.969279
vt 0.778082 0.200077
vt 0.799260 0.190068
vt 0.784377 0.182720
vt 0.797041 0.180103
vt 0.764436 0.203084
vt 0.760237 0.183767
vt 0.806927 0.174087
vt 0.812985 0.192750
vt 0.810619 0.174267
vt 0.825066 0.180832
vt 0.801832 0.308649
vt 0.809924 0.305662
vt 0.793035 0.279145
vt 0.820441 0.335712
vt 0.805033 0.338696
vt 0.799163 0.338024
vt 0.789902 0.311152
vt 0.772822 0.312880
vt 0.778923 0.342172
vt 0.808705 0.369098
vt 0.797374 0.371777
vt 0.825066 0.379803
vt 0.788779 0.255775
vt 0.807790 0.245040
vt 0.782704 0.220701
vt 0.799895 0.218349
vt 0.810708 0.244642
vt 0.814399 0.215341
vt 0.816649 0.273580
vt 0.806414 0.277060
vt 0.823503 0.312689
vt 0.768913 0.224733
vt 0.755979 0.331691
vt 0.760558 0.355308
vt 0.786224 0.371195
vt 0.765345 0.378175
vt 0.775031 0.429732
vt 0.796457 0.428818
vt 0.807984 0.453695
vt 0.776423 0.436907
vt 0.439770 0.999555
vt 0.439344 0.975512
vt 0.426484 0.999555
vt 0.647189 0.982078
vt 0.628208 0.973731
vt 0.658459 0.976440
vt 0.693977 0.987088
vt 0.619575 0.987088
vt 0.244021 0.010901
vt 0.209189 0.008459
vt 0.237400 0.018255
vt 0.206820 0.018255
vt 0.582374 0.889136
vt 0.616918 0.889136
vt 0.603823 0.881122
vt 0.507086 0.785842
vt 0.536664 0.778718
vt 0.544817 0.785842
vt 0.564659 0.784610
vt 0.251929 0.569683
vt 0.228078 0.572417
vt 0.240904 0.580142
vt 0.270108 0.567505
vt 0.269400 0.573969
vt 0.307629 0.563137
vt 0.327079 0.561076
vt 0.329684 0.571224
vt 0.368360 0.556100
vt 0.298762 0.572468
vt 0.385740 0.580142
vt 0.449513 0.531166
vt 0.405433 0.526714
vt 0.392826 0.531166
vt 0.948184 0.194805
vt 0.948281 0.225598
vt 0.949884 0.204321
vt 0.952613 0.176759
vt 0.948188 0.186770
vt 0.952613 0.232060
vt 0.949226 0.284506
vt 0.286537 0.586376
vt 0.296561 0.581923
vt 0.345522 0.586376
vt 0.345881 0.586008
vt 0.261736 0.998892
vt 0.220992 0.999555
vt 0.229060 0.994212
vt 0.250731 0.999555
vt 0.938107 0.648709
vt 0.924269 0.659395
vt 0.942870 0.659395
vt 0.286537 0.711042
vt 0.324624 0.711042
vt 0.309632 0.705699
vt 0.404348 0.922974
vt 0.369150 0.914407
vt 0.372939 0.920263
vt 0.409201 0.888672
vt 0.464466 0.890185
vt 0.468300 0.922974
vt 0.502657 0.888922
vt 0.408305 0.887600
vt 0.364868 0.892577
vt 0.336138 0.907028
vt 0.426188 0.885574
vt 0.230735 0.720837
vt 0.268822 0.720837
vt 0.248119 0.716385
vt 0.865810 0.914960
vt 0.831958 0.910508
vt 0.829495 0.914960
vt 0.120903 0.789403
vt 0.132418 0.787736
vt 0.132418 0.774265
vt 0.125494 0.777403
vt 0.959699 0.247106
vt 0.959269 0.228406
vt 0.955270 0.247106
vt 0.391940 0.936637
vt 0.405551 0.934963
vt 0.424791 0.937222
vt 0.450027 0.932769
vt 0.482361 0.937222
vt 0.477872 0.936244
vt 0.516829 0.937173
vt 0.515485 0.935597
vt 0.512164 0.147868
vt 0.504416 0.146333
vt 0.512141 0.162841
vt 0.532466 0.181217
vt 0.559956 0.165884
vt 0.523219 0.117856
vt 0.558990 0.132053
vt 0.525449 0.114725
vt 0.554007 0.123725
vt 0.577059 0.062663
vt 0.546324 0.059216
vt 0.511914 0.109212
vt 0.497716 0.110146
vt 0.510489 0.146345
vt 0.493800 0.106238
vt 0.542881 0.231094
vt 0.519995 0.363280
vt 0.524543 0.326233
vt 0.506063 0.299571
vt 0.536920 0.279956
vt 0.512718 0.268174
vt 0.539803 0.237489
vt 0.533266 0.231268
vt 0.557948 0.263950
vt 0.550730 0.257903
vt 0.546689 0.269780
vt 0.554924 0.274437
vt 0.551586 0.287332
vt 0.560918 0.230780
vt 0.573568 0.178481
vt 0.576048 0.168487
vt 0.531089 0.192214
vt 0.543586 0.307086
vt 0.536534 0.334234
vt 0.516432 0.385212
vt 0.528344 0.382272
vt 0.525359 0.411492
vt 0.514691 0.399374
vt 0.527074 0.437366
vt 0.511162 0.437699
vt 0.500016 0.504452
vt 0.577059 0.184863
vt 0.532762 0.372090
vt 0.364482 0.516919
vt 0.360053 0.504279
vt 0.364482 0.489314
vt 0.863120 0.131345
vt 0.848981 0.135000
vt 0.872896 0.136687
vt 0.849879 0.136687
vt 0.111160 0.995102
vt 0.107308 0.992431
vt 0.067759 0.995102
vt 0.627546 0.581033
vt 0.627546 0.613980
vt 0.624889 0.586636
vt 0.336138 0.543633
vt 0.365368 0.543633
vt 0.357013 0.540962
vt 0.918069 0.667263
vt 0.921612 0.662066
vt 0.921612 0.691451
vt 0.316104 0.003151
vt 0.327342 0.003117
vt 0.351196 0.004898
vt 0.302480 0.004898
vt 0.934346 0.986198
vt 0.927812 0.987088
vt 0.990700 0.987088
vt 0.187334 0.963045
vt 0.180120 0.961264
vt 0.152790 0.963045
vt 0.693977 0.296972
vt 0.688663 0.324928
vt 0.692807 0.300622
vt 0.690107 0.326325
vt 0.693977 0.357524
vt 0.262622 0.304987
vt 0.255438 0.303206
vt 0.232507 0.304987
vt 0.727635 0.415405
vt 0.747121 0.415405
vt 0.737971 0.413624
vt 0.708149 0.581033
vt 0.707791 0.529084
vt 0.708149 0.524933
vt 0.704606 0.538233
vt 0.367651 0.392174
vt 0.340328 0.394144
vt 0.378654 0.391818
vt 0.224099 0.368776
vt 0.191157 0.374781
vt 0.227218 0.401562
vt 0.250688 0.325850
vt 0.233828 0.321529
vt 0.249219 0.334557
vt 0.293543 0.337487
vt 0.279365 0.309387
vt 0.210238 0.335130
vt 0.227049 0.335287
vt 0.216804 0.324559
vt 0.187660 0.332597
vt 0.186694 0.339135
vt 0.160498 0.370221
vt 0.163105 0.395483
vt 0.133360 0.371151
vt 0.146523 0.396497
vt 0.130111 0.369865
vt 0.093644 0.369854
vt 0.098974 0.394627
vt 0.127880 0.364700
vt 0.098133 0.301252
vt 0.127514 0.300742
vt 0.157269 0.343143
vt 0.149301 0.300534
vt 0.064216 0.368330
vt 0.068185 0.394717
vt 0.065465 0.301337
vt 0.070161 0.402062
vt 0.107966 0.395781
vt 0.099508 0.404024
vt 0.191084 0.401008
vt 0.250921 0.396510
vt 0.254733 0.368657
vt 0.280854 0.393470
vt 0.290460 0.368153
vt 0.311752 0.398768
vt 0.322953 0.367910
vt 0.311083 0.344094
vt 0.311227 0.406793
vt 0.344083 0.405976
vt 0.372585 0.397603
vt 0.371450 0.404693
vt 0.359541 0.437952
vt 0.373278 0.436250
vt 0.371061 0.471414
vt 0.340674 0.474055
vt 0.331345 0.471101
vt 0.311253 0.440462
vt 0.312450 0.505802
vt 0.333763 0.530338
vt 0.365073 0.530038
vt 0.301367 0.530647
vt 0.289144 0.506339
vt 0.271765 0.531166
vt 0.251052 0.506583
vt 0.222075 0.516124
vt 0.250992 0.531129
vt 0.195838 0.518033
vt 0.281259 0.499278
vt 0.307503 0.438314
vt 0.285892 0.402650
vt 0.254706 0.402803
vt 0.252149 0.460486
vt 0.221007 0.408780
vt 0.231057 0.471858
vt 0.210035 0.472044
vt 0.193850 0.403495
vt 0.162223 0.409087
vt 0.153498 0.406697
vt 0.124544 0.404140
vt 0.159969 0.471200
vt 0.187811 0.472234
vt 0.160935 0.505133
vt 0.175504 0.506902
vt 0.214020 0.506415
vt 0.102504 0.450603
vt 0.104330 0.500476
vt 0.073395 0.503606
vt 0.098378 0.450663
vt 0.100937 0.531166
vt 0.128903 0.516201
vt 0.099817 0.410085
vt 0.070047 0.405228
vt 0.229198 0.307658
vt 0.217449 0.308549
vt 0.262622 0.308549
vt 0.013215 0.795496
vt 0.041409 0.787622
vt 0.017211 0.794591
vt 0.035395 0.795704
vt 0.003986 0.797387
vt 0.060673 0.797418
vt 0.037326 0.797418
vt 0.492849 0.499110
vt 0.499114 0.502232
vt 0.498843 0.502671
vt 0.484942 0.502671
vt 0.959699 0.575822
vt 0.926278 0.645813
vt 0.959699 0.647818
vt 0.929496 0.575690
vt 0.911869 0.603760
vt 0.917772 0.642137
vt 0.194420 0.926030
vt 0.184552 0.893069
vt 0.164091 0.930988
vt 0.135331 0.874895
vt 0.128426 0.845732
vt 0.087245 0.879592
vt 0.097911 0.907766
vt 0.132177 0.837637
vt 0.148652 0.860980
vt 0.194420 0.835295
vt 0.187467 0.891014
vt 0.153533 0.837201
vt 0.153929 0.829475
vt 0.105236 0.832972
vt 0.848324 0.455316
vt 0.894154 0.475067
vt 0.831749 0.471463
vt 0.800266 0.475067
vt 0.842400 0.445012
vt 0.861867 0.437667
vt 0.486714 0.989760
vt 0.456846 0.989760
vt 0.447741 0.968388
vt 0.471752 0.968733
vt 0.058016 0.287177
vt 0.058016 0.335263
vt 0.053587 0.326479
vt 0.783505 0.567687
vt 0.771711 0.626101
vt 0.785208 0.610826
vt 0.771764 0.593955
vt 0.760137 0.577241
vt 0.760087 0.622662
vt 0.759686 0.653570
vt 0.774659 0.656206
vt 0.771039 0.563870
vt 0.772223 0.659978
vt 0.759925 0.666373
vt 0.752399 0.684716
vt 0.782885 0.715651
vt 0.784069 0.631732
vt 0.771901 0.715506
vt 0.759882 0.711611
vt 0.740741 0.659251
vt 0.746285 0.687067
vt 0.723265 0.687252
vt 0.729837 0.657195
vt 0.734605 0.636611
vt 0.746315 0.627382
vt 0.736865 0.729965
vt 0.721819 0.672650
vt 0.722255 0.636685
vt 0.721851 0.624177
vt 0.698406 0.625345
vt 0.721575 0.568690
vt 0.733516 0.592107
vt 0.726103 0.565757
vt 0.739103 0.596588
vt 0.734904 0.565234
vt 0.752815 0.565630
vt 0.747289 0.588917
vt 0.747648 0.514850
vt 0.733752 0.532015
vt 0.745407 0.502849
vt 0.749546 0.506254
vt 0.770163 0.500418
vt 0.768929 0.526306
vt 0.732676 0.487657
vt 0.746097 0.623043
vt 0.760065 0.745044
vt 0.746456 0.748089
vt 0.760251 0.772728
vt 0.772537 0.774506
vt 0.747545 0.475402
vt 0.780981 0.506052
vt 0.770860 0.526372
vt 0.784609 0.656576
vt 0.783179 0.546120
vt 0.783139 0.518522
vt 0.745188 0.476519
vt 0.755587 0.655719
vt 0.731429 0.533537
vt 0.709060 0.503708
vt 0.709143 0.526491
vt 0.766174 0.565326
vt 0.785018 0.704986
vt 0.759234 0.476173
vt 0.781485 0.475271
vt 0.723714 0.624663
vt 0.720257 0.566337
vt 0.758782 0.624344
vt 0.772619 0.724054
vt 0.781655 0.775156
vt 0.778879 0.744715
vt 0.785208 0.737552
vt 0.730482 0.476600
vt 0.708417 0.459871
vt 0.744417 0.443900
vt 0.596062 0.725626
vt 0.583260 0.727070
vt 0.602884 0.698575
vt 0.618689 0.727070
vt 0.253764 0.987734
vt 0.251107 0.992431
vt 0.214972 0.981745
vt 0.204235 0.992431
vt 0.185562 0.986484
vt 0.980957 0.789415
vt 0.992351 0.776191
vt 0.996900 0.763580
vt 0.996900 0.823241
vt 0.460107 0.712630
vt 0.463015 0.705576
vt 0.470443 0.709430
vt 0.447566 0.702144
vt 0.494001 0.722677
vt 0.471339 0.735520
vt 0.517914 0.727759
vt 0.506976 0.750797
vt 0.530990 0.731444
vt 0.557295 0.746978
vt 0.473919 0.747856
vt 0.449445 0.745152
vt 0.450718 0.746534
vt 0.438021 0.753475
vt 0.494972 0.761175
vt 0.493635 0.751066
vt 0.556379 0.757083
vt 0.490270 0.760775
vt 0.469154 0.755759
vt 0.451314 0.710096
vt 0.428580 0.755386
vt 0.445681 0.690825
vt 0.432865 0.726202
vt 0.461000 0.694555
vt 0.516203 0.716071
vt 0.583260 0.757669
vt 0.499286 0.766079
vt 0.543320 0.772484
vt 0.510532 0.709114
vt 0.510146 0.700769
vt 0.564832 0.718244
vt 0.565874 0.706683
vt 0.572060 0.717379
vt 0.573383 0.706669
vt 0.573188 0.692963
vt 0.566751 0.692973
vt 0.579503 0.671402
vt 0.536893 0.667920
vt 0.532762 0.690000
vt 0.564679 0.719961
vt 0.572856 0.732042
vt 0.517624 0.670550
vt 0.470749 0.672694
vt 0.465935 0.684836
vt 0.573025 0.730128
vt 0.465150 0.696163
vt 0.571790 0.765045
vt 0.464997 0.677647
vt 0.446154 0.660285
vt 0.453880 0.683860
vt 0.461118 0.763090
vt 0.426618 0.755833
vt 0.391583 0.749894
vt 0.385306 0.765714
vt 0.356232 0.745088
vt 0.355440 0.763059
vt 0.320863 0.739282
vt 0.352761 0.743211
vt 0.348242 0.762542
vt 0.439157 0.772484
vt 0.280678 0.752259
vt 0.285287 0.732426
vt 0.249336 0.744635
vt 0.319398 0.735519
vt 0.282363 0.729801
vt 0.261999 0.729395
vt 0.318419 0.731776
vt 0.326798 0.725894
vt 0.338628 0.734048
vt 0.398751 0.750655
vt 0.410053 0.731463
vt 0.417945 0.743587
vt 0.374545 0.729440
vt 0.999557 0.839706
vt 0.999557 0.822351
vt 0.996140 0.829192
vt 0.994243 0.840160
vt 0.361863 0.874889
vt 0.368025 0.890917
vt 0.347653 0.890917
vt 0.351560 0.606504
vt 0.372165 0.596408
vt 0.388981 0.595264
vt 0.407940 0.601213
vt 0.443277 0.588208
vt 0.451284 0.604985
vt 0.316775 0.591309
vt 0.349631 0.610691
vt 0.344939 0.606453
vt 0.310621 0.606533
vt 0.305621 0.591341
vt 0.319589 0.610779
vt 0.329840 0.624432
vt 0.374410 0.624258
vt 0.402432 0.624215
vt 0.281300 0.612480
vt 0.265590 0.612024
vt 0.272214 0.625274
vt 0.271222 0.606751
vt 0.242237 0.611213
vt 0.228914 0.607098
vt 0.240146 0.591871
vt 0.205403 0.593874
vt 0.207304 0.607256
vt 0.275481 0.591941
vt 0.192494 0.613058
vt 0.281424 0.624743
vt 0.222948 0.625476
vt 0.195562 0.625179
vt 0.174914 0.613135
vt 0.168001 0.625605
vt 0.140553 0.606526
vt 0.172147 0.600058
vt 0.122298 0.600312
vt 0.073831 0.602031
vt 0.073716 0.589616
vt 0.069957 0.598940
vt 0.061013 0.607070
vt 0.045616 0.627555
vt 0.108237 0.620348
vt 0.067399 0.638023
vt 0.063745 0.575218
vt 0.140359 0.581852
vt 0.171897 0.587826
vt 0.108621 0.573816
vt 0.172367 0.574692
vt 0.177832 0.563557
vt 0.123425 0.561962
vt 0.172207 0.562427
vt 0.177884 0.553098
vt 0.171538 0.550486
vt 0.108498 0.540567
vt 0.084487 0.558143
vt 0.082317 0.549979
vt 0.067632 0.550042
vt 0.074853 0.537915
vt 0.069162 0.553481
vt 0.185437 0.536731
vt 0.183532 0.584104
vt 0.134589 0.622970
vt 0.096664 0.575627
vt 0.277325 0.638023
vt 0.280407 0.636853
vt 0.109236 0.535619
vt 0.059594 0.536296
vt 0.095230 0.574529
vt 0.116868 0.622374
vt 0.062661 0.562621
vt 0.837751 0.954141
vt 0.861597 0.955459
vt 0.835695 0.966607
vt 0.857468 0.964668
vt 0.870239 0.966607
vt 0.999557 0.329029
vt 0.965899 0.321139
vt 0.999557 0.283615
vt 0.968759 0.284724
vt 0.168998 0.966613
vt 0.134190 0.999555
vt 0.182905 0.999555
vt 0.135897 0.965717
vt 0.493584 0.288352
vt 0.497343 0.306244
vt 0.438314 0.310711
vt 0.436227 0.299805
vt 0.497343 0.355744
vt 0.471671 0.349331
vt 0.446001 0.251558
vt 0.484601 0.268431
vt 0.463685 0.495548
vt 0.494686 0.495548
vt 0.470343 0.454586
vt 0.486391 0.464778
vt 0.168733 0.530276
vt 0.195306 0.530276
vt 0.194961 0.520481
vt 0.172827 0.520481
vt 0.049930 0.916229
vt 0.023415 0.851438
vt 0.050892 0.852923
vt 0.069726 0.918522
vt 0.084588 0.912940
vt 0.084588 0.852240
vt 0.022586 0.824132
vt 0.051498 0.840620
vt 0.034455 0.534728
vt 0.008415 0.548086
vt 0.043844 0.548086
vt 0.036407 0.534930
vt 0.897265 0.546533
vt 0.900368 0.504691
vt 0.904538 0.509142
vt 0.911869 0.571612
vt 0.911822 0.573577
vt 0.899870 0.581923
vt 0.890874 0.574007
vt 0.885129 0.539684
vt 0.901943 0.486859
vt 0.911869 0.462935
vt 0.906174 0.502288
vt 0.897995 0.452805
vt 0.881754 0.502822
vt 0.481342 0.954698
vt 0.487178 0.967498
vt 0.445255 0.967318
vt 0.515058 0.963219
vt 0.427369 0.967498
vt 0.444716 0.947907
vt 0.669829 0.006679
vt 0.663605 0.004007
vt 0.657662 0.006679
vt 0.670062 0.004685
vt 0.300709 0.791252
vt 0.285796 0.773375
vt 0.296445 0.778240
vt 0.283880 0.790165
vt 0.300709 0.809884
vt 0.985385 0.561443
vt 0.985385 0.575690
vt 0.983614 0.572835
vt 0.043622 0.711932
vt 0.041504 0.714033
vt 0.050044 0.722618
vt 0.014615 0.722618
vt 0.004872 0.682954
vt 0.010186 0.672752
vt 0.010186 0.686109
vt 0.011957 0.841941
vt 0.011957 0.855298
vt 0.003986 0.854149
vt 0.197963 0.044587
vt 0.193703 0.052093
vt 0.186342 0.043188
vt 0.181134 0.052093
vt 0.273251 0.186554
vt 0.307586 0.176236
vt 0.312223 0.186554
vt 0.276595 0.175868
vt 0.997511 0.507199
vt 0.998671 0.508014
vt 0.998671 0.449243
vt 0.988043 0.452403
vt 0.189991 0.015583
vt 0.130647 0.008639
vt 0.183763 0.004898
vt 0.130850 0.015583
vt 0.698406 0.013802
vt 0.694845 0.004551
vt 0.683348 0.004007
vt 0.685174 0.013802
vt 0.356396 0.789403
vt 0.323195 0.791258
vt 0.359167 0.799199
vt 0.320195 0.799199
vt 0.363135 0.768923
vt 0.360053 0.776937
vt 0.385740 0.776937
vt 0.663769 0.459038
vt 0.640833 0.465272
vt 0.670062 0.465272
vt 0.682462 0.819506
vt 0.685673 0.793856
vt 0.693091 0.800664
vt 0.693091 0.830365
vt 0.971675 0.224753
vt 0.977229 0.236279
vt 0.961470 0.237003
vt 0.980071 0.269368
vt 0.980071 0.206255
vt 0.976001 0.205254
vt 0.694767 0.428692
vt 0.712707 0.457751
vt 0.678919 0.450303
vt 0.685703 0.458943
vt 0.729407 0.417186
vt 0.729407 0.464381
vt 0.876439 0.404575
vt 0.896811 0.383348
vt 0.896811 0.424310
vt 0.794066 0.956812
vt 0.778122 0.960685
vt 0.780405 0.992431
vt 0.791311 0.992431
vt 0.261736 0.654942
vt 0.320195 0.654942
vt 0.284860 0.640695
vt 0.470771 0.114426
vt 0.440331 0.108192
vt 0.432684 0.114426
vt 0.469829 0.110448
vt 0.567783 0.887355
vt 0.556689 0.875779
vt 0.574402 0.880193
vt 0.550487 0.887355
vt 0.825952 0.871327
vt 0.856067 0.871327
vt 0.834457 0.869546
vt 0.343552 0.669190
vt 0.399026 0.669190
vt 0.333481 0.641255
vt 0.364629 0.639804
vt 0.986066 0.362688
vt 0.964128 0.360181
vt 0.989814 0.356005
vt 0.968992 0.325467
vt 0.968472 0.397229
vt 0.989814 0.398486
vt 0.400797 0.165183
vt 0.400797 0.222173
vt 0.383968 0.200232
vt 0.609832 0.800089
vt 0.673605 0.800089
vt 0.638675 0.799199
vt 0.526572 0.904274
vt 0.516645 0.900712
vt 0.491143 0.904274
vt 0.691320 0.605076
vt 0.691320 0.642475
vt 0.688663 0.640946
vt 0.508857 0.382458
vt 0.492914 0.375039
vt 0.505748 0.339715
vt 0.508857 0.354890
vt 0.704228 0.884684
vt 0.734140 0.936002
vt 0.739112 0.936285
vt 0.742693 0.903666
vt 0.668290 0.899150
vt 0.680055 0.923270
vt 0.674328 0.959484
vt 0.732839 0.959484
vt 0.737144 0.959004
vt 0.990700 0.559662
vt 0.972985 0.530735
vt 0.990700 0.504452
vt 0.188220 0.743099
vt 0.233392 0.743099
vt 0.220177 0.727070
vt 0.828609 0.298753
vt 0.885297 0.298753
vt 0.855385 0.276492
vt 0.938441 0.349066
vt 0.941984 0.320125
vt 0.941984 0.382458
vt 0.616032 0.761799
vt 0.673605 0.761799
vt 0.644638 0.758237
vt 0.431798 0.653161
vt 0.469885 0.653161
vt 0.467396 0.646928
vt 0.695748 0.166073
vt 0.695748 0.211487
vt 0.691320 0.197393
vt 0.206316 0.791184
vt 0.232590 0.791115
vt 0.229366 0.776969
vt 0.259654 0.776937
vt 0.282994 0.791184
vt 0.194159 0.790035
vt 0.163419 0.791148
vt 0.667405 0.408281
vt 0.707263 0.408281
vt 0.702436 0.394279
vt 0.692320 0.394034
vt 0.994535 0.146483
vt 0.989814 0.163816
vt 0.996900 0.189225
vt 0.996900 0.153112
vt 0.713606 0.683437
vt 0.680488 0.688968
vt 0.680604 0.700367
vt 0.720549 0.704809
vt 0.651197 0.704809
vt 0.649690 0.693683
vt 0.038867 0.371710
vt 0.028003 0.372835
vt 0.035599 0.342132
vt 0.064206 0.399784
vt 0.061683 0.369505
vt 0.045424 0.307951
vt 0.041338 0.302315
vt 0.065988 0.437326
vt 0.046871 0.438391
vt 0.065988 0.470752
vt 0.057629 0.468525
vt 0.034082 0.442298
vt 0.031243 0.408464
vt 0.060630 0.498810
vt 0.040349 0.476381
vt 0.026044 0.477264
vt 0.020815 0.445034
vt 0.055605 0.509926
vt 0.039588 0.523152
vt 0.024519 0.341856
vt 0.033741 0.659969
vt 0.025373 0.657289
vt 0.023472 0.690561
vt 0.042958 0.690561
vt 0.029950 0.647481
vt 0.032413 0.629657
vt 0.028640 0.611309
vt 0.038152 0.618872
vt 0.439770 0.871327
vt 0.476085 0.871327
vt 0.468172 0.861532
vt 0.709035 0.036955
vt 0.695545 0.071378
vt 0.694863 0.038664
vt 0.709035 0.071683
vt 0.570483 0.394599
vt 0.551084 0.396854
vt 0.558084 0.424506
vt 0.545785 0.428745
vt 0.545173 0.397582
vt 0.545226 0.361813
vt 0.552822 0.361910
vt 0.558854 0.326358
vt 0.545511 0.327867
vt 0.576040 0.393462
vt 0.562906 0.429224
vt 0.575668 0.429893
vt 0.574091 0.467053
vt 0.597431 0.382333
vt 0.597431 0.416332
vt 0.566077 0.467009
vt 0.685722 0.706590
vt 0.625135 0.731817
vt 0.681636 0.746956
vt 0.622860 0.729339
vt 0.720916 0.710194
vt 0.721664 0.740856
vt 0.682458 0.751070
vt 0.732064 0.764470
vt 0.603224 0.764470
vt 0.597431 0.733248
vt 0.302204 0.962443
vt 0.298937 0.971060
vt 0.363871 0.971060
vt 0.367729 0.942891
vt 0.299844 0.929755
vt 0.369796 0.920303
vt 0.497343 0.526714
vt 0.465898 0.519590
vt 0.437998 0.526714
vt 0.561116 0.268477
vt 0.561116 0.328139
vt 0.552259 0.297892
vt 0.498917 0.642012
vt 0.555802 0.646037
vt 0.530937 0.630312
vt 0.499020 0.622885
vt 0.468540 0.629192
vt 0.484269 0.640395
vt 0.445608 0.641385
vt 0.463717 0.629301
vt 0.437402 0.631585
vt 0.411383 0.646037
vt 0.408429 0.641688
vt 0.407883 0.644333
vt 0.699291 0.541966
vt 0.702180 0.539181
vt 0.704606 0.571238
vt 0.704606 0.540535
vt 0.944641 0.853517
vt 0.915412 0.833641
vt 0.944641 0.814337
vt 0.283880 0.479519
vt 0.249336 0.475772
vt 0.283880 0.458148
vt 0.371568 0.871327
vt 0.349586 0.854408
vt 0.317538 0.871327
vt 0.261976 0.907640
vt 0.291526 0.914356
vt 0.257189 0.898041
vt 0.293024 0.912143
vt 0.274938 0.955031
vt 0.214792 0.955031
vt 0.294144 0.917269
vt 0.298937 0.952284
vt 0.506200 0.965717
vt 0.511894 0.996883
vt 0.546944 0.996883
vt 0.536784 0.966493
vt 0.328167 0.410953
vt 0.328167 0.434996
vt 0.321966 0.415326
vt 0.376021 0.137667
vt 0.383508 0.117202
vt 0.407473 0.136991
vt 0.403401 0.147373
vt 0.406292 0.121715
vt 0.439770 0.134038
vt 0.433400 0.147081
vt 0.384212 0.113245
vt 0.388612 0.100385
vt 0.420235 0.104731
vt 0.356859 0.099288
vt 0.352306 0.110634
vt 0.347606 0.127210
vt 0.343448 0.147373
vt 0.326395 0.140792
vt 0.745350 0.167785
vt 0.778122 0.158949
vt 0.778122 0.180321
vt 0.748207 0.178248
vt 0.988928 0.019145
vt 0.986248 0.004007
vt 0.960585 0.019145
vt 0.965626 0.005567
vt 0.980224 0.717570
vt 0.977414 0.712862
vt 0.999557 0.712823
vt 0.999557 0.725289
vt 0.585917 0.715494
vt 0.577945 0.697155
vt 0.585917 0.684328
vt 0.762179 0.971950
vt 0.752559 0.910508
vt 0.740921 0.950882
vt 0.762179 0.914634
vt 0.932241 0.036955
vt 0.947376 0.066696
vt 0.932793 0.070008
vt 0.933994 0.110522
vt 0.948184 0.097279
vt 0.940664 0.134016
vt 0.947934 0.126653
vt 0.948184 0.037588
vt 0.343329 0.973731
vt 0.337553 0.978680
vt 0.364774 0.985285
vt 0.367139 0.997951
vt 0.325509 0.998664
vt 0.345676 0.998664
vt 0.980071 0.237311
vt 0.998671 0.261354
vt 0.986877 0.260102
vt 0.998671 0.240573
vt 0.881754 0.817899
vt 0.881754 0.829641
vt 0.872011 0.830365
vt 0.876336 0.822137
vt 0.581156 0.080316
vt 0.582374 0.048531
vt 0.582374 0.080588
vt 0.578831 0.074633
vt 0.013729 0.201692
vt 0.000869 0.200713
vt 0.000443 0.165599
vt 0.012676 0.165099
vt 0.013729 0.130937
vt 0.005347 0.130454
vt 0.911869 0.970623
vt 0.877138 0.956967
vt 0.911634 0.956812
vt 0.870362 0.969791
vt 0.868468 0.982797
vt 0.911869 0.993321
vt 0.918084 0.474176
vt 0.918274 0.482664
vt 0.950160 0.474230
vt 0.949480 0.486658
vt 0.950841 0.499110
vt 0.915412 0.499110
vt 0.507972 0.248155
vt 0.513895 0.182102
vt 0.520372 0.250668
vt 0.520372 0.186466
vt 0.969368 0.646859
vt 0.976562 0.582703
vt 0.989814 0.648931
vt 0.989814 0.581923
vt 0.963793 0.583814
vt 0.962356 0.650490
vt 0.102457 0.771619
vt 0.132365 0.771982
vt 0.102493 0.759792
vt 0.148793 0.759037
vt 0.189189 0.759041
vt 0.176476 0.748348
vt 0.222134 0.759461
vt 0.241484 0.771252
vt 0.242479 0.759310
vt 0.282052 0.759855
vt 0.272666 0.771733
vt 0.311500 0.759411
vt 0.306221 0.772468
vt 0.251852 0.747271
vt 0.220499 0.752011
vt 0.221095 0.774778
vt 0.192116 0.773163
vt 0.161624 0.773066
vt 0.125215 0.764777
vt 0.154079 0.747565
vt 0.120765 0.758653
vt 0.102439 0.755722
vt 0.113763 0.736688
vt 0.102153 0.735620
vt 0.110048 0.730958
vt 0.102294 0.725942
vt 0.069484 0.746013
vt 0.063404 0.722618
vt 0.133499 0.732972
vt 0.133375 0.741629
vt 0.189409 0.722633
vt 0.189956 0.734265
vt 0.043552 0.771285
vt 0.043393 0.759509
vt 0.013293 0.762314
vt 0.037160 0.772261
vt 0.043030 0.772116
vt 0.012232 0.783170
vt 0.009300 0.760449
vt 0.009572 0.749342
vt 0.026647 0.759568
vt 0.014416 0.739638
vt 0.009527 0.736878
vt 0.020911 0.734721
vt 0.331566 0.783170
vt 0.339681 0.768552
vt 0.838107 0.362143
vt 0.850965 0.396413
vt 0.850548 0.358935
vt 0.862336 0.392007
vt 0.869110 0.426823
vt 0.861052 0.429062
vt 0.836955 0.393638
vt 0.848133 0.433211
vt 0.826791 0.439666
vt 0.824181 0.395541
vt 0.882014 0.455729
vt 0.883780 0.419377
vt 0.894154 0.453488
vt 0.870494 0.459929
vt 0.826896 0.325007
vt 0.838865 0.321375
vt 0.855159 0.325740
vt 0.854473 0.324410
vt 0.866668 0.318010
vt 0.867390 0.322053
vt 0.880143 0.318533
vt 0.873793 0.385933
vt 0.894154 0.383686
vt 0.876800 0.308549
vt 0.273192 0.029552
vt 0.288374 0.047305
vt 0.267919 0.027590
vt 0.271302 0.050871
vt 0.269871 0.039876
vt 0.275547 0.052093
vt 0.259079 0.014472
vt 0.361431 0.023229
vt 0.328942 0.034601
vt 0.322169 0.011452
vt 0.361294 0.013571
vt 0.279426 0.024274
vt 0.261478 0.000981
vt 0.281391 0.000445
vt 0.304642 0.052093
vt 0.363596 0.043175
vt 0.087429 0.932792
vt 0.128558 0.931937
vt 0.089607 0.943576
vt 0.128751 0.943110
vt 0.128875 0.908727
vt 0.088181 0.918983
vt 0.059787 0.933025
vt 0.061560 0.920196
vt 0.128875 0.955685
vt 0.089179 0.956476
vt 0.121801 0.968974
vt 0.120323 0.969279
vt 0.387455 0.553428
vt 0.327281 0.553428
vt 0.387511 0.540962
vt 0.327804 0.552552
vt 0.618606 0.833927
vt 0.595825 0.826424
vt 0.588574 0.833927
vt 0.618689 0.821460
vt 0.256422 0.814337
vt 0.201413 0.801870
vt 0.197963 0.814337
vt 0.693977 0.873998
vt 0.752436 0.873998
vt 0.712809 0.864203
vt 0.006643 0.467053
vt 0.001329 0.454563
vt 0.006643 0.436776
vt 0.785208 0.861532
vt 0.782551 0.846211
vt 0.785208 0.843722
vt 0.563773 0.308549
vt 0.563773 0.331701
vt 0.562002 0.309447
vt 0.214449 0.976615
vt 0.252879 0.978183
vt 0.246673 0.965849
vt 0.211140 0.963936
vt 0.178477 0.969156
vt 0.186331 0.978183
vt 0.429513 0.824732
vt 0.461311 0.840876
vt 0.446115 0.847239
vt 0.427257 0.836044
vt 0.403601 0.803934
vt 0.397525 0.808942
vt 0.418933 0.847100
vt 0.391328 0.828614
vt 0.413845 0.857079
vt 0.406210 0.798745
vt 0.375672 0.781374
vt 0.342349 0.778553
vt 0.439308 0.811434
vt 0.466175 0.857079
vt 0.488132 0.854231
vt 0.471633 0.818475
vt 0.504313 0.833642
vt 0.500011 0.843063
vt 0.479551 0.804808
vt 0.510418 0.823174
vt 0.479673 0.790815
vt 0.513286 0.810228
vt 0.449126 0.791689
vt 0.442868 0.803811
vt 0.459070 0.771594
vt 0.465561 0.829199
vt 0.368486 0.835851
vt 0.327281 0.814698
vt 0.330341 0.801777
vt 0.917943 0.715308
vt 0.950841 0.711396
vt 0.893924 0.728469
vt 0.881843 0.728374
vt 0.882442 0.706538
vt 0.917714 0.740902
vt 0.882572 0.731454
vt 0.934785 0.740523
vt 0.942425 0.728701
vt 0.918011 0.699595
vt 0.882641 0.691636
vt 0.917750 0.685218
vt 0.871125 0.689760
vt 0.950599 0.702219
vt 0.944485 0.753784
vt 0.918175 0.753784
vt 0.879982 0.701247
vt 0.868929 0.736344
vt 0.867582 0.708726
vt 0.879982 0.737756
vt 0.363596 0.294301
vt 0.330824 0.293845
vt 0.363596 0.276492
vt 0.668636 0.443312
vt 0.638457 0.432201
vt 0.668656 0.449240
vt 0.628761 0.443518
vt 0.676473 0.454586
vt 0.675165 0.445250
vt 0.584145 0.454586
vt 0.587365 0.431721
vt 0.666381 0.415405
vt 0.699291 0.417680
vt 0.370036 0.141140
vt 0.360053 0.153606
vt 0.399026 0.153606
vt 0.542516 0.372663
vt 0.542516 0.410953
vt 0.531001 0.400593
vt 0.786980 0.252449
vt 0.772164 0.256857
vt 0.771922 0.287523
vt 0.786980 0.292520
vt 0.759522 0.973731
vt 0.733238 0.963045
vt 0.709035 0.973731
vt 0.755979 0.410062
vt 0.742693 0.392989
vt 0.755979 0.354853
usemtl baked
f 626/626 627/627 625/625
f 627/627 626/626 628/628
f 1569/1569 1634/1634 1631/1631
f 1579/1579 1590/1590 1582/1582
f 1582/1582 1580/1580 1579/1579
f 1579/1579 1580/1580 1575/1575
f 1575/1575 1580/1580 1568/1568
f 1582/1582 1584/1584 1583/1583
f 1584/1584 1596/1596 1583/1583
f 1583/1583 1596/1596 1637/1637
f 1583/1583 1637/1637 1636/1636
f 1580/1580 1582/1582 1583/1583
f 1580/1580 1583/1583 1581/1581
f 1581/1581 1583/1583 1635/1635
f 1583/1583 1636/1636 1635/1635
f 1568/1568 1581/1581 1598/1598
f 1568/1568 1580/1580 1581/1581
f 1598/1598 1581/1581 1634/1634
f 1581/1581 1635/1635 1634/1634
f 1567/1567 1568/1568 1569/1569
f 1569/1569 1568/1568 1598/1598
f 1569/1569 1598/1598 1634/1634
f 1572/1572 1576/1576 1567/1567
f 1572/1572 1567/1567 1600/1600
f 1935/1935 1936/1936 1937/1937
f 1937/1937 1936/1936 1938/1938
f 1573/1573 1602/1602 1604/1604
f 1605/1605 1573/1573 1604/1604
f 1606/1606 1628/1628 1627/1627
f 1606/1606 1627/1627 1615/1615
f 1600/1600 1567/1567 1599/1599
f 1599/1599 1567/1567 1569/1569
f 1599/1599 1569/1569 1629/1629
f 1629/1629 1569/1569 1631/1631
f 1600/1600 1599/1599 1601/1601
f 1602/1602 1600/1600 1601/1601
f 1629/1629 1601/1601 1599/1599
f 1601/1601 1629/1629 1628/1628
f 1604/1604 1602/1602 1603/1603
f 1602/1602 1601/1601 1603/1603
f 1603/1603 1601/1601 1628/1628
f 1606/1606 1603/1603 1628/1628
f 352/352 359/359 353/353
f 352/352 353/353 354/354
f 355/355 352/352 354/354
f 355/355 354/354 356/356
f 1611/1611 1609/1609 1610/1610
f 1609/1609 1607/1607 1610/1610
f 1939/1939 1940/1940 1941/1941
f 1942/1942 1940/1940 1939/1939
f 1571/1571 1575/1575 1576/1576
f 1577/1577 1575/1575 1571/1571
f 1572/1572 1571/1571 1576/1576
f 1570/1570 1571/1571 1572/1572
f 1577/1577 1578/1578 1579/1579
f 1577/1577 1579/1579 1575/1575
f 1944/1944 1947/1947 1948/1948
f 1944/1944 1948/1948 1945/1945
f 1564/1564 1565/1565 1566/1566
f 1566/1566 1565/1565 1608/1608
f 1564/1564 1604/1604 1603/1603
f 240/240 241/241 242/242
f 1606/1606 1607/1607 1603/1603
f 1603/1603 1607/1607 1565/1565
f 1565/1565 1607/1607 1608/1608
f 1608/1608 1607/1607 1609/1609
f 1943/1943 1944/1944 1945/1945
f 1946/1946 1943/1943 1945/1945
f 1951/1951 1952/1952 1953/1953
f 1953/1953 1952/1952 1954/1954
f 1574/1574 1570/1570 1573/1573
f 1570/1570 1572/1572 1573/1573
f 1576/1576 1568/1568 1567/1567
f 1575/1575 1568/1568 1576/1576
f 1590/1590 1584/1584 1582/1582
f 1584/1584 1586/1586 1597/1597
f 1596/1596 1584/1584 1597/1597
f 1596/1596 1597/1597 1649/1649
f 1596/1596 1649/1649 1637/1637
f 1590/1590 1587/1587 1584/1584
f 537/537 533/533 534/534
f 541/541 565/565 566/566
f 541/541 543/543 565/565
f 526/526 527/527 528/528
f 528/528 527/527 530/530
f 528/528 530/530 565/565
f 543/543 528/528 565/565
f 534/534 533/533 529/529
f 529/529 526/526 528/528
f 533/533 526/526 529/529
f 1588/1588 1594/1594 1592/1592
f 1588/1588 1592/1592 1585/1585
f 529/529 528/528 543/543
f 544/544 529/529 543/543
f 570/570 569/569 573/573
f 1591/1591 1590/1590 1579/1579
f 556/556 569/569 570/570
f 551/551 556/556 570/570
f 1955/1955 1956/1956 1957/1957
f 1955/1955 1957/1957 1958/1958
f 1589/1589 1590/1590 1591/1591
f 1589/1589 1588/1588 1587/1587
f 1589/1589 1587/1587 1590/1590
f 550/550 552/552 553/553
f 550/550 551/551 552/552
f 540/540 541/541 542/542
f 542/542 541/541 556/556
f 542/542 556/556 551/551
f 550/550 542/542 551/551
f 540/540 543/543 541/541
f 544/544 543/543 540/540
f 546/546 534/534 529/529
f 546/546 529/529 544/544
f 365/365 359/359 352/352
f 365/365 366/366 359/359
f 366/366 367/367 359/359
f 1961/1961 1960/1960 1965/1965
f 1961/1961 1965/1965 1966/1966
f 552/552 570/570 571/571
f 552/552 551/551 570/570
f 554/554 567/567 568/568
f 561/561 554/554 568/568
f 552/552 571/571 567/567
f 554/554 552/552 567/567
f 1588/1588 1585/1585 1587/1587
f 1585/1585 1592/1592 1593/1593
f 1585/1585 1593/1593 1586/1586
f 1586/1586 1593/1593 1595/1595
f 1586/1586 1595/1595 1597/1597
f 1595/1595 1650/1650 1649/1649
f 1597/1597 1595/1595 1649/1649
f 1585/1585 1586/1586 1587/1587
f 1587/1587 1586/1586 1584/1584
f 1979/1979 1981/1981 1972/1972
f 1972/1972 1981/1981 1973/1973
f 1259/1259 1258/1258 1261/1261
f 1259/1259 1261/1261 1260/1260
f 1990/1990 1991/1991 1992/1992
f 1993/1993 1991/1991 1990/1990
f 1977/1977 1978/1978 1972/1972
f 1977/1977 1972/1972 1971/1971
f 1994/1994 1995/1995 1996/1996
f 1999/1999 2000/2000 2001/2001
f 770/770 771/771 772/772
f 770/770 772/772 773/773
f 774/774 775/775 771/771
f 774/774 771/771 770/770
f 1994/1994 1997/1997 1995/1995
f 1998/1998 1997/1997 1994/1994
f 776/776 777/777 775/775
f 776/776 775/775 774/774
f 779/779 778/778 780/780
f 778/778 781/781 780/780
f 772/772 778/778 773/773
f 773/773 778/778 779/779
f 2003/2003 2005/2005 2004/2004
f 2002/2002 2003/2003 2004/2004
f 1971/1971 1972/1972 1973/1973
f 1974/1974 1971/1971 1973/1973
f 1976/1976 1971/1971 1975/1975
f 1971/1971 1974/1974 1975/1975
f 164/164 165/165 166/166
f 1847/1847 1846/1846 1843/1843
f 1430/1430 1429/1429 1425/1425
f 2006/2006 2007/2007 2008/2008
f 2009/2009 2010/2010 2011/2011
f 1424/1424 1426/1426 1427/1427
f 2012/2012 2013/2013 2014/2014
f 1428/1428 1424/1424 1427/1427
f 2016/2016 2019/2019 2017/2017
f 2016/2016 2017/2017 2018/2018
f 1425/1425 1429/1429 1426/1426
f 1424/1424 1425/1425 1426/1426
f 2020/2020 2021/2021 2022/2022
f 2020/2020 2022/2022 2023/2023
f 1928/1928 1921/1921 1892/1892
f 1095/1095 1093/1093 1096/1096
f 1095/1095 1094/1094 1093/1093
f 2014/2014 2013/2013 2015/2015
f 1433/1433 1432/1432 1434/1434
f 1431/1431 1432/1432 1433/1433
f 1465/1465 1462/1462 1464/1464
f 1462/1462 1463/1463 1464/1464
f 2024/2024 2025/2025 2026/2026
f 2024/2024 2027/2027 2025/2025
f 507/507 508/508 509/509
f 507/507 511/511 508/508
f 1331/1331 1332/1332 1333/1333
f 1333/1333 1332/1332 1334/1334
f 508/508 511/511 512/512
f 1333/1333 1334/1334 1335/1335
f 511/511 513/513 512/512
f 1335/1335 1334/1334 1336/1336
f 509/509 510/510 507/507
f 514/514 510/510 509/509
f 1335/1335 1336/1336 1337/1337
f 1334/1334 1344/1344 1336/1336
f 1518/1518 1506/1506 1505/1505
f 1328/1328 1325/1325 1327/1327
f 1325/1325 1326/1326 1327/1327
f 2028/2028 2029/2029 2030/2030
f 1539/1539 1540/1540 1541/1541
f 1848/1848 1849/1849 1845/1845
f 1845/1845 1849/1849 1850/1850
f 2028/2028 2030/2030 2031/2031
f 1539/1539 1541/1541 1542/1542
f 1932/1932 1931/1931 1933/1933
f 1930/1930 1931/1931 1932/1932
f 1664/1664 1661/1661 1663/1663
f 1661/1661 1662/1662 1663/1663
f 1448/1448 1455/1455 1452/1452
f 1439/1439 1440/1440 1441/1441
f 1923/1923 1888/1888 1924/1924
f 1879/1879 1888/1888 1923/1923
f 1933/1933 1934/1934 1932/1932
f 1843/1843 1846/1846 1845/1845
f 1846/1846 1848/1848 1845/1845
f 1843/1843 1845/1845 1838/1838
f 1504/1504 1503/1503 1502/1502
f 1466/1466 1467/1467 1468/1468
f 2032/2032 2033/2033 2034/2034
f 2034/2034 2033/2033 2035/2035
f 706/706 705/705 704/704
f 704/704 705/705 700/700
f 1845/1845 1839/1839 1838/1838
f 2036/2036 2037/2037 2038/2038
f 2039/2039 2040/2040 2041/2041
f 1838/1838 1839/1839 1836/1836
f 1836/1836 1839/1839 1851/1851
f 1836/1836 1851/1851 1834/1834
f 1834/1834 1851/1851 1802/1802
f 1469/1469 1470/1470 1471/1471
f 1471/1471 1470/1470 1472/1472
f 1834/1834 1802/1802 1833/1833
f 1802/1802 1800/1800 1799/1799
f 1799/1799 1800/1800 1797/1797
f 1799/1799 1797/1797 1796/1796
f 1512/1512 1513/1513 1519/1519
f 1659/1659 1660/1660 1657/1657
f 2042/2042 2043/2043 2044/2044
f 1802/1802 1793/1793 1795/1795
f 1793/1793 1794/1794 1795/1795
f 1794/1794 1793/1793 1792/1792
f 2042/2042 2044/2044 2045/2045
f 1655/1655 1657/1657 1656/1656
f 1657/1657 1654/1654 1656/1656
f 1797/1797 1789/1789 1796/1796
f 1657/1657 1660/1660 1658/1658
f 1654/1654 1657/1657 1658/1658
f 1561/1561 1563/1563 1562/1562
f 218/218 219/219 220/220
f 700/700 703/703 698/698
f 698/698 699/699 700/700
f 704/704 700/700 699/699
f 704/704 699/699 708/708
f 708/708 699/699 707/707
f 699/699 701/701 707/707
f 1475/1475 1473/1473 1474/1474
f 699/699 698/698 702/702
f 1475/1475 1474/1474 1476/1476
f 701/701 699/699 702/702
f 1525/1525 1524/1524 1526/1526
f 1523/1523 1524/1524 1525/1525
f 1473/1473 1471/1471 1474/1474
f 1471/1471 1472/1472 1474/1474
f 1342/1342 1328/1328 1329/1329
f 1328/1328 1327/1327 1329/1329
f 1329/1329 1330/1330 1331/1331
f 1327/1327 1330/1330 1329/1329
f 1331/1331 1330/1330 1332/1332
f 1038/1038 1023/1023 1025/1025
f 1023/1023 1024/1024 1025/1025
f 1030/1030 1024/1024 1023/1023
f 1028/1028 1030/1030 1022/1022
f 2046/2046 2047/2047 2048/2048
f 1036/1036 1038/1038 1025/1025
f 1033/1033 1036/1036 1025/1025
f 1054/1054 1036/1036 1033/1033
f 1053/1053 1036/1036 1054/1054
f 2047/2047 2049/2049 2048/2048
f 1054/1054 1056/1056 1057/1057
f 1030/1030 1026/1026 1024/1024
f 1024/1024 1026/1026 1027/1027
f 1026/1026 1031/1031 1027/1027
f 1064/1064 1059/1059 1063/1063
f 1059/1059 1062/1062 1063/1063
f 1059/1059 1061/1061 1062/1062
f 1060/1060 1061/1061 1059/1059
f 1059/1059 1035/1035 1060/1060
f 1058/1058 1035/1035 1059/1059
f 2052/2052 2053/2053 2054/2054
f 2053/2053 2055/2055 2054/2054
f 1032/1032 1065/1065 1035/1035
f 1058/1058 1055/1055 1035/1035
f 1055/1055 1034/1034 1035/1035
f 1032/1032 1067/1067 1065/1065
f 1034/1034 1032/1032 1035/1035
f 2056/2056 2053/2053 2052/2052
f 2056/2056 2057/2057 2053/2053
f 1032/1032 1027/1027 1067/1067
f 1054/1054 1055/1055 1056/1056
f 1025/1025 1024/1024 1027/1027
f 1025/1025 1032/1032 1033/1033
f 1033/1033 1032/1032 1034/1034
f 1054/1054 1033/1033 1034/1034
f 1054/1054 1034/1034 1055/1055
f 1025/1025 1027/1027 1032/1032
f 2058/2058 2059/2059 2060/2060
f 1043/1043 1041/1041 1042/1042
f 2061/2061 2062/2062 2063/2063
f 2061/2061 2063/2063 2064/2064
f 1044/1044 1041/1041 1043/1043
f 1019/1019 1047/1047 1046/1046
f 1046/1046 1047/1047 1044/1044
f 1046/1046 1044/1044 1045/1045
f 1045/1045 1044/1044 1043/1043
f 1021/1021 1023/1023 1038/1038
f 1021/1021 1022/1022 1023/1023
f 1023/1023 1022/1022 1030/1030
f 1022/1022 1072/1072 1028/1028
f 1072/1072 1073/1073 1028/1028
f 1037/1037 1038/1038 1036/1036
f 1021/1021 1038/1038 1037/1037
f 1040/1040 1021/1021 1037/1037
f 1039/1039 1040/1040 1037/1037
f 1051/1051 1039/1039 1037/1037
f 1051/1051 1037/1037 1052/1052
f 1002/1002 1077/1077 1047/1047
f 1047/1047 1077/1077 1078/1078
f 1078/1078 1072/1072 1040/1040
f 1041/1041 1078/1078 1040/1040
f 1039/1039 1041/1041 1040/1040
f 1041/1041 1039/1039 1042/1042
f 1050/1050 1042/1042 1051/1051
f 1042/1042 1039/1039 1051/1051
f 1021/1021 1072/1072 1022/1022
f 1040/1040 1072/1072 1021/1021
f 1052/1052 1037/1037 1036/1036
f 1052/1052 1036/1036 1053/1053
f 2065/2065 2066/2066 2067/2067
f 1442/1442 1443/1443 1444/1444
f 1536/1536 1537/1537 1538/1538
f 2068/2068 2069/2069 2070/2070
f 1035/1035 1065/1065 1060/1060
f 2071/2071 2069/2069 2068/2068
f 1066/1066 1060/1060 1065/1065
f 1346/1346 1345/1345 1333/1333
f 1345/1345 1331/1331 1333/1333
f 1066/1066 1079/1079 1060/1060
f 1060/1060 1079/1079 1061/1061
f 2046/2046 2051/2051 2050/2050
f 2050/2050 2047/2047 2046/2046
f 1043/1043 1042/1042 1050/1050
f 1049/1049 1043/1043 1050/1050
f 1048/1048 1043/1043 1049/1049
f 1045/1045 1043/1043 1048/1048
f 1736/1736 1745/1745 1757/1757
f 1757/1757 1745/1745 1758/1758
f 1699/1699 1705/1705 1711/1711
f 1711/1711 1700/1700 1699/1699
f 1705/1705 1747/1747 1711/1711
f 1701/1701 1699/1699 1698/1698
f 1698/1698 1699/1699 1700/1700
f 1707/1707 1710/1710 1756/1756
f 1707/1707 1756/1756 1747/1747
f 1438/1438 1436/1436 1435/1435
f 1435/1435 1436/1436 1437/1437
f 621/621 631/631 626/626
f 631/631 630/630 626/626
f 626/626 630/630 629/629
f 626/626 629/629 628/628
f 1775/1775 1774/1774 1776/1776
f 1749/1749 1706/1706 1748/1748
f 1701/1701 1698/1698 1706/1706
f 1706/1706 1698/1698 1748/1748
f 1705/1705 1707/1707 1747/1747
f 1708/1708 1707/1707 1704/1704
f 1704/1704 1707/1707 1705/1705
f 477/477 478/478 464/464
f 464/464 478/478 481/481
f 478/478 482/482 481/481
f 481/481 482/482 483/483
f 1769/1769 1770/1770 1771/1771
f 1728/1728 1761/1761 1731/1731
f 1726/1726 1759/1759 1728/1728
f 1772/1772 1769/1769 1771/1771
f 1722/1722 1718/1718 1723/1723
f 1723/1723 1718/1718 1759/1759
f 1733/1733 1729/1729 1732/1732
f 1732/1732 1729/1729 1730/1730
f 1729/1729 1728/1728 1730/1730
f 1728/1728 1731/1731 1730/1730
f 1752/1752 1727/1727 1729/1729
f 1729/1729 1733/1733 1752/1752
f 1727/1727 1726/1726 1728/1728
f 1727/1727 1728/1728 1729/1729
f 1760/1760 1725/1725 1727/1727
f 1725/1725 1726/1726 1727/1727
f 1738/1738 1752/1752 1733/1733
f 1738/1738 1733/1733 1734/1734
f 1734/1734 1735/1735 1750/1750
f 1744/1744 1750/1750 1735/1735
f 1766/1766 1738/1738 1750/1750
f 1738/1738 1734/1734 1750/1750
f 1732/1732 1737/1737 1736/1736
f 1732/1732 1736/1736 1735/1735
f 1735/1735 1736/1736 1744/1744
f 1744/1744 1736/1736 1757/1757
f 1736/1736 1737/1737 1745/1745
f 1745/1745 1737/1737 1746/1746
f 1730/1730 1755/1755 1732/1732
f 1732/1732 1755/1755 1737/1737
f 1739/1739 1719/1719 1761/1761
f 1719/1719 1751/1751 1761/1761
f 1704/1704 1705/1705 1699/1699
f 1703/1703 1704/1704 1699/1699
f 1761/1761 1751/1751 1704/1704
f 1703/1703 1761/1761 1704/1704
f 1751/1751 1709/1709 1704/1704
f 1709/1709 1708/1708 1704/1704
f 1709/1709 1712/1712 1708/1708
f 1737/1737 1755/1755 1746/1746
f 1773/1773 1774/1774 1775/1775
f 1702/1702 1706/1706 1755/1755
f 1702/1702 1701/1701 1706/1706
f 1730/1730 1731/1731 1755/1755
f 1778/1778 1779/1779 1780/1780
f 1702/1702 1703/1703 1699/1699
f 1702/1702 1699/1699 1701/1701
f 1778/1778 1781/1781 1779/1779
f 1761/1761 1703/1703 1702/1702
f 1734/1734 1732/1732 1735/1735
f 1733/1733 1732/1732 1734/1734
f 468/468 470/470 465/465
f 468/468 465/465 466/466
f 2075/2075 2073/2073 2072/2072
f 2072/2072 2073/2073 2074/2074
f 483/483 482/482 485/485
f 483/483 485/485 486/486
f 1718/1718 1721/1721 1717/1717
f 1721/1721 1718/1718 1722/1722
f 471/471 469/469 467/467
f 1721/1721 1716/1716 1717/1717
f 1716/1716 1715/1715 1714/1714
f 1717/1717 1716/1716 1714/1714
f 1716/1716 1720/1720 1715/1715
f 1651/1651 1652/1652 1653/1653
f 1759/1759 1718/1718 1739/1739
f 1739/1739 1718/1718 1719/1719
f 1709/1709 1713/1713 1712/1712
f 1719/1719 1714/1714 1751/1751
f 1714/1714 1709/1709 1751/1751
f 1714/1714 1715/1715 1713/1713
f 1709/1709 1714/1714 1713/1713
f 14/14 15/15 16/16
f 1719/1719 1718/1718 1714/1714
f 1717/1717 1714/1714 1718/1718
f 467/467 466/466 462/462
f 466/466 467/467 469/469
f 466/466 465/465 462/462
f 462/462 465/465 463/463
f 480/480 479/479 465/465
f 465/465 479/479 463/463
f 463/463 479/479 477/477
f 463/463 477/477 464/464
f 2076/2076 2077/2077 2078/2078
f 1712/1712 1762/1762 1710/1710
f 1762/1762 1764/1764 1710/1710
f 1708/1708 1712/1712 1710/1710
f 1710/1710 1707/1707 1708/1708
f 1741/1741 1742/1742 1740/1740
f 1720/1720 1741/1741 1740/1740
f 462/462 463/463 464/464
f 17/17 18/18 19/19
f 1764/1764 1763/1763 1765/1765
f 489/489 486/486 487/487
f 1762/1762 1763/1763 1764/1764
f 1762/1762 1743/1743 1763/1763
f 1740/1740 1742/1742 1743/1743
f 1740/1740 1743/1743 1762/1762
f 1713/1713 1740/1740 1712/1712
f 1715/1715 1720/1720 1713/1713
f 1720/1720 1740/1740 1713/1713
f 1740/1740 1762/1762 1712/1712
f 2079/2079 2080/2080 2081/2081
f 2087/2087 2084/2084 2083/2083
f 2088/2088 2087/2087 2083/2083
f 2081/2081 2080/2080 2082/2082
f 525/525 522/522 521/521
f 521/521 522/522 523/523
f 493/493 494/494 495/495
f 496/496 497/497 495/495
f 557/557 545/545 540/540
f 2089/2089 2090/2090 2091/2091
f 558/558 549/549 547/547
f 558/558 547/547 548/548
f 2092/2092 2093/2093 2094/2094
f 524/524 563/563 562/562
f 2095/2095 2096/2096 2097/2097
f 537/537 534/534 546/546
f 562/562 563/563 537/537
f 562/562 537/537 546/546
f 549/549 524/524 546/546
f 2098/2098 2099/2099 2100/2100
f 549/549 546/546 547/547
f 547/547 546/546 545/545
f 548/548 545/545 557/557
f 547/547 545/545 548/548
f 545/545 544/544 540/540
f 545/545 546/546 544/544
f 522/522 524/524 523/523
f 549/549 523/523 524/524
f 564/564 523/523 558/558
f 523/523 549/549 558/558
f 2085/2085 2084/2084 2086/2086
f 2083/2083 2084/2084 2085/2085
f 2101/2101 2102/2102 2103/2103
f 2101/2101 2103/2103 2104/2104
f 2106/2106 2113/2113 2107/2107
f 357/357 355/355 356/356
f 358/358 355/355 357/357
f 669/669 674/674 676/676
f 668/668 669/669 676/676
f 1950/1950 1943/1943 1949/1949
f 1949/1949 1943/1943 1946/1946
f 664/664 667/667 665/665
f 664/664 665/665 666/666
f 666/666 665/665 668/668
f 665/665 669/669 668/668
f 1515/1515 1513/1513 1514/1514
f 1515/1515 1514/1514 1516/1516
f 1512/1512 1511/1511 1513/1513
f 1513/1513 1511/1511 1514/1514
f 1112/1112 1114/1114 1113/1113
f 1111/1111 1112/1112 1113/1113
f 7/7 8/8 9/9
f 1654/1654 1655/1655 1656/1656
f 1509/1509 1502/1502 1496/1496
f 1509/1509 1496/1496 1494/1494
f 2114/2114 2115/2115 2116/2116
f 1482/1482 1477/1477 1481/1481
f 1483/1483 1482/1482 1481/1481
f 1485/1485 1484/1484 1483/1483
f 1484/1484 1482/1482 1483/1483
f 1482/1482 1488/1488 1489/1489
f 1484/1484 1488/1488 1482/1482
f 1502/1502 1501/1501 1498/1498
f 1502/1502 1498/1498 1496/1496
f 385/385 388/388 389/389
f 386/386 388/388 385/385
f 387/387 386/386 382/382
f 386/386 385/385 382/382
f 150/150 149/149 151/151
f 148/148 149/149 150/150
f 385/385 383/383 382/382
f 382/382 383/383 384/384
f 853/853 854/854 855/855
f 2117/2117 2118/2118 2119/2119
f 1301/1301 1304/1304 1299/1299
f 2120/2120 2121/2121 2122/2122
f 1301/1301 1299/1299 1300/1300
f 1300/1300 1299/1299 1298/1298
f 1305/1305 1295/1295 1304/1304
f 1299/1299 1304/1304 1295/1295
f 1295/1295 1292/1292 1298/1298
f 2123/2123 2124/2124 2125/2125
f 1299/1299 1295/1295 1298/1298
f 1295/1295 1296/1296 1293/1293
f 1306/1306 1296/1296 1305/1305
f 1305/1305 1296/1296 1295/1295
f 2126/2126 2127/2127 2128/2128
f 1295/1295 1293/1293 1292/1292
f 143/143 146/146 145/145
f 147/147 146/146 143/143
f 555/555 553/553 554/554
f 553/553 552/552 554/554
f 494/494 496/496 495/495
f 490/490 491/491 492/492
f 494/494 493/493 491/491
f 493/493 492/492 491/491
f 1527/1527 1528/1528 1529/1529
f 499/499 500/500 496/496
f 499/499 496/496 498/498
f 496/496 494/494 498/498
f 1459/1459 1460/1460 1461/1461
f 1303/1303 1308/1308 1307/1307
f 499/499 498/498 494/494
f 1303/1303 1307/1307 1297/1297
f 1297/1297 1307/1307 1309/1309
f 1963/1963 1961/1961 1964/1964
f 364/364 362/362 365/365
f 363/363 362/362 364/364
f 2105/2105 2107/2107 2108/2108
f 2105/2105 2106/2106 2107/2107
f 2106/2106 2112/2112 2113/2113
f 364/364 365/365 352/352
f 1963/1963 1962/1962 1961/1961
f 360/360 361/361 362/362
f 360/360 362/362 363/363
f 2110/2110 2111/2111 2106/2106
f 2111/2111 2112/2112 2106/2106
f 559/559 555/555 554/554
f 559/559 554/554 561/561
f 1959/1959 1960/1960 1961/1961
f 1962/1962 1959/1959 1961/1961
f 1292/1292 1293/1293 1294/1294
f 560/560 555/555 559/559
f 144/144 143/143 145/145
f 142/142 143/143 144/144
f 1495/1495 1496/1496 1497/1497
f 1496/1496 1495/1495 1494/1494
f 928/928 929/929 930/930
f 1493/1493 1494/1494 1495/1495
f 1302/1302 1301/1301 1300/1300
f 1530/1530 1531/1531 1532/1532
f 1489/1489 1491/1491 1490/1490
f 2129/2129 2130/2130 2131/2131
f 1481/1481 1477/1477 1480/1480
f 1477/1477 1479/1479 1480/1480
f 2132/2132 2133/2133 2134/2134
f 1497/1497 1498/1498 1499/1499
f 1496/1496 1498/1498 1497/1497
f 1477/1477 1490/1490 1478/1478
f 1477/1477 1478/1478 1479/1479
f 1489/1489 1490/1490 1482/1482
f 1482/1482 1490/1490 1477/1477
f 1492/1492 1499/1499 1498/1498
f 1499/1499 1492/1492 1508/1508
f 1492/1492 1481/1481 1480/1480
f 1492/1492 1480/1480 1508/1508
f 2109/2109 2110/2110 2106/2106
f 2109/2109 2106/2106 2105/2105
f 697/697 694/694 696/696
f 160/160 161/161 162/162
f 163/163 160/160 162/162
f 1296/1296 1297/1297 1293/1293
f 1303/1303 1297/1297 1296/1296
f 1306/1306 1303/1303 1296/1296
f 1498/1498 1505/1505 1492/1492
f 1501/1501 1505/1505 1498/1498
f 1509/1509 1494/1494 1493/1493
f 1510/1510 1509/1509 1493/1493
f 1510/1510 1493/1493 1511/1511
f 1512/1512 1510/1510 1511/1511
f 662/662 663/663 660/660
f 661/661 662/662 660/660
f 1979/1979 1982/1982 1980/1980
f 1979/1979 1980/1980 1981/1981
f 2135/2135 2136/2136 2137/2137
f 2136/2136 2138/2138 2137/2137
f 2140/2140 2135/2135 2137/2137
f 2141/2141 2135/2135 2140/2140
f 2136/2136 2139/2139 2138/2138
f 2142/2142 2143/2143 2144/2144
f 2142/2142 2144/2144 2145/2145
f 1229/1229 1226/1226 1225/1225
f 1229/1229 1230/1230 1226/1226
f 1020/1020 1046/1046 1045/1045
f 1675/1675 1678/1678 1676/1676
f 661/661 660/660 658/658
f 659/659 658/658 660/660
f 1020/1020 1019/1019 1046/1046
f 1008/1008 1019/1019 1020/1020
f 1682/1682 1683/1683 1678/1678
f 1683/1683 1684/1684 1678/1678
f 530/530 527/527 531/531
f 527/527 532/532 531/531
f 538/538 531/531 532/532
f 538/538 532/532 539/539
f 787/787 784/784 776/776
f 776/776 784/784 777/777
f 465/465 470/470 480/480
f 484/484 480/480 470/470
f 877/877 876/876 870/870
f 876/876 871/871 870/870
f 870/870 871/871 872/872
f 870/870 872/872 875/875
f 1258/1258 1259/1259 1260/1260
f 878/878 876/876 877/877
f 2146/2146 2148/2148 2149/2149
f 2146/2146 2147/2147 2148/2148
f 873/873 874/874 872/872
f 871/871 873/873 872/872
f 1080/1080 1081/1081 1082/1082
f 1081/1081 1083/1083 1082/1082
f 20/20 23/23 21/21
f 20/20 21/21 22/22
f 2150/2150 2151/2151 2152/2152
f 2152/2152 2153/2153 2150/2150
f 33/33 34/34 35/35
f 34/34 36/36 35/35
f 2202/2202 2201/2201 2203/2203
f 2203/2203 2201/2201 2206/2206
f 2192/2192 2194/2194 2193/2193
f 2195/2195 2194/2194 2192/2192
f 2191/2191 2192/2192 2193/2193
f 2191/2191 2193/2193 2201/2201
f 2200/2200 2191/2191 2201/2201
f 2200/2200 2201/2201 2202/2202
f 2204/2204 2200/2200 2202/2202
f 2204/2204 2202/2202 2205/2205
f 691/691 693/693 692/692
f 691/691 692/692 686/686
f 2155/2155 2154/2154 2151/2151
f 2154/2154 2152/2152 2151/2151
f 849/849 850/850 851/851
f 851/851 850/850 852/852
f 1984/1984 1985/1985 1986/1986
f 1984/1984 1987/1987 1985/1985
f 690/690 691/691 686/686
f 690/690 686/686 689/689
f 689/689 686/686 688/688
f 686/686 687/687 688/688
f 1988/1988 1984/1984 1986/1986
f 1988/1988 1989/1989 1984/1984
f 1631/1631 1634/1634 1633/1633
f 1631/1631 1633/1633 1632/1632
f 1638/1638 1643/1643 1640/1640
f 1643/1643 1644/1644 1640/1640
f 1638/1638 1637/1637 1643/1643
f 1637/1637 1638/1638 1636/1636
f 2213/2213 2214/2214 2209/2209
f 2212/2212 2209/2209 2214/2214
f 2217/2217 2218/2218 2219/2219
f 2217/2217 2219/2219 2220/2220
f 2221/2221 2217/2217 2220/2220
f 2221/2221 2220/2220 2222/2222
f 1638/1638 1640/1640 1639/1639
f 1639/1639 1640/1640 1641/1641
f 1633/1633 1641/1641 1642/1642
f 1633/1633 1639/1639 1641/1641
f 2211/2211 2207/2207 2209/2209
f 2212/2212 2211/2211 2209/2209
f 2223/2223 2224/2224 2225/2225
f 2226/2226 2227/2227 2228/2228
f 652/652 653/653 651/651
f 649/649 652/652 651/651
f 1206/1206 1207/1207 1208/1208
f 351/351 350/350 342/342
f 2229/2229 2230/2230 2231/2231
f 2229/2229 2231/2231 2232/2232
f 301/301 302/302 300/300
f 301/301 300/300 299/299
f 344/344 303/303 302/302
f 347/347 344/344 302/302
f 346/346 347/347 302/302
f 346/346 302/302 301/301
f 301/301 299/299 341/341
f 342/342 301/301 341/341
f 299/299 298/298 333/333
f 341/341 299/299 333/333
f 300/300 296/296 299/299
f 299/299 296/296 298/298
f 350/350 346/346 342/342
f 346/346 301/301 342/342
f 303/303 304/304 300/300
f 303/303 300/300 302/302
f 2245/2245 2246/2246 2247/2247
f 2248/2248 2249/2249 2250/2250
f 1629/1629 1631/1631 1630/1630
f 1631/1631 1632/1632 1630/1630
f 1629/1629 1627/1627 1628/1628
f 1627/1627 1629/1629 1630/1630
f 2240/2240 2238/2238 2239/2239
f 2238/2238 2237/2237 2239/2239
f 2235/2235 2234/2234 2233/2233
f 2235/2235 2233/2233 2236/2236
f 649/649 651/651 650/650
f 2229/2229 2232/2232 2233/2233
f 2229/2229 2233/2233 2234/2234
f 648/648 649/649 650/650
f 2235/2235 2236/2236 2237/2237
f 2238/2238 2235/2235 2237/2237
f 2251/2251 2252/2252 2253/2253
f 329/329 312/312 310/310
f 348/348 329/329 310/310
f 1615/1615 1627/1627 1626/1626
f 1615/1615 1626/1626 1614/1614
f 2254/2254 2255/2255 2256/2256
f 2255/2255 2257/2257 2256/2256
f 2255/2255 2258/2258 2260/2260
f 2258/2258 2261/2261 2260/2260
f 2258/2258 2254/2254 2259/2259
f 2258/2258 2255/2255 2254/2254
f 58/58 55/55 57/57
f 1611/1611 1610/1610 1612/1612
f 1612/1612 1610/1610 1613/1613
f 1615/1615 1614/1614 1610/1610
f 1610/1610 1614/1614 1613/1613
f 1646/1646 1645/1645 1643/1643
f 1645/1645 1644/1644 1643/1643
f 1235/1235 1239/1239 1236/1236
f 1240/1240 1239/1239 1235/1235
f 1644/1644 1647/1647 1648/1648
f 1645/1645 1647/1647 1644/1644
f 2208/2208 2207/2207 2210/2210
f 2207/2207 2208/2208 2209/2209
f 1235/1235 1236/1236 1237/1237
f 1237/1237 1236/1236 1238/1238
f 2208/2208 2210/2210 2215/2215
f 2210/2210 2216/2216 2215/2215
f 1241/1241 1240/1240 1242/1242
f 1241/1241 1239/1239 1240/1240
f 1967/1967 1968/1968 1969/1969
f 1967/1967 1969/1969 1970/1970
f 338/338 349/349 309/309
f 338/338 309/309 305/305
f 305/305 306/306 304/304
f 303/303 305/305 304/304
f 310/310 311/311 260/260
f 309/309 310/310 260/260
f 309/309 260/260 308/308
f 306/306 309/309 308/308
f 305/305 309/309 306/306
f 303/303 338/338 305/305
f 344/344 338/338 303/303
f 348/348 310/310 349/349
f 349/349 310/310 309/309
f 290/290 260/260 259/259
f 308/308 260/260 290/290
f 306/306 308/308 290/290
f 306/306 290/290 307/307
f 676/676 674/674 675/675
f 674/674 673/673 675/675
f 333/333 298/298 334/334
f 298/298 297/297 334/334
f 296/296 297/297 298/298
f 304/304 295/295 296/296
f 300/300 304/304 296/296
f 304/304 306/306 295/295
f 306/306 307/307 295/295
f 1903/1903 1929/1929 1927/1927
f 1903/1903 1927/1927 1922/1922
f 1903/1903 1922/1922 1897/1897
f 1352/1352 1358/1358 1357/1357
f 1352/1352 1357/1357 1354/1354
f 1360/1360 1359/1359 1358/1358
f 1358/1358 1359/1359 1357/1357
f 1915/1915 1917/1917 1913/1913
f 1914/1914 1915/1915 1913/1913
f 1914/1914 1913/1913 1909/1909
f 1927/1927 1909/1909 1906/1906
f 1927/1927 1914/1914 1909/1909
f 1918/1918 1914/1914 1927/1927
f 1918/1918 1927/1927 1929/1929
f 1916/1916 1914/1914 1918/1918
f 1914/1914 1916/1916 1915/1915
f 1026/1026 1029/1029 1071/1071
f 1030/1030 1029/1029 1026/1026
f 1028/1028 1075/1075 1029/1029
f 1028/1028 1029/1029 1030/1030
f 1031/1031 1026/1026 1071/1071
f 967/967 969/969 968/968
f 972/972 969/969 971/971
f 971/971 969/969 970/970
f 1002/1002 996/996 1076/1076
f 1002/1002 1076/1076 1077/1077
f 1001/1001 996/996 1002/1002
f 1003/1003 1001/1001 1002/1002
f 1004/1004 1001/1001 1003/1003
f 1005/1005 1004/1004 1003/1003
f 1076/1076 990/990 1074/1074
f 975/975 990/990 1076/1076
f 996/996 965/965 1076/1076
f 965/965 975/975 1076/1076
f 966/966 965/965 996/996
f 966/966 962/962 965/965
f 962/962 964/964 965/965
f 965/965 964/964 974/974
f 965/965 974/974 975/975
f 1001/1001 966/966 996/996
f 1004/1004 966/966 1001/1001
f 1004/1004 967/967 966/966
f 970/970 967/967 1006/1006
f 1006/1006 967/967 1004/1004
f 1005/1005 1006/1006 1004/1004
f 1007/1007 1006/1006 1005/1005
f 970/970 969/969 967/967
f 966/966 967/967 962/962
f 968/968 962/962 967/967
f 1006/1006 1009/1009 970/970
f 971/971 970/970 1009/1009
f 1077/1077 1076/1076 1073/1073
f 1027/1027 1068/1068 1067/1067
f 1027/1027 1031/1031 1068/1068
f 1070/1070 1069/1069 1031/1031
f 1031/1031 1069/1069 1068/1068
f 1015/1015 1017/1017 1016/1016
f 1014/1014 1015/1015 1016/1016
f 1345/1345 1329/1329 1331/1331
f 1067/1067 1068/1068 1014/1014
f 1068/1068 1015/1015 1014/1014
f 1069/1069 980/980 976/976
f 1069/1069 976/976 1017/1017
f 976/976 978/978 1017/1017
f 1017/1017 978/978 1018/1018
f 980/980 981/981 977/977
f 980/980 977/977 976/976
f 977/977 979/979 978/978
f 976/976 977/977 978/978
f 1070/1070 983/983 980/980
f 1070/1070 980/980 1069/1069
f 1017/1017 1018/1018 1016/1016
f 2262/2262 2263/2263 2264/2264
f 2262/2262 2264/2264 2265/2265
f 975/975 974/974 991/991
f 975/975 991/991 990/990
f 988/988 990/990 989/989
f 990/990 991/991 989/989
f 1029/1029 1075/1075 986/986
f 988/988 986/986 1075/1075
f 990/990 988/988 1075/1075
f 1074/1074 990/990 1075/1075
f 1028/1028 1074/1074 1075/1075
f 1073/1073 1074/1074 1028/1028
f 1076/1076 1074/1074 1073/1073
f 988/988 989/989 987/987
f 988/988 987/987 986/986
f 986/986 987/987 984/984
f 986/986 984/984 985/985
f 984/984 982/982 983/983
f 985/985 984/984 983/983
f 1029/1029 986/986 985/985
f 1071/1071 1070/1070 1031/1031
f 1071/1071 985/985 983/983
f 980/980 982/982 981/981
f 983/983 982/982 980/980
f 1071/1071 983/983 1070/1070
f 1029/1029 985/985 1071/1071
f 1008/1008 1007/1007 1005/1005
f 1011/1011 1007/1007 1008/1008
f 1009/1009 1006/1006 1007/1007
f 1010/1010 1009/1009 1007/1007
f 623/623 620/620 621/621
f 624/624 623/623 621/621
f 624/624 621/621 625/625
f 621/621 626/626 625/625
f 1181/1181 1159/1159 1161/1161
f 1165/1165 1181/1181 1161/1161
f 1165/1165 1180/1180 1181/1181
f 1165/1165 1166/1166 1180/1180
f 1830/1830 1824/1824 1829/1829
f 1829/1829 1824/1824 1825/1825
f 1827/1827 1825/1825 1820/1820
f 1855/1855 1856/1856 1857/1857
f 1855/1855 1857/1857 1858/1858
f 1174/1174 1178/1178 1177/1177
f 1179/1179 1178/1178 1174/1174
f 1810/1810 1784/1784 1811/1811
f 1827/1827 1811/1811 1784/1784
f 1827/1827 1820/1820 1811/1811
f 1805/1805 1827/1827 1784/1784
f 1783/1783 1805/1805 1784/1784
f 1786/1786 1784/1784 1806/1806
f 1784/1784 1810/1810 1806/1806
f 1782/1782 1783/1783 1784/1784
f 1782/1782 1784/1784 1786/1786
f 1813/1813 1817/1817 1816/1816
f 1815/1815 1813/1813 1816/1816
f 1814/1814 1813/1813 1815/1815
f 1812/1812 1813/1813 1814/1814
f 1821/1821 1812/1812 1814/1814
f 1806/1806 1812/1812 1821/1821
f 1788/1788 1806/1806 1790/1790
f 1806/1806 1821/1821 1790/1790
f 1806/1806 1810/1810 1812/1812
f 1810/1810 1811/1811 1812/1812
f 1812/1812 1811/1811 1813/1813
f 1820/1820 1817/1817 1813/1813
f 1811/1811 1820/1820 1813/1813
f 1174/1174 1177/1177 1176/1176
f 1174/1174 1176/1176 1168/1168
f 1176/1176 1166/1166 1168/1168
f 1176/1176 1180/1180 1166/1166
f 1898/1898 1897/1897 1896/1896
f 1903/1903 1897/1897 1898/1898
f 992/992 993/993 979/979
f 977/977 992/992 979/979
f 1343/1343 1341/1341 1328/1328
f 1343/1343 1328/1328 1342/1342
f 1901/1901 1902/1902 1900/1900
f 1341/1341 1325/1325 1328/1328
f 725/725 726/726 721/721
f 719/719 725/725 721/721
f 1899/1899 1898/1898 1896/1896
f 720/720 719/719 721/721
f 720/720 721/721 722/722
f 1899/1899 1896/1896 1900/1900
f 1900/1900 1896/1896 1901/1901
f 974/974 1000/1000 991/991
f 974/974 994/994 1000/1000
f 1281/1281 1283/1283 1282/1282
f 1280/1280 1281/1281 1282/1282
f 964/964 995/995 994/994
f 964/964 994/994 974/974
f 199/199 200/200 201/201
f 2266/2266 2267/2267 2268/2268
f 717/717 718/718 713/713
f 717/717 713/713 716/716
f 1364/1364 1362/1362 1361/1361
f 1365/1365 1364/1364 1361/1361
f 2279/2279 2276/2276 2270/2270
f 1366/1366 1370/1370 1365/1365
f 1366/1366 1365/1365 1361/1361
f 1366/1366 1361/1361 1367/1367
f 2280/2280 2279/2279 2270/2270
f 2284/2284 2285/2285 2286/2286
f 2287/2287 2284/2284 2286/2286
f 2283/2283 2281/2281 2282/2282
f 2281/2281 2269/2269 2282/2282
f 1386/1386 1385/1385 1384/1384
f 2280/2280 2270/2270 2269/2269
f 2281/2281 2280/2280 2269/2269
f 1369/1369 1383/1383 1384/1384
f 1369/1369 1368/1368 1383/1383
f 1384/1384 1385/1385 1369/1369
f 1366/1366 1367/1367 1368/1368
f 1369/1369 1366/1366 1368/1368
f 1362/1362 1380/1380 1363/1363
f 1361/1361 1362/1362 1363/1363
f 2276/2276 2273/2273 2270/2270
f 2270/2270 2273/2273 2271/2271
f 2269/2269 2270/2270 2271/2271
f 2269/2269 2271/2271 2272/2272
f 1375/1375 1376/1376 1352/1352
f 1375/1375 1352/1352 1351/1351
f 1375/1375 1374/1374 1376/1376
f 1373/1373 1374/1374 1375/1375
f 2288/2288 2289/2289 2290/2290
f 2289/2289 2291/2291 2290/2290
f 1376/1376 1377/1377 1378/1378
f 1374/1374 1377/1377 1376/1376
f 2273/2273 2274/2274 2271/2271
f 2271/2271 2274/2274 2275/2275
f 1351/1351 1353/1353 1355/1355
f 1355/1355 1353/1353 1356/1356
f 1352/1352 1354/1354 1353/1353
f 1351/1351 1352/1352 1353/1353
f 1254/1254 1255/1255 1256/1256
f 1255/1255 1257/1257 1256/1256
f 1382/1382 1375/1375 1355/1355
f 1375/1375 1351/1351 1355/1355
f 2292/2292 2293/2293 2294/2294
f 2292/2292 2294/2294 2295/2295
f 713/713 724/724 723/723
f 987/987 1012/1012 984/984
f 1413/1413 1410/1410 1414/1414
f 1013/1013 1012/1012 987/987
f 1410/1410 1412/1412 1414/1414
f 2296/2296 2297/2297 2298/2298
f 1410/1410 1411/1411 1412/1412
f 1418/1418 1417/1417 1420/1420
f 2302/2302 2300/2300 2299/2299
f 2299/2299 2300/2300 2301/2301
f 1416/1416 1417/1417 1418/1418
f 998/998 999/999 981/981
f 1416/1416 1419/1419 1417/1417
f 998/998 981/981 982/982
f 1415/1415 1419/1419 1416/1416
f 982/982 1012/1012 998/998
f 982/982 984/984 1012/1012
f 1415/1415 1414/1414 1419/1419
f 1415/1415 1413/1413 1414/1414
f 989/989 1013/1013 987/987
f 989/989 997/997 1013/1013
f 1000/1000 997/997 991/991
f 991/991 997/997 989/989
f 2277/2277 2278/2278 2273/2273
f 2276/2276 2277/2277 2273/2273
f 2363/2363 2365/2365 2370/2370
f 1380/1380 1379/1379 1374/1374
f 1374/1374 1379/1379 1377/1377
f 1381/1381 1380/1380 1362/1362
f 1380/1380 1381/1381 1379/1379
f 2367/2367 2369/2369 2368/2368
f 2366/2366 2367/2367 2368/2368
f 2368/2368 2401/2401 2402/2402
f 2368/2368 2369/2369 2401/2401
f 713/713 723/723 714/714
f 714/714 719/719 715/715
f 715/715 719/719 720/720
f 713/713 714/714 715/715
f 716/716 713/713 715/715
f 2463/2463 2464/2464 2465/2465
f 2466/2466 2467/2467 2468/2468
f 806/806 807/807 808/808
f 1546/1546 1547/1547 1548/1548
f 1554/1554 1555/1555 1556/1556
f 1775/1775 1776/1776 1777/1777
f 628/628 629/629 632/632
f 629/629 634/634 632/632
f 814/814 809/809 812/812
f 812/812 809/809 811/811
f 628/628 633/633 627/627
f 628/628 632/632 633/633
f 1790/1790 1822/1822 1807/1807
f 1791/1791 1790/1790 1807/1807
f 1798/1798 1791/1791 1807/1807
f 1828/1828 1798/1798 1807/1807
f 1685/1685 1689/1689 1690/1690
f 814/814 806/806 809/809
f 806/806 808/808 809/809
f 684/684 683/683 685/685
f 1391/1391 1392/1392 1393/1393
f 684/684 678/678 683/683
f 678/678 680/680 683/683
f 10/10 12/12 13/13
f 10/10 11/11 12/12
f 682/682 681/681 679/679
f 678/678 679/679 680/680
f 681/681 680/680 679/679
f 1401/1401 1400/1400 1402/1402
f 1399/1399 1400/1400 1401/1401
f 1821/1821 1814/1814 1826/1826
f 1821/1821 1826/1826 1790/1790
f 1822/1822 1790/1790 1826/1826
f 1789/1789 1791/1791 1796/1796
f 1796/1796 1791/1791 1798/1798
f 1689/1689 1685/1685 1688/1688
f 247/247 248/248 249/249
f 1835/1835 1834/1834 1833/1833
f 1841/1841 1835/1835 1833/1833
f 601/601 600/600 602/602
f 601/601 602/602 603/603
f 1335/1335 1337/1337 1339/1339
f 1842/1842 1844/1844 1843/1843
f 1337/1337 1338/1338 1339/1339
f 1340/1340 1335/1335 1339/1339
f 1842/1842 1838/1838 1840/1840
f 1842/1842 1843/1843 1838/1838
f 1833/1833 1802/1802 1832/1832
f 1832/1832 1802/1802 1799/1799
f 1832/1832 1799/1799 1796/1796
f 1832/1832 1796/1796 1808/1808
f 1808/1808 1796/1796 1798/1798
f 1808/1808 1798/1798 1809/1809
f 2469/2469 2470/2470 2471/2471
f 811/811 810/810 813/813
f 2472/2472 2473/2473 2474/2474
f 809/809 810/810 811/811
f 2475/2475 2476/2476 2477/2477
f 808/808 830/830 810/810
f 809/809 808/808 810/810
f 1809/1809 1798/1798 1828/1828
f 1840/1840 1838/1838 1837/1837
f 1837/1837 1838/1838 1836/1836
f 1835/1835 1836/1836 1834/1834
f 1836/1836 1835/1835 1837/1837
f 526/526 533/533 535/535
f 2409/2409 2408/2408 2404/2404
f 2414/2414 2407/2407 2413/2413
f 2414/2414 2413/2413 2415/2415
f 2407/2407 2408/2408 2413/2413
f 2408/2408 2416/2416 2413/2413
f 2499/2499 2501/2501 2509/2509
f 2499/2499 2500/2500 2501/2501
f 1284/1284 1285/1285 1286/1286
f 1287/1287 1286/1286 1285/1285
f 444/444 443/443 434/434
f 533/533 536/536 535/535
f 537/537 536/536 533/533
f 905/905 906/906 907/907
f 905/905 907/907 908/908
f 368/368 378/378 376/376
f 368/368 376/376 369/369
f 2513/2513 2522/2522 2526/2526
f 2513/2513 2526/2526 2514/2514
f 2517/2517 2523/2523 2522/2522
f 2517/2517 2522/2522 2513/2513
f 2517/2517 2513/2513 2516/2516
f 2515/2515 2516/2516 2513/2513
f 2515/2515 2514/2514 2521/2521
f 2513/2513 2514/2514 2515/2515
f 371/371 368/368 370/370
f 368/368 369/369 370/370
f 379/379 373/373 372/372
f 370/370 372/372 373/373
f 374/374 371/371 373/373
f 371/371 370/370 373/373
f 2198/2198 2199/2199 2196/2196
f 2198/2198 2196/2196 2197/2197
f 2187/2187 2188/2188 2189/2189
f 2188/2188 2187/2187 2190/2190
f 923/923 922/922 921/921
f 922/922 923/923 924/924
f 2523/2523 2524/2524 2522/2522
f 2523/2523 2525/2525 2524/2524
f 2421/2421 2419/2419 2422/2422
f 2511/2511 2512/2512 2491/2491
f 2511/2511 2491/2491 2510/2510
f 2421/2421 2422/2422 2423/2423
f 2426/2426 2421/2421 2423/2423
f 863/863 860/860 864/864
f 882/882 880/880 879/879
f 1284/1284 1291/1291 1290/1290
f 1285/1285 1284/1284 1290/1290
f 2422/2422 2424/2424 2423/2423
f 2423/2423 2424/2424 2425/2425
f 2403/2403 2404/2404 2405/2405
f 2405/2405 2404/2404 2406/2406
f 2408/2408 2407/2407 2404/2404
f 2406/2406 2404/2404 2407/2407
f 2494/2494 2493/2493 2488/2488
f 2488/2488 2484/2484 2487/2487
f 2487/2487 2489/2489 2488/2488
f 2487/2487 2484/2484 2486/2486
f 2484/2484 2485/2485 2486/2486
f 2495/2495 2494/2494 2488/2488
f 2493/2493 2484/2484 2488/2488
f 2484/2484 2493/2493 2496/2496
f 2349/2349 2348/2348 2350/2350
f 2347/2347 2348/2348 2349/2349
f 909/909 916/916 905/905
f 2421/2421 2420/2420 2419/2419
f 2529/2529 2530/2530 2531/2531
f 443/443 436/436 434/434
f 644/644 645/645 646/646
f 644/644 646/646 647/647
f 906/906 917/917 918/918
f 905/905 916/916 917/917
f 905/905 917/917 906/906
f 2509/2509 2501/2501 2498/2498
f 920/920 921/921 919/919
f 921/921 922/922 919/919
f 2497/2497 2486/2486 2498/2498
f 2485/2485 2498/2498 2486/2486
f 2485/2485 2509/2509 2498/2498
f 920/920 919/919 917/917
f 917/917 919/919 918/918
f 2491/2491 2490/2490 2492/2492
f 2510/2510 2491/2491 2492/2492
f 911/911 910/910 912/912
f 911/911 909/909 910/910
f 913/913 910/910 915/915
f 912/912 910/910 913/913
f 879/879 880/880 881/881
f 914/914 912/912 913/913
f 2491/2491 2489/2489 2490/2490
f 2489/2489 2487/2487 2490/2490
f 909/909 911/911 927/927
f 927/927 916/916 909/909
f 909/909 908/908 910/910
f 909/909 905/905 908/908
f 789/789 790/790 791/791
f 791/791 790/790 792/792
f 369/369 376/376 375/375
f 376/376 377/377 375/375
f 370/370 369/369 372/372
f 372/372 369/369 375/375
f 2519/2519 2516/2516 2518/2518
f 2516/2516 2515/2515 2518/2518
f 2518/2518 2515/2515 2520/2520
f 2520/2520 2515/2515 2521/2521
f 374/374 373/373 380/380
f 381/381 380/380 373/373
f 2527/2527 2528/2528 2518/2518
f 2518/2518 2520/2520 2527/2527
f 2197/2197 2196/2196 2192/2192
f 2196/2196 2195/2195 2192/2192
f 869/869 868/868 865/865
f 865/865 868/868 866/866
f 754/754 757/757 749/749
f 968/968 969/969 973/973
f 447/447 437/437 445/445
f 1268/1268 1269/1269 1270/1270
f 195/195 196/196 197/197
f 198/198 195/195 197/197
f 445/445 437/437 439/439
f 446/446 445/445 439/439
f 962/962 963/963 964/964
f 2533/2533 2534/2534 2535/2535
f 758/758 753/753 757/757
f 753/753 749/749 757/757
f 2390/2390 2378/2378 2383/2383
f 2378/2378 2390/2390 2359/2359
f 2378/2378 2377/2377 2379/2379
f 2380/2380 2378/2378 2379/2379
f 2383/2383 2378/2378 2380/2380
f 2383/2383 2382/2382 2384/2384
f 2382/2382 2383/2383 2380/2380
f 2380/2380 2379/2379 2381/2381
f 2382/2382 2380/2380 2381/2381
f 2536/2536 2538/2538 2540/2540
f 2536/2536 2540/2540 2541/2541
f 202/202 207/207 206/206
f 206/206 205/205 202/202
f 202/202 205/205 203/203
f 202/202 203/203 204/204
f 755/755 751/751 756/756
f 751/751 755/755 754/754
f 2544/2544 2541/2541 2545/2545
f 2536/2536 2541/2541 2544/2544
f 2546/2546 2547/2547 2548/2548
f 2539/2539 2538/2538 2537/2537
f 2536/2536 2537/2537 2538/2538
f 1387/1387 1388/1388 1385/1385
f 1387/1387 1385/1385 1386/1386
f 1389/1389 1388/1388 1387/1387
f 1390/1390 1389/1389 1387/1387
f 1371/1371 1370/1370 1366/1366
f 1370/1370 1372/1372 1364/1364
f 1370/1370 1364/1364 1365/1365
f 2362/2362 2361/2361 2363/2363
f 2362/2362 2363/2363 2371/2371
f 2375/2375 2358/2358 2360/2360
f 2389/2389 2393/2393 2357/2357
f 2391/2391 2389/2389 2390/2390
f 2391/2391 2390/2390 2397/2397
f 2359/2359 2389/2389 2357/2357
f 2325/2325 2328/2328 2326/2326
f 2325/2325 2326/2326 2327/2327
f 2432/2432 2430/2430 2428/2428
f 2428/2428 2430/2430 2431/2431
f 2357/2357 2358/2358 2359/2359
f 2359/2359 2358/2358 2375/2375
f 2399/2399 2396/2396 2398/2398
f 2396/2396 2397/2397 2398/2398
f 2395/2395 2391/2391 2396/2396
f 2396/2396 2391/2391 2397/2397
f 2392/2392 2393/2393 2389/2389
f 2392/2392 2389/2389 2391/2391
f 2391/2391 2394/2394 2392/2392
f 2395/2395 2394/2394 2391/2391
f 1288/1288 1289/1289 1284/1284
f 1286/1286 1288/1288 1284/1284
f 865/865 866/866 867/867
f 860/860 863/863 861/861
f 2438/2438 2433/2433 2439/2439
f 2438/2438 2439/2439 2440/2440
f 2438/2438 2427/2427 2433/2433
f 2429/2429 2433/2433 2427/2427
f 2417/2417 2403/2403 2405/2405
f 2418/2418 2417/2417 2405/2405
f 2418/2418 2405/2405 2419/2419
f 2420/2420 2418/2418 2419/2419
f 2428/2428 2431/2431 2429/2429
f 2532/2532 2530/2530 2529/2529
f 2376/2376 2362/2362 2386/2386
f 2386/2386 2362/2362 2388/2388
f 2360/2360 2361/2361 2362/2362
f 2376/2376 2360/2360 2362/2362
f 2375/2375 2360/2360 2376/2376
f 2375/2375 2376/2376 2377/2377
f 2377/2377 2376/2376 2386/2386
f 2379/2379 2377/2377 2386/2386
f 2377/2377 2359/2359 2375/2375
f 2378/2378 2359/2359 2377/2377
f 2379/2379 2386/2386 2385/2385
f 2381/2381 2379/2379 2385/2385
f 2386/2386 2388/2388 2387/2387
f 2386/2386 2387/2387 2385/2385
f 749/749 752/752 750/750
f 749/749 753/753 752/752
f 2384/2384 2400/2400 2383/2383
f 2400/2400 2398/2398 2383/2383
f 2542/2542 2539/2539 2537/2537
f 2543/2543 2542/2542 2537/2537
f 749/749 750/750 751/751
f 754/754 749/749 751/751
f 2361/2361 2374/2374 2373/2373
f 2360/2360 2374/2374 2361/2361
f 2358/2358 2374/2374 2360/2360
f 2370/2370 2371/2371 2363/2363
f 2390/2390 2389/2389 2359/2359
f 2365/2365 2364/2364 2366/2366
f 2363/2363 2372/2372 2364/2364
f 2363/2363 2364/2364 2365/2365
f 2364/2364 2367/2367 2366/2366
f 2373/2373 2372/2372 2361/2361
f 2363/2363 2361/2361 2372/2372
f 2427/2427 2428/2428 2429/2429
f 2398/2398 2397/2397 2390/2390
f 2398/2398 2390/2390 2383/2383
f 857/857 856/856 858/858
f 856/856 853/853 858/858
f 1214/1214 1215/1215 1216/1216
f 1214/1214 1216/1216 1217/1217
f 208/208 209/209 210/210
f 209/209 211/211 210/210
f 209/209 212/212 211/211
f 209/209 213/213 212/212
f 128/128 127/127 129/129
f 126/126 127/127 128/128
f 428/428 429/429 431/431
f 428/428 431/431 430/430
f 421/421 439/439 429/429
f 421/421 429/429 428/428
f 408/408 407/407 421/421
f 421/421 428/428 408/408
f 408/408 428/428 430/430
f 408/408 430/430 427/427
f 406/406 408/408 409/409
f 122/122 124/124 125/125
f 122/122 123/123 124/124
f 406/406 407/407 408/408
f 409/409 408/408 427/427
f 409/409 427/427 426/426
f 1487/1487 1484/1484 1486/1486
f 1486/1486 1484/1484 1485/1485
f 1202/1202 1203/1203 1204/1204
f 1204/1204 1203/1203 1205/1205
f 181/181 182/182 180/180
f 181/181 180/180 177/177
f 184/184 185/185 183/183
f 184/184 186/186 185/185
f 182/182 184/184 183/183
f 182/182 183/183 180/180
f 2303/2303 2304/2304 2305/2305
f 2310/2310 2304/2304 2303/2303
f 859/859 854/854 856/856
f 856/856 854/854 853/853
f 458/458 459/459 460/460
f 458/458 460/460 461/461
f 2455/2455 2456/2456 2457/2457
f 761/761 763/763 764/764
f 765/765 764/764 763/763
f 761/761 762/762 763/763
f 763/763 762/762 766/766
f 434/434 435/435 433/433
f 437/437 434/434 432/432
f 437/437 444/444 434/434
f 432/432 434/434 433/433
f 439/439 437/437 432/432
f 439/439 432/432 429/429
f 432/432 433/433 431/431
f 429/429 432/432 431/431
f 892/892 893/893 894/894
f 893/893 895/895 894/894
f 419/419 416/416 420/420
f 418/418 416/416 419/419
f 417/417 416/416 418/418
f 414/414 415/415 416/416
f 415/415 424/424 420/420
f 416/416 415/415 420/420
f 417/417 414/414 416/416
f 187/187 188/188 189/189
f 187/187 189/189 190/190
f 130/130 131/131 132/132
f 132/132 131/131 133/133
f 177/177 178/178 179/179
f 1347/1347 1348/1348 1349/1349
f 1347/1347 1349/1349 1350/1350
f 454/454 453/453 452/452
f 452/452 453/453 449/449
f 1087/1087 1086/1086 1085/1085
f 1084/1084 1085/1085 1086/1086
f 414/414 413/413 415/415
f 413/413 410/410 423/423
f 410/410 425/425 423/423
f 412/412 413/413 414/414
f 413/413 423/423 424/424
f 415/415 413/413 424/424
f 1691/1691 1692/1692 1693/1693
f 1691/1691 1693/1693 1694/1694
f 410/410 426/426 425/425
f 410/410 409/409 426/426
f 412/412 410/410 413/413
f 411/411 410/410 412/412
f 406/406 409/409 410/410
f 411/411 406/406 410/410
f 176/176 173/173 175/175
f 173/173 174/174 175/175
f 177/177 180/180 178/178
f 1926/1926 1917/1917 1916/1916
f 1916/1916 1917/1917 1915/1915
f 1190/1190 1143/1143 1191/1191
f 217/217 215/215 214/214
f 214/214 215/215 216/216
f 1210/1210 1211/1211 1212/1212
f 1210/1210 1212/1212 1213/1213
f 194/194 192/192 191/191
f 191/191 192/192 193/193
f 748/748 745/745 747/747
f 745/745 746/746 747/747
f 2434/2434 2436/2436 2437/2437
f 2435/2435 2427/2427 2436/2436
f 2427/2427 2438/2438 2436/2436
f 2456/2456 2458/2458 2457/2457
f 434/434 436/436 435/435
f 435/435 436/436 438/438
f 2314/2314 2312/2312 2315/2315
f 2317/2317 2318/2318 2319/2319
f 2317/2317 2320/2320 2318/2318
f 2321/2321 2322/2322 2323/2323
f 2321/2321 2323/2323 2324/2324
f 2314/2314 2315/2315 2316/2316
f 2309/2309 2308/2308 2307/2307
f 2306/2306 2307/2307 2308/2308
f 2311/2311 2312/2312 2313/2313
f 2313/2313 2312/2312 2314/2314
f 457/457 452/452 448/448
f 452/452 449/449 448/448
f 448/448 449/449 450/450
f 451/451 448/448 450/450
f 2434/2434 2435/2435 2436/2436
f 2442/2442 2441/2441 2434/2434
f 2441/2441 2435/2435 2434/2434
f 2459/2459 2460/2460 2461/2461
f 2459/2459 2462/2462 2460/2460
f 455/455 452/452 456/456
f 452/452 455/455 454/454
f 2304/2304 2306/2306 2305/2305
f 2304/2304 2307/2307 2306/2306
f 832/832 823/823 827/827
f 832/832 821/821 823/823
f 833/833 821/821 832/832
f 486/486 485/485 487/487
f 485/485 488/488 487/487
f 604/604 601/601 603/603
f 1859/1859 1860/1860 1861/1861
f 819/819 820/820 817/817
f 819/819 817/817 818/818
f 396/396 400/400 397/397
f 400/400 396/396 401/401
f 224/224 225/225 226/226
f 227/227 224/224 226/226
f 397/397 399/399 398/398
f 396/396 397/397 398/398
f 827/827 829/829 830/830
f 828/828 829/829 827/827
f 825/825 826/826 822/822
f 824/824 825/825 822/822
f 826/826 831/831 828/828
f 822/822 826/826 828/828
f 822/822 828/828 827/827
f 823/823 822/822 827/827
f 821/821 822/822 823/823
f 821/821 824/824 822/822
f 1639/1639 1636/1636 1638/1638
f 582/582 579/579 581/581
f 796/796 797/797 801/801
f 71/71 72/72 73/73
f 74/74 72/72 71/71
f 67/67 68/68 69/69
f 67/67 69/69 70/70
f 796/796 801/801 802/802
f 66/66 64/64 63/63
f 63/63 64/64 65/65
f 793/793 794/794 795/795
f 798/798 794/794 793/793
f 796/796 795/795 797/797
f 793/793 795/795 796/796
f 800/800 799/799 798/798
f 783/783 782/782 788/788
f 887/887 890/890 888/888
f 657/657 658/658 659/659
f 1248/1248 1249/1249 1247/1247
f 1248/1248 1247/1247 1246/1246
f 1246/1246 1247/1247 1245/1245
f 1244/1244 1246/1246 1245/1245
f 1243/1243 1244/1244 1245/1245
f 595/595 600/600 599/599
f 599/599 600/600 601/601
f 816/816 815/815 810/810
f 810/810 815/815 813/813
f 810/810 829/829 816/816
f 830/830 829/829 810/810
f 1319/1319 1321/1321 1324/1324
f 47/47 49/49 50/50
f 599/599 601/601 604/604
f 47/47 48/48 49/49
f 818/818 817/817 816/816
f 816/816 817/817 815/815
f 578/578 581/581 579/579
f 605/605 578/578 593/593
f 1323/1323 1322/1322 1320/1320
f 61/61 60/60 62/62
f 59/59 60/60 61/61
f 802/802 801/801 803/803
f 581/581 578/578 605/605
f 578/578 579/579 580/580
f 578/578 580/580 592/592
f 592/592 593/593 578/578
f 593/593 592/592 595/595
f 593/593 595/595 599/599
f 228/228 224/224 227/227
f 228/228 227/227 229/229
f 230/230 224/224 228/228
f 230/230 228/228 231/231
f 835/835 834/834 833/833
f 833/833 834/834 821/821
f 2241/2241 2242/2242 2243/2243
f 2243/2243 2242/2242 2244/2244
f 836/836 834/834 835/835
f 839/839 840/840 841/841
f 840/840 839/839 838/838
f 2549/2549 2550/2550 2551/2551
f 840/840 842/842 841/841
f 843/843 842/842 840/840
f 767/767 768/768 769/769
f 844/844 845/845 846/846
f 844/844 842/842 843/843
f 843/843 845/845 844/844
f 837/837 834/834 836/836
f 838/838 837/837 836/836
f 838/838 839/839 837/837
f 236/236 237/237 238/238
f 236/236 238/238 239/239
f 780/780 781/781 782/782
f 780/780 782/782 783/783
f 1319/1319 1320/1320 1321/1321
f 51/51 52/52 53/53
f 54/54 52/52 51/51
f 1322/1322 1321/1321 1320/1320
f 55/55 56/56 57/57
f 887/887 888/888 889/889
f 887/887 889/889 891/891
f 1206/1206 1208/1208 1209/1209
f 846/846 845/845 847/847
f 848/848 847/847 845/845
f 896/896 897/897 898/898
f 896/896 898/898 899/899
f 901/901 903/903 902/902
f 900/900 901/901 902/902
f 27/27 30/30 28/28
f 24/24 25/25 26/26
f 900/900 902/902 904/904
f 27/27 28/28 29/29
f 32/32 31/31 27/27
f 27/27 31/31 30/30
f 2409/2409 2410/2410 2408/2408
f 2409/2409 2412/2412 2411/2411
f 2409/2409 2411/2411 2410/2410
f 2502/2502 2503/2503 2500/2500
f 2499/2499 2502/2502 2500/2500
f 2502/2502 2504/2504 2503/2503
f 2504/2504 2505/2505 2503/2503
f 2506/2506 2504/2504 2502/2502
f 2506/2506 2508/2508 2504/2504
f 2506/2506 2502/2502 2507/2507
f 2507/2507 2502/2502 2499/2499
f 1102/1102 1105/1105 1103/1103
f 1102/1102 1103/1103 1099/1099
f 1103/1103 1104/1104 1099/1099
f 1101/1101 1099/1099 1104/1104
f 1102/1102 1099/1099 1106/1106
f 1106/1106 1099/1099 1098/1098
f 1100/1100 1099/1099 1101/1101
f 1098/1098 1099/1099 1100/1100
f 233/233 235/235 234/234
f 232/232 233/233 234/234
f 1107/1107 1108/1108 1102/1102
f 1106/1106 1107/1107 1102/1102
f 1972/1972 1983/1983 1979/1979
f 1978/1978 1983/1983 1972/1972
f 1232/1232 1231/1231 1229/1229
f 1234/1234 1231/1231 1232/1232
f 1109/1109 1101/1101 1104/1104
f 1109/1109 1104/1104 1110/1110
f 121/121 119/119 120/120
f 2478/2478 2481/2481 2482/2482
f 120/120 119/119 118/118
f 2483/2483 2478/2478 2482/2482
f 2184/2184 2185/2185 2186/2186
f 2170/2170 2173/2173 2174/2174
f 2169/2169 2173/2173 2170/2170
f 2445/2445 2446/2446 2451/2451
f 2445/2445 2451/2451 2452/2452
f 2443/2443 2444/2444 2445/2445
f 2445/2445 2444/2444 2446/2446
f 2452/2452 2451/2451 2453/2453
f 2452/2452 2453/2453 2454/2454
f 2335/2335 2336/2336 2337/2337
f 2335/2335 2338/2338 2336/2336
f 2448/2448 2443/2443 2449/2449
f 2450/2450 2448/2448 2449/2449
f 2448/2448 2447/2447 2443/2443
f 2443/2443 2447/2447 2444/2444
f 2340/2340 2339/2339 2335/2335
f 2339/2339 2338/2338 2335/2335
f 2329/2329 2330/2330 2331/2331
f 2332/2332 2329/2329 2331/2331
f 2167/2167 2170/2170 2171/2171
f 2171/2171 2172/2172 2167/2167
f 2181/2181 2180/2180 2183/2183
f 2166/2166 2169/2169 2167/2167
f 2169/2169 2170/2170 2167/2167
f 2164/2164 2165/2165 2166/2166
f 2163/2163 2165/2165 2164/2164
f 2180/2180 2181/2181 2177/2177
f 2165/2165 2169/2169 2166/2166
f 116/116 117/117 112/112
f 115/115 116/116 112/112
f 118/118 119/119 117/117
f 118/118 117/117 116/116
f 2355/2355 2352/2352 2351/2351
f 2356/2356 2355/2355 2351/2351
f 2352/2352 2354/2354 2353/2353
f 2351/2351 2352/2352 2353/2353
f 2342/2342 2346/2346 2345/2345
f 2344/2344 2342/2342 2345/2345
f 2341/2341 2342/2342 2343/2343
f 2343/2343 2342/2342 2344/2344
f 2333/2333 2332/2332 2331/2331
f 2333/2333 2331/2331 2334/2334
f 2478/2478 2479/2479 2480/2480
f 2481/2481 2478/2478 2480/2480
f 112/112 114/114 115/115
f 112/112 113/113 114/114
f 2163/2163 2164/2164 2156/2156
f 2163/2163 2156/2156 2159/2159
f 2159/2159 2156/2156 2158/2158
f 2160/2160 2159/2159 2158/2158
f 2161/2161 2160/2160 2158/2158
f 2161/2161 2158/2158 2162/2162
f 2164/2164 2166/2166 2167/2167
f 2164/2164 2167/2167 2168/2168
f 2156/2156 2164/2164 2157/2157
f 2157/2157 2164/2164 2168/2168
f 2158/2158 2157/2157 2175/2175
f 2156/2156 2157/2157 2158/2158
f 784/784 786/786 785/785
f 777/777 784/784 785/785
f 2176/2176 2178/2178 2179/2179
f 2176/2176 2177/2177 2178/2178
f 2180/2180 2177/2177 2176/2176
f 2180/2180 2176/2176 2181/2181
f 639/639 642/642 641/641
f 636/636 639/639 641/641
f 860/860 861/861 862/862
f 639/639 643/643 642/642
f 638/638 636/636 635/635
f 638/638 640/640 639/639
f 638/638 639/639 636/636
f 107/107 106/106 105/105
f 108/108 109/109 110/110
f 111/111 109/109 108/108
f 635/635 636/636 637/637
f 1231/1231 1230/1230 1229/1229
f 1231/1231 1233/1233 1230/1230
f 104/104 105/105 106/106
f 103/103 101/101 100/100
f 100/100 101/101 102/102
f 923/923 925/925 924/924
f 924/924 925/925 926/926
f 2181/2181 2182/2182 2180/2180
f 2183/2183 2182/2182 2181/2181
f 753/753 758/758 759/759
f 759/759 758/758 760/760
f 1901/1901 1896/1896 1921/1921
f 1896/1896 1893/1893 1921/1921
f 1275/1275 1276/1276 1277/1277
f 1520/1520 1521/1521 1522/1522
f 1831/1831 1830/1830 1829/1829
f 1803/1803 1831/1831 1829/1829
f 1803/1803 1829/1829 1805/1805
f 1893/1893 1891/1891 1892/1892
f 1892/1892 1891/1891 1890/1890
f 1891/1891 1887/1887 1890/1890
f 1893/1893 1892/1892 1921/1921
f 1890/1890 1887/1887 1889/1889
f 1889/1889 1887/1887 1881/1881
f 1881/1881 1878/1878 1879/1879
f 1879/1879 1878/1878 1877/1877
f 1879/1879 1877/1877 1888/1888
f 1889/1889 1881/1881 1879/1879
f 1895/1895 1894/1894 1893/1893
f 1893/1893 1894/1894 1891/1891
f 1897/1897 1922/1922 1895/1895
f 1922/1922 1904/1904 1895/1895
f 1896/1896 1895/1895 1893/1893
f 1897/1897 1895/1895 1896/1896
f 1881/1881 1880/1880 1878/1878
f 1882/1882 1880/1880 1881/1881
f 1887/1887 1885/1885 1882/1882
f 1887/1887 1882/1882 1881/1881
f 1793/1793 1787/1787 1792/1792
f 1793/1793 1804/1804 1787/1787
f 1878/1878 1880/1880 1871/1871
f 1877/1877 1878/1878 1871/1871
f 1885/1885 1884/1884 1882/1882
f 1882/1882 1884/1884 1883/1883
f 1882/1882 1883/1883 1880/1880
f 1880/1880 1883/1883 1886/1886
f 2552/2552 2553/2553 2554/2554
f 2552/2552 2554/2554 2555/2555
f 1782/1782 1786/1786 1787/1787
f 1804/1804 1782/1782 1787/1787
f 1278/1278 1275/1275 1277/1277
f 1873/1873 1870/1870 1869/1869
f 1870/1870 1862/1862 1869/1869
f 1869/1869 1862/1862 1865/1865
f 1279/1279 1275/1275 1278/1278
f 1877/1877 1871/1871 1873/1873
f 1873/1873 1871/1871 1870/1870
f 1852/1852 1804/1804 1793/1793
f 1853/1853 1852/1852 1793/1793
f 1874/1874 1877/1877 1873/1873
f 1888/1888 1877/1877 1874/1874
f 1874/1874 1873/1873 1869/1869
f 1874/1874 1869/1869 1875/1875
f 1875/1875 1869/1869 1876/1876
f 1853/1853 1854/1854 1852/1852
f 1801/1801 1785/1785 1782/1782
f 1785/1785 1783/1783 1782/1782
f 1862/1862 1863/1863 1864/1864
f 1862/1862 1864/1864 1865/1865
f 1865/1865 1864/1864 1866/1866
f 1865/1865 1866/1866 1867/1867
f 37/37 38/38 39/39
f 1804/1804 1801/1801 1782/1782
f 1870/1870 1868/1868 1862/1862
f 1862/1862 1868/1868 1863/1863
f 1783/1783 1803/1803 1805/1805
f 1785/1785 1803/1803 1783/1783
f 1907/1907 1910/1910 1908/1908
f 1910/1910 1911/1911 1908/1908
f 1791/1791 1789/1789 1790/1790
f 1789/1789 1788/1788 1790/1790
f 1786/1786 1806/1806 1788/1788
f 1787/1787 1786/1786 1788/1788
f 1871/1871 1868/1868 1870/1870
f 1871/1871 1872/1872 1868/1868
f 1789/1789 1792/1792 1787/1787
f 1787/1787 1788/1788 1789/1789
f 1904/1904 1905/1905 1894/1894
f 1895/1895 1904/1904 1894/1894
f 1922/1922 1927/1927 1904/1904
f 1904/1904 1927/1927 1906/1906
f 1904/1904 1906/1906 1905/1905
f 1906/1906 1907/1907 1905/1905
f 1917/1917 1925/1925 1913/1913
f 1912/1912 1919/1919 1911/1911
f 1910/1910 1912/1912 1911/1911
f 1913/1913 1925/1925 1912/1912
f 939/939 940/940 941/941
f 1909/1909 1910/1910 1907/1907
f 1906/1906 1909/1909 1907/1907
f 1909/1909 1912/1912 1910/1910
f 1909/1909 1913/1913 1912/1912
f 606/606 619/619 618/618
f 620/620 618/618 619/619
f 620/620 619/619 621/621
f 1766/1766 1750/1750 1768/1768
f 1725/1725 1723/1723 1726/1726
f 1723/1723 1759/1759 1726/1726
f 1754/1754 1760/1760 1752/1752
f 1760/1760 1727/1727 1752/1752
f 1753/1753 1754/1754 1752/1752
f 1753/1753 1752/1752 1738/1738
f 607/607 611/611 609/609
f 609/609 612/612 613/613
f 611/611 612/612 609/609
f 607/607 609/609 608/608
f 1724/1724 1722/1722 1723/1723
f 613/613 614/614 615/615
f 1725/1725 1724/1724 1723/1723
f 612/612 614/614 613/613
f 614/614 617/617 615/615
f 1167/1167 1166/1166 1164/1164
f 1166/1166 1165/1165 1164/1164
f 1167/1167 1164/1164 1175/1175
f 1170/1170 1167/1167 1175/1175
f 1175/1175 1164/1164 1162/1162
f 1515/1515 1516/1516 1517/1517
f 1/1 2/2 3/3
f 1165/1165 1161/1161 1164/1164
f 1164/1164 1161/1161 1162/1162
f 1175/1175 1162/1162 1183/1183
f 1560/1560 1561/1561 1562/1562
f 1394/1394 1395/1395 1396/1396
f 1394/1394 1396/1396 1397/1397
f 1406/1406 1407/1407 1408/1408
f 1824/1824 1820/1820 1825/1825
f 1824/1824 1823/1823 1820/1820
f 1398/1398 1395/1395 1394/1394
f 1407/1407 1409/1409 1408/1408
f 520/520 516/516 515/515
f 1823/1823 1819/1819 1820/1820
f 1817/1817 1820/1820 1819/1819
f 1767/1767 1753/1753 1766/1766
f 1753/1753 1738/1738 1766/1766
f 1616/1616 1620/1620 1619/1619
f 1623/1623 1624/1624 1621/1621
f 1622/1622 1623/1623 1621/1621
f 1620/1620 1622/1622 1621/1621
f 1620/1620 1621/1621 1619/1619
f 1616/1616 1619/1619 1617/1617
f 654/654 655/655 656/656
f 1623/1623 1625/1625 1624/1624
f 279/279 336/336 335/335
f 336/336 277/277 340/340
f 336/336 278/278 277/277
f 340/340 277/277 331/331
f 277/277 271/271 331/331
f 654/654 648/648 650/650
f 654/654 650/650 655/655
f 1169/1169 1167/1167 1170/1170
f 1171/1171 1169/1169 1170/1170
f 1184/1184 1185/1185 1172/1172
f 1173/1173 1184/1184 1172/1172
f 314/314 263/263 320/320
f 261/261 263/263 314/314
f 261/261 314/314 265/265
f 1173/1173 1172/1172 1171/1171
f 1172/1172 1169/1169 1171/1171
f 731/731 736/736 735/735
f 735/735 732/732 731/731
f 322/322 323/323 324/324
f 322/322 324/324 321/321
f 263/263 322/322 321/321
f 263/263 321/321 320/320
f 730/730 731/731 732/732
f 1197/1197 1173/1173 1171/1171
f 1196/1196 1197/1197 1171/1171
f 1197/1197 1200/1200 1184/1184
f 1197/1197 1184/1184 1173/1173
f 515/515 516/516 517/517
f 517/517 516/516 518/518
f 1421/1421 1422/1422 1423/1423
f 516/516 519/519 518/518
f 1196/1196 1171/1171 1170/1170
f 319/319 320/320 345/345
f 956/956 960/960 959/959
f 956/956 959/959 957/957
f 955/955 957/957 958/958
f 955/955 956/956 957/957
f 1614/1614 1626/1626 1616/1616
f 1616/1616 1626/1626 1620/1620
f 1688/1688 1685/1685 1687/1687
f 1552/1552 1553/1553 1550/1550
f 330/330 272/272 273/273
f 330/330 273/273 332/332
f 622/622 618/618 620/620
f 622/622 620/620 623/623
f 1817/1817 1819/1819 1818/1818
f 1817/1817 1818/1818 1816/1816
f 1169/1169 1168/1168 1167/1167
f 1168/1168 1166/1166 1167/1167
f 316/316 327/327 328/328
f 317/317 316/316 328/328
f 1174/1174 1168/1168 1169/1169
f 1172/1172 1174/1174 1169/1169
f 1185/1185 1179/1179 1174/1174
f 1185/1185 1174/1174 1172/1172
f 4/4 5/5 6/6
f 260/260 311/311 258/258
f 260/260 258/258 259/259
f 257/257 258/258 256/256
f 310/310 312/312 311/311
f 259/259 258/258 257/257
f 322/322 262/262 323/323
f 325/325 323/323 262/262
f 1456/1456 1457/1457 1458/1458
f 943/943 944/944 945/945
f 326/326 325/325 262/262
f 286/286 326/326 262/262
f 730/730 733/733 731/731
f 734/734 733/733 729/729
f 729/729 733/733 730/730
f 2556/2556 2557/2557 2558/2558
f 618/618 616/616 606/606
f 616/616 610/610 606/606
f 327/327 318/318 337/337
f 316/316 318/318 327/327
f 315/315 313/313 318/318
f 315/315 318/318 316/316
f 313/313 265/265 314/314
f 268/268 265/265 313/313
f 314/314 320/320 319/319
f 313/313 314/314 319/319
f 313/313 319/319 318/318
f 2559/2559 2560/2560 2561/2561
f 318/318 319/319 345/345
f 318/318 345/345 337/337
f 727/727 738/738 737/737
f 737/737 728/728 727/727
f 606/606 607/607 608/608
f 610/610 607/607 606/606
f 1549/1549 1552/1552 1550/1550
f 1549/1549 1550/1550 1551/1551
f 675/675 673/673 670/670
f 675/675 670/670 677/677
f 670/670 671/671 672/672
f 673/673 671/671 670/670
f 281/281 283/283 284/284
f 281/281 284/284 275/275
f 283/283 285/285 284/284
f 284/284 285/285 264/264
f 284/284 264/264 266/266
f 283/283 287/287 285/285
f 317/317 328/328 339/339
f 339/339 328/328 343/343
f 273/273 317/317 332/332
f 339/339 332/332 317/317
f 273/273 315/315 316/316
f 273/273 316/316 317/317
f 289/289 257/257 255/255
f 255/255 288/288 289/289
f 259/259 257/257 290/290
f 290/290 257/257 289/289
f 282/282 292/292 283/283
f 281/281 282/282 283/283
f 291/291 292/292 282/282
f 293/293 291/291 282/282
f 255/255 250/250 288/288
f 287/287 288/288 250/250
f 280/280 282/282 281/281
f 276/276 280/280 281/281
f 294/294 293/293 282/282
f 294/294 282/282 280/280
f 296/296 294/294 297/297
f 275/275 284/284 266/266
f 275/275 266/266 267/267
f 275/275 267/267 270/270
f 274/274 275/275 270/270
f 276/276 281/281 275/275
f 276/276 275/275 274/274
f 307/307 291/291 293/293
f 295/295 307/307 293/293
f 297/297 279/279 334/334
f 334/334 279/279 335/335
f 294/294 279/279 297/297
f 294/294 280/280 279/279
f 472/472 468/468 469/469
f 468/468 466/466 469/469
f 336/336 279/279 278/278
f 279/279 280/280 276/276
f 279/279 276/276 278/278
f 727/727 728/728 729/729
f 729/729 728/728 734/734
f 252/252 251/251 326/326
f 252/252 326/326 286/286
f 955/955 958/958 961/961
f 1403/1403 1404/1404 1405/1405
f 741/741 743/743 744/744
f 743/743 741/741 742/742
f 742/742 741/741 739/739
f 256/256 254/254 255/255
f 257/257 256/256 255/255
f 255/255 254/254 250/250
f 250/250 254/254 253/253
f 288/288 292/292 289/289
f 289/289 292/292 291/291
f 290/290 291/291 307/307
f 291/291 290/290 289/289
f 1616/1616 1617/1617 1618/1618
f 1685/1685 1686/1686 1687/1687
f 739/739 737/737 738/738
f 739/739 740/740 737/737
f 739/739 741/741 740/740
f 250/250 251/251 252/252
f 250/250 253/253 251/251
f 261/261 262/262 263/263
f 263/263 262/262 322/322
f 264/264 261/261 265/265
f 266/266 264/264 265/265
f 271/271 272/272 331/331
f 331/331 272/272 330/330
f 288/288 287/287 292/292
f 292/292 287/287 283/283
f 273/273 269/269 315/315
f 269/269 268/268 313/313
f 269/269 313/313 315/315
f 267/267 268/268 269/269
f 270/270 267/267 269/269
f 296/296 295/295 294/294
f 295/295 293/293 294/294
f 277/277 274/274 271/271
f 271/271 274/274 270/270
f 285/285 252/252 286/286
f 285/285 286/286 264/264
f 475/475 474/474 476/476
f 250/250 252/252 285/285
f 287/287 250/250 285/285
f 475/475 473/473 474/474
f 474/474 473/473 471/471
f 267/267 265/265 268/268
f 267/267 266/266 265/265
f 264/264 262/262 261/261
f 286/286 262/262 264/264
f 276/276 274/274 277/277
f 278/278 276/276 277/277
f 271/271 269/269 272/272
f 473/473 469/469 471/471
f 473/473 472/472 469/469
f 269/269 273/273 272/272
f 271/271 270/270 269/269
f 1157/1157 1131/1131 1132/1132
f 1131/1131 1115/1115 1132/1132
f 1158/1158 1157/1157 1132/1132
f 1157/1157 1158/1158 1159/1159
f 1161/1161 1160/1160 1162/1162
f 1163/1163 1162/1162 1160/1160
f 1162/1162 1182/1182 1183/1183
f 1182/1182 1162/1162 1163/1163
f 1160/1160 1159/1159 1158/1158
f 1161/1161 1159/1159 1160/1160
f 419/419 420/420 440/440
f 1905/1905 1908/1908 1920/1920
f 1262/1262 1264/1264 1265/1265
f 1884/1884 1885/1885 1887/1887
f 1316/1316 1317/1317 1318/1318
f 1262/1262 1263/1263 1264/1264
f 1894/1894 1905/1905 1920/1920
f 1557/1557 1558/1558 1559/1559
f 44/44 45/45 46/46
f 1266/1266 1267/1267 1262/1262
f 1265/1265 1266/1266 1262/1262
f 442/442 422/422 419/419
f 419/419 440/440 441/441
f 442/442 419/419 441/441
f 1137/1137 1189/1189 1145/1145
f 1449/1449 1445/1445 1450/1450
f 1089/1089 1092/1092 1091/1091
f 1507/1507 1483/1483 1481/1481
f 1506/1506 1507/1507 1481/1481
f 1449/1449 1448/1448 1445/1445
f 1449/1449 1450/1450 1451/1451
f 1695/1695 1696/1696 1697/1697
f 1092/1092 1097/1097 1091/1091
f 1445/1445 1446/1446 1447/1447
f 1448/1448 1446/1446 1445/1445
f 1452/1452 1446/1446 1448/1448
f 1452/1452 1453/1453 1446/1446
f 1218/1218 1219/1219 1220/1220
f 1453/1453 1454/1454 1446/1446
f 1145/1145 1189/1189 1193/1193
f 1145/1145 1193/1193 1146/1146
f 1136/1136 1146/1146 1186/1186
f 1136/1136 1145/1145 1146/1146
f 1115/1115 1130/1130 1116/1116
f 1130/1130 1115/1115 1131/1131
f 1133/1133 1186/1186 1187/1187
f 1126/1126 1128/1128 1127/1127
f 1127/1127 1128/1128 1133/1133
f 1127/1127 1133/1133 1187/1187
f 1133/1133 1136/1136 1186/1186
f 1124/1124 1119/1119 1125/1125
f 1124/1124 1123/1123 1119/1119
f 1124/1124 1125/1125 1116/1116
f 1130/1130 1124/1124 1116/1116
f 1123/1123 1126/1126 1120/1120
f 1123/1123 1120/1120 1119/1119
f 1120/1120 1126/1126 1127/1127
f 1543/1543 1544/1544 1545/1545
f 1195/1195 1192/1192 1156/1156
f 1192/1192 1148/1148 1156/1156
f 1147/1147 1135/1135 1134/1134
f 1138/1138 1135/1135 1147/1147
f 1138/1138 1137/1137 1135/1135
f 1138/1138 1139/1139 1137/1137
f 1147/1147 1140/1140 1138/1138
f 1188/1188 1189/1189 1137/1137
f 1149/1149 1140/1140 1147/1147
f 1135/1135 1136/1136 1133/1133
f 1134/1134 1135/1135 1133/1133
f 1135/1135 1137/1137 1136/1136
f 1136/1136 1137/1137 1145/1145
f 1153/1153 1188/1188 1137/1137
f 1139/1139 1153/1153 1137/1137
f 1190/1190 1194/1194 1142/1142
f 1201/1201 1194/1194 1190/1190
f 1194/1194 1144/1144 1142/1142
f 1142/1142 1144/1144 1141/1141
f 1148/1148 1140/1140 1149/1149
f 1148/1148 1143/1143 1140/1140
f 1141/1141 1139/1139 1140/1140
f 1140/1140 1139/1139 1138/1138
f 1142/1142 1141/1141 1140/1140
f 1142/1142 1140/1140 1143/1143
f 1190/1190 1142/1142 1143/1143
f 1143/1143 1148/1148 1192/1192
f 1192/1192 1191/1191 1143/1143
f 1139/1139 1144/1144 1153/1153
f 1141/1141 1144/1144 1139/1139
f 1310/1310 1311/1311 1312/1312
f 1310/1310 1313/1313 1311/1311
f 1905/1905 1907/1907 1908/1908
f 1156/1156 1148/1148 1152/1152
f 1152/1152 1148/1148 1149/1149
f 1149/1149 1147/1147 1154/1154
f 1312/1312 1311/1311 1316/1316
f 1316/1316 1311/1311 1317/1317
f 1152/1152 1149/1149 1154/1154
f 1151/1151 1155/1155 1128/1128
f 1151/1151 1128/1128 1126/1126
f 1147/1147 1134/1134 1154/1154
f 1155/1155 1134/1134 1128/1128
f 1128/1128 1134/1134 1133/1133
f 1154/1154 1134/1134 1155/1155
f 1150/1150 1126/1126 1123/1123
f 1151/1151 1126/1126 1150/1150
f 1088/1088 1090/1090 1093/1093
f 1094/1094 1088/1088 1093/1093
f 1089/1089 1091/1091 1090/1090
f 1088/1088 1089/1089 1090/1090
f 1119/1119 1121/1121 1122/1122
f 1505/1505 1481/1481 1492/1492
f 1505/1505 1506/1506 1481/1481
f 1119/1119 1120/1120 1121/1121
f 1125/1125 1119/1119 1122/1122
f 1129/1129 1125/1125 1122/1122
f 1500/1500 1501/1501 1502/1502
f 1500/1500 1502/1502 1503/1503
f 418/418 419/419 422/422
f 1115/1115 1116/1116 1117/1117
f 1116/1116 1118/1118 1117/1117
f 1314/1314 1313/1313 1310/1310
f 1314/1314 1310/1310 1315/1315
f 170/170 171/171 172/172
f 939/939 941/941 942/942
f 41/41 43/43 42/42
f 40/40 41/41 42/42
f 1198/1198 1199/1199 1130/1130
f 1198/1198 1130/1130 1131/1131
f 221/221 222/222 223/223
f 937/937 938/938 935/935
f 936/936 937/937 935/935
f 1251/1251 1253/1253 1252/1252
f 1250/1250 1251/1251 1252/1252
f 1226/1226 1228/1228 1227/1227
f 572/572 563/563 524/524
f 1680/1680 1682/1682 1679/1679
f 1672/1672 1680/1680 1679/1679
f 1681/1681 1680/1680 1672/1672
f 1225/1225 1226/1226 1227/1227
f 1533/1533 1534/1534 1535/1535
f 953/953 950/950 954/954
f 582/582 577/577 576/576
f 583/583 577/577 582/582
f 582/582 576/576 579/579
f 586/586 585/585 584/584
f 587/587 586/586 584/584
f 577/577 584/584 585/585
f 584/584 577/577 583/583
f 588/588 589/589 586/586
f 588/588 586/586 587/587
f 804/804 805/805 799/799
f 804/804 799/799 800/800
f 799/799 794/794 798/798
f 709/709 710/710 711/711
f 709/709 711/711 712/712
f 138/138 139/139 140/140
f 141/141 138/138 140/140
f 246/246 244/244 243/243
f 243/243 244/244 245/245
f 949/949 952/952 951/951
f 947/947 949/949 951/951
f 1665/1665 1666/1666 1667/1667
f 1668/1668 1666/1666 1665/1665
f 1224/1224 1222/1222 1221/1221
f 1221/1221 1222/1222 1223/1223
f 501/501 504/504 502/502
f 502/502 504/504 505/505
f 886/886 884/884 883/883
f 883/883 884/884 885/885
f 96/96 97/97 98/98
f 98/98 97/97 99/99
f 75/75 78/78 76/76
f 75/75 76/76 77/77
f 574/574 575/575 576/576
f 577/577 574/574 576/576
f 501/501 502/502 503/503
f 501/501 503/503 506/506
f 394/394 390/390 392/392
f 394/394 392/392 395/395
f 1271/1271 1273/1273 1274/1274
f 1271/1271 1272/1272 1273/1273
f 152/152 154/154 155/155
f 152/152 153/153 154/154
f 156/156 157/157 158/158
f 159/159 156/156 158/158
f 390/390 393/393 391/391
f 390/390 391/391 392/392
f 91/91 88/88 90/90
f 88/88 89/89 90/90
f 405/405 402/402 404/404
f 402/402 403/403 404/404
f 1674/1674 1676/1676 1677/1677
f 1675/1675 1676/1676 1674/1674
f 1679/1679 1675/1675 1672/1672
f 1672/1672 1675/1675 1674/1674
f 696/696 695/695 697/697
f 694/694 695/695 696/696
f 134/134 137/137 135/135
f 930/930 933/933 934/934
f 932/932 930/930 934/934
f 930/930 932/932 931/931
f 928/928 930/930 931/931
f 167/167 168/168 169/169
f 134/134 135/135 136/136
f 933/933 936/936 935/935
f 933/933 935/935 934/934
f 92/92 93/93 94/94
f 92/92 94/94 95/95
f 85/85 86/86 87/87
f 79/79 82/82 80/80
f 79/79 80/80 81/81
f 83/83 82/82 79/79
f 84/84 83/83 79/79
f 1679/1679 1678/1678 1675/1675
f 1682/1682 1678/1678 1679/1679
f 1671/1671 1672/1672 1673/1673
f 1672/1672 1674/1674 1673/1673
f 949/949 947/947 946/946
f 946/946 947/947 948/948
f 948/948 950/950 946/946
f 946/946 950/950 953/953
f 594/594 596/596 591/591
f 590/590 589/589 588/588
f 591/591 589/589 590/590
f 594/594 591/591 590/590
f 596/596 597/597 598/598
f 597/597 596/596 594/594
f 1669/1669 1670/1670 1666/1666
f 1669/1669 1666/1666 1668/1668
