mtllib S-01_tex.mtl
v 7.759198 4.741984 5.083387
v 7.616973 4.898073 3.979556
v 7.612127 4.901660 3.946241
v 5.899905 1.051275 2.954875
v 5.908535 0.525589 3.122672
v 5.924133 0.034892 3.155242
v 5.926383 2.815534 2.568036
v 5.874872 2.777919 2.915606
v 5.939237 3.758669 2.561849
v 7.546884 4.738448 -5.253332
v 6.785803 5.296144 -5.973963
v 6.698325 5.195566 -5.661097
v 3.792185 5.499501 -5.269990
v 2.798256 5.499307 -4.497617
v 3.465916 5.499587 -5.017698
v -0.680826 4.866671 2.623616
v 0.016932 4.897393 2.221905
v -1.381052 4.649224 2.981656
v 0.187372 4.898196 -0.580821
v 0.171683 4.897515 -0.626178
v 0.355434 4.898123 0.066465
v 0.107665 4.898195 0.866991
v -0.464435 4.898038 -0.019220
v -0.459260 4.899290 0.000414
v -1.491881 4.896833 5.264880
v -2.541069 4.896894 4.430610
v -1.800395 4.897417 5.164903
v -0.699404 4.897782 5.767113
v -1.301785 5.499160 5.902787
v -2.208236 5.499196 5.379132
v -0.696606 5.475465 6.022167
v 6.949605 5.499233 -0.019220
v 6.703591 5.499282 0.211666
v 6.128675 5.499379 0.723411
v 6.702274 5.499513 4.935820
v 6.012909 5.499403 5.174431
v 7.472553 5.499525 4.448458
v 3.389610 5.499185 1.205413
v 2.755504 5.499112 1.466041
v 4.191706 5.499233 0.849556
v -0.609786 5.499270 2.027774
v -0.020900 5.499172 1.448110
v -0.727527 5.499221 2.177127
v 0.773881 5.499100 -0.818224
v -0.588740 5.499088 -1.559218
v 0.087149 5.499124 -1.375657
v -1.440243 5.499270 -2.245326
v -7.292002 5.499258 0.261952
v -8.044726 5.265531 1.330070
v -7.700830 5.499549 0.723411
v -6.723669 5.499647 -3.738908
v -5.653763 5.499404 -3.008783
v -5.590605 5.499404 -2.475617
v -6.406287 4.205236 -2.270635
v -6.668721 3.279996 -3.084957
v -6.673274 3.796054 -2.646987
v -4.148716 4.896895 -3.708571
v -3.889555 4.896859 -3.094468
v -3.195253 4.897466 -2.523223
v -6.010971 3.262501 3.166127
v -5.975955 3.804807 2.922735
v -6.104374 4.236905 2.322924
v 2.627889 4.897065 -1.172444
v 1.989815 4.897029 -1.518162
v 3.221219 4.897004 -0.777317
v 5.918172 4.562286 2.561271
v 5.902849 4.898232 2.175341
v 5.897930 4.898086 2.427764
v 6.550395 1.623331 -2.580342
v 6.554290 2.651969 -3.006401
v 6.551968 2.186632 -2.846925
v -4.025051 4.897065 -2.244731
v -3.959278 4.883960 -2.565536
v -3.195253 4.897466 -2.523223
v -4.148716 4.896895 -3.708571
v -4.777575 4.709233 -2.573278
v -4.759728 4.897199 -1.960448
v -5.965294 4.377287 -2.926671
v -5.965367 4.355854 -3.061153
v -5.611670 4.896798 -1.552088
v -4.801254 4.897223 -3.137310
v -6.182197 4.642757 -4.084642
v -4.895974 4.897065 -3.779981
v -4.760477 4.897187 -4.503556
v -5.597188 4.897090 -5.129569
v -6.406287 4.658306 -4.777284
v -5.753748 4.896871 -5.236675
v -6.406287 4.659181 -5.274753
v -6.406287 4.658063 -4.165563
v -6.406287 4.658525 -3.203956
v -7.535053 4.738776 -5.201557
v -7.332450 4.738314 -4.483325
v -7.883941 4.873674 -3.008783
v -7.574806 4.897904 -5.522529
v -6.675596 4.383852 -2.580341
v -7.884142 4.873674 -2.284000
v 7.170622 4.738484 -0.771362
v 7.141676 4.738618 -1.516375
v 7.675816 4.738982 -0.630048
v 7.154842 4.738593 -0.026962
v 7.570234 4.738958 0.065274
v 7.575830 4.738897 0.782910
v 7.329158 4.738727 0.716265
v 7.546884 4.738448 -5.253332
v 7.594243 4.738593 -5.259287
v 7.675816 4.738971 -4.540460
v 7.308751 4.738448 -4.497617
v 7.317967 4.738484 -3.797234
v 7.707376 4.739068 -3.879941
v 7.583711 4.739092 -3.018294
v 7.520571 4.738946 -3.009974
v 7.623190 4.739165 -2.770750
v 7.543593 4.738946 -2.788615
v 7.570564 4.738873 -1.605633
v 7.165356 4.738520 -2.156664
v 7.623190 4.738958 -0.990355
v 6.325977 4.628763 0.623450
v 6.325940 4.621760 0.794820
v 7.083181 4.761716 2.139644
v 6.462021 4.866671 -2.268534
v 6.462240 4.866671 -1.518757
v 6.461911 4.852679 -4.036738
v 6.532566 4.886002 -3.117063
v 5.223541 4.896822 -4.479753
v 5.107775 4.896920 -4.732060
v 6.739102 4.897090 -5.141462
v 5.900417 4.897953 -5.750801
v 6.716739 4.896883 -5.236675
v 4.402611 4.873675 -5.809805
v 4.384198 4.897150 -5.162884
v 3.465258 4.896992 -4.872498
v 3.498811 4.849190 -5.810219
v 2.643669 4.896992 -4.746352
v 2.639720 4.817690 -5.811112
v 2.201141 4.896932 -4.495980
v 2.438432 4.826443 -5.810814
v 1.808276 4.842187 -5.810186
v 1.725388 4.896968 -4.491067
v 0.918940 4.896907 -4.498808
v 0.873208 4.863183 -5.810202
v 0.003273 4.873675 -5.809904
v 0.069065 4.897005 -5.227147
v -1.321844 4.896968 -4.513084
v -1.438615 4.896798 -5.236675
v 6.461710 4.847438 -0.761851
v 6.461545 4.845688 -1.014754
v 5.102509 4.897077 -0.059681
v 5.855032 4.897126 -0.790418
v 5.138696 4.896846 -1.700846
v 5.257753 4.648714 -2.642223
v 5.153818 4.896955 0.292587
v 5.107775 4.896931 1.142324
v 7.616991 4.898074 1.494608
v 6.418574 4.358953 2.108067
v 4.318424 4.873674 -2.573576
v 4.381564 4.896883 -1.552088
v 3.476448 4.866672 -2.574006
v 3.486962 4.896664 -3.103996
v 4.313158 4.896798 -3.094468
v 4.235536 4.896858 -1.647285
v 2.902849 4.897041 -1.520246
v 2.666033 4.719725 -2.573774
v 1.989815 4.897029 -1.518162
v 1.829323 4.712734 -2.573228
v 2.808130 4.897005 -3.735947
v 1.876682 4.896895 -3.741885
v 5.105142 4.896652 -3.728801
v 1.357025 4.897077 -2.264961
v 5.107775 4.897283 2.165830
v 7.570564 5.318016 -5.975402
v -7.282786 5.499148 -0.034091
v -8.044433 5.265532 -0.233433
v -7.292002 5.499258 0.261952
v -8.044598 5.265532 0.475867
v -8.044726 5.265531 1.330070
v -8.044342 5.258541 -0.947513
v -7.227216 5.499416 -1.074552
v -8.044982 5.349503 -2.237585
v -7.227216 5.499440 -1.635391
v -7.327201 5.499538 -2.279236
v -8.043392 5.254396 -2.475617
v -8.044617 5.433474 -3.115889
v -7.287723 5.499476 1.466041
v -8.044763 5.265531 2.102757
v -7.995520 5.236998 2.941775
v -7.700830 5.499549 0.723411
v 0.634764 5.498796 -0.040046
v -0.192254 5.498820 -0.044512
v -0.628200 5.499148 0.623152
v -1.212496 5.499161 -0.805289
v -0.696277 5.498820 -0.043023
v -1.896431 5.499136 -0.814221
v -1.534322 5.498978 -0.038557
v -3.103332 5.499027 -1.543602
v -3.083089 5.499039 -1.471151
v -3.669854 5.499100 -2.274489
v -3.346548 5.499063 -1.619627
v -3.220743 5.499039 -3.008402
v -3.985591 5.499137 -2.324461
v -2.325976 5.499380 -3.755582
v -2.348998 5.499307 -3.678813
v -1.499781 5.499124 -3.224782
v -1.954323 5.499209 -2.339944
v -2.359183 5.499161 -2.270767
v -2.284523 5.498978 -1.951963
v -2.236176 5.499440 -3.756475
v -0.691358 5.499514 -3.803784
v -0.738626 5.499343 -4.512339
v 0.132205 5.499319 -4.584493
v 0.065444 5.499465 -5.237866
v -0.667258 5.499441 -5.337198
v 1.815828 5.499282 -4.686836
v 1.051803 5.499380 -5.320573
v 1.558313 5.499185 -4.546415
v 2.067108 5.499429 -5.234293
v 3.408682 5.499416 -5.318787
v 2.798256 5.499307 -4.497617
v 3.792185 5.499501 -5.269990
v 4.533517 5.499696 -5.203642
v 3.465916 5.499587 -5.017698
v 4.328939 5.499538 -5.274753
v 5.191980 5.499550 -5.548482
v 6.245428 5.499647 -5.231911
v 5.345890 5.499647 -5.224765
v 6.721511 5.499659 -3.803784
v 7.690608 5.499708 -5.207512
v 6.748317 5.499635 -5.108726
v 7.540301 5.499599 -4.056075
v 6.681228 5.499392 -3.094468
v 7.517938 5.499477 -3.075428
v 5.393907 5.499623 -3.750222
v 4.290795 5.499611 -4.046266
v 5.470871 5.499343 -3.046861
v 6.719701 5.499440 -2.292635
v 6.969993 5.499416 -2.312865
v 5.918172 5.499380 -2.428010
v 5.849766 5.499331 -2.207843
v 4.857153 5.499319 -3.010569
v 5.058111 5.499501 -2.498824
v 5.040027 5.499465 -2.198613
v 4.247385 5.499513 -2.508931
v 4.118454 5.499270 -1.561600
v 4.276313 5.499258 -3.064709
v 3.460083 5.499356 -4.130611
v 2.737072 5.499003 -3.230141
v 3.457358 5.499173 -2.788318
v 1.844774 5.499343 -4.460862
v 1.942455 5.499076 -3.215866
v 2.459498 5.498991 -2.970704
v 3.383686 5.499173 -1.573212
v 1.005760 5.499052 -3.202765
v 1.054930 5.499234 -2.505954
v 1.519657 5.499246 -4.469645
v 0.982080 5.499319 -4.513083
v 0.983397 5.499282 -4.413107
v 0.198654 5.499380 -3.508634
v 0.260148 5.499100 -2.963856
v -0.565060 5.499550 -3.803784
v -0.641201 5.499331 -3.444949
v -0.536114 5.499124 -2.995682
v -0.959735 5.499185 -3.220613
v -0.672926 5.499149 -2.799318
v -0.588740 5.499088 -1.559218
v 5.970798 5.499672 -5.531825
v 6.748317 5.499429 -5.888857
v 7.575336 5.500000 -5.889833
v 2.652885 5.499307 -4.284579
v 0.275600 5.499392 -5.422337
v -1.440243 5.499270 -2.245326
v 0.087149 5.499124 -1.375657
v 0.773881 5.499100 -0.818224
v 1.771431 5.499234 -0.838008
v 1.684611 5.498893 -0.039450
v 1.962204 5.499209 -0.850513
v 2.604868 5.499112 -1.606229
v 1.792477 5.499234 -1.571127
v 0.956096 5.499100 -1.555363
v 3.282384 5.499197 -0.842177
v 4.201982 5.499319 -0.859446
v 5.095926 5.499428 -1.004035
v 4.350808 5.499076 -0.346494
v 5.465623 5.499343 -0.823733
v 5.709662 5.499221 -0.040641
v 6.144456 5.499404 -1.487825
v 6.712789 5.499428 -0.736857
v 6.775289 5.499428 -1.461044
v 6.891713 5.499367 -0.752323
v 6.703591 5.499282 0.211666
v 6.949605 5.499233 -0.019220
v 7.699495 5.499392 -0.771362
v 5.902392 5.499319 0.657956
v 5.910291 5.499282 0.856702
v 6.128675 5.499379 0.723411
v 5.912924 5.499355 2.199144
v 6.677278 5.499452 2.199144
v 7.544251 5.499489 1.456513
v 7.552150 5.499537 1.818309
v 6.668721 5.499440 2.935837
v 7.049590 5.499343 2.937623
v 6.544397 5.499489 3.636799
v 6.788765 5.499586 3.507974
v 5.936110 5.499440 4.157476
v 6.799627 5.499476 3.751052
v 6.702274 5.499513 4.935820
v 7.472553 5.499525 4.448458
v 5.237035 5.499525 4.432694
v 5.123555 5.499476 4.398486
v 4.842689 5.499440 4.442222
v 5.306429 5.499428 5.177409
v 6.012909 5.499403 5.174431
v 5.057782 5.499391 5.245841
v 4.266128 5.499537 4.716232
v 4.029805 5.499379 5.201063
v 3.413290 5.499306 5.176813
v 3.423822 5.499403 5.064943
v 4.123720 5.499452 4.419907
v 4.764409 5.499464 4.236627
v 3.940188 5.499367 3.674894
v 3.372513 5.499245 4.305655
v 2.656506 5.499294 3.611226
v 3.340934 5.499148 2.942966
v 4.180935 5.499294 2.891505
v 2.755504 5.499112 1.466041
v 2.352180 5.499039 2.905334
v 2.142426 5.499306 3.672512
v 1.756309 5.499306 3.637395
v 1.760916 5.499342 4.312784
v 1.837880 5.499367 4.383896
v 1.785913 5.499428 5.016145
v 2.630924 5.499330 5.112467
v 2.579213 5.499294 5.194662
v 1.771431 5.499318 5.436250
v 0.992613 5.499391 5.807574
v 0.941303 5.499391 5.063157
v 0.452055 5.499282 3.703164
v -0.586107 5.499367 4.462750
v -0.078939 5.499160 5.907534
v -1.301785 5.499160 5.902787
v -0.704506 5.499330 4.462452
v -2.280592 5.499355 5.164903
v -2.208236 5.499196 5.379132
v -2.744990 5.499318 5.177409
v -3.113681 5.499367 5.105701
v -3.047579 5.499270 4.398486
v -1.840184 5.499342 4.386576
v -0.680661 5.499342 4.305953
v -1.491881 5.499233 3.661793
v -0.771595 5.499282 3.622524
v 0.008539 5.499245 3.639181
v 0.110335 5.499294 3.692296
v 0.982080 5.499087 2.967960
v 1.385313 5.499075 2.223543
v 0.898533 5.499051 2.820096
v 0.129571 5.499063 2.884657
v -0.609786 5.499270 2.027774
v 0.573252 5.499172 2.188293
v -0.020900 5.499172 1.448110
v 0.651532 5.499161 1.446704
v 1.763550 5.499270 1.738579
v 1.771431 5.499282 1.399396
v 2.553229 5.499148 1.490440
v 2.598614 5.499136 1.347406
v 3.389610 5.499185 1.205413
v 2.085869 5.499246 0.685630
v 2.755504 5.499136 0.687714
v 4.108580 5.499270 0.687416
v 3.442894 5.499015 -0.364359
v 2.334424 5.498929 -0.090183
v 3.941175 5.498978 -0.045405
v 5.021595 5.499355 0.682950
v 5.019547 5.499306 0.873558
v 4.191706 5.499233 0.849556
v 4.666069 5.499330 2.185167
v 3.514263 5.499294 1.979572
v 4.668867 5.499257 2.939393
v 5.899758 5.499403 2.868000
v 5.102344 5.499525 3.630563
v 4.439127 5.499501 3.642754
v 1.001975 5.499209 0.598754
v 0.845268 5.499136 0.694843
v -1.179765 5.499197 0.693355
v -0.938689 5.499246 1.431536
v -0.727527 5.499221 2.177127
v -1.489906 5.499270 1.749281
v -0.712734 5.499075 2.919758
v -1.486304 5.499087 2.881084
v -2.297689 5.499039 2.893589
v -2.306905 5.499270 3.603485
v -3.690901 5.499330 3.627288
v -3.932965 5.499306 4.303273
v -3.927699 5.499452 5.017337
v -4.690755 5.499403 5.023292
v -4.173383 5.499342 5.188707
v -3.722480 5.499415 5.188707
v -4.125037 5.499148 5.921826
v -3.775106 5.499112 5.921826
v -5.574824 5.499452 5.229779
v -4.864413 5.499172 5.921826
v -5.664277 5.499318 5.921826
v -6.304985 5.499379 5.233931
v -6.471401 5.499184 5.297616
v -6.575336 5.497896 5.988472
v -6.412193 5.499415 4.831526
v -5.785328 5.499415 5.160156
v -7.074605 5.499537 4.425846
v -7.325885 5.499476 4.426739
v -6.457596 5.499391 2.962601
v -6.320765 5.499428 2.951303
v -7.203536 5.499537 2.337200
v -6.349382 5.499513 2.204504
v -7.159121 5.499562 1.470805
v -6.369770 5.499513 1.463064
v -5.577458 5.499525 2.281868
v -5.578939 5.499476 1.476462
v -4.531725 5.499233 1.472443
v -5.506418 5.499416 0.771017
v -4.650289 5.499246 0.718795
v -3.143615 5.499136 2.197953
v -3.898442 5.499185 1.433306
v -3.144931 5.499148 0.662720
v -2.759454 5.499185 1.438070
v -2.303942 5.499063 0.460996
v -1.543849 5.499161 0.673422
v -2.333217 5.498820 -0.133472
v -3.901386 5.498918 -0.495268
v -4.403617 5.498954 -0.061467
v -4.751262 5.499124 0.166144
v -5.044964 5.499100 -0.078720
v -5.353313 5.499331 0.275930
v -6.180003 5.499489 0.718647
v -5.647016 5.499306 0.175357
v -5.651788 5.499185 -0.034687
v -6.418117 5.499306 0.321154
v -6.440809 5.499185 -0.040344
v -6.827274 5.499489 0.713883
v -7.745556 5.499562 2.264020
v -6.699660 5.499380 -0.774935
v -7.211417 5.499452 -1.766301
v -7.195637 5.499623 -2.318522
v -5.590605 5.499404 -2.475617
v -5.653763 5.499404 -3.008783
v -6.723669 5.499647 -3.738908
v -7.692931 5.499562 -3.045670
v -6.416800 5.499465 -4.460713
v -6.296427 5.499477 -4.469050
v -4.776916 5.499088 -3.185512
v -4.784815 5.499246 -2.329820
v -4.015854 5.499064 -3.184917
v -4.764427 5.499526 -4.003721
v -4.025051 5.499428 -4.087024
v -3.134399 5.499282 -4.392281
v -3.138348 5.499258 -4.782048
v -4.527611 5.499416 -4.513083
v -4.004004 5.499441 -5.236675
v -5.217635 5.499696 -5.233400
v -4.801254 5.499404 -4.509510
v -5.616918 5.499672 -4.931997
v -6.406287 5.499562 -5.079581
v -5.648497 5.499465 -5.284282
v -3.514610 5.499234 -5.275944
v -2.759454 5.499356 -4.515466
v -2.345048 5.499380 -5.279517
v -1.543849 5.499356 -5.274753
v -2.220067 5.499392 -4.620190
v -4.797469 5.499173 -1.666043
v -3.996123 5.499015 -1.581234
v -3.848120 5.499051 -0.791609
v -4.026532 5.499051 -0.794719
v -4.766402 5.499173 -0.776126
v -6.144474 5.499380 -1.546133
v -6.336545 5.499367 -0.966850
v -7.290356 5.499501 -4.415489
v -1.490729 5.499246 1.268188
v -2.543702 5.499124 2.199144
v -3.143779 5.499075 2.942668
v -4.636483 5.499282 2.203313
v -4.756528 5.499172 2.950112
v -5.551145 5.499452 2.998909
v -4.705219 5.499379 4.001572
v -5.535364 5.499464 3.729630
v -5.548511 5.499525 5.131589
v -6.401020 5.499440 3.851028
v -7.811330 5.499622 2.967960
v -7.227874 5.499500 5.051859
v 7.708035 5.499294 -1.490190
v 6.803577 5.499367 -2.025754
v 7.602143 5.499124 -2.159046
v 7.760002 5.499124 -2.899294
v 7.602143 5.499234 -3.203956
v 7.767902 5.499258 -3.764795
v 6.136575 5.499282 -1.995996
v -7.769182 5.478735 5.897973
v -7.716665 5.479003 5.945679
v 2.876536 5.475465 6.022101
v 3.529074 5.468463 6.022365
v -2.470030 5.468463 6.022448
v -1.547872 5.475465 6.022001
v -8.045001 5.461461 -5.217636
v -7.628437 5.447468 -5.974161
v -6.992996 5.461412 -5.974475
v 1.837551 5.447467 6.022861
v 7.954889 5.447467 0.450873
v 7.954853 5.447467 4.293745
v 7.954944 5.447467 2.865618
v 7.954944 5.447467 3.623120
v 7.954871 5.447467 0.742450
v 7.954889 5.447467 1.808798
v 5.691888 5.447467 6.023060
v 4.324020 5.447467 6.023076
v 6.781543 5.499415 5.233633
v 6.028690 5.447467 6.023109
v 6.963410 5.468463 6.022861
v 7.891713 5.454469 5.756659
v 7.954816 5.447467 4.601401
v 7.570564 5.450968 6.024598
v -3.404933 5.441073 -5.974508
v -2.296628 5.440684 -5.974508
v -0.085613 5.440526 -5.974608
v -5.643231 5.440477 -5.974641
v -4.817053 5.440477 -5.974624
v -3.975059 5.377502 -5.973930
v 1.755650 5.447467 6.022828
v -1.651733 5.433475 -5.974343
v 0.971548 5.475465 6.022216
v 0.103258 5.454469 6.022911
v -0.696606 5.475465 6.022167
v -1.459662 5.391495 -5.973649
v -8.044763 5.426484 -3.785919
v -8.044836 5.433475 -5.131934
v 0.174316 5.374001 -5.974013
v -8.044580 5.265531 5.160156
v -8.044488 5.265531 4.336588
v -7.574532 5.236572 5.588598
v -6.016859 5.440476 6.023126
v -6.682234 5.300958 6.023010
v 7.954798 5.274297 -2.086445
v 7.954798 5.274261 -2.323270
v 7.954743 5.275379 -1.468769
v 7.954670 5.276984 -0.768997
v -8.044251 5.258541 3.648709
v -6.663820 2.095658 -3.075429
v -6.661937 1.588779 -3.075429
v -6.662906 1.661809 -2.627948
v -6.660894 1.287446 -2.580342
v -6.660254 1.063531 -3.084957
v -6.660035 1.060029 -2.570814
v -6.659212 0.503731 -3.084957
v -6.658390 0.477483 -2.570814
v -6.665521 2.392615 -3.005806
v -6.665173 2.172639 -2.646988
v -6.666983 2.721935 -3.008783
v -6.667093 2.719309 -2.967131
v -6.668721 3.279996 -3.084957
v -6.673274 3.796054 -2.646987
v -5.999689 2.170888 -2.775515
v -5.999671 2.186194 -3.032586
v -5.992137 2.742712 -2.977834
v -6.000366 2.060669 -2.656515
v -6.000402 2.136774 -3.042098
v -6.005705 1.609775 -2.680319
v -6.007863 1.521865 -3.008783
v -6.012763 1.064844 -2.657707
v -6.013915 1.058279 -3.024250
v -6.020571 0.514222 -3.037351
v -6.019254 0.520350 -2.618421
v -5.982610 3.293989 -2.618420
v -5.983268 3.356089 -3.009676
v -5.974382 3.824052 -2.580341
v -5.991972 2.744681 -3.075429
v -6.101064 4.047968 -3.142107
v -5.965367 4.355854 -3.061153
v -5.965294 4.377287 -2.926671
v -5.611670 4.896798 -1.552088
v 6.549407 1.315870 -2.630330
v 6.547140 1.070521 -3.046862
v 6.548768 1.397008 -3.005210
v 6.547670 1.053027 -2.580342
v 6.545092 0.521225 -3.084957
v 6.545988 0.491476 -2.589870
v 6.548841 1.645190 -3.075429
v 6.554290 2.651969 -3.006401
v 6.550395 1.623331 -2.580342
v 6.554290 2.651969 -3.006401
v 5.881199 2.307829 -3.011165
v 6.554564 2.746432 -3.004019
v 5.874781 2.763926 -3.008783
v 5.859567 3.746634 -3.043289
v 6.556959 3.306669 -3.023058
v 5.856952 3.938636 -3.033777
v 6.560653 3.917202 -3.013547
v 6.548841 1.645190 -3.075429
v 5.890872 1.650004 -3.044480
v 6.548768 1.397008 -3.005210
v 5.898552 1.178990 -3.065901
v 6.547140 1.070521 -3.046862
v 5.899831 1.061780 -3.042098
v 6.545092 0.521225 -3.084957
v 5.908554 0.500229 -3.046862
v 5.105142 4.896652 -3.728801
v 6.532566 4.886002 -3.117063
v 5.923329 2.515513 3.184670
v 5.929820 2.273217 2.571493
v 5.926383 2.815534 2.568036
v 5.923676 1.659194 3.174811
v 5.933897 1.731409 2.575165
v 5.932179 1.213978 3.176680
v 5.943644 1.118627 2.574470
v 5.924517 0.529966 2.600076
v 5.923055 0.677569 3.161164
v 5.923548 0.000000 2.613690
v 5.924133 0.034892 3.155242
v 6.454944 3.236253 3.193073
v 5.939237 3.758669 2.561849
v 6.034614 3.757138 3.193305
v 5.970798 4.181796 3.192230
v 5.858525 3.824052 -2.580341
v 5.859750 3.725213 -2.580341
v 6.556904 3.279121 -2.978429
v 6.554509 2.717570 -2.956413
v 5.875238 2.728719 -2.982598
v 6.381272 4.204506 -2.270238
v 6.551968 2.186632 -2.846925
v 6.462021 4.866671 -2.268534
v 5.257753 4.648714 -2.642223
v -5.965294 4.377287 -2.926671
v -6.675596 4.383852 -2.580341
v -5.611670 4.896798 -1.552088
v -6.527483 4.583550 -2.242911
v 2.639720 4.817690 -5.811112
v 1.849711 5.265532 -5.973367
v 2.637745 5.265532 -5.973500
v 3.498811 4.849190 -5.810219
v 3.458016 5.279525 -5.973731
v 4.402611 4.873675 -5.809805
v 4.376298 5.272535 -5.973549
v 2.438432 4.826443 -5.810814
v 1.808276 4.842187 -5.810186
v 0.873208 4.863183 -5.810202
v 1.418849 5.279525 -5.973417
v 0.174316 5.374001 -5.974013
v 5.109750 5.341200 -5.973582
v 5.900417 4.897953 -5.750801
v -0.085613 5.440526 -5.974608
v 0.003273 4.873675 -5.809904
v 6.698325 5.195566 -5.661097
v -1.438615 4.896798 -5.236675
v 6.716739 4.896883 -5.236675
v -6.406287 2.512888 3.192841
v -6.435214 2.064170 3.192974
v -6.014866 2.040560 3.155375
v -6.011209 1.589216 3.146889
v -6.006601 2.337079 3.151206
v -6.606257 1.593155 3.192113
v -6.009435 2.721934 3.158055
v -6.019583 1.072271 3.149122
v -6.595725 1.056527 3.192378
v -6.595725 0.494977 3.192279
v -6.032749 0.514222 3.155904
v -6.527318 2.731563 3.192759
v -6.010971 3.262501 3.166127
v -6.543099 3.314097 3.192726
v -6.143157 4.276867 3.544034
v -6.014866 2.040560 3.155375
v -6.005833 1.672750 2.627585
v -5.998738 2.183568 2.665680
v -6.006601 2.337079 3.151206
v -6.011209 1.589216 3.146889
v -5.991278 2.723685 2.641877
v -6.009435 2.721934 3.158055
v -6.012873 1.102008 2.665680
v -6.016512 0.843104 2.641877
v -6.019583 1.072271 3.149122
v -6.020534 0.514222 2.837050
v -6.032749 0.514222 3.155904
v -5.975955 3.804807 2.922735
v -6.010971 3.262501 3.166127
v 7.675816 4.738971 -4.540460
v 7.607336 4.904773 -4.513084
v 7.954999 5.415980 -3.766880
v 7.594243 4.738593 -5.259287
v 7.690608 5.499708 -5.207512
v 7.570564 5.318016 -5.975402
v 7.575336 5.500000 -5.889833
v 7.575830 4.738897 0.782910
v 7.616991 4.898074 1.494608
v 7.608397 4.957645 2.151554
v 7.608415 5.043635 1.451683
v 7.608415 4.936649 2.512159
v 7.954944 5.447467 2.865618
v 7.954944 5.447467 3.623120
v 7.612310 4.901660 3.532075
v 7.612127 4.901660 3.946241
v 7.954853 5.447467 4.293745
v 7.607537 4.962897 4.661496
v 7.954816 5.447467 4.601401
v 7.954889 5.447467 1.808798
v 7.954871 5.447467 0.742450
v 7.581096 4.898122 5.636551
v 7.891713 5.454469 5.756659
v 7.609201 5.223552 0.190840
v 7.954889 5.447467 0.450873
v 7.954670 5.276984 -0.768997
v 7.675816 4.738982 -0.630048
v 7.954743 5.275379 -1.468769
v 7.623190 4.738958 -0.990355
v 7.954798 5.274297 -2.086445
v 7.570564 4.738873 -1.605633
v 7.954798 5.274261 -2.323270
v 7.623190 4.739165 -2.770750
v 7.583711 4.739092 -3.018294
v 7.954926 5.436976 -3.167068
v 7.707376 4.739068 -3.879941
v 7.570234 4.738958 0.065274
v 7.578463 5.236414 5.952758
v 7.386099 4.898158 5.821535
v 7.759746 4.741887 5.396981
v 4.138842 5.237192 5.907534
v 3.430405 5.236475 5.764731
v 3.549792 4.897064 5.176218
v 4.318424 4.896761 5.264880
v 4.543391 5.237156 5.886708
v 5.128822 4.896919 5.245841
v 5.176840 5.236840 5.752821
v 5.925340 4.891800 5.274408
v 6.327330 5.237180 5.837332
v 2.647619 4.897721 5.798046
v 5.157110 5.237374 5.950393
v 5.962917 5.237302 5.917062
v 3.389610 5.237289 5.969432
v 4.876225 5.237168 5.921826
v 4.165813 5.237216 5.921826
v 1.987200 4.898511 5.721889
v 6.960119 4.890050 5.848249
v 0.971548 5.475465 6.022216
v 0.067090 5.236925 5.921826
v 0.991954 5.237022 5.978944
v 1.755650 5.447467 6.022828
v 1.810909 5.237228 5.950393
v 1.837551 5.447467 6.022861
v 2.564731 5.237350 5.962287
v 2.876536 5.475465 6.022101
v 0.103258 5.454469 6.022911
v -0.728844 5.237119 5.962287
v -0.696606 5.475465 6.022167
v -1.547872 5.475465 6.022001
v -2.270059 5.237168 5.978944
v -3.038363 5.237350 5.959905
v -2.470030 5.468463 6.022448
v 3.529074 5.468463 6.022365
v 4.324020 5.447467 6.023076
v 5.691888 5.447467 6.023060
v -3.543556 5.237168 5.921826
v -3.775106 5.499112 5.921826
v 0.997861 4.954144 5.711997
v 0.229557 4.947153 5.711798
v -0.588740 5.040741 5.711914
v -1.104447 5.100652 5.711815
v -1.535968 5.202556 5.711534
v -1.491881 4.896833 5.264880
v -2.396358 4.897052 5.236313
v -3.075208 5.237192 5.902786
v -0.699404 4.897782 5.767113
v -3.254114 5.237095 5.902786
v -3.160711 4.896979 5.283919
v -4.023753 5.237144 5.898023
v -4.067163 5.237302 5.978944
v -4.534852 4.866671 5.339400
v -4.843366 5.192064 5.711501
v -5.018322 4.768707 5.339416
v -4.788107 5.300520 6.022630
v -5.728752 4.873674 5.339152
v -5.586015 4.997448 5.712046
v -6.016859 5.440476 6.023126
v -6.443113 5.216549 5.711269
v -6.682234 5.300958 6.023010
v -6.406287 4.658682 5.262498
v -7.574532 5.236572 5.588598
v -7.700684 5.264437 5.959789
v -7.700830 4.897295 5.474345
v 5.915264 1.910221 -2.539567
v 5.911132 1.096769 -2.554884
v 6.550395 1.623331 -2.580342
v 6.549407 1.315870 -2.630330
v 5.921719 1.070521 -2.545439
v 6.547670 1.053027 -2.580342
v 5.922579 0.283305 -2.555712
v 6.545988 0.491476 -2.589870
v 6.551968 2.186632 -2.846925
v 5.922012 2.445536 -2.526764
v 5.875238 2.728719 -2.982598
v 6.556904 3.279121 -2.978429
v 6.556959 3.306669 -3.023058
v 6.560653 3.917202 -3.013547
v 6.554564 2.746432 -3.004019
v 6.554509 2.717570 -2.956413
v 6.551968 2.186632 -2.846925
v 6.554290 2.651969 -3.006401
v 6.381272 4.204506 -2.270238
v 6.462021 4.866671 -2.268534
v 6.532566 4.886002 -3.117063
v -7.627157 5.412479 -5.973781
v -7.535053 4.738776 -5.201557
v -8.044836 5.433475 -5.131934
v -8.044763 5.426484 -3.785919
v -7.332450 4.738314 -4.483325
v -7.574806 4.897904 -5.522529
v -7.628437 5.447468 -5.974161
v -8.045001 5.461461 -5.217636
v -8.044726 5.265531 1.330070
v -8.044598 5.265532 0.475867
v -7.884417 4.842186 0.754360
v -8.044763 5.265531 2.102757
v -7.884307 4.866671 1.696928
v -7.883941 4.873674 0.042661
v -8.044433 5.265532 -0.233433
v -7.995520 5.236998 2.941775
v -7.880888 4.880677 -0.043024
v -8.044342 5.258541 -0.947513
v -7.883960 4.873674 -0.774042
v -7.883960 4.873674 -1.533049
v -8.044982 5.349503 -2.237585
v -7.884454 4.824692 2.234857
v -7.884582 4.775709 3.557069
v -8.044251 5.258541 3.648709
v -8.043392 5.254396 -2.475617
v -7.884142 4.873674 -2.284000
v -8.044617 5.433474 -3.115889
v -7.883941 4.873674 -3.008783
v -7.884088 4.845687 3.699889
v -8.044488 5.265531 4.336588
v -8.044580 5.265531 5.160156
v -7.883941 4.796705 4.545457
v -7.574532 5.236572 5.588598
v -7.700830 4.897295 5.474345
v -6.406287 4.205236 -2.270635
v -5.974382 3.824052 -2.580341
v -6.105380 4.237307 -2.257352
v -6.673274 3.796054 -2.646987
v -5.611670 4.896798 -1.552088
v -6.409578 4.264624 -2.177324
v -5.982610 3.293989 -2.618420
v -5.992137 2.742712 -2.977834
v -6.667093 2.719309 -2.967131
v -6.675596 4.383852 -2.580341
v -6.527483 4.583550 -2.242911
v -6.527721 4.120778 -3.214559
v 6.698325 5.195566 -5.661097
v 5.109750 5.341200 -5.973582
v 5.191980 5.499550 -5.548482
v 4.328939 5.499538 -5.274753
v 4.376298 5.272535 -5.973549
v 3.792185 5.499501 -5.269990
v 3.458016 5.279525 -5.973731
v 2.637745 5.265532 -5.973500
v 3.408682 5.499416 -5.318787
v 1.849711 5.265532 -5.973367
v 2.067108 5.499429 -5.234293
v 1.418849 5.279525 -5.973417
v 1.051803 5.499380 -5.320573
v 0.174316 5.374001 -5.974013
v 5.970798 5.499672 -5.531825
v 5.924645 4.890560 3.229829
v 5.970798 4.181796 3.192230
v 6.318113 4.631498 4.099730
v 5.881199 2.307829 -3.011165
v 5.890872 1.650004 -3.044480
v 5.922012 2.445536 -2.526764
v 5.875238 2.728719 -2.982598
v 5.915264 1.910221 -2.539567
v 5.898552 1.178990 -3.065901
v 5.911132 1.096769 -2.554884
v 5.899831 1.061780 -3.042098
v 5.874781 2.763926 -3.008783
v 5.856952 3.938636 -3.033777
v 5.859567 3.746634 -3.043289
v 5.858525 3.824052 -2.580341
v 5.859750 3.725213 -2.580341
v 5.921719 1.070521 -2.545439
v 5.922579 0.283305 -2.555712
v 5.908554 0.500229 -3.046862
v 5.257753 4.648714 -2.642223
v 5.105142 4.896652 -3.728801
v 5.918172 4.068963 3.192478
v 6.034614 3.757138 3.193305
v 5.970798 4.181796 3.192230
v 5.111067 4.897223 3.583850
v 5.924645 4.890560 3.229829
v 5.867009 3.271242 3.054836
v 5.875420 2.720183 2.986999
v 6.454944 3.236253 3.193073
v -5.659029 4.897125 3.674894
v -6.143157 4.276867 3.544034
v -5.659029 4.896773 4.427037
v -6.416800 4.047967 3.192709
v -5.999671 2.186194 -3.032586
v -6.665521 2.392615 -3.005806
v -5.991972 2.744681 -3.075429
v -6.666983 2.721935 -3.008783
v -6.668721 3.279996 -3.084957
v -5.983268 3.356089 -3.009676
v -6.527721 4.120778 -3.214559
v -6.101064 4.047968 -3.142107
v -6.000402 2.136774 -3.042098
v -6.663820 2.095658 -3.075429
v -6.661937 1.588779 -3.075429
v -6.007863 1.521865 -3.008783
v -6.660254 1.063531 -3.084957
v -6.013915 1.058279 -3.024250
v -6.659212 0.503731 -3.084957
v -6.020571 0.514222 -3.037351
v -5.965367 4.355854 -3.061153
v -6.406287 4.658525 -3.203956
v -6.662906 1.661809 -2.627948
v -6.660894 1.287446 -2.580342
v -6.005705 1.609775 -2.680319
v -6.012763 1.064844 -2.657707
v -6.660035 1.060029 -2.570814
v -6.019254 0.520350 -2.618421
v -6.658390 0.477483 -2.570814
v -6.000366 2.060669 -2.656515
v -6.665173 2.172639 -2.646988
v -5.999689 2.170888 -2.775515
v -5.992137 2.742712 -2.977834
v -6.667093 2.719309 -2.967131
v 6.462021 4.866671 -2.268534
v 6.381272 4.204506 -2.270238
v 6.462240 4.866671 -1.518757
v -6.660382 1.074022 2.760876
v -6.595725 1.056527 3.192378
v -6.606257 1.593155 3.192113
v -6.659285 0.701409 2.909650
v -6.595725 0.494977 3.192279
v -6.657329 0.267560 2.908459
v -6.435214 2.064170 3.192974
v -6.416800 4.047967 3.192709
v -6.672067 3.741394 2.665978
v -6.543099 3.314097 3.192726
v -6.673054 3.995483 2.637113
v -6.143157 4.276867 3.544034
v -6.527318 2.731563 3.192759
v -6.667349 2.731563 2.656152
v -6.664259 2.176127 2.637113
v -6.406287 2.512888 3.192841
v -6.662522 1.652192 2.785871
v -6.526734 4.356801 3.635376
v -6.674078 4.356729 2.627586
v -6.406287 4.657868 1.517221
v 5.962917 5.237302 5.917062
v 7.386099 4.898158 5.821535
v 6.885788 5.237228 5.978944
v 7.578463 5.236414 5.952758
v 6.963410 5.468463 6.022861
v 7.570564 5.450968 6.024598
v 6.028690 5.447467 6.023109
v 5.691888 5.447467 6.023060
v 5.157110 5.237374 5.950393
v 7.891713 5.454469 5.756659
v 5.908554 0.500229 -3.046862
v 6.545988 0.491476 -2.589870
v 5.922579 0.283305 -2.555712
v 6.545092 0.521225 -3.084957
v -6.658390 0.477483 -2.570814
v -6.020571 0.514222 -3.037351
v -6.019254 0.520350 -2.618421
v -6.659212 0.503731 -3.084957
v 5.874872 2.777919 2.915606
v 5.926383 2.815534 2.568036
v 5.919269 3.729577 2.563619
v 7.954798 5.274261 -2.323270
v 7.954926 5.436976 -3.167068
v 7.602143 5.499234 -3.203956
v 7.767902 5.499258 -3.764795
v 7.954999 5.415980 -3.766880
v 7.690608 5.499708 -5.207512
v 3.430405 5.236475 5.764731
v 1.816157 4.897745 5.807574
v 2.647619 4.897721 5.798046
v -7.287723 5.499476 1.466041
v -7.995520 5.236998 2.941775
v -7.745556 5.499562 2.264020
v -4.125037 5.499148 5.921826
v -4.788107 5.300520 6.022630
v -4.067163 5.237302 5.978944
v -3.775106 5.499112 5.921826
v -3.543556 5.237168 5.921826
v -4.864413 5.499172 5.921826
v -6.016859 5.440476 6.023126
v 6.785803 5.296144 -5.973963
v 6.698325 5.195566 -5.661097
v 5.970798 5.499672 -5.531825
v 6.716739 4.896883 -5.236675
v 7.594243 4.738593 -5.259287
v 7.570564 5.318016 -5.975402
v 7.546884 4.738448 -5.253332
v -7.227874 5.499500 5.051859
v -7.574532 5.236572 5.588598
v -7.769182 5.478735 5.897973
v -7.700684 5.264437 5.959789
v -6.575336 5.497896 5.988472
v -7.700684 5.264437 5.959789
v -6.682234 5.300958 6.023010
v -7.716665 5.479003 5.945679
v -5.664277 5.499318 5.921826
v -7.769182 5.478735 5.897973
v 5.875420 2.720183 2.986999
v 5.923329 2.515513 3.184670
v 6.454944 3.236253 3.193073
v 6.380595 4.223885 2.293431
v 5.918172 4.562286 2.561271
v 6.445728 4.553533 2.561883
v 5.910529 4.278447 2.564314
v 5.919269 3.729577 2.563619
v 5.891530 1.625081 2.641877
v 5.883338 2.184662 2.873640
v 5.933897 1.731409 2.575165
v 5.929820 2.273217 2.571493
v 5.874872 2.777919 2.915606
v 5.926383 2.815534 2.568036
v 5.875420 2.720183 2.986999
v 5.882259 2.260536 2.976297
v 5.889738 1.756721 2.950111
v 5.892865 1.521864 2.960830
v 5.896778 1.280455 2.665680
v 5.899905 1.051275 2.954875
v 5.899649 1.070521 2.779932
v 5.910273 0.415601 2.919757
v 5.908535 0.525589 3.122672
v 5.867009 3.271242 3.054836
v 5.924517 0.529966 2.600076
v 5.923548 0.000000 2.613690
v 5.924133 0.034892 3.155242
v 5.918172 4.068963 3.192478
v 5.923055 0.677569 3.161164
v 5.923676 1.659194 3.174811
v 5.932179 1.213978 3.176680
v 5.923329 2.515513 3.184670
v 5.943644 1.118627 2.574470
v 5.111067 4.897223 3.583850
v -6.032749 0.514222 3.155904
v -6.657329 0.267560 2.908459
v -6.020534 0.514222 2.837050
v -6.595725 0.494977 3.192279
v 7.575336 5.500000 -5.889833
v 6.785803 5.296144 -5.973963
v 6.748317 5.499429 -5.888857
v 7.570564 5.318016 -5.975402
v 5.970798 5.499672 -5.531825
v 0.229557 4.947153 5.711798
v 0.148003 4.897976 5.740928
v 0.866314 4.898073 5.733617
v -0.588740 5.040741 5.711914
v -1.104447 5.100652 5.711815
v -0.699404 4.897782 5.767113
v 1.071533 4.897988 5.740928
v 0.997861 4.954144 5.711997
v 1.816157 4.897745 5.807574
v 7.386099 4.898158 5.821535
v 6.327330 5.237180 5.837332
v 6.960119 4.890050 5.848249
v 5.962917 5.237302 5.917062
v 6.327330 5.237180 5.837332
v 7.386099 4.898158 5.821535
v 3.430405 5.236475 5.764731
v 1.987200 4.898511 5.721889
v 1.816157 4.897745 5.807574
v 0.997861 4.954144 5.711997
v 7.608397 4.957645 2.151554
v 7.608415 4.936649 2.512159
v 7.717909 4.897502 2.218200
v 7.612310 4.901660 3.532075
v 7.616991 4.898074 1.494608
v 7.760002 5.499124 -2.899294
v 7.954798 5.274261 -2.323270
v 7.602143 5.499234 -3.203956
v 7.759198 4.741984 5.083387
v 7.581096 4.898122 5.636551
v 7.759746 4.741887 5.396981
v 7.607537 4.962897 4.661496
v 7.612127 4.901660 3.946241
v -6.509088 4.343465 2.110845
v -6.673054 3.995483 2.637113
v -6.406287 4.657868 1.517221
v -6.105307 4.350164 2.129421
v -6.104374 4.236905 2.322924
v -5.975955 3.804807 2.922735
v -5.998738 2.183568 2.665680
v -6.664259 2.176127 2.637113
v -6.667349 2.731563 2.656152
v -5.991278 2.723685 2.641877
v -6.672067 3.741394 2.665978
v -6.662522 1.652192 2.785871
v -6.005833 1.672750 2.627585
v -6.012873 1.102008 2.665680
v -6.660382 1.074022 2.760876
v -6.016512 0.843104 2.641877
v -6.659285 0.701409 2.909650
v -6.657329 0.267560 2.908459
v -6.020534 0.514222 2.837050
v -7.216683 5.440477 -5.974757
v -7.628437 5.447468 -5.974161
v -6.992996 5.461412 -5.974475
v -5.643231 5.440477 -5.974641
v -7.627157 5.412479 -5.973781
v -6.406287 4.659181 -5.274753
v -7.574806 4.897904 -5.522529
v -5.753748 4.896871 -5.236675
v -4.817053 5.440477 -5.974624
v -4.795988 4.897138 -5.236675
v -3.975059 5.377502 -5.973930
v -4.122422 4.896810 -5.236675
v -3.404933 5.441073 -5.974508
v -3.185708 4.896968 -5.236675
v -2.342415 4.896762 -5.236675
v -2.296628 5.440684 -5.974508
v -2.140470 4.896798 -5.236675
v -1.651733 5.433475 -5.974343
v -1.438615 4.896798 -5.236675
v -1.459662 5.391495 -5.973649
v -0.085613 5.440526 -5.974608
v 0.355434 4.898123 0.066465
v 0.171683 4.897515 -0.626178
v 0.392700 4.897199 -0.019220
v 0.175669 4.898123 0.853658
v 5.874872 2.777919 2.915606
v 5.919269 3.729577 2.563619
v 5.939237 3.758669 2.561849
v -0.464435 4.898038 -0.019220
v 0.143761 4.898159 -0.601713
v -0.459260 4.899290 0.000414
v 5.939237 3.758669 2.561849
v 5.919269 3.729577 2.563619
v 6.380595 4.223885 2.293431
v 5.970798 4.181796 3.192230
v 6.445728 4.553533 2.561883
v 5.924645 4.890560 3.229829
v 7.616936 4.898074 3.084594
v 7.612310 4.901660 3.532075
v 7.616973 4.898073 3.979556
v 7.612127 4.901660 3.946241
v 0.105892 4.897491 -0.638071
v 0.171683 4.897515 -0.626178
v 0.187372 4.898196 -0.580821
v 0.143761 4.898159 -0.601713
v -6.104374 4.236905 2.322924
v -6.105307 4.350164 2.129421
v -6.105837 4.532549 1.837365
v -5.606404 4.897162 2.560940
v -6.143157 4.276867 3.544034
v -5.659029 4.897125 3.674894
v -6.010971 3.262501 3.166127
v -6.527721 4.120778 -3.214559
v -6.668721 3.279996 -3.084957
v -6.406287 4.205236 -2.270635
v -6.406287 4.658525 -3.203956
v -6.527721 4.120778 -3.214559
v -6.675596 4.383852 -2.580341
v 7.717909 4.897502 2.218200
v 7.612310 4.901660 3.532075
v 7.616936 4.898074 3.084594
v -0.459260 4.899290 0.000414
v 0.143761 4.898159 -0.601713
v 0.355434 4.898123 0.066465
v 0.175669 4.898123 0.853658
v 0.107665 4.898195 0.866991
v 0.005248 4.897101 1.089970
v 0.233506 4.897819 0.852533
v 0.392700 4.897199 -0.019220
v 0.207194 4.897101 1.510670
v -0.029440 4.897138 1.461575
v -1.428083 4.896968 0.989993
v -1.464910 4.896967 1.618372
v 0.172341 4.897247 2.403845
v -0.651880 4.897162 0.004583
v -1.651404 4.896968 0.390182
v -2.260843 4.897016 1.459491
v 0.016932 4.897393 2.221905
v 0.132205 4.897296 3.198846
v 1.001481 4.897235 2.204503
v 1.360975 4.897271 3.622524
v -0.682142 4.896955 -0.227494
v -1.701891 4.897211 -0.034538
v -2.320545 4.897186 0.700798
v -2.317419 4.897174 -0.033496
v -3.157256 4.897211 0.670825
v -3.204122 4.897296 -0.065636
v -3.964544 4.897077 0.668228
v -4.307581 4.897150 -0.065934
v -4.111889 4.896883 -1.513993
v -2.355581 4.897199 -0.792205
v -1.479557 4.896980 -0.953600
v -3.151843 4.897065 1.398502
v -2.318077 4.896968 -1.538392
v -1.538601 4.896956 -2.256624
v -0.750549 4.897077 -1.585403
v -3.942181 4.896895 1.432131
v -4.768212 4.897174 1.298228
v -4.021778 4.896797 1.854022
v -4.880193 4.897223 1.494608
v -2.331901 4.897016 0.988802
v 0.105892 4.897491 -0.638071
v -0.689713 4.897126 -2.299466
v -0.044086 4.897454 -2.270916
v 0.055899 4.897150 -1.594931
v 0.957578 4.896871 -1.574701
v 0.822228 4.897199 -0.801716
v 0.895260 4.896822 -2.263770
v 1.357025 4.897077 -2.264961
v 0.989980 4.897077 -3.380090
v 1.177114 4.896955 -1.575296
v 1.989815 4.897029 -1.518162
v -0.625238 4.897041 -3.693684
v -0.628200 4.896907 -3.837098
v -1.308038 4.896944 -3.776408
v 1.791819 4.896907 -3.740695
v 1.787229 4.896907 -3.775217
v 0.983397 4.896931 -3.835312
v 1.725388 4.896968 -4.491067
v 0.918940 4.896907 -4.498808
v 0.069065 4.897005 -5.227147
v 2.036534 4.896931 -4.104872
v 1.855636 4.897150 3.517800
v -0.754498 4.897405 -0.780890
v 2.121050 4.897186 2.209268
v 1.818790 4.896846 1.942089
v -4.890726 4.897308 0.668956
v -5.585357 4.896968 1.456513
v 1.066285 4.896980 1.709119
v -3.161370 4.897089 1.855511
v -2.339124 4.896967 1.565423
v 0.952476 4.897101 3.653175
v 0.239760 4.896943 4.425548
v 0.083199 4.896991 4.412612
v -0.674078 4.896967 3.701080
v -0.717671 4.897162 5.122061
v 1.066285 4.897040 1.109009
v -1.800395 4.897417 5.164903
v -1.491223 4.896967 4.272324
v -3.295897 4.897162 -0.793081
v -3.073563 4.897113 3.747197
v -3.115985 4.897369 -2.123333
v -4.786790 4.897199 -0.052237
v -4.795165 4.897162 -0.950176
v -5.671189 4.896943 -0.776722
v -5.611670 4.896798 -1.552088
v -4.759728 4.897199 -1.960448
v -5.585357 4.896919 -0.564296
v -1.470670 4.897163 -3.437820
v -2.275326 4.897211 -3.487213
v -5.598504 4.897040 0.261654
v 0.187372 4.898196 -0.580821
v 0.124323 4.897284 -0.992440
v -0.699404 4.897782 5.767113
v -4.801254 4.897271 2.551429
v -2.541069 4.896894 4.430610
v -3.909285 4.896870 3.842096
v -3.768523 4.896943 4.531777
v -4.701269 4.897308 4.988769
v -4.744368 4.897064 4.422289
v -3.160711 4.896979 5.283919
v 1.029440 4.897053 -1.049855
v 2.627889 4.897065 -1.172444
v 0.997861 4.897199 -0.053726
v 0.171683 4.897515 -0.626178
v -2.396358 4.897052 5.236313
v -5.606404 4.897162 2.560940
v -5.659029 4.897125 3.674894
v 1.054765 4.896870 4.233054
v 1.850369 4.896967 3.751647
v 1.817145 4.896931 4.795978
v 1.016292 4.896846 4.660305
v 2.952512 4.896955 4.441626
v 2.647619 4.897721 5.798046
v 3.549792 4.897064 5.176218
v 3.520187 4.896955 5.063752
v 1.816157 4.897745 5.807574
v 1.071533 4.897988 5.740928
v 0.866314 4.898073 5.733617
v 3.514592 4.896882 3.777534
v 2.757479 4.897138 3.697804
v 2.644986 4.897332 3.265492
v 4.330255 4.897040 5.169667
v 4.283225 4.896821 3.731119
v -5.203829 4.896906 4.486553
v 5.135404 4.896773 3.986702
v 5.120922 4.896639 4.432991
v 5.128822 4.896919 5.245841
v 5.924554 4.891606 5.153010
v 0.148003 4.897976 5.740928
v -4.025051 4.897065 -2.244731
v -3.195253 4.897466 -2.523223
v 2.201141 4.896932 -4.495980
v 3.135039 4.896883 -4.483921
v 2.643669 4.896992 -4.746352
v 3.465258 4.896992 -4.872498
v 4.123062 4.896664 -3.780130
v 2.808130 4.897005 -3.735947
v 3.486962 4.896664 -3.103996
v 4.313158 4.896798 -3.094468
v 4.384198 4.897150 -5.162884
v 4.833474 4.896688 -3.748734
v 5.223541 4.896822 -4.479753
v 5.107775 4.896920 -4.732060
v -3.954012 4.896882 2.541901
v 4.339471 4.896931 3.151240
v 5.111067 4.897223 3.583850
v -1.321844 4.896968 -4.513084
v -2.337149 4.896847 -2.494656
v -2.278525 4.897187 -5.011661
v -1.438615 4.896798 -5.236675
v 5.105142 4.896652 -3.728801
v 6.532566 4.886002 -3.117063
v 2.105599 4.897089 -0.770171
v 3.221219 4.897004 -0.777317
v 3.050852 4.897223 -0.071888
v 3.465916 4.896955 -0.939176
v 2.902849 4.897041 -1.520246
v 1.966135 4.897126 0.709135
v 3.308038 4.897199 0.066465
v 4.235536 4.896858 -1.647285
v 4.381564 4.896883 -1.552088
v 4.313158 4.896992 -1.304545
v 5.855032 4.897126 -0.790418
v 4.300175 4.896968 -0.307522
v 5.138696 4.896846 -1.700846
v 5.102509 4.897077 -0.059681
v 4.332888 4.897065 0.249149
v 5.153818 4.896955 0.292587
v 5.107775 4.896931 1.142324
v 4.302626 4.896882 1.169700
v 5.107775 4.897283 2.165830
v 4.304271 4.896992 2.023308
v 3.466007 4.896955 1.751366
v 3.508009 4.897004 0.984634
v 3.900472 4.897053 0.001754
v 2.644986 4.897077 1.815332
v 2.734457 4.897223 0.735320
v 1.876682 4.896895 -3.741885
v -3.889555 4.896859 -3.094468
v -3.106769 4.897272 -3.161113
v 5.925340 4.891800 5.274408
v 6.960119 4.890050 5.848249
v -2.937061 4.896992 -3.797829
v -3.842196 4.896688 -3.969794
v -4.148716 4.896895 -3.708571
v -3.940535 4.896664 -3.973963
v -4.053997 4.896834 -4.505937
v -4.760477 4.897187 -4.503556
v -4.795988 4.897138 -5.236675
v -4.895974 4.897065 -3.779981
v -5.597188 4.897090 -5.129569
v -4.122422 4.896810 -5.236675
v -3.185708 4.896968 -5.236675
v -3.464617 4.896932 -4.534505
v -5.753748 4.896871 -5.236675
v -1.564895 4.897004 0.716265
v -2.140470 4.896798 -5.236675
v -2.342415 4.896762 -5.236675
v 0.178248 4.896919 4.499637
v -5.059117 4.897004 4.185448
v -5.659029 4.896773 4.427037
v -3.101521 4.897211 -4.779666
v 3.459333 4.897053 -0.697587
v -2.293739 4.896956 -4.229843
v 3.504736 4.897004 3.408311
v -4.801254 4.897223 -3.137310
v -1.607007 4.896907 -2.275680
v 1.000494 4.897199 0.039105
v 4.318424 4.896761 5.264880
v 1.853825 4.896943 1.034325
v -0.015140 4.896980 4.503210
v 0.005248 4.897101 1.089970
v -0.464435 4.898038 -0.019220
v 0.107665 4.898195 0.866991
v -0.651880 4.897162 0.004583
v 0.105892 4.897491 -0.638071
v 0.143761 4.898159 -0.601713
v 0.124323 4.897284 -0.992440
v 0.822228 4.897199 -0.801716
v 0.105892 4.897491 -0.638071
v 0.171683 4.897515 -0.626178
v -2.937061 4.896992 -3.797829
v -2.278525 4.897187 -5.011661
v -2.293739 4.896956 -4.229843
v -3.101521 4.897211 -4.779666
v -2.275326 4.897211 -3.487213
v -3.106769 4.897272 -3.161113
v -1.607007 4.896907 -2.275680
v -2.331901 4.897016 0.988802
v -2.260843 4.897016 1.459491
v -2.339124 4.896967 1.565423
v -1.564895 4.897004 0.716265
v -3.101521 4.897211 -4.779666
v -3.185708 4.896968 -5.236675
v -2.342415 4.896762 -5.236675
v -2.541069 4.896894 4.430610
v -1.491881 4.896833 5.264880
v -2.396358 4.897052 5.236313
v 1.818790 4.896846 1.942089
v 1.853825 4.896943 1.034325
v 2.644986 4.897077 1.815332
v 3.221219 4.897004 -0.777317
v 1.989815 4.897029 -1.518162
v 2.902849 4.897041 -1.520246
v 3.900472 4.897053 0.001754
v 3.308038 4.897199 0.066465
v 3.459333 4.897053 -0.697587
v 3.508009 4.897004 0.984634
v 2.734457 4.897223 0.735320
v 1.853825 4.896943 1.034325
v 0.392700 4.897199 -0.019220
v 0.171683 4.897515 -0.626178
v 0.997861 4.897199 -0.053726
v 1.000494 4.897199 0.039105
v 0.148003 4.897976 5.740928
v 0.178248 4.896919 4.499637
v 0.866314 4.898073 5.733617
v -0.015140 4.896980 4.503210
v -0.680826 4.866671 2.623616
v -1.464910 4.896967 1.618372
v -0.029440 4.897138 1.461575
v -1.480050 4.721475 2.623268
v -2.260843 4.897016 1.459491
v -1.381052 4.649224 2.981656
v -2.575940 4.649260 2.937325
v 0.016932 4.897393 2.221905
v -1.570162 4.649272 2.970342
v -2.339124 4.896967 1.565423
v -3.161370 4.897089 1.855511
v -3.155445 4.649272 2.928690
v -4.021778 4.896797 1.854022
v -3.954012 4.896882 2.541901
v -4.011904 4.660275 3.070286
v -4.770992 4.752963 3.077035
v -4.744368 4.897064 4.422289
v -3.909285 4.896870 3.842096
v -4.801254 4.897271 2.551429
v -5.659029 4.897125 3.674894
v -5.659029 4.896773 4.427037
v -6.406287 4.658257 4.293745
v -6.049865 4.873674 5.155392
v -5.203829 4.896906 4.486553
v -5.728752 4.873674 5.339152
v -6.406287 4.658682 5.262498
v -5.018322 4.768707 5.339416
v -4.534852 4.866671 5.339400
v -6.526734 4.356801 3.635376
v -7.884582 4.775709 3.557069
v -7.884088 4.845687 3.699889
v -7.883941 4.796705 4.545457
v -7.884454 4.824692 2.234857
v -6.674078 4.356729 2.627586
v -5.059117 4.897004 4.185448
v -6.416800 4.047967 3.192709
v -7.884307 4.866671 1.696928
v -6.406287 4.657868 1.517221
v -6.416124 4.655704 1.237537
v -6.105837 4.532549 1.837365
v -6.105307 4.350164 2.129421
v -5.585357 4.896968 1.456513
v -6.406287 4.658026 0.687714
v -5.598504 4.897040 0.261654
v -6.415960 4.655801 -0.114433
v -7.880888 4.880677 -0.043024
v -6.415996 4.655607 -0.912395
v -7.883960 4.873674 -0.774042
v -6.527483 4.583550 -2.242911
v -5.611670 4.896798 -1.552088
v -7.883960 4.873674 -1.533049
v -7.884142 4.873674 -2.284000
v -5.585357 4.896919 -0.564296
v -6.675596 4.383852 -2.580341
v -4.880193 4.897223 1.494608
v -5.606404 4.897162 2.560940
v -7.884417 4.842186 0.754360
v -6.509088 4.343465 2.110845
v -4.701269 4.897308 4.988769
v -3.768523 4.896943 4.531777
v -3.160711 4.896979 5.283919
v -3.133082 4.649248 2.960831
v -6.406287 4.658317 4.455603
v -5.671189 4.896943 -0.776722
v -1.491223 4.896967 4.272324
v -0.674078 4.896967 3.701080
v 0.132205 4.897296 3.198846
v -2.422671 4.649224 2.953685
v -3.073563 4.897113 3.747197
v -7.700830 4.897295 5.474345
v -1.381052 4.649224 2.981656
v 0.016932 4.897393 2.221905
v 0.132205 4.897296 3.198846
v -7.884417 4.842186 0.754360
v -7.883941 4.873674 0.042661
v -6.416124 4.655704 1.237537
v -6.406287 4.658026 0.687714
v -7.880888 4.880677 -0.043024
v 7.082705 4.782712 4.507974
v 7.082742 4.775709 3.693934
v 7.616973 4.898073 3.979556
v 7.616936 4.898074 3.084594
v 7.083126 4.761716 2.965578
v 7.717909 4.897502 2.218200
v 6.318113 4.631498 4.099730
v 5.924554 4.891606 5.153010
v 7.759198 4.741984 5.083387
v 6.960119 4.890050 5.848249
v 5.135404 4.896773 3.986702
v 5.924645 4.890560 3.229829
v 7.083071 4.768707 2.766832
v 7.616991 4.898074 1.494608
v 7.083181 4.761716 2.139644
v 6.418574 4.358953 2.108067
v 7.329158 4.738727 0.716265
v 6.445728 4.553533 2.561883
v 5.111067 4.897223 3.583850
v 7.759746 4.741887 5.396981
v 7.386099 4.898158 5.821535
v 5.107775 4.897283 2.165830
v 5.918172 4.562286 2.561271
v 4.715733 4.649236 2.860854
v 4.304271 4.896992 2.023308
v 3.466007 4.896955 1.751366
v 3.462624 4.649285 2.936432
v 4.339471 4.896931 3.151240
v 3.504736 4.897004 3.408311
v 2.644986 4.897332 3.265492
v 2.694321 4.670742 2.623152
v 1.855636 4.897150 3.517800
v 2.121050 4.897186 2.209268
v 1.818790 4.896846 1.942089
v 2.644986 4.897077 1.815332
v 5.111067 4.897223 3.583850
v 4.715733 4.649236 2.860854
v 5.918172 4.562286 2.561271
v 4.339471 4.896931 3.151240
v 5.918172 4.562286 2.561271
v 5.107775 4.897283 2.165830
v 5.902849 4.898232 2.175341
v -6.406287 4.658257 4.293745
v -6.526734 4.356801 3.635376
v -6.416800 4.047967 3.192709
v 6.380595 4.223885 2.293431
v 6.418574 4.358953 2.108067
v 6.445728 4.553533 2.561883
v 6.396248 4.317606 2.147154
v 6.445728 4.553533 2.561883
v 6.396248 4.317606 2.147154
v 6.380595 4.223885 2.293431
v 6.418574 4.358953 2.108067
v 6.381272 4.204506 -2.270238
v 6.462240 4.866671 -1.518757
v 6.381272 4.253355 -2.193849
v 7.570564 5.318016 -5.975402
v 6.785803 5.296144 -5.973963
v 7.546884 4.738448 -5.253332
v 3.457358 5.499173 -2.788318
v 2.604868 5.499112 -1.606229
v 3.383686 5.499173 -1.573212
vt 0.987875 0.542381
vt 0.986906 0.497078
vt 0.987876 0.495714
vt 0.258487 0.927143
vt 0.235907 0.924286
vt 0.215810 0.927143
vt 0.384170 0.553810
vt 0.377789 0.567143
vt 0.420466 0.567143
vt 0.828807 0.371905
vt 0.828807 0.419524
vt 0.816198 0.412261
vt 0.327352 0.609048
vt 0.378758 0.609048
vt 0.344196 0.608095
vt 0.048012 0.814555
vt 0.052861 0.782381
vt 0.052861 0.847143
vt 0.454413 0.971972
vt 0.455383 0.970000
vt 0.455383 0.999524
vt 0.621242 0.510952
vt 0.621242 0.553810
vt 0.620272 0.553025
vt 0.666254 0.500956
vt 0.668768 0.554762
vt 0.661979 0.513348
vt 0.668768 0.463333
vt 0.988846 0.423590
vt 0.994665 0.381429
vt 0.994665 0.448095
vt 0.438894 0.889048
vt 0.437924 0.875407
vt 0.438894 0.844286
vt 0.358994 0.634762
vt 0.329292 0.638571
vt 0.396217 0.638571
vt 0.714355 0.833760
vt 0.715325 0.806190
vt 0.715325 0.869048
vt 0.000485 0.680464
vt 0.001455 0.647143
vt 0.001455 0.688095
vt 0.877677 0.700476
vt 0.876334 0.638147
vt 0.884093 0.665405
vt 0.884093 0.594762
vt 0.145975 0.621429
vt 0.200291 0.621429
vt 0.170652 0.615714
vt 0.226479 0.639524
vt 0.174713 0.627143
vt 0.156644 0.639524
vt 0.112027 0.794762
vt 0.163434 0.794762
vt 0.136471 0.788095
vt 0.998545 0.521429
vt 0.990786 0.495747
vt 0.998545 0.460476
vt 0.959748 0.965238
vt 0.936405 0.957619
vt 0.906402 0.965238
vt 0.876334 0.935498
vt 0.878274 0.906190
vt 0.878274 0.964286
vt 0.981086 0.890000
vt 0.981086 0.910952
vt 0.974297 0.903165
vt 0.936469 0.689048
vt 0.936469 0.733810
vt 0.934530 0.714072
vt 0.826400 0.290109
vt 0.826979 0.303524
vt 0.858875 0.306692
vt 0.811662 0.348706
vt 0.792683 0.298374
vt 0.797897 0.273898
vt 0.740469 0.304666
vt 0.739531 0.310090
vt 0.765360 0.251905
vt 0.788442 0.321376
vt 0.724519 0.350645
vt 0.780301 0.346844
vt 0.781145 0.377061
vt 0.742438 0.397129
vt 0.710738 0.377339
vt 0.735261 0.400476
vt 0.707469 0.397522
vt 0.714759 0.352522
vt 0.721083 0.313513
vt 0.661475 0.387478
vt 0.674572 0.359631
vt 0.661789 0.296495
vt 0.658099 0.400476
vt 0.713397 0.286102
vt 0.666546 0.267091
vt 0.779275 0.058380
vt 0.809413 0.058237
vt 0.772862 0.038596
vt 0.749280 0.059888
vt 0.745199 0.043595
vt 0.716566 0.043778
vt 0.719410 0.053381
vt 0.961380 0.034694
vt 0.961526 0.032766
vt 0.931758 0.030952
vt 0.930772 0.045866
vt 0.901987 0.046961
vt 0.904547 0.031087
vt 0.869523 0.037896
vt 0.869332 0.040448
vt 0.859351 0.036891
vt 0.860238 0.040035
vt 0.812270 0.041002
vt 0.835233 0.056118
vt 0.787393 0.040065
vt 0.723241 0.093594
vt 0.715825 0.093875
vt 0.661561 0.061876
vt 0.841135 0.084416
vt 0.810845 0.085866
vt 0.913564 0.081371
vt 0.875579 0.080315
vt 0.934089 0.130815
vt 0.944699 0.135119
vt 0.958699 0.068228
vt 0.985413 0.101127
vt 0.962671 0.068929
vt 0.990633 0.161927
vt 0.963707 0.163863
vt 0.953194 0.202237
vt 0.992508 0.199085
vt 0.949421 0.236420
vt 0.994357 0.234562
vt 0.939707 0.255247
vt 0.994761 0.242895
vt 0.995973 0.269018
vt 0.940390 0.274992
vt 0.942268 0.308463
vt 0.997811 0.307842
vt 0.999515 0.343993
vt 0.974682 0.342405
vt 0.947229 0.401814
vt 0.978158 0.405238
vt 0.780141 0.086837
vt 0.790385 0.086485
vt 0.753908 0.141915
vt 0.782258 0.110939
vt 0.819838 0.138108
vt 0.858740 0.131933
vt 0.739855 0.140607
vt 0.705763 0.144943
vt 0.687473 0.042900
vt 0.661009 0.092686
vt 0.855379 0.170051
vt 0.814340 0.167981
vt 0.855422 0.203247
vt 0.876653 0.202857
vt 0.876322 0.170506
vt 0.818256 0.173733
vt 0.813608 0.225906
vt 0.855621 0.235060
vt 0.813773 0.261462
vt 0.855752 0.266878
vt 0.901666 0.229255
vt 0.901951 0.265405
vt 0.902877 0.140386
vt 0.843631 0.286262
vt 0.664480 0.149065
vt 0.999515 0.032788
vt 0.034089 0.244712
vt 0.001323 0.252845
vt 0.033762 0.232680
vt 0.001061 0.224220
vt 0.000485 0.189461
vt 0.001254 0.281469
vt 0.036182 0.286776
vt 0.001771 0.333329
vt 0.036134 0.309478
vt 0.031840 0.335610
vt 0.000709 0.343322
vt 0.002800 0.369774
vt 0.033990 0.183912
vt 0.000810 0.158271
vt 0.001545 0.124045
vt 0.017118 0.214162
vt 0.358104 0.246004
vt 0.324357 0.246116
vt 0.306631 0.219333
vt 0.282647 0.276524
vt 0.303789 0.246015
vt 0.254708 0.276826
vt 0.269577 0.245756
vt 0.205322 0.305993
vt 0.206144 0.303081
vt 0.182117 0.335314
vt 0.195375 0.309029
vt 0.200468 0.364789
vt 0.169193 0.337313
vt 0.237035 0.394773
vt 0.236089 0.391697
vt 0.270789 0.373507
vt 0.252248 0.338009
vt 0.235707 0.335216
vt 0.238772 0.322431
vt 0.240705 0.394814
vt 0.303787 0.396730
vt 0.301847 0.425124
vt 0.337388 0.428028
vt 0.334662 0.454212
vt 0.304755 0.458172
vt 0.406054 0.432129
vt 0.374906 0.457475
vt 0.395558 0.426501
vt 0.416280 0.454041
vt 0.470952 0.457483
vt 0.446109 0.424597
vt 0.486584 0.455554
vt 0.516806 0.452948
vt 0.473299 0.445442
vt 0.508463 0.455779
vt 0.543623 0.466794
vt 0.586593 0.454203
vt 0.549921 0.453851
vt 0.606115 0.397082
vt 0.645511 0.453337
vt 0.607104 0.449312
vt 0.639472 0.407249
vt 0.604535 0.368683
vt 0.638647 0.368014
vt 0.551984 0.394837
vt 0.506986 0.406615
vt 0.555172 0.366683
vt 0.606188 0.336569
vt 0.616402 0.337412
vt 0.573465 0.341933
vt 0.570687 0.333110
vt 0.530145 0.365191
vt 0.538373 0.344715
vt 0.537654 0.332694
vt 0.505308 0.345073
vt 0.500102 0.307140
vt 0.506455 0.367323
vt 0.473111 0.409943
vt 0.443676 0.373863
vt 0.473074 0.356215
vt 0.407239 0.423089
vt 0.411269 0.373256
vt 0.432369 0.363467
vt 0.470135 0.307564
vt 0.373061 0.372697
vt 0.375097 0.344794
vt 0.393984 0.423434
vt 0.372064 0.425173
vt 0.372117 0.421167
vt 0.340119 0.384923
vt 0.342646 0.363102
vt 0.308942 0.396733
vt 0.305842 0.382352
vt 0.310142 0.364349
vt 0.292841 0.373354
vt 0.304563 0.356477
vt 0.308063 0.306785
vt 0.575373 0.466185
vt 0.607044 0.480533
vt 0.640762 0.480636
vt 0.440193 0.416065
vt 0.343261 0.461607
vt 0.273252 0.334238
vt 0.335666 0.299471
vt 0.363726 0.277180
vt 0.404419 0.278036
vt 0.400930 0.246056
vt 0.412200 0.278548
vt 0.438368 0.308842
vt 0.405235 0.307393
vt 0.371115 0.306716
vt 0.466044 0.278292
vt 0.503547 0.279034
vt 0.539999 0.284868
vt 0.509645 0.258507
vt 0.555086 0.277667
vt 0.565073 0.246329
vt 0.582746 0.304289
vt 0.605962 0.274241
vt 0.608479 0.303236
vt 0.613263 0.274868
vt 0.605620 0.236264
vt 0.615651 0.245513
vt 0.646227 0.275671
vt 0.572960 0.218374
vt 0.573287 0.210422
vt 0.582189 0.215768
vt 0.573445 0.156707
vt 0.604591 0.156735
vt 0.639897 0.186461
vt 0.640223 0.171996
vt 0.604275 0.127268
vt 0.619796 0.127212
vt 0.599241 0.099225
vt 0.609195 0.104384
vt 0.574479 0.078378
vt 0.609644 0.094659
vt 0.605709 0.047290
vt 0.637045 0.066787
vt 0.546015 0.067338
vt 0.541390 0.068700
vt 0.529950 0.066936
vt 0.548879 0.037563
vt 0.577654 0.037713
vt 0.538755 0.034816
vt 0.506479 0.055946
vt 0.496883 0.036545
vt 0.471768 0.037475
vt 0.472189 0.041948
vt 0.500659 0.067787
vt 0.526749 0.075154
vt 0.493135 0.097572
vt 0.470047 0.072308
vt 0.440825 0.100033
vt 0.468668 0.126812
vt 0.502898 0.128923
vt 0.444705 0.185867
vt 0.428369 0.128248
vt 0.419881 0.097543
vt 0.404144 0.098916
vt 0.404389 0.071906
vt 0.407531 0.069069
vt 0.405465 0.043786
vt 0.439893 0.039989
vt 0.437794 0.036696
vt 0.404905 0.026989
vt 0.373225 0.012092
vt 0.371070 0.041840
vt 0.351007 0.096164
vt 0.308807 0.065679
vt 0.329623 0.007998
vt 0.279854 0.008041
vt 0.303980 0.065676
vt 0.239917 0.037385
vt 0.242895 0.028835
vt 0.221022 0.036808
vt 0.206010 0.039612
vt 0.208565 0.067875
vt 0.257723 0.068555
vt 0.304930 0.071937
vt 0.271797 0.097586
vt 0.301140 0.099254
vt 0.332929 0.098678
vt 0.337083 0.096564
vt 0.372534 0.125628
vt 0.388904 0.155451
vt 0.369116 0.131535
vt 0.337778 0.128875
vt 0.307539 0.163087
vt 0.355793 0.156786
vt 0.331490 0.186356
vt 0.358915 0.186475
vt 0.404283 0.174889
vt 0.404577 0.188464
vt 0.436458 0.184877
vt 0.438299 0.190604
vt 0.470540 0.196336
vt 0.417345 0.217056
vt 0.444651 0.217017
vt 0.499823 0.217110
vt 0.472618 0.259172
vt 0.427429 0.248130
vt 0.492956 0.246433
vt 0.537047 0.217335
vt 0.536972 0.209707
vt 0.503220 0.210626
vt 0.522629 0.157207
vt 0.475669 0.165368
vt 0.522785 0.127034
vt 0.572939 0.129950
vt 0.540484 0.099411
vt 0.513463 0.098887
vt 0.373135 0.220453
vt 0.366751 0.216593
vt 0.284128 0.216462
vt 0.294049 0.186921
vt 0.302751 0.157094
vt 0.271602 0.174127
vt 0.303449 0.127376
vt 0.271910 0.128820
vt 0.238832 0.128194
vt 0.238582 0.099792
vt 0.182202 0.098566
vt 0.172508 0.071495
vt 0.172885 0.042985
vt 0.141878 0.042567
vt 0.162935 0.036093
vt 0.181267 0.036188
vt 0.165058 0.006876
vt 0.179252 0.006931
vt 0.106034 0.034095
vt 0.135046 0.006710
vt 0.102605 0.006516
vt 0.076423 0.033700
vt 0.069702 0.031107
vt 0.065719 0.003593
vt 0.071927 0.049687
vt 0.097481 0.036803
vt 0.044866 0.065593
vt 0.034678 0.065448
vt 0.069246 0.124211
vt 0.074827 0.124720
vt 0.038398 0.148789
vt 0.073255 0.154639
vt 0.039479 0.183753
vt 0.072040 0.184436
vt 0.104847 0.151866
vt 0.104488 0.184201
vt 0.147340 0.184668
vt 0.107253 0.212598
vt 0.142317 0.214903
vt 0.204199 0.155888
vt 0.173211 0.186385
vt 0.203865 0.217435
vt 0.219741 0.186408
vt 0.238200 0.225643
vt 0.269264 0.217221
vt 0.236935 0.249480
vt 0.172776 0.263815
vt 0.152275 0.246310
vt 0.138075 0.237099
vt 0.125995 0.246900
vt 0.113416 0.232566
vt 0.079594 0.214517
vt 0.101344 0.236553
vt 0.101105 0.245019
vt 0.069711 0.230494
vt 0.068705 0.245099
vt 0.052985 0.214506
vt 0.016270 0.151266
vt 0.057940 0.274723
vt 0.036757 0.314798
vt 0.037393 0.337209
vt 0.103431 0.343377
vt 0.100876 0.364836
vt 0.057111 0.394377
vt 0.017323 0.366753
vt 0.069773 0.423320
vt 0.074705 0.423627
vt 0.136800 0.371908
vt 0.136467 0.337513
vt 0.167949 0.371874
vt 0.137356 0.404784
vt 0.167599 0.408094
vt 0.204013 0.420316
vt 0.203868 0.435941
vt 0.147073 0.425225
vt 0.168523 0.454231
vt 0.118919 0.454193
vt 0.135885 0.425098
vt 0.102560 0.442127
vt 0.070319 0.448152
vt 0.101303 0.456261
vt 0.188529 0.455751
vt 0.219334 0.425245
vt 0.236262 0.455854
vt 0.268971 0.455690
vt 0.241361 0.429444
vt 0.135967 0.310809
vt 0.168798 0.307445
vt 0.174921 0.275726
vt 0.167620 0.275832
vt 0.137318 0.275001
vt 0.080688 0.305905
vt 0.072847 0.282513
vt 0.034038 0.421661
vt 0.271505 0.193398
vt 0.228677 0.155951
vt 0.204349 0.126071
vt 0.143259 0.155324
vt 0.138585 0.125374
vt 0.106207 0.123152
vt 0.140999 0.083347
vt 0.107128 0.093949
vt 0.107068 0.038008
vt 0.071978 0.088776
vt 0.014409 0.123235
vt 0.038971 0.040604
vt 0.646426 0.304392
vt 0.609651 0.325867
vt 0.642361 0.331235
vt 0.648524 0.361017
vt 0.642061 0.373162
vt 0.648772 0.395613
vt 0.582406 0.324644
vt 0.017335 0.006778
vt 0.019478 0.004899
vt 0.449977 0.003632
vt 0.476542 0.003661
vt 0.232326 0.003081
vt 0.269841 0.003202
vt 0.003413 0.454054
vt 0.020573 0.484286
vt 0.046510 0.484145
vt 0.407666 0.003463
vt 0.656696 0.226703
vt 0.656783 0.072995
vt 0.656743 0.130107
vt 0.656763 0.099813
vt 0.656720 0.215039
vt 0.656766 0.172380
vt 0.564618 0.003709
vt 0.508918 0.003637
vt 0.608960 0.035378
vt 0.578332 0.003720
vt 0.616410 0.003810
vt 0.654220 0.014478
vt 0.656788 0.060671
vt 0.641152 0.003748
vt 0.193067 0.483806
vt 0.238228 0.483768
vt 0.328464 0.483787
vt 0.101581 0.484019
vt 0.135276 0.483994
vt 0.169710 0.484175
vt 0.404343 0.003455
vt 0.264484 0.483812
vt 0.372417 0.003459
vt 0.337071 0.003104
vt 0.304496 0.003255
vt 0.272451 0.483999
vt 0.002953 0.396551
vt 0.003178 0.450478
vt 0.339343 0.484286
vt 0.004674 0.035576
vt 0.003930 0.068310
vt 0.023163 0.017942
vt 0.088334 0.001765
vt 0.060792 0.000476
vt 0.659474 0.328332
vt 0.659559 0.337600
vt 0.659926 0.303700
vt 0.660039 0.275782
vt 0.002192 0.095658
vt 0.399384 0.610388
vt 0.378644 0.610388
vt 0.381632 0.628624
vt 0.366314 0.630564
vt 0.357152 0.610000
vt 0.357008 0.630952
vt 0.334246 0.610000
vt 0.333172 0.630952
vt 0.411536 0.613226
vt 0.402535 0.627848
vt 0.425011 0.613104
vt 0.424903 0.614802
vt 0.447846 0.610000
vt 0.468962 0.627849
vt 0.857256 0.880227
vt 0.846896 0.878316
vt 0.843437 0.900625
vt 0.863099 0.877077
vt 0.847019 0.876290
vt 0.866723 0.859205
vt 0.854570 0.852558
vt 0.873138 0.838106
vt 0.858650 0.834270
vt 0.863641 0.812857
vt 0.880213 0.817188
vt 0.852134 0.925705
vt 0.835967 0.924313
vt 0.848286 0.946818
vt 0.839544 0.899749
vt 0.822987 0.949835
vt 0.823829 0.962936
vt 0.828949 0.965086
vt 0.880213 0.999524
vt 0.661297 0.185968
vt 0.678981 0.175967
vt 0.677321 0.189100
vt 0.659069 0.175423
vt 0.680407 0.153884
vt 0.659272 0.152857
vt 0.680407 0.199048
vt 0.677826 0.239524
vt 0.659275 0.198338
vt 0.154103 0.834962
vt 0.167297 0.807139
vt 0.150161 0.835173
vt 0.148239 0.807781
vt 0.107114 0.808824
vt 0.126736 0.836218
vt 0.099104 0.809159
vt 0.101256 0.837619
vt 0.196042 0.832294
vt 0.194741 0.806013
vt 0.206513 0.832316
vt 0.214396 0.805256
vt 0.220085 0.831317
vt 0.219330 0.805252
vt 0.242968 0.829896
vt 0.242793 0.804480
vt 0.056741 0.775714
vt 0.060586 0.837619
vt 0.412392 0.577007
vt 0.420601 0.602656
vt 0.398453 0.601311
vt 0.447320 0.579752
vt 0.442728 0.603991
vt 0.465502 0.580901
vt 0.467743 0.605704
vt 0.491856 0.606255
vt 0.487360 0.582991
vt 0.513527 0.607143
vt 0.513579 0.584982
vt 0.376255 0.570952
vt 0.360308 0.607143
vt 0.351481 0.582597
vt 0.335112 0.588966
vt 0.758191 0.645076
vt 0.754246 0.644177
vt 0.724193 0.666294
vt 0.702142 0.660920
vt 0.709665 0.633105
vt 0.771316 0.671757
vt 0.682347 0.656298
vt 0.796799 0.681429
vt 0.796799 0.628095
vt 0.721144 0.910000
vt 0.727340 0.878571
vt 0.783220 0.910000
vt 0.744206 0.881056
vt 0.027447 0.762581
vt 0.007352 0.794679
vt 0.007350 0.762654
vt 0.026229 0.727663
vt 0.006799 0.729317
vt 0.025278 0.690929
vt 0.007076 0.691999
vt 0.027110 0.770760
vt 0.026503 0.796366
vt 0.025681 0.834364
vt 0.006803 0.812187
vt 0.003097 0.862750
vt 0.004389 0.662182
vt 0.025265 0.630034
vt 0.000485 0.873303
vt 0.025275 0.869716
vt 0.015045 0.597528
vt 0.033463 0.928095
vt 0.033463 0.596667
vt 0.981533 0.704625
vt 0.980423 0.722758
vt 0.998258 0.723626
vt 0.998545 0.741866
vt 0.998545 0.711652
vt 0.973327 0.741838
vt 0.998313 0.696100
vt 0.998312 0.762746
vt 0.973901 0.763509
vt 0.974039 0.786190
vt 0.997874 0.785281
vt 0.976376 0.695831
vt 0.998094 0.674257
vt 0.975569 0.672307
vt 0.991239 0.632857
vt 0.594788 0.790488
vt 0.572745 0.775618
vt 0.574257 0.796172
vt 0.594562 0.802417
vt 0.594497 0.772335
vt 0.573174 0.817896
vt 0.594794 0.817896
vt 0.574430 0.752666
vt 0.573476 0.742247
vt 0.594675 0.751540
vt 0.581697 0.729048
vt 0.595053 0.729091
vt 0.584754 0.861429
vt 0.595053 0.839638
vt 0.941517 0.832871
vt 0.948869 0.832732
vt 0.971405 0.801378
vt 0.942410 0.862142
vt 0.974297 0.859294
vt 0.966781 0.890000
vt 0.974265 0.886645
vt 0.937683 0.618327
vt 0.945605 0.590091
vt 0.948928 0.563836
vt 0.951573 0.592045
vt 0.948135 0.549305
vt 0.974040 0.535013
vt 0.974085 0.504285
vt 0.946926 0.507973
vt 0.946881 0.491131
vt 0.974131 0.476991
vt 0.948934 0.461946
vt 0.974190 0.464448
vt 0.973978 0.577607
vt 0.973918 0.620334
vt 0.946112 0.422078
vt 0.973154 0.417171
vt 0.957041 0.641856
vt 0.974297 0.632558
vt 0.965327 0.681035
vt 0.940194 0.675549
vt 0.965373 0.709046
vt 0.939040 0.690060
vt 0.965512 0.733817
vt 0.937924 0.714771
vt 0.965601 0.743332
vt 0.939561 0.761519
vt 0.938855 0.771559
vt 0.971823 0.777295
vt 0.941493 0.806385
vt 0.937439 0.647292
vt 0.958203 0.407143
vt 0.941516 0.412016
vt 0.944764 0.435809
vt 0.913216 0.802122
vt 0.905211 0.773604
vt 0.877304 0.780901
vt 0.883332 0.811907
vt 0.913873 0.818850
vt 0.885155 0.844987
vt 0.910774 0.845209
vt 0.888401 0.877326
vt 0.917197 0.891755
vt 0.895816 0.740037
vt 0.918889 0.843787
vt 0.919642 0.876728
vt 0.913579 0.771149
vt 0.916867 0.832472
vt 0.913949 0.803178
vt 0.895411 0.713991
vt 0.910572 0.920476
vt 0.922889 0.672466
vt 0.911262 0.635904
vt 0.912830 0.673428
vt 0.921741 0.704372
vt 0.912433 0.706663
vt 0.921762 0.707671
vt 0.913015 0.737398
vt 0.923460 0.749957
vt 0.921267 0.637299
vt 0.912590 0.603628
vt 0.922676 0.605211
vt 0.924015 0.571342
vt 0.915086 0.542368
vt 0.915460 0.511942
vt 0.924758 0.534684
vt 0.923777 0.776728
vt 0.924200 0.809020
vt 0.930650 0.864389
vt 0.915180 0.491878
vt 0.925879 0.482681
vt 0.896711 0.673796
vt 0.896207 0.642660
vt 0.899107 0.609442
vt 0.900688 0.588562
vt 0.903283 0.571135
vt 0.881140 0.572214
vt 0.881612 0.536106
vt 0.913260 0.510373
vt 0.897018 0.606503
vt 0.913703 0.503303
vt 0.884732 0.505723
vt 0.915040 0.472810
vt 0.918449 0.471291
vt 0.888795 0.451285
vt 0.909336 0.440137
vt 0.887176 0.431835
vt 0.922553 0.442768
vt 0.892641 0.404143
vt 0.907664 0.410851
vt 0.929705 0.395035
vt 0.915205 0.377183
vt 0.929030 0.368630
vt 0.885945 0.376762
vt 0.915184 0.331993
vt 0.930650 0.328584
vt 0.900977 0.326190
vt 0.568439 0.847682
vt 0.569267 0.815070
vt 0.542169 0.835659
vt 0.542252 0.823170
vt 0.568880 0.813933
vt 0.542791 0.812455
vt 0.569835 0.782381
vt 0.543563 0.789948
vt 0.539767 0.860539
vt 0.569835 0.869111
vt 0.561204 0.889048
vt 0.484052 0.965661
vt 0.485222 0.963901
vt 0.510395 0.964686
vt 0.462102 0.964280
vt 0.460875 0.966158
vt 0.438894 0.970166
vt 0.458208 0.964120
vt 0.521713 0.995714
vt 0.549005 0.995714
vt 0.550436 0.961429
vt 0.867966 0.318861
vt 0.841806 0.351202
vt 0.877026 0.355442
vt 0.874462 0.409272
vt 0.834627 0.380246
vt 0.847721 0.337975
vt 0.869373 0.318571
vt 0.878274 0.352044
vt 0.874366 0.614402
vt 0.873449 0.580216
vt 0.855173 0.591834
vt 0.875195 0.645326
vt 0.857116 0.629535
vt 0.855609 0.563317
vt 0.872693 0.551828
vt 0.874230 0.678980
vt 0.855732 0.559875
vt 0.871682 0.523256
vt 0.854752 0.530623
vt 0.853961 0.500246
vt 0.873816 0.471522
vt 0.855992 0.651109
vt 0.855387 0.704076
vt 0.876342 0.707287
vt 0.869775 0.462046
vt 0.853069 0.470194
vt 0.875728 0.436070
vt 0.851994 0.441196
vt 0.858226 0.709810
vt 0.877368 0.734810
vt 0.878274 0.767770
vt 0.857255 0.743706
vt 0.865488 0.790000
vt 0.852539 0.781544
vt 0.768436 0.175968
vt 0.789363 0.193029
vt 0.780818 0.173162
vt 0.760793 0.199878
vt 0.794859 0.132857
vt 0.768562 0.171792
vt 0.793393 0.214294
vt 0.794859 0.241063
vt 0.766826 0.245238
vt 0.749575 0.178095
vt 0.758136 0.162988
vt 0.742483 0.206148
vt 0.070413 0.782381
vt 0.080048 0.717829
vt 0.061331 0.721186
vt 0.050591 0.686387
vt 0.080924 0.688281
vt 0.050400 0.664849
vt 0.080836 0.651433
vt 0.080989 0.618513
vt 0.052282 0.649444
vt 0.080989 0.586892
vt 0.048982 0.595600
vt 0.080823 0.569595
vt 0.052395 0.554847
vt 0.079710 0.519524
vt 0.058852 0.752351
vt 0.995635 0.967143
vt 0.995635 0.995714
vt 0.955868 0.976691
vt 0.531553 0.494638
vt 0.558805 0.500723
vt 0.529296 0.473435
vt 0.514168 0.490443
vt 0.551513 0.477860
vt 0.578337 0.504977
vt 0.585327 0.484387
vt 0.583395 0.504834
vt 0.512518 0.491274
vt 0.463271 0.483902
vt 0.471225 0.485670
vt 0.471173 0.465975
vt 0.475301 0.466684
vt 0.586528 0.484139
vt 0.619302 0.490246
vt 0.606822 0.509048
vt 0.434018 0.465238
vt 0.415616 0.509048
vt 0.174611 0.606236
vt 0.160812 0.606409
vt 0.178280 0.602491
vt 0.221629 0.627143
vt 0.206931 0.593810
vt 0.142982 0.619524
vt 0.120757 0.627143
vt 0.134589 0.597915
vt 0.411355 0.978571
vt 0.385564 0.998734
vt 0.434045 0.999524
vt 0.365179 0.999524
vt 0.467488 0.960374
vt 0.459475 0.932744
vt 0.444528 0.960266
vt 0.445965 0.932486
vt 0.422991 0.931905
vt 0.419518 0.960437
vt 0.388271 0.936940
vt 0.391067 0.954833
vt 0.469505 0.960349
vt 0.471576 0.932813
vt 0.492365 0.933182
vt 0.494768 0.960476
vt 0.513897 0.933531
vt 0.513769 0.960454
vt 0.536857 0.933896
vt 0.536074 0.960459
vt 0.378443 0.960476
vt 0.366149 0.941687
vt 0.136192 0.999439
vt 0.120807 0.999524
vt 0.134066 0.972501
vt 0.111832 0.972819
vt 0.111528 0.999503
vt 0.089578 0.973204
vt 0.087779 0.999389
vt 0.152475 0.972355
vt 0.157032 0.999524
vt 0.159072 0.971905
vt 0.183802 0.971925
vt 0.182859 0.999507
vt 0.550441 0.885238
vt 0.532008 0.905238
vt 0.573715 0.905238
vt 0.685878 0.452807
vt 0.678021 0.437052
vt 0.698132 0.428415
vt 0.669484 0.453446
vt 0.656994 0.446120
vt 0.653249 0.460476
vt 0.717099 0.420794
vt 0.795518 0.395389
vt 0.790525 0.421480
vt 0.767064 0.406047
vt 0.800788 0.419512
vt 0.799787 0.375714
vt 0.744351 0.413128
vt 0.751351 0.434322
vt 0.729968 0.441885
vt 0.734178 0.414102
vt 0.707807 0.444065
vt 0.808152 0.377067
vt 0.815403 0.417363
vt 0.835597 0.460476
vt 0.641660 0.986488
vt 0.700283 0.973810
vt 0.679385 0.988692
vt 0.707700 0.989152
vt 0.682229 0.998571
vt 0.707131 0.998571
vt 0.644001 0.996383
vt 0.630216 0.995873
vt 0.608632 0.985868
vt 0.724054 0.995747
vt 0.837536 0.506719
vt 0.816945 0.532152
vt 0.815228 0.505238
vt 0.837536 0.532857
vt 0.067410 0.972857
vt 0.041295 0.991869
vt 0.041222 0.974824
vt 0.067410 0.993810
vt 0.112027 0.702381
vt 0.098448 0.696012
vt 0.112027 0.661429
vt 0.043162 0.726190
vt 0.042331 0.691796
vt 0.027643 0.689993
vt 0.034827 0.667416
vt 0.043162 0.667584
vt 0.033204 0.609048
vt 0.490301 0.517619
vt 0.558196 0.517619
vt 0.524712 0.510000
vt 0.873424 0.977619
vt 0.941319 0.977619
vt 0.910530 0.970952
vt 0.608632 0.809290
vt 0.599181 0.782466
vt 0.596993 0.811642
vt 0.608632 0.823399
vt 0.597606 0.832857
vt 0.608632 0.779479
vt 0.605064 0.732857
vt 0.594083 0.587408
vt 0.580803 0.583098
vt 0.582780 0.550952
vt 0.559401 0.584001
vt 0.556444 0.620476
vt 0.594083 0.618663
vt 0.556256 0.618551
vt 0.983026 0.085238
vt 0.972357 0.058985
vt 0.983026 0.044245
vt 0.973564 0.043333
vt 0.042023 0.799849
vt 0.032493 0.754323
vt 0.033161 0.795471
vt 0.042078 0.753810
vt 0.042192 0.836667
vt 0.042192 0.750952
vt 0.844038 0.800476
vt 0.838506 0.810952
vt 0.875364 0.810952
vt 0.781607 0.586844
vt 0.798483 0.571799
vt 0.779340 0.571908
vt 0.801439 0.581728
vt 0.803787 0.601636
vt 0.812059 0.685329
vt 0.820260 0.660514
vt 0.808259 0.680962
vt 0.806423 0.657680
vt 0.820190 0.635054
vt 0.804556 0.634539
vt 0.823315 0.637122
vt 0.824542 0.656888
vt 0.825258 0.678620
vt 0.826577 0.688696
vt 0.814245 0.700089
vt 0.827944 0.709037
vt 0.820062 0.708789
vt 0.828575 0.736668
vt 0.837271 0.731222
vt 0.823791 0.616630
vt 0.813853 0.732802
vt 0.816328 0.755714
vt 0.840446 0.752367
vt 0.825819 0.587270
vt 0.838505 0.724515
vt 0.835721 0.682035
vt 0.837432 0.701261
vt 0.833061 0.645204
vt 0.810257 0.707444
vt 0.840446 0.545238
vt 0.197951 0.791530
vt 0.170223 0.804286
vt 0.199321 0.804286
vt 0.174312 0.790000
vt 0.259307 0.995714
vt 0.293506 0.980476
vt 0.296241 0.988750
vt 0.258487 0.987628
vt 0.334142 0.995714
vt 0.007651 0.547372
vt 0.005118 0.544215
vt 0.007278 0.573341
vt 0.009180 0.513933
vt 0.010184 0.492857
vt 0.002425 0.509866
vt 0.007814 0.581667
vt 0.010184 0.578510
vt 0.009435 0.611905
vt 0.619302 0.792857
vt 0.664888 0.792857
vt 0.635848 0.787143
vt 0.935499 0.593810
vt 0.930650 0.579353
vt 0.935499 0.534762
vt 0.893792 0.618571
vt 0.889913 0.677900
vt 0.893792 0.684703
vt 0.889984 0.717619
vt 0.097478 0.593792
vt 0.097424 0.579117
vt 0.091659 0.590996
vt 0.097478 0.537619
vt 0.095666 0.620476
vt 0.695951 0.667143
vt 0.669738 0.670952
vt 0.709505 0.670952
vt 0.940349 0.346448
vt 0.951018 0.324286
vt 0.940760 0.333726
vt 0.951018 0.363941
vt 0.947959 0.392857
vt 0.695387 0.031617
vt 0.722013 0.032314
vt 0.667798 0.034762
vt 0.692127 0.015434
vt 0.701036 0.013300
vt 0.729299 0.001429
vt 0.796873 0.005999
vt 0.796398 0.033198
vt 0.773696 0.032641
vt 0.774800 0.005048
vt 0.732443 0.031673
vt 0.818650 0.033493
vt 0.817805 0.005910
vt 0.841170 0.006548
vt 0.842296 0.033274
vt 0.851795 0.006559
vt 0.858622 0.034762
vt 0.876334 0.034021
vt 0.867397 0.007444
vt 0.329947 0.970129
vt 0.346751 0.970952
vt 0.320791 0.970760
vt 0.265671 0.968859
vt 0.346746 0.969557
vt 0.297692 0.927143
vt 0.345154 0.941912
vt 0.269672 0.931806
vt 0.231922 0.969316
vt 0.230548 0.932342
vt 0.197444 0.968255
vt 0.203032 0.932662
vt 0.174069 0.969937
vt 0.164765 0.933017
vt 0.130314 0.933329
vt 0.128792 0.970343
vt 0.122064 0.933405
vt 0.102443 0.970408
vt 0.093391 0.933668
vt 0.094465 0.969490
vt 0.038312 0.970952
vt 0.678185 0.493325
vt 0.686227 0.521429
vt 0.676528 0.496795
vt 0.686227 0.461429
vt 0.131426 0.845238
vt 0.089939 0.844286
vt 0.088749 0.845238
vt 0.531038 0.829589
vt 0.532008 0.795714
vt 0.532008 0.830000
vt 0.615090 0.512572
vt 0.616392 0.511905
vt 0.586231 0.515395
vt 0.616392 0.543435
vt 0.581474 0.532448
vt 0.598777 0.564286
vt 0.984966 0.491905
vt 0.984022 0.473810
vt 0.984966 0.455714
vt 0.983996 0.457061
vt 0.087815 0.642381
vt 0.086809 0.645507
vt 0.088749 0.647143
vt 0.088749 0.644798
vt 0.930286 0.942594
vt 0.920895 0.944546
vt 0.906402 0.947143
vt 0.917067 0.910220
vt 0.968952 0.908566
vt 0.953441 0.880476
vt 0.983996 0.947143
vt 0.042192 0.890000
vt 0.078080 0.890000
vt 0.043843 0.850952
vt 0.823957 0.898571
vt 0.814224 0.878571
vt 0.793889 0.898571
vt 0.880213 0.991905
vt 0.934530 0.991905
vt 0.916134 0.990000
vt 0.343072 0.719369
vt 0.318460 0.743476
vt 0.309821 0.716724
vt 0.317158 0.685207
vt 0.319933 0.684673
vt 0.324113 0.675746
vt 0.314797 0.685252
vt 0.308299 0.720155
vt 0.315871 0.658902
vt 0.325529 0.660868
vt 0.382614 0.679748
vt 0.384117 0.654589
vt 0.317293 0.623142
vt 0.350934 0.719202
vt 0.391729 0.703763
vt 0.416602 0.660950
vt 0.323636 0.630426
vt 0.318931 0.591312
vt 0.283452 0.631123
vt 0.268779 0.574349
vt 0.352169 0.728493
vt 0.393790 0.720768
vt 0.419039 0.691326
vt 0.418912 0.720726
vt 0.453189 0.692526
vt 0.455102 0.722012
vt 0.486138 0.692630
vt 0.500139 0.722024
vt 0.492153 0.780000
vt 0.420470 0.751102
vt 0.384715 0.757564
vt 0.452968 0.663392
vt 0.418939 0.780978
vt 0.387125 0.809734
vt 0.354961 0.782860
vt 0.485225 0.662045
vt 0.518939 0.667406
vt 0.488474 0.645154
vt 0.523510 0.659544
vt 0.419503 0.679796
vt 0.320006 0.744932
vt 0.352479 0.811450
vt 0.326128 0.810307
vt 0.322047 0.783242
vt 0.285245 0.782432
vt 0.290769 0.751484
vt 0.287789 0.810021
vt 0.268942 0.810069
vt 0.283923 0.854715
vt 0.276285 0.782456
vt 0.243115 0.780169
vt 0.349847 0.867271
vt 0.349968 0.873012
vt 0.377715 0.870582
vt 0.251196 0.869153
vt 0.251384 0.870535
vt 0.284192 0.872941
vt 0.253908 0.899196
vt 0.286823 0.899506
vt 0.321510 0.928667
vt 0.241209 0.883734
vt 0.248590 0.578542
vt 0.355122 0.750650
vt 0.237758 0.630932
vt 0.250094 0.641629
vt 0.523940 0.692601
vt 0.552291 0.661069
vt 0.280807 0.650957
vt 0.453357 0.645095
vt 0.419797 0.656709
vt 0.285452 0.573122
vt 0.314541 0.542198
vt 0.320931 0.542716
vt 0.351839 0.571203
vt 0.353618 0.514311
vt 0.280808 0.674983
vt 0.397809 0.512595
vt 0.385190 0.548332
vt 0.458848 0.751137
vt 0.449773 0.569356
vt 0.451506 0.804397
vt 0.519698 0.721475
vt 0.520040 0.757426
vt 0.555795 0.750482
vt 0.553366 0.781525
vt 0.518594 0.797875
vt 0.552291 0.741977
vt 0.384353 0.857026
vt 0.417195 0.859004
vt 0.552828 0.708908
vt 0.316680 0.742640
vt 0.319254 0.759120
vt 0.352872 0.488485
vt 0.520288 0.617231
vt 0.428039 0.541994
vt 0.483882 0.565557
vt 0.478137 0.537944
vt 0.516206 0.519647
vt 0.517966 0.542327
vt 0.453329 0.507830
vt 0.282312 0.761419
vt 0.217072 0.766327
vt 0.283601 0.721536
vt 0.317321 0.744456
vt 0.422133 0.509736
vt 0.553149 0.616850
vt 0.555297 0.572250
vt 0.281277 0.549905
vt 0.248805 0.569179
vt 0.250161 0.527367
vt 0.282847 0.532799
vt 0.203821 0.541555
vt 0.216265 0.487247
vt 0.179444 0.512144
vt 0.180652 0.516647
vt 0.250201 0.486865
vt 0.280592 0.489534
vt 0.288968 0.489826
vt 0.180881 0.568144
vt 0.211782 0.571335
vt 0.216373 0.588644
vt 0.147589 0.512406
vt 0.149509 0.570002
vt 0.536718 0.539754
vt 0.114728 0.559769
vt 0.115319 0.541901
vt 0.114996 0.509357
vt 0.082518 0.513074
vt 0.318285 0.489533
vt 0.488609 0.809257
vt 0.454741 0.820408
vt 0.234490 0.899393
vt 0.196374 0.898910
vt 0.216429 0.909417
vt 0.182896 0.914468
vt 0.156048 0.870733
vt 0.209716 0.868963
vt 0.182010 0.843662
vt 0.148289 0.843280
vt 0.145390 0.926094
vt 0.127053 0.869476
vt 0.111133 0.898744
vt 0.115858 0.908846
vt 0.485708 0.617613
vt 0.147214 0.593219
vt 0.115721 0.575899
vt 0.378279 0.900077
vt 0.419718 0.819264
vt 0.417326 0.920038
vt 0.383045 0.929048
vt 0.115965 0.868678
vt 0.057704 0.844185
vt 0.238389 0.750221
vt 0.192856 0.750508
vt 0.199809 0.722264
vt 0.182869 0.756988
vt 0.205850 0.780252
vt 0.244081 0.690994
vt 0.189312 0.716725
vt 0.151457 0.785339
vt 0.145497 0.781528
vt 0.148289 0.771617
vt 0.085358 0.751033
vt 0.148818 0.731698
vt 0.114595 0.787484
vt 0.116072 0.721776
vt 0.147483 0.709411
vt 0.113977 0.707672
vt 0.115856 0.673651
vt 0.148718 0.672554
vt 0.115856 0.632672
vt 0.148651 0.638378
vt 0.182864 0.649266
vt 0.181150 0.679964
vt 0.165132 0.719316
vt 0.216374 0.646704
vt 0.212722 0.689945
vt 0.247733 0.869201
vt 0.483079 0.843279
vt 0.451130 0.845947
vt 0.082486 0.508213
vt 0.040252 0.485238
vt 0.444203 0.871440
vt 0.481146 0.878325
vt 0.493656 0.867866
vt 0.485160 0.878491
vt 0.489791 0.899790
vt 0.518626 0.899695
vt 0.520075 0.929047
vt 0.524155 0.870724
vt 0.552776 0.924758
vt 0.492584 0.929047
vt 0.454353 0.929048
vt 0.465736 0.900934
vt 0.559166 0.929046
vt 0.388198 0.690707
vt 0.411691 0.929048
vt 0.419933 0.929048
vt 0.317052 0.539231
vt 0.530812 0.551809
vt 0.555297 0.542137
vt 0.450916 0.910750
vt 0.183137 0.747315
vt 0.417946 0.888737
vt 0.181283 0.582926
vt 0.520289 0.844994
vt 0.389917 0.810497
vt 0.283493 0.717819
vt 0.148072 0.508594
vt 0.248665 0.677974
vt 0.324945 0.539088
vt 0.050921 0.920383
vt 0.095832 0.900379
vt 0.060148 0.924286
vt 0.094670 0.892857
vt 0.121726 0.922725
vt 0.120277 0.924286
vt 0.221629 0.848095
vt 0.191562 0.848095
vt 0.218486 0.833809
vt 0.215718 0.834051
vt 0.705114 0.223177
vt 0.743453 0.264286
vt 0.735151 0.233886
vt 0.708181 0.263114
vt 0.728583 0.204695
vt 0.692047 0.199928
vt 0.743453 0.150952
vt 0.805894 0.350000
vt 0.793489 0.365619
vt 0.788070 0.366190
vt 0.835597 0.366190
vt 0.633851 0.780476
vt 0.640656 0.762381
vt 0.670708 0.780476
vt 0.659069 0.979524
vt 0.603783 0.979524
vt 0.633715 0.957619
vt 0.347721 0.986190
vt 0.354918 0.950000
vt 0.382638 0.986190
vt 0.995635 0.885238
vt 0.995635 0.827143
vt 0.976237 0.858727
vt 0.901675 0.163350
vt 0.917732 0.181507
vt 0.934530 0.154762
vt 0.886033 0.203179
vt 0.916331 0.217013
vt 0.934530 0.250000
vt 0.587294 0.977253
vt 0.602813 0.998571
vt 0.602813 0.957939
vt 0.599701 0.955714
vt 0.773521 0.702014
vt 0.799709 0.745357
vt 0.799709 0.688095
vt 0.792626 0.749048
vt 0.777561 0.472306
vt 0.803624 0.516699
vt 0.831717 0.465655
vt 0.764495 0.502315
vt 0.797692 0.548779
vt 0.751950 0.493364
vt 0.735840 0.538588
vt 0.803591 0.452410
vt 0.749621 0.500557
vt 0.792519 0.550281
vt 0.769272 0.576870
vt 0.727419 0.560355
vt 0.756346 0.609024
vt 0.730721 0.597217
vt 0.708165 0.589674
vt 0.696368 0.618132
vt 0.644978 0.597767
vt 0.678888 0.574050
vt 0.716255 0.628155
vt 0.660540 0.643591
vt 0.631678 0.633023
vt 0.625551 0.664414
vt 0.598054 0.637016
vt 0.636182 0.615119
vt 0.595822 0.622316
vt 0.585616 0.649235
vt 0.606209 0.595327
vt 0.614346 0.577189
vt 0.648850 0.683051
vt 0.615981 0.730264
vt 0.610334 0.727080
vt 0.582097 0.707313
vt 0.658631 0.763056
vt 0.678229 0.712097
vt 0.649346 0.613313
vt 0.669250 0.692501
vt 0.675794 0.776710
vt 0.720502 0.735178
vt 0.729072 0.742644
vt 0.719010 0.716895
vt 0.708738 0.707418
vt 0.749037 0.712618
vt 0.744644 0.758604
vt 0.781839 0.748242
vt 0.766622 0.782560
vt 0.719983 0.820776
vt 0.788761 0.806140
vt 0.740205 0.842434
vt 0.822744 0.848262
vt 0.831717 0.801311
vt 0.761217 0.864905
vt 0.782000 0.887143
vt 0.805159 0.772302
vt 0.830955 0.863047
vt 0.765260 0.689132
vt 0.713425 0.679056
vt 0.705599 0.800796
vt 0.697700 0.719523
vt 0.625115 0.588723
vt 0.656844 0.560928
vt 0.637720 0.526911
vt 0.726158 0.558804
vt 0.617841 0.662865
vt 0.808336 0.780637
vt 0.700503 0.478720
vt 0.733747 0.456038
vt 0.764245 0.432857
vt 0.737624 0.532485
vt 0.696136 0.544474
vt 0.555286 0.689382
vt 0.937439 0.250952
vt 0.898642 0.303679
vt 0.937439 0.313810
vt 0.014064 0.561526
vt 0.040851 0.574269
vt 0.023232 0.499524
vt 0.044132 0.508919
vt 0.044132 0.575714
vt 0.649341 0.850294
vt 0.632426 0.879430
vt 0.618362 0.858035
vt 0.599706 0.890033
vt 0.617345 0.905535
vt 0.578059 0.919022
vt 0.669307 0.880790
vt 0.705262 0.848876
vt 0.637299 0.815646
vt 0.681705 0.804656
vt 0.713374 0.906300
vt 0.664494 0.920337
vt 0.613155 0.912620
vt 0.566590 0.946924
vt 0.600154 0.935086
vt 0.627838 0.952138
vt 0.562076 0.981429
vt 0.632558 0.933745
vt 0.703852 0.923420
vt 0.643533 0.804624
vt 0.666201 0.796667
vt 0.683068 0.958091
vt 0.653135 0.935676
vt 0.701635 0.931696
vt 0.713789 0.966759
vt 0.745438 0.980268
vt 0.750757 0.934131
vt 0.717737 0.918504
vt 0.751595 0.913646
vt 0.784557 0.922370
vt 0.779667 0.948692
vt 0.817168 0.916458
vt 0.802873 0.966856
vt 0.811595 0.980156
vt 0.778127 0.981429
vt 0.036372 0.943749
vt 0.004453 0.958734
vt 0.036372 0.997619
vt 0.000485 0.937619
vt 0.873424 0.124286
vt 0.873424 0.085238
vt 0.855965 0.112573
vt 0.846266 0.863333
vt 0.840446 0.834346
vt 0.846266 0.812857
vt 0.802737 0.985238
vt 0.807468 0.993810
vt 0.787100 0.993810
vt 0.806864 0.991293
vt 0.812318 0.774762
vt 0.831937 0.772342
vt 0.827957 0.766190
vt 0.832687 0.774762
vt 0.928710 0.565238
vt 0.928710 0.606191
vt 0.927740 0.568878
vt 0.406887 0.494762
vt 0.374879 0.493363
vt 0.406887 0.457619
vt 0.576625 0.518571
vt 0.576625 0.577619
vt 0.549467 0.560247
usemtl baked
f 261/261 262/262 260/260
f 259/259 261/261 260/260
f 258/258 261/261 259/259
f 256/256 260/260 257/257
f 259/259 260/260 256/256
f 258/258 207/207 261/261
f 206/206 202/202 207/207
f 207/207 202/202 261/261
f 461/461 200/200 206/206
f 464/464 461/461 206/206
f 202/202 200/200 201/201
f 200/200 202/202 206/206
f 454/454 455/455 453/453
f 451/451 452/452 450/450
f 453/453 450/450 452/452
f 452/452 454/454 453/453
f 460/460 454/454 452/452
f 453/453 449/449 450/450
f 453/453 456/456 449/449
f 455/455 456/456 453/453
f 455/455 457/457 456/456
f 452/452 451/451 200/200
f 461/461 452/452 200/200
f 403/403 484/484 401/401
f 401/401 484/484 492/492
f 406/406 484/484 403/403
f 403/403 401/401 400/400
f 404/404 403/403 400/400
f 397/397 400/400 399/399
f 343/343 391/391 394/394
f 342/342 343/343 394/394
f 400/400 397/397 404/404
f 481/481 404/404 397/397
f 391/391 392/392 393/393
f 391/391 393/393 394/394
f 392/392 481/481 397/397
f 392/392 397/397 393/393
f 401/401 492/492 402/402
f 492/492 493/493 402/402
f 400/400 401/401 399/399
f 401/401 402/402 399/399
f 1372/1372 1375/1375 1376/1376
f 1127/1127 1128/1128 1129/1129
f 1260/1260 1204/1204 1209/1209
f 1205/1205 1204/1204 1260/1260
f 1206/1206 1207/1207 1204/1204
f 1204/1204 1207/1207 1209/1209
f 1251/1251 1203/1203 1205/1205
f 1205/1205 1203/1203 1204/1204
f 1193/1193 1366/1366 1201/1201
f 1193/1193 1201/1201 1194/1194
f 1194/1194 1201/1201 1202/1202
f 1203/1203 1202/1202 1204/1204
f 1202/1202 1206/1206 1204/1204
f 1203/1203 1194/1194 1202/1202
f 1120/1120 1121/1121 1122/1122
f 19/19 20/20 21/21
f 1410/1410 1411/1411 1412/1412
f 1143/1143 1140/1140 1142/1142
f 1377/1377 1378/1378 1379/1379
f 1379/1379 1378/1378 1380/1380
f 1140/1140 1141/1141 1142/1142
f 1161/1161 1250/1250 1162/1162
f 1160/1160 1161/1161 1162/1162
f 1222/1222 1194/1194 1203/1203
f 1222/1222 1203/1203 1251/1251
f 1180/1180 1222/1222 1251/1251
f 1180/1180 1251/1251 1200/1200
f 1371/1371 1372/1372 1373/1373
f 1169/1169 1168/1168 1172/1172
f 1176/1176 1169/1169 1172/1172
f 1169/1169 1165/1165 1168/1168
f 1165/1165 1166/1166 1168/1168
f 1374/1374 1375/1375 1372/1372
f 1172/1172 1168/1168 1178/1178
f 1168/1168 1227/1227 1178/1178
f 22/22 23/23 24/24
f 1426/1426 1424/1424 1421/1421
f 1485/1485 1424/1424 1426/1426
f 1421/1421 1423/1423 1426/1426
f 1421/1421 1418/1418 1423/1423
f 1479/1479 1424/1424 1485/1485
f 1429/1429 1424/1424 1479/1479
f 1166/1166 1167/1167 1235/1235
f 1235/1235 1167/1167 1367/1367
f 1165/1165 1164/1164 1163/1163
f 1165/1165 1163/1163 1166/1166
f 1163/1163 1167/1167 1166/1166
f 1120/1120 1122/1122 1123/1123
f 1164/1164 1160/1160 1163/1163
f 1163/1163 1160/1160 1162/1162
f 1166/1166 1235/1235 1168/1168
f 1168/1168 1235/1235 1227/1227
f 1178/1178 1227/1227 1224/1224
f 1178/1178 1224/1224 1223/1223
f 499/499 498/498 458/458
f 500/500 499/499 458/458
f 807/807 801/801 803/803
f 808/808 807/807 803/803
f 1099/1099 1100/1100 1101/1101
f 458/458 498/498 444/444
f 498/498 472/472 444/444
f 458/458 444/444 445/445
f 457/457 458/458 445/445
f 459/459 457/457 455/455
f 459/459 500/500 458/458
f 457/457 459/459 458/458
f 457/457 445/445 456/456
f 456/456 445/445 449/449
f 1283/1283 1359/1359 1258/1258
f 1283/1283 1258/1258 1257/1257
f 1444/1444 1441/1441 1445/1445
f 1441/1441 1476/1476 1445/1445
f 1438/1438 1441/1441 1440/1440
f 1360/1360 1359/1359 1283/1283
f 1442/1442 1440/1440 1441/1441
f 1441/1441 1444/1444 1442/1442
f 1452/1452 1433/1433 1434/1434
f 1433/1433 1432/1432 1434/1434
f 1437/1437 1433/1433 1438/1438
f 1438/1438 1433/1433 1452/1452
f 1257/1257 1258/1258 1255/1255
f 1257/1257 1255/1255 1256/1256
f 1486/1486 1435/1435 1485/1485
f 1479/1479 1485/1485 1435/1435
f 1434/1434 1432/1432 1435/1435
f 1435/1435 1432/1432 1479/1479
f 245/245 248/248 246/246
f 248/248 249/249 246/246
f 243/243 245/245 241/241
f 245/245 246/246 241/241
f 290/290 286/286 287/287
f 485/485 286/286 290/290
f 969/969 970/970 971/971
f 1072/1072 1073/1073 1074/1074
f 490/490 228/228 230/230
f 490/490 230/230 489/489
f 970/970 973/973 972/972
f 970/970 972/972 971/971
f 536/536 487/487 485/485
f 487/487 537/537 488/488
f 536/536 537/537 487/487
f 230/230 235/235 488/488
f 489/489 230/230 488/488
f 491/491 284/284 486/486
f 486/486 284/284 286/286
f 486/486 234/234 491/491
f 234/234 486/486 235/235
f 486/486 286/286 485/485
f 487/487 486/486 485/485
f 236/236 237/237 234/234
f 234/234 237/237 491/491
f 231/231 233/233 229/229
f 225/225 231/231 229/229
f 225/225 229/229 228/228
f 228/228 229/229 230/230
f 238/238 239/239 233/233
f 233/233 239/239 236/236
f 239/239 243/243 241/241
f 238/238 243/243 239/239
f 236/236 240/240 237/237
f 239/239 240/240 236/236
f 235/235 486/486 488/488
f 487/487 488/488 486/486
f 234/234 235/235 229/229
f 230/230 229/229 235/235
f 233/233 236/236 234/234
f 234/234 229/229 233/233
f 663/663 664/664 665/665
f 663/663 665/665 666/666
f 648/648 649/649 650/650
f 652/652 648/648 650/650
f 942/942 943/943 940/940
f 941/941 942/942 940/940
f 1091/1091 1087/1087 1086/1086
f 1092/1092 1091/1091 1086/1086
f 1093/1093 1094/1094 1091/1091
f 1093/1093 1091/1091 1092/1092
f 943/943 944/944 934/934
f 944/944 943/943 942/942
f 928/928 930/930 934/934
f 944/944 928/928 934/934
f 1096/1096 1094/1094 1095/1095
f 1095/1095 1094/1094 1093/1093
f 1095/1095 1097/1097 1096/1096
f 1097/1097 1095/1095 1098/1098
f 649/649 653/653 651/651
f 649/649 651/651 650/650
f 928/928 931/931 929/929
f 928/928 929/929 930/930
f 672/672 671/671 667/667
f 671/671 670/670 667/667
f 674/674 673/673 672/672
f 672/672 673/673 671/671
f 931/931 933/933 932/932
f 931/931 932/932 929/929
f 653/653 656/656 655/655
f 653/653 655/655 651/651
f 657/657 658/658 655/655
f 656/656 657/657 655/655
f 667/667 670/670 664/664
f 667/667 664/664 663/663
f 1042/1042 1040/1040 1039/1039
f 1039/1039 1040/1040 1041/1041
f 1480/1480 1439/1439 1440/1440
f 1443/1443 1480/1480 1440/1440
f 1443/1443 1440/1440 1442/1442
f 1439/1439 1438/1438 1440/1440
f 1538/1538 1539/1539 1540/1540
f 1439/1439 1446/1446 1437/1437
f 1439/1439 1437/1437 1438/1438
f 894/894 892/892 891/891
f 1446/1446 1453/1453 1437/1437
f 891/891 892/892 893/893
f 665/665 668/668 666/666
f 666/666 668/668 669/669
f 659/659 648/648 654/654
f 648/648 652/652 654/654
f 660/660 659/659 654/654
f 661/661 659/659 660/660
f 202/202 203/203 261/261
f 261/261 203/203 262/262
f 406/406 403/403 405/405
f 407/407 405/405 408/408
f 408/408 405/405 482/482
f 407/407 483/483 406/406
f 407/407 406/406 405/405
f 407/407 436/436 483/483
f 482/482 404/404 480/480
f 480/480 404/404 481/481
f 404/404 405/405 403/403
f 482/482 405/405 404/404
f 181/181 178/178 180/180
f 179/179 180/180 178/178
f 179/179 178/178 177/177
f 180/180 182/182 181/181
f 182/182 180/180 443/443
f 472/472 529/529 528/528
f 498/498 529/529 472/472
f 472/472 528/528 443/443
f 443/443 528/528 182/182
f 444/444 472/472 443/443
f 444/444 443/443 442/442
f 435/435 411/411 412/412
f 430/430 435/435 412/412
f 416/416 429/429 430/430
f 431/431 430/430 429/429
f 432/432 434/434 433/433
f 432/432 433/433 431/431
f 430/430 433/433 435/435
f 431/431 433/433 430/430
f 412/412 411/411 410/410
f 416/416 414/414 415/415
f 427/427 429/429 416/416
f 427/427 416/416 417/417
f 417/417 416/416 415/415
f 414/414 430/430 412/412
f 416/416 430/430 414/414
f 409/409 407/407 408/408
f 408/408 410/410 409/409
f 478/478 413/413 408/408
f 414/414 413/413 415/415
f 415/415 413/413 476/476
f 412/412 410/410 413/413
f 414/414 412/412 413/413
f 478/478 480/480 479/479
f 477/477 478/478 479/479
f 413/413 478/478 477/477
f 476/476 413/413 477/477
f 413/413 410/410 408/408
f 262/262 203/203 269/269
f 203/203 205/205 269/269
f 469/469 428/428 426/426
f 468/468 469/469 426/426
f 470/470 471/471 469/469
f 465/465 470/470 469/469
f 429/429 432/432 431/431
f 428/428 432/432 429/429
f 428/428 429/429 427/427
f 426/426 428/428 427/427
f 467/467 468/468 425/425
f 468/468 426/426 425/425
f 471/471 432/432 469/469
f 469/469 432/432 428/428
f 433/433 434/434 171/171
f 171/171 173/173 433/433
f 435/435 183/183 411/411
f 186/186 183/183 435/435
f 435/435 173/173 186/186
f 173/173 435/435 433/433
f 445/445 444/444 441/441
f 444/444 442/442 441/441
f 443/443 180/180 439/439
f 443/443 439/439 442/442
f 439/439 180/180 438/438
f 180/180 179/179 438/438
f 199/199 447/447 465/465
f 199/199 465/465 466/466
f 196/196 199/199 466/466
f 197/197 196/196 466/466
f 194/194 196/196 197/197
f 449/449 446/446 448/448
f 450/450 449/449 448/448
f 446/446 447/447 199/199
f 446/446 199/199 448/448
f 198/198 448/448 199/199
f 198/198 199/199 196/196
f 198/198 196/196 204/204
f 201/201 198/198 204/204
f 204/204 196/196 194/194
f 198/198 450/450 448/448
f 450/450 198/198 451/451
f 451/451 198/198 200/200
f 200/200 198/198 201/201
f 183/183 436/436 411/411
f 411/411 436/436 409/409
f 411/411 409/409 410/410
f 409/409 436/436 407/407
f 390/390 391/391 344/344
f 343/343 344/344 391/391
f 477/477 479/479 390/390
f 468/468 466/466 469/469
f 465/465 469/469 466/466
f 447/447 440/440 470/470
f 447/447 470/470 465/465
f 467/467 466/466 468/468
f 197/197 466/466 467/467
f 194/194 467/467 195/195
f 197/197 467/467 194/194
f 202/202 201/201 204/204
f 204/204 203/203 202/202
f 203/203 204/204 205/205
f 204/204 194/194 205/205
f 471/471 437/437 432/432
f 177/177 171/171 437/437
f 437/437 171/171 434/434
f 179/179 177/177 437/437
f 437/437 438/438 179/179
f 432/432 437/437 434/434
f 446/446 445/445 441/441
f 449/449 445/445 446/446
f 441/441 442/442 439/439
f 441/441 439/439 440/440
f 51/51 52/52 53/53
f 441/441 440/440 447/447
f 446/446 441/441 447/447
f 439/439 438/438 440/440
f 440/440 438/438 470/470
f 471/471 438/438 437/437
f 470/470 438/438 471/471
f 478/478 408/408 482/482
f 478/478 482/482 480/480
f 390/390 479/479 392/392
f 390/390 392/392 391/391
f 392/392 480/480 481/481
f 480/480 392/392 479/479
f 1048/1048 1051/1051 1049/1049
f 1048/1048 1049/1049 1050/1050
f 1055/1055 1048/1048 1054/1054
f 1048/1048 1050/1050 1054/1054
f 1052/1052 1053/1053 1049/1049
f 1051/1051 1052/1052 1049/1049
f 984/984 983/983 985/985
f 393/393 395/395 394/394
f 394/394 395/395 396/396
f 752/752 763/763 747/747
f 747/747 763/763 761/761
f 747/747 761/761 758/758
f 747/747 758/758 746/746
f 399/399 534/534 398/398
f 987/987 982/982 986/986
f 766/766 765/765 752/752
f 752/752 765/765 763/763
f 981/981 982/982 983/983
f 986/986 982/982 981/981
f 397/397 398/398 395/395
f 393/393 397/397 395/395
f 1055/1055 1054/1054 1056/1056
f 1064/1064 1066/1066 1065/1065
f 343/343 342/342 340/340
f 397/397 399/399 398/398
f 903/903 896/896 895/895
f 565/565 564/564 562/562
f 562/562 564/564 563/563
f 562/562 563/563 561/561
f 562/562 561/561 560/560
f 909/909 907/907 908/908
f 910/910 909/909 908/908
f 907/907 905/905 906/906
f 908/908 907/907 906/906
f 914/914 916/916 915/915
f 917/917 916/916 914/914
f 905/905 904/904 903/903
f 906/906 905/905 903/903
f 551/551 549/549 550/550
f 551/551 550/550 552/552
f 921/921 913/913 920/920
f 922/922 921/921 920/920
f 913/913 914/914 915/915
f 913/913 915/915 920/920
f 903/903 904/904 896/896
f 549/549 541/541 543/543
f 549/549 543/543 550/550
f 547/547 548/548 546/546
f 545/545 547/547 546/546
f 544/544 545/545 546/546
f 542/542 545/545 544/544
f 542/542 544/544 543/543
f 541/541 542/542 543/543
f 917/917 918/918 916/916
f 919/919 918/918 917/917
f 965/965 963/963 962/962
f 962/962 963/963 964/964
f 570/570 571/571 568/568
f 568/568 571/571 572/572
f 567/567 570/570 568/568
f 902/902 900/900 901/901
f 566/566 567/567 568/568
f 569/569 567/567 566/566
f 557/557 569/569 566/566
f 555/555 556/556 557/557
f 556/556 569/569 557/557
f 897/897 898/898 899/899
f 897/897 899/899 900/900
f 897/897 896/896 898/898
f 895/895 896/896 897/897
f 558/558 559/559 556/556
f 558/558 556/556 555/555
f 840/840 835/835 837/837
f 560/560 561/561 559/559
f 560/560 559/559 558/558
f 4/4 5/5 6/6
f 1024/1024 1031/1031 1033/1033
f 1025/1025 1029/1029 1026/1026
f 1030/1030 1026/1026 1029/1029
f 1541/1541 1544/1544 1542/1542
f 1541/1541 1542/1542 1543/1543
f 1026/1026 1027/1027 1024/1024
f 1027/1027 1026/1026 1030/1030
f 1027/1027 1030/1030 1031/1031
f 1025/1025 1026/1026 1024/1024
f 1023/1023 1024/1024 1022/1022
f 1023/1023 1025/1025 1024/1024
f 1013/1013 1014/1014 1015/1015
f 1015/1015 1014/1014 1016/1016
f 1016/1016 1014/1014 1018/1018
f 1014/1014 1017/1017 1018/1018
f 1013/1013 1023/1023 1022/1022
f 1029/1029 1025/1025 1023/1023
f 1037/1037 1029/1029 1023/1023
f 1037/1037 1023/1023 1013/1013
f 1037/1037 1013/1013 1015/1015
f 611/611 610/610 609/609
f 610/610 608/608 609/609
f 609/609 608/608 606/606
f 606/606 608/608 607/607
f 606/606 607/607 605/605
f 606/606 605/605 604/604
f 604/604 605/605 601/601
f 605/605 602/602 601/601
f 1022/1022 1024/1024 1033/1033
f 1022/1022 1033/1033 1035/1035
f 1020/1020 1021/1021 1034/1034
f 1020/1020 1034/1034 1036/1036
f 1014/1014 1013/1013 1021/1021
f 1021/1021 1020/1020 1014/1014
f 1014/1014 1020/1020 1019/1019
f 1017/1017 1014/1014 1019/1019
f 1013/1013 1022/1022 1021/1021
f 1022/1022 1035/1035 1034/1034
f 1022/1022 1034/1034 1021/1021
f 1071/1071 1067/1067 1069/1069
f 1067/1067 1068/1068 1069/1069
f 1157/1157 1158/1158 1159/1159
f 1068/1068 1070/1070 1069/1069
f 126/126 104/104 107/107
f 126/126 128/128 104/104
f 104/104 105/105 106/106
f 107/107 104/104 106/106
f 110/110 111/111 108/108
f 108/108 109/109 110/110
f 108/108 107/107 106/106
f 108/108 106/106 109/109
f 710/710 711/711 708/708
f 709/709 710/710 708/708
f 712/712 711/711 710/710
f 679/679 711/711 712/712
f 677/677 679/679 712/712
f 677/677 678/678 679/679
f 703/703 705/705 704/704
f 705/705 707/707 706/706
f 705/705 706/706 704/704
f 709/709 708/708 707/707
f 708/708 706/706 707/707
f 703/703 704/704 702/702
f 703/703 702/702 700/700
f 713/713 703/703 700/700
f 98/98 115/115 116/116
f 115/115 114/114 116/116
f 115/115 113/113 114/114
f 112/112 114/114 113/113
f 684/684 687/687 685/685
f 684/684 685/685 686/686
f 685/685 687/687 686/686
f 684/684 687/687 686/686
f 684/684 713/713 700/700
f 684/684 700/700 687/687
f 100/100 101/101 102/102
f 103/103 100/100 102/102
f 100/100 97/97 99/99
f 100/100 99/99 101/101
f 113/113 111/111 112/112
f 111/111 110/110 112/112
f 97/97 98/98 99/99
f 98/98 116/116 99/99
f 122/122 126/126 107/107
f 122/122 107/107 108/108
f 122/122 111/111 123/123
f 122/122 108/108 111/111
f 120/120 123/123 111/111
f 120/120 111/111 113/113
f 121/121 113/113 115/115
f 791/791 795/795 792/792
f 798/798 791/791 793/793
f 574/574 580/580 582/582
f 796/796 797/797 794/794
f 796/796 794/794 795/795
f 580/580 581/581 582/582
f 69/69 70/70 71/71
f 794/794 792/792 795/795
f 1549/1549 1550/1550 1551/1551
f 579/579 578/578 577/577
f 578/578 575/575 577/577
f 597/597 596/596 595/595
f 597/597 598/598 596/596
f 593/593 594/594 592/592
f 593/593 592/592 591/591
f 866/866 870/870 869/869
f 958/958 961/961 959/959
f 958/958 959/959 960/960
f 574/574 576/576 580/580
f 577/577 575/575 574/574
f 574/574 575/575 576/576
f 784/784 786/786 785/785
f 880/880 879/879 872/872
f 872/872 879/879 878/878
f 786/786 787/787 785/785
f 595/595 596/596 594/594
f 781/781 783/783 782/782
f 780/780 781/781 782/782
f 869/869 870/870 871/871
f 872/872 878/878 871/871
f 870/870 872/872 871/871
f 595/595 594/594 593/593
f 781/781 784/784 783/783
f 784/784 785/785 783/783
f 591/591 592/592 584/584
f 591/591 584/584 583/583
f 866/866 869/869 867/867
f 865/865 866/866 867/867
f 868/868 865/865 867/867
f 865/865 868/868 873/873
f 780/780 782/782 788/788
f 789/789 780/780 788/788
f 145/145 146/146 98/98
f 145/145 98/98 97/97
f 146/146 115/115 98/98
f 146/146 121/121 115/115
f 121/121 120/120 113/113
f 1356/1356 1309/1309 1308/1308
f 1361/1361 1357/1357 1308/1308
f 1357/1357 1356/1356 1308/1308
f 1353/1353 1352/1352 1361/1361
f 1392/1392 1393/1393 1394/1394
f 1306/1306 1212/1212 1213/1213
f 1363/1363 1308/1308 1213/1213
f 1308/1308 1306/1306 1213/1213
f 1247/1247 1213/1213 1211/1211
f 1213/1213 1212/1212 1211/1211
f 1248/1248 1363/1363 1247/1247
f 1363/1363 1213/1213 1247/1247
f 1381/1381 1384/1384 1382/1382
f 1381/1381 1382/1382 1383/1383
f 1202/1202 1247/1247 1211/1211
f 1201/1201 1247/1247 1202/1202
f 1343/1343 1361/1361 1342/1342
f 1353/1353 1361/1361 1343/1343
f 1338/1338 1343/1343 1342/1342
f 1338/1338 1342/1342 1339/1339
f 1345/1345 1343/1343 1344/1344
f 1344/1344 1343/1343 1338/1338
f 1307/1307 1339/1339 1366/1366
f 1386/1386 1385/1385 1387/1387
f 73/73 75/75 74/74
f 57/57 58/58 59/59
f 1307/1307 1338/1338 1339/1339
f 1290/1290 1338/1338 1307/1307
f 1366/1366 1248/1248 1201/1201
f 1201/1201 1248/1248 1247/1247
f 76/76 81/81 75/75
f 76/76 75/75 73/73
f 1381/1381 1385/1385 1386/1386
f 1385/1385 1381/1381 1383/1383
f 78/78 79/79 76/76
f 76/76 79/79 81/81
f 1349/1349 1347/1347 1345/1345
f 1347/1347 1346/1346 1345/1345
f 1365/1365 1349/1349 1345/1345
f 1365/1365 1345/1345 1344/1344
f 1345/1345 1346/1346 1343/1343
f 1346/1346 1353/1353 1343/1343
f 1476/1476 1477/1477 1445/1445
f 1528/1528 1526/1526 1527/1527
f 1527/1527 1526/1526 1525/1525
f 1179/1179 1178/1178 1221/1221
f 1178/1178 1223/1223 1221/1221
f 1525/1525 1526/1526 1522/1522
f 1525/1525 1522/1522 1524/1524
f 1488/1488 1489/1489 1490/1490
f 16/16 17/17 18/18
f 1177/1177 1176/1176 1172/1172
f 1177/1177 1172/1172 1230/1230
f 1230/1230 1172/1172 1179/1179
f 1172/1172 1178/1178 1179/1179
f 1273/1273 1274/1274 1368/1368
f 1274/1274 1281/1281 1368/1368
f 1272/1272 1271/1271 1273/1273
f 1271/1271 1274/1274 1273/1273
f 1282/1282 1304/1304 1284/1284
f 1284/1284 1304/1304 1305/1305
f 1281/1281 1284/1284 1285/1285
f 1281/1281 1282/1282 1284/1284
f 1368/1368 1281/1281 1286/1286
f 1286/1286 1281/1281 1285/1285
f 1271/1271 1278/1278 1274/1274
f 1274/1274 1278/1278 1281/1281
f 1278/1278 1282/1282 1281/1281
f 1282/1282 1364/1364 1304/1304
f 1278/1278 1364/1364 1282/1282
f 1268/1268 1279/1279 1271/1271
f 1279/1279 1278/1278 1271/1271
f 1279/1279 1364/1364 1278/1278
f 1279/1279 1280/1280 1364/1364
f 1275/1275 1269/1269 1272/1272
f 1269/1269 1271/1271 1272/1272
f 1276/1276 1270/1270 1275/1275
f 1270/1270 1269/1269 1275/1275
f 1277/1277 1270/1270 1276/1276
f 1277/1277 1358/1358 1270/1270
f 1478/1478 1445/1445 1477/1477
f 25/25 26/26 27/27
f 1395/1395 1396/1396 1397/1397
f 1252/1252 1234/1234 1288/1288
f 1288/1288 1234/1234 1370/1370
f 1259/1259 1256/1256 1254/1254
f 1259/1259 1254/1254 1264/1264
f 27/27 28/28 25/25
f 1236/1236 1234/1234 1252/1252
f 1414/1414 1415/1415 1416/1416
f 1231/1231 1230/1230 1179/1179
f 1231/1231 1179/1179 1267/1267
f 1236/1236 1233/1233 1234/1234
f 1269/1269 1270/1270 1267/1267
f 1269/1269 1267/1267 1268/1268
f 1234/1234 1232/1232 1370/1370
f 1234/1234 1233/1233 1232/1232
f 1370/1370 1231/1231 1358/1358
f 1358/1358 1231/1231 1267/1267
f 1358/1358 1267/1267 1270/1270
f 1417/1417 1415/1415 1414/1414
f 1254/1254 1239/1239 1236/1236
f 1239/1239 1237/1237 1236/1236
f 1485/1485 1482/1482 1486/1486
f 1485/1485 1426/1426 1482/1482
f 1256/1256 1255/1255 1254/1254
f 1255/1255 1239/1239 1254/1254
f 1237/1237 1233/1233 1236/1236
f 1426/1426 1423/1423 1482/1482
f 1482/1482 1423/1423 1483/1483
f 1268/1268 1221/1221 1280/1280
f 1268/1268 1280/1280 1279/1279
f 1268/1268 1267/1267 1221/1221
f 1179/1179 1221/1221 1267/1267
f 1269/1269 1268/1268 1271/1271
f 1232/1232 1177/1177 1231/1231
f 1177/1177 1230/1230 1231/1231
f 1483/1483 1423/1423 1484/1484
f 1232/1232 1233/1233 1177/1177
f 1370/1370 1232/1232 1231/1231
f 1367/1367 1312/1312 1317/1317
f 1367/1367 1262/1262 1312/1312
f 1318/1318 1317/1317 1314/1314
f 1317/1317 1312/1312 1314/1314
f 1260/1260 1261/1261 1262/1262
f 1262/1262 1261/1261 1312/1312
f 1205/1205 1260/1260 1262/1262
f 1263/1263 1205/1205 1262/1262
f 168/168 164/164 163/163
f 1209/1209 1207/1207 1210/1210
f 1260/1260 1209/1209 1210/1210
f 1260/1260 1210/1210 1261/1261
f 1401/1401 1402/1402 1403/1403
f 63/63 64/64 65/65
f 1312/1312 1313/1313 1314/1314
f 1261/1261 1313/1313 1312/1312
f 1524/1524 1522/1522 1523/1523
f 1522/1522 1519/1519 1523/1523
f 1534/1534 1532/1532 1531/1531
f 1531/1531 1532/1532 1533/1533
f 169/169 152/152 154/154
f 152/152 118/118 154/154
f 1130/1130 1131/1131 1132/1132
f 1012/1012 1011/1011 1008/1008
f 1008/1008 1011/1011 1009/1009
f 1008/1008 1009/1009 1010/1010
f 1545/1545 1546/1546 1547/1547
f 1548/1548 1546/1546 1545/1545
f 1517/1517 1511/1511 1513/1513
f 1518/1518 1517/1517 1513/1513
f 1535/1535 1536/1536 1537/1537
f 66/66 67/67 68/68
f 1520/1520 1517/1517 1519/1519
f 1519/1519 1517/1517 1518/1518
f 1522/1522 1521/1521 1519/1519
f 1521/1521 1520/1520 1519/1519
f 150/150 120/120 121/121
f 149/149 150/150 121/121
f 147/147 145/145 117/117
f 151/151 147/147 117/117
f 1323/1323 1322/1322 1325/1325
f 147/147 148/148 146/146
f 147/147 146/146 145/145
f 148/148 149/149 121/121
f 148/148 121/121 146/146
f 149/149 156/156 155/155
f 155/155 150/150 149/149
f 1320/1320 1324/1324 1322/1322
f 1321/1321 1320/1320 1322/1322
f 1323/1323 1321/1321 1322/1322
f 1235/1235 1367/1367 1369/1369
f 1367/1367 1317/1317 1369/1369
f 1410/1410 1412/1412 1413/1413
f 925/925 926/926 927/927
f 966/966 967/967 968/968
f 7/7 8/8 9/9
f 1124/1124 1125/1125 1126/1126
f 1028/1028 1017/1017 1019/1019
f 1012/1012 1017/1017 1028/1028
f 1329/1329 1326/1326 1328/1328
f 1329/1329 1328/1328 1330/1330
f 1408/1408 1405/1405 1407/1407
f 1405/1405 1404/1404 1407/1407
f 1326/1326 1323/1323 1325/1325
f 1326/1326 1325/1325 1327/1327
f 1326/1326 1327/1327 1328/1328
f 151/151 117/117 118/118
f 152/152 151/151 118/118
f 1333/1333 1334/1334 1326/1326
f 1333/1333 1326/1326 1329/1329
f 1331/1331 1329/1329 1330/1330
f 1334/1334 1362/1362 1326/1326
f 1362/1362 1323/1323 1326/1326
f 1369/1369 1317/1317 1318/1318
f 1409/1409 1405/1405 1408/1408
f 163/163 162/162 161/161
f 163/163 164/164 162/162
f 162/162 157/157 161/161
f 161/161 157/157 160/160
f 1315/1315 1319/1319 1320/1320
f 1321/1321 1315/1315 1320/1320
f 1314/1314 1313/1313 1315/1315
f 1314/1314 1315/1315 1362/1362
f 1314/1314 1362/1362 1318/1318
f 1404/1404 1405/1405 1406/1406
f 1316/1316 1315/1315 1313/1313
f 1315/1315 1316/1316 1319/1319
f 160/160 157/157 156/156
f 156/156 157/157 155/155
f 1315/1315 1321/1321 1362/1362
f 1362/1362 1321/1321 1323/1323
f 1227/1227 1369/1369 1224/1224
f 1227/1227 1235/1235 1369/1369
f 1398/1398 1399/1399 1400/1400
f 1335/1335 1369/1369 1336/1336
f 1530/1530 1521/1521 1526/1526
f 1526/1526 1521/1521 1522/1522
f 1528/1528 1529/1529 1526/1526
f 1526/1526 1529/1529 1530/1530
f 1335/1335 1333/1333 1332/1332
f 1335/1335 1336/1336 1333/1333
f 1332/1332 1329/1329 1331/1331
f 1332/1332 1333/1333 1329/1329
f 1424/1424 1427/1427 1422/1422
f 1424/1424 1422/1422 1421/1421
f 1175/1175 1170/1170 1171/1171
f 1421/1421 1422/1422 1419/1419
f 1418/1418 1421/1421 1419/1419
f 1175/1175 1355/1355 1170/1170
f 1170/1170 1173/1173 1165/1165
f 1374/1374 1372/1372 1371/1371
f 1418/1418 1419/1419 1420/1420
f 1418/1418 1420/1420 1425/1425
f 1170/1170 1165/1165 1169/1169
f 1171/1171 1170/1170 1169/1169
f 1388/1388 1389/1389 1390/1390
f 1388/1388 1391/1391 1389/1389
f 1174/1174 1173/1173 1170/1170
f 1174/1174 1170/1170 1355/1355
f 1192/1192 1366/1366 1193/1193
f 1192/1192 1307/1307 1366/1366
f 72/72 73/73 74/74
f 1289/1289 1290/1290 1240/1240
f 1189/1189 1238/1238 1192/1192
f 1238/1238 1240/1240 1192/1192
f 1240/1240 1290/1290 1307/1307
f 1240/1240 1307/1307 1192/1192
f 1242/1242 1245/1245 1289/1289
f 1289/1289 1188/1188 1242/1242
f 1188/1188 1289/1289 1240/1240
f 77/77 76/76 72/72
f 76/76 73/73 72/72
f 78/78 76/76 77/77
f 1188/1188 1240/1240 1238/1238
f 1198/1198 1196/1196 1197/1197
f 1457/1457 1459/1459 1472/1472
f 1226/1226 1196/1196 1198/1198
f 1196/1196 1195/1195 1197/1197
f 1225/1225 1186/1186 1196/1196
f 1196/1196 1186/1186 1195/1195
f 1241/1241 1242/1242 1188/1188
f 1241/1241 1188/1188 1187/1187
f 1243/1243 1244/1244 1242/1242
f 1244/1244 1245/1245 1242/1242
f 1246/1246 1225/1225 1249/1249
f 1246/1246 1241/1241 1225/1225
f 1241/1241 1186/1186 1225/1225
f 1241/1241 1187/1187 1186/1186
f 1246/1246 1243/1243 1241/1241
f 1243/1243 1242/1242 1241/1241
f 1187/1187 1188/1188 1185/1185
f 1188/1188 1238/1238 1185/1185
f 80/80 78/78 77/77
f 1249/1249 1225/1225 1226/1226
f 1226/1226 1225/1225 1196/1196
f 1148/1148 1144/1144 1149/1149
f 1144/1144 1147/1147 1149/1149
f 1265/1265 1253/1253 1266/1266
f 1437/1437 1436/1436 1433/1433
f 1431/1431 1429/1429 1432/1432
f 1432/1432 1429/1429 1479/1479
f 1436/1436 1431/1431 1433/1433
f 1433/1433 1431/1431 1432/1432
f 1473/1473 1457/1457 1472/1472
f 1265/1265 1198/1198 1253/1253
f 1253/1253 1198/1198 1197/1197
f 1303/1303 1253/1253 1197/1197
f 1431/1431 1430/1430 1429/1429
f 1429/1429 1430/1430 1428/1428
f 1228/1228 1199/1199 1229/1229
f 1228/1228 1195/1195 1191/1191
f 1186/1186 1191/1191 1195/1195
f 1186/1186 1184/1184 1191/1191
f 1187/1187 1185/1185 1186/1186
f 1185/1185 1184/1184 1186/1186
f 1197/1197 1195/1195 1228/1228
f 1191/1191 1184/1184 1199/1199
f 1199/1199 1184/1184 1182/1182
f 1184/1184 1185/1185 1183/1183
f 1184/1184 1183/1183 1182/1182
f 1191/1191 1199/1199 1228/1228
f 1424/1424 1428/1428 1427/1427
f 1429/1429 1428/1428 1424/1424
f 60/60 61/61 62/62
f 1150/1150 1144/1144 1148/1148
f 669/669 668/668 675/675
f 676/676 669/669 675/675
f 1144/1144 1145/1145 1146/1146
f 1144/1144 1146/1146 1147/1147
f 1189/1189 1192/1192 1190/1190
f 1192/1192 1193/1193 1190/1190
f 1183/1183 1189/1189 1181/1181
f 1185/1185 1238/1238 1183/1183
f 1238/1238 1189/1189 1183/1183
f 1190/1190 1193/1193 1194/1194
f 1190/1190 1194/1194 1222/1222
f 1190/1190 1222/1222 1181/1181
f 1181/1181 1222/1222 1180/1180
f 1189/1189 1190/1190 1181/1181
f 1182/1182 1181/1181 1174/1174
f 1183/1183 1181/1181 1182/1182
f 1182/1182 1355/1355 1199/1199
f 1182/1182 1174/1174 1355/1355
f 1174/1174 1181/1181 1180/1180
f 1180/1180 1173/1173 1174/1174
f 1173/1173 1180/1180 1200/1200
f 217/217 247/247 267/267
f 248/248 253/253 251/251
f 247/247 253/253 248/248
f 255/255 259/259 256/256
f 255/255 256/256 251/251
f 253/253 255/255 251/251
f 209/209 207/207 258/258
f 254/254 209/209 258/258
f 254/254 258/258 255/255
f 217/217 212/212 247/247
f 212/212 253/253 247/247
f 212/212 214/214 253/253
f 254/254 255/255 253/253
f 214/214 254/254 253/253
f 258/258 259/259 255/255
f 267/267 247/247 245/245
f 247/247 248/248 245/245
f 244/244 267/267 245/245
f 244/244 245/245 243/243
f 217/217 267/267 244/244
f 220/220 217/217 244/244
f 1099/1099 1103/1103 1100/1100
f 226/226 227/227 228/228
f 490/490 226/226 228/228
f 973/973 974/974 972/972
f 679/679 678/678 681/681
f 265/265 227/227 226/226
f 682/682 681/681 678/678
f 681/681 682/682 683/683
f 680/680 678/678 677/677
f 680/680 682/682 678/678
f 992/992 988/988 993/993
f 992/992 994/994 988/988
f 1552/1552 1553/1553 1554/1554
f 105/105 104/104 170/170
f 994/994 991/991 988/988
f 10/10 11/11 12/12
f 991/991 989/989 988/988
f 642/642 641/641 645/645
f 647/647 642/642 645/645
f 634/634 641/641 642/642
f 641/641 634/634 635/635
f 634/634 632/632 633/633
f 634/634 633/633 635/635
f 858/858 859/859 857/857
f 858/858 860/860 859/859
f 530/530 268/268 213/213
f 856/856 858/858 857/857
f 530/530 518/518 268/268
f 215/215 213/213 212/212
f 212/212 213/213 214/214
f 268/268 254/254 214/214
f 213/213 268/268 214/214
f 210/210 209/209 254/254
f 268/268 210/210 254/254
f 211/211 463/463 464/464
f 211/211 464/464 208/208
f 210/210 211/211 209/209
f 209/209 211/211 208/208
f 463/463 462/462 461/461
f 463/463 461/461 464/464
f 464/464 206/206 207/207
f 464/464 207/207 208/208
f 853/853 854/854 852/852
f 854/854 855/855 852/852
f 851/851 853/853 852/852
f 851/851 852/852 850/850
f 216/216 215/215 212/212
f 216/216 212/212 217/217
f 856/856 857/857 855/855
f 854/854 856/856 855/855
f 847/847 848/848 849/849
f 847/847 849/849 861/861
f 848/848 851/851 850/850
f 848/848 850/850 849/849
f 1043/1043 1044/1044 1045/1045
f 988/988 989/989 990/990
f 1044/1044 1047/1047 1045/1045
f 222/222 221/221 219/219
f 222/222 219/219 224/224
f 219/219 218/218 220/220
f 221/221 218/218 219/219
f 218/218 216/216 217/217
f 13/13 14/14 15/15
f 266/266 265/265 226/226
f 1046/1046 1044/1044 1043/1043
f 224/224 231/231 225/225
f 231/231 224/224 232/232
f 219/219 232/232 224/224
f 223/223 224/224 225/225
f 223/223 225/225 227/227
f 228/228 227/227 225/225
f 264/264 223/223 227/227
f 265/265 264/264 227/227
f 222/222 224/224 223/223
f 264/264 222/222 223/223
f 232/232 238/238 233/233
f 231/231 232/232 233/233
f 232/232 244/244 238/238
f 244/244 243/243 238/238
f 219/219 220/220 232/232
f 220/220 244/244 232/232
f 632/632 629/629 631/631
f 632/632 631/631 633/633
f 1119/1119 1117/1117 1118/1118
f 644/644 646/646 643/643
f 639/639 638/638 640/640
f 637/637 638/638 639/639
f 629/629 636/636 630/630
f 629/629 630/630 631/631
f 638/638 643/643 640/640
f 638/638 644/644 643/643
f 637/637 639/639 630/630
f 637/637 630/630 636/636
f 454/454 521/521 455/455
f 521/521 520/520 455/455
f 516/516 460/460 462/462
f 517/517 516/516 462/462
f 523/523 517/517 463/463
f 516/516 454/454 460/460
f 516/516 521/521 454/454
f 517/517 462/462 463/463
f 518/518 210/210 268/268
f 527/527 463/463 211/211
f 523/523 463/463 527/527
f 518/518 527/527 211/211
f 518/518 211/211 210/210
f 520/520 519/519 455/455
f 519/519 459/459 455/455
f 1102/1102 1099/1099 1101/1101
f 519/519 500/500 459/459
f 208/208 207/207 209/209
f 462/462 460/460 461/461
f 460/460 452/452 461/461
f 1086/1086 1088/1088 1089/1089
f 1086/1086 1087/1087 1088/1088
f 935/935 936/936 937/937
f 941/941 940/940 936/936
f 936/936 940/940 937/937
f 1083/1083 1084/1084 1081/1081
f 1085/1085 1081/1081 1084/1084
f 1090/1090 1081/1081 1085/1085
f 1080/1080 1081/1081 1082/1082
f 947/947 938/938 946/946
f 938/938 935/935 945/945
f 946/946 938/938 945/945
f 938/938 936/936 935/935
f 1088/1088 1090/1090 1089/1089
f 1089/1089 1090/1090 1085/1085
f 900/900 899/899 901/901
f 54/54 55/55 56/56
f 1151/1151 1152/1152 1153/1153
f 553/553 551/551 552/552
f 554/554 553/553 552/552
f 1464/1464 1466/1466 1467/1467
f 1464/1464 1467/1467 1481/1481
f 1464/1464 1470/1470 1462/1462
f 1470/1470 1464/1464 1481/1481
f 1462/1462 1470/1470 1461/1461
f 1460/1460 1462/1462 1461/1461
f 1455/1455 1456/1456 1457/1457
f 1460/1460 1461/1461 1459/1459
f 1456/1456 1460/1460 1459/1459
f 1456/1456 1459/1459 1457/1457
f 845/845 840/840 839/839
f 840/840 837/837 839/839
f 1475/1475 1455/1455 1458/1458
f 1081/1081 1080/1080 1083/1083
f 1458/1458 1455/1455 1457/1457
f 846/846 835/835 844/844
f 1154/1154 1155/1155 1156/1156
f 935/935 937/937 939/939
f 662/662 661/661 660/660
f 836/836 839/839 837/837
f 568/568 572/572 573/573
f 836/836 838/838 841/841
f 835/835 838/838 836/836
f 845/845 835/835 840/840
f 844/844 835/835 845/845
f 625/625 626/626 627/627
f 627/627 626/626 628/628
f 835/835 836/836 837/837
f 838/838 843/843 842/842
f 838/838 842/842 841/841
f 923/923 921/921 922/922
f 924/924 921/921 923/923
f 277/277 260/260 263/263
f 260/260 277/277 257/257
f 257/257 277/277 276/276
f 252/252 257/257 276/276
f 248/248 251/251 249/249
f 249/249 251/251 252/252
f 251/251 256/256 257/257
f 257/257 252/252 251/251
f 262/262 269/269 263/263
f 260/260 262/262 263/263
f 1555/1555 1556/1556 1557/1557
f 249/249 250/250 246/246
f 250/250 249/249 275/275
f 246/246 250/250 242/242
f 241/241 246/246 242/242
f 252/252 276/276 275/275
f 249/249 252/252 275/275
f 44/44 45/45 46/46
f 277/277 263/263 271/271
f 271/271 270/270 188/188
f 271/271 188/188 187/187
f 276/276 271/271 272/272
f 276/276 277/277 271/271
f 287/287 285/285 288/288
f 289/289 287/287 288/288
f 291/291 292/292 288/288
f 288/288 292/292 293/293
f 285/285 283/283 291/291
f 285/285 291/291 288/288
f 281/281 370/370 291/291
f 283/283 281/281 291/291
f 370/370 371/371 292/292
f 370/370 292/292 291/291
f 421/421 419/419 418/418
f 421/421 418/418 474/474
f 190/190 192/192 193/193
f 417/417 415/415 418/418
f 427/427 417/417 420/420
f 420/420 417/417 419/419
f 418/418 419/419 417/417
f 424/424 420/420 422/422
f 424/424 425/425 420/420
f 192/192 195/195 193/193
f 195/195 424/424 193/193
f 190/190 193/193 191/191
f 367/367 368/368 365/365
f 368/368 364/364 365/365
f 250/250 274/274 278/278
f 275/275 274/274 250/250
f 272/272 271/271 187/187
f 272/272 187/187 273/273
f 276/276 272/272 275/275
f 275/275 272/272 274/274
f 272/272 273/273 274/274
f 274/274 273/273 368/368
f 366/366 367/367 365/365
f 367/367 366/366 369/369
f 364/364 362/362 363/363
f 365/365 364/364 363/363
f 379/379 187/187 380/380
f 273/273 187/187 379/379
f 278/278 367/367 279/279
f 279/279 367/367 369/369
f 278/278 274/274 368/368
f 278/278 368/368 367/367
f 273/273 379/379 364/364
f 273/273 364/364 368/368
f 364/364 379/379 362/362
f 379/379 360/360 362/362
f 415/415 476/476 475/475
f 418/418 415/415 475/475
f 355/355 385/385 354/354
f 387/387 474/474 418/418
f 387/387 418/418 475/475
f 384/384 474/474 387/387
f 384/384 387/387 386/386
f 355/355 354/354 353/353
f 355/355 353/353 356/356
f 194/194 195/195 192/192
f 194/194 192/192 205/205
f 426/426 427/427 420/420
f 425/425 426/426 420/420
f 383/383 385/385 355/355
f 384/384 386/386 385/385
f 383/383 384/384 385/385
f 421/421 474/474 473/473
f 473/473 474/474 384/384
f 191/191 381/381 189/189
f 188/188 191/191 189/189
f 383/383 382/382 384/384
f 473/473 384/384 382/382
f 381/381 193/193 423/423
f 191/191 193/193 381/381
f 381/381 423/423 382/382
f 423/423 473/473 382/382
f 381/381 382/382 357/357
f 189/189 381/381 357/357
f 421/421 420/420 419/419
f 422/422 420/420 421/421
f 193/193 424/424 422/422
f 193/193 422/422 423/423
f 422/422 421/421 423/423
f 423/423 421/421 473/473
f 357/357 382/382 383/383
f 41/41 42/42 43/43
f 190/190 191/191 188/188
f 270/270 190/190 188/188
f 286/286 284/284 285/285
f 287/287 286/286 285/285
f 284/284 282/282 283/283
f 284/284 283/283 285/285
f 284/284 237/237 282/282
f 491/491 237/237 284/284
f 282/282 280/280 281/281
f 282/282 281/281 283/283
f 237/237 240/240 282/282
f 240/240 280/280 282/282
f 371/371 366/366 372/372
f 370/370 366/366 371/371
f 362/362 360/360 361/361
f 361/361 360/360 359/359
f 352/352 353/353 351/351
f 356/356 353/353 352/352
f 359/359 356/356 352/352
f 241/241 242/242 240/240
f 239/239 241/241 240/240
f 389/389 390/390 344/344
f 388/388 389/389 344/344
f 388/388 475/475 389/389
f 387/387 475/475 388/388
f 475/475 476/476 477/477
f 389/389 475/475 477/477
f 344/344 343/343 340/340
f 345/345 344/344 340/340
f 340/340 342/342 341/341
f 389/389 477/477 390/390
f 351/351 349/349 350/350
f 351/351 350/350 335/335
f 195/195 467/467 425/425
f 195/195 425/425 424/424
f 347/347 345/345 346/346
f 348/348 347/347 346/346
f 348/348 386/386 347/347
f 386/386 348/348 385/385
f 347/347 344/344 345/345
f 347/347 388/388 344/344
f 387/387 388/388 386/386
f 386/386 388/388 347/347
f 346/346 340/340 339/339
f 345/345 340/340 346/346
f 280/280 242/242 279/279
f 242/242 280/280 240/240
f 279/279 369/369 281/281
f 280/280 279/279 281/281
f 250/250 278/278 279/279
f 242/242 250/250 279/279
f 281/281 369/369 370/370
f 370/370 369/369 366/366
f 365/365 363/363 366/366
f 366/366 363/363 372/372
f 380/380 189/189 358/358
f 189/189 357/357 358/358
f 187/187 188/188 189/189
f 187/187 189/189 380/380
f 380/380 358/358 360/360
f 379/379 380/380 360/360
f 357/357 355/355 356/356
f 358/358 357/357 356/356
f 358/358 356/356 359/359
f 360/360 358/358 359/359
f 349/349 348/348 346/346
f 354/354 385/385 349/349
f 385/385 348/348 349/349
f 349/349 346/346 350/350
f 346/346 339/339 350/350
f 350/350 339/339 336/336
f 353/353 354/354 351/351
f 354/354 349/349 351/351
f 269/269 192/192 190/190
f 205/205 192/192 269/269
f 45/45 47/47 46/46
f 269/269 190/190 270/270
f 716/716 698/698 715/715
f 1505/1505 1515/1515 1516/1516
f 1136/1136 1137/1137 1138/1138
f 1137/1137 1139/1139 1138/1138
f 1496/1496 1504/1504 1505/1505
f 1505/1505 1504/1504 1515/1515
f 1038/1038 1011/1011 1032/1032
f 1009/1009 1011/1011 1038/1038
f 1012/1012 1028/1028 1011/1011
f 1011/1011 1028/1028 1032/1032
f 1514/1514 1507/1507 1502/1502
f 1506/1506 1514/1514 1502/1502
f 1506/1506 1502/1502 1503/1503
f 1285/1285 1284/1284 1287/1287
f 1286/1286 1285/1285 1287/1287
f 1286/1286 1287/1287 1340/1340
f 1133/1133 1132/1132 1134/1134
f 1135/1135 1133/1133 1134/1134
f 1130/1130 1132/1132 1133/1133
f 614/614 613/613 615/615
f 612/612 603/603 613/613
f 612/612 613/613 614/614
f 612/612 601/601 603/603
f 601/601 602/602 603/603
f 1503/1503 1502/1502 1496/1496
f 1496/1496 1502/1502 1497/1497
f 1496/1496 1498/1498 1504/1504
f 1496/1496 1497/1497 1498/1498
f 1498/1498 1497/1497 1499/1499
f 1500/1500 1499/1499 1497/1497
f 1508/1508 1501/1501 1500/1500
f 1500/1500 1501/1501 1499/1499
f 1510/1510 1509/1509 1508/1508
f 1508/1508 1509/1509 1501/1501
f 1510/1510 1512/1512 1509/1509
f 153/153 103/103 102/102
f 1005/1005 1006/1006 1007/1007
f 1019/1019 1020/1020 1036/1036
f 889/889 890/890 884/884
f 888/888 889/889 884/884
f 154/154 118/118 119/119
f 118/118 103/103 119/119
f 118/118 117/117 103/103
f 117/117 100/100 103/103
f 100/100 117/117 97/97
f 117/117 145/145 97/97
f 1507/1507 1500/1500 1497/1497
f 1502/1502 1507/1507 1497/1497
f 1340/1340 1287/1287 1341/1341
f 1505/1505 1503/1503 1496/1496
f 1511/1511 1510/1510 1508/1508
f 1513/1513 1511/1511 1508/1508
f 1513/1513 1500/1500 1507/1507
f 1513/1513 1508/1508 1500/1500
f 883/883 884/884 885/885
f 883/883 888/888 884/884
f 886/886 883/883 885/885
f 862/862 863/863 864/864
f 886/886 885/885 887/887
f 82/82 84/84 83/83
f 85/85 84/84 82/82
f 1350/1350 1354/1354 1348/1348
f 1350/1350 1348/1348 1347/1347
f 91/91 88/88 86/86
f 91/91 94/94 88/88
f 90/90 82/82 79/79
f 901/901 911/911 902/902
f 912/912 911/911 901/901
f 90/90 89/89 82/82
f 86/86 85/85 82/82
f 89/89 86/86 82/82
f 86/86 88/88 87/87
f 86/86 87/87 85/85
f 1105/1105 1103/1103 1099/1099
f 1104/1104 1105/1105 1099/1099
f 1107/1107 1106/1106 1102/1102
f 1108/1108 1106/1106 1107/1107
f 1104/1104 1099/1099 1102/1102
f 1106/1106 1104/1104 1102/1102
f 1108/1108 1107/1107 1109/1109
f 1110/1110 1108/1108 1109/1109
f 1110/1110 1109/1109 1111/1111
f 1112/1112 1110/1110 1111/1111
f 1113/1113 1112/1112 1111/1111
f 1113/1113 1111/1111 1114/1114
f 1115/1115 1114/1114 1116/1116
f 1115/1115 1113/1113 1114/1114
f 1117/1117 1115/1115 1116/1116
f 1117/1117 1116/1116 1118/1118
f 79/79 82/82 81/81
f 82/82 83/83 81/81
f 1346/1346 1352/1352 1353/1353
f 1346/1346 1351/1351 1352/1352
f 1347/1347 1348/1348 1346/1346
f 1346/1346 1348/1348 1351/1351
f 164/164 165/165 162/162
f 166/166 165/165 164/164
f 168/168 166/166 164/164
f 1214/1214 1337/1337 1207/1207
f 165/165 158/158 162/162
f 162/162 158/158 157/157
f 157/157 158/158 155/155
f 155/155 158/158 159/159
f 1202/1202 1211/1211 1206/1206
f 1211/1211 1208/1208 1206/1206
f 1206/1206 1208/1208 1207/1207
f 1207/1207 1208/1208 1214/1214
f 798/798 793/793 799/799
f 793/793 800/800 799/799
f 791/791 792/792 793/793
f 1308/1308 1309/1309 1306/1306
f 616/616 621/621 623/623
f 624/624 616/616 623/623
f 616/616 618/618 621/621
f 873/873 868/868 877/877
f 616/616 617/617 618/618
f 620/620 622/622 619/619
f 790/790 789/789 788/788
f 617/617 620/620 619/619
f 617/617 619/619 618/618
f 1306/1306 1219/1219 1212/1212
f 144/144 141/141 143/143
f 143/143 141/141 142/142
f 142/142 141/141 139/139
f 139/139 141/141 140/140
f 1212/1212 1219/1219 1218/1218
f 1216/1216 1212/1212 1218/1218
f 1208/1208 1212/1212 1216/1216
f 1211/1211 1212/1212 1208/1208
f 1214/1214 1215/1215 1337/1337
f 1215/1215 1220/1220 1337/1337
f 139/139 140/140 137/137
f 139/139 137/137 138/138
f 1216/1216 1217/1217 1215/1215
f 1218/1218 1217/1217 1216/1216
f 1214/1214 1208/1208 1215/1215
f 1216/1216 1215/1215 1208/1208
f 1215/1215 1217/1217 1220/1220
f 1220/1220 1217/1217 1291/1291
f 1295/1295 1294/1294 1299/1299
f 1295/1295 1299/1299 1300/1300
f 132/132 129/129 131/131
f 131/131 129/129 130/130
f 130/130 129/129 125/125
f 129/129 127/127 125/125
f 133/133 134/134 132/132
f 133/133 132/132 131/131
f 135/135 136/136 134/134
f 135/135 134/134 133/133
f 1294/1294 1292/1292 1293/1293
f 1292/1292 1294/1294 1295/1295
f 138/138 137/137 135/135
f 135/135 137/137 136/136
f 583/583 584/584 585/585
f 584/584 586/586 585/585
f 155/155 159/159 150/150
f 150/150 159/159 167/167
f 589/589 599/599 590/590
f 590/590 599/599 600/600
f 874/874 876/876 881/881
f 881/881 882/882 874/874
f 875/875 873/873 877/877
f 586/586 587/587 585/585
f 585/585 587/587 588/588
f 875/875 877/877 876/876
f 874/874 875/875 876/876
f 588/588 587/587 589/589
f 588/588 589/589 590/590
f 1301/1301 1299/1299 1302/1302
f 1299/1299 1301/1301 1300/1300
f 1310/1310 1300/1300 1301/1301
f 1298/1298 1300/1300 1310/1310
f 125/125 127/127 126/126
f 127/127 128/128 126/126
f 125/125 126/126 122/122
f 124/124 125/125 122/122
f 124/124 122/122 123/123
f 1310/1310 1301/1301 1311/1311
f 1297/1297 1295/1295 1298/1298
f 1295/1295 1300/1300 1298/1298
f 1297/1297 1296/1296 1295/1295
f 1292/1292 1295/1295 1296/1296
f 1291/1291 1293/1293 1292/1292
f 1220/1220 1291/1291 1292/1292
f 1220/1220 1292/1292 1337/1337
f 1337/1337 1292/1292 1296/1296
f 484/484 531/531 533/533
f 995/995 996/996 997/997
f 406/406 532/532 531/531
f 406/406 531/531 484/484
f 483/483 532/532 406/406
f 483/483 540/540 532/532
f 178/178 176/176 177/177
f 801/801 806/806 802/802
f 801/801 802/802 803/803
f 763/763 764/764 760/760
f 761/761 763/763 760/760
f 757/757 758/758 759/759
f 757/757 759/759 762/762
f 758/758 760/760 759/759
f 758/758 761/761 760/760
f 765/765 767/767 764/764
f 763/763 765/765 764/764
f 768/768 769/769 767/767
f 765/765 768/768 767/767
f 775/775 774/774 773/773
f 774/774 772/772 773/773
f 770/770 765/765 766/766
f 773/773 772/772 770/770
f 770/770 772/772 768/768
f 768/768 765/765 770/770
f 1465/1465 1468/1468 1466/1466
f 1465/1465 1466/1466 1464/1464
f 93/93 90/90 95/95
f 96/96 93/93 95/95
f 93/93 92/92 89/89
f 93/93 89/89 90/90
f 1469/1469 1471/1471 1466/1466
f 1468/1468 1469/1469 1466/1466
f 92/92 91/91 86/86
f 92/92 86/86 89/89
f 185/185 540/540 483/483
f 436/436 185/185 483/483
f 183/183 184/184 185/185
f 978/978 979/979 980/980
f 175/175 184/184 186/186
f 186/186 184/184 183/183
f 174/174 175/175 173/173
f 48/48 49/49 50/50
f 172/172 174/174 173/173
f 171/171 172/172 173/173
f 176/176 172/172 171/171
f 177/177 176/176 171/171
f 804/804 828/828 827/827
f 826/826 820/820 825/825
f 805/805 828/828 804/804
f 828/828 826/826 827/827
f 827/827 826/826 825/825
f 768/768 771/771 769/769
f 771/771 768/768 772/772
f 779/779 776/776 777/777
f 777/777 776/776 774/774
f 771/771 774/774 776/776
f 772/772 774/774 771/771
f 775/775 777/777 774/774
f 778/778 777/777 775/775
f 996/996 998/998 997/997
f 1002/1002 1000/1000 999/999
f 999/999 1000/1000 1001/1001
f 1004/1004 1000/1000 1002/1002
f 999/999 1001/1001 1003/1003
f 399/399 535/535 534/534
f 816/816 823/823 824/824
f 822/822 823/823 816/816
f 815/815 817/817 814/814
f 815/815 814/814 810/810
f 812/812 811/811 813/813
f 809/809 811/811 812/812
f 812/812 813/813 816/816
f 813/813 822/822 816/816
f 809/809 810/810 811/811
f 814/814 811/811 810/810
f 825/825 820/820 821/821
f 818/818 819/819 817/817
f 821/821 820/820 818/818
f 820/820 819/819 818/818
f 818/818 817/817 815/815
f 1487/1487 1449/1449 1480/1480
f 1487/1487 1480/1480 1443/1443
f 1449/1449 1439/1439 1480/1480
f 1448/1448 1447/1447 1439/1439
f 1449/1449 1448/1448 1439/1439
f 1447/1447 1446/1446 1439/1439
f 1492/1492 1494/1494 1493/1493
f 1491/1491 1492/1492 1493/1493
f 1463/1463 1462/1462 1460/1460
f 1492/1492 1495/1495 1494/1494
f 1450/1450 1454/1454 1451/1451
f 1454/1454 1455/1455 1451/1451
f 1454/1454 1474/1474 1456/1456
f 1454/1454 1456/1456 1455/1455
f 1463/1463 1464/1464 1462/1462
f 1463/1463 1465/1465 1464/1464
f 830/830 829/829 831/831
f 829/829 832/832 831/831
f 824/824 823/823 829/829
f 824/824 829/829 830/830
f 1450/1450 1451/1451 1446/1446
f 1447/1447 1450/1450 1446/1446
f 803/803 802/802 804/804
f 804/804 802/802 805/805
f 831/831 832/832 833/833
f 832/832 834/834 833/833
f 1/1 2/2 3/3
f 1075/1075 1079/1079 1078/1078
f 1075/1075 1076/1076 1077/1077
f 1076/1076 1075/1075 1078/1078
f 694/694 693/693 695/695
f 692/692 693/693 694/694
f 692/692 691/691 690/690
f 692/692 690/690 693/693
f 725/725 723/723 724/724
f 723/723 722/722 724/724
f 950/950 949/949 951/951
f 715/715 698/698 714/714
f 1060/1060 1061/1061 1062/1062
f 948/948 949/949 950/950
f 727/727 723/723 728/728
f 728/728 723/723 725/725
f 952/952 950/950 951/951
f 952/952 951/951 953/953
f 725/725 724/724 733/733
f 1057/1057 1058/1058 1059/1059
f 954/954 948/948 952/952
f 948/948 950/950 952/952
f 513/513 510/510 512/512
f 513/513 512/512 515/515
f 953/953 951/951 957/957
f 714/714 698/698 699/699
f 698/698 695/695 699/699
f 698/698 694/694 695/695
f 290/290 287/287 289/289
f 290/290 289/289 502/502
f 296/296 289/289 293/293
f 32/32 33/33 34/34
f 292/292 294/294 293/293
f 293/293 294/294 295/295
f 700/700 701/701 697/697
f 539/539 290/290 502/502
f 700/700 702/702 701/701
f 289/289 296/296 502/502
f 687/687 700/700 697/697
f 297/297 298/298 299/299
f 686/686 687/687 697/697
f 686/686 697/697 696/696
f 506/506 296/296 297/297
f 506/506 297/297 507/507
f 502/502 296/296 506/506
f 295/295 297/297 296/296
f 293/293 295/295 296/296
f 297/297 295/295 298/298
f 298/298 294/294 376/376
f 295/295 294/294 298/298
f 503/503 303/303 305/305
f 503/503 305/305 514/514
f 514/514 305/305 510/510
f 539/539 538/538 290/290
f 290/290 538/538 485/485
f 538/538 536/536 485/485
f 297/297 299/299 504/504
f 297/297 504/504 507/507
f 503/503 301/301 303/303
f 505/505 301/301 503/503
f 504/504 301/301 505/505
f 299/299 301/301 504/504
f 688/688 690/690 691/691
f 688/688 689/689 690/690
f 688/688 686/686 689/689
f 689/689 686/686 696/696
f 514/514 510/510 513/513
f 735/735 756/756 736/736
f 736/736 756/756 755/755
f 731/731 729/729 717/717
f 729/729 718/718 717/717
f 732/732 718/718 729/729
f 740/740 732/732 729/729
f 749/749 731/731 750/750
f 731/731 730/730 750/750
f 757/757 756/756 735/735
f 745/745 747/747 746/746
f 341/341 342/342 497/497
f 748/748 747/747 745/745
f 342/342 496/496 497/497
f 981/981 983/983 984/984
f 342/342 394/394 496/496
f 753/753 752/752 748/748
f 394/394 396/396 496/496
f 752/752 747/747 748/748
f 746/746 758/758 743/743
f 758/758 757/757 743/743
f 743/743 757/757 735/735
f 376/376 373/373 375/375
f 294/294 373/373 376/376
f 371/371 373/373 294/294
f 292/292 371/371 294/294
f 373/373 371/371 372/372
f 372/372 374/374 373/373
f 1063/1063 1064/1064 1065/1065
f 975/975 976/976 977/977
f 730/730 717/717 721/721
f 731/731 717/717 730/730
f 718/718 726/726 719/719
f 717/717 718/718 719/719
f 717/717 719/719 720/720
f 721/721 717/717 720/720
f 322/322 323/323 321/321
f 323/323 322/322 374/374
f 323/323 361/361 324/324
f 323/323 324/324 321/321
f 363/363 361/361 323/323
f 362/362 361/361 363/363
f 321/321 324/324 325/325
f 321/321 325/325 320/320
f 375/375 322/322 318/318
f 375/375 318/318 378/378
f 321/321 320/320 318/318
f 321/321 318/318 322/322
f 324/324 361/361 352/352
f 359/359 352/352 361/361
f 320/320 319/319 318/318
f 316/316 318/318 319/319
f 352/352 351/351 326/326
f 319/319 320/320 325/325
f 325/325 328/328 319/319
f 324/324 352/352 326/326
f 325/325 324/324 326/326
f 325/325 326/326 327/327
f 328/328 325/325 327/327
f 721/721 720/720 722/722
f 723/723 721/721 722/722
f 730/730 721/721 727/727
f 721/721 723/723 727/727
f 350/350 336/336 335/335
f 335/335 336/336 334/334
f 326/326 351/351 335/335
f 335/335 329/329 327/327
f 329/329 333/333 332/332
f 334/334 333/333 329/329
f 335/335 334/334 329/329
f 327/327 326/326 335/335
f 338/338 340/340 341/341
f 372/372 323/323 374/374
f 38/38 39/39 40/40
f 302/302 307/307 306/306
f 306/306 304/304 302/302
f 300/300 302/302 301/301
f 301/301 302/302 303/303
f 377/377 378/378 307/307
f 298/298 376/376 377/377
f 298/298 377/377 300/300
f 302/302 377/377 307/307
f 300/300 377/377 302/302
f 378/378 317/317 307/307
f 328/328 327/327 329/329
f 328/328 329/329 330/330
f 336/336 339/339 338/338
f 339/339 340/340 338/338
f 337/337 336/336 338/338
f 341/341 497/497 526/526
f 745/745 743/743 744/744
f 29/29 30/30 31/31
f 746/746 743/743 745/745
f 742/742 743/743 735/735
f 744/744 743/743 742/742
f 734/734 736/736 737/737
f 736/736 738/738 737/737
f 734/734 742/742 735/735
f 742/742 735/735 736/736
f 734/734 735/735 736/736
f 314/314 330/330 331/331
f 330/330 314/314 315/315
f 329/329 332/332 331/331
f 330/330 329/329 331/331
f 332/332 522/522 501/501
f 333/333 337/337 525/525
f 333/333 525/525 524/524
f 332/332 524/524 522/522
f 373/373 374/374 375/375
f 374/374 322/322 375/375
f 738/738 740/740 739/739
f 737/737 738/738 739/739
f 338/338 526/526 337/337
f 337/337 526/526 525/525
f 328/328 330/330 319/319
f 319/319 330/330 315/315
f 299/299 298/298 300/300
f 299/299 300/300 301/301
f 317/317 378/378 318/318
f 317/317 318/318 316/316
f 334/334 337/337 333/333
f 336/336 337/337 334/334
f 375/375 378/378 377/377
f 376/376 375/375 377/377
f 303/303 302/302 304/304
f 304/304 305/305 303/303
f 305/305 310/310 510/510
f 754/754 732/732 738/738
f 736/736 755/755 738/738
f 738/738 755/755 754/754
f 741/741 740/740 729/729
f 739/739 740/740 741/741
f 316/316 315/315 312/312
f 316/316 319/319 315/315
f 738/738 732/732 740/740
f 310/310 508/508 511/511
f 310/310 309/309 508/508
f 311/311 509/509 508/508
f 309/309 311/311 508/508
f 730/730 727/727 751/751
f 313/313 495/495 509/509
f 311/311 313/313 509/509
f 750/750 730/730 751/751
f 317/317 316/316 312/312
f 307/307 308/308 306/306
f 307/307 317/317 308/308
f 317/317 312/312 308/308
f 333/333 524/524 332/332
f 306/306 309/309 310/310
f 35/35 36/36 37/37
f 304/304 306/306 310/310
f 331/331 501/501 494/494
f 331/331 494/494 314/314
f 308/308 312/312 311/311
f 312/312 313/313 311/311
f 956/956 948/948 955/955
f 955/955 948/948 954/954
f 510/510 310/310 511/511
f 510/510 511/511 512/512
f 309/309 308/308 311/311
f 306/306 308/308 309/309
f 315/315 314/314 312/312
f 312/312 314/314 313/313
f 331/331 332/332 501/501
f 313/313 314/314 495/495
f 314/314 494/494 495/495
f 729/729 731/731 741/741
f 741/741 731/731 749/749
