mtllib S-08_tex.mtl
v 0.110068 1.649139 2.990983
v 0.446102 1.587496 2.991622
v 0.687502 1.601319 2.991842
v 0.678580 1.656627 2.991580
v 0.660960 2.354461 2.315527
v 0.813179 2.353788 2.811759
v 1.142608 2.353543 2.902539
v 1.123273 2.353820 2.769794
v 2.150055 2.353788 2.748429
v 1.123273 2.353820 2.769794
v 1.142608 2.353543 2.902539
v 1.683240 2.353512 2.901010
v -1.254881 0.761705 2.955940
v -1.921180 0.802913 3.046479
v -0.966348 0.762330 2.955940
v -0.498420 2.354587 2.796301
v -1.544905 2.368133 2.966466
v -1.028814 2.373218 2.980384
v -1.478753 2.656076 2.443266
v -1.495526 2.515474 1.719729
v -1.433703 2.457524 1.842745
v -1.506980 2.357205 1.984005
v -1.495526 2.515474 1.719729
v -2.003685 2.356446 2.242154
v -2.014884 2.357118 1.692185
v -2.031238 2.356801 1.817683
v -1.549825 2.358739 1.194016
v -1.506980 2.357205 1.984005
v -1.023240 2.358526 0.191174
v -1.585290 2.358605 0.586928
v -1.500661 2.358502 0.683625
v -1.005017 2.358470 0.734367
v -1.500661 2.358502 0.683625
v -1.803211 2.693520 0.888058
v -1.949407 2.632226 0.626443
v -1.562229 2.358779 0.095388
v -1.585290 2.358605 0.586928
v -1.023240 2.358526 0.191174
v -1.132001 2.358913 -0.375352
v -2.015068 2.358668 -0.546554
v -2.012097 2.358628 0.100007
v -1.562229 2.358779 0.095388
v -2.119368 2.358241 -1.062757
v -1.493964 2.359111 -1.229739
v -1.968711 2.774703 -1.301238
v -2.993226 0.785635 -0.504599
v -2.993768 0.813281 -1.105770
v -2.993492 0.813281 -0.937930
v -2.994431 0.733791 -1.073534
v -2.993492 0.813281 -0.937930
v -2.994431 0.733791 -1.073534
v -2.993226 0.785635 -0.504599
v -2.993768 0.813281 -1.105770
v -0.856290 1.088350 -2.779669
v -1.460868 0.892780 -2.780360
v -1.427221 1.211334 -2.780349
v -0.904811 1.563591 -2.780496
v -1.064513 2.355529 -2.744490
v -0.990144 2.358810 -2.122719
v -0.500829 2.356833 -2.513330
v -0.505291 2.354991 -2.817727
v -0.064405 2.359024 -1.665478
v 0.586550 2.359032 -1.370873
v 0.510517 2.358977 -1.553354
v 0.049971 2.358723 -1.033391
v 0.053176 2.358581 -0.463786
v 0.586550 2.359032 -1.370873
v 0.127913 2.358573 -0.607496
v 1.026976 2.358328 -0.433456
v 1.019350 2.358628 -1.003543
v -2.087763 3.997700 0.146895
v -2.002838 3.997700 0.561479
v -1.686650 3.947010 1.152994
v -2.087763 3.997700 0.146895
v -1.686650 3.947010 1.152994
v -2.483699 3.855413 1.098471
v -0.432065 6.641471 1.197756
v -0.605222 6.469672 1.652902
v -0.882607 6.232783 1.762229
v -1.449190 5.660765 1.414903
v -0.795080 6.036058 1.796109
v -0.985519 5.832421 1.717656
v 0.089620 6.297295 2.020252
v 0.523850 5.689273 1.704324
v 0.545298 5.647898 1.695328
v 0.198647 3.629318 1.494591
v 0.436516 3.994244 1.805692
v 1.104122 3.928569 1.421448
v 1.527816 6.373077 -0.966227
v 0.717270 6.566268 -0.971086
v 1.157288 6.447024 -1.026122
v -1.662690 6.299605 -1.486850
v -2.189449 6.361817 -0.587785
v -2.004369 6.205129 -0.805529
v -2.007789 4.135954 -0.581806
v -2.041099 3.951613 -0.446620
v -2.021132 4.053285 -0.533536
v -2.041099 3.951613 -0.446620
v -2.002981 3.938154 -0.801372
v -2.072378 3.986178 -0.306973
v -1.593048 4.121625 -1.391724
v -1.412796 4.426285 -1.472188
v -1.750402 4.017430 -1.105916
v -1.662690 6.299605 -1.486850
v -1.198632 6.410980 -1.729855
v -1.437919 6.244265 -1.492736
v -0.995238 6.483970 -1.469035
v -1.662690 6.299605 -1.486850
v -1.437919 6.244265 -1.492736
v 0.669596 4.124757 -1.722933
v 0.093336 3.937229 -1.975479
v 0.549606 4.034567 -1.730180
v 0.093336 3.937229 -1.975479
v 0.589970 3.418905 -1.509242
v 0.581201 3.701360 -1.393295
v -0.456106 3.252285 -1.332479
v -0.826910 3.481923 -1.650690
v -0.951484 3.649452 -1.214113
v -1.862553 3.223817 -1.219067
v -1.641579 3.455234 -0.939291
v -2.002981 3.938154 -0.801372
v 0.769517 3.223801 1.161906
v 0.090529 3.510913 0.664638
v 0.604640 3.643521 1.044116
v -1.467636 4.513406 1.393789
v -0.990532 4.572779 1.711927
v -0.917347 4.471716 1.741241
v -1.019238 2.356596 2.148975
v -1.019524 2.358723 1.291666
v -0.527974 2.357758 1.751263
v -0.969910 2.713329 1.701307
v -1.019524 2.358723 1.291666
v -1.019238 2.356596 2.148975
v -1.453028 4.866383 1.407781
v -1.017533 5.236212 1.703046
v -0.461557 5.103716 1.866582
v -2.560529 2.355157 0.031199
v -2.012097 2.358628 0.100007
v -2.050767 2.358502 0.247530
v -2.015068 2.358668 -0.546554
v -1.945629 2.358842 -0.434367
v -2.548912 2.355268 -0.561677
v -2.597892 2.355323 -1.083640
v -2.119368 2.358241 -1.062757
v -1.562229 2.358779 0.095388
v -2.145390 2.357869 0.673519
v -1.585290 2.358605 0.586928
v -1.500661 2.358502 0.683625
v -1.005017 2.358470 0.734367
v -1.023240 2.358526 0.191174
v -1.132001 2.358913 -0.375352
v -2.539887 2.355426 0.618399
v -2.885874 2.036816 1.128026
v -2.880392 2.030521 1.401790
v -2.014884 2.357118 1.692185
v -2.031238 2.356801 1.817683
v -1.506980 2.357205 1.984005
v -1.549825 2.358739 1.194016
v -2.206743 2.356161 2.339511
v -1.544905 2.368133 2.966466
v -2.034964 2.364401 2.956412
v -2.003685 2.356446 2.242154
v -2.873716 2.032214 1.789553
v -1.493964 2.359111 -1.229739
v -2.119368 2.358241 -1.062757
v -2.015068 2.358668 -0.546554
v -2.548912 2.355268 -0.561677
v -2.597892 2.355323 -1.083640
v -1.945629 2.358842 -0.434367
v -1.052610 2.358960 -1.084405
v -1.037001 2.359055 -0.965390
v -2.925993 1.776441 -1.508582
v -2.994431 1.582531 -1.951255
v -2.921992 1.862708 -1.041445
v -2.532455 2.355560 -1.994550
v -2.597892 2.355323 -1.083640
v -2.872654 1.592969 -2.192909
v -2.955261 1.210582 -1.066098
v -2.955169 1.210685 -0.547706
v -2.916214 1.852483 -0.460351
v -2.993492 0.813281 -0.937930
v -2.993768 0.813281 -1.105770
v -2.917663 0.940013 -0.387909
v -2.908506 1.588651 0.073688
v -2.873124 1.158967 -2.205424
v -2.994676 1.158770 -1.917501
v -2.939060 1.753816 -2.034924
v -2.994748 0.788514 -1.507053
v -2.914182 0.701242 -2.560249
v -2.880780 0.389884 -2.440857
v -2.901738 0.396226 -1.542148
v -2.867070 1.599596 2.179305
v -2.876053 1.638194 1.684362
v -2.867151 1.632722 2.167858
v -2.865732 1.559850 2.266273
v -2.865753 1.612272 2.267330
v -2.873716 2.032214 1.789553
v -2.880392 2.030521 1.401790
v -2.886762 1.631425 1.114285
v -2.885874 2.036816 1.128026
v -2.876339 1.585013 1.673019
v -2.886640 1.444640 1.161592
v -2.762229 1.237255 2.822546
v -2.709440 2.353820 2.290685
v -2.580047 1.640495 2.951301
v -2.586560 2.371265 2.974258
v -2.523533 1.388186 2.952139
v -0.457698 3.705179 -1.605845
v -0.310461 3.923967 -2.019444
v -0.381655 3.671230 -1.490788
v 0.581201 3.701360 -1.393295
v 0.093336 3.937229 -1.975479
v -0.951484 3.649452 -1.214113
v -0.735584 4.044934 -1.901906
v -1.128724 3.947011 -1.668316
v 0.036587 3.327750 -1.342187
v -0.461557 5.103716 1.866582
v -0.384708 4.527664 1.872520
v -0.305888 4.971131 1.878804
v -0.494143 5.501048 1.864404
v 0.058852 5.572196 1.855114
v -0.795080 6.036058 1.796109
v 0.052431 5.773088 1.856811
v -0.882607 6.232783 1.762229
v -0.917347 4.471716 1.741241
v -1.017533 5.236212 1.703046
v -0.989398 5.327296 1.714598
v -0.934119 4.099230 1.805252
v -0.411505 4.078637 1.869514
v -0.990532 4.572779 1.711927
v -0.045908 3.774784 1.969804
v -1.028507 6.232783 1.702784
v -0.985519 5.832421 1.717656
v 0.429452 4.072224 1.808373
v 0.436516 3.994244 1.805692
v 0.288237 5.195890 1.799125
v 0.495051 4.503758 1.713488
v 0.460802 5.635847 1.729585
v 0.523850 5.689273 1.704324
v -0.835199 3.897467 1.891654
v 0.546145 5.566866 1.694867
v 0.545298 5.647898 1.695328
v 0.537600 4.470664 1.696040
v 0.544665 5.142891 1.695600
v 0.627711 5.073681 1.683231
v 0.089620 6.297295 2.020252
v -0.387923 6.271982 1.988477
v -1.235771 6.232783 1.580774
v -1.449190 5.660765 1.414903
v -1.900171 6.301906 1.170453
v -0.939091 3.656213 1.681115
v -1.498088 3.104249 1.830659
v -2.411117 3.026475 2.292979
v -1.496333 2.988453 2.604530
v -2.411056 2.901403 1.741398
v -2.008504 1.676975 -2.938062
v -2.867499 1.664117 -2.572838
v -2.063772 2.356027 -2.580944
v -2.540653 2.354683 -2.580483
v -1.031794 1.642796 2.977064
v -1.544905 2.368133 2.966466
v -1.028814 2.373218 2.980384
v -1.956134 1.618029 2.976352
v -1.427221 1.211334 -2.780349
v -1.460868 0.892780 -2.780360
v -0.904811 1.563591 -2.780496
v -0.856290 1.088350 -2.779669
v -1.829344 1.325611 -2.780590
v -1.787326 1.039242 -2.780381
v -1.409560 1.676904 -2.940869
v -1.599929 1.677473 -2.937288
v -2.012413 1.600173 -2.949300
v -2.008504 1.676975 -2.938062
v -0.435393 1.310704 -2.940136
v -0.445428 1.196356 -2.940367
v 0.430207 1.180517 -2.795609
v 0.569267 1.473441 -2.794844
v -0.122696 2.007012 -2.883540
v 0.179037 1.944468 -2.935706
v 0.065824 2.354137 -2.881812
v 0.589337 2.355070 -2.750596
v -0.949248 0.794706 -2.780371
v 0.016089 0.676902 -2.937350
v -2.867386 1.571800 -2.573602
v -2.867499 1.664117 -2.572838
v -2.540653 2.354683 -2.580483
v -1.535401 2.356209 -2.592527
v -1.064513 2.355529 -2.744490
v -2.063772 2.356027 -2.580944
v -1.477232 0.626647 -2.952306
v -1.509205 0.633558 -2.952295
v -2.010423 1.064444 -2.950829
v -0.947013 1.677347 -2.936617
v -0.505291 2.354991 -2.817727
v -1.467636 4.513406 1.393789
v -0.990532 4.572779 1.711927
v -1.017533 5.236212 1.703046
v -1.453028 4.866383 1.407781
v -1.465554 4.415103 1.395067
v -1.482582 5.287693 1.384929
v -0.989398 5.327296 1.714598
v -1.050282 4.076044 1.724557
v -0.934119 4.099230 1.805252
v -0.999066 3.631303 1.723102
v -1.210413 3.628092 1.561074
v -0.995830 3.243934 1.776922
v -0.835199 3.897467 1.891654
v -1.579481 5.592677 1.291719
v -1.644458 6.040091 1.216953
v -1.449190 5.660765 1.414903
v -1.660690 4.974698 1.190686
v -1.673889 4.825342 1.173469
v -1.597489 4.412454 1.262311
v -1.490983 3.911583 1.510992
v -0.494143 5.501048 1.864404
v -0.795080 6.036058 1.796109
v -1.478539 2.895860 2.461584
v -1.478753 2.656076 2.443266
v -1.433703 2.457524 1.842745
v -1.496271 2.577155 2.604593
v -1.496333 2.988453 2.604530
v -0.983998 3.191228 1.756992
v -1.057009 3.192264 1.507965
v -2.002981 3.938154 -0.801372
v -1.406600 4.002089 -1.473958
v -1.448485 3.640492 -0.619529
v -1.179930 3.566925 -0.463482
v -1.750402 4.017430 -1.105916
v 1.064901 1.753690 -2.876460
v 0.179037 1.944468 -2.935706
v 0.589337 2.355070 -2.750596
v -0.122696 2.007012 -2.883540
v 0.943317 2.355070 -2.607933
v 1.625838 1.853922 -2.874156
v 1.604155 2.354422 -2.771311
v 0.065824 2.354137 -2.881812
v -2.566940 2.810565 1.097707
v -2.880392 2.030521 1.401790
v -2.536917 2.601773 1.170745
v -2.503453 2.600950 1.174903
v -2.014884 2.357118 1.692185
v -2.415558 2.610566 1.024270
v -1.406600 4.002089 -1.473958
v -1.481785 3.387582 -1.137189
v -1.179930 3.566925 -0.463482
v -1.988046 3.265895 0.632297
v -1.469474 3.585825 0.136244
v -2.002838 3.997700 0.561479
v 1.683240 2.353512 2.901010
v 2.463966 1.611402 2.800217
v 2.172554 2.353385 2.904068
v 1.771166 1.621627 2.899512
v 2.366639 2.353591 2.769794
v -1.056519 0.000411 2.925422
v -1.921180 0.802913 3.046479
v -1.254881 0.761705 2.955940
v -1.580502 0.000000 2.934586
v -1.763530 1.027688 2.873612
v -1.379813 1.008654 2.897365
v -1.980543 3.243776 0.681133
v -2.002838 3.997700 0.561479
v -1.686650 3.947010 1.152994
v -1.988046 3.265895 0.632297
v -2.014884 2.357118 1.692185
v -2.145390 2.357869 0.673519
v -2.503453 2.600950 1.174903
v -2.415558 2.610566 1.024270
v -2.026440 0.547536 -2.942838
v -2.909701 0.721115 -2.584274
v -2.010423 1.064444 -2.950829
v -2.846898 1.202121 -2.590820
v -2.031238 2.356801 1.817683
v -2.709440 2.353820 2.290685
v -2.206743 2.356161 2.339511
v -2.586560 2.371265 2.974258
v -2.034964 2.364401 2.956412
v -2.003685 2.356446 2.242154
v -1.544905 2.368133 2.966466
v -2.873716 2.032214 1.789553
v -2.014884 2.357118 1.692185
v -2.880392 2.030521 1.401790
v -1.686650 3.947010 1.152994
v -1.988046 3.265895 0.632297
v -1.980543 3.243776 0.681133
v -2.002838 3.997700 0.561479
v -1.674788 3.347915 -0.209784
v 1.757293 0.516932 2.971199
v 2.474716 0.389314 2.870501
v 2.480964 0.491484 2.775082
v 1.690672 0.000182 2.925422
v 1.118812 1.850181 2.899083
v 1.732292 1.561424 2.899261
v 1.771166 1.621627 2.899512
v 2.456024 0.831722 2.785304
v 2.464538 1.352466 2.783775
v 2.463966 1.611402 2.800217
v 1.954297 1.151178 2.899512
v -2.846898 1.202121 -2.590820
v -2.026440 0.547536 -2.942838
v -2.010423 1.064444 -2.950829
v -2.909701 0.721115 -2.584274
v 0.583324 6.722994 -0.434607
v -0.305684 6.849679 -0.465942
v -0.404604 6.697602 -0.957670
v -0.300008 7.000000 -0.217334
v 2.172554 2.353385 2.904068
v 2.507189 1.628452 2.250260
v 2.463966 1.611402 2.800217
v 2.366639 2.353591 2.769794
v 2.297711 2.353401 2.109932
v 2.499012 1.627558 2.180834
v 2.531730 1.627653 1.560592
v 2.481158 2.353954 1.625818
v 2.525779 2.354413 1.153957
v 2.552546 1.627756 1.109331
v 0.121869 3.463363 0.127467
v 0.769517 3.223801 1.161906
v 0.090529 3.510913 0.664638
v 0.629365 3.548120 0.364482
v 1.142608 2.353543 2.902539
v 1.123273 2.353820 2.769794
v 1.683240 2.353512 2.901010
v 2.150055 2.353788 2.748429
v 0.813179 2.353788 2.811759
v 0.660960 2.354461 2.315527
v 2.463966 1.611402 2.800217
v 2.507189 1.628452 2.250260
v 2.366639 2.353591 2.769794
v 2.297711 2.353401 2.109932
v 2.499012 1.627558 2.180834
v 2.531730 1.627653 1.560592
v 2.481158 2.353954 1.625818
v 2.552546 1.627756 1.109331
v 2.525779 2.354413 1.153957
v -1.945629 2.358842 -0.434367
v -1.562229 2.358779 0.095388
v -1.132001 2.358913 -0.375352
v -2.411117 3.026475 2.292979
v -1.496271 2.577155 2.604593
v -1.496333 2.988453 2.604530
v -2.411107 2.802965 2.543975
v 1.690672 0.000182 2.925422
v 1.757293 0.516932 2.971199
v 2.480964 0.491484 2.775082
v 2.474716 0.389314 2.870501
v -2.955169 1.210685 -0.547706
v -2.955261 1.210582 -1.066098
v -2.916214 1.852483 -0.460351
v -2.921992 1.862708 -1.041445
v -1.409560 1.676904 -2.940869
v -1.599929 1.677473 -2.937288
v -1.064513 2.355529 -2.744490
v -1.535401 2.356209 -2.592527
v -2.410790 2.596743 2.014523
v -2.411107 2.802965 2.543975
v -2.411056 2.901403 1.741398
v -2.411117 3.026475 2.292979
v -2.206743 2.356161 2.339511
v -2.031238 2.356801 1.817683
v -0.264360 6.461408 1.703434
v -0.432065 6.641471 1.197756
v -0.882607 6.232783 1.762229
v -0.387923 6.271982 1.988477
v -2.085374 4.140557 0.114879
v -2.483699 3.855413 1.098471
v -2.015629 4.129351 0.649683
v -1.967292 4.128750 0.726732
v -1.986627 4.129501 0.624505
v -1.686650 3.947010 1.152994
v -0.527974 2.357758 1.751263
v -1.433703 2.457524 1.842745
v -0.770018 2.789577 1.782829
v -1.988046 3.265895 0.632297
v -1.674788 3.347915 -0.209784
v -1.469474 3.585825 0.136244
v -2.432810 1.635885 2.955438
v -1.544905 2.368133 2.966466
v -1.956134 1.618029 2.976352
v -2.034964 2.364401 2.956412
v -2.586560 2.371265 2.974258
v -2.580047 1.640495 2.951301
v -1.481785 3.387582 -1.137189
v -0.456106 3.252285 -1.332479
v -0.951484 3.649452 -1.214113
v -1.406600 4.002089 -1.473958
v 0.943317 2.355070 -2.607933
v 0.512743 2.356169 -2.503412
v 1.066391 2.358423 -2.048339
v 0.589337 2.355070 -2.750596
v -0.983998 3.191228 1.756992
v -1.498088 3.104249 1.830659
v -1.478539 2.895860 2.461584
v -0.939091 3.656213 1.681115
v -0.203313 3.224908 1.615774
v -0.258408 3.723351 1.651058
v -0.906434 3.318822 1.631159
v 0.198647 3.629318 1.494591
v 0.436516 3.994244 1.805692
v 0.599209 3.776856 1.782829
v 1.104122 3.928569 1.421448
v -0.213348 1.648451 2.989496
v -0.321241 2.354461 2.796500
v 0.144736 2.354160 2.809277
v 0.110068 1.649139 2.990983
v -2.955261 1.210582 -1.066098
v -2.994431 1.582531 -1.951255
v -2.925993 1.776441 -1.508582
v -2.921992 1.862708 -1.041445
v -1.019238 2.356596 2.148975
v -1.433703 2.457524 1.842745
v -0.527974 2.357758 1.751263
v -1.019238 2.356596 2.148975
v -0.770018 2.789577 1.782829
v -1.433703 2.457524 1.842745
v 0.769517 3.223801 1.161906
v 0.629365 3.548120 0.364482
v 0.604640 3.643521 1.044116
v 0.581201 3.701360 -1.393295
v 0.584223 3.461916 -1.495533
v 0.828768 3.236224 -1.396929
v 0.622443 3.236382 -1.566561
v 0.589970 3.418905 -1.509242
v 1.098017 3.987349 -1.300180
v 0.198647 3.629318 1.494591
v 1.104122 3.928569 1.421448
v 0.599209 3.776856 1.782829
v -2.908506 1.588651 0.073688
v -2.993492 0.813281 -0.937930
v -2.955169 1.210685 -0.547706
v -2.917663 0.940013 -0.387909
v -1.562229 2.358779 0.095388
v -2.050767 2.358502 0.247530
v -1.585290 2.358605 0.586928
v -2.012097 2.358628 0.100007
v -2.014139 2.464120 0.634423
v -2.145390 2.357869 0.673519
v 0.090529 3.510913 0.664638
v 0.769517 3.223801 1.161906
v 0.441947 3.634316 1.122182
v 0.016089 0.676902 -2.937350
v -0.856290 1.088350 -2.779669
v -0.445428 1.196356 -2.940367
v -0.949248 0.794706 -2.780371
v -0.213348 1.648451 2.989496
v -0.613123 1.628973 2.976478
v -0.321241 2.354461 2.796500
v -0.498420 2.354587 2.796301
v -1.031794 1.642796 2.977064
v -1.028814 2.373218 2.980384
v 1.625838 1.853922 -2.874156
v 0.952239 1.232653 -2.794760
v 1.064901 1.753690 -2.876460
v 1.169385 1.260299 -2.795127
v -1.019238 2.356596 2.148975
v -0.527974 2.357758 1.751263
v -0.770018 2.789577 1.782829
v 0.937366 1.166978 2.991276
v 0.269209 0.781024 2.798364
v 0.297282 0.875247 2.798489
v 1.014705 0.802913 2.991789
v 1.008754 0.366270 2.991182
v 0.202649 0.302904 2.797850
v 1.148559 0.000822 2.919327
v 1.690672 0.000182 2.925422
v 1.148559 0.000822 2.919327
v 1.757293 0.516932 2.971199
v 1.606646 0.785635 2.899344
v 1.954297 1.151178 2.899512
v 0.678580 1.656627 2.991580
v 0.110068 1.649139 2.990983
v 0.144736 2.354160 2.809277
v 0.813179 2.353788 2.811759
v 1.578378 1.154886 2.898957
v 0.937366 1.166978 2.991276
v 1.506898 1.584507 2.899030
v 1.014705 0.802913 2.991789
v 0.687502 1.601319 2.991842
v 1.118812 1.850181 2.899083
v 1.732292 1.561424 2.899261
v 0.446102 1.587496 2.991622
v -0.126034 1.360967 2.990208
v -0.213348 1.648451 2.989496
v 2.464538 1.352466 2.783775
v 2.463966 1.611402 2.800217
v 1.771166 1.621627 2.899512
v 2.172554 2.353385 2.904068
v 2.456024 0.831722 2.785304
v 1.142608 2.353543 2.902539
v 2.480964 0.491484 2.775082
v 1.683240 2.353512 2.901010
v -1.891851 2.535750 -1.505891
v -2.013526 2.633998 -1.313407
v -1.968711 2.774703 -1.301238
v -2.119368 2.358241 -1.062757
v -2.139816 2.357854 -1.998362
v -2.867499 1.664117 -2.572838
v -2.939060 1.753816 -2.034924
v -2.540653 2.354683 -2.580483
v -2.542868 2.355608 -2.054058
v -2.063772 2.356027 -2.580944
v -2.532455 2.355560 -1.994550
v -2.597892 2.355323 -1.083640
v -2.032361 2.358186 -2.124719
v -2.993492 0.813281 -0.937930
v -2.993768 0.813281 -1.105770
v -2.955169 1.210685 -0.547706
v -2.955261 1.210582 -1.066098
v -1.956134 1.618029 2.976352
v -1.633208 1.339188 2.932230
v -1.031794 1.642796 2.977064
v -1.028814 2.373218 2.980384
v -1.544905 2.368133 2.966466
v -2.034964 2.364401 2.956412
v -2.432810 1.635885 2.955438
v -2.580047 1.640495 2.951301
v -2.586560 2.371265 2.974258
v -0.498420 2.354587 2.796301
v -0.613123 1.628973 2.976478
v -1.165648 1.566264 3.027544
v -0.939673 1.354340 2.911954
v -0.388546 6.232783 -1.902890
v 0.143154 6.370072 -2.035551
v 0.581742 6.232783 -1.710836
v -0.347641 6.374762 -2.054821
v -0.532067 6.232783 -1.889966
v -0.637787 6.370088 -2.035939
v -1.019238 2.356596 2.148975
v -0.969910 2.713329 1.701307
v -1.433703 2.457524 1.842745
v -1.057009 3.192264 1.507965
v -0.445428 1.196356 -2.940367
v -0.435393 1.310704 -2.940136
v 0.569267 1.473441 -2.794844
v 0.430207 1.180517 -2.795609
v -0.939091 3.656213 1.681115
v -0.258408 3.723351 1.651058
v -0.045908 3.774784 1.969804
v 0.436516 3.994244 1.805692
v -2.145390 2.357869 0.673519
v -1.803211 2.693520 0.888058
v -2.415558 2.610566 1.024270
v -1.500661 2.358502 0.683625
v 0.074645 3.488115 -0.566431
v 0.584223 3.461916 -1.495533
v 0.581201 3.701360 -1.393295
v 0.678580 1.656627 2.991580
v 1.142608 2.353543 2.902539
v 0.813179 2.353788 2.811759
v 1.118812 1.850181 2.899083
v -0.456106 3.252285 -1.332479
v -0.951484 3.649452 -1.214113
v 0.036587 3.327750 -1.342187
v -2.866263 0.512338 2.437925
v -2.831646 0.398732 2.924490
v -2.577822 0.800035 2.936188
v -2.886823 0.398725 2.702756
v -0.456106 3.252285 -1.332479
v -1.406600 4.002089 -1.473958
v -0.951484 3.649452 -1.214113
v -2.994748 0.788514 -1.507053
v -2.889682 0.384704 -0.974544
v -2.994431 0.733791 -1.073534
v -2.901738 0.396226 -1.542148
v -1.949407 2.632226 0.626443
v -2.000960 2.831553 0.947807
v -1.699645 3.217039 0.618557
v -2.415558 2.610566 1.024270
v -2.014139 2.464120 0.634423
v -2.145390 2.357869 0.673519
v -1.585290 2.358605 0.586928
v -0.445428 1.196356 -2.940367
v -0.904811 1.563591 -2.780496
v -0.435393 1.310704 -2.940136
v -0.856290 1.088350 -2.779669
v -1.506980 2.357205 1.984005
v -2.031238 2.356801 1.817683
v -2.410790 2.596743 2.014523
v -0.826910 3.481923 -1.650690
v -0.457698 3.705179 -1.605845
v -0.951484 3.649452 -1.214113
v -1.081918 3.278184 -1.840744
v -1.481785 3.387582 -1.137189
v -2.863344 1.136018 2.379182
v -2.865732 1.559850 2.266273
v -2.762229 1.237255 2.822546
v -2.760636 1.080576 2.827772
v -1.608677 3.631611 0.093744
v -1.483643 3.528793 0.070631
v -1.674788 3.347915 -0.209784
v -2.002838 3.997700 0.561479
v -1.585290 2.358605 0.586928
v -1.949407 2.632226 0.626443
v -1.803211 2.693520 0.888058
v -1.500661 2.358502 0.683625
v -2.415558 2.610566 1.024270
v -2.865732 1.559850 2.266273
v -2.760636 1.080576 2.827772
v -2.762229 1.237255 2.822546
v -2.863344 1.136018 2.379182
v -0.755950 3.623276 1.162828
v -0.906434 3.318822 1.631159
v -0.939091 3.656213 1.681115
v -1.949407 2.632226 0.626443
v -1.699645 3.217039 0.618557
v -1.803211 2.693520 0.888058
v 1.625838 1.853922 -2.874156
v 1.604155 2.354422 -2.771311
v 1.782181 1.948446 -2.872585
v 2.002256 2.353062 -2.878764
v -0.949248 0.794706 -2.780371
v -1.477232 0.626647 -2.952306
v -1.460868 0.892780 -2.780360
v -0.856290 1.088350 -2.779669
v -2.886823 0.398725 2.702756
v -2.577822 0.800035 2.936188
v -2.831646 0.398732 2.924490
v -2.866263 0.512338 2.437925
v -2.886425 0.394589 -2.953521
v -2.880780 0.389884 -2.440857
v -2.914182 0.701242 -2.560249
v -2.909701 0.721115 -2.584274
v -1.829344 1.325611 -2.780590
v -2.008504 1.676975 -2.938062
v -1.599929 1.677473 -2.937288
v -2.012413 1.600173 -2.949300
v -0.643871 6.877958 0.097494
v -0.478524 6.859832 -0.443656
v -0.300008 7.000000 -0.217334
v -0.511650 6.697855 -0.930891
v -2.000960 2.831553 0.947807
v -1.699645 3.217039 0.618557
v -1.980543 3.243776 0.681133
v -1.803211 2.693520 0.888058
v -2.415558 2.610566 1.024270
v -1.988046 3.265895 0.632297
v -2.994676 1.158770 -1.917501
v -2.873124 1.158967 -2.205424
v -2.872654 1.592969 -2.192909
v -2.994431 1.582531 -1.951255
v -2.914182 0.701242 -2.560249
v -2.994748 0.788514 -1.507053
v -2.901738 0.396226 -1.542148
v -2.994431 0.733791 -1.073534
v -2.889682 0.384704 -0.974544
v -2.880780 0.389884 -2.440857
v -2.909701 0.721115 -2.584274
v -2.886425 0.394589 -2.953521
v -2.011005 6.053052 0.557363
v -2.045826 6.245056 0.928317
v -1.750473 6.239331 1.099603
v -0.906434 3.318822 1.631159
v -0.981630 3.248726 1.534211
v -0.939091 3.656213 1.681115
v -0.915887 3.200014 1.646638
v -1.210413 3.628092 1.561074
v -1.057009 3.192264 1.507965
v -2.520562 0.769218 2.949185
v -2.760636 1.080576 2.827772
v -2.499737 1.194339 2.952337
v -2.577822 0.800035 2.936188
v -1.891851 2.535750 -1.505891
v -2.139816 2.357854 -1.998362
v -2.013526 2.633998 -1.313407
v -1.874711 2.359190 -1.501335
v -1.968711 2.774703 -1.301238
v -1.493964 2.359111 -1.229739
v -0.981630 3.248726 1.534211
v -0.983998 3.191228 1.756992
v -0.995830 3.243934 1.776922
v -1.210413 3.628092 1.561074
v -1.509205 0.633558 -2.952295
v -2.241115 0.376243 -2.945718
v -1.848026 0.368643 -2.943498
v -2.026440 0.547536 -2.942838
v -0.835199 3.897467 1.891654
v -0.995830 3.243934 1.776922
v -0.962080 3.235038 1.721677
v -0.983998 3.191228 1.756992
v -0.915887 3.200014 1.646638
v -0.906434 3.318822 1.631159
v -0.939091 3.656213 1.681115
v 0.189786 6.860686 0.133961
v 0.018222 6.858884 0.319344
v 0.564694 6.734397 0.313437
v -0.300008 7.000000 -0.217334
v -0.643871 6.877958 0.097494
v -0.712217 6.856527 0.133396
v -0.962131 6.759948 0.248997
v -0.882607 6.232783 1.762229
v -1.235771 6.232783 1.580774
v -1.028507 6.232783 1.702784
v -0.605222 6.469672 1.652902
v -0.958998 6.420643 1.680110
v -1.373861 6.476955 1.179899
v -1.900171 6.301906 1.170453
v -1.508909 6.447150 1.176632
v -0.613623 6.463203 1.713938
v -0.437965 6.713133 0.885912
v 0.070051 6.848809 0.311950
v -0.497563 6.629103 1.161593
v -1.315050 6.686025 0.547257
v -0.432065 6.641471 1.197756
v 0.583488 6.517673 1.265191
v 0.574024 6.624984 0.821681
v 0.089620 6.297295 2.020252
v 0.586367 6.438626 1.674267
v 0.886936 6.362069 1.688772
v 0.936212 6.466446 1.172045
v 1.076252 6.502790 0.791089
v 1.077283 6.433715 1.162923
v 1.283148 6.366545 1.315818
v 1.388398 6.373156 1.168012
v 1.240997 6.452647 0.828562
v 0.950024 6.609547 0.140821
v 1.128295 6.552262 0.161537
v 1.500385 6.435178 0.110648
v 0.690687 6.695024 -0.431277
v 0.583386 6.730863 -0.387259
v 0.128831 6.857341 -0.215376
v 1.362407 6.467237 -0.403869
v 1.503152 6.425293 -0.368638
v 1.422096 6.441473 -0.808148
v 1.225899 6.514850 -0.663285
v 1.084889 6.559862 -0.636600
v -1.216119 6.700148 0.807658
v -0.387923 6.271982 1.988477
v -1.794829 6.469016 0.652626
v -1.696603 6.710784 0.113361
v 0.069755 6.830036 -0.425255
v 0.583324 6.722994 -0.434607
v -0.404604 6.697602 -0.957670
v -0.511650 6.697855 -0.930891
v -0.516704 6.670162 -1.023472
v -0.522012 6.504712 -1.567304
v -0.409494 6.679287 -1.018948
v 0.374121 6.644516 -0.972605
v 0.581997 6.491902 -1.506927
v -0.283449 6.534905 -1.500235
v 0.717270 6.566268 -0.971086
v 1.157288 6.447024 -1.026122
v 1.527816 6.373077 -0.966227
v -0.991154 6.464888 -1.540357
v -0.995238 6.483970 -1.469035
v -1.198632 6.410980 -1.729855
v 0.682714 6.446921 -1.501041
v -1.444300 6.614885 -0.512128
v -0.758523 6.831095 0.052481
v -1.680596 6.531307 -0.633908
v -1.652462 6.457818 -0.984408
v -1.662690 6.299605 -1.486850
v -1.427149 6.619519 -0.161838
v -1.791052 6.710524 -0.004136
v -0.388546 6.232783 -1.902890
v 0.581742 6.232783 -1.710836
v -0.532067 6.232783 -1.889966
v -0.347641 6.374762 -2.054821
v 0.143154 6.370072 -2.035551
v -1.407039 5.790375 -1.484557
v -1.662690 6.299605 -1.486850
v -1.437919 6.244265 -1.492736
v -1.128724 3.947011 -1.668316
v -1.412796 4.426285 -1.472188
v -0.972544 4.063589 -1.748424
v -0.972799 4.634239 -1.749869
v -0.735584 4.044934 -1.901906
v -1.406600 4.002089 -1.473958
v -1.398331 4.508519 -1.485196
v -1.439614 5.073255 -1.495208
v -1.081918 3.278184 -1.840744
v -1.750402 4.017430 -1.105916
v -1.778884 5.073350 -1.127281
v -1.412460 5.320313 -1.478000
v -1.352505 5.073595 -1.569168
v -1.311436 5.549801 -1.563534
v -1.312171 5.774243 -1.563994
v -0.958916 5.940760 -1.759420
v -1.198632 6.410980 -1.729855
v -0.672465 5.585300 -1.856013
v -0.509292 5.078593 -1.911823
v -0.532067 6.232783 -1.889966
v -1.793012 5.244564 -1.043822
v -1.795033 5.650303 -1.043874
v -1.862553 3.223817 -1.219067
v -1.785744 4.775656 -1.053363
v -2.002981 3.938154 -0.801372
v -2.007789 4.135954 -0.581806
v -2.041099 3.951613 -0.446620
v -0.457698 3.705179 -1.605845
v -1.481785 3.387582 -1.137189
v -2.004369 6.205129 -0.805529
v -2.055259 6.232783 -0.404822
v -1.948018 6.442105 -0.424606
v -1.791052 6.710524 -0.004136
v -1.680596 6.531307 -0.633908
v -1.652462 6.457818 -0.984408
v -1.662690 6.299605 -1.486850
v -1.478539 2.895860 2.461584
v -1.498088 3.104249 1.830659
v -1.496333 2.988453 2.604530
v -1.794829 6.469016 0.652626
v -1.750473 6.239331 1.099603
v -1.900171 6.301906 1.170453
v -1.644458 6.040091 1.216953
v -1.449190 5.660765 1.414903
v -1.696603 6.710784 0.113361
v -1.495526 2.515474 1.719729
v -1.498088 3.104249 1.830659
v -1.433703 2.457524 1.842745
v -2.411056 2.901403 1.741398
v -0.983998 3.191228 1.756992
v -2.410790 2.596743 2.014523
v -1.506980 2.357205 1.984005
v -2.867499 1.664117 -2.572838
v -2.008504 1.676975 -2.938062
v -2.012413 1.600173 -2.949300
v -2.867386 1.571800 -2.573602
v -2.004369 6.205129 -0.805529
v -2.189449 6.361817 -0.587785
v -2.055259 6.232783 -0.404822
v 0.441947 3.634316 1.122182
v 0.769517 3.223801 1.161906
v 0.604640 3.643521 1.044116
v -1.495526 2.515474 1.719729
v -1.478753 2.656076 2.443266
v -1.496271 2.577155 2.604593
v -2.003685 2.356446 2.242154
v -2.411107 2.802965 2.543975
v -2.206743 2.356161 2.339511
v 0.997473 6.232783 -1.411486
v 0.600352 6.232783 -1.699117
v 1.527816 6.373077 -0.966227
v 0.589970 3.418905 -1.509242
v 0.093336 3.937229 -1.975479
v 0.878595 4.009222 -1.505136
v 0.669596 4.124757 -1.722933
v 1.098017 3.987349 -1.300180
v 0.622443 3.236382 -1.566561
v 0.828768 3.236224 -1.396929
v 1.108685 4.374148 -1.287675
v 1.112186 4.801871 -1.284994
v 1.186862 4.805327 -1.194717
v 1.216048 4.071220 -1.157569
v 1.214772 4.013833 -1.159004
v 0.624312 4.465524 -1.677920
v 1.113054 4.859907 -1.283632
v 0.854074 5.078371 -1.557407
v 0.581130 5.073958 -1.740904
v 1.062634 5.635989 -1.347256
v 0.876625 5.286326 -1.511839
v 0.889814 5.989575 -1.503806
v 1.044708 5.993142 -1.368432
v 0.575944 5.756893 -1.712407
v 0.566848 5.274013 -1.715978
v 0.581742 6.232783 -1.710836
v 1.342582 5.231460 -0.966594
v 1.295797 5.620221 -1.047990
v 1.336324 5.854888 -0.978229
v 1.446015 4.358309 -0.839347
v 1.364837 4.620986 -0.925225
v 1.395105 4.014402 -0.873248
v 0.581997 6.491902 -1.506927
v 0.682714 6.446921 -1.501041
v 0.042028 5.048416 -1.940080
v -0.509292 5.078593 -1.911823
v -0.672465 5.585300 -1.856013
v 0.072011 5.312540 -1.881211
v -0.958916 5.940760 -1.759420
v 0.050736 5.647804 -1.886447
v 0.062670 4.436652 -1.882153
v -0.464998 4.663902 -1.894344
v -0.735584 4.044934 -1.901906
v -0.388546 6.232783 -1.902890
v -0.972799 4.634239 -1.749869
v -0.532067 6.232783 -1.889966
v 0.093377 4.445146 -1.875095
v 0.549606 4.034567 -1.730180
v -0.161601 4.283421 -1.905425
v -0.310461 3.923967 -2.019444
v 0.717270 6.566268 -0.971086
v 2.485813 0.390390 2.715742
v 2.571493 0.793701 2.353251
v 2.474716 0.389314 2.870501
v 2.480964 0.491484 2.775082
v 2.496031 0.000174 2.226800
v 2.578914 0.793986 2.219867
v 2.485813 0.390390 2.715742
v 2.474716 0.389314 2.870501
v 2.480964 0.491484 2.775082
v 2.571493 0.793701 2.353251
v 2.578914 0.793986 2.219867
v 2.496031 0.000174 2.226800
v -1.198632 6.410980 -1.729855
v -1.550254 6.297288 -1.584375
v -1.437919 6.244265 -1.492736
v -1.662690 6.299605 -1.486850
v -2.872654 1.592969 -2.192909
v -2.939060 1.753816 -2.034924
v -2.994431 1.582531 -1.951255
v -2.925993 1.776441 -1.508582
v -2.532455 2.355560 -1.994550
v -2.597892 2.355323 -1.083640
v -2.921992 1.862708 -1.041445
v -2.916214 1.852483 -0.460351
v -2.548912 2.355268 -0.561677
v -2.908598 1.794874 0.050794
v -2.560529 2.355157 0.031199
v -2.542868 2.355608 -2.054058
v -2.867499 1.664117 -2.572838
v -2.540653 2.354683 -2.580483
v -2.904944 1.660083 0.215587
v -2.539887 2.355426 0.618399
v -2.886762 1.631425 1.114285
v -2.885874 2.036816 1.128026
v -1.031794 1.642796 2.977064
v -1.633208 1.339188 2.932230
v -1.165648 1.566264 3.027544
v -1.008744 2.358818 -2.014773
v -1.187199 2.546054 -2.034306
v -1.174836 2.726639 -1.972882
v 1.606646 4.106576 -0.208873
v 1.624490 3.967745 -0.209061
v 1.657770 3.948964 -0.009341
v 1.658464 4.103120 0.013040
v -1.008744 2.358818 -2.014773
v -0.990144 2.358810 -2.122719
v -1.187199 2.546054 -2.034306
v -0.588949 2.358842 -2.031740
v -0.500829 2.356833 -2.513330
v -0.064405 2.359024 -1.665478
v 0.062384 2.357616 -2.314971
v 0.510517 2.358977 -1.553354
v 0.512743 2.356169 -2.503412
v -1.493964 2.359111 -1.229739
v -1.052610 2.358960 -1.084405
v -1.874711 2.359190 -1.501335
v -1.557880 2.357079 -2.481524
v -0.983998 3.191228 1.756992
v -1.057009 3.192264 1.507965
v -0.915887 3.200014 1.646638
v -2.045244 5.034592 0.607026
v -1.990639 4.768745 0.601329
v -1.996621 5.216554 0.589233
v -2.008728 5.474264 0.558850
v -0.981630 3.248726 1.534211
v -1.057009 3.192264 1.507965
v -0.983998 3.191228 1.756992
v -0.962131 6.759948 0.248997
v 0.070051 6.848809 0.311950
v 0.018222 6.858884 0.319344
v -1.987515 6.048442 0.616913
v -2.011005 6.053052 0.557363
v -1.750473 6.239331 1.099603
v -1.469474 3.585825 0.136244
v -1.674788 3.347915 -0.209784
v -1.483643 3.528793 0.070631
v -2.026440 0.547536 -2.942838
v -2.012413 1.600173 -2.949300
v -2.010423 1.064444 -2.950829
v -1.509205 0.633558 -2.952295
v -1.787326 1.039242 -2.780381
v -1.829344 1.325611 -2.780590
v -1.477232 0.626647 -2.952306
v -1.046668 0.393055 -2.942042
v -1.848026 0.368643 -2.943498
v -0.542613 0.319029 -2.940492
v -2.241115 0.376243 -2.945718
v -1.460868 0.892780 -2.780360
v 0.288237 5.195890 1.799125
v 0.606089 5.065552 1.708963
v 0.627711 5.073681 1.683231
v 0.544665 5.142891 1.695600
v 1.094954 5.541521 1.275193
v 0.546145 5.566866 1.694867
v 1.179032 5.078545 1.209600
v 1.068300 4.506930 1.305083
v 0.537600 4.470664 1.696040
v 0.528995 4.127935 1.701255
v 1.103591 4.297243 1.261882
v 1.061297 5.663643 1.316038
v 0.545298 5.647898 1.695328
v 0.586367 6.438626 1.674267
v 0.089620 6.297295 2.020252
v 0.429452 4.072224 1.808373
v 1.123691 4.621855 1.239396
v 1.140954 4.064158 1.217685
v 1.262752 5.073602 1.126089
v 1.173825 5.652121 1.181103
v 1.168507 5.301880 1.187984
v 1.282628 4.467327 1.034010
v 1.522007 4.077017 0.716678
v 0.886936 6.362069 1.688772
v 1.283148 6.366545 1.315818
v 1.388398 6.373156 1.168012
v 1.475875 5.476716 0.647829
v 1.417880 5.662488 0.799331
v 1.117046 3.928569 1.410263
v 1.104122 3.928569 1.421448
v 1.472557 3.644486 0.767200
v 0.198647 3.629318 1.494591
v 1.616926 5.073697 -0.175610
v 1.590067 5.259826 -0.132681
v 1.615486 5.073721 0.171905
v 1.580614 5.258102 0.213535
v 1.494985 5.585442 -0.634757
v 1.478070 5.768913 -0.680032
v 1.583809 5.646578 0.173800
v 1.585565 5.640884 -0.191330
v 1.503152 6.425293 -0.368638
v 1.500385 6.435178 0.110648
v 1.422096 6.441473 -0.808148
v 1.447362 5.204526 -0.760569
v 1.364837 4.620986 -0.925225
v 1.575336 4.442844 -0.309298
v 1.606646 4.106576 -0.208873
v 1.446015 4.358309 -0.839347
v 1.395105 4.014402 -0.873248
v 1.624490 3.967745 -0.209061
v 1.336324 5.854888 -0.978229
v 1.295797 5.620221 -1.047990
v 1.342582 5.231460 -0.966594
v 1.496353 4.477837 0.591149
v 1.561953 4.078922 0.620515
v 1.321083 3.673919 0.418303
v 1.639946 3.814980 -0.521293
v 1.527816 6.373077 -0.966227
v 0.436516 3.994244 1.805692
v -0.321241 2.354461 2.796500
v 0.144736 2.354160 2.809277
v 0.813179 2.353788 2.811759
v 1.616926 5.073697 -0.175610
v 1.615486 5.073721 0.171905
v 1.634668 5.070107 -0.019385
v 0.564694 6.734397 0.313437
v 0.018222 6.858884 0.319344
v 0.070051 6.848809 0.311950
v 0.589970 3.418905 -1.509242
v 0.584223 3.461916 -1.495533
v 0.581201 3.701360 -1.393295
v 0.036587 3.327750 -1.342187
v 0.110068 1.649139 2.990983
v 0.678580 1.656627 2.991580
v 0.813179 2.353788 2.811759
v 0.144736 2.354160 2.809277
v -0.321241 2.354461 2.796500
v -0.213348 1.648451 2.989496
v -0.498420 2.354587 2.796301
v -0.613123 1.628973 2.976478
v -1.406600 4.002089 -1.473958
v -0.456106 3.252285 -1.332479
v -1.481785 3.387582 -1.137189
v 0.179037 1.944468 -2.935706
v 1.064901 1.753690 -2.876460
v 0.943317 2.355070 -2.607933
v 0.589337 2.355070 -2.750596
v 1.604155 2.354422 -2.771311
v 1.625838 1.853922 -2.874156
v 2.002256 2.353062 -2.878764
v 1.782181 1.948446 -2.872585
v 1.169385 1.260299 -2.795127
v 0.952239 1.232653 -2.794760
v -2.506801 0.162776 2.997057
v -1.580502 0.000000 2.934586
v -2.520562 0.769218 2.949185
v -2.831646 0.398732 2.924490
v -2.577822 0.800035 2.936188
v -1.921180 0.802913 3.046479
v -1.254881 0.761705 2.955940
v -1.056519 0.000411 2.925422
v -0.966348 0.762330 2.955940
v -0.521655 0.000641 2.919327
v -0.967471 0.980620 2.931894
v -0.195942 0.679637 2.990082
v -0.097287 0.004349 2.977619
v -0.164520 0.805721 2.990323
v -0.126034 1.360967 2.990208
v 0.446102 1.587496 2.991622
v -0.213348 1.648451 2.989496
v 0.110068 1.649139 2.990983
v -0.939673 1.354340 2.911954
v -1.379813 1.008654 2.897365
v -1.165648 1.566264 3.027544
v 0.269209 0.781024 2.798364
v 0.297282 0.875247 2.798489
v 0.687502 1.601319 2.991842
v 0.937366 1.166978 2.991276
v 1.578378 1.154886 2.898957
v 1.506898 1.584507 2.899030
v 1.014705 0.802913 2.991789
v 1.008754 0.366270 2.991182
v 1.606646 0.785635 2.899344
v 1.148559 0.000822 2.919327
v 0.202649 0.302904 2.797850
v -1.763530 1.027688 2.873612
v -2.499737 1.194339 2.952337
v -2.523533 1.388186 2.952139
v -2.762229 1.237255 2.822546
v -2.760636 1.080576 2.827772
v -2.432810 1.635885 2.955438
v -2.580047 1.640495 2.951301
v -0.435393 1.310704 -2.940136
v 0.179037 1.944468 -2.935706
v 0.569267 1.473441 -2.794844
v -0.122696 2.007012 -2.883540
v -1.763530 1.027688 2.873612
v -2.523533 1.388186 2.952139
v -1.633208 1.339188 2.932230
v -2.432810 1.635885 2.955438
v -1.956134 1.618029 2.976352
v -2.580047 1.640495 2.951301
v -1.165648 1.566264 3.027544
v -1.031794 1.642796 2.977064
v -0.939673 1.354340 2.911954
v -0.613123 1.628973 2.976478
v -0.213348 1.648451 2.989496
v -0.126034 1.360967 2.990208
v -0.164520 0.805721 2.990323
v -0.967471 0.980620 2.931894
v -0.966348 0.762330 2.955940
v -0.195942 0.679637 2.990082
v -1.379813 1.008654 2.897365
v 1.639946 3.814980 -0.521293
v 1.624490 3.967745 -0.209061
v 1.657770 3.948964 -0.009341
v 1.606646 4.106576 -0.208873
v 1.658464 4.103120 0.013040
v -1.008744 2.358818 -2.014773
v -1.874711 2.359190 -1.501335
v -0.990144 2.358810 -2.122719
v -1.052610 2.358960 -1.084405
v -1.557880 2.357079 -2.481524
v -1.535401 2.356209 -2.592527
v -1.493964 2.359111 -1.229739
v -1.037001 2.359055 -0.965390
v -1.945629 2.358842 -0.434367
v -1.064513 2.355529 -2.744490
v -0.505291 2.354991 -2.817727
v -2.119368 2.358241 -1.062757
v -2.139816 2.357854 -1.998362
v -2.597892 2.355323 -1.083640
v -2.032361 2.358186 -2.124719
v -0.500829 2.356833 -2.513330
v -0.588949 2.358842 -2.031740
v 0.062384 2.357616 -2.314971
v -0.064405 2.359024 -1.665478
v 0.512743 2.356169 -2.503412
v 0.589337 2.355070 -2.750596
v 1.066391 2.358423 -2.048339
v 0.943317 2.355070 -2.607933
v 0.510517 2.358977 -1.553354
v 0.049971 2.358723 -1.033391
v 0.586550 2.359032 -1.370873
v 0.127913 2.358573 -0.607496
v 0.053176 2.358581 -0.463786
v -2.063772 2.356027 -2.580944
v -2.540653 2.354683 -2.580483
v -2.542868 2.355608 -2.054058
v 0.065824 2.354137 -2.881812
v -2.532455 2.355560 -1.994550
v 0.586550 2.359032 -1.370873
v 1.019350 2.358628 -1.003543
v 0.127913 2.358573 -0.607496
v 1.026976 2.358328 -0.433456
v -2.885874 2.036816 1.128026
v -2.876053 1.638194 1.684362
v -2.880392 2.030521 1.401790
v -2.886762 1.631425 1.114285
v -2.886640 1.444640 1.161592
v -2.876339 1.585013 1.673019
v -2.904944 1.660083 0.215587
v -2.867151 1.632722 2.167858
v -2.539887 2.355426 0.618399
v -2.908598 1.794874 0.050794
v -2.560529 2.355157 0.031199
v -2.566940 2.810565 1.097707
v -2.415558 2.610566 1.024270
v -2.867070 1.599596 2.179305
v -2.865753 1.612272 2.267330
v -2.865732 1.559850 2.266273
v -2.873716 2.032214 1.789553
v -2.709440 2.353820 2.290685
v -2.580047 1.640495 2.951301
v -2.586560 2.371265 2.974258
v -2.145390 2.357869 0.673519
v -2.885874 2.036816 1.128026
v -2.415558 2.610566 1.024270
v 0.620575 3.529671 0.005782
v 1.034050 3.634332 -0.355065
v 1.624490 3.967745 -0.209061
v 0.613838 3.610387 -0.917319
v 1.395105 4.014402 -0.873248
v 0.132751 3.462770 0.057288
v 0.074645 3.488115 -0.566431
v -0.381543 3.470014 -0.504861
v -0.311768 3.480942 -0.009467
v -0.456963 3.480484 -0.000125
v 0.036587 3.327750 -1.342187
v -0.357124 3.480831 0.156268
v 0.584223 3.461916 -1.495533
v 0.867243 3.664137 -0.943103
v 0.581201 3.701360 -1.393295
v -0.454248 3.470053 -0.476898
v -0.456106 3.252285 -1.332479
v -1.179930 3.566925 -0.463482
v -1.481785 3.387582 -1.137189
v -0.826910 3.481923 -1.650690
v 0.121869 3.463363 0.127467
v -1.483643 3.528793 0.070631
v 0.629365 3.548120 0.364482
v 1.112860 3.646700 0.154551
v 0.604640 3.643521 1.044116
v 1.472557 3.644486 0.767200
v 1.104122 3.928569 1.421448
v 0.441947 3.634316 1.122182
v 0.198647 3.629318 1.494591
v 0.090529 3.510913 0.664638
v 0.074144 3.412958 1.472849
v -0.203313 3.224908 1.615774
v 1.321083 3.673919 0.418303
v -0.502320 3.462809 0.285777
v -0.755950 3.623276 1.162828
v -1.469474 3.585825 0.136244
v -1.138147 3.587723 0.657694
v -0.996442 3.649721 1.146542
v -1.402516 3.634324 0.587640
v -1.686650 3.947010 1.152994
v -2.002838 3.997700 0.561479
v -1.490983 3.911583 1.510992
v -1.210413 3.628092 1.561074
v 0.043897 3.503598 0.641754
v -2.002981 3.938154 -0.801372
v -1.448485 3.640492 -0.619529
v -1.608677 3.631611 0.093744
v -2.072378 3.986178 -0.306973
v -0.956547 3.647933 1.161393
v -0.939091 3.656213 1.681115
v 1.098017 3.987349 -1.300180
v 1.214772 4.013833 -1.159004
v 0.043897 3.503598 0.641754
v 0.121869 3.463363 0.127467
v 0.090529 3.510913 0.664638
v 0.620575 3.529671 0.005782
v 1.034050 3.634332 -0.355065
v 1.112860 3.646700 0.154551
v 1.624490 3.967745 -0.209061
v 1.321083 3.673919 0.418303
v -2.072378 3.986178 -0.306973
v -1.608677 3.631611 0.093744
v -2.002838 3.997700 0.561479
v -2.087763 3.997700 0.146895
v -0.906434 3.318822 1.631159
v -0.755950 3.623276 1.162828
v -0.203313 3.224908 1.615774
v 0.043897 3.503598 0.641754
v -2.004369 6.205129 -0.805529
v -2.037618 6.252363 -0.975087
v -1.662690 6.299605 -1.486850
v -1.998499 5.655292 -0.620587
v -2.020642 5.652121 -0.550198
v -1.795033 5.650303 -1.043874
v -1.793012 5.244564 -1.043822
v -2.189449 6.361817 -0.587785
v -2.008167 5.343357 -0.594949
v -2.047643 5.398499 -0.432733
v -2.023326 4.995678 -0.636789
v -2.094214 4.889712 0.021041
v -2.009341 4.633662 -0.583942
v -1.942751 4.604569 -0.753531
v -2.021132 4.053285 -0.533536
v -2.007789 4.135954 -0.581806
v -2.088089 5.255793 -0.138400
v -2.091387 4.469201 -0.088967
v -1.785744 4.775656 -1.053363
v -1.593048 4.121625 -1.391724
v -1.750402 4.017430 -1.105916
v -1.398331 4.508519 -1.485196
v -1.412796 4.426285 -1.472188
v -2.008728 5.474264 0.558850
v -2.045244 5.034592 0.607026
v -1.930092 5.073761 -0.867718
v -2.078585 5.646357 -0.276580
v -2.009331 5.659033 0.557363
v -1.992660 5.652698 0.599350
v -1.976816 5.650460 0.639775
v -1.983962 5.291299 0.621091
v -1.996621 5.216554 0.589233
v -1.945466 5.233026 0.720396
v -1.687272 4.432904 1.154093
v -1.673889 4.825342 1.173469
v -1.660690 4.974698 1.190686
v -1.597489 4.412454 1.262311
v -1.967292 4.128750 0.726732
v -1.686650 3.947010 1.152994
v -1.490983 3.911583 1.510992
v -1.990639 4.768745 0.601329
v -1.986627 4.129501 0.624505
v -1.943373 5.307645 0.725539
v -1.579481 5.592677 1.291719
v -1.644458 6.040091 1.216953
v -1.750473 6.239331 1.099603
v -1.987515 6.048442 0.616913
v -1.696603 6.710784 0.113361
v -1.778884 5.073350 -1.127281
v -2.070929 4.081081 -0.316923
v -2.041099 3.951613 -0.446620
v -2.085374 4.140557 0.114879
v -2.087763 3.997700 0.146895
v -2.483699 3.855413 1.098471
v -2.072378 3.986178 -0.306973
v -2.010076 4.631353 0.551268
v -2.055259 6.232783 -0.404822
v -2.011005 6.053052 0.557363
v -1.791052 6.710524 -0.004136
v -2.010076 4.631353 0.551268
v -2.085374 4.140557 0.114879
v -1.986627 4.129501 0.624505
v -1.990639 4.768745 0.601329
v -1.687272 4.432904 1.154093
v -1.996621 5.216554 0.589233
v -1.987515 6.048442 0.616913
v -1.992660 5.652698 0.599350
v -1.976816 5.650460 0.639775
v -2.011005 6.053052 0.557363
v -2.009331 5.659033 0.557363
v -2.045244 5.034592 0.607026
v -2.010076 4.631353 0.551268
v -1.990639 4.768745 0.601329
v -2.904014 1.604420 0.269942
v -2.908506 1.588651 0.073688
v -2.904944 1.660083 0.215587
v -2.908598 1.794874 0.050794
v -2.899992 1.203845 0.487183
v -2.895745 1.172743 0.673330
v -2.886640 1.444640 1.161592
v -2.904014 1.604420 0.269942
v -2.886762 1.631425 1.114285
v -2.904944 1.660083 0.215587
v -2.908506 1.588651 0.073688
v -2.908598 1.794874 0.050794
v -2.917663 0.940013 -0.387909
v -2.867070 1.599596 2.179305
v -2.868081 1.043417 2.151080
v -2.863344 1.136018 2.379182
v -2.865732 1.559850 2.266273
v -2.882505 1.203378 1.354556
v -2.876339 1.585013 1.673019
v -2.833974 0.783112 1.248098
v -2.845693 0.767486 0.659401
v -2.823827 0.796579 1.834188
v -2.866263 0.512338 2.437925
v -2.992175 0.789091 -0.294040
v -2.856545 0.767202 0.203375
v -2.925248 0.011419 -0.088046
v -2.864018 0.338229 0.153168
v -2.993226 0.785635 -0.504599
v -2.993492 0.813281 -0.937930
v -2.886660 0.384704 -0.840280
v -2.835801 0.394209 1.308349
v -2.839201 0.397989 1.138373
v -2.833974 0.783112 1.248098
v -2.845693 0.767486 0.659401
v -2.864018 0.338229 0.153168
v -2.856545 0.767202 0.203375
v -2.820662 0.398994 2.143016
v -2.823827 0.796579 1.834188
v -2.899992 1.203845 0.487183
v -2.882505 1.203378 1.354556
v -2.895745 1.172743 0.673330
v -2.868081 1.043417 2.151080
v -2.866263 0.512338 2.437925
v -2.863344 1.136018 2.379182
v -2.925248 0.011419 -0.088046
v -2.886660 0.384704 -0.840280
v -2.992175 0.789091 -0.294040
v -2.993226 0.785635 -0.504599
v -2.880392 2.030521 1.401790
v -2.876053 1.638194 1.684362
v -2.867151 1.632722 2.167858
v -2.873716 2.032214 1.789553
v -0.806850 2.787893 1.653299
v -0.969910 2.713329 1.701307
v -1.433703 2.457524 1.842745
v -0.966164 3.159905 1.728087
v -0.915887 3.200014 1.646638
v -0.428002 3.038574 1.682969
v -0.770018 2.789577 1.782829
v -1.433703 2.457524 1.842745
v -0.806850 2.787893 1.653299
v -0.806850 2.787893 1.653299
v -0.915887 3.200014 1.646638
v -0.770018 2.789577 1.782829
v -0.966164 3.159905 1.728087
v -0.966164 3.159905 1.728087
v -0.915887 3.200014 1.646638
v -0.806850 2.787893 1.653299
v -0.770018 2.789577 1.782829
v -0.983998 3.191228 1.756992
v -0.915887 3.200014 1.646638
v -0.966164 3.159905 1.728087
v 0.526432 2.913992 1.693285
v 0.550616 2.750789 1.775100
v 0.536865 2.839397 1.725186
v 0.074144 3.412958 1.472849
v 0.642962 3.223492 1.719185
v 0.754919 3.288290 1.289509
v 0.526432 2.913992 1.693285
v 0.536865 2.839397 1.725186
v 0.574249 3.322847 1.731532
v 0.074144 3.412958 1.472849
v 0.642962 3.223492 1.719185
v 0.610030 2.926440 1.854360
v 0.550616 2.750789 1.775100
v 0.599678 2.755732 1.708858
v 0.595176 2.800348 1.692541
v 0.610030 2.926440 1.854360
v 0.594258 2.824807 1.682414
v 0.754919 3.288290 1.289509
v 0.642962 3.223492 1.719185
v 0.550616 2.750789 1.775100
v 0.613143 2.356968 1.753599
v 0.583396 2.356580 1.820741
v 0.574249 3.322847 1.731532
v 0.642962 3.223492 1.719185
v 0.074144 3.412958 1.472849
v 0.583396 2.356580 1.820741
v 0.550616 2.750789 1.775100
v 0.599678 2.755732 1.708858
v 0.613143 2.356968 1.753599
v 0.583171 2.813871 1.695222
v 0.550616 2.750789 1.775100
v 0.526432 2.913992 1.693285
v 0.599678 2.755732 1.708858
v 0.595176 2.800348 1.692541
v 0.594258 2.824807 1.682414
v 0.074144 3.412958 1.472849
v 0.754919 3.288290 1.289509
v 0.198647 3.629318 1.494591
v 1.720818 6.373093 -0.372754
v 1.422096 6.441473 -0.808148
v 1.635577 6.370183 -0.730417
v 1.503152 6.425293 -0.368638
v -0.929107 2.850856 -1.579495
v -1.220958 2.985536 -1.815315
v -0.826910 3.481923 -1.650690
v -1.081918 3.278184 -1.840744
v -1.174836 2.726639 -1.972882
v -0.963377 2.693520 -1.592408
v 0.730990 2.831355 -1.643485
v 0.563612 2.817160 -1.536273
v 0.540438 2.936182 -1.526229
v 0.727948 2.804279 -1.657592
v 0.563612 2.817160 -1.536273
v 0.727948 2.804279 -1.657592
v 0.540438 2.936182 -1.526229
v 0.730990 2.831355 -1.643485
v 0.730990 2.831355 -1.643485
v 0.727948 2.804279 -1.657592
v 0.865539 2.923095 -1.486830
v 1.080142 2.358834 -1.613438
v 0.727948 2.804279 -1.657592
v 1.193691 2.358874 -1.501146
v 1.635689 3.231044 0.636015
v 1.635444 3.283632 0.577974
v 1.383580 3.225857 0.481130
v 1.383580 3.225857 0.481130
v 1.599347 3.327576 0.662585
v 1.635689 3.231044 0.636015
v 1.648480 3.156030 0.674807
v 1.285384 2.859420 0.849601
v 1.599347 3.327576 0.662585
v 1.768604 2.797399 0.571795
v 1.709272 2.736816 0.854209
v 2.147768 2.571501 1.278690
v 2.301437 2.504577 0.189719
v 2.300947 2.513789 -0.097210
v 2.264145 2.592133 -0.782552
v 2.590358 1.596717 0.081313
v 2.734196 1.601320 -0.443091
v 2.723089 1.221709 -0.126199
v 2.591552 0.948585 0.078610
v 2.531659 1.196301 -0.823324
v 2.733063 0.808734 -0.393669
v 2.621208 0.550351 -0.467525
v 2.681306 0.802582 -0.742242
v 2.595125 0.770657 0.017228
v 2.589888 0.769147 0.111674
v 2.655498 0.005789 -0.156718
v 2.595125 0.770657 0.017228
v 2.620994 0.004484 0.475579
v 2.670137 1.440030 0.691637
v 2.577536 1.622639 0.317814
v 2.552546 1.627756 1.109331
v 2.674354 0.011206 -0.494954
v 2.664390 0.000056 -1.010791
v 2.721966 0.011222 -1.489564
v 2.647607 0.691159 -1.044733
v 2.704561 0.802724 -1.273610
v 2.675977 0.806322 -0.987279
v 2.683327 0.756257 -1.778650
v 2.675977 0.806322 -0.987279
v 2.704561 0.802724 -1.273610
v 2.683327 0.756257 -1.778650
v 2.672741 0.751070 -1.554360
v 2.647607 0.691159 -1.044733
v 2.695332 1.559851 -2.856939
v 2.621708 1.565608 -2.858405
v 2.159906 1.854784 -2.869171
v 2.677477 1.923915 -2.857473
v 2.680458 2.353441 -2.601062
v 2.564449 2.353963 -2.054822
v 2.674507 2.353757 -2.056351
v 2.619197 2.353583 -2.597229
v 2.108945 2.354754 -2.049303
v 2.002256 2.353062 -2.878764
v 1.636383 0.790246 -2.798457
v 1.327035 0.794848 -2.794991
v 1.636383 0.881115 -2.798772
v 1.121323 1.105051 -2.794593
v 1.121323 1.105051 -2.794593
v 1.169385 1.260299 -2.795127
v 1.636383 0.881115 -2.798772
v 1.636383 1.217676 -2.798897
v 2.664390 0.000056 -1.010791
v 2.831463 0.350360 -2.031216
v 2.721966 0.011222 -1.489564
v 2.590358 1.596717 0.081313
v 2.529393 1.267503 -0.783851
v 2.734196 1.601320 -0.443091
v 1.969436 2.820221 -1.505461
v 2.028033 2.818647 -2.045355
v 2.303172 2.820585 -1.499994
v -0.200761 2.358328 0.032907
v 0.048950 2.358209 0.275828
v 0.577444 2.358051 0.399063
v 0.491550 2.358099 -0.037503
v -0.116367 2.358280 0.684013
v 0.471796 2.358098 0.656071
v -0.027879 2.358343 1.259242
v 0.394416 2.358154 1.174945
v -0.964490 2.358684 -0.190084
v -0.508925 2.358494 0.565144
v 0.707848 2.357901 0.685825
v 0.577444 2.358051 0.399063
v 0.471796 2.358098 0.656071
v 0.741291 2.357925 0.178994
v 0.707848 2.357901 0.685825
v 0.471796 2.358098 0.656071
v 0.394416 2.358154 1.174945
v 0.593992 2.357996 1.224911
v -0.027879 2.358343 1.259242
v 0.583396 2.356580 1.820741
v 0.394416 2.358154 1.174945
v 0.023531 2.357434 1.721373
v -0.487538 2.358517 1.439576
v -0.527974 2.357758 1.751263
v -1.019524 2.358723 1.291666
v -0.672241 2.358660 1.152438
v -1.005017 2.358470 0.734367
v -1.005017 2.358470 0.734367
v -0.672241 2.358660 1.152438
v -0.487538 2.358517 1.439576
v -1.019524 2.358723 1.291666
v -0.200761 2.358328 0.032907
v 0.053176 2.358581 -0.463786
v -0.964490 2.358684 -0.190084
v -0.732940 2.359127 -0.952613
v -1.037001 2.359055 -0.965390
v -0.964490 2.358684 -0.190084
v -0.732940 2.359127 -0.952613
v -1.132001 2.358913 -0.375352
v 1.193691 2.358874 -1.501146
v 0.727948 2.804279 -1.657592
v 1.113912 2.473016 -1.829883
v 1.019350 2.358628 -1.003543
v 1.080142 2.358834 -1.613438
v 0.727948 2.804279 -1.657592
v 1.816625 2.356628 -0.377425
v 1.199530 2.358043 0.042248
v 1.166404 2.357790 0.435300
v 2.110170 2.354682 0.242031
v 2.588245 2.354018 0.073688
v 2.551066 2.354081 0.516172
v 1.123273 2.358296 -0.483234
v 0.899441 2.358280 -0.143741
v 0.741291 2.357925 0.178994
v 2.146370 2.340907 -0.849579
v 2.683327 0.756257 -1.778650
v 2.704561 0.802724 -1.273610
v 2.831463 0.350360 -2.031216
v 2.721966 0.011222 -1.489564
v 2.681306 0.802582 -0.742242
v 2.678498 0.006809 -0.614461
v 2.621208 0.550351 -0.467525
v 2.655498 0.005789 -0.156718
v 3.005252 0.347838 -2.131108
v 2.991797 0.624915 -2.335572
v 2.692351 0.393917 -2.857033
v 2.719792 0.792689 -2.758032
v 2.689380 1.251087 -1.281790
v 2.695332 1.610034 -1.279328
v 2.685491 1.628974 -0.722793
v 2.674507 2.354137 -1.458040
v 2.680458 2.353575 -1.834251
v 2.684930 2.361720 -0.904552
v 2.615695 1.917217 -0.439478
v 2.588245 2.354018 0.073688
v 2.718801 1.629836 -0.095681
v 2.734196 1.601320 -0.443091
v 2.723089 1.221709 -0.126199
v 2.887395 1.948706 -1.697421
v 2.692892 1.551208 -2.003096
v 2.675977 0.806322 -0.987279
v 2.690473 1.150419 -1.949925
v 2.683327 0.756257 -1.778650
v 2.540285 1.240988 -1.025610
v 2.538284 1.172743 -0.980649
v 2.590358 1.596717 0.081313
v 2.591552 0.948585 0.078610
v 2.733063 0.808734 -0.393669
v 2.811076 1.093964 -2.109753
v 2.991797 0.624915 -2.335572
v 2.529393 1.267503 -0.783851
v 1.782181 1.948446 -2.872585
v 2.621708 1.565608 -2.858405
v 2.159906 1.854784 -2.869171
v 1.636383 1.217676 -2.798897
v 2.677477 1.923915 -2.857473
v 2.695332 1.559851 -2.856939
v 2.680458 2.353441 -2.601062
v 2.619197 2.353583 -2.597229
v 2.002256 2.353062 -2.878764
v 2.110170 2.354682 0.242031
v 1.816625 2.356628 -0.377425
v 2.551066 2.354081 0.516172
v 2.588245 2.354018 0.073688
v 1.121323 1.105051 -2.794593
v 1.327035 0.794848 -2.794991
v 1.636383 0.790246 -2.798457
v 1.636383 0.881115 -2.798772
v 1.636383 1.217676 -2.798897
v 1.169385 1.260299 -2.795127
v 1.778424 0.356473 -2.927150
v 1.136850 0.181068 -2.930836
v 1.094648 0.798312 -2.794698
v 0.647342 0.146218 -2.932973
v 1.636383 1.217676 -2.798897
v 2.159906 1.854784 -2.869171
v 2.621708 1.565608 -2.858405
v 1.782181 1.948446 -2.872585
v 2.274936 2.343279 -0.811646
v 2.615695 1.917217 -0.439478
v 2.588245 2.354018 0.073688
v 1.953551 2.782753 -1.452772
v 2.623566 2.353868 -1.056557
v 2.360279 2.657223 -1.346471
v 2.347743 2.820450 -1.385451
v 1.725626 2.358296 -1.476922
v 1.367052 2.791033 0.959641
v 1.387265 2.357853 0.696214
v 1.779169 2.357656 0.636706
v 1.709272 2.736816 0.854209
v 2.110170 2.354682 0.242031
v 1.166404 2.357790 0.435300
v 2.665585 0.393917 -2.857588
v 1.778424 0.356473 -2.927150
v 1.636383 0.790246 -2.798457
v 1.136850 0.181068 -2.930836
v 1.327035 0.794848 -2.794991
v 2.418600 0.774691 -2.864217
v 2.692351 0.393917 -2.857033
v 1.636383 0.881115 -2.798772
v 2.719792 0.792689 -2.758032
v 2.361299 1.151645 -2.934722
v 1.709272 2.736816 0.854209
v 2.301284 2.504577 0.801499
v 2.147768 2.571501 1.278690
v 2.301130 2.516090 1.430130
v 2.152801 2.441835 2.185976
v 1.768604 2.797399 0.571795
v 2.301437 2.504577 0.189719
v 2.300947 2.513789 -0.097210
v 2.146053 2.570845 -0.282215
v 2.153219 2.804698 -0.878349
v 2.264145 2.592133 -0.782552
v 2.296741 2.548355 1.887884
v 2.677386 0.806164 -0.904238
v 2.591552 0.948585 0.078610
v 2.733063 0.808734 -0.393669
v 2.531659 1.196301 -0.823324
v 2.721946 0.721304 -0.193635
v 2.595125 0.770657 0.017228
v 2.300947 2.513789 -0.097210
v 2.146053 2.570845 -0.282215
v 2.301437 2.504577 0.189719
v 1.768604 2.797399 0.571795
v 1.953551 2.782753 -1.452772
v 2.150984 3.058122 -0.847904
v 2.153219 2.804698 -0.878349
v 2.551066 2.354081 0.516172
v 2.577536 1.622639 0.317814
v 2.588245 2.354018 0.073688
v 2.657142 1.616653 -0.149083
v 2.588245 2.354018 0.073688
v 2.657142 1.616653 -0.149083
v 2.551066 2.354081 0.516172
v 2.577536 1.622639 0.317814
v 2.733063 0.808734 -0.393669
v 2.591552 0.948585 0.078610
v 2.590358 1.596717 0.081313
v 2.578914 0.793986 2.219867
v 2.530894 0.744158 1.176851
v 2.518082 1.060893 1.759704
v 2.523676 1.053681 1.527780
v 1.136850 0.181068 -2.930836
v 0.647342 0.146218 -2.932973
v 1.327035 0.794848 -2.794991
v 1.094648 0.798312 -2.794698
v 2.361299 1.151645 -2.934722
v 1.636383 0.790246 -2.798457
v 2.418600 0.774691 -2.864217
v 1.636383 0.881115 -2.798772
v 2.274936 2.343279 -0.811646
v 2.623566 2.353868 -1.056557
v 2.615695 1.917217 -0.439478
v 2.261654 2.934308 -0.780772
v 1.917270 2.819857 -1.379513
v 2.347743 2.820450 -1.385451
v 1.953551 2.782753 -1.452772
v 2.695332 1.559851 -2.856939
v 2.677477 1.923915 -2.857473
v 2.700008 1.546597 -2.180697
v 2.930832 1.898839 -2.378480
v 2.680458 2.353441 -2.601062
v 2.674507 2.353757 -2.056351
v 1.080142 2.358834 -1.613438
v 1.066391 2.358423 -2.048339
v 0.727948 2.804279 -1.657592
v 0.943317 2.463511 -2.042611
v 2.991797 0.624915 -2.335572
v 2.831463 0.350360 -2.031216
v 2.683327 0.756257 -1.778650
v 2.690473 1.150419 -1.949925
v 2.811076 1.093964 -2.109753
v 2.700008 1.546597 -2.180697
v 3.005252 0.347838 -2.131108
v 2.670883 1.159790 -1.520239
v 2.672741 0.751070 -1.554360
v 2.671597 0.081230 -1.510154
v 2.692892 1.551208 -2.003096
v 2.670137 1.633584 -1.508582
v 2.670576 1.289748 -1.515065
v 2.664390 0.000056 -1.010791
v 2.647607 0.691159 -1.044733
v 2.674354 0.011206 -0.494954
v 2.538284 1.172743 -0.980649
v 2.540285 1.240988 -1.025610
v 2.643401 1.794874 -0.977601
v 2.615695 1.917217 -0.439478
v 2.623566 2.353868 -1.056557
v 2.639185 2.353654 -1.715707
v 2.529393 1.267503 -0.783851
v 2.657142 1.616653 -0.149083
v 2.887395 1.948706 -1.697421
v 2.930832 1.898839 -2.378480
v 2.674507 2.353757 -2.056351
v 2.680458 2.353441 -2.601062
v 2.680458 2.353575 -1.834251
v 2.695332 1.559851 -2.856939
v 2.713534 1.128965 -2.567496
v 2.719792 0.792689 -2.758032
v 2.677477 1.923915 -2.857473
v 2.590358 1.596717 0.081313
v 2.675977 0.806322 -0.987279
v 2.531659 1.196301 -0.823324
v 2.677386 0.806164 -0.904238
v 2.718801 1.629836 -0.095681
v 1.980849 2.618300 -1.508781
v 2.040926 2.619787 -2.041134
v 1.969436 2.820221 -1.505461
v 2.028033 2.818647 -2.045355
v 2.126534 2.354556 -2.003138
v 2.639185 2.353654 -1.715707
v 2.297803 2.615754 -1.501565
v 2.623566 2.353868 -1.056557
v 2.360279 2.657223 -1.346471
v 2.559242 0.785635 0.682483
v 2.577465 1.149122 0.330025
v 2.669352 1.189587 0.686631
v 2.670137 1.440030 0.691637
v 2.589888 0.769147 0.111674
v 2.565327 1.491590 0.532196
v 2.734196 1.601320 -0.443091
v 2.529393 1.267503 -0.783851
v 2.677386 0.806164 -0.904238
v 2.531659 1.196301 -0.823324
v 2.619197 2.353583 -2.597229
v 1.604155 2.354422 -2.771311
v 2.002256 2.353062 -2.878764
v 2.689380 1.251087 -1.281790
v 2.540285 1.240988 -1.025610
v 2.734196 1.601320 -0.443091
v 2.529393 1.267503 -0.783851
v 2.110170 2.354682 0.242031
v 1.768604 2.797399 0.571795
v 1.709272 2.736816 0.854209
v 1.980849 2.618300 -1.508781
v 2.040926 2.619787 -2.041134
v 2.297803 2.615754 -1.501565
v 2.360279 2.657223 -1.346471
v 1.709272 2.736816 0.854209
v 1.770431 2.825464 0.588206
v 1.648480 3.156030 0.674807
v 1.635689 3.231044 0.636015
v 1.635444 3.283632 0.577974
v 1.768604 2.797399 0.571795
v 1.367052 2.791033 0.959641
v 1.285384 2.859420 0.849601
v 1.599347 3.327576 0.662585
v 1.383580 3.225857 0.481130
v 1.285384 2.859420 0.849601
v 1.599347 3.327576 0.662585
v 2.274936 2.343279 -0.811646
v 2.360279 2.657223 -1.346471
v 2.264145 2.592133 -0.782552
v 2.153219 2.804698 -0.878349
v 1.953551 2.782753 -1.452772
v 2.684930 2.361720 -0.904552
v 2.623566 2.353868 -1.056557
v 2.681806 2.373226 -0.198725
v 2.674507 2.354137 -1.458040
v 2.680458 2.353575 -1.834251
v 2.639185 2.353654 -1.715707
v 2.588245 2.354018 0.073688
v 2.297803 2.615754 -1.501565
v 1.980849 2.618300 -1.508781
v 2.303172 2.820585 -1.499994
v 1.969436 2.820221 -1.505461
v 2.665585 0.393917 -2.857588
v 2.692351 0.393917 -2.857033
v 2.719792 0.792689 -2.758032
v 2.418600 0.774691 -2.864217
v 2.719792 0.792689 -2.758032
v 2.418600 0.774691 -2.864217
v 2.361299 1.151645 -2.934722
v 2.713534 1.128965 -2.567496
v 2.991797 0.624915 -2.335572
v 2.621708 1.565608 -2.858405
v 2.811076 1.093964 -2.109753
v 2.347743 2.820450 -1.385451
v 2.150984 3.058122 -0.847904
v 2.261654 2.934308 -0.780772
v 1.917270 2.819857 -1.379513
v 2.150984 3.058122 -0.847904
v 1.917270 2.819857 -1.379513
v 2.261654 2.934308 -0.780772
v 2.538284 1.172743 -0.980649
v 2.531659 1.196301 -0.823324
v 2.677386 0.806164 -0.904238
v 2.675977 0.806322 -0.987279
v 2.734196 1.601320 -0.443091
v 2.529393 1.267503 -0.783851
v 2.681306 0.802582 -0.742242
v 2.677386 0.806164 -0.904238
v 2.721946 0.721304 -0.193635
v 2.531659 1.196301 -0.823324
v 2.595125 0.770657 0.017228
v 2.126442 2.431049 2.527187
v 2.152801 2.441835 2.185976
v 2.296741 2.548355 1.887884
v 2.179241 2.429918 2.475314
v 1.980849 2.618300 -1.508781
v 1.953551 2.782753 -1.452772
v 2.360279 2.657223 -1.346471
v 2.588245 2.354018 0.073688
v 2.684930 2.361720 -0.904552
v 2.681806 2.373226 -0.198725
v 1.548641 2.787703 0.509428
v 1.367052 2.791033 0.959641
v 1.285384 2.859420 0.849601
v 2.264145 2.592133 -0.782552
v 2.146370 2.340907 -0.849579
v 2.153219 2.804698 -0.878349
v 2.261654 2.934308 -0.780772
v 2.150984 3.058122 -0.847904
v 1.725626 2.358296 -1.476922
v 1.953551 2.782753 -1.452772
v 2.274936 2.343279 -0.811646
v 2.704561 0.802724 -1.273610
v 2.647607 0.691159 -1.044733
v 2.681306 0.802582 -0.742242
v 2.621208 0.550351 -0.467525
v 2.531659 1.196301 -0.823324
v 2.595125 0.770657 0.017228
v 2.655498 0.005789 -0.156718
v 2.620994 0.004484 0.475579
v 2.589888 0.769147 0.111674
v 2.535661 0.385281 1.136414
v 2.559242 0.785635 0.682483
v 2.527494 0.393917 1.268772
v 2.530894 0.744158 1.176851
v 2.496031 0.000174 2.226800
v 2.591552 0.948585 0.078610
v 2.578914 0.793986 2.219867
v 2.523676 1.053681 1.527780
v 2.518082 1.060893 1.759704
v 2.669352 1.189587 0.686631
v 2.577465 1.149122 0.330025
v 2.565327 1.491590 0.532196
v 2.670137 1.440030 0.691637
v 2.552546 1.627756 1.109331
v 2.577536 1.622639 0.317814
v 2.733063 0.808734 -0.393669
v 2.590358 1.596717 0.081313
v 2.723089 1.221709 -0.126199
v 2.153219 2.804698 -0.878349
v 2.274936 2.343279 -0.811646
v 2.264145 2.592133 -0.782552
v 2.150984 3.058122 -0.847904
v 2.261654 2.934308 -0.780772
v 2.146370 2.340907 -0.849579
v 1.570671 2.716801 -0.730837
v 1.123273 2.358296 -0.483234
v 1.626460 3.036233 -0.905872
v 1.494597 2.806042 -1.010937
v 2.179241 2.429918 2.475314
v 2.152801 2.441835 2.185976
v 2.126442 2.431049 2.527187
v 2.296741 2.548355 1.887884
v 2.297803 2.615754 -1.501565
v 2.303172 2.820585 -1.499994
v 2.360279 2.657223 -1.346471
v 2.347743 2.820450 -1.385451
v 1.570671 2.716801 -0.730837
v 1.591639 2.817943 -0.429026
v 1.451670 2.859998 -0.389783
v 1.953551 2.782753 -1.452772
v 1.917270 2.819857 -1.379513
v 2.150984 3.058122 -0.847904
v 2.695332 1.559851 -2.856939
v 2.713534 1.128965 -2.567496
v 2.621708 1.565608 -2.858405
v 2.621708 1.565608 -2.858405
v 2.361299 1.151645 -2.934722
v 2.695332 1.559851 -2.856939
v 2.713534 1.128965 -2.567496
v 2.670137 1.440030 0.691637
v 2.565327 1.491590 0.532196
v 2.577536 1.622639 0.317814
v 2.108945 2.354754 -2.049303
v 2.126534 2.354556 -2.003138
v 2.040926 2.619787 -2.041134
v 2.674354 0.011206 -0.494954
v 2.721966 0.011222 -1.489564
v 2.678498 0.006809 -0.614461
v 2.655498 0.005789 -0.156718
v 2.621208 0.550351 -0.467525
v 2.647607 0.691159 -1.044733
v 1.080142 2.358834 -1.613438
v 1.066391 2.358423 -2.048339
v 1.193691 2.358874 -1.501146
v 1.019350 2.358628 -1.003543
v 1.166404 2.358660 -0.974543
v 1.026976 2.358328 -0.433456
v 1.123273 2.358296 -0.483234
v 1.199530 2.358043 0.042248
v 0.899441 2.358280 -0.143741
v 1.166404 2.357790 0.435300
v 0.741291 2.357925 0.178994
v 0.577444 2.358051 0.399063
v 0.491550 2.358099 -0.037503
v 0.048950 2.358209 0.275828
v 0.471796 2.358098 0.656071
v -0.116367 2.358280 0.684013
v 0.394416 2.358154 1.174945
v -0.027879 2.358343 1.259242
v 0.023531 2.357434 1.721373
v 0.583396 2.356580 1.820741
v -0.527974 2.357758 1.751263
v -0.487538 2.358517 1.439576
v 0.593992 2.357996 1.224911
v 0.707848 2.357901 0.685825
v -0.200761 2.358328 0.032907
v -0.508925 2.358494 0.565144
v -0.964490 2.358684 -0.190084
v -0.732940 2.359127 -0.952613
v 0.053176 2.358581 -0.463786
v -1.132001 2.358913 -0.375352
v -1.037001 2.359055 -0.965390
v 0.127913 2.358573 -0.607496
v 1.725626 2.358296 -1.476922
v 2.126534 2.354556 -2.003138
v 2.623566 2.353868 -1.056557
v 2.639185 2.353654 -1.715707
v 2.108945 2.354754 -2.049303
v 2.564449 2.353963 -2.054822
v 2.680458 2.353575 -1.834251
v 2.674507 2.353757 -2.056351
v 2.619197 2.353583 -2.597229
v 2.680458 2.353441 -2.601062
v 2.002256 2.353062 -2.878764
v 1.604155 2.354422 -2.771311
v 1.128387 2.357877 -2.155049
v 0.943317 2.355070 -2.607933
v 2.146370 2.340907 -0.849579
v 1.816625 2.356628 -0.377425
v 0.943317 2.463511 -2.042611
v 0.978128 2.456932 -1.495857
v 0.727948 2.804279 -1.657592
v 1.917270 2.819857 -1.379513
v 1.623234 2.988770 -0.972522
v 2.150984 3.058122 -0.847904
v 1.570671 2.716801 -0.730837
v 1.451670 2.859998 -0.389783
v 1.626460 3.036233 -0.905872
v 1.494597 2.806042 -1.010937
v 1.953551 2.782753 -1.452772
v 1.725626 2.358296 -1.476922
v 1.166404 2.358660 -0.974543
v 1.980849 2.618300 -1.508781
v 2.126534 2.354556 -2.003138
v 1.123273 2.358296 -0.483234
v 1.969436 2.820221 -1.505461
v 2.303172 2.820585 -1.499994
v 1.969436 2.820221 -1.505461
v 2.347743 2.820450 -1.385451
v 1.917270 2.819857 -1.379513
v 1.548641 2.787703 0.509428
v 1.549335 2.825361 0.509229
v 1.768604 2.797399 0.571795
v 2.110170 2.354682 0.242031
v 1.166404 2.357790 0.435300
v 1.367052 2.791033 0.959641
v 1.770431 2.825464 0.588206
v 1.383580 3.225857 0.481130
v 1.635444 3.283632 0.577974
v 1.548641 2.787703 0.509428
v 1.285384 2.859420 0.849601
v 1.549335 2.825361 0.509229
v 1.383580 3.225857 0.481130
v 2.525779 2.354413 1.153957
v 1.779169 2.357656 0.636706
v 2.118265 2.354366 1.258477
v -1.003792 2.354643 2.524851
v -0.498420 2.354587 2.796301
v -0.522768 2.355892 2.238718
v -1.028814 2.373218 2.980384
v 2.147768 2.571501 1.278690
v 2.118265 2.354366 1.258477
v 2.481158 2.353954 1.625818
v 2.301130 2.516090 1.430130
v 2.152801 2.441835 2.185976
v 2.297711 2.353401 2.109932
v 2.296741 2.548355 1.887884
v 2.152801 2.441835 2.185976
v 2.082566 2.353599 2.144210
v 2.297711 2.353401 2.109932
v 0.144736 2.354160 2.809277
v 0.660960 2.354461 2.315527
v 0.813179 2.353788 2.811759
v -0.321241 2.354461 2.796500
v 0.379032 2.355101 2.262607
v -0.069428 2.354492 2.447183
v -0.522768 2.355892 2.238718
v -0.498420 2.354587 2.796301
v 0.023531 2.357434 1.721373
v 0.583396 2.356580 1.820741
v -0.527974 2.357758 1.751263
v -1.003792 2.354643 2.524851
v -1.019238 2.356596 2.148975
v -2.003685 2.356446 2.242154
v -1.506980 2.357205 1.984005
v -1.549825 2.358739 1.194016
v -1.019524 2.358723 1.291666
v -1.005017 2.358470 0.734367
v -1.500661 2.358502 0.683625
v -2.014884 2.357118 1.692185
v -2.145390 2.357869 0.673519
v 0.394416 2.358154 1.174945
v 0.613143 2.356968 1.753599
v 0.593992 2.357996 1.224911
v 1.170865 2.355971 1.634594
v 1.147253 2.355394 1.765234
v 1.387265 2.357853 0.696214
v 1.779169 2.357656 0.636706
v 2.118265 2.354366 1.258477
v 0.707848 2.357901 0.685825
v 0.741291 2.357925 0.178994
v 1.166404 2.357790 0.435300
v 2.366639 2.353591 2.769794
v 2.150055 2.353788 2.748429
v 1.683240 2.353512 2.901010
v 2.172554 2.353385 2.904068
v 2.481158 2.353954 1.625818
v 1.123273 2.353820 2.769794
v 2.525779 2.354413 1.153957
v -1.544905 2.368133 2.966466
v -1.028814 2.373218 2.980384
v -0.672241 2.358660 1.152438
v -0.116367 2.358280 0.684013
v -0.487538 2.358517 1.439576
v -0.027879 2.358343 1.259242
v 0.048950 2.358209 0.275828
v -0.508925 2.358494 0.565144
v -1.005017 2.358470 0.734367
v -1.023240 2.358526 0.191174
v -0.964490 2.358684 -0.190084
v -1.132001 2.358913 -0.375352
v 0.512743 2.356169 -2.503412
v 1.066391 2.358423 -2.048339
v 0.510517 2.358977 -1.553354
v 1.080142 2.358834 -1.613438
v 0.586550 2.359032 -1.370873
v 1.019350 2.358628 -1.003543
v -1.037001 2.359055 -0.965390
v -1.052610 2.358960 -1.084405
v -0.448031 2.359324 -1.474629
v -0.732940 2.359127 -0.952613
v 0.049971 2.358723 -1.033391
v 0.053176 2.358581 -0.463786
v -0.064405 2.359024 -1.665478
v -0.588949 2.358842 -2.031740
v -1.008744 2.358818 -2.014773
v -1.562229 2.358779 0.095388
v -1.037001 2.359055 -0.965390
v -1.132001 2.358913 -0.375352
v -1.945629 2.358842 -0.434367
v 2.274936 2.343279 -0.811646
v 2.623566 2.353868 -1.056557
v 2.674507 2.354137 -1.458040
v 2.274936 2.343279 -0.811646
v 2.674507 2.354137 -1.458040
v 2.684930 2.361720 -0.904552
v 2.623566 2.353868 -1.056557
v 2.639185 2.353654 -1.715707
v 2.674507 2.354137 -1.458040
v 2.680458 2.353575 -1.834251
v 2.685144 2.204796 0.527274
v 2.551066 2.354081 0.516172
v 2.525779 2.354413 1.153957
v 2.525779 2.354413 1.153957
v 2.551066 2.354081 0.516172
v 2.692545 2.355133 0.823461
v 2.481158 2.353954 1.625818
v 2.683919 2.378382 1.659007
v 2.551066 2.354081 0.516172
v 2.681806 2.373226 -0.198725
v 2.685144 2.204796 0.527274
v 2.692545 2.355133 0.823461
v 2.685144 2.204796 0.527274
v 2.525779 2.354413 1.153957
v 2.692545 2.355133 0.823461
v 2.683919 2.378382 1.659007
v 2.481158 2.353954 1.625818
v 2.588245 2.354018 0.073688
v 2.681806 2.373226 -0.198725
v 2.551066 2.354081 0.516172
v 2.588245 2.354018 0.073688
v 2.274936 2.343279 -0.811646
v 2.684930 2.361720 -0.904552
v 1.779169 2.357656 0.636706
v 2.110170 2.354682 0.242031
v 2.525779 2.354413 1.153957
v 2.551066 2.354081 0.516172
v 2.146370 2.340907 -0.849579
v 2.274936 2.343279 -0.811646
v 2.588245 2.354018 0.073688
v 1.816625 2.356628 -0.377425
v 2.146370 2.340907 -0.849579
v 1.725626 2.358296 -1.476922
v 2.623566 2.353868 -1.056557
v 2.274936 2.343279 -0.811646
v 2.481158 2.353954 1.625818
v 2.118265 2.354366 1.258477
v 2.525779 2.354413 1.153957
v -1.019238 2.356596 2.148975
v -0.487538 2.358517 1.439576
v -0.527974 2.357758 1.751263
v -1.019524 2.358723 1.291666
v -1.493964 2.359111 -1.229739
v -1.945629 2.358842 -0.434367
v -2.119368 2.358241 -1.062757
v -2.015068 2.358668 -0.546554
v 1.166404 2.357790 0.435300
v 1.199530 2.358043 0.042248
v 2.110170 2.354682 0.242031
v 1.816625 2.356628 -0.377425
v 1.105837 3.044370 1.104409
v 0.594258 2.824807 1.682414
v 0.754919 3.288290 1.289509
v 0.769517 3.223801 1.161906
v 1.105837 3.044370 1.104409
v 0.754919 3.288290 1.289509
v -0.605222 6.469672 1.652902
v -1.373861 6.476955 1.179899
v -1.235771 6.232783 1.580774
v 0.586367 6.438626 1.674267
v 0.821540 6.361816 1.729543
v 0.089620 6.297295 2.020252
v -0.432065 6.641471 1.197756
v -0.387923 6.271982 1.988477
v -0.264360 6.461408 1.703434
v 1.503152 6.425293 -0.368638
v 1.500385 6.435178 0.110648
v 1.746533 6.285734 0.143617
v 1.388398 6.373156 1.168012
v 1.645305 6.283370 0.635565
v 1.720818 6.373093 -0.372754
v 0.886936 6.362069 1.688772
v 0.586367 6.438626 1.674267
v 0.821540 6.361816 1.729543
v 1.917270 2.819857 -1.379513
v 2.303172 2.820585 -1.499994
v 2.347743 2.820450 -1.385451
v 1.969436 2.820221 -1.505461
v 2.571493 0.793701 2.353251
v 2.518082 1.060893 1.759704
v 2.491897 1.057327 2.250982
v 2.578914 0.793986 2.219867
v 2.518082 1.060893 1.759704
v 2.578914 0.793986 2.219867
v 2.491897 1.057327 2.250982
v 2.571493 0.793701 2.353251
v 2.491897 1.057327 2.250982
v 2.544654 1.417888 1.716221
v 2.531547 1.424008 2.262084
v 2.518082 1.060893 1.759704
v 2.464538 1.352466 2.783775
v 2.456024 0.831722 2.785304
v 2.463966 1.611402 2.800217
v 2.569574 1.431402 1.583601
v 2.523676 1.053681 1.527780
v 2.670137 1.440030 0.691637
v 2.669352 1.189587 0.686631
v 2.480964 0.491484 2.775082
v 2.507189 1.628452 2.250260
v 2.499012 1.627558 2.180834
v 2.531730 1.627653 1.560592
v 2.552546 1.627756 1.109331
v 2.571493 0.793701 2.353251
v 2.507189 1.628452 2.250260
v 2.544654 1.417888 1.716221
v 2.531547 1.424008 2.262084
v 2.499012 1.627558 2.180834
v 2.569574 1.431402 1.583601
v 2.531730 1.627653 1.560592
v 2.507189 1.628452 2.250260
v 2.464538 1.352466 2.783775
v 2.463966 1.611402 2.800217
v 2.531547 1.424008 2.262084
v -1.987515 6.048442 0.616913
v -2.011005 6.053052 0.557363
v -1.696603 6.710784 0.113361
v -1.352505 5.073595 -1.569168
v -1.778884 5.073350 -1.127281
v -1.439614 5.073255 -1.495208
v -0.404604 6.697602 -0.957670
v -0.300008 7.000000 -0.217334
v -0.305684 6.849679 -0.465942
v 0.682714 6.446921 -1.501041
v 0.600352 6.232783 -1.699117
v 0.717270 6.566268 -0.971086
v -1.198632 6.410980 -1.729855
v -1.550254 6.297288 -1.584375
v -1.662690 6.299605 -1.486850
v -1.198632 6.410980 -1.729855
v -1.437919 6.244265 -1.492736
v -0.995238 6.483970 -1.469035
v -1.198632 6.410980 -1.729855
v -0.991154 6.464888 -1.540357
v -0.995238 6.483970 -1.469035
v 1.118026 6.368775 -1.524176
v 0.600352 6.232783 -1.699117
v 1.527816 6.373077 -0.966227
v -2.013781 5.039203 0.685867
v -2.045244 5.034592 0.607026
v -1.945466 5.233026 0.720396
v -1.996621 5.216554 0.589233
v -2.045244 5.034592 0.607026
v -1.945466 5.233026 0.720396
v -2.566940 2.810565 1.097707
v -2.560672 3.038985 1.097487
v -2.533946 3.389392 1.107143
v -1.699645 3.217039 0.618557
v -2.010688 3.116340 0.628852
v -2.414751 2.850207 1.030365
v -2.000960 2.831553 0.947807
v -2.415558 2.610566 1.024270
v -2.560672 3.038985 1.097487
v -2.566940 2.810565 1.097707
v -2.533946 3.389392 1.107143
v -2.477973 3.564260 1.101100
v -2.483699 3.855413 1.098471
v -2.530965 3.822295 1.100545
v -2.533946 3.389392 1.107143
v -2.530965 3.822295 1.100545
v -2.477973 3.564260 1.101100
v -2.483699 3.855413 1.098471
v -2.414751 2.850207 1.030365
v -2.566940 2.810565 1.097707
v -2.560672 3.038985 1.097487
v -2.415558 2.610566 1.024270
v -2.477973 3.564260 1.101100
v -2.533946 3.389392 1.107143
v -2.085374 4.140557 0.114879
v -2.002838 3.997700 0.561479
v -1.986627 4.129501 0.624505
v -2.087763 3.997700 0.146895
v -1.008744 2.358818 -2.014773
v -0.588949 2.358842 -2.031740
v -0.963377 2.693520 -1.592408
v -1.174836 2.726639 -1.972882
v -1.128724 3.947011 -1.668316
v -1.500528 3.935979 -1.534743
v -1.750402 4.017430 -1.105916
v -1.128724 3.947011 -1.668316
v -1.750402 4.017430 -1.105916
v -1.406600 4.002089 -1.473958
v -1.891851 2.535750 -1.505891
v -2.119368 2.358241 -1.062757
v -2.013526 2.633998 -1.313407
v -1.968711 2.774703 -1.301238
v -1.836398 2.819153 -1.442037
v -1.816073 2.821115 -0.865551
v -1.834826 2.710791 -0.940370
v -1.968711 2.774703 -1.301238
v -1.816073 2.821115 -0.865551
v 2.643401 1.794874 -0.977601
v 2.540285 1.240988 -1.025610
v 2.695332 1.610034 -1.279328
v 2.689380 1.251087 -1.281790
v 2.689380 1.251087 -1.281790
v 2.643401 1.794874 -0.977601
v 2.695332 1.610034 -1.279328
v 2.540285 1.240988 -1.025610
v 2.695332 1.610034 -1.279328
v 2.615695 1.917217 -0.439478
v 2.685491 1.628974 -0.722793
v 2.643401 1.794874 -0.977601
v 2.685491 1.628974 -0.722793
v 2.643401 1.794874 -0.977601
v 2.695332 1.610034 -1.279328
v 2.615695 1.917217 -0.439478
v 2.540285 1.240988 -1.025610
v 2.538284 1.172743 -0.980649
v 2.689380 1.251087 -1.281790
v 2.675977 0.806322 -0.987279
v 2.590358 1.596717 0.081313
v 2.591552 0.948585 0.078610
v 2.577465 1.149122 0.330025
v 2.589888 0.769147 0.111674
v 2.595125 0.770657 0.017228
v 2.565327 1.491590 0.532196
v 2.577536 1.622639 0.317814
v 2.657142 1.616653 -0.149083
v 2.615695 1.917217 -0.439478
v 2.657142 1.616653 -0.149083
v 2.588245 2.354018 0.073688
v 2.615695 1.917217 -0.439478
v 2.685491 1.628974 -0.722793
v 2.657142 1.616653 -0.149083
v 2.529393 1.267503 -0.783851
v 2.531659 1.196301 -0.823324
v 2.591552 0.948585 0.078610
v 2.590358 1.596717 0.081313
v 2.540285 1.240988 -1.025610
v 2.531659 1.196301 -0.823324
v 2.529393 1.267503 -0.783851
v 2.538284 1.172743 -0.980649
v 2.704561 0.802724 -1.273610
v 2.681306 0.802582 -0.742242
v 2.675977 0.806322 -0.987279
v 2.677386 0.806164 -0.904238
v 2.551066 2.354081 0.516172
v 2.552546 1.627756 1.109331
v 2.525779 2.354413 1.153957
v 2.577536 1.622639 0.317814
v -2.586560 2.371265 2.974258
v -2.709440 2.353820 2.290685
v -2.034964 2.364401 2.956412
v -2.206743 2.356161 2.339511
v -2.873716 2.032214 1.789553
v -2.031238 2.356801 1.817683
v -2.206743 2.356161 2.339511
v -2.709440 2.353820 2.290685
v -2.865753 1.612272 2.267330
v -2.865732 1.559850 2.266273
v -2.580047 1.640495 2.951301
v -2.762229 1.237255 2.822546
v -2.866263 0.512338 2.437925
v -2.577822 0.800035 2.936188
v -2.760636 1.080576 2.827772
v -2.863344 1.136018 2.379182
v -1.633208 1.339188 2.932230
v -1.379813 1.008654 2.897365
v -1.165648 1.566264 3.027544
v -1.763530 1.027688 2.873612
v 1.214772 4.013833 -1.159004
v 0.878595 4.009222 -1.505136
v 1.098017 3.987349 -1.300180
v 1.381997 3.223484 0.004734
v 1.451670 2.859998 -0.389783
v 1.383580 3.225857 0.481130
v 1.623234 2.988770 -0.972522
v 1.583952 3.224157 -0.847202
v 1.495741 3.234231 -0.971715
v 1.626460 3.036233 -0.905872
v 2.150984 3.058122 -0.847904
v 1.683240 2.353512 2.901010
v 0.813179 2.353788 2.811759
v 1.142608 2.353543 2.902539
v 2.700008 1.546597 -2.180697
v 2.811076 1.093964 -2.109753
v 2.692892 1.551208 -2.003096
v 2.690473 1.150419 -1.949925
v 0.430207 1.180517 -2.795609
v 0.590082 0.798312 -2.795347
v 0.958191 1.174182 -2.794886
v 0.952239 1.232653 -2.794760
v 0.569267 1.473441 -2.794844
v 1.094648 0.798312 -2.794698
v 1.094648 0.798312 -2.794698
v 0.590082 0.798312 -2.795347
v 0.430207 1.180517 -2.795609
v 0.958191 1.174182 -2.794886
v 0.569267 1.473441 -2.794844
v 0.952239 1.232653 -2.794760
v 0.383911 0.340926 -2.934837
v 0.647342 0.146218 -2.932973
v -0.289452 0.397373 -2.939707
v 0.016089 0.676902 -2.937350
v 0.383911 0.340926 -2.934837
v 0.590082 0.798312 -2.795347
v 0.016089 0.676902 -2.937350
v -0.289452 0.397373 -2.939707
v 0.569267 1.473441 -2.794844
v 0.952239 1.232653 -2.794760
v 1.064901 1.753690 -2.876460
v 0.179037 1.944468 -2.935706
v 0.952239 1.232653 -2.794760
v 0.958191 1.174182 -2.794886
v 1.121323 1.105051 -2.794593
v 1.169385 1.260299 -2.795127
v 1.094648 0.798312 -2.794698
v 1.327035 0.794848 -2.794991
v 1.625838 1.853922 -2.874156
v 1.636383 1.217676 -2.798897
v 1.782181 1.948446 -2.872585
v 1.169385 1.260299 -2.795127
v -0.967471 0.980620 2.931894
v -0.966348 0.762330 2.955940
v -0.939673 1.354340 2.911954
v 1.683240 2.353512 2.901010
v 1.118812 1.850181 2.899083
v 1.142608 2.353543 2.902539
v 1.771166 1.621627 2.899512
v 2.683919 2.378382 1.659007
v 2.481158 2.353954 1.625818
v 2.297711 2.353401 2.109932
v 2.676059 2.368553 1.754300
v -2.536917 2.601773 1.170745
v -2.566940 2.810565 1.097707
v -2.503453 2.600950 1.174903
v -2.415558 2.610566 1.024270
v -2.566940 2.810565 1.097707
v -2.503453 2.600950 1.174903
v 1.123273 2.353820 2.769794
v 1.574662 2.431001 2.580599
v 1.390123 2.437628 2.770809
v 1.142608 2.353543 2.902539
v 1.657770 3.948964 -0.009341
v 1.321083 3.673919 0.418303
v 1.698635 3.928577 0.124106
v 1.624490 3.967745 -0.209061
v -1.210413 3.628092 1.561074
v -0.835199 3.897467 1.891654
v -0.939091 3.656213 1.681115
v -0.999066 3.631303 1.723102
v -0.835199 3.897467 1.891654
v -1.210413 3.628092 1.561074
v -0.962080 3.235038 1.721677
v -0.906434 3.318822 1.631159
v -0.995830 3.243934 1.776922
v 1.615486 5.073721 0.171905
v 1.634668 5.070107 -0.019385
v 1.637731 5.048139 0.130400
v 1.599347 3.327576 0.662585
v 1.321083 3.673919 0.418303
v 1.472557 3.644486 0.767200
v 1.383580 3.225857 0.481130
v 1.636383 0.881115 -2.798772
v 2.361299 1.151645 -2.934722
v 1.636383 1.217676 -2.798897
v 2.621708 1.565608 -2.858405
v 2.361299 1.151645 -2.934722
v 2.418600 0.774691 -2.864217
v 2.713534 1.128965 -2.567496
v 2.719792 0.792689 -2.758032
v -2.916214 1.852483 -0.460351
v -2.955169 1.210685 -0.547706
v -2.908506 1.588651 0.073688
v -2.908598 1.794874 0.050794
v -2.955261 1.210582 -1.066098
v -2.994676 1.158770 -1.917501
v -2.993768 0.813281 -1.105770
v -2.994431 1.582531 -1.951255
v -2.994748 0.788514 -1.507053
v -2.994431 0.733791 -1.073534
v 2.831463 0.350360 -2.031216
v 2.671597 0.081230 -1.510154
v 2.664390 0.000056 -1.010791
v 2.677386 0.806164 -0.904238
v 2.531659 1.196301 -0.823324
v 2.733063 0.808734 -0.393669
v -2.866263 0.512338 2.437925
v -2.820662 0.398994 2.143016
v -2.886823 0.398725 2.702756
v -2.823827 0.796579 1.834188
v -2.994431 0.733791 -1.073534
v -2.889682 0.384704 -0.974544
v -2.993226 0.785635 -0.504599
v -2.886660 0.384704 -0.840280
v -2.873124 1.158967 -2.205424
v -2.846898 1.202121 -2.590820
v -2.872654 1.592969 -2.192909
v -2.867386 1.571800 -2.573602
v -2.867499 1.664117 -2.572838
v -2.914182 0.701242 -2.560249
v -2.909701 0.721115 -2.584274
v -2.939060 1.753816 -2.034924
v -2.063772 2.356027 -2.580944
v -1.599929 1.677473 -2.937288
v -1.535401 2.356209 -2.592527
v -2.008504 1.676975 -2.938062
v 1.604155 2.354422 -2.771311
v 0.589337 2.355070 -2.750596
v 0.943317 2.355070 -2.607933
v 0.540438 2.936182 -1.526229
v 0.036587 3.327750 -1.342187
v 0.589970 3.418905 -1.509242
v 0.416456 3.005163 -1.480441
v 0.584223 3.461916 -1.495533
v 0.416456 3.005163 -1.480441
v 0.589970 3.418905 -1.509242
v 0.584223 3.461916 -1.495533
v 0.036587 3.327750 -1.342187
v 0.540438 2.936182 -1.526229
v -0.427961 3.217657 -1.332290
v -0.574300 3.160119 -1.392332
v 0.036587 3.327750 -1.342187
v -0.574300 3.160119 -1.392332
v -0.456106 3.252285 -1.332479
v 0.036587 3.327750 -1.342187
v -0.929107 2.850856 -1.579495
v -0.456106 3.252285 -1.332479
v -0.574300 3.160119 -1.392332
v -0.826910 3.481923 -1.650690
v -0.929107 2.850856 -1.579495
v -0.456106 3.252285 -1.332479
v 0.828768 3.236224 -1.396929
v 0.865539 2.923095 -1.486830
v 0.622443 3.236382 -1.566561
v 0.730990 2.831355 -1.643485
v 0.090529 3.510913 0.664638
v 0.629365 3.548120 0.364482
v 0.769517 3.223801 1.161906
v -1.816073 2.821115 -0.865551
v -1.697757 3.217728 -0.305821
v -1.674788 3.347915 -0.209784
v -1.641579 3.455234 -0.939291
v -1.220958 2.985536 -1.815315
v -1.081918 3.278184 -1.840744
v -1.481785 3.387582 -1.137189
v -1.481785 3.387582 -1.137189
v -1.220958 2.985536 -1.815315
v -1.074752 3.196985 -1.494978
v -0.122696 2.007012 -2.883540
v -0.435393 1.310704 -2.940136
v -0.947013 1.677347 -2.936617
v -0.435393 1.310704 -2.940136
v -0.904811 1.563591 -2.780496
v -0.947013 1.677347 -2.936617
v -0.542613 0.319029 -2.940492
v 0.016089 0.676902 -2.937350
v -0.949248 0.794706 -2.780371
v -0.289452 0.397373 -2.939707
v -1.477232 0.626647 -2.952306
v -0.445428 1.196356 -2.940367
v 0.016089 0.676902 -2.937350
v 0.590082 0.798312 -2.795347
v 0.430207 1.180517 -2.795609
v -2.241115 0.376243 -2.945718
v -2.909701 0.721115 -2.584274
v -2.026440 0.547536 -2.942838
v -2.886425 0.394589 -2.953521
v -2.010423 1.064444 -2.950829
v -2.867386 1.571800 -2.573602
v -2.012413 1.600173 -2.949300
v -2.846898 1.202121 -2.590820
v -1.046668 0.393055 -2.942042
v -1.848026 0.368643 -2.943498
v -0.542613 0.319029 -2.940492
vt 0.995939 0.367541
vt 0.991426 0.348624
vt 0.992153 0.334991
vt 0.995939 0.335453
vt 0.097924 0.876582
vt 0.083484 0.850894
vt 0.093186 0.834087
vt 0.097924 0.840100
vt 0.201715 0.880199
vt 0.259477 0.880199
vt 0.258545 0.872615
vt 0.228143 0.872061
vt 0.461701 0.995931
vt 0.423736 0.997740
vt 0.477888 0.997740
vt 0.819043 0.756329
vt 0.878610 0.756329
vt 0.850124 0.750000
vt 0.208032 0.663201
vt 0.249549 0.663201
vt 0.243294 0.656872
vt 0.239621 0.532350
vt 0.251354 0.519439
vt 0.251354 0.561935
vt 0.943085 0.369124
vt 0.941787 0.362156
vt 0.970668 0.395570
vt 0.970668 0.351266
vt 0.736913 0.983273
vt 0.775722 0.983273
vt 0.774958 0.975903
vt 0.753728 0.957052
vt 0.608755 0.608951
vt 0.585767 0.592676
vt 0.578971 0.608951
vt 0.925542 0.309258
vt 0.907738 0.330470
vt 0.899368 0.292838
vt 0.925542 0.273508
vt 0.319946 0.995027
vt 0.290108 0.974231
vt 0.275722 0.995027
vt 0.656588 0.081826
vt 0.641246 0.048373
vt 0.627708 0.081826
vt 0.057310 0.632695
vt 0.023014 0.634268
vt 0.032590 0.634268
vt 0.024853 0.629747
vt 0.523014 0.924856
vt 0.518502 0.932606
vt 0.521445 0.900090
vt 0.523014 0.934448
vt 0.445632 0.993219
vt 0.481498 0.993219
vt 0.474157 0.976786
vt 0.439982 0.966998
vt 0.991426 0.211482
vt 0.991426 0.247288
vt 0.961614 0.228434
vt 0.959838 0.211121
vt 0.901173 0.165009
vt 0.865975 0.185036
vt 0.869266 0.174421
vt 0.898201 0.200965
vt 0.901173 0.232821
vt 0.128610 0.621609
vt 0.178249 0.621609
vt 0.160756 0.572785
vt 0.133737 0.589818
vt 0.234206 0.986890
vt 0.211000 0.982369
vt 0.173736 0.986890
vt 0.713992 0.615280
vt 0.688177 0.670434
vt 0.733303 0.670434
vt 0.049188 0.100814
vt 0.021577 0.090868
vt 0.002256 0.100814
vt 0.121390 0.512206
vt 0.169224 0.512206
vt 0.153755 0.506781
vt 0.098827 0.880199
vt 0.053568 0.879295
vt 0.050993 0.880199
vt 0.960740 0.832278
vt 0.936372 0.814379
vt 0.960740 0.778029
vt 0.800090 0.849458
vt 0.800090 0.896474
vt 0.796480 0.870781
vt 0.347022 0.990506
vt 0.405686 0.990506
vt 0.389373 0.981465
vt 0.652978 0.883816
vt 0.652978 0.897378
vt 0.652076 0.889460
vt 0.580794 0.875678
vt 0.560921 0.877486
vt 0.588899 0.877486
vt 0.987816 0.778659
vt 0.995939 0.759946
vt 0.995939 0.796112
vt 0.999549 0.289783
vt 0.999549 0.320524
vt 0.991426 0.300456
vt 0.997744 0.168626
vt 0.997744 0.207505
vt 0.990523 0.196183
vt 0.012184 0.486890
vt 0.012184 0.523960
vt 0.007671 0.494449
vt 0.214350 0.138788
vt 0.214350 0.186709
vt 0.198105 0.180384
vt 0.554603 0.551989
vt 0.532040 0.531422
vt 0.554603 0.515823
vt 0.341606 0.933544
vt 0.324458 0.916783
vt 0.341606 0.886528
vt 0.974278 0.605335
vt 0.974278 0.655063
vt 0.955325 0.623637
vt 0.992329 0.999548
vt 0.986913 0.967243
vt 0.992329 0.962477
vt 0.422834 0.042948
vt 0.384928 0.012094
vt 0.422834 0.006781
vt 0.272357 0.223779
vt 0.249549 0.244575
vt 0.297383 0.244575
vt 0.141245 0.950723
vt 0.108135 0.935353
vt 0.078069 0.950723
vt 0.536276 0.635844
vt 0.536791 0.604844
vt 0.528278 0.605798
vt 0.572739 0.610234
vt 0.567047 0.605474
vt 0.569352 0.639991
vt 0.598004 0.646926
vt 0.600632 0.620194
vt 0.540606 0.579925
vt 0.503829 0.607608
vt 0.513077 0.577232
vt 0.508366 0.571757
vt 0.509463 0.543852
vt 0.539539 0.549252
vt 0.570198 0.559862
vt 0.503772 0.629952
vt 0.472097 0.646926
vt 0.456898 0.644447
vt 0.448187 0.592140
vt 0.441075 0.592035
vt 0.435968 0.561606
vt 0.479583 0.570358
vt 0.410655 0.597557
vt 0.381030 0.555704
vt 0.377708 0.582993
vt 0.417677 0.587078
vt 0.435382 0.640933
vt 0.283741 0.881103
vt 0.319578 0.876342
vt 0.317586 0.846375
vt 0.347022 0.851224
vt 0.345909 0.881103
vt 0.314565 0.839512
vt 0.260379 0.869583
vt 0.260387 0.862737
vt 0.679301 0.087346
vt 0.657644 0.103973
vt 0.695400 0.066222
vt 0.701009 0.129747
vt 0.723375 0.083868
vt 0.655170 0.118899
vt 0.662386 0.050500
vt 0.675869 0.024856
vt 0.710019 0.037215
vt 0.645929 0.033803
vt 0.641564 0.042106
vt 0.666739 0.009699
vt 0.710952 0.004069
vt 0.631244 0.114623
vt 0.634742 0.097516
vt 0.667506 0.114331
vt 0.616874 0.072303
vt 0.602490 0.129747
vt 0.586191 0.120474
vt 0.594262 0.070902
vt 0.270202 0.811695
vt 0.297878 0.814928
vt 0.270765 0.813599
vt 0.265431 0.809196
vt 0.265248 0.812156
vt 0.291154 0.836994
vt 0.312910 0.837715
vt 0.329874 0.815746
vt 0.328255 0.838648
vt 0.298626 0.811944
vt 0.327611 0.805081
vt 0.234345 0.789783
vt 0.261364 0.854882
vt 0.223647 0.813526
vt 0.222379 0.854882
vt 0.219765 0.799427
vt 0.847088 0.378172
vt 0.820017 0.379426
vt 0.853105 0.383365
vt 0.843853 0.437161
vt 0.816336 0.401950
vt 0.869585 0.351773
vt 0.828448 0.355625
vt 0.847934 0.338608
vt 0.869585 0.410354
vt 0.667966 0.625546
vt 0.676214 0.593985
vt 0.662731 0.615384
vt 0.661296 0.646759
vt 0.630946 0.639029
vt 0.666283 0.680936
vt 0.626601 0.649880
vt 0.667124 0.693107
vt 0.705666 0.603000
vt 0.694989 0.644648
vt 0.691522 0.648704
vt 0.713897 0.583726
vt 0.687274 0.571140
vt 0.707531 0.609876
vt 0.675616 0.546564
vt 0.675226 0.696502
vt 0.681362 0.674640
vt 0.643801 0.552950
vt 0.644993 0.548909
vt 0.627126 0.614352
vt 0.630477 0.573914
vt 0.608037 0.632544
vt 0.603512 0.633390
vt 0.713345 0.570315
vt 0.605004 0.627068
vt 0.603339 0.630993
vt 0.628772 0.571289
vt 0.614196 0.605671
vt 0.611358 0.600335
vt 0.612369 0.677579
vt 0.637298 0.686791
vt 0.687718 0.701656
vt 0.713931 0.677433
vt 0.726986 0.721971
vt 0.726986 0.557481
vt 0.924639 0.526642
vt 0.893477 0.476864
vt 0.880415 0.530289
vt 0.924639 0.473327
vt 0.345217 0.927215
vt 0.398466 0.927215
vt 0.355143 0.884720
vt 0.381049 0.887704
vt 0.023915 0.923032
vt 0.065433 0.894634
vt 0.065433 0.923599
vt 0.023014 0.871157
vt 0.556346 0.440305
vt 0.539671 0.438672
vt 0.574499 0.467969
vt 0.549635 0.470629
vt 0.561368 0.419331
vt 0.546546 0.421089
vt 0.582518 0.440343
vt 0.582027 0.429935
vt 0.576962 0.408209
vt 0.581468 0.408121
vt 0.562091 0.493928
vt 0.555774 0.493645
vt 0.556847 0.545595
vt 0.574429 0.552893
vt 0.604111 0.510639
vt 0.602018 0.528631
vt 0.624528 0.520152
vt 0.628610 0.550214
vt 0.533819 0.466778
vt 0.528824 0.517995
vt 0.573364 0.349661
vt 0.579164 0.349458
vt 0.623781 0.367425
vt 0.623876 0.430029
vt 0.622442 0.457170
vt 0.628610 0.397027
vt 0.523014 0.438131
vt 0.523291 0.436231
vt 0.548815 0.406442
vt 0.584030 0.465299
vt 0.622964 0.488178
vt 0.799295 0.682233
vt 0.767311 0.686230
vt 0.769462 0.723306
vt 0.798460 0.702128
vt 0.799123 0.676591
vt 0.800986 0.725767
vt 0.767859 0.728321
vt 0.768940 0.658231
vt 0.761064 0.659710
vt 0.766099 0.633370
vt 0.780931 0.632740
vt 0.763319 0.611664
vt 0.753394 0.648603
vt 0.809259 0.742503
vt 0.816336 0.767168
vt 0.799826 0.746805
vt 0.815343 0.707780
vt 0.816336 0.699525
vt 0.809602 0.676787
vt 0.797877 0.647507
vt 0.740523 0.741797
vt 0.759283 0.770796
vt 0.677186 0.722788
vt 0.673271 0.735349
vt 0.637367 0.740958
vt 0.681378 0.740958
vt 0.686372 0.719221
vt 0.635917 0.691230
vt 0.623195 0.691270
vt 0.203520 0.510398
vt 0.217965 0.461573
vt 0.240567 0.508941
vt 0.258574 0.510398
vt 0.207074 0.487880
vt 0.313031 0.668626
vt 0.261512 0.673639
vt 0.282860 0.701319
vt 0.244134 0.676584
vt 0.303266 0.705696
vt 0.344314 0.676752
vt 0.340443 0.705696
vt 0.252858 0.696305
vt 0.923736 0.711121
vt 0.923736 0.660488
vt 0.917648 0.700051
vt 0.915811 0.700053
vt 0.875903 0.686361
vt 0.909595 0.707168
vt 0.911101 0.466094
vt 0.884928 0.436467
vt 0.911101 0.402803
vt 0.949007 0.940778
vt 0.928925 0.900995
vt 0.907491 0.940778
vt 0.508574 0.942586
vt 0.461643 0.902803
vt 0.505391 0.914959
vt 0.466923 0.942586
vt 0.503869 0.903037
vt 0.865732 0.602622
vt 0.893051 0.664227
vt 0.858755 0.646771
vt 0.893051 0.614622
vt 0.878554 0.672242
vt 0.859193 0.662459
vt 0.945602 0.682188
vt 0.955325 0.724684
vt 0.917419 0.724684
vt 0.948317 0.683286
vt 0.458935 0.664105
vt 0.401173 0.664105
vt 0.426575 0.636980
vt 0.417453 0.640610
vt 0.902076 0.057414
vt 0.903695 0.002946
vt 0.930957 0.054056
vt 0.930957 0.002260
vt 0.820410 0.556859
vt 0.864811 0.540836
vt 0.838162 0.530864
vt 0.868682 0.501529
vt 0.838403 0.494569
vt 0.825567 0.533246
vt 0.811823 0.486890
vt 0.868682 0.573165
vt 0.817548 0.563484
vt 0.862980 0.594485
vt 0.010379 0.854946
vt 0.060175 0.840435
vt 0.058670 0.837703
vt 0.037250 0.876582
vt 0.095217 0.876582
vt 0.445759 0.456148
vt 0.425888 0.419719
vt 0.432737 0.415845
vt 0.419224 0.468807
vt 0.527527 0.468807
vt 0.502439 0.439997
vt 0.505086 0.436948
vt 0.451506 0.411961
vt 0.479412 0.403171
vt 0.493431 0.399186
vt 0.476746 0.434890
vt 0.935469 0.212025
vt 0.906588 0.267179
vt 0.935469 0.263821
vt 0.908207 0.212711
vt 0.351534 0.574593
vt 0.306471 0.551230
vt 0.288357 0.574593
vt 0.313545 0.536618
vt 0.826026 0.228300
vt 0.866288 0.269635
vt 0.869585 0.238858
vt 0.824474 0.241444
vt 0.824458 0.278655
vt 0.866319 0.273556
vt 0.867727 0.308363
vt 0.826994 0.307579
vt 0.828984 0.334087
vt 0.869585 0.333630
vt 0.722989 0.528481
vt 0.748646 0.458861
vt 0.748646 0.511269
vt 0.714350 0.497279
vt 0.870756 0.060828
vt 0.877610 0.057715
vt 0.879313 0.089862
vt 0.894856 0.112568
vt 0.870487 0.041704
vt 0.894856 0.025769
vt 0.522112 0.043852
vt 0.490920 0.043305
vt 0.520263 0.000934
vt 0.483412 0.000452
vt 0.487048 0.043296
vt 0.451959 0.043633
vt 0.455295 0.001992
vt 0.426444 0.043852
vt 0.428509 0.002389
vt 0.046480 0.040235
vt 0.022741 0.012206
vt 0.000451 0.040235
vt 0.439079 0.396474
vt 0.497744 0.372061
vt 0.495971 0.396474
vt 0.442977 0.379722
vt 0.926444 0.078210
vt 0.956227 0.076259
vt 0.956227 0.034157
vt 0.948245 0.033906
vt 0.958852 0.205479
vt 0.987816 0.206600
vt 0.955325 0.168626
vt 0.987816 0.169312
vt 0.614878 0.973675
vt 0.614170 0.984177
vt 0.655856 0.956148
vt 0.657491 0.984177
vt 0.886193 0.917419
vt 0.918321 0.910269
vt 0.872072 0.899116
vt 0.905007 0.896474
vt 0.902710 0.937161
vt 0.871390 0.937161
vt 0.933767 0.755061
vt 0.958935 0.774412
vt 0.958935 0.727396
vt 0.929152 0.734984
vt 0.320100 0.081826
vt 0.340704 0.141501
vt 0.313443 0.111648
vt 0.310331 0.115845
vt 0.311957 0.110177
vt 0.294675 0.141501
vt 0.486011 0.971519
vt 0.537455 0.971519
vt 0.502278 0.948915
vt 0.977481 0.833183
vt 0.952617 0.877486
vt 0.978791 0.877486
vt 0.874109 0.568928
vt 0.915614 0.618897
vt 0.873195 0.595827
vt 0.915312 0.591248
vt 0.915614 0.560127
vt 0.874341 0.560620
vt 0.050090 0.835895
vt 0.050090 0.774412
vt 0.032460 0.806225
vt 0.009477 0.833027
vt 0.581494 0.925407
vt 0.566447 0.945298
vt 0.606949 0.945298
vt 0.560921 0.931841
vt 0.421931 0.968807
vt 0.401321 0.947107
vt 0.370487 0.968807
vt 0.749549 0.572929
vt 0.712545 0.603596
vt 0.740086 0.610102
vt 0.730835 0.568264
vt 0.725552 0.633572
vt 0.749549 0.651714
vt 0.736778 0.660172
vt 0.745731 0.694846
vt 0.060921 0.962537
vt 0.102437 0.956148
vt 0.102437 0.982369
vt 0.061077 0.980727
vt 0.244134 0.786166
vt 0.189982 0.786166
vt 0.208868 0.766307
vt 0.231277 0.751808
vt 0.687540 0.960669
vt 0.665614 0.980561
vt 0.717058 0.980561
vt 0.407491 0.262658
vt 0.407491 0.297920
vt 0.378610 0.267487
vt 0.984206 0.746383
vt 0.984206 0.795208
vt 0.963448 0.762632
vt 0.939079 0.255483
vt 0.942820 0.269443
vt 0.961643 0.275850
vt 0.948538 0.281646
vt 0.943827 0.271799
vt 0.961643 0.230108
vt 0.349729 0.807866
vt 0.403881 0.807866
vt 0.372565 0.789783
vt 0.612365 0.905595
vt 0.683664 0.915461
vt 0.652212 0.915461
vt 0.656623 0.898282
vt 0.810018 0.995027
vt 0.782446 0.986658
vt 0.808437 0.967081
vt 0.784707 0.995027
vt 0.783661 0.963783
vt 0.773917 0.963382
vt 0.985108 0.506781
vt 0.985108 0.556510
vt 0.966155 0.533868
vt 0.935469 0.337703
vt 0.918180 0.390689
vt 0.908394 0.366906
vt 0.935469 0.393761
vt 0.081679 0.891490
vt 0.104092 0.891049
vt 0.086052 0.933200
vt 0.096040 0.933448
vt 0.127708 0.892388
vt 0.127708 0.933544
vt 0.970668 0.655063
vt 0.961919 0.705696
vt 0.949007 0.678457
vt 0.970668 0.697123
vt 0.590704 0.427215
vt 0.626805 0.427215
vt 0.614971 0.401899
vt 0.051536 0.089964
vt 0.009006 0.075812
vt 0.011472 0.080768
vt 0.051895 0.069015
vt 0.047030 0.044917
vt 0.000451 0.050015
vt 0.051895 0.023056
vt 0.173041 0.638788
vt 0.142589 0.638817
vt 0.176507 0.667822
vt 0.168267 0.683126
vt 0.187739 0.703748
vt 0.115565 0.731988
vt 0.083609 0.731545
vt 0.086130 0.771700
vt 0.123698 0.771700
vt 0.166608 0.703943
vt 0.130209 0.704394
vt 0.162506 0.728162
vt 0.134626 0.683870
vt 0.116076 0.728870
vt 0.140637 0.743125
vt 0.175180 0.726869
vt 0.102509 0.728082
vt 0.070395 0.715291
vt 0.065433 0.731497
vt 0.216836 0.715375
vt 0.216689 0.729936
vt 0.177353 0.730264
vt 0.199758 0.771525
vt 0.216452 0.686012
vt 0.141863 0.771497
vt 0.217960 0.666854
vt 0.172262 0.771520
vt 0.490241 0.858903
vt 0.504133 0.857963
vt 0.507091 0.865732
vt 0.513087 0.838158
vt 0.462463 0.852213
vt 0.412004 0.799163
vt 0.442155 0.792495
vt 0.424674 0.840112
vt 0.452936 0.831467
vt 0.432379 0.865732
vt 0.456303 0.831063
vt 0.504207 0.812795
vt 0.457413 0.860031
vt 0.823127 0.964286
vt 0.813628 0.964286
vt 0.845217 0.986890
vt 0.815878 0.986890
vt 0.093836 0.790227
vt 0.112126 0.774412
vt 0.146106 0.791578
vt 0.146294 0.833183
vt 0.117123 0.832955
vt 0.089419 0.832794
vt 0.066900 0.791317
vt 0.058578 0.791598
vt 0.058213 0.833183
vt 0.176444 0.832470
vt 0.169781 0.790765
vt 0.138491 0.787121
vt 0.151362 0.775274
vt 0.650564 0.931873
vt 0.622323 0.917269
vt 0.595217 0.933544
vt 0.649690 0.919886
vt 0.658414 0.933544
vt 0.665614 0.923081
vt 0.831679 0.006781
vt 0.845074 0.035692
vt 0.861462 0.008646
vt 0.861462 0.060127
vt 0.759477 0.954296
vt 0.761054 0.960669
vt 0.819043 0.960669
vt 0.808757 0.945298
vt 0.919481 0.744575
vt 0.928249 0.782132
vt 0.912906 0.797861
vt 0.928249 0.825045
vt 0.458935 0.669150
vt 0.482401 0.688214
vt 0.482401 0.652351
vt 0.460251 0.705696
vt 0.847022 0.979656
vt 0.906588 0.979656
vt 0.901138 0.966094
vt 0.983303 0.118897
vt 0.964463 0.163201
vt 0.983303 0.160584
vt 0.960740 0.135042
vt 0.147111 0.336799
vt 0.113267 0.350362
vt 0.171931 0.350362
vt 0.740523 0.998644
vt 0.721373 0.977848
vt 0.704422 0.998644
vt 0.732390 0.984467
vt 0.357852 0.759946
vt 0.426444 0.759946
vt 0.392567 0.749096
vt 0.897563 0.001356
vt 0.865072 0.022001
vt 0.872537 0.002206
vt 0.897563 0.023960
vt 0.596248 0.576885
vt 0.579637 0.566313
vt 0.562726 0.594485
vt 0.591289 0.541139
vt 0.605787 0.572018
vt 0.611314 0.563321
vt 0.612365 0.594485
vt 0.016826 0.314413
vt 0.040162 0.339512
vt 0.023218 0.313291
vt 0.013087 0.339512
vt 0.172834 0.994123
vt 0.144803 0.980561
vt 0.120487 0.994123
vt 0.548255 0.920870
vt 0.524819 0.927215
vt 0.539928 0.894837
vt 0.569043 0.924602
vt 0.569043 0.878391
vt 0.497535 0.442586
vt 0.514892 0.460669
vt 0.478036 0.460669
vt 0.473375 0.452988
vt 0.624421 0.947165
vt 0.631187 0.941682
vt 0.645758 0.957957
vt 0.585289 0.957957
vt 0.948346 0.539415
vt 0.925121 0.548373
vt 0.921931 0.530289
vt 0.949007 0.531826
vt 0.892148 0.548373
vt 0.522112 0.443490
vt 0.514445 0.401899
vt 0.522112 0.406569
vt 0.504061 0.426103
vt 0.592509 0.134268
vt 0.592509 0.166817
vt 0.574458 0.159580
vt 0.277527 0.155967
vt 0.313628 0.155967
vt 0.283802 0.139693
vt 0.002256 0.799729
vt 0.031137 0.799729
vt 0.007085 0.790578
vt 0.028903 0.776221
vt 0.341404 0.982369
vt 0.374097 0.982369
vt 0.366670 0.966094
vt 0.330776 0.968748
vt 0.334674 0.105324
vt 0.348827 0.077306
vt 0.328069 0.094286
vt 0.348827 0.113472
vt 0.947202 0.933544
vt 0.976083 0.933544
vt 0.969177 0.915653
vt 0.967816 0.914557
vt 0.716155 0.549277
vt 0.729634 0.529385
vt 0.741426 0.549277
vt 0.725378 0.530428
vt 0.955325 0.083635
vt 0.948456 0.114981
vt 0.935469 0.102345
vt 0.955325 0.143309
vt 0.061788 0.697019
vt 0.096119 0.695004
vt 0.087568 0.709811
vt 0.063094 0.683092
vt 0.038357 0.711121
vt 0.089664 0.711121
vt 0.771259 0.391929
vt 0.771576 0.375305
vt 0.746841 0.375888
vt 0.747115 0.389894
vt 0.797636 0.355444
vt 0.792282 0.415287
vt 0.814856 0.413173
vt 0.795320 0.439860
vt 0.815433 0.445298
vt 0.815433 0.362211
vt 0.796518 0.354065
vt 0.815248 0.333183
vt 0.133123 0.066456
vt 0.120487 0.046198
vt 0.133123 0.031193
vt 0.010292 0.938809
vt 0.017322 0.934838
vt 0.009477 0.957957
vt 0.009833 0.932102
vt 0.026625 0.957957
vt 0.021151 0.930832
vt 0.852233 0.689421
vt 0.844314 0.712025
vt 0.862365 0.712025
vt 0.849787 0.692291
vt 0.647331 0.363156
vt 0.662004 0.334087
vt 0.633347 0.365203
vt 0.657213 0.365282
vt 0.631318 0.372184
vt 0.662004 0.391049
vt 0.262091 0.267179
vt 0.254061 0.277570
vt 0.256204 0.279837
vt 0.283845 0.279837
vt 0.899368 0.236438
vt 0.856047 0.228801
vt 0.877954 0.224684
vt 0.869643 0.236438
vt 0.939982 0.161392
vt 0.939982 0.120286
vt 0.936529 0.119532
vt 0.939148 0.117089
vt 0.932024 0.117155
vt 0.930054 0.124106
vt 0.930473 0.144215
vt 0.116428 0.226070
vt 0.105008 0.234522
vt 0.109213 0.203129
vt 0.132219 0.253836
vt 0.114354 0.271324
vt 0.112154 0.274867
vt 0.104142 0.288609
vt 0.011734 0.279245
vt 0.020961 0.300397
vt 0.014645 0.287926
vt 0.025924 0.262253
vt 0.023283 0.281587
vt 0.047615 0.307687
vt 0.043184 0.338608
vt 0.047084 0.315564
vt 0.022419 0.261423
vt 0.071673 0.255912
vt 0.107590 0.231133
vt 0.055159 0.258116
vt 0.085794 0.307182
vt 0.053598 0.253969
vt 0.054655 0.195164
vt 0.080404 0.198979
vt 0.006348 0.217955
vt 0.030894 0.191955
vt 0.031525 0.174074
vt 0.061939 0.175290
vt 0.084678 0.169824
vt 0.063172 0.166944
vt 0.055434 0.153787
vt 0.064662 0.148734
vt 0.083414 0.159813
vt 0.120965 0.181575
vt 0.120843 0.171006
vt 0.125986 0.149148
vt 0.151324 0.200551
vt 0.148088 0.206580
vt 0.135094 0.230825
vt 0.154450 0.160532
vt 0.153430 0.151941
vt 0.177842 0.159704
vt 0.168188 0.170535
vt 0.165746 0.178769
vt 0.072065 0.299688
vt 0.004061 0.245413
vt 0.074049 0.335235
vt 0.107676 0.331488
vt 0.146981 0.234757
vt 0.151149 0.206717
vt 0.174306 0.263012
vt 0.172054 0.269344
vt 0.177496 0.270104
vt 0.209052 0.273709
vt 0.177816 0.263959
vt 0.180000 0.220580
vt 0.212012 0.211827
vt 0.206390 0.259946
vt 0.182583 0.201085
vt 0.188806 0.175844
vt 0.187839 0.154150
vt 0.205404 0.299983
vt 0.201112 0.299844
vt 0.215377 0.312724
vt 0.212819 0.205677
vt 0.144915 0.319615
vt 0.116224 0.277913
vt 0.151099 0.333979
vt 0.171212 0.334458
vt 0.200425 0.338608
vt 0.125125 0.317616
vt 0.113709 0.337522
vt 0.234045 0.268587
vt 0.230522 0.213105
vt 0.232662 0.276687
vt 0.246016 0.267264
vt 0.247744 0.239680
vt 0.375776 0.613450
vt 0.406163 0.602347
vt 0.401611 0.614214
vt 0.273179 0.630995
vt 0.299156 0.612604
vt 0.279304 0.640604
vt 0.310211 0.641086
vt 0.278038 0.655889
vt 0.274831 0.611438
vt 0.303687 0.613516
vt 0.334951 0.612235
vt 0.237673 0.644779
vt 0.279766 0.583005
vt 0.334812 0.584472
vt 0.348898 0.612841
vt 0.335015 0.618427
vt 0.361680 0.620640
vt 0.374598 0.620728
vt 0.382711 0.644017
vt 0.410199 0.633359
vt 0.362437 0.659998
vt 0.334157 0.668857
vt 0.396447 0.670434
vt 0.344572 0.580378
vt 0.367251 0.580228
vt 0.235108 0.575347
vt 0.318154 0.581254
vt 0.279650 0.560388
vt 0.294474 0.553033
vt 0.287637 0.542043
vt 0.272905 0.670434
vt 0.236582 0.598818
vt 0.856687 0.443284
vt 0.854242 0.466003
vt 0.866786 0.466885
vt 0.882220 0.492315
vt 0.882220 0.454580
vt 0.881797 0.434178
vt 0.877041 0.404611
vt 0.871390 0.551092
vt 0.878610 0.514014
vt 0.878610 0.558318
vt 0.388991 0.683532
vt 0.417755 0.678044
vt 0.417349 0.667722
vt 0.431110 0.684585
vt 0.455325 0.697559
vt 0.356949 0.697559
vt 0.541822 0.839600
vt 0.533468 0.872562
vt 0.534434 0.835646
vt 0.585969 0.873870
vt 0.504061 0.873870
vt 0.594314 0.852227
vt 0.549918 0.824141
vt 0.364220 0.997740
vt 0.416516 0.997740
vt 0.416504 0.993181
vt 0.364170 0.992315
vt 0.393953 0.929024
vt 0.393953 0.948011
vt 0.378610 0.947079
vt 0.430957 0.759042
vt 0.460740 0.759042
vt 0.435940 0.750000
vt 0.643051 0.850362
vt 0.640277 0.891609
vt 0.633589 0.899186
vt 0.607743 0.872647
vt 0.580776 0.899186
vt 0.595155 0.873058
vt 0.529899 0.370481
vt 0.502223 0.370563
vt 0.569043 0.378153
vt 0.506676 0.210604
vt 0.469015 0.240050
vt 0.520157 0.244884
vt 0.503578 0.251965
vt 0.536954 0.244281
vt 0.509846 0.200271
vt 0.524673 0.201184
vt 0.537882 0.265828
vt 0.538107 0.289705
vt 0.544695 0.289836
vt 0.547203 0.248927
vt 0.547105 0.245741
vt 0.502661 0.271263
vt 0.538244 0.292926
vt 0.517459 0.305514
vt 0.499293 0.305434
vt 0.534355 0.336528
vt 0.520101 0.317156
vt 0.521581 0.356630
vt 0.533184 0.356746
vt 0.500214 0.343879
vt 0.499300 0.316721
vt 0.501064 0.370579
vt 0.560381 0.313422
vt 0.555558 0.335241
vt 0.560342 0.348256
vt 0.569043 0.264793
vt 0.562594 0.279436
vt 0.565835 0.245660
vt 0.507020 0.386927
vt 0.511688 0.383447
vt 0.467552 0.304271
vt 0.436986 0.306460
vt 0.428389 0.335049
vt 0.469945 0.319254
vt 0.412632 0.355932
vt 0.469129 0.338130
vt 0.468586 0.269757
vt 0.438904 0.283131
vt 0.423194 0.248616
vt 0.445751 0.371799
vt 0.409296 0.282309
vt 0.437701 0.372113
vt 0.470679 0.270366
vt 0.497099 0.247201
vt 0.455955 0.260720
vt 0.446753 0.239881
vt 0.531088 0.405515
vt 0.578913 0.824817
vt 0.548566 0.818946
vt 0.583484 0.832278
vt 0.575821 0.830647
vt 0.583484 0.789783
vt 0.544675 0.812501
vt 0.921732 0.467017
vt 0.912906 0.467218
vt 0.918230 0.461381
vt 0.942315 0.443614
vt 0.949910 0.443490
vt 0.949910 0.488698
vt 0.302798 0.808770
vt 0.280089 0.808770
vt 0.282955 0.799729
vt 0.272112 0.807679
vt 0.409722 0.698652
vt 0.399381 0.706866
vt 0.394718 0.696655
vt 0.369964 0.708277
vt 0.397034 0.748035
vt 0.346043 0.745888
vt 0.343738 0.712453
vt 0.311260 0.712097
vt 0.316785 0.747420
vt 0.282617 0.709614
vt 0.283650 0.747011
vt 0.400395 0.747716
vt 0.430054 0.704875
vt 0.429810 0.748192
vt 0.272510 0.703242
vt 0.250836 0.748192
vt 0.222253 0.703236
vt 0.218863 0.725973
vt 0.580776 0.070976
vt 0.580776 0.108951
vt 0.577166 0.079429
vt 0.236913 0.041139
vt 0.231498 0.027190
vt 0.236913 0.017631
vt 0.798285 0.346745
vt 0.797944 0.338569
vt 0.785901 0.337703
vt 0.784747 0.346745
vt 0.028519 0.682785
vt 0.022454 0.683814
vt 0.026693 0.668346
vt 0.027510 0.706335
vt 0.000451 0.711216
vt 0.048011 0.735813
vt 0.011518 0.742841
vt 0.054233 0.768083
vt 0.000875 0.768083
vt 0.072672 0.655665
vt 0.080776 0.680446
vt 0.057469 0.634268
vt 0.002377 0.651914
vt 0.711643 0.277125
vt 0.711643 0.292495
vt 0.706227 0.282264
vt 0.911101 0.745530
vt 0.914711 0.760850
vt 0.914711 0.735080
vt 0.914557 0.720163
vt 0.945397 0.864850
vt 0.950812 0.862116
vt 0.950812 0.877486
vt 0.269404 0.797016
vt 0.328069 0.797016
vt 0.325229 0.795208
vt 0.002256 0.952254
vt 0.004061 0.948915
vt 0.004061 0.984177
vt 0.190884 0.872966
vt 0.217058 0.872966
vt 0.195578 0.871157
vt 0.749150 0.825653
vt 0.792870 0.865732
vt 0.771714 0.844189
vt 0.771428 0.806756
vt 0.782982 0.832998
vt 0.791946 0.845543
vt 0.772215 0.805129
vt 0.777779 0.778113
vt 0.747923 0.811658
vt 0.792870 0.753617
vt 0.734206 0.828660
vt 0.787291 0.813822
vt 0.197525 0.420166
vt 0.181095 0.427680
vt 0.179488 0.426963
vt 0.183525 0.423171
vt 0.144187 0.400691
vt 0.183440 0.399822
vt 0.138564 0.427769
vt 0.148201 0.460533
vt 0.185283 0.459993
vt 0.187734 0.478194
vt 0.146086 0.473365
vt 0.147261 0.393133
vt 0.183734 0.395980
vt 0.184416 0.351283
vt 0.217960 0.361635
vt 0.196094 0.479513
vt 0.142724 0.454259
vt 0.140590 0.486220
vt 0.131890 0.428405
vt 0.136637 0.394125
vt 0.137695 0.414740
vt 0.127361 0.463314
vt 0.105393 0.486456
vt 0.167213 0.351266
vt 0.136843 0.352052
vt 0.127253 0.352182
vt 0.101443 0.405756
vt 0.110134 0.394314
vt 0.148508 0.495489
vt 0.148539 0.495721
vt 0.109281 0.510028
vt 0.198218 0.511302
vt 0.055325 0.430363
vt 0.057311 0.419915
vt 0.074357 0.429853
vt 0.076679 0.419364
vt 0.028431 0.402817
vt 0.025440 0.392798
vt 0.073526 0.397778
vt 0.053302 0.398943
vt 0.041159 0.355809
vt 0.067581 0.353775
vt 0.016498 0.355902
vt 0.021649 0.423983
vt 0.012408 0.456308
vt 0.048498 0.465581
vt 0.054231 0.484225
vt 0.018234 0.470887
vt 0.015902 0.489847
vt 0.053819 0.491877
vt 0.007132 0.388639
vt 0.003159 0.401677
vt 0.008943 0.422874
vt 0.098976 0.463261
vt 0.099730 0.485709
vt 0.089082 0.511302
vt 0.038077 0.502348
vt 0.005593 0.358165
vt 0.199178 0.482404
vt 0.931859 0.991410
vt 0.905533 0.990506
vt 0.867780 0.991410
vt 0.794675 0.452532
vt 0.814531 0.452532
vt 0.803597 0.450723
vt 0.964350 0.816004
vt 0.964350 0.847649
vt 0.963448 0.844665
vt 0.143667 0.622514
vt 0.142795 0.624935
vt 0.135830 0.637884
vt 0.172834 0.637884
vt 0.688821 0.842382
vt 0.720537 0.842913
vt 0.727888 0.883816
vt 0.690596 0.883720
vt 0.664590 0.883816
vt 0.670777 0.842292
vt 0.654706 0.883785
vt 0.648466 0.841320
vt 0.465253 0.897378
vt 0.533845 0.897378
vt 0.485426 0.863020
vt 0.658394 0.270796
vt 0.631842 0.315576
vt 0.610122 0.285683
vt 0.624373 0.271399
vt 0.585005 0.314788
vt 0.605763 0.335601
vt 0.569946 0.332410
vt 0.595664 0.338608
vt 0.648452 0.338608
vt 0.658069 0.330418
vt 0.275276 0.473357
vt 0.327370 0.464684
vt 0.274371 0.507730
vt 0.256769 0.486894
vt 0.271130 0.509461
vt 0.308180 0.510226
vt 0.345765 0.507813
vt 0.356717 0.464574
vt 0.362120 0.507720
vt 0.386664 0.464286
vt 0.362180 0.520215
vt 0.405437 0.502709
vt 0.410650 0.464476
vt 0.407214 0.510031
vt 0.409549 0.541263
vt 0.441429 0.553776
vt 0.404790 0.557414
vt 0.422769 0.557345
vt 0.363959 0.541323
vt 0.339066 0.522434
vt 0.351050 0.554547
vt 0.433418 0.507699
vt 0.434861 0.512538
vt 0.454997 0.554883
vt 0.470341 0.531389
vt 0.506353 0.533121
vt 0.500859 0.556939
vt 0.475880 0.511170
vt 0.476675 0.486514
vt 0.509477 0.511747
vt 0.486058 0.466111
vt 0.430583 0.480924
vt 0.317588 0.525729
vt 0.275193 0.531948
vt 0.273345 0.542895
vt 0.258630 0.533843
vt 0.259057 0.525119
vt 0.277165 0.557145
vt 0.268995 0.557414
vt 0.744134 0.920886
vt 0.704025 0.890506
vt 0.685469 0.920886
vt 0.720040 0.884720
vt 0.648480 0.755386
vt 0.605595 0.776313
vt 0.655988 0.773255
vt 0.610780 0.790402
vt 0.637801 0.789332
vt 0.602437 0.790687
vt 0.682626 0.786344
vt 0.690159 0.790524
vt 0.695246 0.773895
vt 0.713868 0.789636
vt 0.736530 0.790687
vt 0.741426 0.774303
vt 0.739150 0.742704
vt 0.693631 0.752684
vt 0.693686 0.740326
vt 0.737348 0.735533
vt 0.670239 0.754279
vt 0.996841 0.910036
vt 0.992769 0.929247
vt 0.996841 0.940008
vt 0.985108 0.931216
vt 0.988820 0.943490
vt 0.127120 0.559954
vt 0.078254 0.588039
vt 0.128249 0.553915
vt 0.123900 0.612105
vt 0.096785 0.533320
vt 0.098134 0.527111
vt 0.099330 0.603588
vt 0.124675 0.618794
vt 0.073409 0.647830
vt 0.124601 0.518976
vt 0.155944 0.515329
vt 0.064207 0.612439
vt 0.063833 0.559941
vt 0.037455 0.610872
vt 0.069948 0.552942
vt 0.155943 0.532408
vt 0.150617 0.559349
vt 0.187286 0.544000
vt 0.179659 0.580327
vt 0.212635 0.533801
vt 0.217123 0.519999
vt 0.243231 0.559785
vt 0.236807 0.528294
vt 0.211728 0.587091
vt 0.185536 0.615877
vt 0.215831 0.597390
vt 0.189546 0.639831
vt 0.185247 0.647830
vt 0.068567 0.527325
vt 0.041890 0.526957
vt 0.041332 0.556483
vt 0.187945 0.512206
vt 0.041865 0.559831
vt 0.864170 0.851263
vt 0.879786 0.879105
vt 0.911101 0.834087
vt 0.911101 0.885624
vt 0.778892 0.514173
vt 0.793792 0.478874
vt 0.775821 0.499160
vt 0.801276 0.509889
vt 0.810921 0.504989
vt 0.796847 0.478832
vt 0.810921 0.559272
vt 0.788059 0.452430
vt 0.762345 0.549296
vt 0.806904 0.570492
vt 0.771333 0.580922
vt 0.733303 0.525796
vt 0.743284 0.536522
vt 0.789731 0.451394
vt 0.787938 0.446750
vt 0.790823 0.446157
vt 0.770890 0.478028
vt 0.745956 0.453989
vt 0.774943 0.407324
vt 0.734950 0.416702
vt 0.479693 0.966094
vt 0.427347 0.966094
vt 0.462711 0.942586
vt 0.269776 0.381061
vt 0.249285 0.404572
vt 0.210740 0.400964
vt 0.277014 0.432288
vt 0.224833 0.437668
vt 0.296557 0.374253
vt 0.304609 0.408316
vt 0.329355 0.401332
vt 0.321665 0.374473
vt 0.329618 0.372834
vt 0.313389 0.451715
vt 0.322883 0.364958
vt 0.282933 0.463382
vt 0.261667 0.436385
vt 0.282027 0.458937
vt 0.333153 0.399214
vt 0.340944 0.447879
vt 0.373143 0.390807
vt 0.395747 0.426687
vt 0.366783 0.463382
vt 0.296598 0.370288
vt 0.384779 0.359514
vt 0.266267 0.361302
vt 0.240637 0.376789
vt 0.260991 0.323306
vt 0.215502 0.346087
vt 0.228314 0.303115
vt 0.269517 0.317910
vt 0.281247 0.296005
vt 0.292024 0.341975
vt 0.295226 0.296603
vt 0.312831 0.286607
vt 0.226530 0.364319
vt 0.329945 0.356637
vt 0.334332 0.305044
vt 0.384399 0.355357
vt 0.360923 0.329316
vt 0.348425 0.303041
vt 0.376475 0.330513
vt 0.389849 0.292702
vt 0.415415 0.321872
vt 0.374357 0.275341
vt 0.351560 0.276688
vt 0.295820 0.342320
vt 0.423618 0.404387
vt 0.388565 0.398662
vt 0.393456 0.357694
vt 0.426444 0.377332
vt 0.345979 0.302848
vt 0.336977 0.274412
vt 0.247079 0.462958
vt 0.238127 0.455011
vt 0.071121 0.336799
vt 0.100632 0.339512
vt 0.069946 0.339512
vt 0.323556 0.878391
vt 0.293920 0.888605
vt 0.316205 0.907090
vt 0.281137 0.925407
vt 0.323556 0.924540
vt 0.960740 0.919078
vt 0.960740 0.879295
vt 0.921931 0.889226
vt 0.938862 0.905925
vt 0.726986 0.862804
vt 0.759416 0.861212
vt 0.737050 0.901899
vt 0.795578 0.901899
vt 0.451480 0.170566
vt 0.444714 0.178024
vt 0.448121 0.213682
vt 0.482291 0.160046
vt 0.482376 0.155888
vt 0.483670 0.186457
vt 0.506413 0.185550
vt 0.439419 0.155335
vt 0.499731 0.157945
vt 0.496350 0.148669
vt 0.519296 0.159389
vt 0.523887 0.122028
vt 0.539471 0.155793
vt 0.541652 0.165925
vt 0.571753 0.151146
vt 0.567296 0.154223
vt 0.503716 0.131693
vt 0.547399 0.127219
vt 0.533166 0.185454
vt 0.570944 0.205218
vt 0.575770 0.186597
vt 0.549344 0.217450
vt 0.553959 0.216411
vt 0.489976 0.092773
vt 0.514575 0.089313
vt 0.515480 0.173540
vt 0.482176 0.140216
vt 0.479652 0.093304
vt 0.479899 0.090754
vt 0.479920 0.088313
vt 0.500044 0.088577
vt 0.504304 0.090321
vt 0.503048 0.082461
vt 0.546811 0.052575
vt 0.524821 0.052019
vt 0.516427 0.051099
vt 0.547683 0.044642
vt 0.565042 0.080508
vt 0.574035 0.051453
vt 0.575164 0.028481
vt 0.529458 0.088719
vt 0.565170 0.086350
vt 0.498864 0.082318
vt 0.481591 0.045088
vt 0.456591 0.051712
vt 0.445664 0.060925
vt 0.457677 0.090709
vt 0.413809 0.113612
vt 0.516246 0.190246
vt 0.569626 0.138827
vt 0.577166 0.145906
vt 0.565073 0.114917
vt 0.572913 0.112714
vt 0.577166 0.054798
vt 0.574869 0.138006
vt 0.537047 0.091582
vt 0.447855 0.147020
vt 0.457992 0.093764
vt 0.415130 0.122623
vt 0.332581 0.038427
vt 0.356399 0.009494
vt 0.361462 0.038427
vt 0.955325 0.416383
vt 0.970668 0.453436
vt 0.970668 0.396474
vt 0.031737 0.547204
vt 0.032889 0.524994
vt 0.030235 0.524864
vt 0.035650 0.547468
vt 0.035650 0.525353
vt 0.140343 0.937161
vt 0.116877 0.937161
vt 0.124961 0.934448
vt 0.335289 0.450723
vt 0.335643 0.462477
vt 0.338918 0.453583
vt 0.347924 0.462477
vt 0.516756 0.702691
vt 0.526695 0.706474
vt 0.556633 0.696736
vt 0.509146 0.678018
vt 0.556067 0.685827
vt 0.506754 0.674323
vt 0.498135 0.676730
vt 0.499129 0.665009
vt 0.465545 0.707714
vt 0.614526 0.699341
vt 0.606877 0.729961
vt 0.620487 0.727327
vt 0.618892 0.702510
vt 0.564647 0.712282
vt 0.586410 0.694569
vt 0.554262 0.734502
vt 0.521584 0.728879
vt 0.586771 0.740215
vt 0.616896 0.762658
vt 0.468933 0.717111
vt 0.496395 0.723865
vt 0.471912 0.762658
vt 0.488915 0.747166
vt 0.457274 0.714983
vt 0.433664 0.708670
vt 0.434560 0.733625
vt 0.658165 0.838364
vt 0.648657 0.837864
vt 0.655439 0.816543
vt 0.622462 0.816415
vt 0.593412 0.839512
vt 0.596936 0.815650
vt 0.704891 0.839512
vt 0.688266 0.816782
vt 0.613532 0.791591
vt 0.662080 0.793093
vt 0.623899 0.793647
vt 0.706398 0.803380
vt 0.721570 0.833528
vt 0.719319 0.798595
vt 0.790162 0.628843
vt 0.790162 0.581826
vt 0.755866 0.599394
vt 0.761131 0.588936
vt 0.949910 0.972506
vt 0.922870 0.968807
vt 0.903881 0.988698
vt 0.934930 0.988698
vt 0.415614 0.001356
vt 0.405123 0.000452
vt 0.374097 0.001356
vt 0.683664 0.309675
vt 0.680997 0.304250
vt 0.652076 0.309675
vt 0.180054 0.776221
vt 0.180054 0.817812
vt 0.171931 0.777514
vt 0.579874 0.906529
vt 0.579874 0.881103
vt 0.571751 0.907324
vt 0.574777 0.882386
vt 0.362681 0.005177
vt 0.361462 0.010398
vt 0.386781 0.010398
vt 0.387635 0.002260
vt 0.495939 0.478752
vt 0.504061 0.478752
vt 0.497924 0.476040
vt 0.996841 0.212025
vt 0.996841 0.222875
vt 0.995939 0.216836
vt 0.856949 0.222875
vt 0.827976 0.200271
vt 0.816336 0.222875
vt 0.017522 0.978170
vt 0.013118 0.979527
vt 0.032855 0.960669
vt 0.057310 0.981465
vt 0.026033 0.961194
vt 0.009997 0.970365
vt 0.007671 0.981465
vt 0.903626 0.749293
vt 0.903223 0.746646
vt 0.892004 0.744170
vt 0.903075 0.745152
vt 0.912004 0.710217
vt 0.891245 0.725331
vt 0.899986 0.751643
vt 0.912004 0.770632
vt 0.908386 0.772604
vt 0.743551 0.944394
vt 0.738718 0.949819
vt 0.775722 0.949819
vt 0.821751 0.329566
vt 0.821751 0.352574
vt 0.816336 0.353074
vt 0.816928 0.329881
vt 0.242005 0.008773
vt 0.236011 0.008216
vt 0.243878 0.015009
vt 0.240037 0.005877
vt 0.241981 0.007738
vt 0.243141 0.008682
vt 0.264336 0.049437
vt 0.278430 0.011478
vt 0.278430 0.050181
vt 0.742329 0.765371
vt 0.754964 0.792495
vt 0.743113 0.785924
vt 0.754964 0.767471
vt 0.141747 0.977848
vt 0.136691 0.955795
vt 0.104242 0.974618
vt 0.118419 0.957912
vt 0.151173 0.951627
vt 0.151173 0.976924
vt 0.125000 0.706558
vt 0.118682 0.696401
vt 0.125000 0.692134
vt 0.123560 0.707505
vt 0.853339 0.914301
vt 0.858224 0.925407
vt 0.859657 0.910036
vt 0.859657 0.924449
vt 0.376403 0.976040
vt 0.375000 0.977848
vt 0.389440 0.977848
vt 0.446691 0.402803
vt 0.415614 0.410036
vt 0.452617 0.410036
vt 0.364170 0.687613
vt 0.362451 0.683092
vt 0.347022 0.687613
vt 0.285650 0.005877
vt 0.285650 0.023056
vt 0.279332 0.021756
vt 0.881276 0.759042
vt 0.854242 0.767179
vt 0.887635 0.767179
vt 0.576264 0.999548
vt 0.563368 0.988698
vt 0.529332 0.999548
vt 0.628610 0.534810
vt 0.626805 0.518640
vt 0.628610 0.479656
vt 0.872292 0.259946
vt 0.902978 0.259946
vt 0.885387 0.238246
vt 0.982401 0.257233
vt 0.982401 0.309675
vt 0.964350 0.280089
vt 0.441965 0.222875
vt 0.425542 0.236438
vt 0.468863 0.236438
vt 0.833434 0.083709
vt 0.848827 0.127034
vt 0.838827 0.083635
vt 0.812726 0.127034
vt 0.048285 0.725465
vt 0.060921 0.704792
vt 0.060921 0.749096
vt 0.671029 0.997740
vt 0.642101 0.995027
vt 0.615072 0.997740
vt 0.689079 0.139250
vt 0.696300 0.126130
vt 0.696300 0.142405
vt 0.005866 0.252712
vt 0.005866 0.297016
vt 0.004061 0.281024
vt 0.742329 0.922694
vt 0.729715 0.921790
vt 0.700812 0.922694
vt 0.949910 0.787071
vt 0.949377 0.782870
vt 0.931638 0.757233
vt 0.929152 0.787071
vt 0.412813 0.944394
vt 0.443592 0.937494
vt 0.443581 0.943688
vt 0.412988 0.940944
vt 0.443592 0.911857
vt 0.396661 0.906420
vt 0.594900 0.797016
vt 0.587996 0.781039
vt 0.599729 0.794989
vt 0.599729 0.763562
vt 0.981534 0.638788
vt 0.990523 0.640677
vt 0.971570 0.668626
vt 0.990523 0.666914
vt 0.717058 0.218354
vt 0.717058 0.279837
vt 0.708935 0.244254
vt 0.982401 0.876582
vt 0.982401 0.929024
vt 0.967058 0.903602
vt 0.374409 0.661392
vt 0.348827 0.678571
vt 0.383123 0.678571
vt 0.862562 0.176230
vt 0.850545 0.160871
vt 0.846783 0.130651
vt 0.870487 0.137999
vt 0.826954 0.167711
vt 0.831921 0.135045
vt 0.795578 0.159407
vt 0.802704 0.136329
vt 0.870487 0.220163
vt 0.831264 0.190317
vt 0.998646 0.414557
vt 0.990153 0.430367
vt 0.985108 0.415363
vt 0.998646 0.443490
vt 0.970668 0.350362
vt 0.969540 0.336799
vt 0.939518 0.338602
vt 0.939079 0.350362
vt 0.767568 0.085929
vt 0.747585 0.043852
vt 0.779332 0.064798
vt 0.743421 0.075416
vt 0.749968 0.107441
vt 0.732401 0.104361
vt 0.748908 0.138332
vt 0.762367 0.122130
vt 0.779332 0.146926
vt 0.714350 0.130651
vt 0.714350 0.160500
vt 0.712363 0.179476
vt 0.693592 0.154504
vt 0.884186 0.163621
vt 0.878610 0.132474
vt 0.929152 0.164105
vt 0.929152 0.118897
vt 0.744134 0.723982
vt 0.761282 0.683092
vt 0.761282 0.728300
vt 0.748821 0.690388
vt 0.741426 0.215642
vt 0.741426 0.252712
vt 0.725181 0.227395
vt 0.418321 0.464286
vt 0.394856 0.438599
vt 0.418321 0.416365
vt 0.517074 0.753067
vt 0.550195 0.778548
vt 0.550764 0.800633
vt 0.498644 0.786744
vt 0.472473 0.775771
vt 0.473106 0.800633
vt 0.556173 0.749415
vt 0.567575 0.769128
vt 0.575361 0.787690
vt 0.500182 0.725588
vt 0.340008 0.791895
vt 0.311762 0.793791
vt 0.354182 0.767661
vt 0.323066 0.749096
vt 0.282104 0.794304
vt 0.274206 0.749707
vt 0.266131 0.780460
vt 0.248646 0.749878
vt 0.365361 0.767523
vt 0.375412 0.784033
vt 0.409296 0.772005
vt 0.403141 0.794304
vt 0.748888 0.190228
vt 0.770120 0.192122
vt 0.768384 0.223895
vt 0.813115 0.187718
vt 0.816336 0.167516
vt 0.810090 0.218072
vt 0.783343 0.241381
vt 0.804526 0.271700
vt 0.765341 0.259226
vt 0.765220 0.239426
vt 0.742232 0.255804
vt 0.790406 0.167073
vt 0.766527 0.149397
vt 0.721917 0.203472
vt 0.744136 0.150859
vt 0.721363 0.159132
vt 0.745137 0.206369
vt 0.741390 0.208237
vt 0.762512 0.271700
vt 0.725440 0.268432
vt 0.719004 0.239704
vt 0.741045 0.139376
vt 0.714350 0.122514
vt 0.744685 0.219506
vt 0.607887 0.015915
vt 0.629530 0.064062
vt 0.613212 0.037501
vt 0.648466 0.008590
vt 0.609286 0.066969
vt 0.629854 0.068264
vt 0.582635 0.068264
vt 0.582581 0.064799
vt 0.585122 0.028097
vt 0.841606 0.712228
vt 0.820432 0.744575
vt 0.841606 0.683092
vt 0.819043 0.694433
vt 0.858804 0.696670
vt 0.867484 0.715729
vt 0.884690 0.718837
vt 0.885508 0.713808
vt 0.888538 0.695173
vt 0.862882 0.688517
vt 0.888538 0.745212
vt 0.851173 0.749096
vt 0.854555 0.713412
vt 0.823556 0.746573
vt 0.602437 0.649638
vt 0.580564 0.691102
vt 0.551895 0.680128
vt 0.602437 0.692134
vt 0.472473 0.440778
vt 0.472473 0.477848
vt 0.434567 0.477468
vt 0.250090 0.914973
vt 0.205325 0.939873
vt 0.225912 0.920510
vt 0.227633 0.910940
vt 0.262184 0.939873
vt 0.683013 0.501356
vt 0.676816 0.530287
vt 0.655411 0.529210
vt 0.660056 0.504042
vt 0.629513 0.545660
vt 0.689982 0.545660
vt 0.106891 0.884507
vt 0.157066 0.879908
vt 0.161536 0.853363
vt 0.194495 0.884720
vt 0.178875 0.850590
vt 0.117760 0.860944
vt 0.105387 0.884720
vt 0.160818 0.848207
vt 0.100632 0.861706
vt 0.118044 0.839512
vt 0.719377 0.289783
vt 0.721820 0.326428
vt 0.694874 0.316372
vt 0.686065 0.325718
vt 0.642148 0.317967
vt 0.735950 0.291929
vt 0.756423 0.327546
vt 0.772629 0.327758
vt 0.782498 0.318147
vt 0.817238 0.311096
vt 0.811283 0.324519
vt 0.659707 0.327758
vt 0.960740 0.335895
vt 0.940829 0.282951
vt 0.956783 0.307193
vt 0.936372 0.335895
vt 0.959311 0.295156
vt 0.951903 0.282550
vt 0.937613 0.951177
vt 0.942690 0.964286
vt 0.923367 0.943490
vt 0.888538 0.964286
vt 0.712545 0.285262
vt 0.751354 0.285262
vt 0.744268 0.272604
vt 0.291968 0.966998
vt 0.249653 0.966998
vt 0.285458 0.942320
vt 0.242329 0.940778
vt 0.065241 0.932374
vt 0.022112 0.930832
vt 0.071751 0.957052
vt 0.029436 0.957052
vt 0.827166 0.687613
vt 0.807310 0.666155
vt 0.827166 0.635172
vt 0.960740 0.614376
vt 0.960740 0.555606
vt 0.943705 0.589121
vt 0.943592 0.576102
vt 0.505866 0.490336
vt 0.527527 0.473327
vt 0.516627 0.525769
vt 0.527527 0.518623
vt 0.968863 0.729204
vt 0.983893 0.684901
vt 0.990523 0.729204
vt 0.978945 0.685561
vt 0.060018 0.000452
vt 0.060018 0.024864
vt 0.023014 0.003562
vt 0.523917 0.999548
vt 0.492518 0.975136
vt 0.488827 0.999548
vt 0.487816 0.976545
vt 0.872292 0.345467
vt 0.873594 0.366023
vt 0.910199 0.342224
vt 0.904054 0.367782
vt 0.880762 0.393360
vt 0.910199 0.401899
vt 0.491426 0.595389
vt 0.491426 0.570976
vt 0.458935 0.592321
vt 0.482311 0.571030
vt 0.697013 0.187756
vt 0.702183 0.211758
vt 0.674367 0.216555
vt 0.657918 0.198398
vt 0.666150 0.189705
vt 0.642929 0.177321
vt 0.708935 0.202841
vt 0.647217 0.220619
vt 0.669424 0.228365
vt 0.703104 0.245779
vt 0.638303 0.186539
vt 0.621239 0.209953
vt 0.640043 0.217844
vt 0.696267 0.273357
vt 0.661341 0.256287
vt 0.684265 0.299729
vt 0.634197 0.249480
vt 0.631819 0.245830
vt 0.600659 0.235367
vt 0.581878 0.261709
vt 0.572653 0.218961
vt 0.586925 0.184167
vt 0.625183 0.258386
vt 0.590603 0.285151
vt 0.610750 0.189692
vt 0.626314 0.160144
vt 0.595208 0.164380
vt 0.607790 0.137831
vt 0.590312 0.176601
vt 0.653354 0.141886
vt 0.671239 0.164013
vt 0.692021 0.158750
vt 0.634714 0.133363
vt 0.588601 0.299729
vt 0.654269 0.258485
vt 0.629199 0.256898
vt 0.652318 0.262723
vt 0.586350 0.287460
vt 0.892635 0.817522
vt 0.866012 0.832313
vt 0.898466 0.827376
vt 0.871396 0.842224
vt 0.859657 0.817728
vt 0.865510 0.785043
vt 0.888267 0.800147
vt 0.898466 0.767179
vt 0.896658 0.795101
vt 0.171029 0.055480
vt 0.150226 0.075671
vt 0.171029 0.078945
vt 0.170825 0.093187
vt 0.138538 0.053797
vt 0.161062 0.095389
vt 0.480596 0.806962
vt 0.506932 0.794304
vt 0.532040 0.806962
vt 0.511463 0.794701
vt 0.015794 0.628843
vt 0.073556 0.628843
vt 0.052568 0.618897
vt 0.979693 0.445298
vt 0.968729 0.458021
vt 0.979693 0.496835
vt 0.965253 0.471215
vt 0.978791 0.353978
vt 0.967058 0.319607
vt 0.978791 0.307866
vt 0.038837 0.982369
vt 0.013087 0.998644
vt 0.046897 0.998644
vt 0.056408 0.998117
vt 0.127708 0.019665
vt 0.131310 0.003978
vt 0.150957 0.008791
vt 0.155165 0.006552
vt 0.157952 0.003165
vt 0.129650 0.003237
vt 0.138834 0.036618
vt 0.147375 0.036618
vt 0.161101 0.006278
vt 0.695397 0.731013
vt 0.725181 0.731013
vt 0.696292 0.713834
vt 0.843815 0.082852
vt 0.845732 0.047896
vt 0.831189 0.076650
vt 0.821751 0.065691
vt 0.826927 0.032053
vt 0.866877 0.077765
vt 0.863455 0.069243
vt 0.866546 0.117241
vt 0.866433 0.046806
vt 0.866877 0.025769
vt 0.864526 0.032386
vt 0.861138 0.132459
vt 0.692371 0.891953
vt 0.674368 0.892118
vt 0.692690 0.903707
vt 0.673736 0.903707
vt 0.608925 0.353381
vt 0.608755 0.354817
vt 0.631318 0.359403
vt 0.631318 0.341320
vt 0.874145 0.288840
vt 0.871390 0.270946
vt 0.892157 0.264467
vt 0.895396 0.293117
vt 0.871558 0.318716
vt 0.918321 0.273796
vt 0.902448 0.318716
vt 0.243231 0.665913
vt 0.233201 0.699625
vt 0.243231 0.701175
vt 0.218863 0.667023
vt 0.395075 0.544756
vt 0.360560 0.553797
vt 0.400271 0.553797
vt 0.717058 0.368487
vt 0.722336 0.374379
vt 0.734206 0.352856
vt 0.730928 0.350362
vt 0.734206 0.406420
vt 0.722002 0.379105
vt 0.953789 0.432147
vt 0.955325 0.441682
vt 0.952941 0.399014
vt 0.930054 0.441682
vt 0.944969 0.387432
vt 0.797353 0.576401
vt 0.793773 0.595523
vt 0.800090 0.614376
vt 0.800090 0.579790
vt 0.808892 0.839512
vt 0.805505 0.849458
vt 0.830776 0.849458
vt 0.446300 0.561935
vt 0.501354 0.561935
vt 0.462005 0.557414
vt 0.993231 0.004973
vt 0.993231 0.032098
vt 0.985108 0.028129
vt 0.728707 0.065905
vt 0.743231 0.058969
vt 0.717032 0.057250
vt 0.709391 0.065114
vt 0.702617 0.057673
vt 0.743231 0.016727
vt 0.716781 0.023229
vt 0.742865 0.066456
vt 0.689493 0.526673
vt 0.694952 0.513165
vt 0.686581 0.497117
vt 0.699230 0.480233
vt 0.662810 0.500113
vt 0.686830 0.453171
vt 0.729693 0.462853
vt 0.729602 0.427497
vt 0.686889 0.447889
vt 0.708015 0.390476
vt 0.685785 0.415974
vt 0.707496 0.383077
vt 0.687895 0.388242
vt 0.729693 0.329566
vt 0.676900 0.449712
vt 0.685039 0.329821
vt 0.670535 0.368631
vt 0.669957 0.355672
vt 0.662394 0.416240
vt 0.665085 0.436748
vt 0.645403 0.426433
vt 0.648410 0.415816
vt 0.629513 0.397377
vt 0.641520 0.439931
vt 0.754061 0.570072
vt 0.754061 0.622514
vt 0.749549 0.597529
vt 0.811027 0.867772
vt 0.803956 0.893757
vt 0.802798 0.879574
vt 0.811155 0.853514
vt 0.803617 0.860228
vt 0.811581 0.893761
vt 0.844412 0.872634
vt 0.872292 0.893761
vt 0.840723 0.852170
vt 0.849136 0.856222
vt 0.988718 0.109060
vt 0.983303 0.093095
vt 0.986839 0.112568
vt 0.988718 0.073689
vt 0.657491 0.409132
vt 0.645758 0.406091
vt 0.657491 0.399186
vt 0.647520 0.399206
vt 0.549188 0.241863
vt 0.541968 0.225346
vt 0.549188 0.220163
vt 0.993231 0.690325
vt 0.989621 0.686494
vt 0.993231 0.651447
vt 0.605029 0.342224
vt 0.576264 0.346745
vt 0.606047 0.346745
vt 0.918636 0.412508
vt 0.944495 0.423599
vt 0.918321 0.408324
vt 0.944495 0.394665
vt 0.938177 0.423599
vt 0.927617 0.419078
vt 0.913809 0.423599
vt 0.985108 0.983050
vt 0.987816 0.982369
vt 0.987816 0.998644
vt 0.292806 0.284988
vt 0.236913 0.285262
vt 0.286096 0.285262
vt 0.311823 0.285188
vt 0.294340 0.254202
vt 0.261866 0.246383
vt 0.205311 0.075921
vt 0.225041 0.061515
vt 0.203918 0.084914
vt 0.175633 0.093309
vt 0.179065 0.100921
vt 0.150000 0.112116
vt 0.155362 0.114900
vt 0.133946 0.135440
vt 0.132715 0.115685
vt 0.115009 0.146686
vt 0.112938 0.118930
vt 0.097640 0.118580
vt 0.114720 0.100479
vt 0.086187 0.090406
vt 0.082540 0.122092
vt 0.062286 0.096092
vt 0.056440 0.135397
vt 0.038975 0.118812
vt 0.019610 0.136165
vt 0.033159 0.165009
vt 0.000451 0.111900
vt 0.015936 0.103633
vt 0.060610 0.146150
vt 0.088807 0.133857
vt 0.089177 0.071100
vt 0.055029 0.074279
vt 0.074673 0.028931
vt 0.116821 0.014774
vt 0.119958 0.066594
vt 0.077693 0.015257
vt 0.107590 0.000452
vt 0.128904 0.065350
vt 0.219946 0.110167
vt 0.256826 0.111748
vt 0.229345 0.165009
vt 0.260027 0.144580
vt 0.258374 0.109451
vt 0.273175 0.130249
vt 0.266775 0.142676
vt 0.276760 0.135270
vt 0.299762 0.115337
vt 0.301895 0.118035
vt 0.292938 0.077874
vt 0.275290 0.062994
vt 0.231870 0.060903
vt 0.246677 0.037822
vt 0.205022 0.149768
vt 0.172919 0.150036
vt 0.219766 0.054292
vt 0.195299 0.073116
vt 0.189275 0.048170
vt 0.828605 0.831519
vt 0.819116 0.803468
vt 0.794675 0.821958
vt 0.827213 0.783835
vt 0.811223 0.768994
vt 0.815392 0.800784
vt 0.831442 0.800305
vt 0.830971 0.835944
vt 0.857145 0.828895
vt 0.859657 0.786958
vt 0.839954 0.840041
vt 0.859657 0.865732
vt 0.850776 0.760850
vt 0.828787 0.838956
vt 0.186952 0.450094
vt 0.186372 0.431176
vt 0.193592 0.452532
vt 0.193592 0.428119
vt 0.107998 0.665975
vt 0.108720 0.667951
vt 0.120291 0.662319
vt 0.122292 0.626130
vt 0.077166 0.655682
vt 0.096242 0.690420
vt 0.121231 0.663877
vt 0.106905 0.692134
vt 0.122292 0.690530
vt 0.150271 0.757585
vt 0.171029 0.770796
vt 0.151667 0.755983
vt 0.171029 0.740958
vt 0.978791 0.067360
vt 0.978791 0.118897
vt 0.960740 0.082989
vt 0.300223 0.972594
vt 0.324458 0.950698
vt 0.293773 0.941682
vt 0.324458 0.982369
vt 0.702617 0.983273
vt 0.702617 0.995931
vt 0.673736 0.991216
vt 0.690065 0.984433
vt 0.918321 0.441682
vt 0.929152 0.441682
vt 0.928997 0.424503
vt 0.381824 0.249850
vt 0.376603 0.245609
vt 0.374973 0.257678
vt 0.411213 0.136430
vt 0.384285 0.165937
vt 0.412244 0.173781
vt 0.409877 0.110407
vt 0.380949 0.150252
vt 0.390674 0.124944
vt 0.378409 0.099885
vt 0.409630 0.100507
vt 0.350201 0.131108
vt 0.356507 0.162263
vt 0.351135 0.100248
vt 0.393759 0.072615
vt 0.372715 0.072257
vt 0.376606 0.017119
vt 0.362834 0.045222
vt 0.318591 0.043886
vt 0.324764 0.073390
vt 0.293613 0.074948
vt 0.290110 0.047318
vt 0.345830 0.017230
vt 0.288680 0.011302
vt 0.320134 0.152564
vt 0.352791 0.164015
vt 0.323195 0.163650
vt 0.346881 0.195341
vt 0.354156 0.193847
vt 0.294684 0.208687
vt 0.291879 0.230667
vt 0.327110 0.248787
vt 0.293195 0.170733
vt 0.264892 0.173278
vt 0.279796 0.196693
vt 0.411973 0.260649
vt 0.410489 0.248574
vt 0.418399 0.222283
vt 0.419224 0.249624
vt 0.348141 0.268576
vt 0.410311 0.191166
vt 0.321808 0.271700
vt 0.417740 0.041782
vt 0.419224 0.070605
vt 0.842950 0.598946
vt 0.809143 0.621426
vt 0.834527 0.581826
vt 0.807886 0.588920
vt 0.797383 0.643043
vt 0.830163 0.630522
vt 0.858755 0.624277
vt 0.856318 0.654557
vt 0.850639 0.675356
vt 0.858755 0.686709
vt 0.213448 0.868445
vt 0.181799 0.842984
vt 0.213448 0.815139
vt 0.180957 0.818585
vt 0.209085 0.804911
vt 0.184344 0.784358
vt 0.405089 0.812328
vt 0.398386 0.811483
vt 0.376615 0.845825
vt 0.405904 0.829533
vt 0.401606 0.873870
vt 0.433664 0.873870
vt 0.365996 0.867598
vt 0.345217 0.838026
vt 0.346039 0.814262
vt 0.883123 0.064589
vt 0.920126 0.119801
vt 0.893888 0.098595
vt 0.920126 0.061031
vt 0.412004 0.463382
vt 0.390139 0.453436
vt 0.369585 0.463382
vt 0.867780 0.341320
vt 0.910199 0.341320
vt 0.884236 0.324141
vt 0.606047 0.005877
vt 0.643486 0.005877
vt 0.628906 0.003165
vt 0.650271 0.003359
vt 0.982401 0.836218
vt 0.994134 0.835895
vt 0.994134 0.872061
vt 0.951769 0.192634
vt 0.952617 0.228300
vt 0.943467 0.211660
vt 0.952617 0.166155
vt 0.940884 0.165009
vt 0.845904 0.963382
vt 0.886733 0.953780
vt 0.843419 0.952532
vt 0.828069 0.963382
vt 0.017599 0.519975
vt 0.054376 0.514553
vt 0.035788 0.523960
vt 0.082581 0.523960
vt 0.080809 0.512206
vt 0.826854 0.932640
vt 0.810921 0.935353
vt 0.851534 0.935353
vt 0.206059 0.404611
vt 0.199910 0.457052
vt 0.223375 0.457052
vt 0.944495 0.882007
vt 0.915275 0.879321
vt 0.944495 0.830470
vt 0.913809 0.849899
vt 0.131326 0.930011
vt 0.129513 0.922639
vt 0.163809 0.882007
vt 0.163809 0.932640
vt 0.543290 0.927215
vt 0.506769 0.949819
vt 0.562726 0.949819
vt 0.550769 0.928389
vt 0.450812 0.819620
vt 0.479693 0.819620
vt 0.467833 0.798825
vt 0.327166 0.957957
vt 0.366737 0.928119
vt 0.349347 0.930393
vt 0.375000 0.957957
vt 0.682762 0.107143
vt 0.682762 0.158680
vt 0.656588 0.132725
vt 0.676194 0.155115
vt 0.798285 0.477490
vt 0.809377 0.458149
vt 0.850632 0.490506
vt 0.850632 0.451627
vt 0.730596 0.853074
vt 0.775722 0.853074
vt 0.746919 0.832278
vt 0.353388 0.958861
vt 0.332581 0.965190
vt 0.358755 0.965190
vt 0.536552 0.978752
vt 0.587094 0.978752
vt 0.568633 0.957957
vt 0.727888 0.687485
vt 0.737816 0.676763
vt 0.737816 0.721067
vt 0.798285 0.767179
vt 0.798285 0.816004
vt 0.789260 0.797468
vt 0.258403 0.899186
vt 0.231647 0.898098
vt 0.230529 0.881103
vt 0.171931 0.899186
vt 0.202592 0.884896
vt 0.259477 0.886300
vt 0.384928 0.451627
vt 0.402978 0.451627
vt 0.388493 0.448915
vt 0.591606 0.844033
vt 0.584967 0.822058
vt 0.591606 0.819620
vt 0.584386 0.840976
vt 0.972517 0.417269
vt 0.988718 0.383816
vt 0.988718 0.411628
vt 0.972473 0.409718
vt 0.437274 0.986890
vt 0.411419 0.970615
vt 0.409512 0.986890
vt 0.403881 0.970659
vt 0.781441 0.039319
vt 0.800827 0.070384
vt 0.802116 0.039510
vt 0.780788 0.067185
vt 0.799004 0.009625
vt 0.769656 0.008590
vt 0.813628 0.009148
vt 0.801352 0.078008
vt 0.779981 0.080295
vt 0.800269 0.128843
vt 0.786144 0.128683
vt 0.750451 0.008682
vt 0.813628 0.040428
vt 0.813461 0.044310
vt 0.812388 0.079483
vt 0.811610 0.105060
vt 0.766730 0.033436
vt 0.071446 0.996795
vt 0.101790 0.984177
vt 0.070848 0.984422
vt 0.075355 0.996835
vt 0.109364 0.984839
vt 0.110560 0.996835
vt 0.999549 0.485081
vt 0.984206 0.453902
vt 0.999549 0.453436
vt 0.987408 0.484176
vt 0.876805 0.941682
vt 0.875131 0.938065
vt 0.827166 0.941682
vt 0.134928 0.998644
vt 0.169224 0.998644
vt 0.141279 0.997740
vt 0.989621 0.278029
vt 0.989621 0.323237
vt 0.986011 0.307245
vt 0.894131 0.992315
vt 0.878610 0.999548
vt 0.923736 0.999548
vt 0.994134 0.727396
vt 0.991426 0.704760
vt 0.994134 0.696655
vt 0.108755 0.143309
vt 0.087094 0.143143
vt 0.108755 0.124322
vt 0.424639 0.319620
vt 0.421931 0.303805
vt 0.424639 0.300633
vt 0.698105 0.514707
vt 0.709838 0.485081
vt 0.709838 0.551989
vt 0.003159 0.926621
vt 0.007671 0.923599
vt 0.007671 0.938065
vt 0.446317 0.044756
vt 0.437274 0.051085
vt 0.451715 0.051085
vt 0.687274 0.139693
vt 0.686372 0.126873
vt 0.687274 0.107143
vt 0.274819 0.212929
vt 0.264213 0.197933
vt 0.230130 0.189284
vt 0.241993 0.209836
vt 0.218863 0.196589
vt 0.234235 0.175960
vt 0.223275 0.182567
vt 0.251430 0.166377
vt 0.261341 0.163666
vt 0.274819 0.154472
vt 0.271826 0.153255
vt 0.239621 0.185805
vt 0.263916 0.185805
vt 0.249459 0.182188
vt 0.265794 0.182703
vt 0.010379 0.532957
vt 0.000451 0.535129
vt 0.000889 0.522172
vt 0.010379 0.546564
vt 0.005582 0.492315
vt 0.002286 0.502255
vt 0.948105 0.680380
vt 0.940507 0.654113
vt 0.948105 0.650542
vt 0.939982 0.678426
vt 0.972106 0.567842
vt 0.991426 0.553797
vt 0.991426 0.593580
vt 0.967058 0.587423
vt 0.859657 0.996835
vt 0.839400 0.987794
vt 0.812726 0.996835
vt 0.959838 0.078210
vt 0.959838 0.125226
vt 0.956227 0.097205
vt 0.230596 0.552893
vt 0.230596 0.582731
vt 0.220668 0.563087
vt 0.666950 0.740958
vt 0.659296 0.749096
vt 0.691787 0.749096
vt 0.949910 0.958439
vt 0.956227 0.937161
vt 0.956227 0.963382
vt 0.991426 0.061031
vt 0.958935 0.061031
vt 0.980164 0.043852
vt 0.959686 0.044104
vt 0.010569 0.156727
vt 0.027527 0.188517
vt 0.010379 0.177256
vt 0.027527 0.155967
vt 0.085289 0.344591
vt 0.035650 0.351266
vt 0.054794 0.338608
vt 0.066468 0.351266
vt 0.448105 0.879486
vt 0.460740 0.891182
vt 0.454075 0.910036
vt 0.460740 0.860307
vt 0.786104 0.252712
vt 0.781541 0.252723
vt 0.794675 0.267179
vt 0.764892 0.267179
vt 0.218119 0.652659
vt 0.225295 0.616596
vt 0.209313 0.624992
vt 0.225425 0.606239
vt 0.230596 0.607364
vt 0.194495 0.641834
vt 0.204850 0.651496
vt 0.230596 0.657776
vt 0.760379 0.564647
vt 0.758996 0.541139
vt 0.722473 0.564647
vt 0.536552 0.828662
vt 0.513087 0.827695
vt 0.536552 0.805154
vt 0.803859 0.926377
vt 0.802798 0.930832
vt 0.855144 0.930832
vt 0.845718 0.895570
vt 0.946300 0.086347
vt 0.934650 0.082216
vt 0.931859 0.086347
vt 0.944087 0.081826
vt 0.870487 0.127034
vt 0.870487 0.097197
vt 0.868682 0.110917
vt 0.869165 0.106259
vt 0.770858 0.372966
vt 0.737686 0.331629
vt 0.735108 0.372966
vt 0.782040 0.331374
vt 0.737816 0.932593
vt 0.737816 0.971519
vt 0.707130 0.928119
vt 0.710501 0.963843
vt 0.738718 0.941682
vt 0.790162 0.941682
vt 0.782175 0.910956
vt 0.754417 0.910036
vt 0.163191 0.945298
vt 0.160565 0.946400
vt 0.181859 0.983273
vt 0.155686 0.983273
vt 0.983303 0.042043
vt 0.949007 0.028464
vt 0.957474 0.011058
vt 0.983303 0.005877
vt 0.258149 0.972068
vt 0.270609 0.992315
vt 0.236011 0.992315
vt 0.277527 0.971519
vt 0.125903 0.626130
vt 0.125903 0.653255
vt 0.124097 0.636409
vt 0.315126 0.927215
vt 0.286552 0.938065
vt 0.339801 0.938065
vt 0.603662 0.921790
vt 0.600953 0.906420
vt 0.609657 0.906969
vt 0.600746 0.918085
vt 0.570848 0.921790
vt 0.006769 0.582731
vt 0.006769 0.632459
vt 0.003159 0.613300
vt 0.482401 0.525769
vt 0.509477 0.525769
vt 0.483312 0.515437
vt 0.506395 0.514014
vt 0.458399 0.759946
vt 0.435254 0.761800
vt 0.448843 0.788169
vt 0.452061 0.788879
vt 0.471570 0.772563
vt 0.426444 0.788879
vt 0.215623 0.004640
vt 0.197940 0.027115
vt 0.209108 0.047793
vt 0.227335 0.024050
vt 0.226841 0.051989
vt 0.229693 0.026389
vt 0.169618 0.019996
vt 0.170317 0.001356
vt 0.148466 0.051989
vt 0.171455 0.048295
vt 0.566415 0.000452
vt 0.584386 0.023960
vt 0.550428 0.023960
vt 0.530235 0.012609
vt 0.922336 0.626300
vt 0.946300 0.617993
vt 0.945979 0.648734
vt 0.894856 0.648734
vt 0.413686 0.629747
vt 0.412906 0.626454
vt 0.420775 0.619684
vt 0.426444 0.627248
vt 0.413421 0.603479
vt 0.426444 0.599005
vt 0.958935 0.527158
vt 0.936372 0.499044
vt 0.955105 0.536618
vt 0.958935 0.485081
vt 0.813628 0.092358
vt 0.814531 0.080018
vt 0.814531 0.113472
vt 0.201237 0.950723
vt 0.169224 0.922117
vt 0.170571 0.950723
vt 0.206227 0.909132
vt 0.717666 0.115280
vt 0.729693 0.112964
vt 0.729693 0.083635
vt 0.716155 0.110070
vt 0.369830 0.270796
vt 0.356949 0.272604
vt 0.370487 0.272604
vt 0.917200 0.882911
vt 0.905686 0.892857
vt 0.919224 0.892857
vt 0.831679 0.678034
vt 0.833200 0.649638
vt 0.838899 0.663679
vt 0.838899 0.680380
vt 0.071827 0.917344
vt 0.078971 0.883816
vt 0.066336 0.911598
vt 0.078971 0.926311
vt 0.217960 0.868445
vt 0.250451 0.868445
vt 0.232972 0.860307
vt 0.199980 0.990506
vt 0.180957 0.997740
vt 0.213448 0.997740
vt 0.537455 0.226869
vt 0.540162 0.219259
vt 0.540162 0.230108
vt 0.508574 0.473327
vt 0.508574 0.484177
vt 0.506769 0.475810
vt 0.980333 0.620885
vt 0.996841 0.596293
vt 0.975181 0.601447
vt 0.996841 0.622514
vt 0.415905 0.161392
vt 0.415614 0.205355
vt 0.433664 0.167804
vt 0.433664 0.226492
vt 0.988718 0.797920
vt 0.967058 0.803389
vt 0.988718 0.826854
vt 0.967488 0.820892
vt 0.982426 0.981465
vt 0.983303 0.944394
vt 0.950812 0.969916
vt 0.953407 0.981465
vt 0.510403 0.670434
vt 0.553561 0.649132
vt 0.503855 0.648789
vt 0.564531 0.670434
vt 0.524175 0.638788
vt 0.500451 0.645353
vt 0.012184 0.353978
vt 0.005866 0.320310
vt 0.012184 0.292495
vt 0.563628 0.306058
vt 0.587996 0.306058
vt 0.568259 0.277125
vt 0.013578 0.891139
vt 0.000451 0.903799
vt 0.013989 0.874774
vt 0.013989 0.929024
vt 0.478791 0.229204
vt 0.457833 0.225380
vt 0.478791 0.196655
vt 0.457130 0.217761
vt 0.415244 0.903707
vt 0.411447 0.882009
vt 0.438795 0.897441
vt 0.431594 0.877113
vt 0.436573 0.875678
vt 0.384928 0.891953
vt 0.385618 0.890314
vt 0.449910 0.903707
vt 0.238718 0.949819
vt 0.195667 0.976429
vt 0.238718 0.979656
vt 0.195397 0.953365
vt 0.989621 0.325949
vt 0.989621 0.382911
vt 0.980596 0.363214
vt 0.050993 0.777369
vt 0.079874 0.752712
vt 0.077319 0.786120
vt 0.056585 0.770933
vt 0.079874 0.786166
vt 0.217195 0.368623
vt 0.232354 0.389394
vt 0.232401 0.391953
vt 0.199007 0.391953
vt 0.223619 0.363020
vt 0.326362 0.797920
vt 0.317238 0.801537
vt 0.353339 0.801537
vt 0.233303 0.646022
vt 0.228791 0.637902
vt 0.233303 0.609855
vt 0.819043 0.166817
vt 0.819043 0.204792
vt 0.818141 0.195621
vt 0.678249 0.300633
vt 0.664598 0.267179
vt 0.647563 0.300633
vt 0.119227 0.702080
vt 0.100757 0.705274
vt 0.120487 0.717450
vt 0.096119 0.717450
vt 0.939079 0.212025
vt 0.906588 0.199075
vt 0.939079 0.162297
vt 0.691086 0.923599
vt 0.663508 0.951572
vt 0.659296 0.959765
vt 0.700812 0.959765
vt 0.261282 0.932640
vt 0.280235 0.932640
vt 0.272793 0.887432
vt 0.572653 0.990506
vt 0.619585 0.990506
vt 0.601609 0.975136
vt 0.570309 0.721971
vt 0.561823 0.764467
vt 0.597022 0.764467
vt 0.935469 0.691230
vt 0.925542 0.661552
vt 0.935469 0.655967
vt 0.012184 0.589564
vt 0.036552 0.617993
vt 0.036552 0.562410
vt 0.018636 0.603116
vt 0.020897 0.534810
vt 0.661101 0.438969
vt 0.632220 0.465325
vt 0.639869 0.498644
vt 0.661101 0.489291
vt 0.930860 0.593594
vt 0.942690 0.547468
vt 0.942690 0.602622
vt 0.917419 0.559600
vt 0.818141 0.303345
vt 0.765794 0.273987
vt 0.818141 0.272604
vt 0.767138 0.295209
vt 0.859291 0.947107
vt 0.814531 0.950723
vt 0.887635 0.950723
usemtl baked
f 1268/1268 1276/1276 1270/1270
f 1264/1264 1268/1268 1270/1270
f 1440/1440 1441/1441 1442/1442
f 1270/1270 1276/1276 1277/1277
f 1443/1443 1440/1440 1442/1442
f 1276/1276 1278/1278 1277/1277
f 1475/1475 1476/1476 1477/1477
f 1475/1475 1477/1477 1478/1478
f 1266/1266 1264/1264 1263/1263
f 1264/1264 1267/1267 1268/1268
f 1266/1266 1267/1267 1264/1264
f 756/756 752/752 754/754
f 1479/1479 1480/1480 1481/1481
f 1492/1492 1493/1493 1494/1494
f 1494/1494 1495/1495 1492/1492
f 1488/1488 1489/1489 1490/1490
f 1490/1490 1489/1489 1491/1491
f 1496/1496 1497/1497 1498/1498
f 1482/1482 1483/1483 1484/1484
f 754/754 752/752 751/751
f 770/770 767/767 769/769
f 767/767 768/768 769/769
f 778/778 777/777 776/776
f 778/778 779/779 777/777
f 779/779 780/780 777/777
f 1531/1531 1529/1529 1528/1528
f 1531/1531 1528/1528 1532/1532
f 1499/1499 1500/1500 1501/1501
f 1528/1528 1529/1529 1530/1530
f 1532/1532 1528/1528 1530/1530
f 1533/1533 1532/1532 1530/1530
f 1111/1111 1120/1120 1104/1104
f 1104/1104 1120/1120 1119/1119
f 955/955 940/940 945/945
f 941/941 940/940 955/955
f 839/839 836/836 830/830
f 839/839 830/830 824/824
f 1538/1538 1537/1537 1540/1540
f 1537/1537 1538/1538 1539/1539
f 823/823 817/817 820/820
f 823/823 820/820 822/822
f 823/823 824/824 817/817
f 821/821 822/822 820/820
f 820/820 814/814 815/815
f 820/820 817/817 814/814
f 824/824 818/818 817/817
f 824/824 830/830 818/818
f 1104/1104 1118/1118 1105/1105
f 1119/1119 1118/1118 1104/1104
f 1546/1546 1545/1545 1541/1541
f 1545/1545 1542/1542 1541/1541
f 1551/1551 1552/1552 1553/1553
f 1554/1554 1553/1553 1552/1552
f 1550/1550 1548/1548 1547/1547
f 1547/1547 1548/1548 1549/1549
f 1555/1555 1556/1556 1557/1557
f 1420/1420 1422/1422 1423/1423
f 1384/1384 1386/1386 1396/1396
f 1385/1385 1386/1386 1384/1384
f 1381/1381 1377/1377 1382/1382
f 1382/1382 1377/1377 1384/1384
f 1382/1382 1384/1384 1383/1383
f 1384/1384 1396/1396 1383/1383
f 1381/1381 1382/1382 1383/1383
f 1389/1389 1386/1386 1388/1388
f 312/312 313/313 299/299
f 312/312 298/298 311/311
f 312/312 295/295 298/298
f 312/312 299/299 295/295
f 1408/1408 1403/1403 1404/1404
f 1368/1368 1404/1404 1403/1403
f 2057/2057 2058/2058 2059/2059
f 2059/2059 2058/2058 2101/2101
f 2060/2060 2061/2061 2062/2062
f 2060/2060 2057/2057 2059/2059
f 2185/2185 2187/2187 2182/2182
f 2185/2185 2186/2186 2187/2187
f 2065/2065 2066/2066 2067/2067
f 2065/2065 2064/2064 2066/2066
f 2073/2073 2071/2071 2079/2079
f 2071/2071 2080/2080 2079/2079
f 2071/2071 2067/2067 2080/2080
f 2071/2071 2068/2068 2067/2067
f 2068/2068 2069/2069 2065/2065
f 2067/2067 2068/2068 2065/2065
f 2070/2070 2081/2081 2069/2069
f 2082/2082 2081/2081 2070/2070
f 2197/2197 2198/2198 2199/2199
f 2199/2199 2198/2198 2200/2200
f 2065/2065 2062/2062 2064/2064
f 2062/2062 2063/2063 2064/2064
f 2065/2065 2069/2069 2062/2062
f 2069/2069 2088/2088 2062/2062
f 2070/2070 2068/2068 2071/2071
f 2074/2074 2072/2072 2073/2073
f 2072/2072 2071/2071 2073/2073
f 2072/2072 2070/2070 2071/2071
f 2070/2070 2069/2069 2068/2068
f 2075/2075 2074/2074 2073/2073
f 2197/2197 2201/2201 2198/2198
f 2197/2197 2202/2202 2201/2201
f 2207/2207 2208/2208 2209/2209
f 2210/2210 2209/2209 2208/2208
f 2209/2209 2210/2210 2211/2211
f 2211/2211 2210/2210 2212/2212
f 1253/1253 1250/1250 1252/1252
f 1252/1252 1250/1250 1251/1251
f 1244/1244 1249/1249 1250/1250
f 1250/1250 1249/1249 1251/1251
f 2213/2213 2214/2214 2215/2215
f 2213/2213 2215/2215 2216/2216
f 2220/2220 2219/2219 2215/2215
f 2216/2216 2215/2215 2217/2217
f 2215/2215 2219/2219 2217/2217
f 2216/2216 2217/2217 2218/2218
f 2086/2086 2084/2084 2083/2083
f 2081/2081 2085/2085 2069/2069
f 2069/2069 2085/2085 2088/2088
f 2082/2082 2083/2083 2081/2081
f 2204/2204 2206/2206 2205/2205
f 2087/2087 2084/2084 2086/2086
f 2084/2084 2085/2085 2081/2081
f 2081/2081 2083/2083 2084/2084
f 1259/1259 1260/1260 1261/1261
f 1262/1262 1261/1261 1260/1260
f 139/139 138/138 147/147
f 148/148 147/147 149/149
f 149/149 147/147 150/150
f 2204/2204 2205/2205 2202/2202
f 138/138 141/141 145/145
f 2222/2222 2223/2223 2224/2224
f 2225/2225 2223/2223 2222/2222
f 2204/2204 2202/2202 2203/2203
f 2203/2203 2202/2202 2197/2197
f 138/138 145/145 147/147
f 147/147 151/151 150/150
f 145/145 151/151 147/147
f 2063/2063 2061/2061 2103/2103
f 2061/2061 2089/2089 2103/2103
f 2090/2090 2093/2093 2092/2092
f 2092/2092 2093/2093 2094/2094
f 2064/2064 2063/2063 2103/2103
f 2104/2104 2064/2064 2103/2103
f 2226/2226 2227/2227 2228/2228
f 2232/2232 2233/2233 2234/2234
f 2234/2234 2233/2233 2235/2235
f 2092/2092 2094/2094 2095/2095
f 2095/2095 2094/2094 2096/2096
f 2253/2253 2254/2254 2255/2255
f 2256/2256 2257/2257 2258/2258
f 1973/1973 1974/1974 1975/1975
f 2229/2229 2230/2230 2231/2231
f 2091/2091 2090/2090 2092/2092
f 2090/2090 2091/2091 2089/2089
f 1731/1731 1732/1732 1733/1733
f 1733/1733 1732/1732 1734/1734
f 2259/2259 2260/2260 2261/2261
f 2260/2260 2262/2262 2261/2261
f 2266/2266 2263/2263 2265/2265
f 2263/2263 2264/2264 2265/2265
f 2267/2267 2269/2269 2270/2270
f 2267/2267 2268/2268 2269/2269
f 2180/2180 2179/2179 2182/2182
f 2185/2185 2182/2182 2179/2179
f 1762/1762 1761/1761 1759/1759
f 1758/1758 1762/1762 1759/1759
f 2181/2181 2154/2154 2189/2189
f 2193/2193 2181/2181 2189/2189
f 2191/2191 2190/2190 2188/2188
f 2190/2190 2189/2189 2188/2188
f 422/422 421/421 423/423
f 420/420 421/421 422/422
f 2184/2184 2192/2192 2155/2155
f 2154/2154 2184/2184 2155/2155
f 2188/2188 2154/2154 2155/2155
f 2189/2189 2154/2154 2188/2188
f 2271/2271 2272/2272 2273/2273
f 2192/2192 2183/2183 2194/2194
f 2184/2184 2183/2183 2192/2192
f 2156/2156 2160/2160 2157/2157
f 421/421 420/420 424/424
f 424/424 425/425 421/421
f 2182/2182 2184/2184 2180/2180
f 2182/2182 2183/2183 2184/2184
f 2165/2165 2178/2178 2157/2157
f 2160/2160 2165/2165 2157/2157
f 2157/2157 2178/2178 2181/2181
f 2157/2157 2181/2181 2193/2193
f 2178/2178 2179/2179 2180/2180
f 2178/2178 2180/2180 2181/2181
f 2177/2177 2179/2179 2178/2178
f 2165/2165 2177/2177 2178/2178
f 2181/2181 2180/2180 2184/2184
f 2154/2154 2181/2181 2184/2184
f 2274/2274 2275/2275 2276/2276
f 2169/2169 2170/2170 2168/2168
f 2169/2169 2168/2168 2167/2167
f 2162/2162 2164/2164 2161/2161
f 2162/2162 2166/2166 2164/2164
f 2168/2168 2166/2166 2167/2167
f 2167/2167 2166/2166 2162/2162
f 2076/2076 2075/2075 2073/2073
f 2161/2161 2160/2160 2159/2159
f 2163/2163 2162/2162 2159/2159
f 2162/2162 2161/2161 2159/2159
f 2159/2159 2160/2160 2156/2156
f 2161/2161 2164/2164 2165/2165
f 2161/2161 2165/2165 2160/2160
f 1245/1245 1246/1246 1247/1247
f 1246/1246 1248/1248 1247/1247
f 2175/2175 2176/2176 2174/2174
f 2174/2174 2171/2171 2175/2175
f 156/156 155/155 157/157
f 155/155 158/158 157/157
f 159/159 156/156 162/162
f 156/156 157/157 162/162
f 1254/1254 1231/1231 1240/1240
f 1240/1240 1231/1231 1230/1230
f 1238/1238 1240/1240 1227/1227
f 1240/1240 1230/1230 1227/1227
f 1256/1256 1255/1255 1240/1240
f 1240/1240 1255/1255 1254/1254
f 1258/1258 1256/1256 1240/1240
f 1258/1258 1240/1240 1238/1238
f 2077/2077 2078/2078 2074/2074
f 2077/2077 2074/2074 2075/2075
f 2170/2170 2171/2171 2168/2168
f 2274/2274 2277/2277 2275/2275
f 1658/1658 1659/1659 1660/1660
f 1661/1661 1658/1658 1660/1660
f 2171/2171 2174/2174 2173/2173
f 2173/2173 2172/2172 2171/2171
f 2171/2171 2172/2172 2168/2168
f 146/146 139/139 147/147
f 146/146 147/147 148/148
f 140/140 141/141 138/138
f 1238/1238 1227/1227 1237/1237
f 1232/1232 1237/1237 1227/1227
f 2101/2101 2100/2100 2093/2093
f 2100/2100 2099/2099 2093/2093
f 1244/1244 1243/1243 1245/1245
f 1244/1244 1245/1245 1249/1249
f 1227/1227 1230/1230 1228/1228
f 1226/1226 1227/1227 1228/1228
f 1226/1226 1228/1228 1241/1241
f 1226/1226 1241/1241 1242/1242
f 2221/2221 2220/2220 2214/2214
f 2214/2214 2220/2220 2215/2215
f 1242/1242 1241/1241 1243/1243
f 1242/1242 1243/1243 1244/1244
f 2278/2278 2279/2279 2280/2280
f 1229/1229 1227/1227 1226/1226
f 1227/1227 1229/1229 1232/1232
f 1232/1232 1229/1229 1233/1233
f 1232/1232 1233/1233 1234/1234
f 2280/2280 2279/2279 2281/2281
f 1230/1230 1231/1231 1228/1228
f 1231/1231 1235/1235 1228/1228
f 2102/2102 2101/2101 2058/2058
f 2102/2102 2100/2100 2101/2101
f 1236/1236 1257/1257 1241/1241
f 1241/1241 1257/1257 1243/1243
f 1228/1228 1235/1235 1236/1236
f 1228/1228 1236/1236 1241/1241
f 2062/2062 2061/2061 2063/2063
f 2089/2089 2059/2059 2090/2090
f 2060/2060 2059/2059 2061/2061
f 2061/2061 2059/2059 2089/2089
f 2059/2059 2101/2101 2090/2090
f 2282/2282 2283/2283 2284/2284
f 2283/2283 2285/2285 2284/2284
f 2099/2099 2097/2097 2094/2094
f 2093/2093 2099/2099 2094/2094
f 2094/2094 2097/2097 2096/2096
f 2097/2097 2098/2098 2096/2096
f 1246/1246 1245/1245 1243/1243
f 1257/1257 1246/1246 1243/1243
f 2101/2101 2093/2093 2090/2090
f 2135/2135 2136/2136 2137/2137
f 1976/1976 1977/1977 1978/1978
f 2289/2289 2290/2290 2291/2291
f 2286/2286 2287/2287 2288/2288
f 847/847 801/801 788/788
f 847/847 788/788 787/787
f 787/787 786/786 788/788
f 847/847 787/787 786/786
f 2292/2292 2293/2293 2294/2294
f 794/794 790/790 793/793
f 789/789 790/790 791/791
f 793/793 790/790 789/789
f 792/792 793/793 789/789
f 900/900 901/901 902/902
f 801/801 828/828 827/827
f 827/827 825/825 801/801
f 800/800 801/801 825/825
f 788/788 801/801 800/800
f 827/827 795/795 796/796
f 796/796 795/795 794/794
f 825/825 827/827 796/796
f 825/825 796/796 794/794
f 794/794 795/795 790/790
f 825/825 794/794 792/792
f 800/800 825/825 792/792
f 788/788 800/800 798/798
f 788/788 798/798 799/799
f 783/783 787/787 788/788
f 1047/1047 1048/1048 1049/1049
f 792/792 794/794 793/793
f 1419/1419 1420/1420 1421/1421
f 1400/1400 1383/1383 1399/1399
f 1422/1422 1420/1420 1419/1419
f 2295/2295 2296/2296 2297/2297
f 806/806 803/803 805/805
f 803/803 802/802 805/805
f 2298/2298 2299/2299 2300/2300
f 802/802 826/826 805/805
f 77/77 78/78 79/79
f 460/460 461/461 462/462
f 462/462 463/463 460/460
f 797/797 792/792 789/789
f 1396/1396 1386/1386 1389/1389
f 1399/1399 1383/1383 1398/1398
f 901/901 903/903 902/902
f 903/903 904/904 902/902
f 1396/1396 1389/1389 1397/1397
f 1383/1383 1396/1396 1398/1398
f 1396/1396 1397/1397 1398/1398
f 2303/2303 2302/2302 2304/2304
f 2305/2305 2303/2303 2304/2304
f 798/798 802/802 803/803
f 798/798 803/803 804/804
f 816/816 815/815 813/813
f 816/816 813/813 812/812
f 813/813 809/809 812/812
f 812/812 809/809 810/810
f 812/812 810/810 811/811
f 810/810 807/807 811/811
f 815/815 814/814 813/813
f 813/813 814/814 809/809
f 809/809 808/808 807/807
f 809/809 807/807 810/810
f 814/814 784/784 809/809
f 804/804 809/809 784/784
f 809/809 803/803 808/808
f 804/804 803/803 809/809
f 2307/2307 2308/2308 2309/2309
f 808/808 803/803 807/807
f 807/807 803/803 806/806
f 829/829 785/785 818/818
f 830/830 829/829 818/818
f 818/818 785/785 819/819
f 785/785 786/786 783/783
f 786/786 787/787 783/783
f 2306/2306 2301/2301 2303/2303
f 2301/2301 2302/2302 2303/2303
f 819/819 782/782 784/784
f 818/818 819/819 784/784
f 818/818 784/784 817/817
f 814/814 817/817 784/784
f 816/816 820/820 815/815
f 816/816 821/821 820/820
f 784/784 799/799 804/804
f 799/799 798/798 804/804
f 1133/1133 1134/1134 1135/1135
f 782/782 783/783 784/784
f 785/785 783/783 782/782
f 819/819 785/785 782/782
f 248/248 249/249 233/233
f 248/248 233/233 232/232
f 232/232 233/233 222/222
f 232/232 222/222 224/224
f 800/800 792/792 802/802
f 798/798 800/800 802/802
f 249/249 248/248 250/250
f 310/310 309/309 300/300
f 309/309 308/308 300/300
f 311/311 298/298 308/308
f 298/298 300/300 308/308
f 2310/2310 2311/2311 2312/2312
f 2310/2310 2313/2313 2311/2311
f 2031/2031 2030/2030 2029/2029
f 2028/2028 2029/2029 2030/2030
f 1825/1825 1827/1827 1826/1826
f 1752/1752 1754/1754 1755/1755
f 2122/2122 2123/2123 2124/2124
f 2123/2123 2125/2125 2124/2124
f 1935/1935 1934/1934 1936/1936
f 1933/1933 1934/1934 1935/1935
f 2121/2121 2115/2115 2108/2108
f 2121/2121 2118/2118 2115/2115
f 2105/2105 2057/2057 2107/2107
f 2058/2058 2057/2057 2105/2105
f 1835/1835 1837/1837 1836/1836
f 2017/2017 2014/2014 2016/2016
f 2017/2017 2016/2016 2018/2018
f 1948/1948 1951/1951 1949/1949
f 1948/1948 1949/1949 1950/1950
f 1952/1952 1953/1953 1954/1954
f 1824/1824 1825/1825 1826/1826
f 1982/1982 1981/1981 1983/1983
f 1981/1981 1982/1982 1979/1979
f 1905/1905 1906/1906 1907/1907
f 1876/1876 1877/1877 1878/1878
f 1628/1628 1629/1629 1630/1630
f 1877/1877 1879/1879 1878/1878
f 1881/1881 1880/1880 1882/1882
f 1880/1880 1876/1876 1882/1882
f 2325/2325 2323/2323 2322/2322
f 2329/2329 2337/2337 2336/2336
f 2329/2329 2331/2331 2337/2337
f 2332/2332 2331/2331 2330/2330
f 2330/2330 2331/2331 2329/2329
f 2330/2330 2329/2329 2325/2325
f 2325/2325 2329/2329 2323/2323
f 2324/2324 2335/2335 2334/2334
f 2323/2323 2335/2335 2324/2324
f 2323/2323 2336/2336 2335/2335
f 2329/2329 2336/2336 2323/2323
f 2317/2317 2315/2315 2314/2314
f 2314/2314 2315/2315 2316/2316
f 2322/2322 2323/2323 2324/2324
f 2324/2324 2328/2328 2326/2326
f 2324/2324 2334/2334 2328/2328
f 851/851 828/828 801/801
f 851/851 852/852 828/828
f 847/847 851/851 801/801
f 948/948 951/951 956/956
f 956/956 951/951 957/957
f 948/948 950/950 951/951
f 944/944 947/947 946/946
f 944/944 975/975 947/947
f 944/944 946/946 945/945
f 940/940 944/944 945/945
f 955/955 945/945 956/956
f 945/945 948/948 956/956
f 948/948 949/949 950/950
f 945/945 946/946 948/948
f 948/948 946/946 949/949
f 946/946 947/947 949/949
f 947/947 953/953 949/949
f 1358/1358 1380/1380 1410/1410
f 1361/1361 1358/1358 1410/1410
f 1354/1354 1358/1358 1361/1361
f 1380/1380 1363/1363 1370/1370
f 1363/1363 1380/1380 1358/1358
f 1354/1354 1357/1357 1358/1358
f 2349/2349 2350/2350 2351/2351
f 890/890 892/892 894/894
f 1050/1050 1051/1051 1052/1052
f 1401/1401 1400/1400 1399/1399
f 748/748 749/749 750/750
f 892/892 891/891 893/893
f 917/917 918/918 919/919
f 890/890 891/891 892/892
f 894/894 892/892 893/893
f 905/905 901/901 900/900
f 1410/1410 1411/1411 1400/1400
f 1410/1410 1400/1400 1401/1401
f 1412/1412 1410/1410 1401/1401
f 1365/1365 1378/1378 1377/1377
f 1370/1370 1365/1365 1377/1377
f 1377/1377 1385/1385 1384/1384
f 1040/1040 1042/1042 1043/1043
f 1381/1381 1370/1370 1377/1377
f 1380/1380 1370/1370 1381/1381
f 1410/1410 1380/1380 1381/1381
f 1410/1410 1381/1381 1411/1411
f 881/881 882/882 858/858
f 858/858 872/872 881/881
f 873/873 874/874 878/878
f 879/879 873/873 878/878
f 876/876 874/874 875/875
f 872/872 871/871 881/881
f 2352/2352 2353/2353 2354/2354
f 872/872 868/868 871/871
f 874/874 868/868 872/872
f 874/874 873/873 868/868
f 963/963 964/964 965/965
f 965/965 967/967 966/966
f 966/966 967/967 968/968
f 878/878 874/874 876/876
f 963/963 965/965 966/966
f 882/882 859/859 858/858
f 858/858 860/860 877/877
f 858/858 877/877 875/875
f 876/876 875/875 877/877
f 880/880 876/876 877/877
f 875/875 872/872 858/858
f 875/875 874/874 872/872
f 858/858 859/859 860/860
f 933/933 978/978 977/977
f 933/933 977/977 976/976
f 930/930 954/954 961/961
f 845/845 837/837 839/839
f 930/930 961/961 962/962
f 838/838 837/837 854/854
f 853/853 838/838 854/854
f 837/837 838/838 835/835
f 2355/2355 2356/2356 2357/2357
f 831/831 785/785 829/829
f 829/829 830/830 831/831
f 830/830 831/831 785/785
f 402/402 405/405 403/403
f 402/402 403/403 404/404
f 729/729 727/727 726/726
f 785/785 832/832 786/786
f 726/726 727/727 728/728
f 832/832 847/847 786/786
f 785/785 831/831 832/832
f 830/830 836/836 831/831
f 836/836 835/835 831/831
f 837/837 835/835 836/836
f 837/837 836/836 839/839
f 2358/2358 2359/2359 2360/2360
f 930/930 979/979 929/929
f 1356/1356 1355/1355 1361/1361
f 92/92 93/93 94/94
f 1361/1361 1355/1355 1354/1354
f 1354/1354 1355/1355 1356/1356
f 846/846 851/851 847/847
f 832/832 846/846 847/847
f 832/832 843/843 846/846
f 833/833 843/843 832/832
f 2361/2361 2362/2362 2363/2363
f 993/993 995/995 994/994
f 992/992 993/993 994/994
f 843/843 850/850 849/849
f 107/107 108/108 109/109
f 843/843 848/848 846/846
f 849/849 848/848 843/843
f 2364/2364 2365/2365 2366/2366
f 2367/2367 2368/2368 2369/2369
f 104/104 105/105 106/106
f 896/896 890/890 895/895
f 895/895 890/890 894/894
f 856/856 853/853 854/854
f 857/857 856/856 854/854
f 839/839 824/824 823/823
f 89/89 90/90 91/91
f 823/823 840/840 839/839
f 929/929 979/979 931/931
f 841/841 823/823 822/822
f 840/840 823/823 841/841
f 2370/2370 2371/2371 2372/2372
f 929/929 930/930 931/931
f 626/626 624/624 625/625
f 625/625 624/624 621/621
f 621/621 622/622 623/623
f 621/621 624/624 622/622
f 952/952 968/968 972/972
f 952/952 972/972 954/954
f 1110/1110 1118/1118 1125/1125
f 1105/1105 1118/1118 1110/1110
f 931/931 957/957 929/929
f 947/947 963/963 966/966
f 947/947 966/966 953/953
f 953/953 966/966 968/968
f 953/953 968/968 952/952
f 957/957 951/951 929/929
f 950/950 930/930 951/951
f 951/951 930/930 929/929
f 953/953 952/952 949/949
f 950/950 949/949 952/952
f 972/972 968/968 967/967
f 930/930 950/950 952/952
f 952/952 954/954 930/930
f 864/864 873/873 879/879
f 970/970 973/973 964/964
f 208/208 214/214 209/209
f 978/978 971/971 977/977
f 970/970 964/964 969/969
f 971/971 970/970 969/969
f 977/977 971/971 969/969
f 208/208 215/215 214/214
f 865/865 861/861 863/863
f 865/865 863/863 864/864
f 971/971 973/973 970/970
f 969/969 964/964 963/963
f 866/866 862/862 861/861
f 1360/1360 1362/1362 1357/1357
f 1357/1357 1362/1362 1358/1358
f 1358/1358 1362/1362 1363/1363
f 2373/2373 2374/2374 2375/2375
f 2376/2376 2377/2377 2378/2378
f 1364/1364 1365/1365 1363/1363
f 1362/1362 1364/1364 1363/1363
f 1365/1365 1370/1370 1363/1363
f 1402/1402 1367/1367 1379/1379
f 1402/1402 1372/1372 1367/1367
f 1367/1367 1366/1366 1364/1364
f 1379/1379 1367/1367 1364/1364
f 1365/1365 1366/1366 1371/1371
f 1366/1366 1365/1365 1364/1364
f 1367/1367 1368/1368 1366/1366
f 1369/1369 1368/1368 1367/1367
f 1366/1366 1368/1368 1371/1371
f 1368/1368 1403/1403 1371/1371
f 1372/1372 1369/1369 1367/1367
f 1372/1372 1373/1373 1369/1369
f 867/867 884/884 871/871
f 864/864 867/867 868/868
f 873/873 864/864 868/868
f 867/867 871/871 868/868
f 1375/1375 1376/1376 1373/1373
f 1375/1375 1373/1373 1372/1372
f 863/863 862/862 864/864
f 862/862 867/867 864/864
f 861/861 862/862 863/863
f 838/838 834/834 835/835
f 834/834 833/833 835/835
f 844/844 842/842 834/834
f 842/842 843/843 833/833
f 834/834 842/842 833/833
f 835/835 833/833 831/831
f 831/831 833/833 832/832
f 855/855 834/834 853/853
f 838/838 853/853 834/834
f 855/855 844/844 834/834
f 976/976 975/975 935/935
f 935/935 975/975 944/944
f 972/972 967/967 974/974
f 1359/1359 1360/1360 1357/1357
f 1359/1359 1357/1357 1356/1356
f 1356/1356 1357/1357 1354/1354
f 1362/1362 1402/1402 1379/1379
f 1362/1362 1379/1379 1364/1364
f 851/851 848/848 852/852
f 846/846 848/848 851/851
f 976/976 969/969 975/975
f 976/976 977/977 969/969
f 975/975 963/963 947/947
f 975/975 969/969 963/963
f 1402/1402 1362/1362 1360/1360
f 1895/1895 1896/1896 1897/1897
f 2400/2400 2398/2398 2397/2397
f 2397/2397 2398/2398 2399/2399
f 2389/2389 2387/2387 2384/2384
f 2389/2389 2384/2384 2390/2390
f 2388/2388 2386/2386 2387/2387
f 2387/2387 2386/2386 2384/2384
f 2379/2379 2380/2380 2381/2381
f 2397/2397 2399/2399 2401/2401
f 2393/2393 2394/2394 2395/2395
f 2396/2396 2395/2395 2394/2394
f 2399/2399 2402/2402 2401/2401
f 466/466 465/465 467/467
f 2389/2389 2390/2390 2391/2391
f 2392/2392 2389/2389 2391/2391
f 1386/1386 1387/1387 1388/1388
f 1387/1387 1391/1391 1390/1390
f 1387/1387 1390/1390 1388/1388
f 1391/1391 1392/1392 1390/1390
f 1392/1392 1393/1393 1390/1390
f 313/313 314/314 299/299
f 314/314 305/305 299/299
f 465/465 469/469 467/467
f 1371/1371 1403/1403 1405/1405
f 1371/1371 1405/1405 1409/1409
f 1365/1365 1409/1409 1378/1378
f 1371/1371 1409/1409 1365/1365
f 1409/1409 1395/1395 1394/1394
f 1413/1413 1414/1414 1415/1415
f 1424/1424 1425/1425 1426/1426
f 1385/1385 1387/1387 1386/1386
f 1040/1040 1041/1041 1042/1042
f 1416/1416 1417/1417 1418/1418
f 2406/2406 2404/2404 2403/2403
f 2403/2403 2404/2404 2405/2405
f 468/468 464/464 466/466
f 467/467 468/468 466/466
f 1394/1394 1395/1395 1391/1391
f 1387/1387 1394/1394 1391/1391
f 734/734 733/733 730/730
f 2384/2384 2386/2386 2385/2385
f 1405/1405 1406/1406 1407/1407
f 464/464 465/465 466/466
f 592/592 594/594 593/593
f 43/43 44/44 45/45
f 58/58 59/59 60/60
f 61/61 58/58 60/60
f 870/870 885/885 886/886
f 1373/1373 1374/1374 1369/1369
f 886/886 885/885 887/887
f 95/95 96/96 97/97
f 1403/1403 1408/1408 1406/1406
f 1403/1403 1406/1406 1405/1405
f 591/591 592/592 593/593
f 764/764 761/761 765/765
f 766/766 764/764 765/765
f 1024/1024 1036/1036 1035/1035
f 1025/1025 1036/1036 1024/1024
f 2410/2410 2407/2407 2409/2409
f 2407/2407 2408/2408 2409/2409
f 1024/1024 1025/1025 1026/1026
f 1017/1017 1018/1018 1019/1019
f 1025/1025 1024/1024 1027/1027
f 1028/1028 1025/1025 1027/1027
f 2411/2411 2412/2412 2413/2413
f 2414/2414 2415/2415 2416/2416
f 2417/2417 2418/2418 2419/2419
f 595/595 594/594 592/592
f 761/761 764/764 762/762
f 761/761 762/762 763/763
f 862/862 866/866 870/870
f 101/101 102/102 103/103
f 2423/2423 2424/2424 2425/2425
f 2420/2420 2421/2421 2422/2422
f 2427/2427 2429/2429 2428/2428
f 2426/2426 2427/2427 2428/2428
f 2441/2441 2439/2439 2438/2438
f 2438/2438 2439/2439 2440/2440
f 2430/2430 2433/2433 2431/2431
f 2430/2430 2431/2431 2432/2432
f 2442/2442 2443/2443 2444/2444
f 2443/2443 2445/2445 2444/2444
f 1595/1595 1596/1596 1597/1597
f 1854/1854 1852/1852 1872/1872
f 1850/1850 1854/1854 1855/1855
f 1850/1850 1845/1845 1854/1854
f 1856/1856 1855/1855 1857/1857
f 2434/2434 2437/2437 2435/2435
f 2434/2434 2435/2435 2436/2436
f 1855/1855 1860/1860 1857/1857
f 1987/1987 1988/1988 1989/1989
f 1988/1988 1990/1990 1989/1989
f 2248/2248 2249/2249 2250/2250
f 2236/2236 2237/2237 2238/2238
f 2239/2239 2241/2241 2242/2242
f 2244/2244 2245/2245 2246/2246
f 2005/2005 1999/1999 2003/2003
f 1997/1997 1999/1999 2005/2005
f 2446/2446 2451/2451 2452/2452
f 2010/2010 2007/2007 2009/2009
f 2007/2007 2008/2008 2009/2009
f 2006/2006 2005/2005 2007/2007
f 2007/2007 2005/2005 2008/2008
f 2005/2005 1995/1995 1997/1997
f 2006/2006 1995/1995 2005/2005
f 2453/2453 2446/2446 2452/2452
f 2448/2448 2447/2447 2449/2449
f 2447/2447 2450/2450 2449/2449
f 2446/2446 2447/2447 2448/2448
f 2446/2446 2448/2448 2451/2451
f 415/415 412/412 414/414
f 1749/1749 1750/1750 1751/1751
f 2454/2454 2455/2455 2456/2456
f 2457/2457 2458/2458 2459/2459
f 2463/2463 2460/2460 2462/2462
f 1857/1857 1860/1860 1861/1861
f 1860/1860 1871/1871 1861/1861
f 2464/2464 2465/2465 2466/2466
f 2464/2464 2467/2467 2465/2465
f 2460/2460 2461/2461 2462/2462
f 1873/1873 1854/1854 1872/1872
f 1872/1872 1874/1874 1873/1873
f 2468/2468 2469/2469 2470/2470
f 2470/2470 2469/2469 2471/2471
f 1582/1582 1583/1583 1584/1584
f 2001/2001 1991/1991 1992/1992
f 1991/1991 1989/1989 1990/1990
f 1991/1991 1990/1990 1992/1992
f 1964/1964 1962/1962 1961/1961
f 2003/2003 2002/2002 2004/2004
f 1999/1999 2002/2002 2003/2003
f 1998/1998 1997/1997 1996/1996
f 1997/1997 1998/1998 1999/1999
f 2342/2342 2340/2340 2339/2339
f 2339/2339 2340/2340 2341/2341
f 2343/2343 2340/2340 2342/2342
f 2344/2344 2343/2343 2342/2342
f 413/413 414/414 412/412
f 2319/2319 2321/2321 2320/2320
f 2318/2318 2319/2319 2320/2320
f 1802/1802 1803/1803 1804/1804
f 2472/2472 2473/2473 2474/2474
f 1804/1804 1803/1803 1805/1805
f 2472/2472 2475/2475 2473/2473
f 153/153 152/152 146/146
f 152/152 139/139 146/146
f 152/152 137/137 139/139
f 137/137 138/138 139/139
f 2156/2156 2157/2157 2158/2158
f 2169/2169 2167/2167 2195/2195
f 2196/2196 2195/2195 2167/2167
f 2196/2196 2167/2167 2162/2162
f 2196/2196 2162/2162 2163/2163
f 154/154 153/153 146/146
f 154/154 146/146 155/155
f 2476/2476 2477/2477 2478/2478
f 2477/2477 2479/2479 2478/2478
f 2483/2483 2480/2480 2482/2482
f 2480/2480 2481/2481 2482/2482
f 154/154 155/155 156/156
f 163/163 154/154 156/156
f 160/160 159/159 162/162
f 159/159 160/160 161/161
f 1239/1239 1258/1258 1238/1238
f 1239/1239 1238/1238 1237/1237
f 140/140 143/143 144/144
f 137/137 142/142 140/140
f 143/143 140/140 142/142
f 137/137 140/140 138/138
f 269/269 291/291 265/265
f 291/291 290/290 265/265
f 269/269 265/265 268/268
f 268/268 265/265 264/264
f 1279/1279 1270/1270 1277/1277
f 1279/1279 1277/1277 1280/1280
f 1196/1196 1197/1197 1194/1194
f 1197/1197 1165/1165 1194/1194
f 1165/1165 1163/1163 1194/1194
f 653/653 656/656 654/654
f 653/653 654/654 655/655
f 2485/2485 2487/2487 2486/2486
f 2484/2484 2485/2485 2486/2486
f 2488/2488 2489/2489 2490/2490
f 2491/2491 2488/2488 2490/2490
f 699/699 697/697 696/696
f 696/696 697/697 698/698
f 1280/1280 1277/1277 1281/1281
f 1280/1280 1281/1281 1282/1282
f 1196/1196 1195/1195 1198/1198
f 1199/1199 1196/1196 1198/1198
f 616/616 615/615 613/613
f 613/613 615/615 614/614
f 1179/1179 1180/1180 1171/1171
f 2495/2495 2493/2493 2492/2492
f 2492/2492 2493/2493 2494/2494
f 1181/1181 1180/1180 1179/1179
f 1180/1180 1167/1167 1171/1171
f 1171/1171 1167/1167 1169/1169
f 1180/1180 1166/1166 1167/1167
f 1193/1193 1166/1166 1180/1180
f 2496/2496 2497/2497 2498/2498
f 934/934 933/933 935/935
f 110/110 111/111 112/112
f 2032/2032 2033/2033 2034/2034
f 2022/2022 2020/2020 2017/2017
f 2017/2017 2020/2020 2014/2014
f 2114/2114 2109/2109 2115/2115
f 2116/2116 2117/2117 2114/2114
f 2116/2116 2114/2114 2115/2115
f 2109/2109 2114/2114 2113/2113
f 2114/2114 2111/2111 2113/2113
f 2115/2115 2109/2109 2108/2108
f 2111/2111 2112/2112 2113/2113
f 2035/2035 2036/2036 2037/2037
f 1795/1795 1796/1796 1797/1797
f 1908/1908 1905/1905 1907/1907
f 1970/1970 1971/1971 1972/1972
f 1558/1558 1559/1559 1560/1560
f 1670/1670 1671/1671 1672/1672
f 1673/1673 1674/1674 1675/1675
f 2106/2106 2060/2060 2107/2107
f 2057/2057 2060/2060 2106/2106
f 2107/2107 2057/2057 2106/2106
f 1834/1834 1835/1835 1836/1836
f 1925/1925 1924/1924 1922/1922
f 1922/1922 1924/1924 1923/1923
f 1030/1030 1029/1029 1031/1031
f 1032/1032 1030/1030 1031/1031
f 1030/1030 1028/1028 1029/1029
f 1028/1028 1027/1027 1029/1029
f 489/489 487/487 486/486
f 486/486 487/487 488/488
f 2048/2048 2049/2049 2050/2050
f 1880/1880 1877/1877 1876/1876
f 1611/1611 1613/1613 1612/1612
f 2499/2499 2500/2500 2501/2501
f 943/943 939/939 942/942
f 943/943 936/936 939/939
f 936/936 935/935 939/939
f 936/936 934/934 935/935
f 940/940 935/935 944/944
f 942/942 941/941 959/959
f 958/958 942/942 959/959
f 958/958 943/943 942/942
f 960/960 943/943 958/958
f 942/942 939/939 941/941
f 941/941 939/939 940/940
f 939/939 935/935 940/940
f 2506/2506 2503/2503 2505/2505
f 2502/2502 2505/2505 2503/2503
f 2502/2502 2503/2503 2504/2504
f 2108/2108 2109/2109 2110/2110
f 2109/2109 2113/2113 2110/2110
f 1217/1217 1210/1210 1212/1212
f 1220/1220 1210/1210 1217/1217
f 1204/1204 1205/1205 1206/1206
f 1206/1206 1205/1205 1207/1207
f 1206/1206 1207/1207 1208/1208
f 356/356 358/358 359/359
f 356/356 355/355 358/358
f 2507/2507 2508/2508 2509/2509
f 2345/2345 2346/2346 2347/2347
f 411/411 407/407 409/409
f 410/410 411/411 409/409
f 406/406 407/407 408/408
f 409/409 407/407 406/406
f 410/410 412/412 411/411
f 413/413 412/412 410/410
f 203/203 195/195 196/196
f 203/203 196/196 205/205
f 2345/2345 2348/2348 2346/2346
f 1866/1866 1862/1862 1859/1859
f 1849/1849 1848/1848 1850/1850
f 1849/1849 1850/1850 1855/1855
f 1849/1849 1855/1855 1856/1856
f 1862/1862 1848/1848 1849/1849
f 1821/1821 1822/1822 1823/1823
f 1858/1858 1856/1856 1857/1857
f 1859/1859 1849/1849 1858/1858
f 1849/1849 1856/1856 1858/1858
f 1859/1859 1862/1862 1849/1849
f 1854/1854 1846/1846 1852/1852
f 1845/1845 1846/1846 1854/1854
f 1848/1848 1841/1841 1845/1845
f 1848/1848 1845/1845 1850/1850
f 2510/2510 2511/2511 2512/2512
f 2511/2511 2513/2513 2512/2512
f 1845/1845 1840/1840 1846/1846
f 1841/1841 1840/1840 1845/1845
f 1928/1928 1921/1921 1932/1932
f 1928/1928 1926/1926 1921/1921
f 264/264 266/266 270/270
f 270/270 266/266 293/293
f 270/270 271/271 268/268
f 270/270 268/268 264/264
f 1155/1155 1152/1152 1156/1156
f 1152/1152 1155/1155 1153/1153
f 2514/2514 2515/2515 2516/2516
f 2516/2516 2515/2515 2519/2519
f 2537/2537 2534/2534 2536/2536
f 2534/2534 2535/2535 2536/2536
f 1152/1152 1159/1159 1156/1156
f 1160/1160 1159/1159 1152/1152
f 2518/2518 2514/2514 2517/2517
f 2514/2514 2516/2516 2517/2517
f 2538/2538 2539/2539 2540/2540
f 2542/2542 2540/2540 2539/2539
f 2540/2540 2542/2542 2543/2543
f 1864/1864 1862/1862 1866/1866
f 1863/1863 1862/1862 1864/1864
f 1929/1929 1927/1927 1926/1926
f 1926/1926 1927/1927 1921/1921
f 1929/1929 1930/1930 1927/1927
f 1930/1930 1931/1931 1927/1927
f 1724/1724 1728/1728 1729/1729
f 1724/1724 1726/1726 1728/1728
f 1724/1724 1723/1723 1726/1726
f 1726/1726 1723/1723 1727/1727
f 1865/1865 1870/1870 1863/1863
f 1865/1865 1863/1863 1864/1864
f 1867/1867 1843/1843 1863/1863
f 1863/1863 1870/1870 1867/1867
f 1863/1863 1843/1843 1848/1848
f 1863/1863 1848/1848 1862/1862
f 1843/1843 1867/1867 1868/1868
f 1868/1868 1842/1842 1843/1843
f 272/272 268/268 271/271
f 273/273 272/272 271/271
f 272/272 292/292 269/269
f 272/272 269/269 268/268
f 1730/1730 1722/1722 1724/1724
f 1730/1730 1724/1724 1729/1729
f 1157/1157 1156/1156 1158/1158
f 2544/2544 2545/2545 2546/2546
f 2544/2544 2547/2547 2545/2545
f 1155/1155 1156/1156 1157/1157
f 2541/2541 2538/2538 2540/2540
f 1735/1735 1739/1739 1740/1740
f 1735/1735 1738/1738 1739/1739
f 1735/1735 1736/1736 1737/1737
f 1735/1735 1737/1737 1738/1738
f 265/265 290/290 267/267
f 290/290 282/282 267/267
f 264/264 265/265 266/266
f 265/265 267/267 266/266
f 1164/1164 1163/1163 1165/1165
f 1163/1163 1164/1164 1161/1161
f 1196/1196 1194/1194 1195/1195
f 397/397 387/387 389/389
f 397/397 389/389 394/394
f 2333/2333 2322/2322 2327/2327
f 2338/2338 2322/2322 2333/2333
f 982/982 981/981 983/983
f 2327/2327 2322/2322 2326/2326
f 2326/2326 2322/2322 2324/2324
f 610/610 619/619 618/618
f 618/618 619/619 620/620
f 2548/2548 2549/2549 2550/2550
f 1195/1195 1194/1194 1193/1193
f 1194/1194 1163/1163 1166/1166
f 1193/1193 1194/1194 1166/1166
f 1161/1161 1162/1162 1163/1163
f 1163/1163 1162/1162 1166/1166
f 617/617 611/611 610/610
f 610/610 618/618 617/617
f 612/612 608/608 611/611
f 608/608 610/610 611/611
f 613/613 614/614 608/608
f 613/613 608/608 612/612
f 608/608 609/609 610/610
f 1014/1014 1015/1015 1016/1016
f 548/548 549/549 545/545
f 1212/1212 1213/1213 1214/1214
f 1212/1212 1214/1214 1215/1215
f 545/545 547/547 546/546
f 544/544 545/545 546/546
f 580/580 570/570 569/569
f 577/577 580/580 569/569
f 580/580 581/581 570/570
f 581/581 582/582 570/570
f 263/263 261/261 260/260
f 260/260 261/261 262/262
f 545/545 549/549 547/547
f 476/476 479/479 477/477
f 476/476 477/477 478/478
f 1170/1170 1173/1173 1169/1169
f 1169/1169 1172/1172 1171/1171
f 1179/1179 1171/1171 1175/1175
f 1175/1175 1171/1171 1174/1174
f 1169/1169 1173/1173 1172/1172
f 1171/1171 1172/1172 1174/1174
f 1144/1144 1145/1145 1140/1140
f 1144/1144 1140/1140 1143/1143
f 1146/1146 1147/1147 1145/1145
f 1144/1144 1146/1146 1145/1145
f 1/1 2/2 3/3
f 1/1 3/3 4/4
f 1140/1140 1141/1141 1142/1142
f 1143/1143 1140/1140 1142/1142
f 1177/1177 1175/1175 1176/1176
f 1178/1178 1177/1177 1176/1176
f 1173/1173 1182/1182 1172/1172
f 1174/1174 1182/1182 1183/1183
f 1174/1174 1172/1172 1182/1182
f 1182/1182 1173/1173 1192/1192
f 1210/1210 1206/1206 1208/1208
f 1210/1210 1208/1208 1211/1211
f 1212/1212 1210/1210 1211/1211
f 1212/1212 1211/1211 1213/1213
f 390/390 388/388 387/387
f 387/387 388/388 389/389
f 980/980 981/981 982/982
f 585/585 590/590 586/586
f 579/579 585/585 584/584
f 583/583 579/579 584/584
f 584/584 585/585 586/586
f 2551/2551 2552/2552 2553/2553
f 2554/2554 2552/2552 2551/2551
f 574/574 577/577 575/575
f 573/573 574/574 575/575
f 576/576 574/574 567/567
f 567/567 574/574 573/573
f 561/561 560/560 563/563
f 565/565 576/576 567/567
f 567/567 573/573 568/568
f 566/566 567/567 568/568
f 442/442 444/444 445/445
f 587/587 566/566 568/568
f 589/589 566/566 587/587
f 568/568 573/573 575/575
f 575/575 578/578 579/579
f 568/568 575/575 579/579
f 568/568 579/579 583/583
f 587/587 568/568 583/583
f 442/442 443/443 444/444
f 565/565 567/567 566/566
f 564/564 565/565 566/566
f 1999/1999 1998/1998 2000/2000
f 1999/1999 2000/2000 2002/2002
f 990/990 991/991 986/986
f 990/990 986/986 989/989
f 1175/1175 1174/1174 1176/1176
f 1174/1174 1183/1183 1176/1176
f 1182/1182 1188/1188 1183/1183
f 1183/1183 1188/1188 1185/1185
f 1183/1183 1185/1185 1184/1184
f 1182/1182 1189/1189 1188/1188
f 1183/1183 1184/1184 1176/1176
f 1167/1167 1168/1168 1169/1169
f 1168/1168 1170/1170 1169/1169
f 1216/1216 1217/1217 1212/1212
f 1216/1216 1212/1212 1215/1215
f 1218/1218 1217/1217 1216/1216
f 354/354 355/355 356/356
f 13/13 14/14 15/15
f 1219/1219 1218/1218 1216/1216
f 569/569 570/570 571/571
f 569/569 571/571 572/572
f 578/578 569/569 572/572
f 578/578 572/572 588/588
f 577/577 569/569 578/578
f 577/577 578/578 575/575
f 501/501 502/502 503/503
f 501/501 503/503 504/504
f 989/989 986/986 988/988
f 986/986 987/987 988/988
f 203/203 205/205 207/207
f 1205/1205 1209/1209 1207/1207
f 757/757 758/758 759/759
f 757/757 760/760 758/758
f 392/392 395/395 393/393
f 393/393 395/395 396/396
f 392/392 394/394 395/395
f 397/397 394/394 392/392
f 1189/1189 1190/1190 1188/1188
f 1189/1189 1191/1191 1190/1190
f 1184/1184 1185/1185 1186/1186
f 1184/1184 1186/1186 1187/1187
f 354/354 357/357 355/355
f 646/646 647/647 648/648
f 647/647 646/646 649/649
f 391/391 392/392 393/393
f 352/352 350/350 349/349
f 349/349 350/350 351/351
f 1182/1182 1192/1192 1189/1189
f 1166/1166 1162/1162 1167/1167
f 1162/1162 1168/1168 1167/1167
f 562/562 558/558 560/560
f 561/561 562/562 560/560
f 557/557 558/558 559/559
f 560/560 558/558 557/557
f 1608/1608 1609/1609 1610/1610
f 1608/1608 1611/1611 1609/1609
f 2126/2126 2127/2127 2128/2128
f 2555/2555 2556/2556 2557/2557
f 2558/2558 2555/2555 2557/2557
f 2251/2251 2249/2249 2252/2252
f 2250/2250 2249/2249 2251/2251
f 2139/2139 2140/2140 2141/2141
f 1759/1759 1761/1761 1760/1760
f 1902/1902 1903/1903 1904/1904
f 1757/1757 1759/1759 1760/1760
f 2129/2129 2130/2130 2126/2126
f 2129/2129 2126/2126 2128/2128
f 2126/2126 2130/2130 2131/2131
f 1762/1762 1758/1758 1757/1757
f 1984/1984 1985/1985 1981/1981
f 1980/1980 1984/1984 1981/1981
f 2114/2114 2117/2117 2120/2120
f 2023/2023 2021/2021 2020/2020
f 1752/1752 1753/1753 1754/1754
f 1752/1752 1756/1756 1753/1753
f 1921/1921 1927/1927 1922/1922
f 1921/1921 1922/1922 1923/1923
f 2116/2116 2115/2115 2118/2118
f 2116/2116 2118/2118 2119/2119
f 1881/1881 1882/1882 1883/1883
f 1883/1883 1882/1882 1884/1884
f 1979/1979 1980/1980 1981/1981
f 2014/2014 2015/2015 2016/2016
f 2014/2014 2019/2019 2015/2015
f 1986/1986 1980/1980 1979/1979
f 2021/2021 2019/2019 2020/2020
f 2020/2020 2019/2019 2014/2014
f 1685/1685 1682/1682 1676/1676
f 1676/1676 1682/1682 1677/1677
f 1573/1573 1574/1574 1575/1575
f 1780/1780 1782/1782 1783/1783
f 1781/1781 1782/1782 1780/1780
f 1778/1778 1774/1774 1773/1773
f 1778/1778 1779/1779 1774/1774
f 1680/1680 1679/1679 1681/1681
f 1680/1680 1676/1676 1679/1679
f 1676/1676 1677/1677 1678/1678
f 1676/1676 1678/1678 1679/1679
f 2027/2027 2025/2025 2024/2024
f 2024/2024 2025/2025 2026/2026
f 1966/1966 1967/1967 1968/1968
f 1966/1966 1968/1968 1969/1969
f 62/62 63/63 64/64
f 2153/2153 2154/2154 2155/2155
f 2150/2150 2151/2151 2152/2152
f 1777/1777 1775/1775 1776/1776
f 1777/1777 1776/1776 1784/1784
f 2146/2146 2147/2147 2148/2148
f 2146/2146 2148/2148 2149/2149
f 1773/1773 1774/1774 1775/1775
f 1775/1775 1774/1774 1776/1776
f 1757/1757 1758/1758 1759/1759
f 1611/1611 1612/1612 1609/1609
f 1127/1127 1128/1128 1129/1129
f 1793/1793 1792/1792 1794/1794
f 1782/1782 1781/1781 1778/1778
f 1791/1791 1792/1792 1793/1793
f 1781/1781 1780/1780 1778/1778
f 1778/1778 1780/1780 1779/1779
f 1570/1570 1571/1571 1572/1572
f 1485/1485 1486/1486 1487/1487
f 629/629 628/628 630/630
f 1044/1044 1045/1045 1046/1046
f 322/322 319/319 323/323
f 1037/1037 1038/1038 1039/1039
f 923/923 924/924 925/925
f 374/374 376/376 377/377
f 377/377 376/376 378/378
f 2143/2143 2142/2142 2145/2145
f 2142/2142 2143/2143 2144/2144
f 512/512 513/513 514/514
f 554/554 555/555 556/556
f 509/509 510/510 511/511
f 470/470 471/471 472/472
f 627/627 628/628 629/629
f 926/926 923/923 925/925
f 22/22 23/23 24/24
f 2559/2559 2560/2560 2561/2561
f 2562/2562 2563/2563 2564/2564
f 337/337 339/339 342/342
f 342/342 339/339 340/340
f 164/164 165/165 166/166
f 164/164 166/166 169/169
f 595/595 601/601 594/594
f 601/601 602/602 594/594
f 165/165 168/168 167/167
f 165/165 167/167 166/166
f 1667/1667 1666/1666 1669/1669
f 1666/1666 1667/1667 1668/1668
f 1663/1663 1665/1665 1664/1664
f 1662/1662 1663/1663 1664/1664
f 63/63 62/62 65/65
f 1634/1634 1631/1631 1633/1633
f 1631/1631 1632/1632 1633/1633
f 1632/1632 1639/1639 1640/1640
f 1639/1639 1632/1632 1631/1631
f 65/65 66/66 63/63
f 1252/1252 1251/1251 1253/1253
f 170/170 169/169 171/171
f 164/164 169/169 170/170
f 600/600 598/598 599/599
f 600/600 599/599 603/603
f 67/67 68/68 69/69
f 67/67 69/69 70/70
f 1677/1677 1683/1683 1684/1684
f 1642/1642 1641/1641 1644/1644
f 1641/1641 1642/1642 1643/1643
f 1645/1645 1646/1646 1647/1647
f 1648/1648 1645/1645 1647/1647
f 29/29 31/31 32/32
f 1650/1650 1649/1649 1652/1652
f 1649/1649 1650/1650 1651/1651
f 1649/1649 1653/1653 1652/1652
f 1653/1653 1654/1654 1652/1652
f 1653/1653 1656/1656 1655/1655
f 1657/1657 1655/1655 1656/1656
f 1636/1636 1635/1635 1637/1637
f 1638/1638 1636/1636 1637/1637
f 1524/1524 1525/1525 1526/1526
f 1527/1527 1524/1524 1526/1526
f 1520/1520 1519/1519 1518/1518
f 1518/1518 1519/1519 1512/1512
f 379/379 373/373 372/372
f 131/131 132/132 133/133
f 380/380 379/379 372/372
f 380/380 381/381 379/379
f 675/675 676/676 677/677
f 912/912 911/911 906/906
f 25/25 26/26 27/27
f 27/27 26/26 28/28
f 639/639 640/640 641/641
f 339/339 338/338 340/340
f 340/340 338/338 341/341
f 364/364 365/365 366/366
f 365/365 367/367 366/366
f 640/640 639/639 642/642
f 1653/1653 1655/1655 1654/1654
f 128/128 129/129 130/130
f 9/9 10/10 11/11
f 531/531 534/534 532/532
f 531/531 532/532 533/533
f 1283/1283 1284/1284 1285/1285
f 29/29 30/30 31/31
f 1263/1263 1274/1274 1275/1275
f 40/40 41/41 42/42
f 140/140 145/145 141/141
f 1633/1633 1632/1632 1635/1635
f 1633/1633 1635/1635 1636/1636
f 435/435 436/436 437/437
f 36/36 38/38 39/39
f 36/36 37/37 38/38
f 252/252 253/253 254/254
f 252/252 255/255 253/253
f 906/906 907/907 908/908
f 908/908 907/907 910/910
f 320/320 318/318 317/317
f 320/320 317/317 321/321
f 490/490 491/491 492/492
f 897/897 898/898 899/899
f 438/438 439/439 440/440
f 438/438 441/441 439/439
f 1024/1024 1033/1033 1034/1034
f 1678/1678 1677/1677 1684/1684
f 2567/2567 2568/2568 2565/2565
f 2565/2565 2566/2566 2567/2567
f 9/9 11/11 12/12
f 5/5 6/6 7/7
f 8/8 5/5 7/7
f 19/19 20/20 21/21
f 372/372 373/373 374/374
f 376/376 374/374 375/375
f 374/374 373/373 375/375
f 906/906 909/909 907/907
f 906/906 911/911 909/909
f 668/668 669/669 667/667
f 532/532 536/536 535/535
f 664/664 670/670 668/668
f 533/533 532/532 535/535
f 694/694 691/691 693/693
f 33/33 34/34 35/35
f 691/691 692/692 693/693
f 664/664 668/668 667/667
f 692/692 695/695 693/693
f 595/595 599/599 601/601
f 603/603 599/599 595/595
f 1024/1024 1035/1035 1033/1033
f 458/458 455/455 454/454
f 454/454 459/459 458/458
f 454/454 455/455 456/456
f 457/457 456/456 455/455
f 1274/1274 1263/1263 1265/1265
f 337/337 338/338 339/339
f 317/317 318/318 319/319
f 319/319 322/322 317/317
f 927/927 928/928 926/926
f 927/927 926/926 925/925
f 1114/1114 1113/1113 1121/1121
f 1123/1123 1114/1114 1122/1122
f 1122/1122 1114/1114 1121/1121
f 1123/1123 1117/1117 1114/1114
f 1113/1113 1100/1100 1121/1121
f 1121/1121 1100/1100 1102/1102
f 1090/1090 1122/1122 1121/1121
f 1090/1090 1121/1121 1089/1089
f 2572/2572 2570/2570 2569/2569
f 1098/1098 1123/1123 1090/1090
f 1123/1123 1122/1122 1090/1090
f 1075/1075 1078/1078 1084/1084
f 1085/1085 1084/1084 1078/1078
f 1084/1084 1085/1085 1089/1089
f 1085/1085 1090/1090 1089/1089
f 86/86 87/87 88/88
f 500/500 498/498 499/499
f 1078/1078 1096/1096 1085/1085
f 1096/1096 1098/1098 1090/1090
f 1096/1096 1090/1090 1085/1085
f 1078/1078 1097/1097 1096/1096
f 1126/1126 1099/1099 1083/1083
f 1099/1099 1077/1077 1083/1083
f 1077/1077 1099/1099 1078/1078
f 1099/1099 1097/1097 1078/1078
f 1093/1093 1095/1095 1109/1109
f 1095/1095 1106/1106 1109/1109
f 221/221 238/238 239/239
f 223/223 221/221 239/239
f 1103/1103 1106/1106 1094/1094
f 1106/1106 1095/1095 1094/1094
f 1094/1094 1086/1086 1103/1103
f 1086/1086 1102/1102 1103/1103
f 1094/1094 1095/1095 1087/1087
f 1079/1079 1072/1072 1087/1087
f 1072/1072 1088/1088 1087/1087
f 1088/1088 1094/1094 1087/1087
f 1074/1074 1094/1094 1088/1088
f 1094/1094 1074/1074 1086/1086
f 1070/1070 1074/1074 1072/1072
f 1072/1072 1074/1074 1088/1088
f 1073/1073 1072/1072 1079/1079
f 238/238 242/242 239/239
f 242/242 238/238 241/241
f 1073/1073 1079/1079 1080/1080
f 83/83 84/84 85/85
f 1082/1082 1080/1080 1081/1081
f 1081/1081 1080/1080 1079/1079
f 1081/1081 1079/1079 1091/1091
f 1079/1079 1087/1087 1091/1091
f 1087/1087 1092/1092 1091/1091
f 1087/1087 1093/1093 1092/1092
f 1095/1095 1093/1093 1087/1087
f 223/223 246/246 247/247
f 223/223 239/239 246/246
f 2134/2134 2132/2132 2133/2133
f 2132/2132 2127/2127 2133/2133
f 2127/2127 2132/2132 2128/2128
f 1916/1916 1915/1915 1911/1911
f 1911/1911 1915/1915 1909/1909
f 1909/1909 1910/1910 1911/1911
f 1914/1914 1910/1910 1909/1909
f 1109/1109 1106/1106 1108/1108
f 1106/1106 1107/1107 1108/1108
f 1100/1100 1101/1101 1102/1102
f 1102/1102 1101/1101 1103/1103
f 1103/1103 1101/1101 1106/1106
f 1106/1106 1101/1101 1107/1107
f 1130/1130 1131/1131 1132/1132
f 1521/1521 1522/1522 1523/1523
f 1502/1502 1503/1503 1504/1504
f 1533/1533 1534/1534 1535/1535
f 1533/1533 1530/1530 1534/1534
f 1508/1508 1505/1505 1507/1507
f 1505/1505 1506/1506 1507/1507
f 1514/1514 1515/1515 1516/1516
f 1516/1516 1517/1517 1514/1514
f 1507/1507 1506/1506 1509/1509
f 1510/1510 1509/1509 1506/1506
f 238/238 221/221 236/236
f 219/219 236/236 221/221
f 219/219 218/218 236/236
f 218/218 225/225 228/228
f 228/228 229/229 218/218
f 225/225 218/218 217/217
f 217/217 218/218 219/219
f 1076/1076 1077/1077 1075/1075
f 1075/1075 1077/1077 1078/1078
f 236/236 237/237 243/243
f 236/236 243/243 244/244
f 229/229 231/231 235/235
f 229/229 235/235 234/234
f 228/228 240/240 231/231
f 228/228 231/231 229/229
f 237/237 234/234 243/243
f 1083/1083 1077/1077 1076/1076
f 229/229 234/234 218/218
f 218/218 234/234 237/237
f 218/218 237/237 236/236
f 2573/2573 2574/2574 2575/2575
f 2576/2576 2577/2577 2578/2578
f 305/305 306/306 304/304
f 304/304 306/306 307/307
f 2579/2579 2580/2580 2581/2581
f 775/775 776/776 777/777
f 775/775 777/777 781/781
f 780/780 781/781 777/777
f 1512/1512 1513/1513 1514/1514
f 1513/1513 1515/1515 1514/1514
f 1506/1506 1511/1511 1510/1510
f 1518/1518 1512/1512 1514/1514
f 1105/1105 1110/1110 1108/1108
f 1107/1107 1105/1105 1108/1108
f 1101/1101 1104/1104 1105/1105
f 1107/1107 1101/1101 1105/1105
f 1100/1100 1111/1111 1104/1104
f 1101/1101 1100/1100 1104/1104
f 302/302 299/299 305/305
f 226/226 230/230 225/225
f 226/226 225/225 217/217
f 295/295 296/296 297/297
f 298/298 295/295 297/297
f 305/305 304/304 302/302
f 303/303 302/302 304/304
f 303/303 304/304 307/307
f 296/296 302/302 303/303
f 299/299 302/302 296/296
f 295/295 299/299 296/296
f 125/125 126/126 127/127
f 230/230 228/228 225/225
f 224/224 223/223 247/247
f 222/222 223/223 224/224
f 217/217 219/219 220/220
f 220/220 219/219 221/221
f 300/300 301/301 315/315
f 300/300 297/297 301/301
f 300/300 298/298 297/297
f 310/310 300/300 316/316
f 316/316 300/300 315/315
f 80/80 81/81 82/82
f 134/134 135/135 136/136
f 227/227 226/226 220/220
f 220/220 226/226 217/217
f 222/222 220/220 221/221
f 222/222 221/221 223/223
f 238/238 236/236 241/241
f 244/244 241/241 236/236
f 1073/1073 1071/1071 1072/1072
f 1070/1070 1072/1072 1071/1071
f 1070/1070 1071/1071 1068/1068
f 1068/1068 1069/1069 1070/1070
f 2582/2582 2583/2583 2584/2584
f 1075/1075 1074/1074 1070/1070
f 1075/1075 1084/1084 1074/1074
f 1084/1084 1089/1089 1086/1086
f 1074/1074 1084/1084 1086/1086
f 244/244 243/243 245/245
f 1076/1076 1075/1075 1070/1070
f 1912/1912 1916/1916 1911/1911
f 1567/1567 1568/1568 1569/1569
f 2585/2585 2586/2586 2587/2587
f 2585/2585 2588/2588 2586/2586
f 1917/1917 1916/1916 1912/1912
f 1561/1561 1562/1562 1563/1563
f 1564/1564 1565/1565 1566/1566
f 1912/1912 1911/1911 1910/1910
f 1910/1910 1913/1913 1912/1912
f 1020/1020 1021/1021 1022/1022
f 1020/1020 1022/1022 1023/1023
f 1223/1223 1222/1222 1225/1225
f 1222/1222 1224/1224 1225/1225
f 1124/1124 1116/1116 1117/1117
f 1221/1221 1222/1222 1223/1223
f 1114/1114 1116/1116 1115/1115
f 1116/1116 1114/1114 1117/1117
f 2569/2569 2570/2570 2571/2571
f 1535/1535 1534/1534 1536/1536
f 959/959 941/941 955/955
f 1112/1112 1120/1120 1111/1111
f 1089/1089 1102/1102 1086/1086
f 1115/1115 1112/1112 1114/1114
f 1114/1114 1112/1112 1113/1113
f 1089/1089 1121/1121 1102/1102
f 1113/1113 1112/1112 1100/1100
f 1112/1112 1111/1111 1100/1100
f 1817/1817 1818/1818 1819/1819
f 1820/1820 1818/1818 1817/1817
f 2591/2591 2590/2590 2592/2592
f 2589/2589 2590/2590 2591/2591
f 1722/1722 1725/1725 1723/1723
f 1722/1722 1723/1723 1724/1724
f 1937/1937 1938/1938 1939/1939
f 1940/1940 1937/1937 1939/1939
f 2041/2041 2042/2042 2043/2043
f 2042/2042 2044/2044 2043/2043
f 2593/2593 2594/2594 2595/2595
f 2595/2595 2594/2594 2596/2596
f 2523/2523 2524/2524 2525/2525
f 2522/2522 2524/2524 2523/2523
f 1263/1263 1264/1264 1265/1265
f 1440/1440 1444/1444 1441/1441
f 1445/1445 1444/1444 1440/1440
f 1455/1455 1454/1454 1450/1450
f 1455/1455 1450/1450 1439/1439
f 1431/1431 1432/1432 1433/1433
f 1434/1434 1431/1431 1433/1433
f 1432/1432 1444/1444 1433/1433
f 1433/1433 1444/1444 1445/1445
f 1438/1438 1437/1437 1434/1434
f 1438/1438 1434/1434 1436/1436
f 53/53 51/51 50/50
f 50/50 51/51 52/52
f 178/178 179/179 174/174
f 174/174 179/179 180/180
f 2597/2597 2598/2598 2599/2599
f 2597/2597 2599/2599 2600/2600
f 181/181 183/183 179/179
f 179/179 183/183 184/184
f 2601/2601 2604/2604 2602/2602
f 2601/2601 2602/2602 2603/2603
f 181/181 178/178 182/182
f 178/178 181/181 179/179
f 2605/2605 2606/2606 2603/2603
f 2602/2602 2605/2605 2603/2603
f 1435/1435 1434/1434 1433/1433
f 1436/1436 1434/1434 1435/1435
f 1269/1269 1266/1266 1263/1263
f 1271/1271 1269/1269 1263/1263
f 172/172 173/173 174/174
f 173/173 178/178 174/174
f 1843/1843 1841/1841 1848/1848
f 1843/1843 1842/1842 1841/1841
f 1838/1838 1840/1840 1841/1841
f 1713/1713 1720/1720 1719/1719
f 1842/1842 1838/1838 1841/1841
f 1712/1712 1713/1713 1719/1719
f 1844/1844 1839/1839 1838/1838
f 1838/1838 1839/1839 1840/1840
f 1698/1698 1709/1709 1699/1699
f 1698/1698 1710/1710 1709/1709
f 1700/1700 1704/1704 1706/1706
f 1698/1698 1699/1699 1700/1700
f 1707/1707 1698/1698 1700/1700
f 1875/1875 1857/1857 1861/1861
f 1708/1708 1707/1707 1706/1706
f 1707/1707 1700/1700 1706/1706
f 1851/1851 1853/1853 1852/1852
f 1601/1601 1602/1602 1603/1603
f 2607/2607 2608/2608 2609/2609
f 1622/1622 1623/1623 1624/1624
f 1592/1592 1593/1593 1594/1594
f 2051/2051 2052/2052 2053/2053
f 1846/1846 1847/1847 1851/1851
f 1846/1846 1851/1851 1852/1852
f 1840/1840 1847/1847 1846/1846
f 1839/1839 1847/1847 1840/1840
f 2056/2056 2051/2051 2055/2055
f 1992/1992 1990/1990 1993/1993
f 2055/2055 2051/2051 2054/2054
f 1700/1700 1701/1701 1703/1703
f 1701/1701 1700/1700 1699/1699
f 1704/1704 1703/1703 1705/1705
f 1704/1704 1700/1700 1703/1703
f 1709/1709 1702/1702 1699/1699
f 1699/1699 1702/1702 1701/1701
f 1831/1831 1829/1829 1833/1833
f 1829/1829 1832/1832 1833/1833
f 1828/1828 1829/1829 1830/1830
f 1830/1830 1829/1829 1831/1831
f 2239/2239 2240/2240 2241/2241
f 2244/2244 2246/2246 2247/2247
f 2038/2038 2039/2039 2040/2040
f 1943/1943 1946/1946 1944/1944
f 1604/1604 1605/1605 1606/1606
f 1604/1604 1606/1606 1607/1607
f 1941/1941 1942/1942 1943/1943
f 1941/1941 1943/1943 1944/1944
f 1769/1769 1768/1768 1771/1771
f 1763/1763 1768/1768 1769/1769
f 1945/1945 1941/1941 1944/1944
f 1945/1945 1944/1944 1947/1947
f 1694/1694 1695/1695 1686/1686
f 1688/1688 1694/1694 1686/1686
f 1696/1696 1697/1697 1695/1695
f 1694/1694 1696/1696 1695/1695
f 1809/1809 1810/1810 1811/1811
f 1810/1810 1812/1812 1811/1811
f 1716/1716 1708/1708 1706/1706
f 1717/1717 1718/1718 1708/1708
f 1786/1786 1790/1790 1789/1789
f 1786/1786 1789/1789 1787/1787
f 1585/1585 1586/1586 1587/1587
f 1588/1588 1586/1586 1585/1585
f 2051/2051 2053/2053 2054/2054
f 1995/1995 1996/1996 1997/1997
f 1995/1995 1994/1994 1996/1996
f 1716/1716 1717/1717 1708/1708
f 1693/1693 1691/1691 1692/1692
f 1691/1691 1690/1690 1692/1692
f 1861/1861 1871/1871 1875/1875
f 1992/1992 1994/1994 1995/1995
f 1992/1992 1993/1993 1994/1994
f 2242/2242 2241/2241 2243/2243
f 1842/1842 1869/1869 1838/1838
f 1869/1869 1842/1842 1868/1868
f 2045/2045 2046/2046 2047/2047
f 1589/1589 1590/1590 1591/1591
f 1887/1887 1886/1886 1888/1888
f 1886/1886 1890/1890 1888/1888
f 984/984 985/985 981/981
f 980/980 984/984 981/981
f 1885/1885 1889/1889 1886/1886
f 1885/1885 1886/1886 1887/1887
f 1711/1711 1710/1710 1698/1698
f 1789/1789 1785/1785 1787/1787
f 1965/1965 1961/1961 1963/1963
f 1961/1961 1962/1962 1963/1963
f 1598/1598 1599/1599 1600/1600
f 1713/1713 1712/1712 1711/1711
f 1689/1689 1690/1690 1691/1691
f 1689/1689 1687/1687 1690/1690
f 1688/1688 1687/1687 1689/1689
f 1686/1686 1687/1687 1688/1688
f 1710/1710 1711/1711 1712/1712
f 1956/1956 1960/1960 1959/1959
f 1721/1721 1714/1714 1698/1698
f 1707/1707 1721/1721 1698/1698
f 1899/1899 1901/1901 1900/1900
f 1892/1892 1894/1894 1893/1893
f 1891/1891 1892/1892 1893/1893
f 1957/1957 1956/1956 1959/1959
f 1898/1898 1899/1899 1900/1900
f 2610/2610 2611/2611 2612/2612
f 1806/1806 1807/1807 1808/1808
f 2011/2011 2012/2012 2013/2013
f 1579/1579 1580/1580 1581/1581
f 1958/1958 1955/1955 1957/1957
f 1955/1955 1956/1956 1957/1957
f 1785/1785 1788/1788 1786/1786
f 1785/1785 1786/1786 1787/1787
f 427/427 429/429 428/428
f 426/426 427/427 428/428
f 350/350 353/353 351/351
f 430/430 432/432 429/429
f 430/430 431/431 432/432
f 427/427 430/430 429/429
f 1714/1714 1711/1711 1698/1698
f 1714/1714 1715/1715 1711/1711
f 1625/1625 1626/1626 1627/1627
f 1576/1576 1577/1577 1578/1578
f 1798/1798 1799/1799 1800/1800
f 1799/1799 1801/1801 1800/1800
f 433/433 432/432 431/431
f 433/433 434/434 432/432
f 1448/1448 1442/1442 1441/1441
f 1448/1448 1449/1449 1442/1442
f 2613/2613 2614/2614 2615/2615
f 2616/2616 2614/2614 2613/2613
f 1458/1458 1461/1461 1460/1460
f 1460/1460 1461/1461 1462/1462
f 1464/1464 1459/1459 1468/1468
f 1459/1459 1466/1466 1468/1468
f 1469/1469 1468/1468 1470/1470
f 1469/1469 1464/1464 1468/1468
f 1459/1459 1460/1460 1466/1466
f 1460/1460 1467/1467 1466/1466
f 714/714 715/715 716/716
f 1458/1458 1460/1460 1459/1459
f 1460/1460 1462/1462 1465/1465
f 1467/1467 1460/1460 1465/1465
f 1457/1457 1459/1459 1463/1463
f 1463/1463 1459/1459 1464/1464
f 714/714 717/717 715/715
f 686/686 683/683 685/685
f 683/683 684/684 685/685
f 1457/1457 1458/1458 1459/1459
f 194/194 193/193 197/197
f 197/197 193/193 198/198
f 199/199 198/198 193/193
f 195/195 194/194 196/196
f 1151/1151 1152/1152 1153/1153
f 294/294 270/270 293/293
f 294/294 293/293 278/278
f 294/294 278/278 280/280
f 278/278 279/279 280/280
f 280/280 279/279 281/281
f 1154/1154 1151/1151 1153/1153
f 1432/1432 1446/1446 1444/1444
f 1439/1439 1431/1431 1437/1437
f 1437/1437 1431/1431 1434/1434
f 1451/1451 1452/1452 1453/1453
f 1450/1450 1452/1452 1451/1451
f 1439/1439 1450/1450 1431/1431
f 1431/1431 1450/1450 1451/1451
f 1446/1446 1432/1432 1447/1447
f 2617/2617 2618/2618 2619/2619
f 2619/2619 2618/2618 2620/2620
f 1454/1454 1456/1456 1452/1452
f 1454/1454 1452/1452 1450/1450
f 16/16 17/17 18/18
f 194/194 197/197 204/204
f 196/196 194/194 204/204
f 205/205 196/196 206/206
f 196/196 204/204 206/206
f 2626/2626 2622/2622 2621/2621
f 742/742 741/741 743/743
f 740/740 737/737 736/736
f 741/741 740/740 736/736
f 2621/2621 2622/2622 2623/2623
f 2622/2622 2624/2624 2623/2623
f 736/736 738/738 739/739
f 736/736 737/737 738/738
f 2624/2624 2625/2625 2623/2623
f 2623/2623 2625/2625 2628/2628
f 996/996 997/997 998/998
f 997/997 999/999 998/998
f 997/997 1008/1008 1007/1007
f 2626/2626 2627/2627 2622/2622
f 2629/2629 2630/2630 2631/2631
f 287/287 270/270 288/288
f 271/271 270/270 287/287
f 288/288 270/270 294/294
f 1003/1003 1002/1002 1001/1001
f 1003/1003 1001/1001 1004/1004
f 1002/1002 999/999 1001/1001
f 999/999 1000/1000 1001/1001
f 999/999 997/997 1000/1000
f 997/997 1007/1007 1000/1000
f 1008/1008 1009/1009 1007/1007
f 1003/1003 1004/1004 1005/1005
f 1005/1005 1004/1004 1006/1006
f 192/192 193/193 194/194
f 201/201 193/193 192/192
f 199/199 200/200 198/198
f 1010/1010 1011/1011 1012/1012
f 1012/1012 1011/1011 1013/1013
f 1010/1010 1005/1005 1006/1006
f 1010/1010 1006/1006 1011/1011
f 201/201 202/202 199/199
f 201/201 199/199 193/193
f 195/195 192/192 194/194
f 1427/1427 1428/1428 1429/1429
f 1428/1428 1430/1430 1429/1429
f 1472/1472 1474/1474 1473/1473
f 1471/1471 1472/1472 1473/1473
f 2633/2633 2634/2634 2635/2635
f 481/481 480/480 476/476
f 476/476 480/480 479/479
f 530/530 528/528 527/527
f 527/527 528/528 529/529
f 505/505 506/506 507/507
f 505/505 507/507 508/508
f 447/447 449/449 448/448
f 446/446 447/447 448/448
f 605/605 607/607 606/606
f 604/604 605/605 606/606
f 46/46 47/47 48/48
f 46/46 49/49 47/47
f 744/744 742/742 743/743
f 208/208 209/209 210/210
f 213/213 208/208 210/210
f 2644/2644 2641/2641 2643/2643
f 2636/2636 2639/2639 2637/2637
f 2636/2636 2637/2637 2638/2638
f 2638/2638 2637/2637 2640/2640
f 2641/2641 2642/2642 2643/2643
f 2641/2641 2645/2645 2642/2642
f 2646/2646 2647/2647 2648/2648
f 2655/2655 2656/2656 2657/2657
f 2652/2652 2653/2653 2654/2654
f 2649/2649 2650/2650 2651/2651
f 216/216 213/213 210/210
f 1306/1306 1291/1291 1286/1286
f 1306/1306 1286/1286 1308/1308
f 2659/2659 2661/2661 2660/2660
f 1296/1296 1292/1292 1293/1293
f 1296/1296 1298/1298 1292/1292
f 1295/1295 1293/1293 1294/1294
f 1301/1301 1293/1293 1295/1295
f 1293/1293 1292/1292 1291/1291
f 1294/1294 1293/1293 1291/1291
f 1310/1310 1309/1309 1311/1311
f 1309/1309 1318/1318 1311/1311
f 1097/1097 1098/1098 1096/1096
f 1312/1312 1310/1310 1311/1311
f 1299/1299 1336/1336 1290/1290
f 1336/1336 1337/1337 1290/1290
f 1287/1287 1299/1299 1290/1290
f 2658/2658 2659/2659 2660/2660
f 1289/1289 1299/1299 1287/1287
f 1286/1286 1289/1289 1287/1287
f 1292/1292 1289/1289 1291/1291
f 1291/1291 1289/1289 1286/1286
f 1287/1287 1290/1290 1288/1288
f 643/643 644/644 645/645
f 1300/1300 1336/1336 1289/1289
f 1292/1292 1300/1300 1289/1289
f 519/519 522/522 521/521
f 521/521 520/520 519/519
f 1336/1336 1299/1299 1289/1289
f 210/210 209/209 211/211
f 209/209 212/212 211/211
f 1139/1139 1138/1138 1137/1137
f 216/216 210/210 211/211
f 934/934 937/937 932/932
f 932/932 933/933 934/934
f 938/938 937/937 936/936
f 937/937 934/934 936/936
f 1136/1136 1137/1137 1138/1138
f 113/113 114/114 115/115
f 518/518 519/519 520/520
f 520/520 523/523 518/518
f 2138/2138 2137/2137 2136/2136
f 635/635 636/636 637/637
f 240/240 251/251 231/231
f 1310/1310 1308/1308 1309/1309
f 515/515 516/516 517/517
f 920/920 921/921 922/922
f 537/537 538/538 539/539
f 122/122 123/123 124/124
f 2662/2662 2663/2663 2664/2664
f 417/417 416/416 419/419
f 498/498 497/497 499/499
f 524/524 525/525 526/526
f 495/495 497/497 498/498
f 637/637 636/636 638/638
f 495/495 494/494 497/497
f 1314/1314 1317/1317 1316/1316
f 1314/1314 1313/1313 1312/1312
f 1313/1313 1310/1310 1312/1312
f 1316/1316 1317/1317 1315/1315
f 1316/1316 1315/1315 1314/1314
f 1322/1322 1321/1321 1320/1320
f 1321/1321 1319/1319 1320/1320
f 1322/1322 1320/1320 1323/1323
f 1334/1334 1323/1323 1320/1320
f 1328/1328 1323/1323 1334/1334
f 1335/1335 1328/1328 1334/1334
f 1334/1334 1320/1320 1335/1335
f 1329/1329 1320/1320 1297/1297
f 1319/1319 1297/1297 1320/1320
f 1350/1350 1351/1351 1352/1352
f 493/493 496/496 494/494
f 493/493 494/494 495/495
f 700/700 701/701 702/702
f 1352/1352 1351/1351 1353/1353
f 752/752 755/755 753/753
f 751/751 752/752 753/753
f 1338/1338 1339/1339 1340/1340
f 1329/1329 1297/1297 1306/1306
f 1317/1317 1329/1329 1315/1315
f 2665/2665 2666/2666 2667/2667
f 2668/2668 2665/2665 2667/2667
f 386/386 383/383 385/385
f 687/687 689/689 690/690
f 1332/1332 1330/1330 1307/1307
f 687/687 688/688 689/689
f 1053/1053 1054/1054 1055/1055
f 473/473 474/474 475/475
f 1324/1324 1326/1326 1321/1321
f 346/346 347/347 348/348
f 730/730 733/733 731/731
f 360/360 363/363 361/361
f 1325/1325 1324/1324 1323/1323
f 360/360 361/361 362/362
f 1326/1326 1324/1324 1325/1325
f 1323/1323 1324/1324 1321/1321
f 1321/1321 1322/1322 1323/1323
f 382/382 383/383 384/384
f 383/383 382/382 385/385
f 71/71 72/72 73/73
f 1349/1349 1346/1346 1348/1348
f 1346/1346 1347/1347 1348/1348
f 1330/1330 1303/1303 1307/1307
f 1330/1330 1331/1331 1303/1303
f 2382/2382 2383/2383 2384/2384
f 2382/2382 2384/2384 2385/2385
f 664/664 667/667 665/665
f 664/664 665/665 666/666
f 703/703 704/704 705/705
f 1307/1307 1295/1295 1321/1321
f 1321/1321 1295/1295 1319/1319
f 730/730 731/731 732/732
f 732/732 731/731 735/735
f 1307/1307 1301/1301 1295/1295
f 1307/1307 1303/1303 1301/1301
f 98/98 99/99 100/100
f 1333/1333 1330/1330 1332/1332
f 119/119 120/120 121/121
f 870/870 883/883 885/885
f 883/883 870/870 866/866
f 1325/1325 1323/1323 1327/1327
f 1327/1327 1323/1323 1328/1328
f 74/74 75/75 76/76
f 678/678 681/681 679/679
f 869/869 861/861 888/888
f 1541/1541 1542/1542 1543/1543
f 1542/1542 1544/1544 1543/1543
f 2669/2669 2670/2670 2671/2671
f 681/681 678/678 682/682
f 2672/2672 2673/2673 2674/2674
f 1304/1304 1305/1305 1302/1302
f 861/861 869/869 866/866
f 869/869 889/889 866/866
f 1918/1918 1919/1919 1920/1920
f 1308/1308 1286/1286 1309/1309
f 1343/1343 1342/1342 1344/1344
f 1286/1286 1287/1287 1288/1288
f 1341/1341 1342/1342 1343/1343
f 1343/1343 1344/1344 1345/1345
f 678/678 679/679 680/680
f 650/650 651/651 652/652
f 343/343 344/344 345/345
f 1304/1304 1302/1302 1303/1303
f 1302/1302 1301/1301 1303/1303
f 1148/1148 1149/1149 1150/1150
f 657/657 658/658 659/659
f 1302/1302 1296/1296 1301/1301
f 1296/1296 1293/1293 1301/1301
f 485/485 482/482 484/484
f 482/482 483/483 484/484
f 116/116 117/117 118/118
f 416/416 417/417 418/418
f 1315/1315 1313/1313 1314/1314
f 889/889 883/883 866/866
f 328/328 325/325 324/324
f 324/324 325/325 326/326
f 326/326 325/325 327/327
f 1319/1319 1295/1295 1297/1297
f 1295/1295 1294/1294 1297/1297
f 1297/1297 1294/1294 1291/1291
f 1297/1297 1291/1291 1306/1306
f 1745/1745 1748/1748 1746/1746
f 1745/1745 1746/1746 1747/1747
f 1763/1763 1764/1764 1765/1765
f 1763/1763 1765/1765 1768/1768
f 1768/1768 1765/1765 1770/1770
f 1768/1768 1770/1770 1772/1772
f 332/332 336/336 331/331
f 330/330 332/332 331/331
f 2675/2675 2676/2676 2677/2677
f 2678/2678 2679/2679 2680/2680
f 2681/2681 2682/2682 2683/2683
f 267/267 275/275 274/274
f 267/267 282/282 275/275
f 282/282 283/283 275/275
f 266/266 267/267 274/274
f 2681/2681 2684/2684 2682/2682
f 2686/2686 2687/2687 2688/2688
f 2686/2686 2688/2688 2689/2689
f 274/274 275/275 276/276
f 274/274 276/276 277/277
f 278/278 274/274 277/277
f 2532/2532 2533/2533 2530/2530
f 2530/2530 2531/2531 2532/2532
f 278/278 277/277 279/279
f 631/631 632/632 633/633
f 631/631 633/633 634/634
f 540/540 543/543 541/541
f 540/540 541/541 542/542
f 671/671 672/672 673/673
f 674/674 672/672 671/671
f 2527/2527 2526/2526 2520/2520
f 2520/2520 2526/2526 2521/2521
f 1736/1736 1741/1741 1737/1737
f 1744/1744 1742/1742 1743/1743
f 1743/1743 1742/1742 1736/1736
f 1736/1736 1742/1742 1741/1741
f 1058/1058 1057/1057 1061/1061
f 1060/1060 1058/1058 1061/1061
f 1059/1059 1056/1056 1058/1058
f 1059/1059 1058/1058 1060/1060
f 1062/1062 1063/1063 1059/1059
f 1064/1064 1059/1059 1063/1063
f 1063/1063 1062/1062 1065/1065
f 2690/2690 2693/2693 2691/2691
f 2690/2690 2691/2691 2692/2692
f 369/369 371/371 370/370
f 368/368 369/369 370/370
f 2695/2695 2694/2694 2697/2697
f 1064/1064 1066/1066 1056/1056
f 1064/1064 1056/1056 1059/1059
f 2694/2694 2695/2695 2696/2696
f 2698/2698 2699/2699 2700/2700
f 1056/1056 1057/1057 1058/1058
f 774/774 772/772 771/771
f 771/771 772/772 773/773
f 2685/2685 2681/2681 2683/2683
f 745/745 740/740 742/742
f 742/742 740/740 741/741
f 745/745 747/747 746/746
f 745/745 746/746 740/740
f 401/401 399/399 398/398
f 398/398 399/399 400/400
f 286/286 285/285 273/273
f 286/286 273/273 289/289
f 285/285 284/284 273/273
f 284/284 272/272 273/273
f 1618/1618 1619/1619 1620/1620
f 1620/1620 1619/1619 1621/1621
f 2520/2520 2522/2522 2523/2523
f 2520/2520 2521/2521 2522/2522
f 1614/1614 1615/1615 1616/1616
f 1616/1616 1615/1615 1617/1617
f 1764/1764 1766/1766 1765/1765
f 1814/1814 1816/1816 1815/1815
f 1813/1813 1814/1814 1815/1815
f 1765/1765 1766/1766 1767/1767
f 2629/2629 2632/2632 2630/2630
f 718/718 719/719 720/720
f 721/721 718/718 720/720
f 190/190 191/191 188/188
f 189/189 190/190 188/188
f 550/550 551/551 552/552
f 551/551 550/550 553/553
f 1201/1201 1200/1200 1203/1203
f 1200/1200 1201/1201 1202/1202
f 329/329 330/330 331/331
f 329/329 331/331 333/333
f 706/706 707/707 708/708
f 334/334 333/333 335/335
f 708/708 707/707 709/709
f 334/334 329/329 333/333
f 2528/2528 2529/2529 2521/2521
f 2528/2528 2521/2521 2526/2526
f 451/451 453/453 452/452
f 450/450 451/451 452/452
f 915/915 916/916 913/913
f 913/913 914/914 915/915
f 257/257 259/259 258/258
f 256/256 257/257 258/258
f 1231/1231 1254/1254 1235/1235
f 722/722 725/725 723/723
f 722/722 723/723 724/724
f 1272/1272 1269/1269 1271/1271
f 1273/1273 1272/1272 1271/1271
f 175/175 172/172 174/174
f 175/175 174/174 176/176
f 596/596 597/597 598/598
f 598/598 597/597 599/599
f 1062/1062 1059/1059 1060/1060
f 1062/1062 1060/1060 1067/1067
f 660/660 661/661 662/662
f 660/660 663/663 661/661
f 54/54 55/55 56/56
f 57/57 54/54 56/56
f 710/710 711/711 712/712
f 710/710 712/712 713/713
f 185/185 186/186 173/173
f 185/185 173/173 177/177
f 172/172 177/177 173/173
f 177/177 172/172 187/187
f 185/185 189/189 188/188
f 185/185 188/188 186/186
