mtllib S-06_tex.mtl
v 5.285354 0.109505 4.261131
v 5.701009 0.109905 3.537526
v 8.256338 0.109544 4.267263
v 8.340217 0.109816 3.544250
v 5.602049 0.109908 1.539622
v 4.278768 0.109658 2.562119
v 5.963280 0.109965 1.512715
v 8.706391 0.118257 2.249313
v 5.654852 0.109871 2.817744
v 8.590939 0.109925 2.817744
v 2.659523 0.124461 2.106369
v 2.779878 0.121702 3.497171
v 5.701009 0.109905 3.537526
v 8.340217 0.109816 3.544250
v 9.620208 0.112683 3.754256
v 9.723903 0.116069 4.479301
v 8.256338 0.109544 4.267263
v 5.285354 0.109505 4.261131
v 2.790140 0.122889 4.264043
v 2.758317 0.121349 3.787686
v 2.327831 0.164951 1.533735
v 5.948448 0.109772 0.883736
v 1.953389 0.164825 0.752779
v 2.520806 0.165222 2.707584
v 2.327831 0.164951 1.533735
v 1.953389 0.164825 0.752779
v 5.602049 0.109908 1.539622
v 5.948448 0.109772 0.883736
v 2.411959 0.165094 0.656279
v 1.953389 0.164825 0.752779
v 2.327831 0.164951 1.533735
v 2.481214 0.165099 1.548030
v 1.938557 0.164820 0.307215
v 2.494425 0.165181 0.611296
v 2.659523 0.124461 2.106369
v 8.993423 0.118047 2.868191
v 9.192672 0.123516 2.797561
v 9.620208 0.112683 3.754256
v 8.590939 0.109925 2.817744
v 8.706391 0.118257 2.249313
v 9.723903 0.116069 4.479301
v 2.659523 0.124461 2.106369
v 2.327831 0.164951 1.533735
v 2.779878 0.121702 3.497171
v 9.192672 0.123516 2.797561
v 9.723903 0.116069 4.479301
v 9.620208 0.112683 3.754256
v 2.481214 0.165099 1.548030
v 2.520806 0.165222 2.707584
v 2.327831 0.164951 1.533735
v 2.659523 0.124461 2.106369
v 4.278768 0.109658 2.562119
v 5.602049 0.109908 1.539622
v 8.706391 0.118257 2.249313
v 5.963280 0.109965 1.512715
v 8.590939 0.109925 2.817744
v 5.654852 0.109871 2.817744
v 8.993423 0.118047 2.868191
v 8.590939 0.109925 2.817744
v 9.620208 0.112683 3.754256
v 9.192672 0.123516 2.797561
v 8.706391 0.118257 2.249313
v 9.723903 0.116069 4.479301
v 9.192672 0.123516 2.797561
v 8.993423 0.118047 2.868191
v 0.345942 0.157739 -2.275522
v 0.350097 0.157751 -1.901330
v 2.362437 0.165077 -1.662415
v 1.188011 0.165055 -2.792552
v 0.277518 0.157531 0.767699
v 0.277518 0.157573 1.535419
v 2.327831 0.164951 1.533735
v 1.953389 0.164825 0.752779
v 0.277518 0.157578 2.175739
v 0.251096 0.157555 3.511042
v 2.659523 0.124461 2.106369
v 2.779878 0.121702 3.497171
v 2.758317 0.121349 3.787686
v 0.277518 0.157588 3.618248
v -10.589362 0.157788 1.318053
v -5.475919 0.157852 2.067687
v -6.637176 0.164899 0.672682
v -10.589362 0.157788 1.318053
v -8.274285 0.157771 1.461421
v -5.475919 0.157852 2.067687
v -6.637176 0.164899 0.672682
v -11.545886 0.001989 1.415167
v -11.547881 0.001989 1.116656
v -8.274285 0.157771 1.461421
v -11.005473 0.169461 -0.008842
v -12.153061 0.165030 1.232916
v -11.547881 0.001989 1.116656
v -12.021115 0.165022 -1.465657
v -11.543061 0.117295 -0.084311
v -10.985656 0.191975 -0.436658
v -11.543061 0.117295 -0.084311
v -11.005473 0.169461 -0.008842
v -11.545013 0.086776 0.644927
v -11.543311 0.107384 -0.853503
v -11.543061 0.117295 -0.084311
v -8.237186 0.157773 -0.177444
v -8.270172 0.157813 -0.929174
v -2.586820 0.164862 -0.838361
v -6.610754 0.157605 -1.527042
v -6.320481 0.157642 -0.848452
v -2.797161 0.157781 -2.200581
v -1.317548 0.157761 -2.461246
v -2.782288 0.157766 -2.452838
v -2.797161 0.157781 -2.200581
v -2.088700 0.157810 -2.223073
v -2.805387 0.157778 -3.007810
v -5.433046 0.157835 -3.557317
v -2.782288 0.157766 -2.452838
v -6.663557 0.157736 -2.251029
v -10.754294 0.157850 -3.180616
v -10.754294 0.157865 -2.254396
v -11.542729 0.124461 -2.987627
v -12.139851 0.165037 -2.797179
v -11.544225 0.124461 -2.304843
v -12.106863 0.165013 -3.568669
v -8.992634 0.165072 -4.296022
v -12.153061 0.165025 -4.074040
v -11.548255 0.005131 -3.673778
v -0.408675 0.502860 -3.592431
v 0.291934 0.672866 -4.384008
v -2.051725 0.745054 -3.656962
v -0.263518 0.623270 -4.384008
v 0.291934 0.672866 -4.384008
v -0.408675 0.502860 -3.592431
v -0.263518 0.623270 -4.384008
v -0.408675 0.502860 -3.592431
v -2.051725 0.745054 -3.656962
v 2.520806 0.165267 -3.374431
v 0.039966 0.165037 -3.545966
v 2.857193 0.109532 -3.659037
v 5.764530 0.297568 -4.383892
v 3.470932 0.109703 -4.010134
v 6.141423 0.109624 -4.100948
v 6.193853 0.831217 -4.329664
v 9.837237 0.897019 -3.724235
v 6.637924 0.907687 -3.704052
v -0.408675 0.496580 -4.384114
v 0.039966 0.165037 -3.545966
v -0.495171 0.427496 -3.640146
v -2.378183 0.157800 -3.682196
v -2.805387 0.157778 -3.007810
v -1.939430 0.157833 -2.985954
v -3.121708 0.157763 -3.666429
v -8.480638 0.833375 -3.761234
v -8.468091 1.004517 -4.310286
v -6.707095 1.004490 -3.668737
v -5.607865 0.999248 -1.517787
v -6.197592 1.002038 -2.248508
v -5.310987 0.997728 -1.544694
v -5.159225 0.997036 -2.940546
v -13.627606 0.991956 5.007376
v -13.235175 1.028855 4.284227
v -13.236505 1.029149 4.987194
v -5.383566 0.985953 2.822785
v -7.362961 1.014416 2.812174
v -8.138185 0.998738 3.604800
v -2.607509 0.837693 3.137275
v -7.362961 1.014416 2.812174
v -2.709793 1.119922 2.812916
v -2.879087 0.894879 2.807621
v -2.732060 1.170971 2.794236
v -2.607509 0.837693 3.137275
v 0.131447 1.172602 2.808309
v -2.012008 1.178017 2.795560
v -2.279224 1.181354 2.928497
v 8.610714 0.884006 2.097962
v 5.907942 0.899918 2.094594
v 8.775688 0.882881 2.854743
v 5.181285 0.903744 2.814165
v 5.181285 0.903744 2.814165
v 5.907942 0.899918 2.094594
v 8.610714 0.884006 2.097962
v 8.775688 0.882881 2.854743
v -11.070989 1.023638 -2.162724
v -10.523887 1.021752 -2.295387
v -10.656415 1.022014 -2.141715
v -11.148512 1.023751 -2.742094
v -11.148512 1.023751 -2.742094
v -8.181101 1.010968 -3.566148
v -10.523887 1.021752 -2.295387
v -11.289016 1.024604 -3.434979
v -13.627025 0.980965 1.770860
v -13.629227 0.968014 0.714509
v -13.235508 1.036705 1.378169
v -13.235591 1.026500 0.746468
v -13.629227 0.968014 0.714509
v -13.627025 0.980965 1.770860
v -13.235591 1.026500 0.746468
v -13.235508 1.036705 1.378169
v 5.545590 0.902014 -0.064763
v 4.159701 0.909881 1.343479
v 8.630531 0.883912 1.364720
v 6.014338 0.899300 -0.061396
v 8.630531 0.883912 1.364720
v 4.159701 0.909881 1.343479
v 8.157254 0.886643 1.990322
v 5.771717 0.900739 1.627069
v 6.014338 0.899300 -0.061396
v 8.630531 0.883912 1.364720
v 6.609341 1.055156 0.654850
v 9.869642 0.892961 0.515442
v 6.014338 0.899300 -0.061396
v 8.868457 1.092460 -0.003928
v -2.333148 1.003734 -3.831864
v -4.476313 0.993877 -3.704052
v -0.822709 1.000592 -3.561468
v -8.138725 1.010877 -2.721794
v -5.159225 0.997036 -2.940546
v -5.135960 1.006106 -2.392352
v -5.409946 0.255958 -4.325418
v -7.270566 0.251640 -3.573953
v -7.979858 0.041906 -4.167046
v 1.597102 0.164842 -0.105130
v 2.494425 0.165181 0.611296
v 1.938557 0.164820 0.307215
v 4.818974 0.109834 -0.101763
v 1.597102 0.164842 -0.105130
v 1.938557 0.164820 0.307215
v 9.559428 0.255565 -2.247661
v 9.560840 0.255565 -2.146756
v 9.329894 0.175947 -1.369580
v 8.851050 0.109633 -2.363116
v 7.505169 0.109619 -2.335118
v 9.059396 0.109905 -2.214030
v 7.271355 0.109871 -2.224121
v 3.325775 0.109915 -2.220754
v 9.059396 0.109905 -2.214030
v 7.271355 0.109871 -2.224121
v 9.164961 0.109631 -1.460606
v 5.974829 0.109928 -1.500972
v 9.164961 0.109631 -1.460606
v 5.974829 0.109928 -1.500972
v 8.208271 0.109841 -0.781189
v 8.913283 0.109495 -0.599287
v 8.851050 0.109633 -2.363116
v 9.347342 0.176792 -3.564465
v 9.559428 0.255565 -2.247661
v 9.910522 0.892652 -1.370639
v 9.908071 0.892840 -2.557110
v 9.910522 0.892748 -2.084534
v 9.910522 0.892652 -1.370639
v 9.910522 0.892748 -2.084534
v 6.613330 0.895566 -1.461971
v 6.453175 0.896564 -1.524511
v 6.613330 0.895566 -1.461971
v 5.724938 0.900939 -0.845095
v 7.876703 0.888124 -0.498234
v 5.087435 0.904281 -0.784546
v 5.087435 0.904281 -0.784546
v 6.613330 0.895566 -1.461971
v 7.876703 0.888124 -0.498234
v 8.580843 0.999023 -2.841124
v 6.347277 1.073634 -2.819172
v 9.908071 0.892840 -2.557110
v -0.990965 0.977750 1.102362
v -2.452299 0.984386 -0.024397
v -5.229393 0.997552 0.496943
v -5.182323 0.997181 1.243633
v -5.373387 0.998148 1.243633
v -4.079229 0.992137 1.477390
v -7.422329 0.914580 0.012602
v -6.894503 1.005120 1.371445
v -5.182323 0.997181 1.243633
v -2.452299 0.984386 -0.024397
v -0.990965 0.977750 1.102362
v -5.229393 0.997552 0.496943
v -2.388071 0.984153 -0.391018
v -4.802937 0.983224 -0.128669
v -5.304382 0.997725 -0.982999
v -5.555104 0.998877 -1.003171
v -1.409943 0.967433 -1.501808
v -5.555104 0.998949 -0.774454
v 2.243703 0.933389 1.247000
v -2.403857 0.984144 1.812900
v 4.159701 0.909881 1.343479
v 5.545590 0.902014 -0.064763
v 6.014338 0.899300 -0.061396
v 8.630531 0.883912 1.364720
v 5.771717 0.900739 1.627069
v 2.524919 0.919679 2.067687
v 2.934009 0.916982 2.577252
v 5.907942 0.899918 2.094594
v 8.157254 0.886643 1.990322
v -2.483748 0.984883 -2.210662
v -5.310987 0.997728 -1.544694
v 2.547187 0.919330 -0.798005
v 2.565051 0.919199 -1.921470
v -2.457367 0.984500 -2.755552
v 2.929896 0.917034 -2.826183
v 9.824774 0.901676 0.696222
v 9.823860 0.901676 1.410964
v 2.151307 0.973115 0.578798
v 5.087435 0.904281 -0.784546
v -7.422329 0.914580 0.012602
v -8.836219 0.838753 -0.337203
v -8.826912 0.838083 0.005867
v -5.373387 0.998148 1.243633
v -2.355084 0.903159 2.781264
v -8.207481 0.999156 -1.453881
v -8.537387 1.000605 -1.568245
v 3.131139 0.915774 -0.118578
v -9.479246 1.016601 -0.929173
v -8.563769 1.000508 0.678570
v -5.571140 0.987154 2.084503
v -4.079229 0.992137 1.477390
v -2.879087 0.894879 2.807621
v -5.439651 0.986351 2.639294
v -5.383566 0.985953 2.822785
v -2.607509 0.837693 3.137275
v -13.627606 0.965362 0.202583
v -13.629227 0.968014 0.714509
v -7.362961 1.014416 2.812174
v 9.435459 1.087126 1.814583
v 8.577478 1.063398 1.704794
v -9.634250 1.005528 2.912995
v -9.701926 1.005763 3.540894
v -6.887898 1.005194 4.250585
v -7.362961 1.014416 2.812174
v -10.065359 1.007500 4.445671
v -7.337661 1.007644 4.876589
v -10.714701 1.010493 4.983826
v -6.807052 1.005303 5.086150
v -13.236505 1.029149 4.987194
v -13.235175 1.028855 4.284227
v -7.690749 1.008926 2.582303
v -13.235342 1.041416 3.934422
v -10.777892 1.010548 2.521754
v -11.289016 1.012656 2.656301
v -11.028115 1.011334 2.821112
v -5.439651 0.986351 2.639294
v -9.655728 1.005572 1.798604
v -13.235508 1.036705 1.378169
v -5.373387 0.998148 1.243633
v -5.571140 0.987154 2.084503
v -4.079229 0.992137 1.477390
v -6.894503 1.005120 1.371445
v -7.974998 1.010269 1.869531
v -8.517820 1.012681 1.371720
v -2.879087 0.894879 2.807621
v -8.632566 1.091365 -0.066447
v -7.485103 1.007950 -0.047947
v -2.607509 0.837693 3.137275
v -11.501974 1.194584 2.811221
v -7.422329 0.914580 0.012602
v 9.867565 0.892803 -0.394385
v 7.876703 0.888124 -0.498234
v 9.869642 0.892961 0.515442
v 6.014338 0.899300 -0.061396
v 6.613330 0.895566 -1.461971
v 9.910522 0.892652 -1.370639
v 5.963280 0.109965 1.512715
v 5.948448 0.109772 0.883736
v 5.602049 0.109908 1.539622
v 6.941449 0.109752 0.490208
v 4.544322 0.109653 -0.064361
v 8.287413 0.109690 0.806381
v 8.960437 0.117978 2.084502
v 9.303513 0.109058 0.732384
v 1.938557 0.164820 0.307215
v 1.953389 0.164825 0.752779
v -13.627648 0.978219 2.229131
v -8.306441 0.999443 2.848019
v -8.537387 1.000624 2.629383
v -13.242362 1.002948 3.511255
v -13.242362 1.002948 3.511255
v -13.627648 0.978219 2.229131
v -8.537387 1.000624 2.629383
v 2.524919 0.919679 2.067687
v -2.403857 0.984144 1.812900
v 2.934009 0.916982 2.577252
v 5.907942 0.899918 2.094594
v 5.771717 0.900739 1.627069
v -2.355084 0.903159 2.781264
v 6.453175 0.896564 -1.524511
v 9.908071 0.892840 -2.557110
v 9.910522 0.892748 -2.084534
v 9.910522 0.892652 -1.370639
v 6.613330 0.895566 -1.461971
v 8.580843 0.999023 -2.841124
v 5.545590 0.902014 -0.064763
v 2.151307 0.973115 0.578798
v 4.159701 0.909881 1.343479
v 2.243703 0.933389 1.247000
v -10.714701 1.010493 4.983826
v -13.235175 1.028855 4.284227
v -10.065359 1.007500 4.445671
v -13.236505 1.029149 4.987194
v -13.235342 1.041416 3.934422
v 0.291934 0.672866 -4.384008
v -4.476313 0.993877 -3.704052
v -2.333148 1.003734 -3.831864
v 2.761640 0.824739 -4.384050
v -4.948344 0.754103 -4.329654
v 2.834219 0.929509 -3.838588
v 9.910522 0.892748 -2.084534
v 8.580843 0.999023 -2.841124
v 6.453175 0.896564 -1.524511
v 9.908071 0.892840 -2.557110
v 0.330280 0.501783 -3.592050
v -0.263518 0.623270 -4.384008
v -0.408675 0.502860 -3.592431
v 3.134421 0.620228 -4.329802
v -0.408675 0.496580 -4.384114
v -0.495171 0.427496 -3.640146
v -3.285394 0.988615 -3.660329
v -4.476313 0.993877 -3.704052
v -2.333148 1.003734 -3.831864
v -0.822709 1.000592 -3.561468
v -13.627648 0.978219 2.229131
v -13.242362 1.002948 3.511255
v -11.028115 1.011334 2.821112
v -11.289016 1.012656 2.656301
v -13.235342 1.041416 3.934422
v 3.325775 0.109915 -2.220754
v 4.734430 0.109851 -2.933812
v 7.505169 0.109619 -2.335118
v 2.857193 0.109532 -3.659037
v 0.345942 0.157739 -2.275522
v 1.188011 0.165055 -2.792552
v 0.350097 0.157751 -1.901330
v 0.759146 0.157701 -1.469225
v 3.393410 0.109735 -0.798005
v 1.597102 0.164842 -0.105130
v 3.353403 0.109542 -3.663708
v -1.317548 0.157761 -2.461246
v 2.520806 0.165267 -3.374431
v -7.270566 0.251640 -3.573953
v -8.286665 0.325828 -3.622494
v -10.754294 0.157850 -3.180616
v -5.433046 0.157835 -3.557317
v -7.979858 0.041906 -4.167046
v -11.544225 0.124461 -2.304843
v -10.754294 0.157865 -2.254396
v -11.542729 0.124461 -2.987627
v -11.547631 0.003952 -1.623055
v -8.286665 0.157808 -1.561510
v -10.680262 0.000000 -4.041023
v -8.992634 0.165072 -4.296022
v -11.548255 0.005131 -3.673778
v -13.628687 0.968797 -0.911945
v -13.239288 0.995098 -2.086641
v -11.070989 1.023638 -2.162724
v 6.193853 0.831217 -4.329664
v 9.469691 0.559386 -4.373387
v 9.652571 0.814531 -3.715827
v -7.485103 1.007950 -0.047947
v -8.632317 1.053633 -0.196779
v -8.632566 1.091365 -0.066447
v -7.336539 1.007392 -0.068131
v -6.901068 1.005160 -1.157890
v -9.479246 1.016601 -0.929173
v 6.582337 1.073784 0.603068
v 6.014338 0.899300 -0.061396
v 9.869642 0.892961 0.515442
v 7.876703 0.888124 -0.498234
v 9.867565 0.892803 -0.394385
v 2.918347 0.109653 -4.010134
v -2.378183 0.157800 -3.682196
v 2.750091 0.325762 -4.384241
v 5.764530 0.297568 -4.383892
v 3.470932 0.109703 -4.010134
v 7.824938 0.328703 -4.383945
v 6.141423 0.109624 -4.100948
v 9.576835 0.129955 -3.721715
v 8.986818 0.240649 -4.330374
v -0.425584 0.191130 -4.100768
v -0.408675 0.496580 -4.384114
v 0.759146 0.157701 -1.469225
v 2.355873 0.165032 -0.598091
v 1.597102 0.164842 -0.105130
v 9.164961 0.109631 -1.460606
v 9.059396 0.109905 -2.214030
v 9.329894 0.175947 -1.369580
v 9.560840 0.255565 -2.146756
v -12.106863 0.165013 -3.568669
v -11.544225 0.124461 -2.304843
v -12.139851 0.165037 -2.797179
v -11.542729 0.124461 -2.987627
v -11.548255 0.005131 -3.673778
v -10.754294 0.157850 -3.180616
v -10.680262 0.000000 -4.041023
v -5.433046 0.157835 -3.557317
v -7.979858 0.041906 -4.167046
v -12.153061 0.165025 -4.074040
v -8.992634 0.165072 -4.296022
v -5.409946 0.255958 -4.325418
v -2.980248 0.164827 -0.745451
v -2.586820 0.164862 -0.838361
v -2.224758 0.164849 -0.822392
v 0.277518 0.157573 -0.313664
v -5.033843 0.157860 0.648294
v 0.264307 0.157593 -0.008641
v 0.277518 0.157531 0.767699
v -3.087475 0.157857 1.320997
v -4.900235 0.157790 2.089543
v 0.277518 0.157573 1.535419
v 1.953389 0.164825 0.752779
v 2.327831 0.164951 1.533735
v 1.938557 0.164820 0.307215
v -3.208702 0.157884 2.803448
v 0.277518 0.157578 2.175739
v 0.251096 0.157555 3.511042
v -4.873854 0.157872 3.491283
v 2.779878 0.121702 3.497171
v 0.277518 0.157588 3.618248
v 2.758317 0.121349 3.787686
v 2.659523 0.124461 2.106369
v -6.115915 0.157632 0.592373
v -6.096140 0.157630 -0.122782
v -10.427711 0.157780 0.639463
v -8.237186 0.157773 -0.177444
v -6.320481 0.157642 -0.848452
v -8.270172 0.157813 -0.929174
v -6.610754 0.157605 -1.527042
v -2.797161 0.157781 -2.200581
v -2.782288 0.157766 -2.452838
v -6.663557 0.157736 -2.251029
v -2.805387 0.157778 -3.007810
v -10.754294 0.157865 -2.254396
v -8.286665 0.157808 -1.561510
v -11.543061 0.117295 -0.084311
v -11.543311 0.107384 -0.853503
v -10.589362 0.157788 1.318053
v -2.088700 0.157810 -2.223073
v -1.317548 0.157761 -2.461246
v 0.345942 0.157739 -2.275522
v -1.939430 0.157833 -2.985954
v -3.121708 0.157763 -3.666429
v 3.353403 0.109542 -3.663708
v 6.242419 0.109535 -3.662130
v 4.734430 0.109851 -2.933812
v 7.505169 0.109619 -2.335118
v 7.271355 0.109871 -2.224121
v 3.325775 0.109915 -2.220754
v 5.974829 0.109928 -1.500972
v 3.393410 0.109735 -0.798005
v 8.208271 0.109841 -0.781189
v 4.818974 0.109834 -0.101763
v 6.941449 0.109752 0.490208
v 4.544322 0.109653 -0.064361
v 8.913283 0.109495 -0.599287
v 9.322499 0.108333 0.009234
v 9.303513 0.109058 0.732384
v 8.287413 0.109690 0.806381
v 5.963280 0.109965 1.512715
v 8.960437 0.117978 2.084502
v 8.851050 0.109633 -2.363116
v 9.579702 0.131132 -3.611142
v 2.857193 0.109532 -3.659037
v 0.350097 0.157751 -1.901330
v 2.362437 0.165077 -1.662415
v 2.520806 0.165198 -1.204145
v 1.188011 0.165055 -2.792552
v -11.547631 0.003952 -1.623055
v -11.545013 0.086776 0.644927
v -4.517318 0.323082 -4.329760
v -12.153061 0.165022 -1.635931
v -12.021115 0.165022 -1.465657
v 2.918347 0.109653 -4.010134
v 2.750091 0.325762 -4.384241
v 2.857193 0.109532 -3.659037
v 2.520806 0.165267 -3.374431
v 2.375649 0.447907 -4.384273
v 0.330280 0.455756 -3.592008
v 3.470932 0.109703 -4.010134
v 5.764530 0.297568 -4.383892
v -13.239288 0.995098 -2.086641
v -13.628687 0.968797 -0.911945
v -13.235217 1.025714 -1.099035
v -13.628354 0.960162 -0.221590
v -13.235134 1.036705 -0.762689
v -11.070989 1.023638 -2.162724
v 2.824331 0.929509 -3.616606
v 5.719413 0.913344 -3.659990
v 4.922462 0.917516 -2.927088
v 2.929896 0.917034 -2.826183
v -2.457367 0.984500 -2.755552
v -6.197592 1.002038 -2.248508
v -5.159225 0.997036 -2.940546
v -0.822709 1.000592 -3.561468
v -3.285394 0.988615 -3.660329
v -5.409946 0.255958 -4.325418
v -8.992634 0.165072 -4.296022
v -8.525090 0.336874 -3.786564
v 8.986818 0.240649 -4.330374
v 6.141423 0.109624 -4.100948
v 9.576835 0.129955 -3.721715
v 7.824938 0.328703 -4.383945
v 8.868457 1.092460 -0.003928
v 6.014338 0.899300 -0.061396
v 6.582337 1.073784 0.603068
v 6.840828 0.586569 -4.329304
v 6.193853 0.831217 -4.329664
v 9.652571 0.814531 -3.715827
v 9.469691 0.559386 -4.373387
v 6.637924 0.907687 -3.704052
v 6.582337 1.073784 0.603068
v 9.869642 0.892961 0.515442
v 8.868457 1.092460 -0.003928
v 4.892757 1.056359 0.654818
v 6.609341 1.055156 0.654850
v 9.393747 1.062531 0.689169
v 8.630531 0.883912 1.364720
v 3.490708 1.077170 0.624755
v 2.648223 1.075168 0.660091
v 2.560398 1.077586 0.618020
v 8.921094 1.079988 -0.071551
v 8.551471 1.084459 -0.071456
v 9.824774 0.901676 0.696222
v 9.823860 0.901676 1.410964
v 8.157254 0.886643 1.990322
v 2.151307 0.973115 0.578798
v 2.243703 0.933389 1.247000
v 2.761640 0.824739 -4.384050
v 0.484660 0.834159 -3.660329
v 2.824331 0.929509 -3.616606
v 2.834219 0.929509 -3.838588
v -0.822709 1.000592 -3.561468
v -11.289016 1.024604 -3.434979
v -13.239496 0.995980 -3.060576
v -11.199652 1.004517 -4.302969
v -11.150173 1.023870 -3.707419
v 0.291934 0.672866 -4.384008
v -2.333148 1.003734 -3.831864
v -0.822709 1.000592 -3.561468
v -0.425584 0.191130 -4.100768
v -1.939430 0.157833 -2.985954
v 0.039966 0.165037 -3.545966
v -2.378183 0.157800 -3.682196
v 2.857193 0.109532 -3.659037
v -4.517318 0.323082 -4.329760
v -3.121708 0.157763 -3.666429
v -0.408675 0.496580 -4.384114
v -4.348522 0.981279 4.586094
v -3.389463 0.976756 4.981306
v 0.264307 0.934647 4.895438
v -2.436304 0.972121 4.982990
v -8.138185 0.998738 3.604800
v -6.887898 1.005194 4.250585
v -7.337661 1.007644 4.876589
v -7.362961 1.014416 2.812174
v -11.150173 1.023870 -3.707419
v -11.199652 1.004517 -4.302969
v -13.239496 0.995980 -3.060576
v -11.289016 1.024604 -3.434979
v -2.051725 0.745054 -3.656962
v 0.291934 0.672866 -4.384008
v -0.822709 1.000592 -3.561468
v -13.627648 0.978219 2.229131
v -13.627025 0.980965 1.770860
v -11.289016 1.012656 2.656301
v -13.235508 1.036705 1.378169
v -2.436304 0.972121 4.982990
v -4.348522 0.981279 4.586094
v 0.264307 0.934647 4.895438
v -3.389463 0.976756 4.981306
v -8.022732 0.718828 -3.624262
v -8.155758 0.998921 -2.960836
v -6.346862 1.002795 -3.579607
v -8.556955 0.819878 -3.563035
v -6.707095 1.004490 -3.668737
v -8.468091 1.004517 -4.310286
v -0.822709 1.000592 -3.561468
v -2.333148 1.003734 -3.831864
v 2.824331 0.929509 -3.616606
v 2.834219 0.929509 -3.838588
v 0.291934 0.672866 -4.384008
v 2.761640 0.824739 -4.384050
v -5.360467 0.765858 -4.321076
v -8.022732 0.718828 -3.624262
v -6.707095 1.004490 -3.668737
v 9.579702 0.131132 -3.611142
v 9.576835 0.129955 -3.721715
v 9.347342 0.176792 -3.564465
v 8.986818 0.240649 -4.330374
v 8.851050 0.109633 -2.363116
v 0.039966 0.165037 -3.545966
v 2.520806 0.165267 -3.374431
v 0.330280 0.455756 -3.592008
v -0.495171 0.427496 -3.640146
v 0.330280 0.501783 -3.592050
v 3.134421 0.620228 -4.329802
v 2.761640 0.824739 -4.384050
v 0.484660 0.834159 -3.660329
v -11.543311 0.107384 -0.853503
v -10.985656 0.191975 -0.436658
v -11.543061 0.117295 -0.084311
v -8.872279 0.300707 -0.117742
v -12.021115 0.165022 -1.465657
v 8.610714 0.884006 2.097962
v 8.573490 1.056191 2.806785
v 9.824815 0.904814 2.854743
v 9.501473 1.087343 2.919486
v 5.657719 1.077731 2.800442
v 2.412956 1.083102 2.808066
v 3.796476 1.083732 2.915303
v 2.842445 1.087734 2.916383
v 6.202453 1.079098 2.913725
v -2.333148 1.003734 -3.831864
v 0.291934 0.672866 -4.384008
v -2.051725 0.745054 -3.656962
v 0.291934 0.672866 -4.384008
v -5.176507 0.595764 -4.320505
v -4.948344 0.754103 -4.329654
v -0.263518 0.623270 -4.384008
v 3.134421 0.620228 -4.329802
v 2.375649 0.447907 -4.384273
v 5.809897 0.596676 -4.329558
v 4.331946 0.494029 -4.383998
v -8.517820 1.012681 1.371720
v -8.563769 1.000508 0.678570
v -9.655728 1.005572 1.798604
v 2.761640 0.824739 -4.384050
v 3.134421 0.620228 -4.329802
v 0.330280 0.501783 -3.592050
v 0.484660 0.834159 -3.660329
v 8.775688 0.882881 2.854743
v 8.610714 0.884006 2.097962
v 9.824815 0.904814 2.854743
v 9.626315 0.804326 -2.052586
v 9.467032 0.795690 -0.868635
v 9.910522 0.892652 -1.370639
v 9.867565 0.892803 -0.394385
v 9.509990 0.817673 -0.081579
v 9.512192 0.812962 0.638203
v 9.869642 0.892961 0.515442
v 9.514518 0.813550 1.357890
v 9.910522 0.892748 -2.084534
v 9.635413 0.808496 -2.321659
v 9.908071 0.892840 -2.557110
v 9.637906 0.808229 -3.586628
v 9.824774 0.901676 0.696222
v 9.377337 0.614953 -0.042060
v 9.421209 0.662304 -0.264572
v -8.886238 1.014327 -3.668737
v -8.468091 1.004517 -4.310286
v -8.155758 0.998921 -2.960836
v -11.199652 1.004517 -4.302969
v -11.150173 1.023870 -3.707419
v -5.409946 0.255958 -4.325418
v -7.989746 0.444864 -3.621223
v -7.270566 0.251640 -3.573953
v -4.517318 0.323082 -4.329760
v -5.475919 0.499722 -4.320685
v -2.599201 0.488730 -4.330120
v -5.176507 0.595764 -4.320505
v -5.759628 0.557817 -4.320801
v -0.408675 0.496580 -4.384114
v -0.263518 0.623270 -4.384008
v -4.948344 0.754103 -4.329654
v 0.291934 0.672866 -4.384008
v -0.425584 0.191130 -4.100768
v 2.375649 0.447907 -4.384273
v 2.750091 0.325762 -4.384241
v -8.992634 0.165072 -4.296022
v -7.979858 0.041906 -4.167046
v -5.409946 0.255958 -4.325418
v -10.680262 0.000000 -4.041023
v -6.807052 1.005303 5.086150
v -7.229312 0.994707 4.988867
v -3.389463 0.976756 4.981306
v -10.714701 1.010493 4.983826
v -8.537387 1.000459 4.983826
v -5.185605 1.005303 5.085779
v -5.614471 0.987418 4.388489
v -4.348522 0.981279 4.586094
v -8.138185 0.998738 3.604800
v -2.945600 0.974806 3.537527
v -5.409946 0.255958 -4.325418
v -5.475919 0.499722 -4.320685
v -2.599201 0.488730 -4.330120
v -4.517318 0.323082 -4.329760
v 9.910522 0.892652 -1.370639
v 6.347609 1.094170 -1.433698
v 8.788857 1.090196 -1.413525
v 6.613330 0.895566 -1.461971
v 6.613330 0.895566 -1.461971
v 9.910522 0.892652 -1.370639
v 8.788857 1.090196 -1.413525
v 6.347609 1.094170 -1.433698
v 6.202453 1.079098 2.913725
v 9.824815 0.904814 2.854743
v 9.501473 1.087343 2.919486
v 8.775688 0.882881 2.854743
v 6.193853 0.831217 -4.329664
v 6.840828 0.586569 -4.329304
v 9.469691 0.559386 -4.373387
v -3.087475 0.157857 1.320997
v -6.637176 0.164899 0.672682
v -6.115915 0.157632 0.592373
v -8.480638 0.833375 -3.761234
v -8.556955 0.819878 -3.563035
v -5.360467 0.765858 -4.321076
v 2.375649 0.447907 -4.384273
v -0.408675 0.496580 -4.384114
v 3.134421 0.620228 -4.329802
v 4.331946 0.494029 -4.383998
v 2.750091 0.325762 -4.384241
v 7.824938 0.328703 -4.383945
v 5.764530 0.297568 -4.383892
v 6.410508 0.413069 -4.384083
v -0.263518 0.623270 -4.384008
v 8.986818 0.240649 -4.330374
v 6.410508 0.413069 -4.384083
v 9.655479 0.337999 -4.171578
v 4.331946 0.494029 -4.383998
v 5.809897 0.596676 -4.329558
v 6.840828 0.586569 -4.329304
v 3.134421 0.620228 -4.329802
v 9.469691 0.559386 -4.373387
v -8.237186 0.157773 -0.177444
v -11.543061 0.117295 -0.084311
v -8.872279 0.300707 -0.117742
v -8.274285 0.157771 1.461421
v -11.547881 0.001989 1.116656
v -10.589362 0.157788 1.318053
v -12.034285 0.165007 2.019760
v -11.545886 0.001989 1.415167
v -12.153061 0.165030 1.232916
v -11.547881 0.001989 1.116656
v -11.542978 0.116608 2.096278
v -5.033843 0.157860 0.648294
v -6.115915 0.157632 0.592373
v -6.637176 0.164899 0.672682
v -3.087475 0.157857 1.320997
v 0.264307 0.157593 -0.008641
v 0.277518 0.157531 0.767699
v 0.277518 0.157573 1.535419
v -4.900235 0.157790 2.089543
v -10.427711 0.157780 0.639463
v -10.589362 0.157788 1.318053
v -11.545013 0.086776 0.644927
v -8.274285 0.157771 1.461421
v 2.412956 1.083102 2.808066
v -1.627762 1.114791 2.864729
v 2.842445 1.087734 2.916383
v 9.329894 0.175947 -1.369580
v 9.421915 0.328577 -0.229575
v 9.556644 0.492213 -1.423088
v 9.560840 0.255565 -2.146756
v 9.421708 0.498152 -0.189208
v 9.329894 0.176113 0.083232
v 9.322499 0.108333 0.009234
v 9.303513 0.109058 0.732384
v 9.307127 0.175403 1.174686
v 9.556852 0.485589 -1.918039
v 9.556935 0.522636 -1.868852
v 9.556146 0.622190 -2.227489
v 9.626315 0.804326 -2.052586
v 9.635413 0.808496 -2.321659
v 9.637906 0.808229 -3.586628
v 9.559428 0.255565 -2.247661
v 9.375510 0.474990 -0.037856
v 9.423037 0.429359 -2.228961
v 8.913283 0.109495 -0.599287
v 9.164961 0.109631 -1.460606
v 9.059396 0.109905 -2.214030
v 8.851050 0.109633 -2.363116
v 9.579702 0.131132 -3.611142
v 9.291673 0.175107 1.990745
v -0.822709 1.000592 -3.561468
v -2.333148 1.003734 -3.831864
v -2.051725 0.745054 -3.656962
v 0.291934 0.672866 -4.384008
v -0.263518 0.623270 -4.384008
v -2.051725 0.745054 -3.656962
v -10.680262 0.000000 -4.041023
v -8.992634 0.165072 -4.296022
v -11.548255 0.005131 -3.673778
v 8.775688 0.882881 2.854743
v 6.202453 1.079098 2.913725
v 8.573490 1.056191 2.806785
v -8.181101 1.010968 -3.566148
v -8.886238 1.014327 -3.668737
v -8.155758 0.998921 -2.960836
v 8.577478 1.063398 1.704794
v 8.157254 0.886643 1.990322
v 9.435459 1.087126 1.814583
v 9.823860 0.901676 1.410964
v -5.614471 0.987418 4.388489
v -6.807052 1.005303 5.086150
v -7.229312 0.994707 4.988867
v -10.985656 0.191975 -0.436658
v -11.545013 0.086776 0.644927
v -11.005473 0.169461 -0.008842
v -11.543061 0.117295 -0.084311
v -8.872279 0.300707 -0.117742
v -8.869828 0.322296 0.022682
v -10.427711 0.157780 0.639463
v -8.237186 0.157773 -0.177444
v -8.237186 0.157773 -0.177444
v -8.869828 0.322296 0.022682
v -10.427711 0.157780 0.639463
v 9.365955 0.667856 -3.122173
v 9.652571 0.814531 -3.715827
v 9.637906 0.808229 -3.586628
v 9.635413 0.808496 -2.321659
v 9.469691 0.559386 -4.373387
v 9.556146 0.622190 -2.227489
v 9.652571 0.814531 -3.715827
v 9.469691 0.559386 -4.373387
v 9.637906 0.808229 -3.586628
v 9.365955 0.667856 -3.122173
v 9.556146 0.622190 -2.227489
v 8.868457 1.092460 -0.003928
v 6.582337 1.073784 0.603068
v 8.551471 1.084459 -0.071456
v 8.921094 1.079988 -0.071551
v 9.347342 0.176792 -3.564465
v 8.986818 0.240649 -4.330374
v 9.559428 0.255565 -2.247661
v 6.410508 0.413069 -4.384083
v 7.824938 0.328703 -4.383945
v 9.655479 0.337999 -4.171578
v 8.986818 0.240649 -4.330374
v 9.557060 0.572389 -1.431390
v 9.509990 0.817673 -0.081579
v 9.421209 0.662304 -0.264572
v 9.512192 0.812962 0.638203
v 9.377337 0.614953 -0.042060
v 9.421708 0.498152 -0.189208
v 9.375510 0.474990 -0.037856
v 9.556644 0.492213 -1.423088
v 9.556935 0.522636 -1.868852
v 9.467032 0.795690 -0.868635
v 9.626315 0.804326 -2.052586
v 6.193853 0.831217 -4.329664
v 9.652571 0.814531 -3.715827
v 9.837237 0.897019 -3.724235
v 9.347342 0.176792 -3.564465
v 9.579702 0.131132 -3.611142
v 9.559428 0.255565 -2.247661
v 2.412956 1.083102 2.808066
v 0.131447 1.172602 2.808309
v -1.627762 1.114791 2.864729
v -11.005473 0.169461 -0.008842
v -11.545013 0.086776 0.644927
v -12.153061 0.165030 1.232916
v -11.547881 0.001989 1.116656
v -8.480638 0.833375 -3.761234
v -8.468091 1.004517 -4.310286
v -8.155758 0.998921 -2.960836
v -8.556955 0.819878 -3.563035
v -13.628687 0.968797 -0.911945
v -13.235217 1.025714 -1.099035
v -13.235134 1.036705 -0.762689
v -13.628354 0.960162 -0.221590
v 9.626315 0.804326 -2.052586
v 9.557060 0.572389 -1.431390
v 9.467032 0.795690 -0.868635
v 9.421209 0.662304 -0.264572
v 9.556935 0.522636 -1.868852
v 9.509990 0.817673 -0.081579
v 9.652571 0.814531 -3.715827
v 6.637924 0.907687 -3.704052
v 9.837237 0.897019 -3.724235
v 8.580843 0.999023 -2.841124
v 9.908071 0.892840 -2.557110
v 8.828449 1.068653 -2.761535
v 6.347277 1.073634 -2.819172
v 2.934009 0.916982 2.577252
v 2.842445 1.087734 2.916383
v 2.412956 1.083102 2.808066
v 3.129477 0.915667 2.841284
v -8.517820 1.012681 1.371720
v -8.632566 1.091365 -0.066447
v -8.563769 1.000508 0.678570
v -8.826912 0.838083 0.005867
v -8.632317 1.053633 -0.196779
v -8.836219 0.838753 -0.337203
v -13.629227 0.968014 0.714509
v -13.627606 0.965362 0.202583
v 9.329894 0.176113 0.083232
v 8.913283 0.109495 -0.599287
v 9.421915 0.328577 -0.229575
v 9.512192 0.812962 0.638203
v 9.824774 0.901676 0.696222
v 9.514518 0.813550 1.357890
v 9.869642 0.892961 0.515442
v 9.512981 0.813355 2.025637
v -9.479246 1.016601 -0.929173
v -8.836219 0.838753 -0.337203
v -8.632317 1.053633 -0.196779
v -13.243110 1.003145 4.824638
v -13.235175 1.028855 4.284227
v -13.627606 0.991956 5.007376
v -13.236505 1.029149 4.987194
v 0.345942 0.157739 -2.275522
v 2.520806 0.165267 -3.374431
v 1.188011 0.165055 -2.792552
v 2.857193 0.109532 -3.659037
v 8.610714 0.884006 2.097962
v 8.775688 0.882881 2.854743
v 8.573490 1.056191 2.806785
v -7.336539 1.007392 -0.068131
v -7.422329 0.914580 0.012602
v -5.555104 0.998949 -0.774454
v -7.485103 1.007950 -0.047947
v 2.934009 0.916982 2.577252
v 2.412956 1.083102 2.808066
v 3.129477 0.915667 2.841284
v 2.842445 1.087734 2.916383
v 0.131447 1.172602 2.808309
v -2.279224 1.181354 2.928497
v -1.627762 1.114791 2.864729
v 6.609341 1.055156 0.654850
v 3.490708 1.077170 0.624755
v 6.582337 1.073784 0.603068
v 4.892757 1.056359 0.654818
v -2.709793 1.119922 2.812916
v -2.732060 1.170971 2.794236
v 0.131447 1.172602 2.808309
v -1.627762 1.114791 2.864729
v -2.599201 0.488730 -4.330120
v -5.759628 0.557817 -4.320801
v -5.176507 0.595764 -4.320505
v -5.475919 0.499722 -4.320685
v -13.628687 0.968797 -0.911945
v -11.070989 1.023638 -2.162724
v -13.235217 1.025714 -1.099035
v -8.528040 0.506002 -3.747775
v -8.194270 0.527984 -3.621647
v -8.556955 0.819878 -3.563035
v -8.525090 0.336874 -3.786564
v -8.286665 0.325828 -3.622494
v -8.240468 0.486963 -3.621890
v -8.992634 0.165072 -4.296022
v -7.908942 0.526022 -3.620853
v -5.759628 0.557817 -4.320801
v -8.022732 0.718828 -3.624262
v -7.989746 0.444864 -3.621223
v -5.475919 0.499722 -4.320685
v -7.270566 0.251640 -3.573953
v -5.360467 0.765858 -4.321076
v -8.181101 1.010968 -3.566148
v -8.155758 0.998921 -2.960836
v -8.339427 0.999616 -2.311567
v -2.879087 0.894879 2.807621
v -2.607509 0.837693 3.137275
v -2.709793 1.119922 2.812916
v -2.732060 1.170971 2.794236
v -5.176507 0.595764 -4.320505
v -5.759628 0.557817 -4.320801
v -5.360467 0.765858 -4.321076
v -4.948344 0.754103 -4.329654
v -8.528040 0.506002 -3.747775
v -8.480638 0.833375 -3.761234
v -8.556955 0.819878 -3.563035
v -8.525090 0.336874 -3.786564
v -5.475919 0.499722 -4.320685
v -5.409946 0.255958 -4.325418
v -6.707095 1.004490 -3.668737
v -4.476313 0.993877 -3.704052
v -5.360467 0.765858 -4.321076
v -5.759628 0.557817 -4.320801
v -4.948344 0.754103 -4.329654
v -5.176507 0.595764 -4.320505
v -4.476313 0.993877 -3.704052
v -2.333148 1.003734 -3.831864
v -6.707095 1.004490 -3.668737
v 0.291934 0.672866 -4.384008
v 8.986818 0.240649 -4.330374
v 7.824938 0.328703 -4.383945
v 6.410508 0.413069 -4.384083
v 9.303513 0.109058 0.732384
v 9.322499 0.108333 0.009234
v 9.307127 0.175403 1.174686
v 9.329894 0.176113 0.083232
v -2.279224 1.181354 2.928497
v -2.012008 1.178017 2.795560
v -1.627762 1.114791 2.864729
v 0.131447 1.172602 2.808309
v 2.842445 1.087734 2.916383
v 2.412956 1.083102 2.808066
v -11.289016 1.012656 2.656301
v -11.028115 1.011334 2.821112
v -11.212865 1.194525 2.813932
v -11.501974 1.194584 2.811221
v -0.408675 0.502860 -3.592431
v -0.495171 0.427496 -3.640146
v 0.330280 0.501783 -3.592050
v 9.322499 0.108333 0.009234
v 8.913283 0.109495 -0.599287
v 9.329894 0.176113 0.083232
v -11.028115 1.011334 2.821112
v -11.501974 1.194584 2.811221
v -11.212865 1.194525 2.813932
v -8.352638 1.194575 2.831193
v -11.501974 1.194584 2.811221
v -9.319258 1.194379 2.809982
v -11.212865 1.194525 2.813932
v -9.319258 1.194379 2.809982
v -11.501974 1.194584 2.811221
v -11.212865 1.194525 2.813932
v -8.352638 1.194575 2.831193
v -10.589362 0.157788 1.318053
v -6.115915 0.157632 0.592373
v -6.637176 0.164899 0.672682
v 6.014338 0.899300 -0.061396
v 6.609341 1.055156 0.654850
v 6.582337 1.073784 0.603068
v -13.243110 1.003145 4.824638
v -13.243443 1.002948 4.101330
v -13.235342 1.041416 3.934422
v -13.235175 1.028855 4.284227
v -13.235342 1.041416 3.934422
v -13.243443 1.002948 4.101330
v -13.235175 1.028855 4.284227
v -13.242362 1.002948 3.511255
v -13.235175 1.028855 4.284227
v -13.243110 1.003145 4.824638
v -13.236505 1.029149 4.987194
v -13.243443 1.002948 4.101330
v 4.818974 0.109834 -0.101763
v 1.938557 0.164820 0.307215
v 4.544322 0.109653 -0.064361
v -2.607509 0.837693 3.137275
v -2.732060 1.170971 2.794236
v -2.709793 1.119922 2.812916
v 3.131139 0.915774 -0.118578
v -1.409943 0.967433 -1.501808
v -2.388071 0.984153 -0.391018
v -2.483748 0.984883 -2.210662
v 2.547187 0.919330 -0.798005
v 2.565051 0.919199 -1.921470
v 2.929896 0.917034 -2.826183
v -2.457367 0.984500 -2.755552
v -0.822709 1.000592 -3.561468
v -3.285394 0.988615 -3.660329
v -5.159225 0.997036 -2.940546
v 2.824331 0.929509 -3.616606
v 5.719413 0.913344 -3.659990
v 4.922462 0.917516 -2.927088
v 2.151307 0.973115 0.578798
v 5.545590 0.902014 -0.064763
v 5.087435 0.904281 -0.784546
v -2.452299 0.984386 -0.024397
v -4.802937 0.983224 -0.128669
v -5.229393 0.997552 0.496943
v 0.277518 0.157573 1.535419
v -4.900235 0.157790 2.089543
v 0.277518 0.157578 2.175739
v -3.208702 0.157884 2.803448
v -3.011864 0.165712 2.799679
v -0.916725 0.165082 2.799244
v 0.251096 0.157555 3.511042
v -1.279617 0.307086 2.890217
v -2.818598 0.324259 2.918649
v -4.873854 0.157872 3.491283
v -11.199652 1.004517 -4.302969
v -11.150173 1.023870 -3.707419
v -8.886238 1.014327 -3.668737
v 2.375649 0.447907 -4.384273
v 3.134421 0.620228 -4.329802
v 0.330280 0.455756 -3.592008
v -6.346862 1.002795 -3.579607
v -7.923773 1.009807 -3.559424
v -8.138725 1.010877 -2.721794
v -6.197592 1.002038 -2.248508
v -6.868081 1.005118 -1.511063
v -10.656415 1.022014 -2.141715
v -9.479246 1.016601 -0.929173
v -6.901068 1.005160 -1.157890
v -13.235217 1.025714 -1.099035
v -5.555104 0.998877 -1.003171
v -5.555104 0.998949 -0.774454
v -7.336539 1.007392 -0.068131
v -6.707095 1.004490 -3.668737
v -11.070989 1.023638 -2.162724
v -10.523887 1.021752 -2.295387
v -8.154803 1.010985 -3.684314
v -8.468091 1.004517 -4.310286
v -5.304382 0.997725 -0.982999
v -5.607865 0.999248 -1.517787
v -4.802937 0.983224 -0.128669
v -11.148512 1.023751 -2.742094
v -5.159225 0.997036 -2.940546
v -8.181101 1.010968 -3.566148
v -11.289016 1.024604 -3.434979
v -5.310987 0.997728 -1.544694
v -8.886238 1.014327 -3.668737
v -11.199652 1.004517 -4.302969
v -8.138725 1.010877 -2.721794
v -6.197592 1.002038 -2.248508
v -5.159225 0.997036 -2.940546
v -8.590149 1.000787 3.556873
v -8.306441 0.999443 2.848019
v -8.138185 0.998738 3.604800
v -9.634250 1.005528 2.912995
v -10.777892 1.010548 2.521754
v -9.701926 1.005763 3.540894
v -5.383566 0.985953 2.822785
v -10.065359 1.007500 4.445671
v -5.614471 0.987418 4.388489
v -8.537387 1.000624 2.629383
v -8.511006 1.000439 2.082819
v -9.655728 1.005572 1.798604
v -8.563769 1.000508 0.678570
v -5.571140 0.987154 2.084503
v -11.028115 1.011334 2.821112
v -5.439651 0.986351 2.639294
v -13.235342 1.041416 3.934422
v -8.563769 1.000763 4.445671
v -8.537387 1.000459 4.983826
v -7.229312 0.994707 4.988867
v -10.714701 1.010493 4.983826
v -11.289016 1.012656 2.656301
v -13.235508 1.036705 1.378169
v -8.306441 0.999443 2.848019
v -13.242362 1.002948 3.511255
v -8.537387 1.000624 2.629383
v -8.537387 1.000605 -1.568245
v -10.523887 1.021752 -2.295387
v -8.339427 0.999616 -2.311567
v -8.181101 1.010968 -3.566148
v -5.607865 0.999248 -1.517787
v -5.555104 0.998877 -1.003171
v -6.197592 1.002038 -2.248508
v -8.155758 0.998921 -2.960836
v -6.346862 1.002795 -3.579607
v -10.656415 1.022014 -2.141715
v -9.479246 1.016601 -0.929173
v -8.207481 0.999156 -1.453881
v -11.070989 1.023638 -2.162724
v -13.235217 1.025714 -1.099035
v -8.155758 0.998921 -2.960836
v -8.468091 1.004517 -4.310286
v -6.346862 1.002795 -3.579607
v -5.614471 0.987418 4.388489
v -7.229312 0.994707 4.988867
v -3.389463 0.976756 4.981306
v -4.348522 0.981279 4.586094
v -2.945600 0.974806 3.537527
v -8.138185 0.998738 3.604800
v -7.337661 1.007644 4.876589
v -5.614471 0.987418 4.388489
v -7.337661 1.007644 4.876589
v -6.807052 1.005303 5.086150
v 2.565051 0.919199 -1.921470
v 4.922462 0.917516 -2.927088
v 5.793404 0.900608 -1.527879
v 2.929896 0.917034 -2.826183
v 4.922462 0.917516 -2.927088
v 2.929896 0.917034 -2.826183
v 5.793404 0.900608 -1.527879
v 2.565051 0.919199 -1.921470
v 2.547187 0.919330 -0.798005
v 5.724938 0.900939 -0.845095
v 6.613330 0.895566 -1.461971
v 5.793404 0.900608 -1.527879
v 6.453175 0.896564 -1.524511
v 2.565051 0.919199 -1.921470
v 5.724938 0.900939 -0.845095
v 2.547187 0.919330 -0.798005
v 8.580843 0.999023 -2.841124
v 4.922462 0.917516 -2.927088
v 6.226092 0.910351 -3.663696
v 5.719413 0.913344 -3.659990
v 6.226092 0.910351 -3.663696
v 5.719413 0.913344 -3.659990
v 8.580843 0.999023 -2.841124
v 4.922462 0.917516 -2.927088
v 5.545590 0.902014 -0.064763
v 5.087435 0.904281 -0.784546
v 6.014338 0.899300 -0.061396
v 7.876703 0.888124 -0.498234
v -7.884181 1.194463 2.808521
v -8.352638 1.194575 2.831193
v -7.566655 1.194572 2.822785
v -9.319258 1.194379 2.809982
v -8.352638 1.194575 2.831193
v -9.319258 1.194379 2.809982
v -7.566655 1.194572 2.822785
v -7.884181 1.194463 2.808521
v -7.566655 1.194572 2.822785
v -2.586031 1.178017 2.795835
v -2.586031 1.190578 2.927767
v -2.012008 1.178017 2.795560
v -7.884181 1.194463 2.808521
v -2.279224 1.181354 2.928497
v -2.586031 1.178017 2.795835
v -7.884181 1.194463 2.808521
v -2.586031 1.190578 2.927767
v -7.566655 1.194572 2.822785
v -2.012008 1.178017 2.795560
v -2.586031 1.178017 2.795835
v -2.279224 1.181354 2.928497
v -2.586031 1.190578 2.927767
v -2.709793 1.119922 2.812916
v -2.586031 1.178017 2.795835
v -2.586031 1.190578 2.927767
v -2.732060 1.170971 2.794236
v -2.586031 1.178017 2.795835
v -2.709793 1.119922 2.812916
v 5.181285 0.903744 2.814165
v 3.129477 0.915667 2.841284
v 2.865543 0.917316 3.878924
v 5.793404 0.900405 3.712429
v -1.635904 0.863810 3.298231
v -2.355084 0.903159 2.781264
v 0.131447 1.172602 2.808309
v -2.355084 0.903159 2.781264
v -2.879087 0.894879 2.807621
v -2.403857 0.984144 1.812900
v -4.079229 0.992137 1.477390
v -4.079229 0.992137 1.477390
v -2.879087 0.894879 2.807621
v -2.355084 0.903159 2.781264
v -2.403857 0.984144 1.812900
v -1.635904 0.863810 3.298231
v -1.627762 1.114791 2.864729
v -1.635904 0.863810 3.298231
v 0.131447 1.172602 2.808309
v -2.945600 0.974806 3.537527
v -0.764962 0.964193 4.129497
v 0.264307 0.934647 4.895438
v -4.348522 0.981279 4.586094
v 1.712845 0.924199 4.257309
v 2.865543 0.917316 3.878924
v -1.635904 0.863810 3.298231
v -2.607509 0.837693 3.137275
v -2.355084 0.903159 2.781264
v -2.879087 0.894879 2.807621
v -8.138185 0.998738 3.604800
v -5.383566 0.985953 2.822785
v 2.865543 0.917316 3.878924
v 3.129477 0.915667 2.841284
v 5.793404 0.900405 3.712429
v 5.181285 0.903744 2.814165
v -1.635904 0.863810 3.298231
v -0.764962 0.964193 4.129497
v 3.129477 0.915667 2.841284
v -0.764962 0.964193 4.129497
v 2.865543 0.917316 3.878924
v 0.264307 0.934647 4.895438
v -1.635904 0.863810 3.298231
v -2.811369 0.475875 2.925373
v -2.245406 0.653458 3.354703
v -1.279617 0.355317 2.892567
v -2.553044 0.620915 3.353602
v -2.553044 0.620915 3.353602
v -1.279617 0.355317 2.892567
v -2.245406 0.653458 3.354703
v -2.811369 0.475875 2.925373
v -2.811369 0.475875 2.925373
v -2.818598 0.324259 2.918649
v -1.279617 0.355317 2.892567
v -1.279617 0.307086 2.890217
v -2.607509 0.837693 3.137275
v -2.506847 0.757222 3.344961
v -1.635904 0.863810 3.298231
v -2.589313 0.759577 3.345173
v -2.589313 0.759577 3.345173
v -2.553044 0.620915 3.353602
v -2.245406 0.653458 3.354703
v -2.506847 0.757222 3.344961
v -2.355084 0.903159 2.781264
v -2.879087 0.894879 2.807621
v -1.635904 0.863810 3.298231
v -2.607509 0.837693 3.137275
v -7.422329 0.914580 0.012602
v -8.086171 0.833924 -0.018901
v -8.892968 0.682572 0.013735
v -8.886321 0.494029 -0.175760
v -8.872279 0.300707 -0.117742
v -8.879342 0.435346 -0.048784
v -8.869828 0.322296 0.022682
v -8.826912 0.838083 0.005867
v -8.892968 0.682572 0.013735
v -7.422329 0.914580 0.012602
v -8.826912 0.838083 0.005867
v -8.897829 0.679329 -0.231417
v -8.836219 0.838753 -0.337203
v -8.892968 0.682572 0.013735
v -8.897829 0.679329 -0.231417
v -8.891307 0.589219 -0.116894
v -8.892968 0.682572 0.013735
v -8.886570 0.593930 -0.052988
v -8.886321 0.494029 -0.175760
v -8.879342 0.435346 -0.048784
v -8.836219 0.838753 -0.337203
v -8.826912 0.838083 0.005867
v -8.879342 0.435346 -0.048784
v -8.886321 0.494029 -0.175760
v -8.891307 0.589219 -0.116894
v -8.869828 0.322296 0.022682
v -8.872279 0.300707 -0.117742
v -8.886570 0.593930 -0.052988
v -8.892968 0.682572 0.013735
v -8.634270 1.180373 0.017642
v -8.632317 1.053633 -0.196779
v -8.632566 1.091365 -0.066447
v -8.635516 1.179587 -0.229574
v -2.805387 0.157778 -3.007810
v -7.979858 0.041906 -4.167046
v -3.121708 0.157763 -3.666429
v -5.409946 0.255958 -4.325418
v -4.517318 0.323082 -4.329760
v -5.433046 0.157835 -3.557317
v -7.979858 0.041906 -4.167046
v -2.805387 0.157778 -3.007810
v -5.475089 0.157825 4.432211
v -4.513039 0.157840 4.926644
v -2.797161 0.157869 5.306723
v 2.679174 0.121665 4.982142
v 2.790140 0.122889 4.264043
v 2.454833 0.165084 5.028809
v -2.797161 0.157775 4.250584
v -4.513039 0.157840 4.926644
v 0.277518 0.157588 3.618248
v 0.251096 0.157874 4.839198
v -4.873854 0.157872 3.491283
v -6.082929 0.157612 3.396266
v -2.797161 0.157775 4.250584
v -5.914673 0.157770 4.198454
v -10.113010 0.115039 5.671120
v -10.609137 0.165128 5.668293
v -8.774899 0.165215 5.777606
v -10.675110 0.157600 2.846335
v -10.648729 0.323473 2.885007
v -8.511006 0.157817 3.629187
v -10.335316 0.157803 2.116461
v -10.675110 0.157600 2.846335
v -6.082929 0.157612 3.396266
v -5.396736 0.157869 2.622658
v -12.034285 0.165007 2.019760
v -11.542978 0.116608 2.096278
v -10.990725 0.190492 2.794341
v 0.240585 0.121934 5.803051
v 0.251096 0.157627 5.273081
v 1.339774 0.121388 5.700251
v 2.679174 0.121665 4.982142
v 0.251096 0.157874 4.839198
v 2.790140 0.122889 4.264043
v 0.277518 0.157588 3.618248
v 2.758317 0.121349 3.787686
v -2.797161 0.157869 5.306723
v -4.513039 0.157840 4.926644
v -5.517173 0.157981 5.289908
v -10.113010 0.115039 5.671120
v -5.475089 0.157825 4.432211
v -2.797161 0.157869 5.306723
v -8.181101 0.157830 4.304399
v -9.698769 0.122720 5.722235
v -8.098219 0.158067 5.709707
v -8.181101 0.157830 4.304399
v -10.113010 0.115039 5.671120
v -5.517173 0.157981 5.289908
v -5.475089 0.157825 4.432211
v -8.098219 0.158067 5.709707
v -9.698769 0.122720 5.722235
v -11.546717 0.001989 4.327949
v -11.542272 0.107777 3.550985
v -8.181101 0.157830 4.304399
v -8.511006 0.157817 3.629187
v -12.153061 0.165057 4.726518
v -11.542272 0.107777 3.550985
v -11.544807 0.070720 2.876239
v -10.675110 0.157600 2.846335
v -11.542978 0.116608 2.096278
v -10.335316 0.157803 2.116461
v -8.511006 0.157817 3.629187
v -10.335316 0.157803 2.116461
v -10.990725 0.190492 2.794341
v -9.197158 0.190406 2.795231
v -11.542978 0.116608 2.096278
v -10.648729 0.323473 2.885007
v -11.051213 0.165124 3.532486
v -12.153061 0.165057 4.726518
v -11.546717 0.001989 4.327949
v -10.991806 0.190406 3.522034
v -11.544807 0.070720 2.876239
v -11.542272 0.107777 3.550985
v -8.511006 0.157817 3.629187
v -8.181101 0.157830 4.304399
v -10.335316 0.157803 2.116461
v -9.197158 0.190406 2.795231
v -10.648729 0.323473 2.885007
v -10.335316 0.157803 2.116461
v -10.648729 0.323473 2.885007
v -10.675110 0.157600 2.846335
v -10.609137 0.165128 5.668293
v -9.698769 0.122720 5.722235
v -8.774899 0.165215 5.777606
v -10.113010 0.115039 5.671120
v -9.698769 0.122720 5.722235
v -10.113010 0.115039 5.671120
v -8.774899 0.165215 5.777606
v -11.542272 0.107777 3.550985
v -10.991806 0.190406 3.522034
v -11.051213 0.165124 3.532486
v -11.546717 0.001989 4.327949
v -5.914673 0.157770 4.198454
v -6.082929 0.157612 3.396266
v -4.873854 0.157872 3.491283
v -10.675110 0.157600 2.846335
v -5.396736 0.157869 2.622658
v -10.335316 0.157803 2.116461
v -2.797161 0.157775 4.250584
v -5.475089 0.157825 4.432211
v -4.513039 0.157840 4.926644
v 0.251096 0.157874 4.839198
v 0.277518 0.157588 3.618248
v -8.181101 0.157830 4.304399
v -8.511006 0.157817 3.629187
v -5.914673 0.157770 4.198454
v -8.748518 0.165064 4.116048
v -8.511006 0.157817 3.629187
v -11.542729 0.124461 -2.987627
v -10.754294 0.157850 -3.180616
v -10.754294 0.157865 -2.254396
v -11.544225 0.124461 -2.304843
v -5.396736 0.157869 2.622658
v -8.274285 0.157771 1.461421
v -5.475919 0.157852 2.067687
v -4.900235 0.157790 2.089543
v -3.208702 0.157884 2.803448
v -6.082929 0.157612 3.396266
v -4.873854 0.157872 3.491283
v -3.087475 0.157857 1.320997
v -6.637176 0.164899 0.672682
v -10.335316 0.157803 2.116461
v -11.545886 0.001989 1.415167
v -11.542978 0.116608 2.096278
v -11.545013 0.086776 0.644927
v -10.427711 0.157780 0.639463
v -10.589362 0.157788 1.318053
v -11.547881 0.001989 1.116656
v 0.277518 0.157578 2.175739
v 0.277518 0.157573 1.535419
v 2.327831 0.164951 1.533735
v 2.659523 0.124461 2.106369
v -2.797161 0.157775 4.250584
v -4.873854 0.157872 3.491283
v 0.277518 0.157588 3.618248
v 0.251096 0.157555 3.511042
v 0.240585 0.121934 5.803051
v 2.679174 0.121665 4.982142
v 1.339774 0.121388 5.700251
v 0.251096 0.157627 5.273081
v 7.876703 0.888124 -0.498234
v 6.613330 0.895566 -1.461971
v 9.910522 0.892652 -1.370639
v 9.867565 0.892803 -0.394385
v 9.573179 0.834158 3.207905
v 9.038790 0.769783 4.320379
v 9.036962 0.765858 4.196770
v 9.580782 0.836469 2.314904
v 9.824815 0.904814 2.854743
v 9.573179 0.834158 3.207905
v 9.825189 0.906384 2.289680
v 9.512981 0.813355 2.025637
v 9.580782 0.836469 2.314904
v 9.573179 0.834158 3.207905
v 9.558971 0.527591 3.429061
v 9.514643 0.663014 3.717766
v 9.036962 0.765858 4.196770
v 9.558306 0.494224 3.396573
v 9.277132 0.174728 3.561077
v 9.514643 0.473913 3.717141
v 9.308374 0.175420 3.248165
v 8.993423 0.118047 2.868191
v 9.307252 0.175410 2.735762
v 9.308374 0.175420 3.248165
v 9.825189 0.906384 2.289680
v 8.775688 0.882881 2.854743
v 9.824815 0.904814 2.854743
v 8.610714 0.884006 2.097962
v 8.610714 0.884006 2.097962
v 9.825189 0.906384 2.289680
v 9.501473 1.087427 2.785373
v 9.725772 0.997500 3.962589
v 9.036962 0.765858 4.196770
v 9.038790 0.769783 4.320379
v 9.704793 0.997011 4.358214
v 9.824815 0.904814 2.854743
v 9.573179 0.834158 3.207905
v 9.825189 0.906384 2.289680
v 9.580782 0.836469 2.314904
v 9.036962 0.765858 4.196770
v 9.725772 0.997500 3.962589
v 9.704793 0.997011 4.358214
v 9.038790 0.769783 4.320379
v 9.824815 0.904814 2.854743
v 9.573179 0.834158 3.207905
v 9.291673 0.175107 1.990745
v 9.556395 0.500935 2.766979
v 9.558223 0.438487 2.079875
v 9.307252 0.175410 2.735762
v 9.307252 0.175410 2.735762
v 9.291673 0.175107 1.990745
v 9.558223 0.438487 2.079875
v 9.556395 0.500935 2.766979
v 8.960437 0.117978 2.084502
v 9.192672 0.123516 2.797561
v 9.555813 0.620326 2.613308
v 9.555564 0.547609 2.086186
v 9.580782 0.836469 2.314904
v 9.558971 0.527591 3.429061
v 9.573179 0.834158 3.207905
v 9.512981 0.813355 2.025637
v 9.307252 0.175410 2.735762
v 9.192672 0.123516 2.797561
v 9.308374 0.175420 3.248165
v 9.291673 0.175107 1.990745
v 8.960437 0.117978 2.084502
v 8.993423 0.118047 2.868191
v 9.620208 0.112683 3.754256
v 9.723903 0.116069 4.479301
v 9.277132 0.174728 3.561077
v 9.578165 0.325045 4.488747
v 9.620208 0.112683 3.754256
v 9.555564 0.547609 2.086186
v 9.555813 0.620326 2.613308
v 9.512981 0.813355 2.025637
v 9.580782 0.836469 2.314904
v 9.308374 0.175420 3.248165
v 9.620208 0.112683 3.754256
v 9.277132 0.174728 3.561077
v 9.578165 0.325045 4.488747
v 9.723903 0.116069 4.479301
v 9.558306 0.494224 3.396573
v 9.514643 0.473913 3.717141
v 9.514643 0.663014 3.717766
v 9.558971 0.527591 3.429061
v 9.514643 0.473913 3.717141
v 9.558306 0.494224 3.396573
v 9.558971 0.527591 3.429061
v 9.514643 0.663014 3.717766
v 9.308374 0.175420 3.248165
v 9.277132 0.174728 3.561077
v 9.307252 0.175410 2.735762
v 9.277132 0.174728 3.561077
v 9.308374 0.175420 3.248165
v 8.993423 0.118047 2.868191
v 9.192672 0.123516 2.797561
v 9.307252 0.175410 2.735762
v 9.573179 0.834158 3.207905
v 9.558971 0.527591 3.429061
v 9.036962 0.765858 4.196770
v 9.555813 0.620326 2.613308
v 9.580782 0.836469 2.314904
v 9.825189 0.906384 2.289680
v 9.823860 0.901676 1.410964
v 9.824815 0.904814 2.854743
v 8.610714 0.884006 2.097962
v 5.907942 0.899918 2.094594
v 8.157254 0.886643 1.990322
v 5.771717 0.900739 1.627069
v 9.823860 0.901676 1.410964
v 9.825189 0.906384 2.289680
v 9.823860 0.901676 1.410964
v 9.512981 0.813355 2.025637
v 9.580782 0.836469 2.314904
v 9.825189 0.906384 2.289680
v 9.824774 0.901676 0.696222
v 9.514518 0.813550 1.357890
v 5.793404 0.900405 3.712429
v 8.616239 0.883778 3.547618
v 8.664846 0.883739 4.321226
v 8.775688 0.882881 2.854743
v 5.181285 0.903744 2.814165
v 2.865543 0.917316 3.878924
v 1.712845 0.924199 4.257309
v 5.263917 0.903502 4.253105
v 9.824815 0.904814 2.854743
v 9.725772 0.997500 3.962589
v 9.704793 0.997011 4.358214
v 8.610714 0.884006 2.097962
v 9.825189 0.906384 2.289680
v 9.824815 0.904814 2.854743
v 8.630531 0.883912 1.364720
v 6.014338 0.899300 -0.061396
v 9.824774 0.901676 0.696222
v 9.869642 0.892961 0.515442
v 2.934009 0.916982 2.577252
v 5.181285 0.903744 2.814165
v 3.129477 0.915667 2.841284
v 5.907942 0.899918 2.094594
v -4.802937 0.983224 -0.128669
v -5.555104 0.998949 -0.774454
v -7.422329 0.914580 0.012602
v -5.229393 0.997552 0.496943
v -5.607865 0.999248 -1.517787
v -5.555104 0.998877 -1.003171
v -5.304382 0.997725 -0.982999
v -5.310987 0.997728 -1.544694
v -2.403857 0.984144 1.812900
v -5.182323 0.997181 1.243633
v -4.079229 0.992137 1.477390
v -0.990965 0.977750 1.102362
v 8.960437 0.117978 2.084502
v 5.963280 0.109965 1.512715
v 8.706391 0.118257 2.249313
v 9.192672 0.123516 2.797561
v -11.150173 1.023870 -3.707419
v -11.289016 1.024604 -3.434979
v -8.181101 1.010968 -3.566148
v -8.886238 1.014327 -3.668737
v -4.476313 0.993877 -3.704052
v -6.707095 1.004490 -3.668737
v -6.346862 1.002795 -3.579607
v -3.285394 0.988615 -3.660329
v -5.159225 0.997036 -2.940546
v -6.197592 1.002038 -2.248508
v -3.243351 1.096076 -4.329103
v -2.333148 1.003734 -3.831864
v -2.332235 1.107361 -3.789825
v -8.154803 1.010985 -3.684314
v -5.433046 1.178042 -4.326540
v -2.546439 1.200000 -4.329738
v 2.834219 0.929509 -3.838588
v 2.850712 1.083809 -4.329675
v 5.377708 1.014233 -4.330225
v -2.332235 1.107361 -3.789825
v 5.753812 0.913067 -3.747775
v -5.433046 1.178042 -4.326540
v -8.154803 1.010985 -3.684314
v -3.243351 1.096076 -4.329103
v 2.850712 1.083809 -4.329675
v 2.834219 0.929509 -3.838588
v 5.753812 0.913067 -3.747775
v 5.377708 1.014233 -4.330225
v -4.476313 0.993877 -3.704052
v -3.243351 1.096076 -4.329103
v -2.332235 1.107361 -3.789825
v -3.243351 1.096076 -4.329103
v -4.476313 0.993877 -3.704052
v -2.333148 1.003734 -3.831864
v -3.243351 1.096076 -4.329103
v -8.154803 1.010985 -3.684314
v -2.546439 1.200000 -4.329738
v 2.834219 0.929509 -3.838588
v -2.333148 1.003734 -3.831864
v -2.332235 1.107361 -3.789825
v -4.476313 0.993877 -3.704052
v -5.433046 1.178042 -4.326540
v -3.243351 1.096076 -4.329103
v -2.546439 1.200000 -4.329738
v -2.332235 1.107361 -3.789825
v -2.332401 1.178116 -3.831864
v -1.178581 1.140385 -3.563331
v -1.178581 1.140385 -3.563331
v -2.332401 1.178116 -3.831864
v -1.279617 1.179587 -3.562992
v -2.546439 1.200000 -4.329738
v -2.332235 1.107361 -3.789825
v -2.332401 1.178116 -3.831864
v -1.279617 1.179587 -3.562992
v -3.243351 1.096076 -4.329103
v -2.332235 1.107361 -3.789825
v -0.822709 1.000592 -3.561468
v -1.178581 1.140385 -3.563331
v -2.333148 1.003734 -3.831864
v -1.279617 1.179587 -3.562992
v -4.348522 0.981279 4.586094
v -2.945600 0.974806 3.537527
v -0.764962 0.964193 4.129497
v 9.626315 0.804326 -2.052586
v 9.635413 0.808496 -2.321659
v 9.910522 0.892748 -2.084534
v 9.908071 0.892840 -2.557110
v 9.837237 0.897019 -3.724235
v 9.889251 0.892914 -3.007809
v 9.908071 0.892840 -2.557110
v 9.837237 0.897019 -3.724235
v 9.637906 0.808229 -3.586628
v 9.889251 0.892914 -3.007809
v 9.652571 0.814531 -3.715827
v 9.908071 0.892840 -2.557110
v 9.637906 0.808229 -3.586628
v 9.889251 0.892914 -3.007809
v 9.652571 0.814531 -3.715827
v 9.837237 0.897019 -3.724235
v -2.457367 0.984500 -2.755552
v -5.159225 0.997036 -2.940546
v -2.483748 0.984883 -2.210662
v -5.310987 0.997728 -1.544694
v 9.889251 0.892914 -3.007809
v 6.226092 0.910351 -3.663696
v 9.527854 1.087504 -3.533353
v 5.719413 0.913344 -3.659990
v 6.637924 0.907687 -3.704052
v 6.226092 0.910351 -3.663696
v 9.889251 0.892914 -3.007809
v 9.837237 0.897019 -3.724235
v 2.834219 0.929509 -3.838588
v 5.753812 0.913067 -3.747775
v 2.824331 0.929509 -3.616606
v 8.555169 1.026305 -3.438336
v 6.226092 0.910351 -3.663696
v 9.889251 0.892914 -3.007809
v 9.527854 1.087504 -3.533353
v 5.809897 0.596676 -4.329558
v 2.761640 0.824739 -4.384050
v 5.608655 0.831803 -4.330014
v 3.134421 0.620228 -4.329802
v 5.608655 0.831803 -4.330014
v 3.134421 0.620228 -4.329802
v 5.809897 0.596676 -4.329558
v 2.761640 0.824739 -4.384050
v 5.753812 0.913067 -3.747775
v 5.608655 0.831803 -4.330014
v 6.193853 0.831217 -4.329664
v 6.637924 0.907687 -3.704052
v 6.226092 0.910351 -3.663696
v 5.753812 0.913067 -3.747775
v 5.719413 0.913344 -3.659990
v 6.637924 0.907687 -3.704052
v 2.761640 0.824739 -4.384050
v 5.608655 0.831803 -4.330014
v 2.834219 0.929509 -3.838588
v 6.193853 0.831217 -4.329664
v 9.889251 0.892914 -3.007809
v 9.837237 0.897019 -3.724235
v 6.226092 0.910351 -3.663696
v 6.637924 0.907687 -3.704052
v 8.580843 0.999023 -2.841124
v 6.226092 0.910351 -3.663696
v 9.889251 0.892914 -3.007809
v 9.908071 0.892840 -2.557110
v 5.753812 0.913067 -3.747775
v 6.637924 0.907687 -3.704052
v 6.061034 1.036068 -4.329876
v 9.837237 0.897019 -3.724235
v 9.382697 1.011977 -4.328192
v 5.377708 1.014233 -4.330225
v 3.131139 0.915774 -0.118578
v 5.724938 0.900939 -0.845095
v 5.087435 0.904281 -0.784546
v 2.547187 0.919330 -0.798005
v 5.724938 0.900939 -0.845095
v 3.131139 0.915774 -0.118578
v 5.809897 0.596676 -4.329558
v 6.840828 0.586569 -4.329304
v 5.608655 0.831803 -4.330014
v 6.193853 0.831217 -4.329664
v -6.707095 1.004490 -3.668737
v -4.476313 0.993877 -3.704052
v -3.243351 1.096076 -4.329103
v -8.154803 1.010985 -3.684314
v 9.469691 0.559386 -4.373387
v 9.655479 0.337999 -4.171578
v 9.652571 0.814531 -3.715827
v -3.243351 1.096076 -4.329103
v -8.154803 1.010985 -3.684314
v -4.476313 0.993877 -3.704052
v -6.707095 1.004490 -3.668737
v -2.879087 0.894879 2.807621
v -5.439651 0.986351 2.639294
v -7.690749 1.008926 2.582303
v -5.373387 0.998148 1.243633
v -6.894503 1.005120 1.371445
v -5.182323 0.997181 1.243633
v -5.182323 0.997181 1.243633
v -6.894503 1.005120 1.371445
v -5.190632 1.005377 0.779580
v -13.628354 0.960162 -0.221590
v -8.826912 0.838083 0.005867
v -13.627606 0.965362 0.202583
v -8.836219 0.838753 -0.337203
v -8.632566 1.091365 -0.066447
v -13.235051 1.041416 0.146164
v -13.235591 1.026500 0.746468
v -8.517820 1.012681 1.371720
v -13.235508 1.036705 1.378169
v -9.655728 1.005572 1.798604
v -13.627606 0.965362 0.202583
v -13.629227 0.968014 0.714509
v -13.235134 1.036705 -0.762689
v -8.632317 1.053633 -0.196779
v -13.235217 1.025714 -1.099035
v -9.479246 1.016601 -0.929173
v -13.628354 0.960162 -0.221590
v -13.235342 1.041416 3.934422
v -9.634250 1.005528 2.912995
v -9.701926 1.005763 3.540894
v -11.028115 1.011334 2.821112
v -13.235342 1.041416 3.934422
v -11.028115 1.011334 2.821112
v -13.235175 1.028855 4.284227
v -13.235591 1.026500 0.746468
v -13.235508 1.036705 1.378169
v -11.289016 1.012656 2.656301
v -7.566655 1.194572 2.822785
v -8.352638 1.194575 2.831193
v -2.586031 1.190578 2.927767
v -13.239496 0.995980 -3.060576
v -13.240327 0.983469 -2.303583
v -11.148512 1.023751 -2.742094
v -11.289016 1.024604 -3.434979
v -13.239288 0.995098 -2.086641
v -11.070989 1.023638 -2.162724
v -5.373387 0.998148 1.243633
v -8.563769 1.000508 0.678570
v -7.422329 0.914580 0.012602
v -8.826912 0.838083 0.005867
v -0.263518 0.623270 -4.384008
v 3.134421 0.620228 -4.329802
v 0.291934 0.672866 -4.384008
v -0.263518 0.623270 -4.384008
v -0.408675 0.496580 -4.384114
v 2.375649 0.447907 -4.384273
v 3.134421 0.620228 -4.329802
v 9.725772 0.997500 3.962589
v 9.825189 0.906384 2.289680
v 9.824815 0.904814 2.854743
v 9.825189 0.906384 2.289680
v 9.823860 0.901676 1.410964
v 9.725772 0.997500 3.962589
v 9.556395 0.500935 2.766979
v 9.555813 0.620326 2.613308
v 9.558223 0.438487 2.079875
v 9.558971 0.527591 3.429061
v 9.555564 0.547609 2.086186
v 9.558306 0.494224 3.396573
v 9.869642 0.892961 0.515442
v 9.867565 0.892803 -0.394385
v 9.824774 0.901676 0.696222
v 8.706391 0.118257 2.249313
v 5.963280 0.109965 1.512715
v 9.192672 0.123516 2.797561
v 5.963280 0.109965 1.512715
v 8.960437 0.117978 2.084502
v 9.192672 0.123516 2.797561
v 9.620208 0.112683 3.754256
v 8.993423 0.118047 2.868191
v 9.277132 0.174728 3.561077
v 8.993423 0.118047 2.868191
v 9.308374 0.175420 3.248165
v 9.277132 0.174728 3.561077
v 9.308374 0.175420 3.248165
v 9.307252 0.175410 2.735762
v 9.558306 0.494224 3.396573
v 9.556395 0.500935 2.766979
v 2.834219 0.929509 -3.838588
v -2.333148 1.003734 -3.831864
v -0.822709 1.000592 -3.561468
v 2.824331 0.929509 -3.616606
v -1.635904 0.863810 3.298231
v -2.355084 0.903159 2.781264
v 2.934009 0.916982 2.577252
v 3.129477 0.915667 2.841284
v 8.788857 1.090196 -1.413525
v 8.921094 1.079988 -0.071551
v 8.868457 1.092460 -0.003928
v 9.501473 1.087427 2.785373
v 8.573490 1.056191 2.806785
v 9.501473 1.087343 2.919486
v 8.610714 0.884006 2.097962
v -11.542978 0.116608 2.096278
v -11.544807 0.070720 2.876239
v -10.991806 0.190406 3.522034
v -10.990725 0.190492 2.794341
v -11.544807 0.070720 2.876239
v -11.542272 0.107777 3.550985
v -10.991806 0.190406 3.522034
v 2.481214 0.165158 3.496959
v 2.758317 0.121349 3.787686
v 2.363268 0.165032 4.156414
v 2.779878 0.121702 3.497171
v 2.659523 0.124461 2.106369
v 2.481214 0.165158 3.496959
v 2.779878 0.121702 3.497171
v 2.363268 0.165032 4.156414
v 2.758317 0.121349 3.787686
v 2.481214 0.165158 3.496959
v 2.520806 0.165222 2.707584
v 2.659523 0.124461 2.106369
v 2.326169 0.165044 4.327949
v 2.363268 0.165032 4.156414
v 2.790140 0.122889 4.264043
v 2.758317 0.121349 3.787686
v 2.454833 0.165084 5.028809
v -11.547091 0.004345 4.974581
v -8.181101 0.157830 4.304399
v -10.113010 0.115039 5.671120
v -11.546717 0.001989 4.327949
v 2.679174 0.121665 4.982142
v 1.339774 0.121388 5.700251
v 0.618932 0.165049 5.701088
v 2.454833 0.165084 5.028809
v -10.609137 0.165128 5.668293
v -10.113010 0.115039 5.671120
v -5.517173 0.157981 5.289908
v -11.547091 0.004345 4.974581
v -11.295538 0.165007 5.536807
v -10.609137 0.165128 5.668293
v -10.113010 0.115039 5.671120
v 0.251096 0.157627 5.273081
v -2.797161 0.157869 5.306723
v -5.040448 0.157877 5.811248
v -8.098219 0.158067 5.709707
v -5.517173 0.157981 5.289908
v 0.240585 0.121934 5.803051
v -9.698769 0.122720 5.722235
v -11.547091 0.004345 4.974581
v -11.041119 0.156858 5.693241
v -10.113010 0.115039 5.671120
v -11.547091 0.004345 4.974581
v -9.698769 0.122720 5.722235
v -8.511006 0.157817 3.629187
v -11.542272 0.107777 3.550985
v -8.748518 0.165064 4.116048
v 8.960437 0.117978 2.084502
v 9.307127 0.175403 1.174686
v 9.291673 0.175107 1.990745
v 9.303513 0.109058 0.732384
v 8.851050 0.109633 -2.363116
v 9.559428 0.255565 -2.247661
v 9.560840 0.255565 -2.146756
v 9.059396 0.109905 -2.214030
v 8.913283 0.109495 -0.599287
v 9.164961 0.109631 -1.460606
v 9.329894 0.175947 -1.369580
v 9.421915 0.328577 -0.229575
v 8.960437 0.117978 2.084502
v 9.303513 0.109058 0.732384
v 9.192672 0.123516 2.797561
v 8.851050 0.109633 -2.363116
v 9.164961 0.109631 -1.460606
v 9.059396 0.109905 -2.214030
v 1.597102 0.164842 -0.105130
v 0.759146 0.157701 -1.469225
v 1.938557 0.164820 0.307215
v 2.327831 0.164951 1.533735
v 1.953389 0.164825 0.752779
v 2.659523 0.124461 2.106369
v 0.291934 0.672866 -4.384008
v 2.761640 0.824739 -4.384050
v 3.134421 0.620228 -4.329802
v -5.360467 0.765858 -4.321076
v -8.022732 0.718828 -3.624262
v -6.346862 1.002795 -3.579607
v -6.707095 1.004490 -3.668737
v -5.360467 0.765858 -4.321076
v -6.346862 1.002795 -3.579607
v 2.355873 0.165032 -0.598091
v 1.597102 0.164842 -0.105130
v 2.494425 0.165181 0.611296
v 2.520806 0.165198 -1.204145
v 0.759146 0.157701 -1.469225
v 2.355873 0.165032 -0.598091
vt 0.455217 0.965026
vt 0.443659 0.944301
vt 0.372299 0.965026
vt 0.370000 0.944337
vt 0.661000 0.638738
vt 0.690719 0.674519
vt 0.659935 0.628754
vt 0.678137 0.552127
vt 0.696668 0.636176
vt 0.694121 0.554836
vt 0.679388 0.719771
vt 0.718146 0.715240
vt 0.716740 0.634279
vt 0.714639 0.561157
vt 0.719396 0.525517
vt 0.739565 0.522021
vt 0.734914 0.562859
vt 0.737320 0.645172
vt 0.739565 0.714297
vt 0.726282 0.715588
vt 0.663671 0.729456
vt 0.642372 0.629706
vt 0.642174 0.740501
vt 0.696304 0.723101
vt 0.896087 0.653196
vt 0.917826 0.642055
vt 0.898956 0.744406
vt 0.917826 0.753454
vt 0.014498 0.534815
vt 0.001304 0.536078
vt 0.009405 0.558752
vt 0.013673 0.559613
vt 0.002273 0.523748
vt 0.016957 0.533826
vt 0.016957 0.575561
vt 0.145016 0.007197
vt 0.143503 0.001295
vt 0.114546 0.006662
vt 0.152553 0.015976
vt 0.163913 0.003978
vt 0.096087 0.015976
vt 0.895217 0.470572
vt 0.901304 0.452936
vt 0.901304 0.509067
vt 0.470870 0.067789
vt 0.520435 0.067789
vt 0.500128 0.064335
vt 0.543679 0.591137
vt 0.510870 0.595423
vt 0.544783 0.595423
vt 0.527138 0.588515
vt 0.892609 0.338083
vt 0.857798 0.307173
vt 0.861448 0.218912
vt 0.855217 0.297458
vt 0.877639 0.219181
vt 0.892609 0.299258
vt 0.202282 0.994093
vt 0.193712 0.986615
vt 0.232609 0.990759
vt 0.204515 0.999568
vt 0.183913 0.999568
vt 0.736087 0.993497
vt 0.785652 0.995250
vt 0.785652 0.989206
vt 0.162174 0.358747
vt 0.163529 0.369171
vt 0.220435 0.369171
vt 0.183944 0.341537
vt 0.977348 0.562625
vt 0.999565 0.562608
vt 0.999565 0.619603
vt 0.976957 0.609212
vt 0.929779 0.811313
vt 0.967130 0.811313
vt 0.926522 0.745455
vt 0.965343 0.741364
vt 0.973478 0.741802
vt 0.970113 0.810523
vt 0.833478 0.687824
vt 0.833478 0.831174
vt 0.799565 0.793692
vt 0.600435 0.360535
vt 0.595007 0.296423
vt 0.600435 0.217185
vt 0.566522 0.254667
vt 0.285712 0.965026
vt 0.284783 0.973661
vt 0.376957 0.973661
vt 0.379565 0.213731
vt 0.427391 0.213731
vt 0.413370 0.202504
vt 0.063913 0.642055
vt 0.027196 0.623921
vt 0.023043 0.642055
vt 0.893478 0.859672
vt 0.891426 0.844128
vt 0.872609 0.859672
vt 0.049724 0.934801
vt 0.049130 0.956390
vt 0.141304 0.956390
vt 0.140975 0.935269
vt 0.727391 0.857945
vt 0.618696 0.894447
vt 0.623842 0.874290
vt 0.727391 0.896805
vt 0.264783 0.712867
vt 0.264783 0.753861
vt 0.256957 0.754318
vt 0.257528 0.734487
vt 0.240435 0.750080
vt 0.168004 0.731002
vt 0.240274 0.765544
vt 0.131820 0.765544
vt 0.019168 0.733783
vt 0.017826 0.759536
vt 0.371552 0.810449
vt 0.379451 0.794905
vt 0.357826 0.797240
vt 0.394348 0.810449
vt 0.983913 0.028929
vt 0.983913 0.117012
vt 0.970000 0.101018
vt 0.837746 0.982297
vt 0.812609 0.998705
vt 0.881304 0.998705
vt 0.399565 0.456510
vt 0.411739 0.446028
vt 0.411739 0.476252
vt 0.618696 0.483161
vt 0.598696 0.471419
vt 0.618696 0.429620
vt 0.601304 0.117662
vt 0.609130 0.048791
vt 0.609130 0.127375
vt 0.000435 0.446188
vt 0.010870 0.382124
vt 0.010870 0.456390
vt 0.587391 0.570380
vt 0.587391 0.673143
vt 0.571739 0.585455
vt 0.991739 0.306131
vt 0.991739 0.334629
vt 0.978696 0.323214
vt 0.436087 0.927170
vt 0.455217 0.915652
vt 0.455217 0.939983
vt 0.437051 0.906304
vt 0.859565 0.054836
vt 0.843044 0.054824
vt 0.859565 0.004750
vt 0.009774 0.238447
vt 0.007391 0.264680
vt 0.017076 0.234456
vt 0.042174 0.264680
vt 0.359565 0.674870
vt 0.383043 0.674870
vt 0.365430 0.665371
vt 0.175217 0.990933
vt 0.122098 0.975389
vt 0.095217 0.990933
vt 0.736957 0.877807
vt 0.870000 0.877807
vt 0.740709 0.865717
vt 0.077068 0.468480
vt 0.072609 0.476252
vt 0.086522 0.476252
vt 0.716956 0.009067
vt 0.656816 0.005613
vt 0.649130 0.009067
vt 0.923043 0.629448
vt 0.923825 0.554133
vt 0.944783 0.634283
vt 0.944783 0.534111
vt 0.940435 0.740501
vt 0.919477 0.720479
vt 0.918696 0.645163
vt 0.940435 0.640328
vt 0.753478 0.607534
vt 0.765652 0.617876
vt 0.759879 0.617358
vt 0.765652 0.596287
vt 0.529629 0.931641
vt 0.613478 0.951209
vt 0.546548 0.918394
vt 0.526522 0.951209
vt 0.456957 0.789724
vt 0.486522 0.789724
vt 0.467904 0.778521
vt 0.485584 0.778497
vt 0.726522 0.127375
vt 0.726522 0.156736
vt 0.715217 0.128306
vt 0.715242 0.145864
vt 0.837826 0.767635
vt 0.877826 0.729275
vt 0.877826 0.853627
vt 0.837858 0.780673
vt 0.026522 0.322539
vt 0.151739 0.322539
vt 0.039694 0.304404
vt 0.106554 0.314569
vt 0.398696 0.065199
vt 0.482174 0.065199
vt 0.422913 0.053972
vt 0.606522 0.909758
vt 0.715217 0.909758
vt 0.636283 0.897668
vt 0.976087 0.249958
vt 0.982174 0.190415
vt 0.982174 0.292314
vt 0.250870 0.538428
vt 0.334348 0.538428
vt 0.333873 0.522884
vt 0.503913 0.990069
vt 0.450917 0.971934
vt 0.431739 0.990069
vt 0.978696 0.015976
vt 0.978696 0.047927
vt 0.975217 0.030560
vt 0.945652 0.384715
vt 0.945652 0.474525
vt 0.933478 0.464998
vt 0.840435 0.161917
vt 0.839565 0.159162
vt 0.840435 0.136010
vt 0.258094 0.859672
vt 0.220538 0.860530
vt 0.263913 0.863990
vt 0.214016 0.863758
vt 0.103913 0.863990
vt 0.956334 0.937392
vt 0.906138 0.937752
vt 0.959565 0.958981
vt 0.870000 0.958981
vt 0.950000 0.845855
vt 0.950000 0.934801
vt 0.930524 0.872285
vt 0.925652 0.852567
vt 0.845652 0.003886
vt 0.845652 0.040155
vt 0.825652 0.008653
vt 0.738696 0.468480
vt 0.738696 0.502159
vt 0.737826 0.488744
vt 0.945652 0.262090
vt 0.965652 0.262090
vt 0.948211 0.170675
vt 0.949963 0.166235
vt 0.621741 0.949482
vt 0.598832 0.969276
vt 0.659565 0.972798
vt 0.581304 0.972798
vt 0.203913 0.972798
vt 0.163477 0.949482
vt 0.125652 0.972798
vt 0.976957 0.790270
vt 0.983043 0.728411
vt 0.983043 0.827720
vt 0.608611 0.736183
vt 0.640435 0.695935
vt 0.626364 0.618930
vt 0.605449 0.620088
vt 0.605486 0.614797
vt 0.598696 0.650590
vt 0.640435 0.558290
vt 0.602195 0.572649
vt 0.233343 0.332352
vt 0.312525 0.304817
vt 0.349917 0.340008
vt 0.234100 0.311572
vt 0.315319 0.294856
vt 0.247655 0.295444
vt 0.236120 0.270432
vt 0.229227 0.269183
vt 0.345509 0.266838
vt 0.228585 0.275508
vt 0.439191 0.352931
vt 0.308788 0.355761
vt 0.492039 0.360892
vt 0.534355 0.325779
vt 0.547338 0.327166
vt 0.615908 0.373828
vt 0.535938 0.373186
vt 0.444719 0.376406
vt 0.454654 0.391623
vt 0.538420 0.386490
vt 0.601057 0.389820
vt 0.317703 0.244270
vt 0.237492 0.254881
vt 0.453254 0.297230
vt 0.456860 0.266212
vt 0.319943 0.229275
vt 0.469477 0.242201
vt 0.650870 0.358650
vt 0.648861 0.378412
vt 0.438470 0.334165
vt 0.523657 0.304606
vt 0.174593 0.292138
vt 0.136301 0.278564
vt 0.135610 0.288077
vt 0.228042 0.331855
vt 0.307477 0.382769
vt 0.157001 0.249200
vt 0.148183 0.245102
vt 0.467569 0.317530
vt 0.120148 0.259725
vt 0.141003 0.307942
vt 0.220370 0.354616
vt 0.263335 0.341684
vt 0.293185 0.381691
vt 0.222557 0.370314
vt 0.223630 0.375539
vt 0.299896 0.391623
vt 0.001873 0.281021
vt 0.000435 0.295179
vt 0.168717 0.370362
vt 0.637428 0.390193
vt 0.612984 0.380771
vt 0.234064 0.462833
vt 0.235682 0.480313
vt 0.156857 0.498833
vt 0.170730 0.459059
vt 0.245435 0.505614
vt 0.169138 0.516423
vt 0.263323 0.520848
vt 0.154243 0.522021
vt 0.333689 0.522021
vt 0.333954 0.502483
vt 0.179975 0.452807
vt 0.334113 0.492755
vt 0.266144 0.452451
vt 0.280349 0.456410
vt 0.272998 0.460878
vt 0.117138 0.453417
vt 0.235144 0.431870
vt 0.335217 0.421722
vt 0.115890 0.414602
vt 0.121045 0.438057
vt 0.079677 0.420550
vt 0.158281 0.418809
vt 0.188214 0.433119
vt 0.203577 0.419513
vt 0.045582 0.457071
vt 0.207409 0.379534
vt 0.175299 0.379583
vt 0.037826 0.466225
vt 0.287115 0.462218
vt 0.171863 0.380532
vt 0.562710 0.249275
vt 0.507381 0.254588
vt 0.566522 0.274180
vt 0.457826 0.274180
vt 0.468565 0.233374
vt 0.559867 0.222366
vt 0.782015 0.154641
vt 0.799577 0.151362
vt 0.779565 0.144906
vt 0.815269 0.176662
vt 0.819565 0.108713
vt 0.812722 0.214837
vt 0.780050 0.239043
vt 0.819565 0.242228
vt 0.796911 0.039292
vt 0.784491 0.041733
vt 0.211739 0.420121
vt 0.361304 0.414592
vt 0.354393 0.420121
vt 0.225281 0.385579
vt 0.825652 0.073461
vt 0.860435 0.060017
vt 0.860435 0.201641
vt 0.599889 0.747171
vt 0.736957 0.734456
vt 0.589042 0.762090
vt 0.505652 0.751671
vt 0.508941 0.738247
vt 0.736634 0.762090
vt 0.922261 0.873489
vt 0.890193 0.778603
vt 0.903623 0.778176
vt 0.923913 0.777634
vt 0.923913 0.869006
vt 0.883043 0.815593
vt 0.926522 0.484024
vt 0.926522 0.388219
vt 0.894348 0.439004
vt 0.907242 0.387306
vt 0.938037 0.149988
vt 0.946265 0.077975
vt 0.956087 0.165371
vt 0.926522 0.081039
vt 0.956087 0.076425
vt 0.429042 0.768135
vt 0.294306 0.749136
vt 0.354775 0.751347
vt 0.498648 0.765294
vt 0.281304 0.768135
vt 0.500435 0.750078
vt 0.065966 0.920121
vt 0.099293 0.893351
vt 0.163913 0.920121
vt 0.063913 0.907244
vt 0.024323 0.910072
vt 0.007412 0.932211
vt 0.003719 0.909758
vt 0.102174 0.932211
vt 0.002052 0.931835
vt 0.000435 0.910864
vt 0.301675 0.847400
vt 0.268261 0.847582
vt 0.328196 0.841537
vt 0.370870 0.847582
vt 0.750870 0.800486
vt 0.787955 0.807019
vt 0.798696 0.743092
vt 0.791254 0.747526
vt 0.798696 0.812176
vt 0.673677 0.496194
vt 0.682006 0.539159
vt 0.644423 0.608377
vt 0.716087 0.494705
vt 0.698208 0.417236
vt 0.705634 0.443611
vt 0.688085 0.414488
vt 0.673268 0.422080
vt 0.634788 0.487124
vt 0.630000 0.433971
vt 0.712373 0.507956
vt 0.716087 0.374352
vt 0.711013 0.483553
vt 0.759185 0.453148
vt 0.758417 0.481919
vt 0.772284 0.551786
vt 0.758573 0.401123
vt 0.742597 0.473763
vt 0.797625 0.573735
vt 0.798634 0.551282
vt 0.778200 0.574064
vt 0.816957 0.573565
vt 0.816957 0.480943
vt 0.747679 0.550293
vt 0.739565 0.502440
vt 0.758618 0.574698
vt 0.364783 0.964162
vt 0.340448 0.939119
vt 0.284783 0.964162
vt 0.904783 0.322539
vt 0.885652 0.233117
vt 0.904783 0.224957
vt 0.838008 0.945164
vt 0.806482 0.952101
vt 0.806131 0.948469
vt 0.842184 0.945358
vt 0.856957 0.974525
vt 0.784783 0.974525
vt 0.825072 0.908895
vt 0.840435 0.889368
vt 0.732442 0.908895
vt 0.787666 0.878670
vt 0.731739 0.883316
vt 0.186254 0.216624
vt 0.333810 0.205627
vt 0.191167 0.228469
vt 0.107447 0.229150
vt 0.170898 0.216838
vt 0.050338 0.230138
vt 0.096921 0.219914
vt 0.001487 0.211585
vt 0.017989 0.228543
vt 0.279636 0.218580
vt 0.279404 0.230138
vt 0.245411 0.145435
vt 0.200531 0.121868
vt 0.221521 0.107918
vt 0.011712 0.148713
vt 0.015001 0.169489
vt 0.006698 0.146335
vt 0.000435 0.167978
vt 0.605852 0.199302
vt 0.588928 0.164159
vt 0.606204 0.177567
vt 0.589426 0.183426
vt 0.589580 0.202950
vt 0.567188 0.188636
vt 0.565259 0.212863
vt 0.418927 0.200977
vt 0.490088 0.217260
vt 0.606522 0.215097
vt 0.518476 0.222451
vt 0.418719 0.226534
vt 0.349445 0.123976
vt 0.338525 0.126693
vt 0.328416 0.126388
vt 0.258418 0.113202
vt 0.406205 0.084580
vt 0.258669 0.104744
vt 0.258005 0.083233
vt 0.351664 0.066653
vt 0.401944 0.044677
vt 0.257714 0.061951
vt 0.211260 0.084293
vt 0.200512 0.062784
vt 0.211847 0.096641
vt 0.354493 0.025512
vt 0.257476 0.044200
vt 0.257717 0.007174
vt 0.400687 0.005829
vt 0.187173 0.008493
vt 0.256940 0.004212
vt 0.187666 0.000432
vt 0.191048 0.047003
vt 0.436399 0.085725
vt 0.436134 0.105554
vt 0.556597 0.082588
vt 0.495872 0.106202
vt 0.442675 0.125573
vt 0.497097 0.127045
vt 0.451036 0.144266
vt 0.344906 0.164373
vt 0.344585 0.171365
vt 0.452771 0.164325
vt 0.345441 0.186725
vt 0.566861 0.163009
vt 0.497812 0.144587
vt 0.588038 0.102283
vt 0.588409 0.123632
vt 0.560814 0.063717
vt 0.325157 0.165271
vt 0.303746 0.172178
vt 0.257250 0.167647
vt 0.321293 0.186489
vt 0.354542 0.204794
vt 0.174043 0.207207
vt 0.093941 0.207954
vt 0.135500 0.187373
vt 0.058250 0.172045
vt 0.064697 0.168892
vt 0.174333 0.167073
vt 0.100401 0.148353
vt 0.171835 0.127815
vt 0.037995 0.129486
vt 0.131900 0.109194
vt 0.072631 0.093793
vt 0.139521 0.108035
vt 0.018310 0.124792
vt 0.006654 0.108166
vt 0.006851 0.088178
vt 0.035066 0.085671
vt 0.099360 0.065098
vt 0.015770 0.050664
vt 0.020871 0.173541
vt 0.001349 0.208458
vt 0.187828 0.206893
vt 0.256990 0.157269
vt 0.200729 0.151395
vt 0.196135 0.138742
vt 0.233937 0.182305
vt 0.588672 0.145060
vt 0.587810 0.082071
vt 0.393929 0.222784
vt 0.606031 0.145432
vt 0.602391 0.140360
vt 0.729497 0.431705
vt 0.742672 0.430249
vt 0.721289 0.425859
vt 0.717826 0.414037
vt 0.747391 0.420355
vt 0.747391 0.359672
vt 0.725470 0.446488
vt 0.720309 0.510794
vt 0.532985 0.674007
vt 0.561729 0.693836
vt 0.549692 0.696357
vt 0.573478 0.709413
vt 0.555410 0.703947
vt 0.483043 0.709413
vt 0.504783 0.733592
vt 0.585652 0.733592
vt 0.563089 0.713156
vt 0.507401 0.711140
vt 0.612250 0.837219
vt 0.717826 0.837219
vt 0.686445 0.821773
vt 0.563913 0.820843
vt 0.631802 0.808722
vt 0.493478 0.524611
vt 0.593478 0.524611
vt 0.580432 0.509067
vt 0.837826 0.220055
vt 0.853478 0.299223
vt 0.853478 0.201641
vt 0.839096 0.252837
vt 0.176957 0.983161
vt 0.256957 0.983161
vt 0.240412 0.964162
vt 0.735467 0.924439
vt 0.754348 0.928668
vt 0.657826 0.946891
vt 0.662039 0.926394
vt 0.742083 0.946891
vt 0.173266 0.714421
vt 0.265652 0.706695
vt 0.239109 0.724779
vt 0.125756 0.717803
vt 0.173872 0.712833
vt 0.251818 0.703850
vt 0.228454 0.686595
vt 0.086546 0.722772
vt 0.062829 0.724217
vt 0.060489 0.725652
vt 0.240780 0.726465
vt 0.230420 0.727547
vt 0.263870 0.701822
vt 0.261769 0.681920
vt 0.213371 0.670553
vt 0.049130 0.727547
vt 0.049778 0.708528
vt 0.549130 0.801813
vt 0.482441 0.798509
vt 0.545336 0.780225
vt 0.547525 0.786092
vt 0.445652 0.801813
vt 0.330000 0.644634
vt 0.350000 0.592832
vt 0.350000 0.659326
vt 0.334615 0.651880
vt 0.639565 0.125648
vt 0.639565 0.200777
vt 0.622174 0.161525
vt 0.726841 0.114510
vt 0.696957 0.071456
vt 0.710749 0.126873
vt 0.716983 0.059970
vt 0.711042 0.205095
vt 0.737826 0.001295
vt 0.717259 0.039343
vt 0.737826 0.118594
vt 0.823043 0.000432
vt 0.813478 0.027798
vt 0.823043 0.129102
vt 0.815274 0.054269
vt 0.999565 0.154710
vt 0.979413 0.120807
vt 0.999565 0.112694
vt 0.969130 0.161917
vt 0.580702 0.476578
vt 0.596087 0.484024
vt 0.596087 0.417530
vt 0.576087 0.469331
vt 0.418696 0.882124
vt 0.487391 0.882124
vt 0.450527 0.866580
vt 0.415541 0.999568
vt 0.417826 0.986737
vt 0.349130 0.999568
vt 0.409014 0.973661
vt 0.590055 0.635443
vt 0.597826 0.581606
vt 0.597826 0.710276
vt 0.588261 0.608973
vt 0.497927 0.940861
vt 0.477826 0.946339
vt 0.515217 0.984888
vt 0.488736 0.928610
vt 0.514274 0.974643
vt 0.515217 0.922712
vt 0.774348 0.351937
vt 0.766244 0.394214
vt 0.774348 0.249512
vt 0.768396 0.249136
vt 0.750000 0.320125
vt 0.752782 0.250881
vt 0.565652 0.576425
vt 0.565652 0.653282
vt 0.554348 0.617295
vt 0.788173 0.579016
vt 0.791265 0.579283
vt 0.786500 0.585564
vt 0.807391 0.597150
vt 0.751739 0.597150
vt 0.844346 0.453992
vt 0.843044 0.523081
vt 0.852522 0.462106
vt 0.852132 0.439119
vt 0.853808 0.462128
vt 0.855738 0.542746
vt 0.863043 0.533308
vt 0.863043 0.466915
vt 0.039489 0.580240
vt 0.058643 0.575659
vt 0.048035 0.560017
vt 0.116957 0.591105
vt 0.020435 0.591105
vt 0.270510 0.762953
vt 0.270357 0.783808
vt 0.235217 0.782026
vt 0.244471 0.787133
vt 0.351678 0.783720
vt 0.442174 0.784051
vt 0.403584 0.787066
vt 0.430192 0.787133
vt 0.336493 0.786963
vt 0.865652 0.636010
vt 0.941304 0.636010
vt 0.873189 0.626511
vt 0.869333 0.054836
vt 0.870870 0.206822
vt 0.865652 0.200454
vt 0.870870 0.070278
vt 0.341627 0.477979
vt 0.363043 0.483161
vt 0.266522 0.480561
vt 0.308090 0.483161
vt 0.044032 0.407168
vt 0.030870 0.421848
vt 0.075217 0.421848
vt 0.054344 0.043988
vt 0.044783 0.051382
vt 0.127391 0.051382
vt 0.122309 0.041883
vt 0.459565 0.937711
vt 0.475217 0.922712
vt 0.475217 0.962435
vt 0.870853 0.530060
vt 0.867153 0.563019
vt 0.879565 0.548822
vt 0.878968 0.575941
vt 0.868925 0.584837
vt 0.869385 0.604812
vt 0.879565 0.601190
vt 0.869879 0.624784
vt 0.879168 0.529009
vt 0.870981 0.522587
vt 0.878839 0.515894
vt 0.870340 0.487478
vt 0.878622 0.606281
vt 0.862174 0.586112
vt 0.863788 0.579883
vt 0.363441 0.917929
vt 0.356396 0.897668
vt 0.338696 0.932211
vt 0.430870 0.916365
vt 0.425471 0.932211
vt 0.674417 0.313312
vt 0.669685 0.387306
vt 0.678696 0.368647
vt 0.672431 0.288677
vt 0.667536 0.315158
vt 0.667984 0.235632
vt 0.664946 0.306879
vt 0.665794 0.322948
vt 0.667046 0.175055
vt 0.663444 0.171061
vt 0.660435 0.300592
vt 0.661951 0.155709
vt 0.678696 0.175551
vt 0.668272 0.098855
vt 0.671382 0.088515
vt 0.874348 0.167358
vt 0.881304 0.139474
vt 0.877061 0.067789
vt 0.881304 0.214594
vt 0.494692 0.017415
vt 0.482942 0.020278
vt 0.590131 0.019103
vt 0.385652 0.021676
vt 0.446430 0.020891
vt 0.539953 0.016839
vt 0.528236 0.036417
vt 0.563503 0.030456
vt 0.458072 0.059154
vt 0.603043 0.059154
vt 0.877826 0.021298
vt 0.884783 0.019430
vt 0.884783 0.099741
vt 0.879839 0.046211
vt 0.210870 0.056722
vt 0.110000 0.062608
vt 0.179092 0.062608
vt 0.117515 0.056563
vt 0.896087 0.133909
vt 0.896221 0.225820
vt 0.902174 0.194535
vt 0.902174 0.126511
vt 0.499565 0.870035
vt 0.601304 0.864495
vt 0.592237 0.870035
vt 0.571832 0.863990
vt 0.810000 0.984888
vt 0.791356 0.978843
vt 0.717826 0.984888
vt 0.967391 0.066926
vt 0.967391 0.167098
vt 0.962174 0.153263
vt 0.956957 0.837965
vt 0.962174 0.834629
vt 0.962174 0.926166
vt 0.195261 0.239736
vt 0.273478 0.239095
vt 0.173993 0.234456
vt 0.140327 0.237915
vt 0.184712 0.243092
vt 0.042174 0.241667
vt 0.100037 0.243092
vt 0.081924 0.239655
vt 0.269435 0.235473
vt 0.824783 0.140216
vt 0.831661 0.211615
vt 0.828689 0.121330
vt 0.832958 0.269368
vt 0.836803 0.228370
vt 0.836957 0.199742
vt 0.836343 0.302677
vt 0.836957 0.126722
vt 0.827391 0.182642
vt 0.827391 0.274180
vt 0.822174 0.200209
vt 0.570870 0.924439
vt 0.663043 0.924439
vt 0.635615 0.920121
vt 0.620512 0.011846
vt 0.636760 0.027031
vt 0.642925 0.009931
vt 0.645189 0.027453
vt 0.617310 0.025328
vt 0.648273 0.208691
vt 0.651514 0.178846
vt 0.650041 0.164308
vt 0.626305 0.261515
vt 0.658696 0.356218
vt 0.636764 0.355417
vt 0.615097 0.354264
vt 0.607391 0.210222
vt 0.656832 0.059492
vt 0.637924 0.053993
vt 0.658696 0.028526
vt 0.625791 0.117148
vt 0.761415 0.916667
vt 0.648261 0.920121
vt 0.773478 0.920121
vt 0.080409 0.023056
vt 0.110521 0.034308
vt 0.076728 0.033273
vt 0.057766 0.023933
vt 0.110842 0.039126
vt 0.120228 0.031564
vt 0.118580 0.029274
vt 0.138694 0.033390
vt 0.150610 0.037777
vt 0.063073 0.031177
vt 0.064400 0.032251
vt 0.054731 0.035678
vt 0.060013 0.040571
vt 0.052633 0.041418
vt 0.017868 0.044473
vt 0.055047 0.023299
vt 0.115323 0.039190
vt 0.053626 0.029279
vt 0.101309 0.018214
vt 0.079256 0.017656
vt 0.059715 0.009554
vt 0.056850 0.003022
vt 0.017826 0.013908
vt 0.183043 0.044473
vt 0.706522 0.802677
vt 0.750000 0.802677
vt 0.741262 0.794041
vt 0.997826 0.298359
vt 0.992609 0.283663
vt 0.997826 0.230138
vt 0.987391 0.752642
vt 0.992609 0.705095
vt 0.992609 0.778497
vt 0.136957 0.834629
vt 0.209130 0.834629
vt 0.142930 0.829447
vt 0.552383 0.761226
vt 0.536087 0.773316
vt 0.564783 0.773316
vt 0.750870 0.708851
vt 0.746759 0.694732
vt 0.741304 0.732502
vt 0.750870 0.746546
vt 0.935217 0.427029
vt 0.928261 0.388827
vt 0.935217 0.378670
vt 0.910870 0.210777
vt 0.941304 0.226684
vt 0.922926 0.211427
vt 0.920758 0.226473
vt 0.920165 0.151775
vt 0.924079 0.151696
vt 0.941304 0.195444
vt 0.918858 0.134283
vt 0.649130 0.999568
vt 0.630644 0.994387
vt 0.583913 0.999568
vt 0.984783 0.368729
vt 0.994348 0.351636
vt 0.993915 0.355336
vt 0.994348 0.391501
vt 0.985486 0.332902
vt 0.989553 0.394214
vt 0.306209 0.984888
vt 0.324783 0.993523
vt 0.302530 0.985255
vt 0.289147 0.993523
vt 0.263913 0.989321
vt 0.701464 0.971071
vt 0.767391 0.971071
vt 0.709522 0.966753
vt 0.699565 0.969534
vt 0.319578 0.222366
vt 0.296087 0.227547
vt 0.356957 0.227547
vt 0.496087 0.971071
vt 0.456427 0.967682
vt 0.404783 0.971071
vt 0.423733 0.965889
vt 0.079355 0.648135
vt 0.041440 0.654384
vt 0.046386 0.649231
vt 0.021304 0.655009
vt 0.040093 0.647674
vt 0.044496 0.644572
vt 0.040095 0.643782
vt 0.079199 0.645898
vt 0.091633 0.647053
vt 0.063514 0.654634
vt 0.096957 0.655009
vt 0.963043 0.731002
vt 0.960435 0.633308
vt 0.963043 0.628238
vt 0.505424 0.801813
vt 0.503913 0.808722
vt 0.542174 0.808722
vt 0.973478 0.930484
vt 0.970870 0.867094
vt 0.973478 0.818221
vt 0.811739 0.058290
vt 0.809484 0.034081
vt 0.811739 0.009931
vt 0.799565 0.024109
vt 0.561020 0.828180
vt 0.545652 0.834629
vt 0.585652 0.834629
vt 0.566126 0.825130
vt 0.788088 0.957254
vt 0.793478 0.946096
vt 0.783820 0.946028
vt 0.768261 0.957254
vt 0.895217 0.694732
vt 0.887993 0.677017
vt 0.894530 0.660787
vt 0.890342 0.643592
vt 0.886522 0.689419
vt 0.895217 0.638601
vt 0.974348 0.880451
vt 0.976957 0.796632
vt 0.976957 0.885579
vt 0.966522 0.671799
vt 0.974348 0.709413
vt 0.969680 0.678603
vt 0.974348 0.609240
vt 0.983913 0.346369
vt 0.975139 0.338900
vt 0.983913 0.329447
vt 0.974348 0.348446
vt 0.392609 0.835492
vt 0.397415 0.795556
vt 0.396327 0.816508
vt 0.406137 0.798353
vt 0.398588 0.791964
vt 0.407219 0.788860
vt 0.536858 0.835492
vt 0.538696 0.821359
vt 0.408261 0.573834
vt 0.408261 0.596287
vt 0.399565 0.579588
vt 0.136633 0.719775
vt 0.136058 0.729275
vt 0.156183 0.724758
vt 0.130870 0.729195
vt 0.174348 0.729275
vt 0.303913 0.699050
vt 0.279680 0.693005
vt 0.272609 0.699050
vt 0.937630 0.244202
vt 0.944783 0.257772
vt 0.944783 0.234456
vt 0.935217 0.240278
vt 0.966228 0.848446
vt 0.964783 0.917425
vt 0.968261 0.876355
vt 0.968261 0.929620
vt 0.116087 0.338083
vt 0.137826 0.338083
vt 0.135295 0.330311
vt 0.014992 0.961077
vt 0.011934 0.958117
vt 0.069130 0.961572
vt 0.010870 0.961572
vt 0.992609 0.252274
vt 0.992609 0.235320
vt 0.983043 0.254318
vt 0.983963 0.244777
vt 0.843044 0.880397
vt 0.910870 0.880397
vt 0.892490 0.877807
vt 0.975217 0.192142
vt 0.974102 0.279361
vt 0.973478 0.192897
vt 0.975217 0.240149
vt 0.780777 0.051159
vt 0.782174 0.050518
vt 0.782174 0.133420
vt 0.779565 0.082496
vt 0.069130 0.234456
vt 0.157826 0.232430
vt 0.141467 0.231002
vt 0.149858 0.234456
vt 0.951739 0.541883
vt 0.951739 0.621330
vt 0.950000 0.554065
vt 0.550686 0.907955
vt 0.540563 0.907557
vt 0.549564 0.897668
vt 0.551148 0.912787
vt 0.543191 0.913372
vt 0.541807 0.908882
vt 0.570000 0.918394
vt 0.532521 0.908547
vt 0.469280 0.914631
vt 0.534995 0.902731
vt 0.534989 0.910537
vt 0.462048 0.918394
vt 0.515769 0.916877
vt 0.457826 0.909177
vt 0.656956 0.204231
vt 0.653478 0.187504
vt 0.656956 0.168826
vt 0.783044 0.138601
vt 0.795217 0.138601
vt 0.785328 0.131076
vt 0.784337 0.129965
vt 0.319045 0.862966
vt 0.335676 0.863019
vt 0.324043 0.867853
vt 0.312499 0.867541
vt 0.414439 0.872204
vt 0.411895 0.881092
vt 0.417826 0.881831
vt 0.414850 0.867383
vt 0.328248 0.859752
vt 0.327382 0.852763
vt 0.362165 0.886442
vt 0.299565 0.886442
vt 0.234849 0.823411
vt 0.223803 0.817358
vt 0.246355 0.823257
vt 0.240057 0.818679
vt 0.259214 0.842401
vt 0.319084 0.840122
vt 0.196957 0.842401
vt 0.392609 0.823107
vt 0.868261 0.733592
vt 0.867391 0.701232
vt 0.868261 0.661917
vt 0.024422 0.901123
vt 0.003913 0.901123
vt 0.036957 0.898563
vt 0.006006 0.898532
vt 0.163913 0.329447
vt 0.156063 0.325130
vt 0.144759 0.327930
vt 0.093117 0.325396
vt 0.013478 0.329447
vt 0.026088 0.326007
vt 0.397826 0.473725
vt 0.404783 0.478843
vt 0.404783 0.471634
vt 0.400094 0.465026
vt 0.494440 0.919257
vt 0.491739 0.921848
vt 0.515217 0.921848
vt 0.307960 0.854491
vt 0.287391 0.857081
vt 0.310000 0.857081
vt 0.780435 0.658463
vt 0.795217 0.658463
vt 0.787372 0.655009
vt 0.442174 0.844128
vt 0.530000 0.844074
vt 0.469133 0.843264
vt 0.521937 0.844128
vt 0.976087 0.691280
vt 0.976902 0.751727
vt 0.976957 0.743720
vt 0.976957 0.664508
vt 0.081304 0.089378
vt 0.208261 0.089378
vt 0.193486 0.088515
vt 0.407391 0.017703
vt 0.434348 0.017703
vt 0.432828 0.016839
vt 0.533478 0.893687
vt 0.553938 0.892487
vt 0.558696 0.894214
vt 0.548795 0.894214
vt 0.192336 0.245682
vt 0.197030 0.247409
vt 0.202174 0.246216
vt 0.180435 0.247409
vt 0.031728 0.231002
vt 0.047111 0.231865
vt 0.051739 0.231013
vt 0.026522 0.231865
vt 0.314348 0.794041
vt 0.396087 0.794041
vt 0.322133 0.793178
vt 0.174348 0.976252
vt 0.188261 0.976252
vt 0.186769 0.975389
vt 0.576985 0.409218
vt 0.450387 0.447538
vt 0.423118 0.416761
vt 0.420449 0.467176
vt 0.560706 0.428042
vt 0.561203 0.459169
vt 0.571372 0.484235
vt 0.421184 0.482273
vt 0.466745 0.504605
vt 0.398100 0.507340
vt 0.345866 0.487396
vt 0.568425 0.506135
vt 0.649130 0.507340
vt 0.626915 0.487033
vt 0.549657 0.389896
vt 0.644292 0.407730
vt 0.631519 0.427672
vt 0.421328 0.406603
vt 0.355804 0.409489
vt 0.343913 0.392156
vt 0.807391 0.313903
vt 0.821106 0.458981
vt 0.825417 0.314135
vt 0.841820 0.411887
vt 0.841338 0.406264
vt 0.842201 0.347877
vt 0.863043 0.315748
vt 0.845913 0.358231
vt 0.846442 0.400627
vt 0.863043 0.457386
vt 0.662174 0.421848
vt 0.646522 0.416158
vt 0.662174 0.355354
vt 0.396592 0.306995
vt 0.376087 0.314767
vt 0.457826 0.314767
vt 0.415125 0.578492
vt 0.458388 0.586576
vt 0.460273 0.610495
vt 0.404624 0.614158
vt 0.419517 0.637515
vt 0.526712 0.638374
vt 0.488518 0.665890
vt 0.418727 0.647325
vt 0.592609 0.679188
vt 0.380974 0.645125
vt 0.379875 0.651376
vt 0.425464 0.679188
vt 0.425459 0.577777
vt 0.538213 0.639780
vt 0.523807 0.633541
vt 0.465340 0.584266
vt 0.476962 0.568653
vt 0.373983 0.644478
vt 0.384898 0.631312
vt 0.356087 0.665433
vt 0.543128 0.624316
vt 0.379399 0.590285
vt 0.465495 0.587621
vt 0.550321 0.606051
vt 0.376864 0.629159
vt 0.485377 0.588185
vt 0.552034 0.581895
vt 0.405652 0.047927
vt 0.458778 0.030656
vt 0.489130 0.047927
vt 0.135348 0.661222
vt 0.143235 0.641604
vt 0.147960 0.662530
vt 0.106192 0.643454
vt 0.074268 0.632678
vt 0.104329 0.660825
vt 0.224783 0.640789
vt 0.094226 0.685866
vt 0.218403 0.684106
vt 0.136783 0.635565
vt 0.137497 0.620446
vt 0.105548 0.612630
vt 0.135968 0.581606
vt 0.219519 0.620375
vt 0.067299 0.640968
vt 0.223210 0.635716
vt 0.005758 0.671850
vt 0.136120 0.685806
vt 0.136878 0.700690
vt 0.173373 0.700777
vt 0.076131 0.700777
vt 0.060014 0.636420
vt 0.005652 0.601143
vt 0.842174 0.563471
vt 0.842174 0.425302
vt 0.835217 0.557929
vt 0.734368 0.263641
vt 0.712990 0.209057
vt 0.713690 0.269505
vt 0.678696 0.274537
vt 0.737323 0.344664
vt 0.751739 0.345855
vt 0.716583 0.328730
vt 0.695634 0.274926
vt 0.679289 0.325294
vt 0.717217 0.205311
vt 0.751739 0.237246
vt 0.737740 0.272708
vt 0.716411 0.193852
vt 0.745007 0.133420
vt 0.566522 0.996114
vt 0.566522 0.957254
vt 0.513478 0.990644
vt 0.837233 0.645359
vt 0.820764 0.600301
vt 0.819565 0.706931
vt 0.831150 0.680441
vt 0.860435 0.719775
vt 0.860435 0.575561
vt 0.823993 0.597331
vt 0.127391 0.712867
vt 0.076957 0.712867
vt 0.089724 0.702504
vt 0.923913 0.094560
vt 0.887391 0.032712
vt 0.923913 0.003886
vt 0.897105 0.087515
vt 0.089130 0.530300
vt 0.091150 0.474786
vt 0.129009 0.553972
vt 0.116544 0.464258
vt 0.148261 0.463299
vt 0.148261 0.551786
vt 0.749662 0.696802
vt 0.762445 0.677809
vt 0.753385 0.693756
vt 0.816087 0.604817
vt 0.746522 0.667030
vt 0.788596 0.589378
vt 0.756957 0.762953
vt 0.808838 0.675393
vt 0.809284 0.716829
vt 0.816087 0.704499
vt 0.732609 0.073453
vt 0.733065 0.087547
vt 0.754348 0.007340
vt 0.754348 0.109240
vt 0.029120 0.965889
vt 0.014348 0.984888
vt 0.042144 0.967153
vt 0.092609 0.984888
vt 0.015501 0.870035
vt 0.028750 0.869171
vt 0.006522 0.869467
vt 0.056087 0.870035
vt 0.375597 0.888169
vt 0.348261 0.889033
vt 0.397826 0.888465
vt 0.388847 0.889033
vt 0.396278 0.301840
vt 0.535674 0.302677
vt 0.535672 0.298365
vt 0.551739 0.302677
vt 0.387391 0.302308
vt 0.544259 0.298359
vt 0.578696 0.008204
vt 0.430870 0.008204
vt 0.578686 0.003886
vt 0.439728 0.007713
vt 0.814348 0.469344
vt 0.797829 0.469344
vt 0.806657 0.465026
vt 0.797826 0.465040
vt 0.702174 0.205095
vt 0.698696 0.202395
vt 0.702174 0.199914
vt 0.460435 0.310449
vt 0.460435 0.314767
vt 0.458696 0.311039
vt 0.957730 0.440886
vt 0.955217 0.384140
vt 0.983913 0.375216
vt 0.983913 0.456390
vt 0.263215 0.930484
vt 0.243043 0.945164
vt 0.313478 0.945164
vt 0.006709 0.735319
vt 0.003043 0.721108
vt 0.033478 0.728659
vt 0.033478 0.680915
vt 0.164783 0.934801
vt 0.214856 0.934801
vt 0.224080 0.923430
vt 0.203011 0.906304
vt 0.248261 0.918190
vt 0.601546 0.926166
vt 0.596957 0.939983
vt 0.649130 0.939983
vt 0.249918 0.554784
vt 0.187736 0.567290
vt 0.157469 0.586788
vt 0.287243 0.586788
vt 0.118096 0.566193
vt 0.086522 0.553432
vt 0.213663 0.545468
vt 0.241169 0.542728
vt 0.234782 0.532383
vt 0.249406 0.534086
vt 0.395217 0.566381
vt 0.319536 0.539317
vt 0.645716 0.791752
vt 0.636525 0.762953
vt 0.563913 0.792314
vt 0.579358 0.765874
vt 0.770000 0.767241
vt 0.747228 0.792314
vt 0.166522 0.383851
vt 0.054645 0.358497
vt 0.156412 0.355866
vt 0.081270 0.334629
vt 0.032609 0.383851
vt 0.986522 0.512522
vt 0.972609 0.527724
vt 0.986522 0.555699
vt 0.973475 0.519173
vt 0.883876 0.717793
vt 0.896957 0.754318
vt 0.883043 0.726344
vt 0.896957 0.711140
vt 0.804783 0.301813
vt 0.809130 0.301813
vt 0.806181 0.258700
vt 0.807561 0.258636
vt 0.638696 0.617012
vt 0.632912 0.620689
vt 0.638696 0.644646
vt 0.632609 0.618410
vt 0.064783 0.556563
vt 0.069130 0.555945
vt 0.069130 0.547064
vt 0.065118 0.554216
vt 0.402607 0.022884
vt 0.416957 0.025978
vt 0.380435 0.034111
vt 0.407993 0.034111
vt 0.886522 0.154145
vt 0.884783 0.135539
vt 0.886522 0.112694
vt 0.364783 0.307858
vt 0.364783 0.314151
vt 0.361546 0.310750
vt 0.360435 0.314767
vt 0.993478 0.796533
vt 0.997826 0.794041
vt 0.997826 0.835492
vt 0.590000 0.977305
vt 0.584783 0.984384
vt 0.590000 0.987478
vt 0.584866 0.977116
vt 0.910300 0.368558
vt 0.906931 0.365911
vt 0.903043 0.368662
vt 0.905043 0.366064
vt 0.908697 0.363115
vt 0.904954 0.361399
vt 0.913478 0.373489
vt 0.903328 0.373489
vt 0.636543 0.105409
vt 0.632609 0.107250
vt 0.634528 0.110029
vt 0.638696 0.101998
vt 0.634277 0.101468
vt 0.636537 0.110112
vt 0.638696 0.112694
vt 0.654664 0.942573
vt 0.656956 0.949482
vt 0.656834 0.945568
vt 0.652609 0.949482
vt 0.149130 0.805268
vt 0.298696 0.805268
vt 0.161835 0.789244
vt 0.228842 0.784343
vt 0.204273 0.778497
vt 0.888261 0.146362
vt 0.890870 0.073834
vt 0.890870 0.220639
vt 0.744783 0.648100
vt 0.739565 0.618308
vt 0.744783 0.569516
vt 0.586214 0.332038
vt 0.566522 0.338083
vt 0.590000 0.338083
vt 0.306209 0.458009
vt 0.257826 0.476252
vt 0.392609 0.441710
vt 0.391242 0.476252
vt 0.969130 0.491636
vt 0.969130 0.525475
vt 0.952048 0.432211
vt 0.946522 0.519041
vt 0.604783 0.264600
vt 0.606522 0.250864
vt 0.606522 0.301813
vt 0.243043 0.772453
vt 0.241982 0.767271
vt 0.178696 0.772453
vt 0.666982 0.862263
vt 0.674348 0.841136
vt 0.545131 0.838946
vt 0.528261 0.862263
vt 0.182174 0.998705
vt 0.169837 0.991796
vt 0.145652 0.998705
vt 0.004783 0.483910
vt 0.019556 0.483193
vt 0.009735 0.514057
vt 0.032266 0.549674
vt 0.031629 0.482374
vt 0.052458 0.551382
vt 0.065652 0.480801
vt 0.065652 0.549605
vt 0.012818 0.399116
vt 0.020129 0.351036
vt 0.802995 0.333187
vt 0.812801 0.460708
vt 0.778603 0.331830
vt 0.804095 0.257772
vt 0.774348 0.406832
vt 0.814348 0.449232
vt 0.814348 0.404845
vt 0.811488 0.825993
vt 0.865652 0.864181
vt 0.737450 0.854441
vt 0.736087 0.830218
vt 0.809490 0.865717
vt 0.854115 0.865717
vt 0.106766 0.886628
vt 0.104277 0.864853
vt 0.012609 0.895941
vt 0.019822 0.876050
vt 0.124783 0.895941
vt 0.314144 0.927893
vt 0.314737 0.909235
vt 0.290325 0.907750
vt 0.315217 0.887620
vt 0.281339 0.887306
vt 0.229130 0.927893
vt 0.284533 0.598948
vt 0.302545 0.618460
vt 0.251962 0.616764
vt 0.318290 0.598877
vt 0.292485 0.622087
vt 0.305853 0.639648
vt 0.340435 0.668826
vt 0.321438 0.661097
vt 0.303874 0.639031
vt 0.318589 0.620412
vt 0.319515 0.639107
vt 0.234920 0.649255
vt 0.227391 0.668826
vt 0.578696 0.324266
vt 0.542174 0.318516
vt 0.578696 0.300086
vt 0.884783 0.820812
vt 0.884783 0.844991
vt 0.879565 0.843340
vt 0.890000 0.962435
vt 0.916327 0.961143
vt 0.943043 0.962435
vt 0.904300 0.960708
vt 0.103616 0.283679
vt 0.091739 0.284542
vt 0.130000 0.284542
vt 0.564783 0.450761
vt 0.576957 0.460708
vt 0.575894 0.459194
vt 0.576956 0.432211
vt 0.483652 0.554223
vt 0.475288 0.532823
vt 0.508959 0.529778
vt 0.346522 0.539160
vt 0.490539 0.508204
vt 0.352457 0.517376
vt 0.569571 0.541037
vt 0.496822 0.558627
vt 0.525567 0.567789
vt 0.656087 0.543015
vt 0.651121 0.509117
vt 0.421860 0.567789
vt 0.409645 0.550660
vt 0.816957 0.699914
vt 0.816957 0.621330
vt 0.803043 0.627519
vt 0.701347 0.352116
vt 0.723913 0.346718
vt 0.723913 0.372625
vt 0.701304 0.371214
vt 0.445606 0.683033
vt 0.360870 0.700409
vt 0.440655 0.697807
vt 0.456554 0.700083
vt 0.506522 0.689014
vt 0.430660 0.658463
vt 0.464297 0.661901
vt 0.502423 0.730138
vt 0.401822 0.730138
vt 0.307623 0.672216
vt 0.270870 0.685362
vt 0.274389 0.666745
vt 0.347391 0.909744
vt 0.316087 0.910622
vt 0.320114 0.891623
vt 0.347391 0.896504
vt 0.981304 0.999568
vt 0.963043 0.999053
vt 0.964667 0.941871
vt 0.981304 0.933074
vt 0.116094 0.064335
vt 0.057826 0.085924
vt 0.202174 0.082846
vt 0.201422 0.085924
vt 0.341304 0.426084
vt 0.411739 0.440846
vt 0.372165 0.425302
vt 0.343345 0.440846
vt 0.815602 0.914588
vt 0.779565 0.940846
vt 0.871739 0.940846
vt 0.871295 0.913212
vt 0.970000 0.005613
vt 0.970000 0.040155
vt 0.968261 0.037073
vt 0.780525 0.932211
vt 0.765291 0.924439
vt 0.755217 0.932211
vt 0.781304 0.924566
vt 0.003043 0.381261
vt 0.001304 0.373148
vt 0.003043 0.348446
vt 0.909130 0.874352
vt 0.901001 0.870035
vt 0.882174 0.874352
vt 0.200759 0.661054
vt 0.210854 0.652003
vt 0.198696 0.651554
vt 0.213478 0.661054
vt 0.736957 0.502159
vt 0.736957 0.512522
vt 0.723044 0.506659
vt 0.371473 0.635147
vt 0.355217 0.606055
vt 0.355239 0.635147
vt 0.376957 0.601468
vt 0.995517 0.833765
vt 0.982174 0.865717
vt 0.999565 0.865717
vt 0.171902 0.026291
vt 0.179586 0.006477
vt 0.183043 0.006749
vt 0.183007 0.026339
vt 0.140579 0.026339
vt 0.150888 0.019636
vt 0.124783 0.025505
vt 0.125909 0.018501
vt 0.976957 0.918407
vt 0.996907 0.910756
vt 0.996957 0.921807
vt 0.977231 0.921848
vt 0.996957 0.879534
vt 0.990209 0.889799
vt 0.753478 0.818221
vt 0.776087 0.806131
vt 0.756190 0.807208
vt 0.775007 0.818221
vt 0.788821 0.277860
vt 0.787552 0.256045
vt 0.776956 0.259309
vt 0.777561 0.279361
vt 0.796957 0.257870
vt 0.792641 0.279361
vt 0.823350 0.281353
vt 0.825652 0.266515
vt 0.817255 0.272849
vt 0.825652 0.304404
vt 0.816957 0.298037
vt 0.818151 0.264680
vt 0.997022 0.958970
vt 0.993250 0.960153
vt 0.994743 0.973157
vt 0.999565 0.938256
vt 0.989782 0.939468
vt 0.987391 0.961296
vt 0.999565 0.989206
vt 0.035254 0.336356
vt 0.042174 0.365717
vt 0.042174 0.336786
vt 0.033478 0.357701
vt 0.247276 0.991796
vt 0.263043 0.991796
vt 0.246522 0.984024
vt 0.255208 0.984551
vt 0.610614 0.038428
vt 0.604783 0.022139
vt 0.613478 0.030037
vt 0.613478 0.001703
vt 0.606792 0.001295
vt 0.298696 0.567541
vt 0.308261 0.566926
vt 0.308261 0.572971
vt 0.299640 0.568612
vt 0.561363 0.564335
vt 0.563435 0.573834
vt 0.562324 0.573168
vt 0.556957 0.565697
vt 0.576087 0.573834
vt 0.573449 0.564786
vt 0.001304 0.860535
vt 0.001304 0.883851
vt 0.000435 0.874991
vt 0.430000 0.079016
vt 0.428261 0.072745
vt 0.430000 0.068653
vt 0.934810 0.508183
vt 0.925652 0.501682
vt 0.935217 0.477116
vt 0.928780 0.524580
vt 0.935217 0.533247
vt 0.973478 0.592492
vt 0.974348 0.567789
vt 0.974348 0.608377
vt 0.230886 0.892881
vt 0.155705 0.897090
vt 0.218431 0.896639
vt 0.152609 0.910622
vt 0.265652 0.910622
vt 0.264385 0.885579
vt 0.251708 0.815582
vt 0.268872 0.806131
vt 0.276957 0.808211
vt 0.276259 0.815630
vt 0.231739 0.815630
vt 0.250216 0.806197
vt 0.382303 0.731487
vt 0.303514 0.725829
vt 0.301880 0.747527
vt 0.299307 0.706321
vt 0.399721 0.706495
vt 0.464025 0.737230
vt 0.496087 0.748273
vt 0.396900 0.746858
vt 0.270000 0.705959
vt 0.272362 0.737160
vt 0.272807 0.748273
vt 0.697826 0.970207
vt 0.666172 0.956390
vt 0.657826 0.970207
vt 0.088030 0.249136
vt 0.010000 0.277634
vt 0.118204 0.272474
vt 0.118696 0.277634
vt 0.689130 0.965026
vt 0.750170 0.947755
vt 0.693348 0.956536
vt 0.773478 0.965026
vt 0.940623 0.000432
vt 0.927391 0.024880
vt 0.960435 0.071244
vt 0.960435 0.008306
vt 0.039565 0.957254
vt 0.039387 0.942896
vt 0.032157 0.941710
vt 0.030870 0.957254
vt 0.904783 0.329251
vt 0.923913 0.252591
vt 0.916094 0.283019
vt 0.923913 0.369171
vt 0.941304 0.721115
vt 0.957826 0.637737
vt 0.948382 0.716242
vt 0.957826 0.734456
vt 0.863913 0.380249
vt 0.871739 0.376079
vt 0.871739 0.462435
vt 0.867854 0.442997
vt 0.869784 0.898863
vt 0.929130 0.878670
vt 0.920447 0.884434
vt 0.838696 0.911295
vt 0.895095 0.912550
vt 0.929130 0.920984
vt 0.523913 0.970207
vt 0.520435 0.941492
vt 0.523913 0.940846
vt 0.526522 0.856218
vt 0.449022 0.846718
vt 0.369130 0.856218
vt 0.689153 0.099605
vt 0.674664 0.099323
vt 0.674348 0.029152
vt 0.690870 0.243092
vt 0.690870 0.018566
vt 0.432929 0.887306
vt 0.355217 0.895941
vt 0.493478 0.895941
vt 0.085652 0.847692
vt 0.085648 0.862263
vt 0.003913 0.862263
vt 0.014943 0.845855
vt 0.216957 0.541019
vt 0.181757 0.524611
vt 0.156957 0.541019
vt 0.980435 0.493320
vt 0.996087 0.458117
vt 0.996087 0.517703
vt 0.230620 0.050518
vt 0.092609 0.053972
vt 0.250000 0.053972
vt 0.333478 0.776770
vt 0.487722 0.775550
vt 0.487739 0.772453
vt 0.551739 0.776770
vt 0.604783 0.712867
vt 0.601304 0.651966
vt 0.604783 0.632556
vt 0.995217 0.388500
vt 0.997826 0.388169
vt 0.997826 0.420984
vt 0.349130 0.268998
vt 0.349130 0.301813
vt 0.347391 0.271754
vt 0.886522 0.355439
vt 0.896603 0.342253
vt 0.894233 0.342282
vt 0.897826 0.312176
vt 0.897826 0.371762
vt 0.734988 0.844986
vt 0.691739 0.848446
vt 0.701682 0.843735
vt 0.735217 0.848446
vt 0.704501 0.842401
vt 0.381304 0.819085
vt 0.338745 0.794905
vt 0.280435 0.819085
vt 0.603913 0.901986
vt 0.604241 0.894136
vt 0.612609 0.901096
vt 0.612609 0.887306
vt 0.383913 0.421848
vt 0.363615 0.420984
vt 0.350870 0.421848
vt 0.943913 0.171546
vt 0.936957 0.175082
vt 0.943913 0.192142
vt 0.937701 0.171416
vt 0.335217 0.399899
vt 0.305773 0.393351
vt 0.322523 0.400259
vt 0.302174 0.394091
vt 0.302302 0.400259
vt 0.973478 0.295207
vt 0.973478 0.370209
vt 0.958266 0.294905
vt 0.934348 0.371762
vt 0.398696 0.839810
vt 0.503043 0.839810
vt 0.411293 0.825993
vt 0.670176 0.804869
vt 0.644729 0.801431
vt 0.656089 0.803547
vt 0.552609 0.813040
vt 0.555774 0.793178
vt 0.750870 0.806823
vt 0.669429 0.802337
vt 0.750612 0.813040
vt 0.208422 0.944934
vt 0.274348 0.951209
vt 0.169130 0.951209
vt 0.181833 0.937392
vt 0.185652 0.595423
vt 0.271739 0.589306
vt 0.191382 0.588515
vt 0.261158 0.595423
vt 0.027035 0.591105
vt 0.096811 0.598014
vt 0.021304 0.598014
vt 0.107391 0.591890
vt 0.160813 0.348446
vt 0.165652 0.331967
vt 0.149325 0.331174
vt 0.136087 0.348446
vt 0.141981 0.385054
vt 0.128736 0.387152
vt 0.127815 0.384715
vt 0.153478 0.386360
vt 0.044783 0.403713
vt 0.124415 0.403461
vt 0.047055 0.388296
vt 0.140778 0.403713
vt 0.470870 0.295769
vt 0.475846 0.275907
vt 0.575217 0.295769
vt 0.564050 0.292564
vt 0.938696 0.308715
vt 0.928771 0.377807
vt 0.926522 0.273743
vt 0.938696 0.270725
vt 0.497036 0.873827
vt 0.521684 0.872625
vt 0.505568 0.890760
vt 0.610870 0.873302
vt 0.598166 0.890760
vt 0.486522 0.890613
vt 0.046522 0.996114
vt 0.122174 0.996114
vt 0.104474 0.992660
vt 0.350870 0.297496
vt 0.439565 0.297496
vt 0.366884 0.277634
vt 0.214865 0.960708
vt 0.243913 0.960708
vt 0.209130 0.953949
vt 0.225618 0.953800
vt 0.176948 0.878984
vt 0.238788 0.871762
vt 0.275217 0.884715
vt 0.136957 0.884715
vt 0.269130 0.983161
vt 0.279565 0.983161
vt 0.278384 0.964162
vt 0.891739 0.508204
vt 0.891739 0.370898
vt 0.878696 0.472026
vt 0.885969 0.410614
vt 0.906522 0.242228
vt 0.904783 0.170915
vt 0.906522 0.108377
vt 0.690870 0.108287
vt 0.691739 0.066062
vt 0.691739 0.113558
vt 0.985652 0.101775
vt 0.998696 0.055699
vt 0.998696 0.105786
vt 0.610000 0.045639
vt 0.620273 0.178325
vt 0.622174 0.045337
vt 0.610422 0.178325
vt 0.142366 0.819526
vt 0.013677 0.807819
vt 0.014421 0.791139
vt 0.147391 0.779698
vt 0.015228 0.773596
vt 0.116051 0.766408
vt 0.002735 0.805733
vt 0.003340 0.791513
vt 0.012519 0.833062
vt 0.142199 0.823134
vt 0.012087 0.842401
vt 0.117533 0.842401
vt 0.002174 0.817513
vt 0.796087 0.545337
vt 0.778676 0.442573
vt 0.796087 0.446380
vt 0.771739 0.480847
vt 0.688261 0.406998
vt 0.696957 0.338946
vt 0.696957 0.412349
vt 0.187391 0.200777
vt 0.174348 0.188449
vt 0.187391 0.124784
vt 0.416264 0.011658
vt 0.394348 0.012522
vt 0.555217 0.012522
vt 0.946439 0.972626
vt 0.947212 0.993567
vt 0.888125 0.983466
vt 0.891382 0.964162
vt 0.947391 0.999568
vt 0.886522 0.999568
vt 0.278696 0.591969
vt 0.369040 0.591969
vt 0.340931 0.567789
vt 0.379565 0.574194
vt 0.281304 0.982297
vt 0.376087 0.982297
vt 0.296793 0.980570
vt 0.696957 0.111545
vt 0.693300 0.107513
vt 0.691739 0.184863
vt 0.696957 0.205959
vt 0.000435 0.992660
vt 0.047391 0.992660
vt 0.031635 0.990933
vt 0.657826 0.154285
vt 0.659565 0.129965
vt 0.659565 0.200777
vt 0.023689 0.561253
vt 0.019565 0.557080
vt 0.024783 0.541883
vt 0.023735 0.579879
vt 0.021216 0.542189
vt 0.024783 0.578927
vt 0.451869 0.318221
vt 0.426522 0.319948
vt 0.456957 0.319948
vt 0.959565 0.613479
vt 0.969130 0.534974
vt 0.969130 0.631693
vt 0.443913 0.940846
vt 0.359955 0.924439
vt 0.346522 0.940846
vt 0.568261 0.072971
vt 0.598696 0.072971
vt 0.578247 0.067789
vt 0.476087 0.074698
vt 0.462364 0.070380
vt 0.454348 0.074698
vt 0.036207 0.441820
vt 0.036087 0.427029
vt 0.048261 0.446028
vt 0.048261 0.427853
vt 0.832609 0.588515
vt 0.832609 0.445164
vt 0.824783 0.487049
vt 0.826252 0.588233
vt 0.152995 0.842401
vt 0.133478 0.857945
vt 0.281349 0.857945
vt 0.286522 0.850229
vt 0.296087 0.379534
vt 0.294348 0.341627
vt 0.296087 0.339810
vt 0.037390 0.701407
vt 0.063254 0.705095
vt 0.036957 0.705095
vt 0.064783 0.684370
vt 0.121304 0.878670
vt 0.138202 0.864853
vt 0.162174 0.866009
vt 0.146270 0.878670
vt 0.840435 0.830202
vt 0.859565 0.829447
vt 0.859565 0.844991
vt 0.339791 0.921848
vt 0.332932 0.912349
vt 0.320435 0.921848
vt 0.341304 0.913211
vt 0.884783 0.394214
vt 0.884198 0.355051
vt 0.875801 0.356261
vt 0.884783 0.336356
vt 0.875217 0.348147
vt 0.836087 0.516839
vt 0.833478 0.495016
vt 0.836087 0.477979
vt 0.959687 0.191974
vt 0.958696 0.187144
vt 0.970870 0.185039
vt 0.964688 0.173143
vt 0.970870 0.208549
vt 0.903910 0.515976
vt 0.922174 0.610104
vt 0.883913 0.555947
vt 0.922174 0.516111
vt 0.665652 0.980633
vt 0.707679 0.974525
vt 0.726522 0.982297
vt 0.671976 0.982297
vt 0.882174 0.804404
vt 0.879565 0.790685
vt 0.882174 0.662781
vt 0.991739 0.655009
vt 0.979565 0.668549
vt 0.985041 0.687468
vt 0.991739 0.699914
vt 0.759565 0.007340
vt 0.760434 0.091829
vt 0.775217 0.154026
vt 0.772100 0.238774
vt 0.759828 0.167219
vt 0.775217 0.007650
vt 0.163913 0.825130
vt 0.219565 0.825130
vt 0.198771 0.811313
vt 0.291817 0.869171
vt 0.247391 0.872625
vt 0.303043 0.872625
vt 0.085652 0.486615
vt 0.085652 0.571244
vt 0.071739 0.492886
vt 0.674348 0.817358
vt 0.702087 0.813831
vt 0.679273 0.808722
vt 0.714348 0.817358
vt 0.910870 0.125648
vt 0.910870 0.146724
vt 0.908093 0.147237
vt 0.907391 0.132114
vt 0.109057 0.958117
vt 0.085652 0.967982
vt 0.088803 0.972798
vt 0.121304 0.972798
vt 0.870870 0.698477
vt 0.878696 0.660190
vt 0.878696 0.718048
vt 0.924783 0.115285
vt 0.924783 0.142055
vt 0.920435 0.121147
vt 0.662846 0.914076
vt 0.617826 0.915803
vt 0.677826 0.915803
vt 0.420228 0.227547
vt 0.396087 0.229275
vt 0.438696 0.229275
vt 0.665652 0.092832
vt 0.659565 0.023932
vt 0.665652 0.013385
vt 0.592609 0.990933
vt 0.670000 0.990933
vt 0.624601 0.975389
vt 0.621304 0.187824
vt 0.621304 0.230138
vt 0.614348 0.195700
vt 0.877826 0.621330
vt 0.903043 0.621330
vt 0.892950 0.591105
vt 0.341304 0.511658
vt 0.391739 0.511658
vt 0.343369 0.494387
usemtl baked
f 33/33 30/30 29/29
f 29/29 30/30 31/31
f 32/32 29/29 31/31
f 534/534 466/466 535/535
f 462/462 466/466 534/534
f 462/462 534/534 554/554
f 1258/1258 1255/1255 1254/1254
f 1254/1254 1255/1255 1256/1256
f 253/253 251/251 250/250
f 254/254 255/255 256/256
f 1268/1268 1269/1269 1270/1270
f 1269/1269 1271/1271 1270/1270
f 1291/1291 1293/1293 1292/1292
f 1282/1282 1281/1281 1283/1283
f 1297/1297 1298/1298 1299/1299
f 1294/1294 1295/1295 1296/1296
f 1282/1282 1283/1283 1285/1285
f 1290/1290 1291/1291 1292/1292
f 1358/1358 1359/1359 1360/1360
f 1358/1358 1360/1360 1361/1361
f 1354/1354 1355/1355 1356/1356
f 1354/1354 1357/1357 1355/1355
f 1346/1346 1349/1349 1347/1347
f 1346/1346 1347/1347 1348/1348
f 1342/1342 1345/1345 1343/1343
f 1342/1342 1343/1343 1344/1344
f 1350/1350 1351/1351 1352/1352
f 1351/1351 1353/1353 1352/1352
f 1363/1363 1365/1365 1364/1364
f 1326/1326 1328/1328 1327/1327
f 1362/1362 1363/1363 1364/1364
f 1327/1327 1325/1325 1326/1326
f 1366/1366 1367/1367 1368/1368
f 1373/1373 1374/1374 1375/1375
f 1376/1376 1377/1377 1378/1378
f 1379/1379 1377/1377 1376/1376
f 1384/1384 1385/1385 1383/1383
f 1381/1381 1384/1384 1383/1383
f 1381/1381 1383/1383 1382/1382
f 1380/1380 1381/1381 1382/1382
f 1386/1386 1380/1380 1382/1382
f 1387/1387 1386/1386 1382/1382
f 1388/1388 1389/1389 1390/1390
f 1393/1393 1388/1388 1390/1390
f 1370/1370 1372/1372 1371/1371
f 1369/1369 1370/1370 1371/1371
f 1391/1391 1392/1392 1389/1389
f 1391/1391 1389/1389 1388/1388
f 523/523 533/533 532/532
f 533/533 463/463 532/532
f 530/530 532/532 554/554
f 430/430 422/422 423/423
f 529/529 531/531 555/555
f 529/529 530/530 531/531
f 520/520 521/521 529/529
f 521/521 532/532 530/530
f 521/521 530/530 529/529
f 521/521 523/523 532/532
f 1395/1395 1396/1396 1397/1397
f 1398/1398 1396/1396 1395/1395
f 454/454 452/452 451/451
f 451/451 452/452 453/453
f 422/422 429/429 423/423
f 423/423 429/429 420/420
f 426/426 427/427 428/428
f 475/475 541/541 543/543
f 487/487 486/486 488/488
f 494/494 529/529 555/555
f 494/494 555/555 473/473
f 1399/1399 1400/1400 1401/1401
f 1404/1404 1405/1405 1406/1406
f 519/519 522/522 521/521
f 519/519 521/521 520/520
f 522/522 487/487 523/523
f 522/522 523/523 521/521
f 1444/1444 1446/1446 1447/1447
f 1445/1445 1448/1448 1446/1446
f 1444/1444 1445/1445 1446/1446
f 1463/1463 1465/1465 1464/1464
f 1462/1462 1463/1463 1464/1464
f 1462/1462 1464/1464 1467/1467
f 1464/1464 1465/1465 1466/1466
f 1507/1507 1504/1504 1508/1508
f 1505/1505 1504/1504 1506/1506
f 1506/1506 1504/1504 1507/1507
f 1407/1407 1408/1408 1409/1409
f 1501/1501 1498/1498 1510/1510
f 1505/1505 1498/1498 1504/1504
f 1498/1498 1499/1499 1500/1500
f 1498/1498 1500/1500 1504/1504
f 1498/1498 1501/1501 1499/1499
f 1509/1509 1510/1510 1498/1498
f 1509/1509 1498/1498 1505/1505
f 499/499 496/496 498/498
f 496/496 497/497 498/498
f 517/517 493/493 514/514
f 514/514 493/493 492/492
f 492/492 493/493 494/494
f 492/492 494/494 495/495
f 496/496 492/492 495/495
f 496/496 495/495 497/497
f 517/517 519/519 520/520
f 517/517 520/520 493/493
f 496/496 514/514 492/492
f 513/513 514/514 496/496
f 493/493 520/520 494/494
f 494/494 520/520 529/529
f 1514/1514 1515/1515 1516/1516
f 1517/1517 1514/1514 1516/1516
f 483/483 484/484 485/485
f 484/484 486/486 485/485
f 485/485 486/486 487/487
f 485/485 487/487 524/524
f 518/518 519/519 517/517
f 518/518 525/525 519/519
f 559/559 481/481 525/525
f 481/481 524/524 525/525
f 527/527 559/559 525/525
f 527/527 525/525 518/518
f 524/524 522/522 519/519
f 525/525 524/524 519/519
f 524/524 487/487 522/522
f 819/819 820/820 821/821
f 87/87 88/88 89/89
f 1528/1528 1527/1527 1529/1529
f 1527/1527 1528/1528 1519/1519
f 528/528 515/515 513/513
f 513/513 515/515 514/514
f 515/515 516/516 514/514
f 516/516 518/518 517/517
f 516/516 517/517 514/514
f 560/560 516/516 515/515
f 526/526 516/516 560/560
f 526/526 518/518 516/516
f 527/527 518/518 526/526
f 1533/1533 1530/1530 1532/1532
f 1530/1530 1531/1531 1532/1532
f 497/497 495/495 475/475
f 494/494 475/475 495/495
f 475/475 494/494 473/473
f 497/497 475/475 504/504
f 498/498 497/497 504/504
f 498/498 504/504 502/502
f 793/793 794/794 795/795
f 513/513 496/496 499/499
f 1501/1501 1503/1503 1502/1502
f 1501/1501 1502/1502 1499/1499
f 1518/1518 1519/1519 1520/1520
f 1527/1527 1519/1519 1518/1518
f 1101/1101 1102/1102 1103/1103
f 1520/1520 1526/1526 1525/1525
f 84/84 86/86 85/85
f 1520/1520 1525/1525 1521/1521
f 84/84 83/83 86/86
f 1534/1534 1535/1535 1536/1536
f 501/501 498/498 502/502
f 501/501 502/502 503/503
f 507/507 506/506 509/509
f 506/506 512/512 509/509
f 1537/1537 1534/1534 1536/1536
f 510/510 507/507 509/509
f 510/510 509/509 511/511
f 506/506 505/505 501/501
f 500/500 501/501 505/505
f 1538/1538 1539/1539 1540/1540
f 1540/1540 1539/1539 1541/1541
f 505/505 506/506 507/507
f 508/508 505/505 507/507
f 1440/1440 1441/1441 1439/1439
f 1438/1438 1440/1440 1439/1439
f 1438/1438 1439/1439 1437/1437
f 1438/1438 1437/1437 1435/1435
f 1518/1518 1522/1522 1523/1523
f 1524/1524 1523/1523 1522/1522
f 1520/1520 1521/1521 1518/1518
f 1518/1518 1521/1521 1522/1522
f 501/501 500/500 498/498
f 500/500 499/499 498/498
f 1442/1442 1438/1438 1435/1435
f 1443/1443 1438/1438 1442/1442
f 1545/1545 1543/1543 1542/1542
f 1542/1542 1543/1543 1544/1544
f 1546/1546 1547/1547 1548/1548
f 1546/1546 1548/1548 1549/1549
f 1580/1580 1577/1577 1579/1579
f 1577/1577 1578/1578 1579/1579
f 1657/1657 1658/1658 1659/1659
f 1657/1657 1659/1659 1660/1660
f 1668/1668 1663/1663 1669/1669
f 1669/1669 1663/1663 1670/1670
f 1581/1581 1582/1582 1577/1577
f 1582/1582 1578/1578 1577/1577
f 1670/1670 1663/1663 1665/1665
f 1663/1663 1664/1664 1665/1665
f 1664/1664 1672/1672 1665/1665
f 1672/1672 1673/1673 1665/1665
f 722/722 723/723 724/724
f 1674/1674 1675/1675 1676/1676
f 1583/1583 1584/1584 1582/1582
f 1583/1583 1582/1582 1581/1581
f 1653/1653 1655/1655 1651/1651
f 1651/1651 1655/1655 1656/1656
f 1664/1664 1666/1666 1671/1671
f 1664/1664 1671/1671 1672/1672
f 1331/1331 1332/1332 1333/1333
f 1333/1333 1332/1332 1334/1334
f 1667/1667 1666/1666 1663/1663
f 1666/1666 1664/1664 1663/1663
f 1677/1677 1678/1678 1679/1679
f 1678/1678 1680/1680 1679/1679
f 280/280 282/282 283/283
f 280/280 281/281 282/282
f 286/286 285/285 284/284
f 286/286 284/284 287/287
f 1681/1681 1682/1682 1683/1683
f 1682/1682 1681/1681 1684/1684
f 283/283 295/295 288/288
f 288/288 295/295 296/296
f 1661/1661 1658/1658 1657/1657
f 731/731 732/732 737/737
f 730/730 732/732 731/731
f 1662/1662 1658/1658 1661/1661
f 1651/1651 1652/1652 1653/1653
f 1654/1654 1653/1653 1652/1652
f 175/175 176/176 177/177
f 175/175 177/177 178/178
f 297/297 281/281 278/278
f 278/278 281/281 280/280
f 458/458 460/460 461/461
f 458/458 461/461 459/459
f 280/280 283/283 284/284
f 284/284 283/283 288/288
f 1163/1163 1175/1175 1166/1166
f 1163/1163 1166/1166 1165/1165
f 1164/1164 1165/1165 1179/1179
f 1163/1163 1165/1165 1164/1164
f 1170/1170 1168/1168 1171/1171
f 455/455 456/456 452/452
f 454/454 455/455 452/452
f 1168/1168 1172/1172 1171/1171
f 1170/1170 1171/1171 1178/1178
f 1178/1178 1171/1171 1180/1180
f 1685/1685 1686/1686 1687/1687
f 1000/1000 1001/1001 1002/1002
f 1000/1000 1003/1003 1001/1001
f 1685/1685 1687/1687 1688/1688
f 1689/1689 1690/1690 1691/1691
f 1692/1692 1689/1689 1691/1691
f 1168/1168 1165/1165 1167/1167
f 1165/1165 1166/1166 1167/1167
f 1165/1165 1168/1168 1170/1170
f 1179/1179 1165/1165 1170/1170
f 165/165 166/166 167/167
f 1122/1122 1123/1123 1124/1124
f 1696/1696 1694/1694 1693/1693
f 1693/1693 1694/1694 1695/1695
f 1311/1311 1312/1312 1313/1313
f 1314/1314 1311/1311 1313/1313
f 1074/1074 1075/1075 1076/1076
f 1697/1697 1698/1698 1699/1699
f 1697/1697 1699/1699 1700/1700
f 1701/1701 1702/1702 1703/1703
f 1704/1704 1701/1701 1703/1703
f 1186/1186 1183/1183 1162/1162
f 1176/1176 1186/1186 1162/1162
f 1184/1184 1181/1181 1175/1175
f 1183/1183 1184/1184 1175/1175
f 1173/1173 1162/1162 1161/1161
f 1173/1173 1176/1176 1162/1162
f 1705/1705 1706/1706 1707/1707
f 1705/1705 1707/1707 1708/1708
f 1707/1707 1710/1710 1709/1709
f 1707/1707 1709/1709 1708/1708
f 1161/1161 1162/1162 1163/1163
f 1161/1161 1163/1163 1164/1164
f 1183/1183 1175/1175 1163/1163
f 1162/1162 1183/1183 1163/1163
f 209/209 210/210 211/211
f 411/411 410/410 413/413
f 1759/1759 1757/1757 1756/1756
f 1756/1756 1757/1757 1758/1758
f 1760/1760 1756/1756 1758/1758
f 1753/1753 1752/1752 1754/1754
f 1745/1745 1746/1746 1747/1747
f 1748/1748 1749/1749 1750/1750
f 1307/1307 1308/1308 1309/1309
f 1308/1308 1310/1310 1309/1309
f 268/268 271/271 269/269
f 268/268 269/269 270/270
f 299/299 277/277 271/271
f 277/277 273/273 271/271
f 269/269 271/271 272/272
f 271/271 273/273 272/272
f 1192/1192 1200/1200 1197/1197
f 1319/1319 1326/1326 1325/1325
f 1319/1319 1325/1325 1320/1320
f 1329/1329 1330/1330 1326/1326
f 1329/1329 1326/1326 1319/1319
f 313/313 312/312 311/311
f 313/313 311/311 314/314
f 1191/1191 1192/1192 1193/1193
f 1192/1192 1197/1197 1193/1193
f 1196/1196 1194/1194 1191/1191
f 1194/1194 1192/1192 1191/1191
f 311/311 309/309 310/310
f 1761/1761 1762/1762 1763/1763
f 1322/1322 1319/1319 1321/1321
f 1319/1319 1320/1320 1321/1321
f 771/771 770/770 772/772
f 1201/1201 1204/1204 1200/1200
f 1200/1200 1204/1204 1206/1206
f 1200/1200 1206/1206 1197/1197
f 1194/1194 1195/1195 1192/1192
f 1195/1195 1200/1200 1192/1192
f 1205/1205 1212/1212 1195/1195
f 1205/1205 1195/1195 1194/1194
f 309/309 311/311 312/312
f 309/309 268/268 310/310
f 309/309 302/302 268/268
f 771/771 772/772 773/773
f 1764/1764 1765/1765 1766/1766
f 1765/1765 1767/1767 1766/1766
f 466/466 468/468 535/535
f 553/553 468/468 469/469
f 468/468 553/553 535/535
f 537/537 535/535 553/553
f 537/537 553/553 552/552
f 543/543 542/542 544/544
f 545/545 543/543 544/544
f 538/538 552/552 477/477
f 425/425 423/423 419/419
f 423/423 420/420 419/419
f 541/541 539/539 540/540
f 426/426 419/419 427/427
f 425/425 419/419 426/426
f 536/536 537/537 538/538
f 539/539 536/536 538/538
f 419/419 420/420 421/421
f 537/537 552/552 538/538
f 1775/1775 1776/1776 1777/1777
f 539/539 538/538 540/540
f 540/540 538/538 477/477
f 928/928 929/929 921/921
f 543/543 541/541 542/542
f 541/541 540/540 542/542
f 536/536 535/535 537/537
f 534/534 535/535 536/536
f 1182/1182 1164/1164 1179/1179
f 1182/1182 1179/1179 1185/1185
f 1188/1188 1189/1189 1190/1190
f 212/212 213/213 214/214
f 1780/1780 1781/1781 1782/1782
f 1781/1781 1783/1783 1782/1782
f 1133/1133 1134/1134 1132/1132
f 1134/1134 1135/1135 1132/1132
f 1811/1811 1812/1812 1813/1813
f 1814/1814 1812/1812 1811/1811
f 1819/1819 1820/1820 1821/1821
f 1820/1820 1822/1822 1821/1821
f 1784/1784 1785/1785 1786/1786
f 1795/1795 1797/1797 1798/1798
f 1796/1796 1795/1795 1798/1798
f 1259/1259 1257/1257 1258/1258
f 1257/1257 1255/1255 1258/1258
f 1244/1244 1247/1247 1245/1245
f 1244/1244 1245/1245 1246/1246
f 1261/1261 1260/1260 1255/1255
f 1255/1255 1260/1260 1256/1256
f 728/728 726/726 729/729
f 735/735 725/725 733/733
f 734/734 725/725 735/735
f 383/383 379/379 382/382
f 379/379 381/381 382/382
f 379/379 384/384 380/380
f 379/379 380/380 381/381
f 725/725 726/726 727/727
f 733/733 725/725 727/727
f 727/727 726/726 728/728
f 1794/1794 1792/1792 1787/1787
f 1792/1792 1793/1793 1787/1787
f 1263/1263 1262/1262 1261/1261
f 1261/1261 1262/1262 1260/1260
f 1787/1787 1793/1793 1788/1788
f 1787/1787 1788/1788 1789/1789
f 1788/1788 1791/1791 1790/1790
f 1788/1788 1790/1790 1789/1789
f 728/728 730/730 731/731
f 729/729 730/730 728/728
f 1823/1823 1825/1825 1826/1826
f 1823/1823 1824/1824 1825/1825
f 1832/1832 1827/1827 1829/1829
f 1827/1827 1828/1828 1829/1829
f 1807/1807 1808/1808 1809/1809
f 1807/1807 1809/1809 1810/1810
f 1829/1829 1830/1830 1831/1831
f 1828/1828 1830/1830 1829/1829
f 1771/1771 1772/1772 1773/1773
f 1776/1776 1778/1778 1777/1777
f 1777/1777 1778/1778 1779/1779
f 1771/1771 1774/1774 1772/1772
f 735/735 736/736 734/734
f 297/297 306/306 298/298
f 281/281 297/297 298/298
f 1833/1833 1834/1834 1835/1835
f 1836/1836 1837/1837 1838/1838
f 1839/1839 1840/1840 1841/1841
f 1841/1841 1840/1840 1842/1842
f 532/532 463/463 554/554
f 463/463 462/462 554/554
f 1725/1725 1727/1727 1728/1728
f 1711/1711 1712/1712 1713/1713
f 1732/1732 1733/1733 1734/1734
f 1846/1846 1843/1843 1845/1845
f 1843/1843 1844/1844 1845/1845
f 1717/1717 1720/1720 1718/1718
f 1717/1717 1718/1718 1719/1719
f 1717/1717 1719/1719 1721/1721
f 1751/1751 1755/1755 1752/1752
f 1751/1751 1752/1752 1753/1753
f 1722/1722 1723/1723 1724/1724
f 1742/1742 1743/1743 1744/1744
f 1847/1847 1848/1848 1849/1849
f 809/809 813/813 815/815
f 597/597 598/598 599/599
f 600/600 597/597 599/599
f 599/599 598/598 601/601
f 810/810 809/809 815/815
f 959/959 960/960 961/961
f 1816/1816 1812/1812 1814/1814
f 1818/1818 1816/1816 1814/1814
f 1851/1851 1853/1853 1852/1852
f 1850/1850 1851/1851 1852/1852
f 1177/1177 1186/1186 1176/1176
f 1173/1173 1177/1177 1176/1176
f 1815/1815 1817/1817 1812/1812
f 1815/1815 1812/1812 1816/1816
f 1067/1067 1068/1068 1069/1069
f 808/808 809/809 810/810
f 804/804 805/805 802/802
f 804/804 802/802 806/806
f 1803/1803 1804/1804 1805/1805
f 1806/1806 1804/1804 1803/1803
f 811/811 812/812 813/813
f 809/809 811/811 813/813
f 1177/1177 1187/1187 1186/1186
f 1799/1799 1800/1800 1801/1801
f 1802/1802 1800/1800 1799/1799
f 802/802 799/799 801/801
f 811/811 814/814 812/812
f 1043/1043 1044/1044 1045/1045
f 1043/1043 1045/1045 1046/1046
f 1854/1854 1855/1855 1856/1856
f 162/162 163/163 164/164
f 335/335 323/323 347/347
f 344/344 335/335 347/347
f 335/335 330/330 323/323
f 1181/1181 1174/1174 1166/1166
f 1175/1175 1181/1181 1166/1166
f 262/262 266/266 264/264
f 1857/1857 1858/1858 1859/1859
f 1860/1860 1861/1861 1862/1862
f 262/262 264/264 263/263
f 345/345 343/343 341/341
f 346/346 345/345 341/341
f 349/349 346/346 341/341
f 266/266 267/267 264/264
f 1867/1867 1868/1868 1869/1869
f 1870/1870 1867/1867 1869/1869
f 1876/1876 1875/1875 1868/1868
f 1876/1876 1868/1868 1867/1867
f 1878/1878 1877/1877 1876/1876
f 1876/1876 1877/1877 1875/1875
f 1880/1880 1883/1883 1881/1881
f 1880/1880 1881/1881 1882/1882
f 325/325 326/326 327/327
f 1234/1234 1235/1235 1236/1236
f 1237/1237 1234/1234 1236/1236
f 1241/1241 1242/1242 1243/1243
f 885/885 886/886 887/887
f 325/325 324/324 326/326
f 639/639 640/640 641/641
f 641/641 640/640 642/642
f 330/330 336/336 332/332
f 342/342 336/336 330/330
f 335/335 344/344 340/340
f 339/339 335/335 340/340
f 342/342 330/330 335/335
f 339/339 342/342 335/335
f 332/332 337/337 333/333
f 336/336 337/337 332/332
f 338/338 339/339 340/340
f 263/263 264/264 265/265
f 341/341 342/342 339/339
f 338/338 341/341 339/339
f 341/341 343/343 336/336
f 341/341 336/336 342/342
f 1870/1870 1869/1869 1871/1871
f 1870/1870 1871/1871 1872/1872
f 333/333 334/334 320/320
f 1080/1080 1081/1081 1082/1082
f 1083/1083 1080/1080 1082/1082
f 416/416 415/415 418/418
f 1884/1884 1885/1885 1886/1886
f 1114/1114 1112/1112 1111/1111
f 1887/1887 1888/1888 1889/1889
f 332/332 333/333 320/320
f 321/321 331/331 329/329
f 1111/1111 1112/1112 1113/1113
f 1118/1118 1116/1116 1115/1115
f 1286/1286 1287/1287 1288/1288
f 1890/1890 1891/1891 1892/1892
f 1287/1287 1289/1289 1288/1288
f 1284/1284 1281/1281 1280/1280
f 1272/1272 1273/1273 1274/1274
f 1278/1278 1277/1277 1279/1279
f 1276/1276 1277/1277 1278/1278
f 1280/1280 1281/1281 1282/1282
f 1166/1166 1169/1169 1167/1167
f 1166/1166 1174/1174 1169/1169
f 646/646 644/644 643/643
f 159/159 160/160 161/161
f 317/317 313/313 314/314
f 330/330 320/320 323/323
f 330/330 332/332 320/320
f 320/320 321/321 322/322
f 323/323 320/320 322/322
f 658/658 659/659 660/660
f 661/661 659/659 658/658
f 1191/1191 1193/1193 1199/1199
f 1198/1198 1196/1196 1191/1191
f 1198/1198 1191/1191 1208/1208
f 390/390 393/393 391/391
f 1198/1198 1207/1207 1196/1196
f 1209/1209 1208/1208 1199/1199
f 1210/1210 1209/1209 1199/1199
f 392/392 390/390 389/389
f 389/389 390/390 391/391
f 1211/1211 1198/1198 1208/1208
f 1211/1211 1208/1208 1209/1209
f 764/764 767/767 765/765
f 764/764 766/766 769/769
f 764/764 765/765 766/766
f 768/768 765/765 767/767
f 324/324 329/329 328/328
f 324/324 328/328 326/326
f 1097/1097 1099/1099 1100/1100
f 1272/1272 1275/1275 1273/1273
f 334/334 333/333 348/348
f 1096/1096 1094/1094 1093/1093
f 1090/1090 1091/1091 1092/1092
f 1097/1097 1098/1098 1099/1099
f 1093/1093 1094/1094 1095/1095
f 577/577 572/572 574/574
f 1894/1894 1897/1897 1895/1895
f 1895/1895 1897/1897 1898/1898
f 647/647 648/648 649/649
f 647/647 649/649 650/650
f 1896/1896 1893/1893 1895/1895
f 1893/1893 1894/1894 1895/1895
f 1199/1199 1208/1208 1191/1191
f 765/765 770/770 771/771
f 765/765 771/771 766/766
f 1238/1238 1234/1234 1237/1237
f 1239/1239 1234/1234 1238/1238
f 321/321 329/329 324/324
f 322/322 321/321 324/324
f 322/322 324/324 325/325
f 643/643 644/644 645/645
f 1239/1239 1240/1240 1234/1234
f 1155/1155 1156/1156 1157/1157
f 299/299 300/300 277/277
f 300/300 299/299 301/301
f 273/273 274/274 272/272
f 1201/1201 1203/1203 1204/1204
f 308/308 302/302 309/309
f 715/715 716/716 717/717
f 1202/1202 1203/1203 1201/1201
f 1899/1899 1900/1900 1901/1901
f 1900/1900 1902/1902 1901/1901
f 970/970 971/971 972/972
f 972/972 971/971 973/973
f 1212/1212 1202/1202 1195/1195
f 1195/1195 1201/1201 1200/1200
f 1195/1195 1202/1202 1201/1201
f 300/300 304/304 277/277
f 304/304 275/275 277/277
f 307/307 304/304 300/300
f 1217/1217 1218/1218 1219/1219
f 1226/1226 1218/1218 1217/1217
f 179/179 182/182 180/180
f 179/179 180/180 181/181
f 152/152 153/153 154/154
f 153/153 155/155 154/154
f 1217/1217 1219/1219 1221/1221
f 1219/1219 1223/1223 1221/1221
f 273/273 275/275 274/274
f 275/275 273/273 277/277
f 986/986 987/987 988/988
f 1226/1226 1217/1217 1227/1227
f 1227/1227 1217/1217 1228/1228
f 1230/1230 1229/1229 1227/1227
f 1229/1229 1226/1226 1227/1227
f 304/304 305/305 275/275
f 1217/1217 1221/1221 1222/1222
f 290/290 289/289 274/274
f 274/274 289/289 276/276
f 274/274 276/276 272/272
f 667/667 666/666 664/664
f 1231/1231 1232/1232 1233/1233
f 1218/1218 1220/1220 1219/1219
f 1040/1040 1041/1041 1042/1042
f 186/186 184/184 183/183
f 183/183 184/184 185/185
f 1219/1219 1224/1224 1223/1223
f 1223/1223 1224/1224 1225/1225
f 584/584 586/586 585/585
f 410/410 412/412 413/413
f 410/410 411/411 412/412
f 584/584 585/585 582/582
f 878/878 879/879 880/880
f 740/740 741/741 742/742
f 34/34 33/33 29/29
f 803/803 799/799 802/802
f 1903/1903 1904/1904 1905/1905
f 1906/1906 1907/1907 1908/1908
f 1906/1906 1908/1908 1909/1909
f 712/712 714/714 713/713
f 711/711 712/712 713/713
f 751/751 750/750 753/753
f 468/468 467/467 469/469
f 469/469 467/467 470/470
f 749/749 751/751 752/752
f 749/749 750/750 751/751
f 799/799 800/800 801/801
f 801/801 800/800 807/807
f 751/751 753/753 754/754
f 1910/1910 1911/1911 1912/1912
f 1913/1913 1914/1914 1915/1915
f 1588/1588 1585/1585 1587/1587
f 1585/1585 1586/1586 1587/1587
f 1600/1600 1599/1599 1595/1595
f 1599/1599 1596/1596 1595/1595
f 1630/1630 1627/1627 1629/1629
f 1627/1627 1628/1628 1629/1629
f 1916/1916 1917/1917 1918/1918
f 1918/1918 1917/1917 1920/1920
f 1916/1916 1921/1921 1919/1919
f 1916/1916 1919/1919 1917/1917
f 1595/1595 1596/1596 1597/1597
f 1595/1595 1597/1597 1598/1598
f 1648/1648 1649/1649 1650/1650
f 352/352 355/355 350/350
f 243/243 244/244 245/245
f 1922/1922 1923/1923 1924/1924
f 1631/1631 1632/1632 1633/1633
f 1631/1631 1633/1633 1634/1634
f 1604/1604 1603/1603 1605/1605
f 1604/1604 1601/1601 1603/1603
f 1636/1636 1635/1635 1631/1631
f 1631/1631 1635/1635 1632/1632
f 1554/1554 1553/1553 1556/1556
f 1553/1553 1554/1554 1555/1555
f 1560/1560 1561/1561 1562/1562
f 1643/1643 1644/1644 1645/1645
f 1585/1585 1590/1590 1589/1589
f 1585/1585 1589/1589 1586/1586
f 1601/1601 1602/1602 1603/1603
f 1602/1602 1606/1606 1603/1603
f 1925/1925 1926/1926 1927/1927
f 1928/1928 1929/1929 1930/1930
f 1646/1646 1644/1644 1643/1643
f 1647/1647 1646/1646 1643/1643
f 1567/1567 1568/1568 1569/1569
f 1640/1640 1641/1641 1642/1642
f 1931/1931 1932/1932 1933/1933
f 1934/1934 1935/1935 1936/1936
f 1614/1614 1617/1617 1615/1615
f 1614/1614 1615/1615 1616/1616
f 544/544 546/546 547/547
f 544/544 542/542 546/546
f 549/549 544/544 548/548
f 548/548 544/544 547/547
f 550/550 549/549 548/548
f 550/550 548/548 551/551
f 477/477 476/476 540/540
f 1937/1937 1938/1938 1939/1939
f 1938/1938 1940/1940 1939/1939
f 542/542 540/540 546/546
f 546/546 540/540 476/476
f 1125/1125 1139/1139 1140/1140
f 1141/1141 1125/1125 1140/1140
f 262/262 263/263 260/260
f 260/260 261/261 262/262
f 1125/1125 1126/1126 1127/1127
f 1129/1129 1126/1126 1125/1125
f 1127/1127 1143/1143 1142/1142
f 1143/1143 1144/1144 1142/1142
f 1941/1941 1942/1942 1943/1943
f 1941/1941 1943/1943 1944/1944
f 1136/1136 1133/1133 1131/1131
f 1131/1131 1133/1133 1132/1132
f 1136/1136 1131/1131 1137/1137
f 1138/1138 1137/1137 1131/1131
f 1265/1265 1267/1267 1266/1266
f 1264/1264 1265/1265 1266/1266
f 403/403 401/401 400/400
f 400/400 401/401 402/402
f 247/247 249/249 248/248
f 246/246 247/247 248/248
f 778/778 781/781 779/779
f 785/785 782/782 784/784
f 778/778 779/779 780/780
f 782/782 783/783 784/784
f 251/251 253/253 252/252
f 250/250 251/251 252/252
f 354/354 350/350 355/355
f 350/350 354/354 351/351
f 1250/1250 1251/1251 1252/1252
f 1250/1250 1252/1252 1253/1253
f 257/257 258/258 259/259
f 962/962 963/963 964/964
f 963/963 965/965 964/964
f 965/965 962/962 964/964
f 1249/1249 1251/1251 1250/1250
f 1248/1248 1249/1249 1250/1250
f 1130/1130 1128/1128 1126/1126
f 1130/1130 1126/1126 1129/1129
f 1132/1132 1128/1128 1131/1131
f 1130/1130 1131/1131 1128/1128
f 1795/1795 1796/1796 1797/1797
f 613/613 602/602 612/612
f 612/612 602/602 604/604
f 1866/1866 1864/1864 1863/1863
f 1863/1863 1864/1864 1865/1865
f 191/191 192/192 193/193
f 1869/1869 1873/1873 1874/1874
f 1868/1868 1873/1873 1869/1869
f 1875/1875 1873/1873 1868/1868
f 1879/1879 1873/1873 1875/1875
f 1320/1320 1324/1324 1323/1323
f 1321/1321 1320/1320 1323/1323
f 1336/1336 1335/1335 1331/1331
f 1335/1335 1332/1332 1331/1331
f 654/654 655/655 656/656
f 655/655 657/657 656/656
f 188/188 190/190 189/189
f 187/187 188/188 189/189
f 952/952 949/949 951/951
f 949/949 950/950 951/951
f 971/971 974/974 973/973
f 974/974 975/975 973/973
f 1212/1212 1213/1213 1202/1202
f 1314/1314 1313/1313 1315/1315
f 1945/1945 1946/1946 1947/1947
f 1945/1945 1947/1947 1948/1948
f 303/303 285/285 286/286
f 303/303 279/279 285/285
f 414/414 415/415 416/416
f 417/417 414/414 416/416
f 192/192 194/194 193/193
f 989/989 991/991 992/992
f 1115/1115 1116/1116 1117/1117
f 1023/1023 1024/1024 1025/1025
f 445/445 446/446 447/447
f 316/316 315/315 308/308
f 977/977 976/976 973/973
f 315/315 301/301 308/308
f 976/976 972/972 973/973
f 1388/1388 1393/1393 1394/1394
f 270/270 278/278 279/279
f 279/279 278/278 285/285
f 270/270 269/269 278/278
f 269/269 297/297 278/278
f 285/285 280/280 284/284
f 278/278 280/280 285/285
f 624/624 625/625 626/626
f 626/626 627/627 624/624
f 989/989 990/990 991/991
f 156/156 157/157 158/158
f 572/572 573/573 574/574
f 574/574 575/575 576/576
f 573/573 575/575 574/574
f 1107/1107 1109/1109 1110/1110
f 1107/1107 1108/1108 1109/1109
f 614/614 603/603 604/604
f 614/614 604/604 607/607
f 1949/1949 1950/1950 1951/1951
f 1316/1316 1317/1317 1318/1318
f 1304/1304 1305/1305 1306/1306
f 1078/1078 1076/1076 1077/1077
f 1078/1078 1077/1077 1079/1079
f 1127/1127 1142/1142 1139/1139
f 1125/1125 1127/1127 1139/1139
f 203/203 204/204 205/205
f 386/386 388/388 387/387
f 385/385 386/386 387/387
f 352/352 351/351 353/353
f 195/195 196/196 197/197
f 198/198 195/195 197/197
f 350/350 351/351 352/352
f 617/617 618/618 610/610
f 611/611 617/617 610/610
f 206/206 207/207 208/208
f 594/594 595/595 596/596
f 1104/1104 1105/1105 1106/1106
f 457/457 458/458 459/459
f 602/602 603/603 604/604
f 1768/1768 1769/1769 1770/1770
f 1339/1339 1338/1338 1340/1340
f 1324/1324 1321/1321 1323/1323
f 1337/1337 1341/1341 1338/1338
f 1337/1337 1338/1338 1339/1339
f 376/376 373/373 375/375
f 377/377 373/373 376/376
f 373/373 374/374 375/375
f 374/374 378/378 375/375
f 1300/1300 1301/1301 1302/1302
f 1300/1300 1302/1302 1303/1303
f 200/200 202/202 201/201
f 199/199 200/200 201/201
f 173/173 172/172 174/174
f 171/171 172/172 173/173
f 1952/1952 1955/1955 1953/1953
f 1570/1570 1573/1573 1571/1571
f 1574/1574 1575/1575 1576/1576
f 1570/1570 1571/1571 1572/1572
f 1952/1952 1953/1953 1954/1954
f 789/789 787/787 786/786
f 786/786 787/787 788/788
f 875/875 876/876 877/877
f 697/697 696/696 698/698
f 997/997 998/998 999/999
f 695/695 696/696 697/697
f 288/288 296/296 318/318
f 881/881 882/882 883/883
f 884/884 881/881 883/883
f 288/288 319/319 296/296
f 608/608 616/616 615/615
f 614/614 608/608 615/615
f 1015/1015 1017/1017 1018/1018
f 1015/1015 1016/1016 1017/1017
f 1075/1075 1077/1077 1076/1076
f 938/938 939/939 940/940
f 839/839 840/840 841/841
f 1008/1008 1009/1009 1010/1010
f 168/168 169/169 170/170
f 1007/1007 1006/1006 1005/1005
f 1004/1004 1005/1005 1006/1006
f 966/966 967/967 968/968
f 969/969 967/967 966/966
f 701/701 700/700 702/702
f 699/699 700/700 701/701
f 696/696 699/699 701/701
f 696/696 701/701 703/703
f 696/696 703/703 698/698
f 609/609 610/610 605/605
f 609/609 611/611 610/610
f 1014/1014 1012/1012 1011/1011
f 609/609 605/605 602/602
f 602/602 605/605 606/606
f 606/606 608/608 607/607
f 608/608 614/614 607/607
f 607/607 604/604 606/606
f 602/602 606/606 604/604
f 1011/1011 1012/1012 1013/1013
f 910/910 911/911 912/912
f 912/912 913/913 910/910
f 1146/1146 1148/1148 1147/1147
f 1145/1145 1146/1146 1147/1147
f 1956/1956 1957/1957 1958/1958
f 1956/1956 1958/1958 1959/1959
f 1468/1468 1471/1471 1469/1469
f 836/836 825/825 823/823
f 836/836 823/823 838/838
f 83/83 84/84 85/85
f 1471/1471 1477/1477 1469/1469
f 825/825 824/824 823/823
f 1469/1469 1477/1477 1476/1476
f 80/80 81/81 82/82
f 826/826 823/823 822/822
f 1431/1431 1432/1432 1433/1433
f 822/822 823/823 824/824
f 1960/1960 1961/1961 1962/1962
f 1427/1427 1428/1428 1429/1429
f 1430/1430 1427/1427 1429/1429
f 1468/1468 1469/1469 1470/1470
f 1481/1481 1482/1482 1483/1483
f 1484/1484 1485/1485 1486/1486
f 1424/1424 1425/1425 1426/1426
f 1469/1469 1476/1476 1472/1472
f 1470/1470 1469/1469 1472/1472
f 74/74 75/75 76/76
f 70/70 71/71 72/72
f 73/73 70/70 72/72
f 1147/1147 1150/1150 1151/1151
f 1150/1150 1152/1152 1151/1151
f 1967/1967 1968/1968 1969/1969
f 76/76 75/75 77/77
f 1147/1147 1149/1149 1150/1150
f 1147/1147 1148/1148 1149/1149
f 32/32 31/31 35/35
f 48/48 51/51 49/49
f 1972/1972 1973/1973 1974/1974
f 1978/1978 1977/1977 1976/1976
f 1966/1966 1964/1964 1963/1963
f 1963/1963 1964/1964 1965/1965
f 1968/1968 1970/1970 1969/1969
f 1969/1969 1970/1970 1971/1971
f 1975/1975 1976/1976 1977/1977
f 75/75 79/79 78/78
f 77/77 75/75 78/78
f 1149/1149 1153/1153 1152/1152
f 1150/1150 1149/1149 1152/1152
f 1148/1148 1153/1153 1149/1149
f 1153/1153 1154/1154 1151/1151
f 1152/1152 1153/1153 1151/1151
f 1413/1413 1414/1414 1415/1415
f 1416/1416 1415/1415 1414/1414
f 1417/1417 1418/1418 1419/1419
f 1418/1418 1420/1420 1419/1419
f 1511/1511 1512/1512 1513/1513
f 1980/1980 1981/1981 1982/1982
f 1980/1980 1983/1983 1981/1981
f 1458/1458 1460/1460 1459/1459
f 1457/1457 1458/1458 1459/1459
f 48/48 49/49 50/50
f 21/21 24/24 11/11
f 1148/1148 1154/1154 1153/1153
f 895/895 892/892 893/893
f 896/896 897/897 898/898
f 835/835 836/836 829/829
f 828/828 835/835 829/829
f 888/888 890/890 892/892
f 892/892 890/890 893/893
f 816/816 817/817 818/818
f 693/693 692/692 691/691
f 835/835 837/837 825/825
f 835/835 825/825 836/836
f 888/888 889/889 890/890
f 890/890 889/889 894/894
f 893/893 890/890 894/894
f 888/888 891/891 889/889
f 942/942 941/941 944/944
f 370/370 371/371 372/372
f 1214/1214 1215/1215 1216/1216
f 831/831 827/827 830/830
f 831/831 830/830 832/832
f 832/832 830/830 833/833
f 830/830 827/827 829/829
f 827/827 828/828 829/829
f 830/830 834/834 833/833
f 1984/1984 1985/1985 1986/1986
f 1984/1984 1986/1986 1987/1987
f 1410/1410 1411/1411 1412/1412
f 1975/1975 1977/1977 1979/1979
f 1988/1988 1989/1989 1990/1990
f 1991/1991 1992/1992 1993/1993
f 1991/1991 1993/1993 1994/1994
f 1451/1451 1452/1452 1453/1453
f 1454/1454 1451/1451 1453/1453
f 1995/1995 1997/1997 2000/2000
f 1995/1995 1996/1996 1997/1997
f 1999/1999 1998/1998 1996/1996
f 1996/1996 1998/1998 1997/1997
f 1449/1449 1445/1445 1444/1444
f 1449/1449 1444/1444 1450/1450
f 2001/2001 2002/2002 2003/2003
f 2004/2004 2005/2005 2006/2006
f 1487/1487 1490/1490 1488/1488
f 1487/1487 1488/1488 1489/1489
f 1421/1421 1422/1422 1423/1423
f 1491/1491 1492/1492 1493/1493
f 1455/1455 1452/1452 1456/1456
f 1453/1453 1452/1452 1455/1455
f 366/366 369/369 367/367
f 366/366 367/367 368/368
f 1494/1494 1495/1495 1496/1496
f 1473/1473 1478/1478 1474/1474
f 1458/1458 1457/1457 1461/1461
f 1473/1473 1474/1474 1475/1475
f 1494/1494 1496/1496 1497/1497
f 1476/1476 1477/1477 1473/1473
f 1473/1473 1477/1477 1478/1478
f 2007/2007 2008/2008 2009/2009
f 1472/1472 1476/1476 1479/1479
f 1476/1476 1478/1478 1479/1479
f 1479/1479 1478/1478 1475/1475
f 1480/1480 1479/1479 1475/1475
f 1550/1550 1551/1551 1552/1552
f 1557/1557 1558/1558 1559/1559
f 857/857 845/845 851/851
f 859/859 857/857 851/851
f 240/240 241/241 242/242
f 681/681 677/677 679/679
f 678/678 680/680 679/679
f 677/677 678/678 679/679
f 917/917 918/918 919/919
f 918/918 920/920 919/919
f 1592/1592 1591/1591 1594/1594
f 1591/1591 1592/1592 1593/1593
f 1563/1563 1566/1566 1564/1564
f 1563/1563 1564/1564 1565/1565
f 2010/2010 2013/2013 2011/2011
f 2010/2010 2011/2011 2012/2012
f 790/790 791/791 792/792
f 448/448 449/449 450/450
f 139/139 140/140 141/141
f 932/932 933/933 934/934
f 978/978 979/979 980/980
f 1087/1087 1088/1088 1089/1089
f 1071/1071 1073/1073 1072/1072
f 1070/1070 1071/1071 1072/1072
f 729/729 738/738 730/730
f 925/925 923/923 924/924
f 729/729 739/739 738/738
f 923/923 922/922 924/924
f 955/955 954/954 956/956
f 955/955 956/956 958/958
f 845/845 844/844 851/851
f 844/844 845/845 842/842
f 842/842 843/843 844/844
f 846/846 844/844 843/843
f 926/926 923/923 925/925
f 846/846 847/847 858/858
f 846/846 843/843 847/847
f 926/926 925/925 927/927
f 982/982 981/981 984/984
f 985/985 981/981 983/983
f 981/981 982/982 983/983
f 855/855 853/853 854/854
f 853/853 852/852 854/854
f 957/957 954/954 953/953
f 953/953 954/954 955/955
f 1620/1620 1619/1619 1621/1621
f 1618/1618 1619/1619 1620/1620
f 926/926 928/928 923/923
f 923/923 928/928 921/921
f 853/853 859/859 851/851
f 853/853 851/851 852/852
f 852/852 851/851 844/844
f 2014/2014 2015/2015 2016/2016
f 2017/2017 2014/2014 2016/2016
f 477/477 479/479 478/478
f 476/476 477/477 478/478
f 2018/2018 2019/2019 2020/2020
f 2018/2018 2020/2020 2021/2021
f 921/921 930/930 922/922
f 921/921 922/922 923/923
f 921/921 929/929 930/930
f 929/929 931/931 930/930
f 856/856 853/853 855/855
f 907/907 908/908 909/909
f 905/905 906/906 907/907
f 906/906 908/908 907/907
f 899/899 901/901 902/902
f 904/904 899/899 902/902
f 899/899 903/903 900/900
f 899/899 900/900 901/901
f 356/356 357/357 358/358
f 361/361 357/357 356/356
f 2022/2022 2023/2023 2024/2024
f 1611/1611 1612/1612 1608/1608
f 1607/1607 1610/1610 1608/1608
f 1611/1611 1608/1608 1610/1610
f 361/361 356/356 362/362
f 363/363 361/361 362/362
f 1622/1622 1623/1623 1624/1624
f 1623/1623 1626/1626 1625/1625
f 1624/1624 1623/1623 1625/1625
f 1607/1607 1608/1608 1609/1609
f 1608/1608 1612/1612 1609/1609
f 1609/1609 1612/1612 1613/1613
f 36/36 37/37 38/38
f 1637/1637 1638/1638 1639/1639
f 857/857 864/864 863/863
f 935/935 936/936 937/937
f 914/914 915/915 916/916
f 224/224 225/225 226/226
f 2025/2025 2026/2026 2027/2027
f 862/862 861/861 845/845
f 857/857 863/863 862/862
f 857/857 862/862 845/845
f 845/845 861/861 842/842
f 843/843 860/860 848/848
f 843/843 848/848 847/847
f 847/847 850/850 865/865
f 847/847 848/848 849/849
f 847/847 849/849 850/850
f 228/228 231/231 230/230
f 228/228 230/230 229/229
f 227/227 228/228 229/229
f 233/233 235/235 234/234
f 232/232 233/233 234/234
f 236/236 238/238 239/239
f 236/236 237/237 238/238
f 221/221 222/222 223/223
f 1119/1119 1120/1120 1121/1121
f 359/359 357/357 361/361
f 359/359 360/360 357/357
f 2028/2028 2029/2029 2030/2030
f 2031/2031 2032/2032 2033/2033
f 6/6 12/12 9/9
f 6/6 11/11 12/12
f 8/8 6/6 9/9
f 8/8 9/9 10/10
f 61/61 62/62 59/59
f 61/61 59/59 58/58
f 22/22 21/21 5/5
f 23/23 21/21 22/22
f 7/7 6/6 8/8
f 5/5 6/6 7/7
f 21/21 11/11 5/5
f 5/5 11/11 6/6
f 12/12 20/20 13/13
f 9/9 12/12 13/13
f 10/10 9/9 13/13
f 10/10 13/13 14/14
f 10/10 14/14 15/15
f 58/58 59/59 60/60
f 14/14 13/13 18/18
f 14/14 18/18 17/17
f 63/63 64/64 65/65
f 45/45 46/46 47/47
f 41/41 36/36 38/38
f 14/14 17/17 16/16
f 15/15 14/14 16/16
f 13/13 20/20 19/19
f 13/13 19/19 18/18
f 11/11 20/20 12/12
f 1434/1434 1435/1435 1436/1436
f 1436/1436 1435/1435 1437/1437
f 2/2 4/4 3/3
f 1/1 2/2 3/3
f 56/56 52/52 54/54
f 52/52 56/56 57/57
f 39/39 40/40 36/36
f 40/40 37/37 36/36
f 504/504 475/475 545/545
f 475/475 543/543 545/545
f 364/364 365/365 357/357
f 360/360 364/364 357/357
f 26/26 28/28 27/27
f 25/25 26/26 27/27
f 52/52 53/53 54/54
f 53/53 55/55 54/54
f 103/103 104/104 105/105
f 104/104 103/103 106/106
f 437/437 440/440 438/438
f 438/438 440/440 441/441
f 1729/1729 1730/1730 1731/1731
f 1739/1739 1741/1741 1740/1740
f 1738/1738 1739/1739 1740/1740
f 1050/1050 1057/1057 1058/1058
f 1049/1049 1057/1057 1050/1050
f 1714/1714 1715/1715 1716/1716
f 1735/1735 1736/1736 1737/1737
f 750/750 748/748 757/757
f 750/750 757/757 753/753
f 758/758 757/757 759/759
f 753/753 757/757 758/758
f 533/533 561/561 471/471
f 463/463 533/533 471/471
f 468/468 466/466 467/467
f 466/466 465/465 467/467
f 466/466 462/462 465/465
f 465/465 462/462 464/464
f 805/805 803/803 802/802
f 463/463 471/471 464/464
f 462/462 463/463 464/464
f 302/302 301/301 299/299
f 308/308 301/301 302/302
f 266/266 264/264 263/263
f 268/268 299/299 271/271
f 99/99 100/100 101/101
f 102/102 99/99 101/101
f 559/559 527/527 563/563
f 562/562 481/481 559/559
f 93/93 94/94 95/95
f 563/563 527/527 526/526
f 690/690 694/694 691/691
f 690/690 691/691 692/692
f 562/562 559/559 563/563
f 888/888 891/891 890/890
f 96/96 97/97 98/98
f 941/941 942/942 943/943
f 90/90 91/91 92/92
f 942/942 944/944 943/943
f 483/483 481/481 480/480
f 480/480 481/481 482/482
f 120/120 118/118 117/117
f 117/117 118/118 119/119
f 484/484 483/483 480/480
f 115/115 116/116 114/114
f 112/112 115/115 114/114
f 746/746 745/745 749/749
f 745/745 746/746 747/747
f 1031/1031 1030/1030 1036/1036
f 1030/1030 1038/1038 1036/1036
f 434/434 439/439 437/437
f 434/434 437/437 438/438
f 442/442 444/444 439/439
f 434/434 442/442 439/439
f 432/432 434/434 435/435
f 443/443 442/442 433/433
f 442/442 434/434 433/433
f 1029/1029 1030/1030 1031/1031
f 432/432 433/433 434/434
f 1401/1401 1402/1402 1403/1403
f 1401/1401 1400/1400 1402/1402
f 215/215 216/216 217/217
f 436/436 432/432 435/435
f 777/777 774/774 776/776
f 745/745 748/748 749/749
f 749/749 748/748 750/750
f 486/486 490/490 491/491
f 488/488 486/486 491/491
f 760/760 763/763 761/761
f 760/760 761/761 762/762
f 774/774 775/775 776/776
f 486/486 489/489 490/490
f 486/486 484/484 489/489
f 872/872 873/873 874/874
f 121/121 122/122 123/123
f 743/743 741/741 744/744
f 744/744 741/741 740/740
f 755/755 754/754 756/756
f 751/751 754/754 755/755
f 1059/1059 1060/1060 1061/1061
f 1065/1065 1059/1059 1063/1063
f 1059/1059 1061/1061 1063/1063
f 1049/1049 1050/1050 1047/1047
f 1047/1047 1048/1048 1049/1049
f 2034/2034 2035/2035 2036/2036
f 397/397 394/394 396/396
f 397/397 396/396 399/399
f 394/394 398/398 395/395
f 394/394 395/395 396/396
f 707/707 708/708 709/709
f 710/710 708/708 707/707
f 2037/2037 2038/2038 2039/2039
f 2040/2040 2041/2041 2042/2042
f 1022/1022 1020/1020 1019/1019
f 587/587 588/588 589/589
f 1056/1056 1054/1054 1055/1055
f 1032/1032 1030/1030 1029/1029
f 149/149 150/150 151/151
f 1049/1049 1052/1052 1057/1057
f 1019/1019 1020/1020 1021/1021
f 1026/1026 1027/1027 1028/1028
f 1052/1052 1051/1051 1053/1053
f 1055/1055 1051/1051 1048/1048
f 1054/1054 1051/1051 1055/1055
f 1027/1027 1033/1033 1035/1035
f 1028/1028 1027/1027 1035/1035
f 1027/1027 1036/1036 1033/1033
f 1033/1033 1034/1034 1035/1035
f 1034/1034 1039/1039 1035/1035
f 948/948 945/945 947/947
f 945/945 946/946 947/947
f 1039/1039 1028/1028 1035/1035
f 796/796 797/797 798/798
f 662/662 665/665 663/663
f 662/662 663/663 664/664
f 674/674 675/675 676/676
f 666/666 662/662 664/664
f 1060/1060 1062/1062 1061/1061
f 1033/1033 1037/1037 1034/1034
f 1036/1036 1037/1037 1033/1033
f 1027/1027 1031/1031 1036/1036
f 1029/1029 1031/1031 1027/1027
f 1026/1026 1029/1029 1027/1027
f 464/464 471/471 472/472
f 799/799 803/803 800/800
f 1049/1049 1051/1051 1052/1052
f 1048/1048 1051/1051 1049/1049
f 218/218 219/219 220/220
f 473/473 474/474 475/475
f 2043/2043 2044/2044 2045/2045
f 473/473 556/556 557/557
f 555/555 556/556 473/473
f 2046/2046 2047/2047 2048/2048
f 42/42 43/43 44/44
f 672/672 671/671 669/669
f 672/672 673/673 671/671
f 670/670 669/669 671/671
f 668/668 669/669 670/670
f 578/578 579/579 580/580
f 581/581 578/578 580/580
f 1725/1725 1726/1726 1727/1727
f 468/468 465/465 467/467
f 136/136 137/137 138/138
f 590/590 593/593 591/591
f 590/590 591/591 592/592
f 565/565 564/564 570/570
f 571/571 565/565 570/570
f 628/628 629/629 630/630
f 651/651 652/652 653/653
f 276/276 289/289 291/291
f 291/291 289/289 292/292
f 619/619 620/620 621/621
f 622/622 619/619 621/621
f 1126/1126 1128/1128 1127/1127
f 289/289 293/293 292/292
f 292/292 293/293 294/294
f 582/582 583/583 584/584
f 111/111 112/112 113/113
f 113/113 112/112 114/114
f 631/631 636/636 634/634
f 631/631 632/632 633/633
f 634/634 632/632 631/631
f 636/636 637/637 634/634
f 145/145 148/148 146/146
f 145/145 146/146 147/147
f 685/685 684/684 686/686
f 1084/1084 1085/1085 1086/1086
f 422/422 431/431 423/423
f 993/993 994/994 995/995
f 564/564 565/565 566/566
f 566/566 565/565 567/567
f 133/133 134/134 135/135
f 635/635 633/633 632/632
f 1158/1158 1159/1159 1160/1160
f 686/686 684/684 687/687
f 685/685 682/682 684/684
f 682/682 683/683 684/684
f 567/567 568/568 569/569
f 567/567 565/565 568/568
f 531/531 558/558 555/555
f 66/66 67/67 68/68
f 69/69 66/66 68/68
f 558/558 556/556 555/555
f 107/107 108/108 109/109
f 107/107 109/109 110/110
f 422/422 423/423 424/424
f 996/996 995/995 994/994
f 718/718 719/719 720/720
f 718/718 720/720 721/721
f 686/686 687/687 689/689
f 687/687 688/688 689/689
f 621/621 620/620 623/623
f 1064/1064 1063/1063 1061/1061
f 1064/1064 1061/1061 1066/1066
f 408/408 409/409 406/406
f 405/405 408/408 406/406
f 130/130 131/131 132/132
f 869/869 870/870 871/871
f 704/704 705/705 706/706
f 866/866 867/867 868/868
f 124/124 125/125 126/126
f 127/127 128/128 129/129
f 404/404 405/405 406/406
f 631/631 633/633 638/638
f 142/142 143/143 144/144
f 407/407 405/405 404/404
