HIERARCHY
ROOT Hips
{
  OFFSET 4.3602899495453355e-8 1.1673772430419926 0.00903120994567871
  CHANNELS 6 Xposition Yposition Zposition Xrotation Yrotation Zrotation
  JOINT Spine
  {
    OFFSET 0.00000400409843159832 0.10717498984890383 -0.009311363000479054
    CHANNELS 3 Xrotation Yrotation Zrotation
    JOINT Spine1
    {
      OFFSET -1.157133440709887e-8 0.10585321386790758 -0.004285265132451881
      CHANNELS 3 Xrotation Yrotation Zrotation
      JOINT Spine2
      {
        OFFSET -1.2021792727953998e-8 0.10599313230062335 -0.007812673855060945
        CHANNELS 3 Xrotation Yrotation Zrotation
        JOINT Neck
        {
          OFFSET -3.2927685248284505e-8 0.26240295415719994 -0.044881304131893486
          CHANNELS 3 Xrotation Yrotation Zrotation
          JOINT Head
          {
            OFFSET -1.1268817613937174e-8 0.1746685200511402 0.056256497133401515
            CHANNELS 3 Xrotation Yrotation Zrotation
            End Site
            {
              OFFSET -8.617178878150887e-9 0.10756811731632654 0.02107021751552555
            }
          }
        }
        JOINT LeftShoulder
        {
          OFFSET 0.10574355691983202 0.2300922422130116 -0.07323001980788171
          CHANNELS 3 Xrotation Yrotation Zrotation
          JOINT LeftArm
          {
            OFFSET 0.14878172464754674 -0.04653430124026747 -0.03069340943884992
            CHANNELS 3 Xrotation Yrotation Zrotation
            JOINT LeftForeArm
            {
              OFFSET 0.2410901499999964 2.514874553050106e-8 -2.5644150081216566e-8
              CHANNELS 3 Xrotation Yrotation Zrotation
              JOINT LeftHand
              {
                OFFSET 0.3167439969976485 9.305862591624248e-8 0.0055278706856974474
                CHANNELS 3 Xrotation Yrotation Zrotation
                End Site
                {
                  OFFSET 0.06210611293049251 -0.1056924643799253 0.03949498917827464
                }
              }
            }
          }
        }
        JOINT RightShoulder
        {
          OFFSET -0.10574409307527087 0.23009141295444557 -0.07322999494236766
          CHANNELS 3 Xrotation Yrotation Zrotation
          JOINT RightArm
          {
            OFFSET -0.14878099894090208 -0.04653001551703495 -0.030692881610262193
            CHANNELS 3 Xrotation Yrotation Zrotation
            JOINT RightForeArm
            {
              OFFSET -0.24108999999999764 -2.5144341053717767e-8 2.9072947757557976e-8
              CHANNELS 3 Xrotation Yrotation Zrotation
              JOINT RightHand
              {
                OFFSET -0.3167448378500485 -3.304013818095086e-8 0.005523816194027642
                CHANNELS 3 Xrotation Yrotation Zrotation
                End Site
                {
                  OFFSET -0.06210627893580878 -0.10570000668807578 0.039495226662701347
                }
              }
            }
          }
        }
      }
    }
  }
  JOINT LeftUpLeg
  {
    OFFSET 0.12297482524469029 -0.06742086731113295 -0.010003017167751174
    CHANNELS 3 Xrotation Yrotation Zrotation
    JOINT LeftLeg
    {
      OFFSET 3.29102216173327e-8 -0.45703384336647745 0.010304781301190422
      CHANNELS 3 Xrotation Yrotation Zrotation
      JOINT LeftFoot
      {
        OFFSET 6.562466081661e-8 -0.5002806931369024 -0.03690416879508984
        CHANNELS 3 Xrotation Yrotation Zrotation
        JOINT LeftToeBase
        {
          OFFSET 0.02595079309341415 -0.14255124139316394 0.19507613876404925
          CHANNELS 3 Xrotation Yrotation Zrotation
          End Site
          {
            OFFSET 0.010732212189788037 -0.00003523758576667464 0.11362316400109373
          }
        }
      }
    }
  }
  JOINT RightUpLeg
  {
    OFFSET -0.12297503780805406 -0.0674172528256134 -0.01000298679994319
    CHANNELS 3 Xrotation Yrotation Zrotation
    JOINT RightLeg
    {
      OFFSET 0.0000015762103336008915 -0.45703794623816363 0.010304776602924667
      CHANNELS 3 Xrotation Yrotation Zrotation
      JOINT RightFoot
      {
        OFFSET -0.0000014796473382927555 -0.5002806877425285 -0.03690424189268969
        CHANNELS 3 Xrotation Yrotation Zrotation
        JOINT RightToeBase
        {
          OFFSET -0.02594992229596689 -0.1425528302873685 0.19507509351502048
          CHANNELS 3 Xrotation Yrotation Zrotation
          End Site
          {
            OFFSET -0.01073336011005574 -0.000035035181829541786 0.11362416403777789
          }
        }
      }
    }
  }
}
MOTION
Frames: 172
Frame Time: 0.03333333333333333
0.00422127 1.15588173 0.00861247 -3.33214366 8.31829506 -3.06087602 0.01785712 4.53103302 1.73575704 4.00050454 -1.27440279 3.88744562 4.03084229 -1.34030428 3.85469508 -1.38610131 -1.01236676 -2.0559227 -8.31569876 -3.84257335 3.58384325 -1.67062859 -6.37721105 -12.42969583 6.41405067 -22.01356437 -72.82971326 0.00001831 -17.93569074 0.00001944 -20.79933972 -3.57562705 3.84956774 0.82908303 7.07004686 10.41467509 -2.02632778 11.92152418 66.62326116 -0.00000827 7.0206902 2e-8 -24.50545258 -11.07775294 -0.87080135 -12.67608338 13.63175043 9.75953282 10.61280004 -1.21434546 3.92471935 4.00918182 0.1273104 -6.27716976 -0.0000324 -0.00000282 0.00000194 1.70650395 0.74969586 2.25169685 5.8054754 -8.49967497 0.06412808 -4.10635412 2.73806301 1.85996197 -0.00542882 -4e-7 7.6e-7
0.00494688 1.15415428 0.00807463 -3.45320848 7.46090887 -2.90444001 0.15225095 4.31589863 1.63289955 3.91073786 -1.25578551 3.77456603 3.93975543 -1.31991992 3.742735 -1.39880098 -0.95457043 -1.98814116 -8.18984536 -3.61286592 3.64961376 -1.61709052 -6.34719504 -12.3063042 6.72012844 -22.13002965 -72.45538513 0.00001342 -18.42249342 0.00001805 -19.81379643 -3.95788778 3.5845727 0.45628906 7.30786652 9.74694378 -1.63801801 11.74193591 65.93059952 -0.00000139 6.57452463 -5.3e-7 -24.76239882 -11.702847 -1.26218221 -13.04912512 13.56167235 9.79631125 11.89176133 -0.33733553 3.92027542 3.3069061 0.16033042 -6.31219356 -0.0001037 -5.2e-7 0.00000234 0.29780505 0.72165011 1.99612729 8.4710444 -7.65051456 0.05618026 -5.24948802 2.71570337 2.04349973 -0.0054387 3.1e-7 5e-8
0.00569861 1.15258171 0.00774972 -3.61995326 6.60268464 -2.74241795 0.30324482 4.07141915 1.48177376 3.80686304 -1.24007616 3.64993166 3.83451313 -1.30230774 3.6190743 -1.48306846 -0.91810919 -1.94537994 -7.61714568 -3.55637731 3.83711508 -1.56291031 -6.34697284 -12.17235414 7.16511459 -22.36445872 -72.02059128 -0.0000052 -19.04439167 0.00002285 -18.81817532 -4.3033978 3.3770322 0.07036957 7.56891885 9.05241923 -1.44499144 11.70164665 65.35255824 0.00002177 5.9662995 0.00000793 -24.28168759 -11.80295113 -2.30965723 -13.262397 13.52361595 9.80432025 12.9888601 0.52050448 3.91685891 2.67524152 0.19682297 -6.36893656 0.00000424 -0.00000328 -3.9e-7 -0.6923103 0.72487024 1.73473899 10.44671328 -6.80581668 0.04851061 -6.08156373 2.69781752 2.15425134 -0.00543552 2.7e-7 0.00000125
0.00635349 1.15133881 0.00757436 -3.82328461 5.74635309 -2.58106253 0.49453486 3.87008145 1.30049448 3.69784069 -1.21481135 3.52194611 3.72413207 -1.27498928 3.49210959 -1.61312362 -0.8877564 -2.02790314 -6.64171743 -3.75154512 4.21850796 -1.50749126 -6.39807094 -11.99697749 7.81703364 -22.97972222 -71.47298558 0.00000138 -19.87871916 0.00000435 -17.81791579 -4.59397443 3.23895172 -0.32630647 7.85351464 8.33507985 -0.97634265 11.57209743 64.66723364 -0.00001376 6.31015123 0.00001908 -25.07511464 -9.88574347 -3.72449557 -13.27080883 13.52562688 9.77926418 13.78860913 1.36242306 3.91406695 2.17528053 0.22565148 -6.44615837 -0.00006382 0.00000349 0.00000304 -1.37273562 0.74804729 1.47976347 11.91469939 -5.96719911 0.04072339 -6.68310165 2.68549244 2.20830322 -0.00543244 6.5e-7 0.00000269
0.00735176 1.15024513 0.0067582 -3.90893294 4.99757987 -2.44981602 0.75202773 3.7047022 1.09456448 3.59131079 -1.18143121 3.38518341 3.61623472 -1.23949655 3.3564058 -1.79099202 -0.90720553 -2.08811137 -5.5011676 -4.17719369 4.67922705 -1.44714981 -6.46152395 -11.73981899 8.67109219 -24.12939157 -70.54458047 0.00000999 -21.27518511 0.00000875 -16.84406478 -4.70260955 3.13973079 -0.73126029 8.16185352 7.5981866 0.93166822 10.3776739 63.23450304 4.9e-7 10.12497606 0.00001589 -26.646402 -9.55389291 -5.16551879 -13.37653438 13.51880553 9.71138566 14.43749915 2.1120242 3.91200528 1.79724818 0.24854225 -6.48289447 0.000011 -0.00000435 4.6e-7 -2.0589109 0.77746651 1.22663255 13.11121847 -5.23690199 0.03379298 -7.12283845 2.675272 2.26246854 -0.00543866 0.00000177 2e-7
0.00919731 1.14894165 0.00505089 -3.92751801 4.55353075 -2.38317216 1.2899552 3.33782819 0.93981404 3.52087134 -1.17881689 3.25186197 3.54437117 -1.23478641 3.22424379 -2.0844795 -0.92063018 -2.12443384 -4.36594753 -4.5645682 5.29515001 -1.3775649 -6.4461373 -11.39609966 9.5008647 -25.49906861 -68.95148641 0.00001048 -23.50176403 0.00000358 -15.95261483 -4.50307038 3.01493531 -1.14212126 8.4938558 6.84547002 3.39235203 9.26206479 61.23025617 -0.00001362 15.18642813 0.00002033 -29.44011437 -9.28695538 -6.62536487 -13.76582802 13.46611973 9.65080234 15.2741817 2.5809395 3.91032663 1.40585246 0.27347026 -6.42349967 -0.00002505 -9.1e-7 -0.00000148 -2.7852863 0.80652057 1.00791027 14.23740753 -4.80226759 0.02951386 -7.51117455 2.66070446 2.38189979 -0.00542912 -6e-8 0.00000201
0.01170273 1.14721626 0.00272496 -3.88633261 4.32873261 -2.34468783 2.07816617 2.71565316 0.9190101 3.48678143 -1.21521616 3.13521629 3.50885259 -1.26990008 3.10916414 -2.3192612 -0.92116579 -2.14281356 -3.55797185 -4.90143622 6.06762601 -1.30251265 -6.31545944 -11.03867711 10.08896135 -26.48350909 -66.59264519 -0.00001179 -26.53545293 -0.00001354 -15.20888242 -3.94908158 2.81607558 -1.62052364 8.85913174 6.08215598 5.41390268 8.008297 58.35973352 0.00000563 22.98503021 0.0000021 -29.49670281 -10.29287086 -8.09942771 -14.43267845 13.37256173 9.58931891 16.36903492 2.85298281 3.9088224 0.94599576 0.30248838 -6.29322819 0.00000723 0.00000218 0.00000396 -3.64958013 0.83978865 0.79308615 15.50255783 -4.58200074 0.02703479 -7.95416311 2.63932896 2.56472952 -0.00544665 6.4e-7 0.00000181
0.01556742 1.1452813 -0.00105221 -3.64876626 3.97364707 -2.49813719 2.99745181 2.06829827 1.26176303 3.46323955 -1.2520802 3.04919705 3.48373451 -1.30393936 3.02434684 -2.3420827 -0.95269506 -2.0609344 -3.34864102 -5.23746315 6.7239007 -1.23286768 -6.14595311 -10.77754713 10.30800143 -26.72388683 -63.5739086 0.00001265 -30.04167024 0.00001688 -14.66391406 -3.11241433 2.54992723 -2.22314247 9.26607615 5.31327501 7.6100133 12.26945513 51.39349404 -0.00002101 32.27755978 0.00000841 -30.83399224 -11.34459678 -11.7442354 -15.52561519 13.19012689 9.66367303 17.71980197 3.28670884 3.90285978 0.42150616 0.33457712 -6.09750648 -0.00011615 0.00000379 8.5e-7 -4.73223847 0.85202621 0.66701964 16.57775651 -4.21102098 0.02363153 -8.19090531 2.61870268 2.78719389 -0.0054327 0.00000117 0.00000143
0.02005315 1.14301003 -0.00633596 -3.01243395 3.18473181 -2.3841624 3.62898811 1.67089005 1.66753736 3.40392506 -1.24508228 2.97672094 3.42299121 -1.29475048 2.95323525 -2.13880785 -1.03776241 -1.8553994 -3.72777264 -5.64248772 7.11914704 -1.18344973 -6.49811536 -10.6479047 10.29632636 -26.23525096 -60.330375 0.00000369 -32.98898693 -1.6e-7 -14.54708861 -2.27588493 2.31256402 -2.94009259 9.71250274 4.54145951 6.0180918 13.22946128 42.03076183 0.00001741 45.24265953 -0.00000652 -28.48167989 -18.53108191 -14.04235351 -16.80504559 13.06446849 9.36170314 18.7577506 4.19782293 3.90465089 0.08998845 0.35590233 -5.89004356 -0.00000754 -0.00000233 -0.00000212 -6.67602107 0.94836142 0.17977587 18.18190443 -3.45680052 0.01628368 -8.50939929 2.59450505 3.02608056 -0.00544641 0.00000132 -1e-8
0.02452135 1.14024361 -0.01218522 -2.2811851 2.04354639 -1.91317727 4.22131872 1.55404866 1.97132069 3.34779355 -1.19094816 2.89643924 3.3655823 -1.23829446 2.8741517 -1.95537088 -1.19263329 -1.47103047 -4.55279418 -6.14613787 7.36833216 -1.1549432 -7.34588891 -10.54817785 10.09429983 -25.4239911 -57.03335432 0.00000126 -35.40788998 0.00000669 -14.88206359 -1.3220327 2.09287295 -3.76169733 10.19594136 3.76950996 -1.07731712 13.94625596 32.10618746 0.00001005 55.1160755 -0.00002156 -25.47929045 -27.36781127 -13.29660172 -17.97439011 13.05730029 8.7030235 19.58507637 5.47175047 3.91369363 -0.14737387 0.37199094 -5.72243241 0.00003183 -8.8e-7 -0.00000361 -9.10004907 1.18675937 -0.65635568 20.32031583 -2.40245724 0.00634843 -8.99406474 2.56643172 3.24002527 -0.00542879 1e-7 7e-7
0.02823291 1.13713928 -0.01707581 -1.72931507 0.67982148 -1.16410969 5.05079417 1.29289476 2.11352699 3.33187423 -1.16193385 2.77888182 3.34831169 -1.2071837 2.75787356 -2.07931638 -1.39482724 -0.76204087 -6.24998464 -6.52916844 7.76095631 -1.11808296 -7.79018568 -10.38222205 9.55911788 -24.59738938 -53.68210428 0.00001855 -37.62921575 0.00001742 -15.3143379 -0.17579586 1.6336309 -4.6786607 10.71360435 3.00168179 -11.35153376 16.09649096 23.11557304 -0.00001925 59.93520332 0.0000199 -22.94469947 -33.91593034 -10.31786014 -18.77386803 13.17162817 7.86396843 20.31731455 6.94633223 3.92800125 -0.41548859 0.38947136 -5.66574074 -0.00001689 -0.00000248 5.8e-7 -11.44226009 1.56839229 -1.67086699 22.68801874 -1.15663041 -0.00402112 -9.62058481 2.53931292 3.36689316 -0.00544263 6.7e-7 9.5e-7
0.03036198 1.13383049 -0.02066063 -1.48867086 -0.75961764 -0.25756655 5.97973199 0.59828779 2.35661298 3.33761151 -1.2052514 2.66665423 3.35252848 -1.24856261 2.64715403 -3.03623666 -1.62501041 0.1572464 -8.17669934 -6.52235797 7.51383108 -1.04569905 -7.67121547 -10.18662515 8.69904053 -23.88808011 -50.70383965 0.00001992 -39.24401449 -0.00000658 -15.32627696 0.79599207 0.72396557 -5.68173144 11.26247648 2.24151287 -21.19910419 18.6571345 16.08773182 -0.00002001 62.14036789 0.00001438 -22.01248343 -37.49008714 -8.50740738 -19.12979636 13.36791252 7.00611013 21.01202177 8.45446145 3.94541071 -0.73011617 0.40943221 -5.7595005 -0.00001083 0.00000603 -0.00000211 -13.41532976 2.04501797 -2.69227117 25.10347985 0.15150366 -0.01392883 -10.34784131 2.51964751 3.35588003 -0.00543278 0.00000172 0.00000208
0.03067232 1.13028061 -0.02350934 -1.69138694 -2.11931338 0.71237365 6.37767207 0.12885165 2.97850292 3.25577493 -1.21031973 2.60719554 3.26922396 -1.25150486 2.58907785 -3.91160535 -1.72891156 0.31002774 -9.04666669 -6.76880156 6.88884568 -0.98306684 -7.79053902 -10.03296074 8.36098642 -23.73508473 -48.22959594 0.00002457 -40.34767379 0.00001628 -14.7566507 1.81324509 -0.41958579 -6.7612661 11.83955384 1.48965474 -30.21022183 20.64887194 10.60063166 -0.00003064 62.86075033 0.00001662 -19.98238645 -38.80661864 -6.60236916 -19.01038591 13.61804642 6.20195411 21.73785924 9.82101734 3.96324755 -1.07402772 0.43179795 -5.98033302 -0.00002145 0.00000284 -0.00000102 -14.86365547 2.57002785 -3.64097232 27.54664024 1.37177331 -0.02307573 -11.1626057 2.50981581 3.21249741 -0.00544263 0.00000127 0.00000102
0.02674655 1.12659882 -0.02524674 -2.68261238 -3.34729213 1.55680529 6.55359638 -0.03431257 3.51763908 3.12501605 -1.16562248 2.53754733 3.13716955 -1.20447108 2.52070036 -4.21018367 -1.87327441 0.33601065 -8.9938846 -7.33280776 5.92347216 -0.94356175 -8.27916015 -9.91123197 8.65019596 -23.67219241 -46.09926895 0.00001057 -41.45028291 0.00000699 -13.66333555 3.76917653 -1.46051169 -7.90833525 12.44146866 0.74964465 -38.04001145 21.35717351 7.3936476 -0.00001286 63.21760072 0.00000689 -8.79416576 -31.79003755 -2.09577805 -18.1167246 13.87183847 5.71686348 22.54200866 9.98597698 3.98392867 -1.38844009 1.38711161 -6.42393796 -0.00003661 -7e-8 -0.00000127 -15.34294299 2.9853233 -4.25248643 29.94617666 2.45759803 -0.03105546 -12.08230467 2.5287951 2.78268229 -0.00544264 0.00000117 0.00000104
0.01820161 1.12308723 -0.02488779 -4.43132698 -4.04227969 2.16207972 6.68817822 -0.30484698 3.97437875 2.98620276 -1.14054325 2.44865259 2.99698671 -1.17716028 2.43315305 -4.00239967 -2.06386411 0.47167649 -8.48110602 -7.984623 4.80127823 -0.91714119 -9.04341651 -9.81171805 9.67715948 -23.71175597 -44.3862315 0.00001373 -42.85194231 0.00001306 -11.72999892 6.67863551 -2.38936187 -9.11394634 13.06473733 0.02387736 -42.8016781 21.82958095 5.42797748 -0.00000433 64.57950362 -0.00000574 -1.81480204 -24.68852969 -1.64947796 -16.46200554 14.08858891 5.65731647 23.31949158 9.98934895 3.99666861 -1.72309149 1.80810354 -7.09119469 -0.00002162 0.00000139 -0.00000294 -14.648832 3.18553977 -4.44522945 32.1181993 2.99427926 -0.03463916 -13.14549195 2.57596338 2.13790429 -0.00543668 0.00000119 0.00000216
0.00693201 1.11989037 -0.02417684 -6.53933344 -4.4756739 2.62894387 6.71354057 -0.61166056 4.45515436 2.82664102 -1.12280961 2.35480836 2.83597538 -1.1572695 2.34070896 -3.50059269 -2.17959876 0.51727781 -7.84818449 -8.44482485 3.73607762 -0.88476309 -9.65159695 -9.74575852 10.94804519 -23.96939581 -43.18847563 0.0000141 -44.42973714 0.00001615 -9.10159053 9.85191289 -3.64909156 -10.36918663 13.70579976 -0.68578045 -44.57955072 21.91634425 4.9924613 -0.00003521 66.32485988 0.00001034 2.76562932 -19.21044567 -4.53121382 -14.3661842 14.28219725 5.81999835 23.84217336 9.99342829 4.00394776 -1.91525804 1.84923929 -7.85912813 -0.00001959 0.00000553 -0.00000429 -13.3297834 3.23795245 -4.39982659 33.99227934 3.23275553 -0.03567493 -14.15290772 2.6511067 1.36970081 -0.00543871 4e-8 4.9e-7
-0.00592656 1.1174263 -0.02414497 -8.76952349 -5.01809777 2.97873643 6.69236494 -0.86637014 5.01288423 2.65519564 -1.09711999 2.27108694 2.66314164 -1.12928386 2.25839271 -2.87641273 -2.17027574 0.39226779 -7.20466149 -8.54862137 2.7356889 -0.83371883 -9.7578218 -9.70743755 11.88167258 -24.33864139 -42.62213098 0.00001383 -46.01226003 0.00000487 -6.60409378 12.56319915 -5.39961223 -11.66527706 14.36102655 -1.37744607 -44.08164314 21.43014008 5.22591673 0.00002306 68.80707138 -0.00004131 6.16484073 -15.35610573 -7.79980286 -11.92091639 14.47601859 6.09509949 23.86307357 9.99366311 4.01512322 -1.81633473 1.89776171 -8.68427001 -0.00005091 -0.000005 -0.00000502 -11.69784994 3.17979667 -4.20216979 35.42409604 3.54612362 -0.03697716 -14.89933045 2.75875312 0.46821419 -0.00544038 8.8e-7 1.9e-7
-0.01945272 1.11610054 -0.02468598 -11.01120693 -5.80950581 3.24537419 6.69911626 -1.113591 5.59980617 2.48967049 -1.07110698 2.19236662 2.49629952 -1.10087942 2.18106209 -2.26462202 -2.038604 0.0520843 -6.4387534 -8.35792891 1.9000467 -0.76384967 -9.41060328 -9.66332162 12.48119697 -24.76372353 -42.61839113 0.00001033 -47.47843785 0.0000137 -4.93422928 14.6946013 -7.13162695 -12.99354418 15.02672695 -2.04962408 -41.78117783 20.09548417 5.52652537 -0.00006768 72.4594965 0.00006145 8.60993045 -13.32671303 -8.71980149 -9.78945379 14.93757295 7.37114152 24.50879021 9.94803729 2.85821187 -1.05117986 2.31913836 -9.15295824 -1.19317935 -0.00000253 -0.00000167 -9.84148142 3.06607446 -3.96555938 36.33725459 4.07312676 -0.03980297 -15.32612171 2.89101397 -0.53756956 -0.00544259 3.8e-7 4.9e-7
-0.0327418 1.11497749 -0.02485746 -13.06142491 -6.78555899 3.4525305 6.65118819 -1.41939066 6.19747006 2.32775309 -1.05099295 2.11605125 2.33332081 -1.07812379 2.10605207 -1.80394311 -1.81649071 -0.51526688 -5.52663493 -8.06925775 1.37066341 -0.683013 -8.82619107 -9.58983848 12.97584479 -25.17672927 -42.95676879 0.00001975 -48.77709697 0.00000691 -3.92025315 16.36686653 -8.40779826 -14.34532794 15.69919576 -2.70124535 -36.86843082 18.45121192 5.37221751 0.00000468 75.15480856 -0.00000599 9.92802407 -12.79489843 -8.16987495 -9.26221696 15.81909043 10.95175918 27.8185442 9.7219078 -0.9135021 0.81523798 3.18134139 -8.72584293 -4.7769539 -1e-7 0.00000116 -8.09029797 2.95798281 -3.7532357 37.08304515 4.75666881 -0.04425765 -15.65275777 3.03421407 -1.5800734 -0.00544253 0.00000236 5.3e-7
-0.04583076 1.11394981 -0.02403582 -14.74622847 -7.79181636 3.67552124 6.43114485 -1.79057271 6.72016912 2.1579568 -1.0361684 2.04168698 2.16278393 -1.06044348 2.03282068 -1.54381174 -1.54226003 -1.27258046 -4.74973949 -7.82154479 1.06502462 -0.60223049 -8.22297724 -9.50009008 13.48969651 -25.38759312 -43.49756458 0.00001642 -49.88035981 0.00001272 -2.97504187 17.34190767 -9.38048608 -15.7120953 16.37476267 -3.33133656 -30.34104912 14.1567483 3.58784526 -0.00002511 76.52351363 0.00001235 8.79851838 -12.32535007 -7.3611307 -8.93720442 16.80777358 14.8064316 30.91507447 9.32660974 -4.94738163 3.3938663 4.037716 -8.13128208 -9.05543533 0.0000116 0.00000855 -6.60653497 2.87714149 -3.59610577 37.74198608 5.44439437 -0.04879164 -15.96845473 3.18202711 -2.61466231 -0.00543231 0 0.00000162
-0.05798754 1.1130249 -0.02187422 -16.04726272 -8.65702097 3.88887964 6.04282916 -2.21203875 7.22090842 1.97412917 -1.02360619 1.97674129 1.97858547 -1.04476947 1.96885803 -1.35316503 -1.2496147 -2.08414776 -4.4805021 -7.5514564 0.75530789 -0.53161826 -7.82660378 -9.4209574 14.11637432 -25.16410034 -44.18924414 0.00000645 -50.68914457 -0.00000584 -2.03332297 17.35431339 -10.55211597 -17.08528118 17.04981664 -3.93948474 -24.60835291 8.28509405 0.828853 -0.0000507 76.44297971 0.00004162 6.77267302 -11.96944868 -7.46910972 -8.55641832 17.37308652 17.19477725 33.08447063 8.98417949 -6.87429711 6.07893025 4.83652995 -8.59002168 -13.20144011 0.00000586 0.00001287 -5.35766255 2.80707106 -3.46209316 38.27943132 5.99705728 -0.05217236 -16.30653756 3.3228829 -3.55368086 -0.00543843 -5.9e-7 -0.00000258
-0.06729172 1.11028748 -0.01751112 -16.97229121 -9.27100278 3.83646643 5.5844217 -2.69146214 8.11081637 1.78583313 -1.00708622 1.9693656 1.7909083 -1.02432376 1.96226367 -1.07641368 -0.98669655 -2.7588323 -4.71456766 -7.21055393 0.43584198 -0.47411157 -7.72315659 -9.34872849 14.93130745 -24.5572156 -44.88283289 0.00001933 -51.12469786 0.00001491 -1.52695635 16.80396853 -12.33737159 -18.45643116 17.72078632 -4.52526969 -23.33276334 2.2860773 -2.4211146 -0.0000249 74.17379119 0.00002836 5.17205023 -11.14745363 -7.84929222 -9.15056719 16.94859348 18.5450894 35.14981092 8.75277003 -6.55245314 9.4863488 5.40464061 -11.37838912 -15.67947564 0.00001563 0.00001647 -4.55237712 2.69721615 -3.15400295 39.15206514 6.39878146 -0.05443422 -16.94400889 3.45426211 -4.31612074 -0.00543883 0.00000305 0.00000177
-0.07672006 1.11296791 -0.0143352 -17.67777789 -9.98645957 4.39010061 5.13604463 -3.15705657 8.24190884 1.61583549 -1.01140493 1.86593094 1.62039553 -1.02647509 1.85967928 -0.71032498 -0.79888376 -3.1942294 -5.02284585 -6.93478762 0.33971345 -0.42685801 -7.80346575 -9.26366446 15.94382753 -23.85935769 -45.2887934 0.00001529 -51.25208611 -2.2e-7 -1.38550253 16.51812124 -14.62808765 -19.81703027 18.38420504 -5.08874059 -27.3122102 -3.67419774 -6.62799732 0.00000125 70.86309918 -0.00000615 4.08418892 -10.42350577 -7.91956658 -8.95864845 16.30756958 18.26158702 34.24061601 8.43066733 -5.87455604 14.56689846 5.45166969 -12.93116137 -16.18582096 -0.00943852 0.07059168 -3.28537355 2.75236869 -3.49411262 38.66381405 6.78673997 -0.05803994 -16.87301533 3.5444841 -4.9466773 -0.00544404 0.00000268 3.1e-7
-0.08522025 1.11741303 -0.0117443 -18.00276505 -11.1034252 5.1500893 4.73643153 -3.46599985 8.11154994 1.46591342 -0.9997941 1.72976592 1.46963808 -1.01331626 1.72421747 -0.38320111 -0.67346959 -3.44271896 -5.00926629 -6.79483998 0.54229657 -0.38997573 -8.00155565 -9.18850288 17.38152762 -23.43618241 -45.00991405 0.00000204 -51.29906406 -0.00001632 -0.59249042 16.7261 -16.51177106 -21.1586992 19.03668993 -5.63001237 -35.31027889 -6.90161325 -11.8047441 -0.00004581 66.87996902 0.00002119 3.04498942 -9.80327386 -8.18157568 -9.38540355 15.60404945 18.3327461 35.25986159 8.35578001 -5.61429213 14.52536492 5.46398466 -16.90869632 -7.31507883 -0.17811871 2.69281354 -2.28436668 2.89399756 -4.18350842 37.79572558 7.57277917 -0.06587105 -16.50010996 3.61920811 -5.57477014 -0.00544266 5.9e-7 5.4e-7
-0.09253043 1.12182007 -0.00978552 -18.07058998 -12.71748411 5.98585204 4.4893561 -3.39831757 7.85045555 1.32811518 -0.93199512 1.57340042 1.33097748 -0.94407129 1.56856153 -0.25199428 -0.55713974 -3.71428579 -4.72479819 -6.7779101 0.85380012 -0.36411595 -8.32559085 -9.19006647 19.19485832 -23.351103 -44.00756548 0.00002585 -51.4139658 0.00001395 1.7679 16.91369922 -17.05783801 -22.47291927 19.6750455 -6.14965191 -43.15450183 -5.31006958 -16.7382659 -0.00003791 61.03476577 0.00002818 1.96176944 -8.71171472 -9.21459409 -9.87313439 15.56677639 18.35186874 36.93530341 8.20921868 -6.07379426 11.3456669 6.10412274 -17.93731666 -3.28255486 0.00000518 -0.00000328 -1.71681345 3.11161912 -5.1314617 37.0782137 8.87249888 -0.07900447 -16.05443997 3.69270281 -6.24979058 -0.00543864 7.4e-7 1.1e-7
-0.09902285 1.12498642 -0.00834259 -18.14649431 -14.37134161 6.83333156 4.49185415 -3.17112472 7.56184926 1.20359119 -0.84055535 1.41575704 1.20585761 -0.85092686 1.41183664 -0.2521058 -0.40232669 -4.18441444 -4.55000018 -6.81299766 1.10765629 -0.33663875 -8.5306897 -9.29757494 20.78238245 -23.38938976 -42.58549146 0.00002525 -51.57863364 0.00002831 5.28422945 16.98091175 -16.60139499 -23.75121964 20.29608044 -6.64821314 -51.0991723 -3.42495916 -19.72556273 -0.00001943 59.63032508 0.00001485 1.059624 -7.24986665 -11.42597656 -10.3787591 15.81837039 18.69768981 38.72394048 8.00744248 -6.8562512 8.87721249 6.64144059 -18.64634516 -2.7529988 0.00002075 0.00000307 -1.38508596 3.36426683 -6.15190619 36.77698947 10.03574678 -0.09151336 -15.76897816 3.93614511 -6.844546 -0.00543872 4e-7 0.00000114
-0.10555344 1.12760391 -0.00745055 -18.26468819 -15.776869 7.78081406 4.61734592 -3.02315549 7.12839503 1.09508578 -0.76613545 1.24546851 1.09682806 -0.77491563 1.24252702 -0.26620311 -0.21796747 -4.83162127 -4.44692372 -6.9099766 1.31549375 -0.30092212 -8.4226807 -9.46801457 21.77618673 -23.5159604 -40.88365215 0.00001458 -51.7809459 0.00000849 8.48759761 17.42474732 -16.81630734 -24.98511652 20.89682434 -7.12661068 -58.778012 -1.96653845 -19.66600269 -0.00002693 62.98506568 0.0000161 0.47811719 -4.97171251 -14.24561935 -10.88263012 15.90992123 18.54263523 40.07228864 7.83868084 -6.96029958 6.73811055 7.25049041 -19.35746718 -1.56417426 -0.00001169 -0.00000351 -1.07774603 3.63570999 -7.23520897 36.63651293 10.03248007 -0.09305337 -15.60167348 5.03436567 -7.10346552 -0.00543207 -2.1e-7 -8.5e-7
-0.11244045 1.13002876 -0.00648176 -18.4134608 -16.91015957 8.78705913 4.74543062 -2.98103445 6.4670066 1.00298354 -0.71320875 1.05042144 1.00411706 -0.7207931 1.04835971 -0.29796964 -0.0411391 -5.50952311 -4.08018693 -7.09159325 1.49224974 -0.25507635 -8.03152958 -9.6476158 21.94827078 -23.70648065 -39.01683584 0.00002439 -52.07505472 0.00001701 10.34024309 18.40607783 -19.0739834 -26.16610938 21.47432791 -7.58576827 -64.78717654 -0.24878397 -16.9188819 0.00001223 66.86348502 -0.00000227 -0.05954474 -1.60655119 -16.11540072 -11.92582336 15.31224351 18.54535983 41.52942965 7.56574429 -7.18878673 5.28022389 8.25546576 -20.35535124 -0.22281945 -0.00002728 -0.00000658 -0.68282197 3.87792215 -8.28940818 36.5093748 10.02268039 -0.09457051 -15.50221727 5.8548757 -7.38752107 -0.005425 0.00000143 0.00000269
-0.11965666 1.13233055 -0.00522393 -18.69850787 -17.81455527 9.6209845 4.8675592 -2.99749916 5.6350745 0.92472406 -0.67332521 0.83450602 0.92518194 -0.68011236 0.83327714 -0.30740685 0.07620185 -6.01147561 -3.34730654 -7.31956216 1.58345049 -0.20534008 -7.54876084 -9.82517951 21.65319523 -24.02425105 -37.09572152 0.00003655 -52.45513195 0.00002432 11.15315452 19.60265521 -22.75717436 -27.28565903 22.02578426 -8.02683332 -68.15683335 1.60134462 -13.30567264 -0.00003214 69.15766217 0.00002807 -1.41191892 2.41275236 -15.73282159 -13.2184829 14.36806471 18.85175995 42.87707359 7.19592175 -7.4747934 4.99758308 9.28331826 -21.09086317 0.18198957 -0.00000539 0.00000474 -0.0380869 4.01634406 -9.13592095 36.24831313 10.00595881 -0.09581095 -15.40129944 6.47831306 -7.69877373 -0.00544672 -2.8e-7 0.0000021
-0.12656233 1.13379486 -0.00330193 -19.17091399 -18.53772397 10.00188141 4.98402864 -3.01808139 4.88337218 0.85696955 -0.63336934 0.63362324 0.85700131 -0.63935511 0.63308331 -0.28756444 0.12097859 -6.25571389 -2.29725639 -7.63854424 1.68173827 -0.16004807 -7.23782447 -9.99093251 21.344732 -24.46875243 -35.33257535 0.00001797 -52.8989541 0.00001215 11.84896035 20.43125429 -25.9185648 -28.33520273 22.54841907 -8.45101431 -68.74294225 3.17198633 -10.53240729 -0.00001119 69.83437233 0.00002202 -4.17218924 6.19003031 -13.39727041 -14.37694626 13.30481026 19.55860174 43.68682392 6.73535245 -7.80954078 5.04845726 10.26469114 -21.58269063 0.38642827 -0.00000423 -0.00000894 0.81796462 4.01186738 -9.55538206 35.95911127 9.9863084 -0.09608836 -15.34680849 7.00110498 -8.03137563 -0.00543257 0.00000238 0.00000129
-0.13289678 1.13477989 -0.00093551 -19.70138698 -19.17672423 10.04075316 5.05344923 -3.05031501 4.13377911 0.79640461 -0.59691532 0.442087 0.79613617 -0.60217798 0.44211076 -0.03780613 0.12507641 -6.23263743 -1.62348644 -7.67625632 1.6961484 -0.12874232 -7.12978216 -10.10217688 21.2147031 -24.87989582 -33.92082548 0.00003413 -53.41102637 0.00002676 12.64223788 20.508954 -27.26090204 -29.30609663 23.03949482 -8.85968645 -66.79185383 4.19073321 -9.55666263 0.00005158 69.20360659 -0.00004774 -7.85884962 9.28966897 -10.8732783 -15.29191175 12.19408391 20.44972106 43.86269088 6.16368457 -8.1328061 5.68388026 11.32036908 -22.12445601 0.4398926 -0.00001236 -0.00000981 1.74309533 3.91977443 -9.66985741 35.61511111 9.96545017 -0.0955183 -15.29025886 7.51108481 -8.35339614 -0.0054464 0.000002 -6.5e-7
-0.13836506 1.13548012 0.00158419 -20.12186099 -19.82521916 9.884893 5.0763246 -3.08719434 3.55125998 0.74298109 -0.56670522 0.28508652 0.74243963 -0.57128953 0.28557001 0.37801413 0.12430089 -6.02319776 -1.34384407 -7.38450701 1.56872912 -0.10777987 -7.04328514 -10.13346634 21.00324857 -25.09256084 -33.19138021 0.00003832 -53.81683442 0.00002316 12.7118971 19.84211547 -27.03421524 -30.1897931 23.49627176 -9.25418684 -63.52374354 3.87116833 -10.13958114 2.5e-7 68.11288499 0.00000819 -11.28493632 12.01596594 -9.65633861 -16.0064289 11.08233271 21.18211317 43.55065304 3.76817743 -8.46363489 6.61633834 14.43926812 -22.91141309 0.46969943 0.00001065 0.00000291 2.52090467 3.80483799 -9.62369207 35.26275123 9.94561221 -0.09470543 -15.21219323 8.09739274 -8.63451565 -0.00544266 0.00000324 0.00000127
-0.14254238 1.13656784 0.00423966 -20.36279349 -20.51550964 9.6652238 5.04813711 -2.9882114 3.41913189 0.69033942 -0.52118941 0.204816 0.68957547 -0.52500955 0.20560628 0.69271887 0.21137767 -6.13497845 -0.99908319 -7.10982844 1.50858768 -0.07011864 -6.88830741 -10.11353338 20.5955726 -25.3093655 -33.10510378 0.0000232 -53.8362217 0.00000841 11.15387972 18.62581775 -26.32718081 -30.97761108 23.91594812 -9.63597108 -60.28932003 3.08238063 -10.65265351 -0.00005419 67.7534297 0.0000479 -13.70009017 14.60082903 -9.60402265 -16.36468939 10.0409241 21.57758159 42.77896261 1.16225555 -8.78801856 7.82926691 17.94798233 -23.77797269 0.45456622 -0.00000513 -0.00000283 3.15128437 3.69440019 -9.57276921 34.7729978 9.92716485 -0.09397766 -15.05177289 8.77936557 -8.82057681 -0.00544273 -0.00000137 0.00000159
-0.14545035 1.13796265 0.00717079 -20.36446573 -21.32262285 9.59977693 4.93790668 -2.73469401 3.60095603 0.63468046 -0.45592747 0.18426393 0.63378992 -0.4589383 0.18519106 0.73479008 0.39275988 -6.48820981 -0.44040274 -6.68985366 1.19358808 -0.04767917 -6.82941456 -10.09440619 20.39273419 -25.38336576 -33.2617527 0.00001669 -53.56864913 0.00001195 8.25458377 17.10759107 -25.99543854 -31.72193389 24.29822239 -10.01146633 -57.89389616 2.15529924 -10.78253211 -0.00000883 68.14460075 0.00000971 -15.23122478 16.60547269 -9.68905175 -16.2042664 9.1450777 21.42013204 41.4686555 -1.16206298 -9.08105537 9.2040643 21.31636415 -24.66633867 0.37458969 -0.00000685 -0.00000132 3.51698429 3.66228652 -9.73394631 34.31877227 9.91690185 -0.09309168 -14.89933552 9.57434125 -8.90693222 -0.00543663 -0.00000208 5.2e-7
-0.14715552 1.13950623 0.01039973 -20.0670808 -22.17157431 9.70115058 4.68062757 -2.37777922 3.95605409 0.57573974 -0.37910231 0.19891855 0.57482593 -0.38132836 0.19978153 0.70222795 0.58138355 -6.7517458 -0.31396549 -6.02544355 0.60126592 -0.03409973 -6.80225105 -10.11764144 20.35246207 -25.44281912 -33.38279041 0.00000693 -53.20116292 -3.8e-7 5.61276316 15.4460228 -25.93660357 -32.4773911 24.64398795 -10.38259626 -56.45368488 1.32042775 -10.85770269 -0.00000652 68.64153466 -0.0000049 -16.53296132 17.82835969 -9.36525427 -15.85685232 8.36875544 20.8897018 39.95785637 -3.0275111 -9.34024614 10.54601345 24.31884522 -25.59008549 0.21888589 0.00000129 -0.00000223 3.54590275 3.69858188 -10.05690782 33.93452591 9.91647071 -0.09222904 -14.7769499 10.41980624 -8.90462797 -0.00543892 0.0000024 0.0000021
-0.14739868 1.1409948 0.01391405 -19.81232435 -22.8535792 9.7543207 4.45209718 -2.16342207 4.5195552 0.52783723 -0.33291242 0.24550245 0.52682526 -0.33459361 0.24636542 0.71138284 0.72694447 -6.96671371 -0.09228945 -5.53193842 0.13955628 -0.02053172 -6.71581596 -10.19353187 20.73950608 -25.89671092 -33.16248849 0.00001975 -52.9236017 0.00000413 4.94001946 13.58697656 -25.2841203 -33.23874147 24.95214255 -10.74391917 -55.61382105 0.6266569 -10.85229738 -0.00003793 69.09142272 0.00004178 -18.00848113 18.58102217 -8.87538463 -15.43460333 7.82027041 20.1980424 38.66662094 -4.25913156 -9.55376746 11.90327327 26.58709059 -26.35874234 0.22771617 -0.00000114 0.00000287 3.62471988 3.73203207 -10.36778101 33.546541 9.92410002 -0.09170638 -14.70217889 11.10655284 -8.81661696 -0.00543561 -0.00000313 0.00000122
-0.14641966 1.14206573 0.01751055 -19.63249371 -23.46079414 9.95898932 4.25999617 -2.11082709 5.01989705 0.49017739 -0.31735687 0.29939899 0.48909316 -0.31858953 0.30031352 0.81045908 0.86426585 -7.1974212 0.07340352 -5.08712171 -0.18734369 -0.00706086 -6.57877599 -10.26489105 21.65499938 -26.77196338 -32.32816922 0.00003597 -52.8983983 0.00002095 6.55297281 11.58217522 -23.52169642 -34.00084218 25.22151674 -11.08996106 -54.91957851 -0.16487529 -11.66591242 -0.00002718 68.21187934 0.00003516 -19.33263086 18.90851661 -8.55845916 -14.4760022 7.61175766 19.15456073 37.44473834 -4.78105406 -9.6969005 13.1874675 28.03014962 -27.24424364 0.46255587 0.00000108 -0.00000449 3.66397147 3.85019529 -10.88272218 33.42982218 9.94593026 -0.09117325 -14.79547103 11.64611192 -8.66494336 -0.00543827 -0.00000137 -0.00000371
-0.14471202 1.1424649 0.02095711 -19.54841144 -23.93747464 10.11585383 4.17098075 -2.27503757 5.34189227 0.47918194 -0.34121638 0.33571874 0.47794921 -0.34229855 0.33670542 1.01145129 0.90245856 -7.00933474 -0.07579271 -4.49030237 -0.54859899 0.0003725 -6.53396222 -10.22656709 22.66761951 -27.22660399 -31.11714367 0.00000736 -52.69826787 0.00000614 8.94143148 9.83561763 -21.08547192 -34.7585782 25.45071672 -11.41490203 -53.13598049 -0.1282733 -13.43677808 0.00001203 65.00523182 -0.00001315 -19.68891316 18.31929986 -8.51837271 -13.17756849 7.7919366 18.17935924 36.54394714 -4.54713119 -9.74628498 14.41693085 28.36920607 -28.13049624 0.56584006 0.00001265 0.00000264 3.6852002 3.99464067 -11.35548512 33.524455 9.97461448 -0.09073596 -15.00456301 12.03413367 -8.49853599 -0.00544415 0.00000442 0.00000111
-0.1423144 1.14237518 0.02386192 -19.40596184 -24.17555577 10.11401235 4.12998069 -2.48603003 5.62599167 0.47636652 -0.3753419 0.36620811 0.4748511 -0.37648275 0.36721094 1.15392478 0.82789838 -6.37439513 -0.21419835 -3.82834082 -1.15349494 -0.00658445 -6.70572576 -10.00937504 23.50031133 -27.25986491 -29.82838948 0.00002232 -52.26241995 0.00001414 10.3948224 8.71490189 -19.01677711 -35.48889829 25.65304462 -11.75410669 -51.11182826 -0.30264051 -15.65824202 -0.00003984 61.35765893 0.00004754 -18.08714504 16.64757993 -9.12329101 -11.90530475 8.21549838 17.47348988 35.76260842 -3.97662548 -9.74598827 15.62521322 27.99877809 -28.57818969 0.55331941 -0.0000014 -0.00000967 3.57997741 4.10440588 -11.57622812 33.65726541 10.00209611 -0.0902566 -15.21032418 12.24284999 -8.32503774 -0.00543867 0.00000339 -2.9e-7
-0.13872079 1.14170662 0.02605304 -19.03650824 -24.22782085 9.97154009 4.0019326 -2.77430591 6.05175333 0.47512228 -0.42353771 0.4129214 0.47345311 -0.42477907 0.41387189 1.22053612 0.79009637 -5.73251765 -0.08664263 -3.02013502 -1.80007649 -0.00144994 -6.81341515 -9.64735403 23.89412932 -27.17023857 -28.74402168 0.00000946 -51.67476835 -0.00000893 10.54163527 8.22653077 -17.98324989 -36.17107866 25.84243183 -12.14226136 -48.04697159 -0.90794709 -17.99865233 -0.00001993 57.2928191 0.00002058 -14.54424998 14.72427967 -10.79429243 -10.8858057 8.60403366 16.99777205 34.85506578 -3.45806911 -9.74703302 16.82997896 27.60366384 -28.61860379 0.49504388 -0.00001051 0.00000289 3.11633558 4.20017651 -11.54268711 33.884722 10.03042334 -0.08932672 -15.40181447 12.35758134 -8.11896946 -0.0054463 -0.00000116 -0.00000107
-0.13375136 1.14040589 0.02790159 -18.60732163 -24.21265314 9.69385248 3.88687934 -3.1050395 6.65101789 0.47479689 -0.48111995 0.48984744 0.47273106 -0.4824475 0.49079117 1.24693692 0.81202953 -5.38439187 0.31268181 -2.42922846 -2.0679312 0.02104582 -6.61235856 -9.2608136 23.74664926 -27.19836903 -27.95247523 0.00002081 -51.02484006 0.00001407 9.82939788 8.06966589 -17.76075941 -36.80381032 26.01815455 -12.57223844 -43.94463172 -1.34508333 -20.04993281 -0.00000261 52.10205582 0.00000392 -10.10620719 13.27435099 -13.66860593 -9.93278434 8.92198441 16.60718266 33.86795292 -2.95426644 -9.7530361 17.81939087 27.3160335 -28.33002804 0.47359875 0.00000225 0.00000524 2.44850777 4.30529951 -11.38185469 34.27147538 10.06153363 -0.08824728 -15.63807379 12.45126706 -7.86197704 -0.00544242 0.00000359 -4.9e-7
-0.12768931 1.13882042 0.02971045 -18.21568198 -24.2109856 9.37001169 3.83738635 -3.40625126 7.32314259 0.47555418 -0.53579265 0.58871307 0.47316508 -0.53712453 0.58965232 1.34015493 0.83383026 -5.29736045 0.73245405 -2.20757696 -2.15251632 0.04049381 -6.35795926 -8.97961937 23.52495733 -27.15361309 -27.29712641 0.00001219 -50.26628173 -0.00001099 8.46969467 7.60148491 -17.56388881 -37.38592737 26.17915032 -13.03684466 -39.8448511 -1.10534724 -21.40170766 -0.00000236 45.94720787 -0.0000053 -6.18744825 12.12961328 -17.0342999 -8.82130766 9.15111088 16.06209486 32.69851981 -2.40839892 -9.765395 18.59548597 27.16614226 -27.85750158 0.5757275 0.00001296 -0.00000349 1.74097703 4.43540281 -11.24585088 34.75554203 10.08580889 -0.08712862 -15.91955142 12.56436655 -7.54463586 -0.00543277 -7.5e-7 0.00000152
-0.12084473 1.13738083 0.03158493 -17.73214026 -24.24438684 9.15971813 3.7615903 -3.6476646 7.90989181 0.47735832 -0.58059749 0.68450898 0.47491091 -0.58192915 0.68542873 1.60348679 0.82081332 -5.24651284 0.89661281 -2.10470697 -2.35564432 0.04393253 -6.36214879 -8.86626856 23.827681 -26.79415992 -26.48660445 0.00001143 -49.36773695 0.00001046 6.65427368 6.41209033 -16.98218781 -37.91627754 26.32406785 -13.52886736 -36.28405413 -0.50319431 -21.99547974 0.00000249 39.85808747 -0.00000214 -3.91798328 10.85239049 -19.59312884 -7.58756113 9.24510875 15.20901085 31.03255648 -1.68809425 -9.7847687 19.55315334 27.06765617 -27.37901398 0.84911704 0.00001207 8.3e-7 0.93443055 4.61568698 -11.24518931 35.25147752 10.07763603 -0.0857498 -16.21123451 12.72297632 -7.15409968 -0.00543653 -3.4e-7 -1e-7
-0.11333771 1.13601783 0.03359755 -16.96943676 -24.35507578 9.13147277 3.63858828 -3.79637387 8.35977324 0.48121264 -0.60895031 0.75955225 0.4781272 -0.61033223 0.76033995 1.89700359 0.78895448 -5.04488523 0.88212431 -1.83156963 -2.72491321 0.02855111 -6.68093432 -8.87430624 24.66215141 -25.9877749 -25.52742636 0.00001936 -48.47436839 0.0000198 5.05072607 4.76340896 -16.28579538 -38.39373543 26.45135749 -14.04114495 -33.49573692 -0.27858134 -22.00283543 -0.00000805 35.51944143 0.00000681 -3.51998066 9.1884502 -20.64037409 -6.49217502 9.23323562 14.11973499 29.23746949 -0.84381441 -9.81666731 20.56989889 26.99915426 -27.0362978 1.25629089 0.00001103 -0.00000111 -0.17694182 4.87079573 -11.37939143 35.79394031 10.06828627 -0.08444901 -16.50858535 12.9530649 -6.70326282 -0.00544419 -0.0000012 4.1e-7
-0.10526667 1.13422211 0.03595025 -15.91269353 -24.60430556 9.16317337 3.55405143 -3.83670097 8.79427676 0.48894748 -0.61903815 0.82680586 0.48567209 -0.62064976 0.82740144 2.06130589 0.76483081 -4.65919732 1.0225497 -1.33191001 -3.11124612 -0.0016622 -7.25606083 -8.8907558 25.57466579 -24.66197336 -24.8100547 0.00001267 -47.622312 0.00000454 4.21924119 3.27360544 -15.73202438 -38.81716836 26.55924751 -14.56641388 -31.39534635 -0.87701233 -21.48337507 -0.00002147 33.98830245 0.00000681 -4.22994525 6.78653771 -20.41865029 -5.73200389 9.27113336 13.08554447 27.55915974 0.08343058 -9.86120328 21.59189852 26.89367961 -26.85414413 1.63922864 0.00000503 0.00000245 -1.67097057 5.18812367 -11.52099819 36.47094646 10.05839124 -0.08328033 -16.84208421 13.34388695 -6.21215419 -0.00543876 0.00000211 0.00000126
-0.09642046 1.13175766 0.03905668 -14.8092 -24.86034549 9.17388567 3.62292005 -3.89202262 9.23309957 0.51626976 -0.63347428 0.89244514 0.51275383 -0.63543214 0.89288305 2.1284058 0.74400809 -4.22319145 1.50628108 -0.86843084 -3.28126234 -0.03746346 -7.98749445 -8.82737876 26.31685979 -23.08772625 -24.52970353 0.00001647 -46.60584204 0.00001603 4.07998244 2.37317677 -15.24895662 -39.18539764 26.6459064 -15.09756692 -29.99124759 -2.53833383 -20.05949577 -0.00002868 36.4722463 0.00001723 -4.85433366 3.34334799 -19.41961004 -5.09382571 9.29647215 12.09310847 25.97238343 1.01016905 -9.92667388 22.40850242 26.81899304 -26.61190646 1.85362549 0.00000123 -0.00000422 -3.26618835 5.54694283 -11.65336478 37.30215361 10.04782222 -0.08242931 -17.29084823 13.73542033 -5.67561978 -0.00543885 -5e-7 0.00000264
-0.08657995 1.1284748 0.04338906 -13.82263144 -24.90705671 9.16559013 3.84041862 -4.06151899 9.59465867 0.55633542 -0.6689595 0.9490039 0.55243345 -0.67127974 0.94942603 2.15702829 0.7010912 -3.84457574 2.27585708 -0.68474796 -3.20252481 -0.05728967 -8.53105798 -8.66944188 26.99268079 -22.00096667 -24.18905148 0.00001407 -45.30413491 0.00000139 4.48174785 2.11411533 -14.92073985 -39.49719775 26.70930453 -15.62746625 -29.78300305 -3.98856779 -17.78700838 -0.00001953 41.84610707 0.00001357 -4.49067397 -0.62051605 -17.75861058 -4.4547617 9.14392229 11.04769166 24.34353412 1.88855127 -10.02649624 22.97613631 26.83368762 -26.07856417 -5.35618821 -0.28902582 2.61325316 -4.73516122 5.94494723 -11.80727865 38.30772192 10.03585309 -0.08192307 -17.94993207 13.8771561 -5.08525175 -0.00544668 -0.00000227 0.0000018
-0.07619231 1.1241887 0.04919976 -12.82244353 -24.65423786 9.11817668 4.01129497 -4.27254067 9.83630651 0.5834932 -0.71197203 0.98851745 0.57912494 -0.71458196 0.98895548 2.12733804 0.61945266 -3.50194472 3.17604264 -0.75783382 -3.11493451 -0.0335846 -8.23938991 -8.46258767 27.69140613 -22.08138826 -22.87523465 0.00001231 -43.97043518 0.0000101 5.79569974 2.20297046 -15.14329016 -39.75111873 26.74743306 -16.14916787 -30.6270857 -4.62988302 -15.19302621 -0.00000182 47.97106703 -0.00000457 -3.06236737 -3.77284368 -15.33721981 -4.03384409 8.95542152 10.01043542 23.43559062 2.50808247 -10.1121319 22.66967321 26.98057822 -25.43040364 -14.37251435 -0.3770191 2.6630521 -6.17279484 6.3486864 -11.881037 39.47563039 10.02233156 -0.08219698 -18.8281732 13.70853677 -4.47553943 -0.00544286 -0.00000125 0.00000228
-0.05939647 1.11625641 0.06819395 -10.2987931 -23.6806699 9.17386882 3.29629608 -4.24565339 9.7668836 0.50573701 -0.71497067 1.00130672 0.50080422 -0.71796158 1.00139383 2.15452656 0.47569024 -2.8311205 4.57003549 -0.5210896 -3.92711589 0.04061704 -6.79315789 -8.19905647 29.90628351 -22.63649007 -17.67332961 6.3e-7 -42.47238163 -0.00001793 10.1009806 1.05824899 -15.95299622 -40.04527869 26.74854553 -16.99622718 -34.05857811 -4.95207691 -11.41438375 -0.00001239 57.42868394 0.00001201 -0.15910266 -4.61797636 -10.2631086 -6.46461093 9.04577022 8.71315261 26.42939516 2.97380622 -11.10931777 13.43920141 29.04318087 -17.17380162 -14.707982 -0.00000738 0.0000214 -8.64693494 6.92680809 -11.8956682 41.17822858 9.99535263 -0.08438138 -20.80811293 12.9464958 -3.40456009 -0.00544626 0.00000448 -5e-8
-0.04216906 1.11055549 0.09301926 -7.38532435 -21.72698375 9.85382567 1.69645211 -4.00402074 8.52134594 0.34353466 -0.68070155 0.88764478 0.33833605 -0.68403892 0.88686465 2.38846122 0.72141101 -2.59702389 6.22158847 1.17823899 -5.17177782 0.03092633 -7.13770773 -8.07239843 32.8137562 -18.59649045 -11.70367778 0.00000342 -40.92954307 0.00000196 11.04035349 -2.42703838 -12.42350195 -40.15947363 26.66111759 -17.76717918 -41.1708495 -4.033618 -8.50446275 -0.00002955 65.18960804 0.00001604 1.54711004 -0.68562173 -6.13838135 -7.99330974 8.97670361 6.06377967 25.83258123 2.51015695 -10.55065246 3.75485256 30.06947018 -10.78420104 -8.89687888 -0.00000507 0.00000681 -10.29636836 7.66523033 -12.44356086 41.88568461 9.96656794 -0.04488012 -23.00649968 10.84042472 -2.39714901 0.13891347 0.000001 -1.9e-7
-0.01903828 1.10120925 0.12578441 -5.63481564 -18.35259612 10.70223045 0.70460831 -4.03113799 6.38602491 0.23728735 -0.69166471 0.66265976 0.23249416 -0.69429284 0.66138462 2.46267225 1.29038807 -3.25484751 8.20081044 2.92199916 -5.2114073 0.0488349 -6.86606378 -7.83324298 31.33494565 -13.47441132 -6.60303593 0.0000144 -38.22655082 0.00000452 6.45050051 -5.74986124 -5.86346993 -40.08271905 26.47581943 -18.4307578 -51.06916641 -2.23706505 -5.66780417 -0.00003677 70.87450094 0.00003235 3.01170095 7.17514391 -4.54305462 -8.44224426 7.61089984 2.55214561 24.71801391 2.03826314 -10.08758196 -5.92147596 30.02053655 -4.13466192 -1.37823161 -0.00001052 0.00000207 -11.7162234 6.97705123 -13.97064706 44.89060359 9.52071722 -1.03271767 -25.61039423 11.11434952 0.44102456 -3.11392816 8.5e-7 -0.00000185
0.01018544 1.09632661 0.16649242 -5.29601463 -14.08003291 11.22111237 0.30493881 -3.71130968 4.10796011 0.1254243 -0.6330638 0.41520952 0.12235833 -0.63405129 0.41454262 3.03011132 1.59994863 -3.96141121 10.11534864 3.26601296 -4.45241651 0.1051639 -5.5977648 -7.6394141 25.86855908 -11.97599622 -2.60401033 0.00001852 -35.56936249 9.5e-7 4.66591707 -6.48049571 -1.86468965 -39.80148446 26.18422553 -18.95749989 -61.09108288 0.12466668 -1.06699406 -0.00003976 75.01741112 0.00004904 4.95798558 17.4080822 -4.18885137 -9.80555967 5.7584789 -0.26020098 28.56756704 0.87126534 -9.91320537 -11.35317185 29.82587739 -1.31676813 0.04465442 0.00000187 7e-8 -15.73688881 0.89986478 -17.31281421 52.22738399 8.44255105 -5.5512274 -27.14469506 24.25020438 11.32784784 -17.9132439 0.00000906 -0.00001332
0.04099832 1.09615181 0.21089954 -5.86438532 -9.4613121 10.89879542 0.04152402 -3.10290175 2.17792144 0.00199485 -0.53022746 0.20511292 0.00032662 -0.5302593 0.20519974 4.55790382 1.40713854 -3.8197423 12.11670272 2.44370878 -3.22278322 0.10584929 -5.52439261 -7.78152319 21.53193732 -12.20640342 -0.49830004 0.00001502 -34.61905562 0.00000969 6.58595543 -6.07147944 -0.22310284 -39.29928033 25.77905967 -19.31972162 -67.83366234 3.27395408 6.25293604 0.00000178 77.19937158 -0.0000021 5.65161439 26.31304288 -3.70389751 -8.43725865 6.00237119 -1.92460481 29.36457678 -3.72942535 -9.95776583 -15.60283724 29.42779937 2.48692956 0.04467503 0.00001008 0.00000539 -20.19524715 -1.73220663 -18.61868938 61.4630352 8.50685551 -9.33550893 -18.57548696 28.30987571 14.79707481 -23.88496212 0.00001345 -0.00002011
0.06641928 1.09420021 0.25700285 -6.51288335 -4.16123167 10.2413906 -0.24921109 -3.01983556 -0.04718572 -0.04878194 -0.5408938 -0.0669627 -0.050201 -0.54081995 -0.06688891 6.14527664 0.88325027 -2.88473294 13.68929972 0.94473329 -1.58487017 0.08496879 -5.95229063 -7.94393944 21.43809182 -13.0329943 1.55591793 7.1e-7 -35.39775377 0.00000317 5.82237048 -7.87729766 0.87270375 -38.55592314 25.25718229 -19.49312067 -70.60200498 5.2562237 13.23440143 -0.00008213 76.39733996 0.00008715 4.50314025 36.61305385 -5.85889304 -6.77029275 5.91823086 -2.41807187 30.12300948 -9.0581852 -10.09907774 -19.66979107 28.80904007 6.09672106 0.04470389 0.0000043 0.00000269 -26.64759346 0.77078093 -16.53706558 70.52959079 9.33829794 -9.35007346 3.52187627 22.33938728 15.09711622 -32.35126603 4.97497629 -15.46354331
0.08487184 1.0944452 0.30372924 -7.53554721 1.93331455 9.65157482 0.15841281 -3.51903753 -2.48194268 0.01726319 -0.64151521 -0.38987059 0.01600123 -0.64158116 -0.38974056 6.96640678 0.40613563 -2.07119086 15.79059562 -0.88125389 0.88936629 0.08870007 -5.92781197 -7.85538056 24.52025116 -15.02161499 3.61378203 0.00000256 -37.56939703 -0.00000967 6.93544984 -10.73836843 1.0008778 -37.54003908 24.71325738 -19.51430722 -70.60609897 5.36634401 17.11270333 -0.00007263 74.20450523 0.00006528 4.24146187 48.83957365 -10.7456181 -3.89727819 5.34623007 -1.70011456 29.98444408 -10.25223327 -10.3113073 -21.47235205 23.58895059 7.01958648 0.04471719 0.00000675 -2.2e-7 -30.5179214 1.22868506 -16.89836977 73.43661932 9.02394834 -5.2107981 12.84151985 22.61534405 16.12874827 -32.01046751 6.94316329 -17.80306794
0.10054951 1.10012061 0.35191244 -7.65829535 7.58991678 7.87301733 0.28306057 -3.178383 -3.25775891 0.04447237 -0.57263465 -0.55517586 0.04323208 -0.57277887 -0.55507394 7.77225541 -0.33127633 -1.29118157 17.51726214 -4.09964738 3.72835576 0.06489237 -6.27939011 -8.06464536 28.09612995 -17.22256176 4.07942836 0.00001958 -39.95868828 0.00001251 13.38333395 -12.56006699 0.85345986 -36.26064933 24.20653801 -19.41869311 -71.11600535 5.1998104 18.2642728 0.00002885 71.51090955 -0.00003354 7.9221873 55.80825831 -15.43547642 -1.00848729 4.49246036 0.79144726 28.24277708 -10.34091577 -10.42290434 -22.19089549 18.31559757 6.72449282 0.04473948 -0.00000868 3.8e-7 -33.03041285 -1.08721088 -16.68648021 71.73639521 9.09295549 -0.63056565 12.06916413 16.52721375 13.06051522 -26.9067192 5.02463236 -15.51832235
0.11496098 1.10568565 0.40013839 -6.39188861 12.74773702 5.78822785 0.36555902 -2.75160163 -2.876305 0.11840797 -0.47554291 -0.57434298 0.11714517 -0.47552588 -0.57416209 8.0453498 -1.25864398 -0.6739303 17.06335822 -8.62093887 6.8853977 0.05364449 -6.40090628 -8.58745673 30.15238407 -19.0690788 2.57515472 0.00002257 -41.0928065 0.00002279 18.82207126 -12.59777592 0.53878497 -34.74813156 23.71738937 -19.20284486 -74.10659919 6.50495729 18.75373931 -0.00003384 68.22324909 0.00004535 14.82265422 56.23200933 -20.03079888 0.90480282 3.90729926 3.70268329 25.67727471 -10.41317732 -10.51084723 -22.52077432 13.76550499 5.98781373 0.04476111 0.00000195 0.00000217 -34.94010026 -3.86365411 -15.77380879 64.9383489 6.51482819 2.54222117 9.16246243 5.56752909 9.95039534 -22.51318417 2.66767328 -11.70569882
0.12637826 1.10845688 0.44617981 -4.75479741 18.23146565 4.63251692 1.0454082 -2.86242832 -2.70594339 0.25842306 -0.46795565 -0.60066907 0.25730216 -0.46800551 -0.60092844 7.37506292 -2.26414223 -0.08950009 16.92327315 -13.45367268 10.27785191 0.0316266 -6.64595916 -8.68504781 31.15523797 -19.8941932 -0.9032573 0.00001579 -41.0615825 2.4e-7 20.30810498 -10.59928056 -0.25819178 -33.03193603 23.22677541 -18.86450815 -77.05785407 8.26043118 18.12874667 0.00001181 65.13301715 -0.00001338 22.40336444 54.18591032 -26.16476908 2.42505329 3.66441489 5.96207467 22.62809679 -10.39923495 -10.48336824 -22.22642184 8.84630209 4.58360904 0.04478499 0.00000344 0.00000161 -35.16695453 -5.21140417 -14.97892827 53.47645563 -0.6111476 2.99422479 4.53637038 0.97937144 7.77526936 -12.26361849 0.66978366 -5.34528777
0.13374344 1.10934555 0.49507951 -2.54946313 23.86794945 3.70790607 1.68156626 -2.38325409 -2.32687959 0.36480434 -0.38319427 -0.60257832 0.36383263 -0.3835908 -0.60520704 5.71795436 -3.50001358 0.47922386 18.15746226 -18.59944424 12.94389394 0.01464436 -6.86594933 -8.97463676 32.04928153 -20.38718739 -4.69081009 0.00001479 -40.17090642 0.00000183 20.62472629 -7.93806378 -1.26533775 -31.19050524 22.56700487 -18.22683645 -79.95829208 10.05495411 16.7406574 -0.00000486 62.98926728 -0.00000124 26.34389086 53.60321496 -31.08539136 3.8207816 3.68941579 8.08380547 18.5750384 -10.26040721 -10.24812786 -21.45872239 3.85440166 2.33637585 0.0447866 -0.00000553 -6.2e-7 -33.97127847 -4.71790165 -13.56496944 37.46059414 -5.53008144 0.24958911 0.56244659 -2.87817236 6.85304803 -2.98578993 -3.4e-7 -0.0000024
0.13946488 1.10859299 0.54842536 0.10753664 30.04298314 4.04407118 2.38731945 -1.47654534 -2.45489541 0.46754322 -0.24528995 -0.67653602 0.46685821 -0.24580338 -0.67675693 3.27532428 -4.79057732 0.30438906 17.64354402 -24.69685303 15.74081369 0.04480924 -6.13064521 -9.51258619 31.36408403 -20.16390573 -9.35054344 -0.00000649 -39.09329465 -0.00002829 20.79231777 -6.14522684 -1.09277847 -29.28673428 21.45369096 -16.99698469 -82.69469741 12.27245801 14.76335206 -0.00002372 61.85379107 0.00001927 27.00373723 53.74237623 -32.1835465 5.96619945 4.25371087 8.62866774 11.69549086 -9.91041055 -9.9339863 -18.21980203 -1.11321563 -0.60641729 -1.15672734 0 8.8e-7 -31.58682322 -2.56505448 -14.89827026 19.12984384 -9.13675433 -3.9785538 -0.33471035 -3.91769121 8.47975447 -3.50825784 0.00000133 -0.0000056
0.14336243 1.0939875 0.6047551 1.81411833 36.22036465 5.93758518 3.85828788 -0.10607013 -3.1815178 0.67770339 -0.01802717 -0.86725259 0.67754725 -0.01913145 -0.86732437 0.92152962 -6.38492304 0.18615134 14.48960763 -32.58525027 18.45197662 0.07993222 -5.28454791 -9.81872155 30.47406918 -17.40441077 -14.19371519 0.00001794 -38.51490954 0.00000903 17.31706457 -5.1334235 -0.20007044 -27.17144315 20.18780669 -15.59419354 -83.95592895 13.80395077 12.27587866 0.00002292 62.70836099 -0.00003165 37.967592 48.51309954 -35.81114212 -1.01060862 3.97190318 1.26534029 26.74760516 -8.16207212 3.67316396 -19.86327346 -1.37129467 -7.73050966 -11.01612141 0.0000085 0.00000939 -34.59084384 -0.92288164 -20.52120675 14.71062895 -10.47534995 -5.94915901 -2.35285347 -1.65177126 12.29244626 -3.26420779 0.00000999 3.2e-7
0.14247509 1.06810034 0.67095961 2.71313644 40.92189727 8.18690807 5.19448947 2.18562398 -3.8581713 0.8610694 0.37519139 -0.94401084 0.86185412 0.37321912 -0.94417111 -1.28288415 -8.30989483 0.50287614 10.3709479 -41.57727707 19.42021555 0.11738086 -4.62458524 -10.53358169 29.49628116 -13.3836714 -18.05437262 0.00001525 -35.65119133 0.00000938 11.3123901 -4.42263325 -0.30713788 -24.77450105 19.09577503 -14.46126095 -75.62688037 11.53441371 3.80959111 0.00003732 61.90885544 -0.00003562 52.24105356 32.18648651 -37.60454591 -3.96774314 3.06486953 0.82577572 33.45233632 -8.05263156 5.95571873 -20.77851301 -4.54827744 -10.79854331 -12.42100623 -0.00031109 0.01977182 -41.25303677 1.47258208 -24.40946267 24.92394479 -8.00075439 -7.42434151 -2.12517412 -0.9257124 15.51597588 -2.95382105 0.00000961 -0.00000338
0.13861621 1.04534895 0.73288249 3.3742062 44.39759583 9.77138381 5.69955673 3.82050585 -3.65629435 0.84915831 0.65574356 -0.90871029 0.85145671 0.65170159 -0.90969917 -2.34765475 -9.65193891 0.4188543 6.02542788 -48.53515525 17.77849774 0.13490575 -4.26840211 -11.25042832 29.1754569 -7.89458675 -23.63567025 0.00000838 -32.75492975 0.00000657 9.71598666 -1.03930562 2.49850692 -22.1803156 17.9070625 -13.31270138 -60.18671556 7.17432667 -2.23961657 -0.00000902 49.03718052 -0.00000851 50.40770213 11.32966646 -31.00726849 -6.30651965 1.87329273 0.52126786 39.71333298 -7.28493922 9.08803265 -19.82002597 -5.69820945 -11.81479225 -16.03003242 0.09832492 -2.49195368 -46.03277763 2.10502878 -27.41224461 33.13494601 -2.72291341 -6.91280588 2.72262755 -0.20879887 15.7338377 -2.6164112 0.0000015 -0.00000163
0.1347462 1.0353083 0.78655269 3.19504802 46.75901122 9.88647836 6.3768571 4.13690186 -1.50196107 0.87186515 0.69914743 -0.60366562 0.87478278 0.69414333 -0.60565761 -2.17232045 -10.29366134 0.33711018 2.25291234 -52.27719384 15.27923357 0.13188827 -4.34622628 -11.04834039 30.30932245 -3.10885277 -31.9337749 0.00000766 -30.94297816 1.5e-7 12.4947579 5.81346153 3.7092294 -19.424138 16.52828167 -12.04348674 -46.50369445 9.74881668 -1.22628761 -0.00000727 30.0992334 0.00000103 33.74663677 -2.58927045 -20.88244652 -6.97750163 0.11438758 2.46759116 43.4500032 -6.50508485 10.42793619 -15.90119984 -5.89437557 -10.44221412 -19.8236946 0.39236929 -5.98899203 -47.65971886 0.45792592 -27.80856526 38.49698983 0.5199983 -6.63435914 5.14737237 -0.11093298 14.58199483 -2.38429397 3.5e-7 -0.00000309
0.13329281 1.03468468 0.82485842 2.48519006 48.31870634 9.46254203 7.20507331 3.68411992 0.5977183 0.96555258 0.61218147 -0.32814288 0.96858846 0.60653382 -0.33035447 -1.46016894 -10.50788926 1.35670214 -0.84924519 -52.76163272 13.40142348 0.14847556 -4.13184715 -10.24603359 32.0741084 -2.40866164 -37.88341142 0.00000569 -30.42190327 0.00000971 16.73778063 9.31217735 -3.4723908 -17.13347304 15.45332233 -11.1404852 -38.30932287 7.81141107 3.12252792 0.00000635 25.8490103 -0.00000563 24.92254002 -9.43102986 -11.48209909 -6.60413635 -1.91750964 4.72660896 44.7915334 -6.17681095 10.51055349 -11.23931654 -5.66037124 -8.69322547 -22.59598602 0.92764249 -9.24290608 -47.30203848 -0.76641319 -26.81618414 42.71259277 -0.42265852 -6.57942829 2.17208676 -0.55359058 13.86184058 -2.34907421 -0.00000867 -0.00000298
0.13342025 1.03561035 0.8493236 2.60471307 49.43252154 9.09492165 7.40848911 3.37972452 1.99067853 0.98990227 0.55296085 -0.14306646 0.99285443 0.54737411 -0.14521046 -1.15397311 -10.55614377 2.02108682 -3.15907755 -52.50782725 11.59407051 0.14969018 -4.15694597 -9.59200999 34.51837091 -4.36042727 -40.98762394 0.00002126 -30.91577974 0.00002013 19.90076125 8.08746703 -11.5297592 -15.40115914 14.7425618 -10.62345531 -34.89445848 7.27410766 6.69801151 -0.00000883 25.52109738 0.0000025 24.06483697 -11.2464308 -4.93842876 -6.89384229 -2.97223944 5.58217539 45.32602315 -5.8721573 10.57564177 -7.72832863 -5.4258661 -7.28814374 -24.39489321 1.38138192 -11.29673432 -47.10710077 -1.20788055 -26.30432504 45.11734676 -1.65689539 -6.57691968 -0.41385961 -0.8652946 13.5635365 -2.34907264 0.00000666 -0.00000395
0.13419603 1.03654037 0.86949559 3.83512796 50.44771626 8.57904972 7.10948248 3.22862802 3.11189517 0.95566827 0.52252608 0.01814668 0.95847676 0.51761746 0.01619106 -1.41399583 -10.61972011 2.20544785 -4.97965479 -52.44757526 9.71221574 0.14405393 -4.36764263 -9.04336484 37.40434269 -7.98243388 -43.03874208 -0.00000142 -31.90493347 -0.0000111 20.98420163 4.4860723 -18.31257275 -13.66408409 14.15637214 -10.30126551 -34.9032804 9.59609024 9.13990334 -0.00000426 23.31162468 -0.0000072 26.61666505 -10.45914032 0.1222544 -7.88736739 -3.48981292 5.49489223 45.35030411 -5.47530719 10.67903297 -4.52198813 -5.04685285 -6.14830943 -26.10867154 1.71759369 -12.56804284 -47.60658246 -0.95642678 -26.29332525 46.95635559 -2.80110004 -6.57943708 -2.41724142 -1.09981677 13.47742119 -2.3490765 -0.00001393 -0.00000608
0.13510902 1.03780067 0.88651817 5.50880632 51.24869525 8.18626836 6.74131691 3.16660599 3.77866668 0.91798493 0.51171356 0.12206019 0.92060923 0.50748842 0.12027755 -1.97566338 -10.72281275 2.2608637 -6.13328774 -52.57818454 8.46275906 0.13957163 -4.55612045 -8.54770135 39.60388032 -12.03631932 -44.33407264 0.0000198 -32.94349127 0.00000573 19.49540942 0.79820282 -22.58281954 -11.94548636 13.74042073 -10.23244929 -37.60882117 13.36426468 10.01340716 0.00000127 19.8114134 -0.00000301 30.53049669 -8.50051962 3.00766455 -9.02305835 -3.17203886 4.99714339 44.79264751 -5.05681527 10.80626139 -1.56864434 -5.10912536 -5.1036323 -27.61889797 1.96872683 -13.39707915 -48.40568944 -0.30133541 -26.61897085 48.38691729 -3.71317079 -6.58377938 -3.99461551 -1.28255848 13.44421694 -2.34909205 0.00000107 -5.7e-7
0.13601801 1.03962662 0.9020752 6.69428121 51.85155625 8.10734703 6.71191421 3.07221414 4.14283198 0.92697604 0.49707275 0.1767813 0.92941337 0.49315502 0.17511729 -2.44994059 -10.82050924 2.44232998 -6.88345684 -52.67050492 7.91920997 0.1436818 -4.57151378 -7.99362655 40.03946865 -15.38114962 -45.41801102 0.00004809 -33.59811757 0.00002643 16.83720864 -1.73640569 -24.83651471 -10.26844865 13.55296227 -10.48512073 -40.65794598 15.64872461 9.50605932 -0.00000851 18.61794968 0.00000549 33.98053153 -6.74439776 3.8524404 -9.39182627 -2.14831263 4.9296765 43.45494713 -4.84876049 10.90327418 1.24883938 -6.04098962 -4.12356643 -28.59485907 2.30354991 -14.4831265 -48.8387125 0.15439275 -26.93498687 49.46882545 -4.37092682 -6.586488 -5.35581628 -1.43581286 13.34632081 -2.34908692 -0.0000071 -0.0000076
0.13693116 1.04140671 0.91652674 7.41987643 52.28169283 8.12978738 6.90630007 2.93278447 4.31801488 0.96956979 0.47510324 0.19986849 0.9717913 0.47120174 0.19829469 -2.69267493 -10.8798269 2.70313795 -7.45044635 -52.6319289 7.71225193 0.15785751 -4.32831947 -7.39746478 38.50782112 -17.64717787 -46.50611125 0.00001724 -33.90637147 0.00000872 15.03001574 -3.367421 -25.48968951 -8.62989573 13.55037809 -11.04549216 -43.3319565 16.54081398 8.43004704 -0.00000666 18.65727416 -0.00000341 36.13409464 -5.655673 3.52700511 -9.13841902 -0.95685877 5.23716617 41.71206654 -4.73850677 10.9937736 3.71356937 -7.37881651 -3.35115409 -29.32282501 2.62712767 -15.49054662 -48.9658553 0.3180298 -27.07408068 50.33851342 -4.85029061 -6.58731704 -6.5888929 -1.56839435 13.18544227 -2.34907382 -0.00002044 -0.00000768
0.13762598 1.0428038 0.93005008 8.15581106 52.4763656 7.97553243 7.0067992 2.89730194 4.31104661 1.00468921 0.4717512 0.20723384 1.00672953 0.46804158 0.20573785 -2.79179366 -10.89512016 2.86819949 -7.75987239 -52.53025769 7.65925941 0.17489397 -3.89326596 -6.93297966 35.8415189 -19.0788902 -47.35106415 0.00001345 -34.07656028 0.00001292 14.78593769 -4.81611787 -24.45876767 -7.00110743 13.5569517 -11.77862756 -45.70836643 17.04723993 7.6079147 -0.00000228 18.29660748 0.00001089 37.39765213 -5.10331958 3.09654777 -8.86885729 0.24643867 5.58860548 40.05752641 -4.54785915 11.12110259 5.84447277 -8.64154215 -2.55596109 -30.24191443 2.83270749 -16.06896395 -49.15411258 0.37342495 -26.99729265 51.09105666 -5.17092696 -6.58675189 -7.69718316 -1.67811514 12.94614097 -2.34909164 -0.00001155 -0.00000189
0.13808956 1.04362755 0.94280316 9.03974673 52.36831328 7.56393612 6.9048713 3.09714901 4.22265944 1.01623183 0.50848788 0.21637789 1.018178 0.50519072 0.21494628 -2.91394412 -10.86690857 2.83802899 -7.68500898 -52.38864895 7.81334489 0.18841362 -3.48880642 -6.7759318 33.12959332 -19.9703047 -47.67559749 0.00000929 -34.09894169 0.00000192 14.5645156 -6.20440892 -21.80382123 -5.37662653 13.48706215 -12.60204981 -47.66324761 17.2708536 7.20935582 -0.00000286 17.69324817 0.00001577 38.32944302 -4.92290299 3.11466488 -8.74098356 1.39972567 5.9267389 38.68957113 -4.33976245 11.24938628 7.74572853 -9.56628062 -1.65892288 -31.28545561 2.98936828 -16.45921114 -49.54056782 0.37717645 -26.67898263 51.79132498 -5.29402171 -6.58458973 -8.7015399 -1.76402605 12.60198543 -2.34907397 -0.00001449 -0.00000161
0.13852485 1.0438771 0.95467465 9.84403202 51.94862372 7.01408507 6.72393628 3.52435362 4.21265777 1.01956264 0.58240385 0.24076866 1.02029104 0.57955205 0.23937169 -3.11738979 -10.80134478 2.66242583 -7.46333232 -52.16688176 8.00524516 0.19602781 -3.29677904 -6.92887228 31.13229804 -20.56286941 -47.35914299 0.00000409 -33.95032131 -9e-7 11.98754141 -7.24159267 -18.13542652 -3.77006855 13.35230135 -13.50743435 -49.26278001 16.97186053 7.13930915 0.00000253 17.5806839 0.00000386 39.00786568 -5.08799177 3.5460822 -8.58228444 2.46725386 6.34376491 37.60066576 -4.12215619 11.37043097 9.36809839 -10.06816458 -0.84291349 -32.33551244 3.11387912 -16.72676775 -49.98927303 0.23664992 -26.11946183 52.44227035 -5.1747405 -6.57996326 -9.62059337 -1.82577747 12.1459012 -2.34907982 -0.0000056 0.00000125
0.13907596 1.04370987 0.96543928 10.391819 51.31477965 6.44214753 6.57799169 4.02822789 4.33393862 1.0213358 0.66785276 0.27704537 1.0223583 0.66530891 0.27569598 -3.29576506 -10.71466762 2.48191427 -7.47695376 -51.84779205 7.93823479 0.19573139 -3.34686784 -7.21055442 30.02435878 -20.90389846 -46.56748353 0.00001704 -33.686514 0.00000901 6.39062019 -8.08119478 -14.49724413 -2.19273904 13.15463432 -14.47876608 -50.66983394 16.25927425 7.39857922 -0.00000872 18.06359789 0.00001666 39.31667849 -5.6057735 4.14223484 -8.25142174 3.3150577 6.92522811 36.72934864 -3.98525277 11.38740749 10.82918168 -10.13438094 -0.12932441 -33.2105273 3.29878386 -17.15912465 -50.3446519 -0.10195931 -25.38212063 53.01654084 -4.85923444 -6.57370602 -10.45400062 -1.86532916 11.61718677 -2.3490731 0.00000735 -0.00000772
0.13971272 1.04313133 0.97497077 10.76977299 50.6125346 5.87798941 6.45076601 4.45147119 4.47173877 1.02277028 0.73978852 0.30525505 1.02473897 0.73737738 0.30402015 -3.36980379 -10.62674418 2.38669799 -7.64975604 -51.46030302 7.67834335 0.18644058 -3.5889942 -7.42158891 29.50124814 -20.82014859 -45.68914121 0.0000264 -33.41840441 0.00001975 -0.22839164 -9.10813284 -11.83652219 -0.65586643 12.89662438 -15.49949314 -51.99775828 15.44940453 7.95278207 -5.1e-7 18.62909121 -0.00001085 39.25739397 -6.33394862 4.66859696 -7.93278343 3.88378565 7.68542674 36.16629076 -3.92300356 11.08988674 12.08009958 -9.92669655 0.62824748 -34.05815893 3.47829931 -17.56111772 -50.63300452 -0.53134956 -24.59259467 53.54838157 -4.4651833 -6.56768775 -11.20728097 -1.88971923 11.08699558 -2.34908783 -0.00000313 -0.00000689
0.14026977 1.04210815 0.98327698 11.12702747 49.94091741 5.36067776 6.32245497 4.75079615 4.51245485 1.02547529 0.79157896 0.31604983 1.02790779 0.78930215 0.31496395 -3.5268476 -10.5184164 2.22568071 -7.3473214 -50.99749298 7.75236888 0.17380592 -3.863445 -7.49991225 29.14008886 -20.36787885 -44.99678414 0.00000648 -33.29584377 -0.00000267 -5.04445185 -10.23003712 -10.43576233 0.830008 12.58144094 -16.55469551 -53.34247363 14.74355058 8.62381537 -0.0000021 18.94724758 0.00001148 39.01601635 -6.9718687 4.99024925 -7.74969515 4.31750656 8.41275235 35.83971116 -3.88509311 10.68043325 13.05633481 -9.76292202 1.38284143 -34.9037366 3.60678065 -17.82469938 -50.96418284 -0.89166121 -23.88178794 54.10082388 -4.07731908 -6.5627311 -11.89189232 -1.90555456 10.60091568 -2.34906995 -0.00001101 -0.0000023
0.14067859 1.04077621 0.99026452 11.46266847 49.36530267 4.97008027 6.26651427 4.94037465 4.48419286 1.03078931 0.82481778 0.3202962 1.03305522 0.82268289 0.31931239 -3.94492525 -10.38303609 1.85278046 -6.39580426 -50.54679843 8.38191363 0.16819819 -3.99365635 -7.49489793 28.71798038 -19.9139002 -44.51241417 0.00001347 -33.31162664 0.00000137 -6.86026754 -11.07000944 -9.95139539 2.25301824 12.21293355 -17.62131424 -54.83231843 14.32510642 9.19883439 -0.00000487 18.85703271 0.00000414 38.75537444 -7.24529049 5.04980164 -7.60579503 4.67254967 8.93464588 35.56604027 -3.90216499 10.38891508 13.87286773 -9.71775356 1.98846819 -35.59417021 3.74397605 -18.13921933 -51.33670416 -1.11982011 -23.33491759 54.67947238 -3.73619644 -6.55923362 -12.50485911 -1.91660746 10.18366883 -2.34906522 -0.00000779 -0.00000906
0.14105974 1.03938461 0.99594178 11.66385295 48.95085865 4.72848677 6.34887536 4.99832989 4.48244943 1.04696095 0.83509345 0.32786222 1.04913067 0.83307932 0.32687962 -4.47050773 -10.28447609 1.46578298 -5.47964355 -50.27642412 9.00588549 0.17265298 -3.95303798 -7.43732227 28.27623188 -19.67483966 -44.17516977 0.00003298 -33.32924856 0.00001984 -6.4887983 -11.35294723 -9.9694448 3.60390768 11.79566197 -18.68554916 -56.51054865 14.20776873 9.63264586 -0.00000955 18.35895964 1.1e-7 38.49041396 -7.15526586 4.87566729 -7.51266195 4.95392578 9.34207086 35.41624161 -3.91651317 10.18206815 14.58256938 -9.70452117 2.45981413 -36.21022849 3.85804562 -18.3975812 -51.61541067 -1.29029896 -22.9460097 55.22644156 -3.48403774 -6.55706224 -13.04484549 -1.92836051 9.86490589 -2.34908392 -0.00002223 -0.00000474
0.14153082 1.03810096 1.00078912 11.72323636 48.72490856 4.58342017 6.51244281 4.90091464 4.49280732 1.07090838 0.81914046 0.33085479 1.07295313 0.81719307 0.32984017 -4.88034798 -10.2499106 1.29462467 -4.95306229 -50.11099083 9.25031255 0.17996824 -3.80102437 -7.32296611 27.9392153 -19.53937446 -43.95958527 0.00000351 -33.36440708 0.00000929 -5.26281638 -10.9203106 -10.24153736 4.87671335 11.33299831 -19.74811763 -58.2670093 14.16856851 10.01635788 0.00000735 17.6462773 -0.00000744 38.20077661 -7.0137571 4.62189261 -7.45652107 5.18303044 9.72371648 35.35042683 -3.91264481 10.04764334 15.24223048 -9.70223123 2.83220669 -36.77183714 3.95048976 -18.5919817 -51.73944878 -1.46525806 -22.67001786 55.71643749 -3.3559155 -6.55611983 -13.5425912 -1.94554796 9.64663567 -2.34907054 -0.00003261 -0.00000228
0.14210507 1.03699692 1.00521941 11.76377262 48.65114345 4.47740845 6.63634248 4.69580434 4.43284508 1.08938651 0.78608938 0.3174993 1.09128913 0.78412941 0.31647932 -5.0856142 -10.24863078 1.35245636 -4.65664038 -49.88963493 9.2048622 0.18170782 -3.66990652 -7.23002961 27.88971621 -19.37019767 -43.79525941 0.00000792 -33.53475355 0.00001085 -3.87594207 -9.87188784 -10.61921809 6.06415123 10.82815634 -20.80204782 -59.99046381 14.09380531 10.4788796 0.00000428 16.79239909 -0.00000231 37.99309044 -7.14669444 4.4988813 -7.41285739 5.33389424 10.0291685 35.24601171 -3.89837672 9.98167394 15.84708822 -9.6959767 3.11459369 -37.2622342 4.02226753 -18.72649338 -51.78780445 -1.60997256 -22.48931546 56.15522922 -3.3422112 -6.55599544 -14.01368465 -1.9688085 9.51127547 -2.3490627 -0.00000758 1e-8
0.14271966 1.0361557 1.00919929 11.89547049 48.66548738 4.34867514 6.62560194 4.51025041 4.3549503 1.08740459 0.75685992 0.29760052 1.0892182 0.75494746 0.29661138 -5.20615951 -10.24369004 1.3986674 -4.21283172 -49.65073073 9.05906226 0.17764278 -3.7533433 -7.32908181 28.33360211 -19.21464862 -43.54781086 0.00001785 -33.73245173 0.00002256 -2.55546283 -8.67175825 -11.01233271 7.15789734 10.28477428 -21.8331017 -61.67910384 14.01204969 11.05783512 -0.00000938 15.83013057 0.00000137 38.08670814 -7.53633399 4.585018 -7.39100516 5.36800918 10.19027032 35.05359303 -3.85145703 10.00032402 16.36963334 -9.67418863 3.33239846 -37.67653932 4.07538634 -18.80865597 -51.84658162 -1.69415465 -22.37518859 56.51695313 -3.40832579 -6.55635464 -14.42826582 -1.99396927 9.43754437 -2.34907768 -0.00001099 8.6e-7
0.14331533 1.03553749 1.01262817 12.19194299 48.71250037 4.10502059 6.45252889 4.44642221 4.36543423 1.06020583 0.74754935 0.28814679 1.06204497 0.74563196 0.28720326 -5.34659794 -10.22852343 1.26858821 -3.6174709 -49.55980205 8.93488866 0.1672167 -4.0619868 -7.7000457 29.19899845 -19.04274271 -43.21443059 0.00000333 -33.87428673 -0.00000869 -1.56444532 -7.72313647 -11.3825716 8.15036174 9.70661565 -22.82838246 -63.32534431 13.88796507 11.64886647 7e-8 14.93029434 -0.00000263 38.62951109 -7.80646584 4.7191607 -7.44514305 5.28828196 10.23912191 34.82171018 -3.80510035 10.10209452 16.77258137 -9.57050826 3.4391513 -38.01887482 4.10302092 -18.82388352 -51.97616687 -1.73065847 -22.26503352 56.78478763 -3.53139724 -6.55695123 -14.76213963 -2.01750974 9.4070613 -2.34907322 -0.00000963 -0.00000455
0.14377955 1.03503265 1.01547264 12.66477816 48.76349955 3.68524027 6.19033332 4.5108583 4.4731607 1.02016636 0.75874626 0.29006716 1.02216074 0.75671377 0.28918212 -5.41915776 -10.22383528 1.13484222 -3.46342116 -49.62728499 8.76157704 0.14936051 -4.41467762 -8.20758105 30.14337704 -18.76978826 -42.94690372 0.00002029 -34.0289725 0.00000996 -1.11899174 -7.08125208 -11.74869891 9.03457429 9.09717238 -23.77546324 -64.86092269 13.58786487 12.14307365 -0.00000433 14.26531299 -0.0000021 39.54050797 -7.61576803 4.62903472 -7.62282791 5.14769114 10.28405352 34.60789185 -3.76093603 10.25616403 16.94270657 -9.34740282 3.43489125 -38.26112085 4.07954158 -18.69228764 -52.19609907 -1.75474039 -22.10089466 56.96229508 -3.70358809 -6.55778589 -15.00974202 -2.0371847 9.40362608 -2.34907996 -0.00001525 -4.8e-7
0.14390757 1.03458176 1.01776016 13.23035168 48.79779669 3.14588203 5.992523 4.66579548 4.62520536 0.99102349 0.78390712 0.29849543 0.9932712 0.78172019 0.297649 -5.50517586 -10.24776834 1.14069104 -3.7781183 -49.73072488 8.56839329 0.13341284 -4.64769764 -8.61096823 30.80961058 -18.55545857 -42.90085724 0.00000752 -34.12220344 6.5e-7 -1.09356961 -6.54192714 -12.15522972 9.80417046 8.45985389 -24.66237825 -66.17148424 12.92705944 12.49250058 3.9e-7 14.1098818 2.2e-7 40.52124055 -7.02280006 4.20534216 -7.88546628 5.01132725 10.39567223 34.40396991 -3.69603031 10.4200562 16.90897028 -9.12934686 3.39149885 -38.39923493 4.01757912 -18.45386108 -52.47861202 -1.79006436 -21.87504147 57.07081335 -3.89576903 -6.55870004 -15.17820022 -2.05021816 9.400032 -2.34908413 -0.00001449 -0.00000156
0.1436186 1.03412643 1.01961029 13.79441397 48.81103284 2.60029749 5.94556405 4.80972355 4.74686097 0.98628057 0.80645188 0.30461537 0.98878153 0.80413722 0.30398706 -5.71781584 -10.27253288 1.24605016 -4.16595181 -49.69470934 8.48310469 0.13012635 -4.68007636 -8.75171114 31.05234202 -18.56208252 -43.17994807 0.00001367 -34.09692826 0.00000389 -1.09542172 -5.82228735 -12.58945206 10.45326885 7.79749889 -25.47760596 -67.27944313 12.2041864 12.80444666 9e-8 14.04374627 -0.00000506 41.21399825 -6.39457159 3.61144285 -8.15823591 4.9144139 10.56494727 34.18452684 -3.66343935 10.56019441 16.79666815 -9.04251731 3.28773452 -38.45305216 3.94733278 -18.2201503 -52.79192449 -1.82430799 -21.62927908 57.15439335 -4.07780093 -6.5594991 -15.29369632 -2.05657825 9.37939787 -2.34908376 -0.00001137 -0.00000789
0.1430257 1.03366432 1.02098961 14.34678297 48.8474938 2.10705887 5.98283004 4.82892555 4.78410764 0.99151421 0.80386915 0.29820014 0.99415328 0.80829744 0.29615518 -5.90014144 -10.27946202 1.45102188 -4.80366218 -49.4693193 8.24717229 0.13872844 -4.54474078 -8.63385865 31.01091439 -18.75356308 -43.75984912 -0.00000502 -34.03975092 -0.00000297 -0.80791989 -4.86066581 -12.99158545 10.97668697 7.11250944 -26.21052326 -68.29146436 11.79103047 13.27874348 -0.000013 13.49070689 -0.00000406 41.43343423 -6.01147237 3.07565956 -8.44271099 4.83277634 10.72422045 33.9591694 -3.67720774 10.67713119 16.60273327 -9.10133556 3.0887923 -38.38085016 3.87571683 -18.01860384 -53.12771052 -1.81166037 -21.42844538 57.23497382 -4.27233323 -6.56058277 -15.36929314 -2.06100984 9.3690593 -2.34907277 -0.00000646 -0.00001386
0.14227061 1.03329842 1.02183327 14.91650931 48.90735358 1.65313423 6.0016136 4.76025002 4.76218254 0.99663701 0.79768996 0.27985994 0.99943183 0.80259952 0.27618679 -5.89052489 -10.30404965 1.76726183 -5.73089234 -49.24303188 7.65559467 0.14758028 -4.38097886 -8.38740361 30.95197712 -19.03562695 -44.47690901 0.00000984 -34.07594774 0.00000566 -0.19436952 -3.89542254 -13.37976508 11.36964255 6.40646417 -26.85079633 -69.21655579 11.61396518 13.95439188 -0.00001107 12.63459381 -0.00000338 41.32459739 -5.83475255 2.66811634 -8.75166365 4.74369542 10.83218289 33.73620247 -3.76603279 10.77431916 16.36323004 -9.23800749 2.79079592 -38.11734373 3.8383863 -17.94420694 -53.48807465 -1.73926363 -21.28316935 57.28780228 -4.48055532 -6.56202477 -15.39285007 -2.0641897 9.38066422 -2.34908292 -3.2e-7 -0.00000576
0.1414747 1.03298378 1.02230316 15.51397546 48.91979717 1.23115262 5.94275242 4.71891572 4.73703074 0.99121252 0.79234166 0.26563389 0.99413131 0.79602057 0.2620058 -5.68475105 -10.33293185 2.06591191 -6.62001424 -49.10653178 6.95708039 0.15041864 -4.33797773 -8.167822 31.11118133 -19.35345949 -45.15641508 0.00001851 -34.16795195 0.00002757 0.6029753 -3.28379917 -13.86527629 11.62996773 5.6813119 -27.39092789 -70.06635248 11.68580351 14.74714007 -0.00000775 11.70500468 -0.00000728 41.25570641 -5.62436612 2.35053287 -9.06843263 4.63196958 10.85927047 33.54505579 -3.9427236 10.84272227 16.18124543 -9.34481667 2.43492365 -37.69700604 3.87701355 -18.10168397 -53.89921079 -1.61335532 -21.16714176 57.32525071 -4.64380338 -6.56330859 -15.37562606 -2.06305636 9.38450802 -2.34907043 -0.00001628 -5e-7
0.14071898 1.032566 1.02251358 16.0633532 48.84282755 0.92923925 5.85720532 4.74046027 4.70043891 0.98117983 0.79074678 0.26034122 0.98414476 0.79193834 0.25798282 -5.41948494 -10.32995325 2.23725383 -7.31482371 -48.98946201 6.39922132 0.15163972 -4.37871543 -8.05358952 31.47934244 -19.65178565 -45.65641546 -0.00001161 -34.21523274 -0.00000271 1.47986426 -3.10861774 -14.50420918 11.74611133 4.93281255 -27.81454704 -70.85089426 12.058779 15.61344955 -6.2e-7 10.85351157 -0.00000847 41.48220858 -5.23263508 2.08715835 -9.3416643 4.4791145 10.74454017 33.44140051 -4.21340527 10.89029609 16.15121357 -9.37958693 2.04826171 -37.16545406 4.03069879 -18.59644069 -54.35517143 -1.42421738 -21.0998707 57.4028185 -4.70193061 -6.56403661 -15.34862522 -2.0571111 9.35653922 -2.34907733 -0.00001318 1e-7
0.1400702 1.03237099 1.02251511 16.44349188 48.73162705 0.79157473 5.86396274 4.76637536 4.66521908 0.98086724 0.790908 0.2566108 0.98385021 0.78946279 0.2546867 -5.32708153 -10.29442767 2.27213361 -7.66468813 -48.80940216 6.11245477 0.15584034 -4.30014944 -8.03741523 31.80527358 -19.84524974 -45.92418708 0.00001646 -34.26473648 0.00001004 2.4354857 -3.09296134 -15.13105607 11.60054096 4.09004007 -27.99931386 -71.51298763 12.96815667 16.62479417 2.8e-7 9.89121379 0.00000348 41.85828533 -4.76719867 1.76342684 -9.44508011 4.32471445 10.54417692 33.28779534 -4.61078852 10.96070878 16.26663505 -9.51491979 1.55717896 -36.41788357 4.31502156 -19.4932066 -54.7099177 -1.24466772 -21.08271757 57.44888866 -4.67909907 -6.56407263 -15.30342704 -2.04719882 9.30859172 -2.34906533 -0.00002339 -0.00000773
0.13983978 1.03225845 1.0216861 16.70788383 48.61069796 0.6942324 5.98900501 4.76758751 4.6622475 1.00104461 0.79277001 0.25061806 1.00408099 0.78998879 0.25240257 -5.45865103 -10.23909864 2.24440533 -7.79663561 -48.53504327 6.06369388 0.16023209 -4.12427131 -8.10803792 32.00748622 -19.89146528 -45.99434483 0.00002115 -34.44091015 0.00002274 3.42523071 -3.16990974 -15.42726527 11.11736882 3.08919491 -27.85571379 -72.05619836 14.50633632 17.75074379 -6.7e-7 8.60152088 0.00001111 41.90989902 -4.43753545 1.09107692 -9.56991744 4.15342711 10.33474553 33.28120897 -5.14198465 11.11443618 16.34619563 -9.6966498 0.82385211 -35.33836929 4.71793247 -20.76095676 -54.97638695 -1.09180893 -21.08381955 57.43480826 -4.61940874 -6.56411162 -15.202968 -2.03780428 9.29556231 -2.349066 -0.0000237 -0.00000456
0.14039823 1.03191956 1.01905212 16.86340345 48.33242926 0.61695838 6.2270072 4.90305647 4.72182248 1.04438984 0.81290611 0.24950684 1.04780182 0.80934451 0.24881484 -5.60401544 -10.18664189 2.25042212 -8.10777003 -48.25177087 5.97395154 0.17020143 -3.89632282 -8.27821949 31.94702272 -19.90852534 -46.00463179 -0.00000514 -34.68704336 -0.00001076 4.34182317 -3.79349825 -15.31584037 10.36402383 1.93646573 -27.43135747 -72.43582278 15.79524506 18.7548006 0.00000459 8.25020224 0.00000125 41.38193772 -4.19174548 -0.24421493 -9.85745725 3.88231095 10.11091357 33.81270405 -5.72661057 11.19107162 16.15495279 -9.47073955 -0.13549951 -34.10901176 5.13785767 -22.09490129 -55.2470683 -0.93528016 -21.0765214 57.36851263 -4.3949757 -6.56342167 -14.98553743 -2.02274503 9.30728951 -2.34906958 -0.00002739 -0.00000223
0.14175949 1.03151962 1.01431822 16.79361939 47.79791764 0.63974007 6.49577496 5.20811329 5.05005015 1.0850589 0.85865169 0.28672877 1.08902044 0.85459083 0.28591579 -5.77347796 -10.08028124 2.02799304 -8.12425556 -47.97313519 6.08718244 0.17773928 -3.76083711 -8.52345329 31.71828965 -19.97184328 -46.34021904 0.00001788 -34.9010783 0.00000436 5.50551119 -5.18379339 -15.17917502 9.41280677 0.64234541 -26.78198692 -72.51889226 16.41982074 19.70130612 0.00000999 10.30225419 0.00000277 40.89064292 -3.56112329 -2.23983542 -10.16859061 3.41241699 9.90702719 34.86363279 -6.31533789 11.00468103 15.73106044 -8.56935051 -1.25278715 -32.804822 5.555043 -23.41650641 -55.47134117 -0.81491414 -21.03953205 57.19576923 -3.8942768 -6.56121366 -14.60621132 -1.99234907 9.29833137 -2.3490732 0.00000141 -0.00000703
0.14375738 1.03081787 1.00759077 16.55018316 47.03478026 0.68352622 6.65798798 5.59120552 5.5887203 1.09762903 0.91547964 0.368896 1.10216262 0.91113909 0.36783044 -5.96369546 -9.82293682 1.50459365 -8.4458717 -47.34706839 6.00466705 0.18099396 -3.66593795 -8.76810492 31.34035932 -20.10674255 -46.9081144 0.00001747 -34.96587881 0.00000883 7.89243151 -6.81341667 -15.23538245 8.32985215 -0.78025951 -25.95975274 -71.96354434 15.95845485 20.57547026 -0.00000447 15.37418948 -3.2e-7 41.8428503 -2.12071713 -4.36155112 -10.5752133 2.85047435 9.72626563 36.40463687 -6.86215051 10.73909102 15.15339925 -7.16993884 -2.53809082 -32.92379687 6.27155844 -23.19055999 -55.68614975 -0.74776274 -20.93237161 56.94716581 -3.16864246 -6.55872609 -14.07827095 -1.94917881 9.27841137 -2.34907312 0.00000518 -0.00000339
0.14631004 1.02943512 0.9991936 16.2482414 46.0910692 0.62532448 6.72416226 6.05358718 6.06296565 1.09529775 0.98619774 0.44616492 1.10042255 0.98176633 0.44482129 -6.00391556 -9.45722236 0.98969508 -9.94501651 -46.21919572 4.95910538 0.19265465 -3.41717516 -8.94497944 30.70793992 -20.71076738 -47.10807072 0.00002151 -35.23265132 0.00001984 11.95572165 -7.83066712 -14.90758027 7.17566014 -2.31197609 -25.01320855 -71.45315311 12.74459394 22.59794006 -0.0000033 24.22710286 0.000002 45.120734 -0.07745655 -5.7866481 -11.21392273 2.38653784 9.61780236 38.44232217 -7.30114446 10.52585864 14.40610602 -5.68252791 -3.86002122 -33.61488336 6.96429269 -22.3636833 -55.9670699 -0.7329047 -20.71328601 56.68752568 -2.30408238 -6.55769029 -13.44323911 -1.89963614 9.27204939 -2.34908322 -0.00000506 -0.00000382
0.1492287 1.02718346 0.98963061 15.8123649 45.05104367 0.4996506 6.82462359 6.46454604 6.38051553 1.10670676 1.04974702 0.49674438 1.11238627 1.04513415 0.49521082 -6.05195549 -9.11544837 0.49396683 -10.98223544 -45.07658904 3.81228333 0.2064089 -3.14696768 -9.01763378 29.94447269 -21.8499197 -46.76194068 0.00000553 -35.90791483 0.00000649 16.19800197 -7.90015415 -13.59787178 6.0036373 -3.92560991 -23.98595299 -70.06484171 6.82713225 25.79521205 -0.00001245 35.15381163 0.0000055 49.72393244 2.05813951 -5.95740175 -11.99794649 2.07918958 9.6650643 40.8614924 -7.60825332 10.37493437 13.46349666 -4.39944824 -5.00226619 -34.38748362 7.4967603 -21.48106126 -56.25002338 -0.80592686 -20.39170179 56.48211422 -1.36440844 -6.55866895 -12.76587884 -1.84916813 9.2845439 -2.34907822 -0.00001092 -0.00000329
0.15210058 1.0240477 0.97913393 14.95997943 43.9666724 0.45947076 7.1022661 6.57520584 6.49647034 1.14546212 1.06422037 0.51086601 1.15147511 1.05921797 0.50917261 -6.30563264 -8.81998293 -0.13834452 -10.31556606 -44.26838502 3.63725299 0.22263893 -2.86273601 -8.96742488 28.73593813 -22.70810067 -46.1755691 0.00002299 -36.46349312 0.00001939 18.28099426 -7.87671747 -11.4807312 4.85942232 -5.58548281 -22.91514585 -65.29887557 0.39804536 28.49370537 -0.00000791 44.20712647 0.00000332 53.40727578 4.12891808 -5.18807632 -12.61494655 1.92679541 9.99324688 43.47072943 -7.75097323 10.28873131 12.15638 -3.34794769 -6.0247955 -34.94816082 7.70798645 -20.58469964 -56.33798272 -1.07102169 -19.97909228 56.36263516 -0.33536947 -6.56125268 -12.08250834 -1.79595836 9.27654781 -2.34906211 -1.4e-7 0.00000129
0.15453536 1.02029511 0.96723313 13.44736201 42.76348856 0.66900012 7.59228131 6.28690364 6.41214829 1.19537033 1.0124947 0.48881689 1.20143175 1.00696351 0.48680231 -6.59537437 -8.45066682 -1.01279592 -8.79886185 -43.54614347 4.45405688 0.23636856 -2.57473727 -8.82164329 26.80281213 -22.45149977 -45.70633107 0.00001114 -36.70830392 0.00000341 17.70596376 -8.76936617 -9.20696047 3.78043808 -7.24816766 -21.83126701 -56.99754116 -4.68502611 30.86451369 -0.00002673 48.52282156 0.00000949 54.92576326 6.15082433 -4.77882144 -12.68657325 1.93565913 10.58822412 46.07015549 -7.76179891 10.24642978 10.29480924 -2.41181723 -7.1480808 -35.26898894 7.32754814 -19.44215151 -56.07366574 -1.59253427 -19.48566886 56.26083045 0.90951035 -6.56588874 -11.32182363 -1.72809579 9.1817728 -2.34906974 -0.00000189 -0.00000343
0.15669273 1.01560928 0.95352752 11.40725433 41.50811012 1.14980481 8.07625065 5.71717936 6.10938642 1.22114239 0.91558191 0.43742808 1.22689325 0.90969177 0.4350237 -6.60349121 -7.97252295 -2.03522676 -7.81269916 -42.6794064 5.44145062 0.23408778 -2.54471527 -8.68660806 24.51096841 -20.96329711 -45.19149527 0.00001626 -36.83499978 -0.00000936 16.1030082 -10.31059342 -7.03308077 2.79620374 -8.86337816 -20.75816758 -46.32491531 -7.49315559 33.51437748 0.00000637 47.35228259 -0.00002186 55.2884008 8.04658279 -5.96394057 -12.30588105 2.10623753 11.26429939 48.72400223 -7.68646451 10.23153381 7.75940371 -1.51869 -8.16654543 -35.13683161 6.49361946 -18.19952809 -55.56736683 -2.20033834 -19.04438129 56.25101389 2.31413829 -6.57438424 -10.48221978 -1.65346978 9.06575924 -2.34907275 -0.00000427 -0.00000622
0.1590959 1.00926886 0.9380879 9.27973036 40.57903446 1.77605204 8.20871993 5.07405385 5.52911022 1.19412538 0.81090938 0.36296666 1.19918104 0.80512498 0.36039151 -6.26094416 -7.51893101 -2.95259387 -7.70528136 -41.85341925 5.91797958 0.20950577 -3.05113885 -8.66216057 22.58644744 -18.92918951 -43.90815224 0.00000457 -37.20871736 -0.0000028 15.29105722 -11.64057669 -4.33750783 1.92916501 -10.37563947 -19.71360062 -34.74167585 -9.12398818 36.45975566 0.00001114 43.18783973 -0.00001638 56.64807539 9.35581652 -8.72670053 -12.03144893 2.25826201 11.82871869 51.62557465 -7.51946529 10.2464822 4.54257412 -0.77886352 -8.73381979 -34.26505108 5.47694251 -17.1540686 -55.10949609 -2.56555683 -18.9084147 56.52639222 3.49994796 -6.58594515 -9.68535608 -1.60165885 9.15680587 -2.34906555 0.00000129 -0.00000357
0.16182295 1.00168265 0.92029032 7.34113171 40.22701545 2.45192158 7.97767483 4.50467084 4.63381673 1.12577181 0.72256788 0.26408896 1.129928 0.7173524 0.26157789 -5.84144058 -7.21373378 -3.61775459 -7.81216542 -41.36406817 6.07656692 0.17365428 -3.8577309 -8.7039492 21.25574073 -17.28079719 -41.21361697 0.00001828 -38.19575045 0.00001613 15.65958904 -12.46048361 -0.71588604 1.19637808 -11.72639654 -18.71237391 -22.71097306 -12.00695686 39.84581274 -0.00001278 40.29695677 0.00000749 59.79090475 9.09452295 -11.74914831 -12.24410937 2.25600353 12.21675491 54.73185209 -7.24347619 10.28659887 0.88676264 -0.22633815 -9.01939991 -32.7031319 4.27071481 -16.2550209 -54.80103212 -2.5329369 -19.19504323 56.92933027 4.21154801 -6.59662316 -8.86096022 -1.57483868 9.61647586 -2.3490692 -0.00000631 -0.00000816
0.16453311 0.99615204 0.89831679 5.51883435 40.22500176 3.26387255 7.91176656 3.85423286 3.30371625 1.08948425 0.62371724 0.10571004 1.09263935 0.61888535 0.1033923 -5.68240006 -7.08136155 -3.86341222 -7.63185089 -41.12211633 6.48496544 0.15211918 -4.27846925 -8.65649831 20.13975885 -16.62181806 -37.05757591 0.00002213 -39.78026546 0.00000855 16.26493963 -13.00094648 3.19980341 0.6074223 -12.8506814 -17.74726224 -9.79702839 -16.42060277 44.41577218 -0.00000522 40.29763168 -0.00000153 62.78390883 6.96758903 -13.44589025 -12.58971156 2.23461307 12.29122062 57.34436177 -6.93897725 10.2655872 -2.76109497 0.38423093 -9.42407284 -30.65159339 2.97735876 -15.24016832 -54.26232345 -2.25826168 -19.82826282 56.54071793 4.66679974 -6.60526978 -7.50527245 -1.51515121 10.40434118 -2.34907377 -0.00000979 1.9e-7
0.16696775 0.99772033 0.87075775 3.5850676 40.02894086 4.41760334 8.46973111 2.75067015 1.50107572 1.14009965 0.45356332 -0.12829085 1.14203669 0.44843315 -0.13019394 -5.62454873 -7.02070378 -3.58655118 -7.45270008 -40.57864262 7.35174856 0.16336886 -4.01156145 -8.43586252 18.91465193 -16.9033291 -32.28990717 0.00001824 -41.3119805 0.0000258 16.19037369 -13.54266745 6.53568418 0.17303624 -13.67448391 -16.8033725 3.64088777 -19.86285654 50.74962959 -0.00001338 41.50839862 0.00000125 62.5320221 4.09889658 -13.50735747 -12.08887706 2.35526947 11.83177679 58.19094756 -6.49976512 9.82929469 -6.05243804 1.00599604 -10.03107143 -28.91485867 1.86876685 -13.22538397 -52.81878655 -2.1277977 -20.65895148 54.03081008 5.39139679 -6.61577735 -4.95827122 -1.32328676 11.31463048 -2.34907287 -4.1e-7 -0.00000569
0.16947412 1.0074832 0.83831114 1.56638306 39.25146584 5.72636531 9.31180807 1.03309759 -0.30909302 1.22001329 0.18311343 -0.35735826 1.22062285 0.1775348 -0.35824172 -5.09204744 -6.82673407 -3.09785677 -7.50985644 -39.24752184 8.47545506 0.18477544 -3.59562809 -8.09637293 18.0112248 -17.4756081 -28.17850806 0.0000087 -42.11125581 -0.00001029 15.37293646 -13.89228952 8.93627009 -0.13113672 -14.19461782 -15.8630209 15.73489359 -20.9537711 57.81638144 0.00000359 42.62598975 -0.00001712 57.42875367 1.82934903 -12.94419162 -10.24052479 2.83245068 10.8945379 56.69450871 -5.80873168 9.03616708 -8.95387385 1.44778716 -10.91177035 -27.56634641 1.14394557 -10.24923964 -50.19005433 -2.56206013 -21.38773153 48.76289263 6.66925235 -6.63535103 -0.99407753 -0.93629655 12.22053976 -2.34907971 0.00000541 -0.00000176
0.17291956 1.02201834 0.80301982 -0.26194685 37.92535629 6.64794574 9.82556302 -1.16279075 -1.52412955 1.24922876 -0.1722625 -0.49183549 1.24878427 -0.17786278 -0.4907268 -3.88114064 -6.37627615 -2.69325636 -7.50168971 -36.9069568 9.39728831 0.18446049 -3.62232507 -7.73544118 18.08689686 -17.82268273 -25.27598 -0.00000915 -42.04304134 -0.00001155 14.24648204 -13.52100831 10.3516185 -0.37900015 -14.50876487 -14.87977396 24.99348269 -20.9755415 64.09975166 -0.00000328 43.42465902 0.00000565 48.67484212 0.69310157 -12.45106878 -7.41184381 3.75171325 9.97908597 53.35769534 -5.2744547 8.06362405 -11.59176776 1.83228553 -11.95054336 -25.29942967 0.66870535 -7.81842225 -46.45972591 -3.77696483 -21.61691351 40.80336897 8.32156618 -6.67557208 4.22873595 -0.33289622 13.25122804 -2.34908776 0.00000706 -0.0000061
0.17734867 1.03719978 0.76639259 -1.54397849 36.29542305 6.82602333 9.72463862 -3.58618184 -2.01422252 1.21165616 -0.57495245 -0.51144333 1.21072889 -0.57970507 -0.50767828 -2.24074701 -5.72058025 -2.3178595 -7.2293691 -33.59291023 9.67576052 0.16528001 -4.106261 -7.42811693 19.19438602 -18.08540348 -23.19503159 0.00001466 -41.42564263 0.00002688 13.13248696 -12.30009673 10.7096703 -0.61012677 -14.67866314 -13.83330344 31.16183571 -21.13725824 68.99050448 0.00000632 43.41482489 -0.0000208 39.48532548 0.36935365 -11.96184898 -4.47392263 4.90286096 9.31757541 49.1491518 -5.04473437 6.97543056 -13.97861718 2.21984409 -12.85568399 -22.56570112 0.37386289 -5.85149655 -42.53768994 -3.41672487 -21.09337826 34.62736303 4.92903262 -6.09250806 4.69820181 -1.19407842 13.84067041 -2.52573465 0.00000301 -0.00000225
0.18223 1.05181398 0.7285989 -1.82971574 34.29316617 6.05871806 8.97934824 -5.71711826 -1.91373843 1.13848129 -0.93970147 -0.43211689 1.13820295 -0.942308 -0.42688448 -0.59619973 -5.00017349 -1.83985116 -6.89981506 -29.73500647 9.3957576 0.14294964 -4.77885591 -7.22363221 20.92650377 -18.56225936 -21.28177755 0.00002032 -40.88522613 0.00001561 12.09618892 -10.83127689 10.05251464 -0.82746896 -14.71038522 -12.74894354 34.28804344 -21.42050109 72.18294675 -0.0000078 42.33716272 0.00001045 32.95344188 0.1692968 -11.46383199 -2.16563937 5.72102643 8.58137486 44.68573301 -4.17780871 5.75928748 -15.94401743 2.54309411 -13.49092773 -20.42240032 0.21622687 -3.65534168 -40.25198763 -1.03846213 -20.09297095 33.85273222 -3.85242702 -4.82557307 -2.32276664 -4.39486569 12.88539085 -2.79183114 0.00000487 -0.00000135
0.18720893 1.06583559 0.68959793 -1.1499882 31.41730875 4.69417785 7.93737839 -6.912115 -1.61958896 1.05686963 -1.14915165 -0.33512005 1.0576248 -1.14980958 -0.3303516 0.44823999 -4.32760875 -1.29411848 -6.82732204 -25.91506671 9.07379951 0.12318379 -5.36113182 -7.14865048 22.52924563 -19.31339576 -19.24397942 0.0000121 -40.82235373 -0.00000374 11.05077491 -10.13348076 8.81306933 -1.02445692 -14.61714144 -11.60126132 34.49822285 -21.17827592 73.38752669 0 40.74441768 0.00000192 30.37526996 -0.45917043 -11.01924103 -0.6406253 5.84963133 7.19767115 40.3172745 -1.4555476 4.41074753 -17.37505078 2.75594643 -13.77211073 -18.4219565 0.09097606 -1.75171698 -39.10326524 0.3402068 -18.90630281 33.81207749 -10.18664858 -3.41898313 -9.87247156 -8.24091092 10.96189635 -2.75153101 0.00000642 -0.00000526
0.19198003 1.07789241 0.65029965 -0.23918428 27.36036679 3.45713581 7.21554406 -6.91017946 -1.38263666 1.00395054 -1.15037085 -0.25938985 1.00499488 -1.15033115 -0.25570531 0.62331484 -3.71926822 -0.87901651 -7.24269002 -22.45672965 8.95325358 0.10579653 -5.79479992 -7.21066646 23.26891451 -20.24525514 -17.40870574 -0.00001092 -41.18414079 -0.00001316 9.79645993 -10.79613439 7.61037485 -1.19280402 -14.41284321 -10.36214792 32.47983528 -19.77496799 72.79558423 -0.00000164 39.95103006 -0.00001232 31.21461603 -1.49280928 -10.25976705 0.36653752 5.36659783 4.9637246 36.58158479 3.80174287 3.16595751 -18.5868122 2.60262732 -13.45428626 -15.50765806 0.01604786 -1.01133716 -38.78250683 -0.77254671 -18.52778147 34.61861169 -9.36940666 -1.86596123 -12.45863405 -12.7013214 10.48917648 -1.96047715 0.00000165 0.0000025
0.19647868 1.08785046 0.61179353 0.32439476 22.50839723 2.54974565 7.0083957 -6.07247874 -1.03567685 0.99577869 -1.00959118 -0.16448771 0.99674517 -1.0091727 -0.16163618 0.37180458 -3.13148427 -0.71261841 -8.14842238 -19.31586387 8.79711082 0.08327546 -6.31592405 -7.39067105 23.14654552 -21.17580934 -16.33943973 0.00001806 -41.89579581 0.00002656 8.26869372 -12.26738661 6.74268792 -1.33652446 -14.11060185 -9.05416843 29.48554428 -17.1746423 71.08567926 -0.00002163 41.39801621 0.00001396 34.28473984 -1.95723132 -8.5882145 1.1119733 4.61277431 2.36456785 33.55796095 8.56192752 2.13933738 -19.65152339 4.12496695 -11.8811667 -12.83961186 0.00111332 -0.31937677 -37.58019482 -1.94459015 -18.24292376 36.02422816 -8.92920117 -0.76773521 -11.78220909 -11.46651394 10.59909108 -2.04720163 -0.00000403 -0.00000255
0.20078799 1.09564398 0.57557756 0.55177807 17.62380174 1.8325333 6.94596856 -5.07434164 -0.54920651 0.99073477 -0.84355854 -0.04314377 0.99172722 -0.84262151 -0.04087728 0.23728269 -2.56121623 -0.67487226 -9.11792411 -16.35223017 8.38456575 0.05256733 -6.93606578 -7.62340176 22.77160215 -22.21930813 -16.0323903 0.00000399 -42.96056983 -5.7e-7 6.87093832 -13.29557073 6.17099922 -1.45768155 -13.72338427 -7.69513212 25.01380893 -13.45670722 68.98552153 -0.00000403 43.25399754 0.00000593 38.66688678 -0.60783196 -5.88677254 1.67563091 3.93766576 0.03042396 30.80848867 9.87153699 1.30269462 -20.46941049 8.72065567 -9.15519919 -9.79900257 0.00149398 -0.37021057 -35.47945106 -3.33309612 -18.14356184 37.23568434 -8.58534566 -0.04511631 -10.53867822 -8.23449271 10.41494131 -2.29202821 -4.5e-7 0.00000256
0.20465759 1.10146598 0.54269326 0.62956405 13.25077899 1.16729228 6.73292753 -4.31370518 -0.03457162 0.96035199 -0.71874821 0.07120219 0.96137118 -0.71738107 0.07299816 0.26401921 -2.07039964 -0.53086621 -9.49499729 -13.6041995 7.8976172 0.03051125 -7.32433391 -7.80513948 22.64505809 -23.92903747 -15.776926 0.00002238 -44.26101282 0.00000163 6.29738635 -13.10809363 5.83550992 -1.55771127 -13.26370482 -6.303005 19.75813326 -8.29424668 67.05083415 -7e-8 45.38518114 -0.00000542 43.6502367 2.68591607 -2.65992509 2.19121327 3.39008171 -1.74115534 27.91695416 9.77359683 0.69242531 -21.23335721 13.67803918 -6.39311934 -7.16854358 0.00134817 -0.34802162 -32.87562764 -4.8378843 -18.46196055 37.94450565 -7.66599896 0.57402009 -9.25705571 -5.47337481 9.13802798 -2.44404899 -0.00000363 -0.00000531
0.20741968 1.10563003 0.51322542 0.61358832 9.50303018 0.53090534 6.39864341 -3.78501841 0.35998149 0.91125847 -0.63173733 0.14108408 0.91208125 -0.63038697 0.14256213 0.19009138 -1.70782724 -0.19818661 -9.03403103 -11.25992863 7.6660072 0.02924018 -7.34665684 -7.84669615 22.84214563 -26.55447544 -15.07686322 0.000007 -45.62216586 -0.00000567 6.87851782 -11.95022707 5.60207472 -1.63733904 -12.74365279 -4.89594831 15.50190035 -1.74345021 65.45092131 -0.00002237 49.31250797 0.00000744 48.47943506 6.59005782 0.54677298 2.72140094 3.00530835 -2.90368818 24.98035232 9.80027193 0.27330628 -22.01175138 17.32984497 -3.99006012 -4.76477588 0.00106464 -0.31200821 -30.04201445 -6.20437059 -19.10591633 38.58080494 -4.84100705 1.11518764 -7.76336611 -3.77046137 7.96536659 -2.59146925 0.00000419 -2.4e-7
0.20857441 1.10851112 0.48673751 0.48003473 6.16348672 -0.05818152 6.0832891 -3.32351845 0.59403728 0.86438851 -0.5548681 0.16504475 0.86492415 -0.55381005 0.16627389 -0.10663479 -1.45926671 0.19826762 -8.09952924 -9.42609537 7.77741628 0.04518576 -7.04624978 -7.74846764 23.2306967 -29.81811884 -14.01134391 0.00001432 -47.00428731 0.00000594 8.22943586 -10.60418965 5.16294345 -1.69668455 -12.17473827 -3.49228841 11.94623483 5.63634728 64.11904005 -0.00001422 53.93383716 0.00000132 52.34960571 9.51368991 3.47942701 3.33839557 2.80284281 -3.61270167 22.19914843 9.7728699 -0.04693598 -22.81410554 20.11820147 -1.69284275 -2.60697407 0.00113658 -0.26938957 -27.56012604 -7.16001588 -19.88093467 39.59218958 -0.8549553 1.42413775 -5.43106115 -2.34309815 7.82178358 -2.73378026 0.00000524 2.2e-7
0.20784193 1.10993576 0.46270287 0.30154997 2.92493913 -0.48464029 5.72060694 -2.82207435 0.59306458 0.80590004 -0.47156658 0.15461521 0.80618037 -0.47085696 0.15563535 -0.48882177 -1.27389836 0.53369398 -7.15898274 -8.00984632 8.09753664 0.07028455 -6.47047756 -7.63681602 23.72203891 -33.22565201 -12.86464224 0.00003241 -48.49739648 0.00003462 9.66243297 -9.58826396 4.31245347 -1.73525601 -11.56785014 -2.11039926 8.78785201 13.17819564 62.88011427 0.00001242 58.80047756 -0.00003973 54.60517328 10.92902121 5.81675617 3.92469454 2.6311737 -4.25504345 19.68595721 9.74255719 -0.21713195 -23.73724325 22.66668253 0.67343412 -0.57466084 0.0013793 -0.23594317 -26.34325506 -7.43668482 -21.03741245 42.47999139 2.65385353 1.4230858 -3.46457216 -0.12221649 8.01064985 -4.49650971 -0.06927177 2.50558554
0.20539937 1.11069992 0.44045508 0.1997934 -0.36690619 -0.75908655 5.17943354 -2.19680864 0.42054069 0.71350817 -0.37032534 0.12524968 0.71357581 -0.36997591 0.12606883 -0.80661089 -1.10596055 0.7414213 -6.367911 -6.8787922 8.52688275 0.09318493 -5.8438023 -7.68302267 24.14562781 -36.20306876 -12.09829879 0.00003643 -50.20920019 0.00002027 10.85241215 -8.99140306 3.31713236 -1.75199252 -10.93325816 -0.76894823 5.95071025 20.18703432 61.70436078 -0.00000589 63.55307675 -0.00000545 55.15965972 11.5277288 7.01164898 2.86958505 2.47037068 -4.88326178 19.77605524 9.7879602 -0.14132396 -24.43739201 25.81996551 2.02471004 0.39959148 3.1e-7 -0.00000221 -25.90888613 -7.17051775 -22.39125238 46.31541112 5.05281689 1.18842109 -2.20958881 3.03206811 8.14629884 -6.15479183 -0.24560116 4.73329941
0.20142811 1.11176538 0.41947755 0.11488651 -3.61471912 -1.02546613 4.63165208 -1.41271158 0.26914171 0.61946396 -0.24595194 0.099731 0.61937496 -0.2459443 0.10029917 -1.10618604 -0.94176146 0.79776092 -5.73455586 -5.98742178 9.0389479 0.10464555 -5.47543147 -7.93745872 24.35411055 -38.38192769 -12.12586293 0.00001395 -52.11024754 7.9e-7 11.98897742 -9.08541876 2.91395167 -1.74542925 -10.28059076 0.51340816 3.46281978 26.11147332 60.6243068 -0.00006202 67.8618271 0.00004984 54.54322591 12.25125932 6.84552246 0.67673619 2.42015071 -5.36916053 21.5889306 9.85493172 0.20308253 -24.463751 29.09495419 2.70471602 0.05422183 -7.4e-7 0.00000222 -25.09673229 -6.92522009 -23.51767438 48.96025521 6.30064806 0.88220144 -0.77699085 6.29289391 7.94009313 -7.20542755 -0.37911602 5.90129804
0.19587621 1.11460204 0.39961763 -0.09733414 -6.49256979 -1.3873381 4.36618069 -0.56825085 0.21783026 0.57595272 -0.11515964 0.08426618 0.57583645 -0.11528992 0.08678664 -1.46941377 -0.79036751 0.77712736 -5.40521724 -5.27110103 9.55194449 0.10318742 -5.42010808 -8.25636178 24.39511541 -39.76595879 -12.96772196 0.00002073 -53.88251036 0.0000047 13.32070136 -10.50784091 3.64566625 -1.71371578 -9.61883039 1.7177528 1.28423715 30.84026871 59.67641754 0.00005067 71.62388249 -0.00005761 53.34500309 13.05638523 5.78926998 -0.71423693 2.48705074 -5.26993542 22.43959155 9.9360406 0.45509785 -23.91370073 30.11584459 2.91030861 0.00000325 0.00000202 -6.7e-7 -23.33801463 -6.94041502 -24.13151412 49.20781382 7.19545228 0.66618602 1.64690372 8.92549544 7.40514237 -9.71681272 -0.72830216 6.87508398
0.18889785 1.11826728 0.3806234 -0.38758289 -8.81845351 -1.85708991 4.36199136 0.14980159 0.23982647 0.58104056 -0.00678596 0.06940414 0.5810259 -0.00719503 0.07353659 -1.84646752 -0.64022073 0.76814761 -5.47537356 -4.56361174 9.98521735 0.10024072 -5.42898857 -8.43699764 24.23217776 -40.549567 -14.48486116 0.00001128 -55.29351881 -0.00000696 14.66992008 -13.31988899 5.23335135 -1.65471479 -8.95649484 2.8250699 -0.5839043 34.62040471 58.85561347 -0.0000063 75.05654504 -0.00001962 51.77917087 12.89608323 4.58549655 -1.75215343 2.69061041 -4.43482239 23.05189628 9.49392566 0.30282063 -23.19241028 30.01123854 2.98372999 -0.00444728 -0.00001102 -2.9e-7 -21.20550112 -6.95000901 -24.27465098 47.95441553 7.28482194 0.61729462 3.35749761 10.71292108 7.22055628 -11.27722782 -0.95047728 7.06701283
0.18102011 1.12221161 0.36204836 -0.56144721 -10.7081615 -2.35090194 4.3635195 0.65485957 0.32163764 0.59066746 0.06795088 0.05802189 0.59086232 0.0667019 0.05817365 -2.15424658 -0.45536524 0.74151155 -5.76426795 -3.72811466 10.34272261 0.10693739 -5.26858203 -8.43982871 24.11098855 -41.00957252 -16.37473387 0.00000695 -56.70632423 0.00000455 15.28701772 -16.2452142 6.91711486 -1.56613818 -8.30163854 3.81621265 -1.79107578 37.64683855 57.95964568 -0.00000451 78.56559717 -0.00002815 49.90605505 11.18080641 3.67934574 -2.85862705 2.96362436 -3.2423426 23.58684175 8.4991559 -0.04456666 -22.42540853 29.95354363 3.12444218 -0.00853082 -0.00001974 -0.00000189 -19.24134529 -6.84585571 -24.08311728 46.14913745 5.04103142 0.70785088 3.97100828 11.95633316 7.58808271 -9.94107283 -0.8688143 7.92028946
0.17259108 1.12619186 0.34375637 -0.55763733 -12.27667414 -2.78269915 4.23972077 1.01204821 0.48836968 0.58001504 0.1193838 0.0512425 0.58047896 0.11766859 0.05118258 -2.34931379 -0.20567507 0.60457512 -6.04523998 -2.73588507 10.66967672 0.11379302 -5.06380307 -8.43827927 25.02653687 -41.33156298 -17.92479909 0.00002864 -58.58508305 0.00001113 14.45275645 -17.55064306 8.48530901 -1.44561237 -7.66204629 4.67200632 -1.964967 39.82692977 56.85254597 -0.00010489 82.07585089 0.00007856 48.09537299 8.92920292 3.21762755 -4.04386093 3.32836896 -1.82688513 23.96837267 7.19969228 -0.53067924 -21.57488766 29.87834055 3.24259235 -0.00857975 -0.00000538 -0.00000198 -17.5202328 -6.73854014 -23.61359741 44.00400777 0.64480657 0.89756452 4.77260243 13.16565897 7.94490486 -9.23905723 -0.82172077 8.73082568
0.16381326 1.12976784 0.32612295 -0.51247208 -13.53879947 -3.19013151 4.03987707 1.27412014 0.81288992 0.54782721 0.16195766 0.07579145 0.54852708 0.16016154 0.07566554 -2.3408904 0.1067499 0.37539055 -6.3350962 -1.59329154 10.96063108 0.10343632 -5.21381193 -8.60041783 27.66661984 -41.37494279 -18.69545537 0.00001594 -60.63382621 -0.00000175 12.40998813 -16.83427582 10.73876657 -1.29076913 -7.04540691 5.37321196 -1.50748761 40.96247693 55.99380143 -0.00003034 84.55150975 0.0000156 47.0872243 8.00875216 3.42940019 -5.16145124 3.76474202 -0.23314201 24.27857875 5.62330519 -1.12582701 -20.76391086 29.78677092 3.34462075 -0.00670793 0.00000788 7e-8 -16.74785398 -6.63191437 -22.8046335 42.66902659 -4.26834944 1.09068377 5.32732345 14.36871686 7.97217814 -8.04985698 -0.99926316 9.6171657
0.15407104 1.13249581 0.30861214 -0.58773686 -14.51050839 -3.46982986 3.85261852 1.42988112 1.05726857 0.5093763 0.18938842 0.10365596 0.51023991 0.18770314 0.10346092 -2.03412897 0.45504087 0.16115729 -6.77118297 -0.30129228 11.15506472 0.07554986 -5.79374114 -8.83050165 31.20126898 -41.10583364 -19.41510157 0.00000162 -62.10956061 -2e-7 10.27910221 -15.4638236 14.26441565 -1.09930885 -6.4595555 5.90048652 -1.31394884 41.18769444 56.09556058 -0.00026779 84.98023198 0.00025861 47.47272271 9.19829176 4.3653939 -6.13764087 4.18185311 1.2833591 24.60852235 3.79574493 -1.64355651 -19.96478889 29.71610024 3.33858602 -0.00311139 0.00000747 0.0000024 -17.34122875 -6.314311 -21.86957669 43.23885327 -8.62957883 1.55637221 5.15344958 15.93382961 7.39999536 -6.16982665 -1.15951341 10.35884296
0.1427248 1.13479653 0.2906639 -0.74166285 -15.26104469 -3.53756379 3.69469907 1.45754089 1.0136926 0.47862055 0.19082386 0.09394761 0.479588 0.18876665 0.09387157 -1.58227149 0.8283762 -0.01735704 -7.38428289 1.16758707 11.21107805 0.05332059 -6.2885137 -8.82425183 33.83586878 -41.02335335 -21.36128552 0.00006088 -62.76871379 0.00006212 9.19620504 -14.90585463 18.02350949 -0.8673967 -5.9150867 6.22719462 -1.31581484 40.87922152 57.15149302 -0.00022213 83.82317845 0.00022195 49.2415357 11.33398436 5.39276397 -6.96574813 4.6060053 2.65735643 24.74304497 1.76734318 -2.08905198 -19.00146559 29.68126722 3.19627752 0.00001027 -0.00000335 -0.00000374 -16.77992816 -5.79919687 -19.97947184 42.0355323 -9.94031048 1.64345075 5.30572581 15.29268931 6.97389261 -8.87844403 -1.77268826 10.74547629
0.12995887 1.13717294 0.27271373 -0.75768486 -15.83601862 -3.44589106 3.53475476 1.34642859 0.79908679 0.45453957 0.17126303 0.05517027 0.45549044 0.1695097 0.05504413 -1.35758992 1.24130236 -0.24457775 -8.19052894 2.85390978 11.13210863 0.06098925 -6.22773813 -8.43076477 34.59751677 -41.42542096 -24.89379584 0.00002304 -62.80043982 0.00001771 9.35378742 -15.42689747 20.00134929 -0.60727005 -5.40098654 6.39389353 -0.68233759 40.2428302 58.53418281 -0.00002057 82.40071389 0.00001112 51.76467493 12.43095962 5.84477095 -7.73327773 5.07487016 4.05175657 24.46957592 -0.40968751 -2.59648848 -17.82294174 29.66092983 2.95568417 -0.00004215 -0.00001128 -0.00000155 -14.1575756 -4.9356679 -17.08990618 37.66554159 -9.9681346 1.20790875 5.95929909 13.12233071 6.89874155 -17.17247841 -2.2595213 9.33517452
0.11617138 1.13979593 0.25482077 -0.59473706 -16.17675447 -3.0903148 3.42252681 1.08600375 0.39684329 0.4452092 0.13407056 -0.01053655 0.44596464 0.13230176 -0.01058398 -1.50954466 1.70741071 -0.62923256 -9.34148605 4.68680051 10.96304058 0.08845852 -5.81942759 -7.86869574 33.98628369 -41.84456971 -29.29252617 0.00005702 -62.25011588 0.00003873 9.75915355 -16.61318721 18.92787569 -0.35207029 -4.88289038 6.52334936 0.64232506 39.34295637 59.88348618 -0.00012448 81.33119813 0.00011052 53.80561982 11.54581143 5.92311467 -8.36120512 5.55743982 5.40269874 23.53871803 -2.69817908 -3.3296163 -16.34541445 29.66624854 2.69779384 -0.00006188 -8.8e-7 -3.5e-7 -11.7926311 -3.48186858 -14.60621425 34.88278309 -10.8192545 0.71464478 1.42452739 11.3419295 8.56814625 -15.53083698 -0.44624707 6.37677932
0.10212248 1.14268724 0.23659871 -0.47512268 -16.08481656 -2.43947968 3.47239282 0.61892903 -0.22526552 0.46001907 0.06876337 -0.10279912 0.46040344 0.06705428 -0.1027515 -1.85657534 2.21530326 -1.24137549 -10.88716992 6.47716238 10.74999849 0.11276933 -5.45489912 -7.50565603 32.83696854 -41.89516243 -33.62272191 0.00000133 -61.11319024 9.6e-7 9.34737499 -17.88992569 15.1644659 -0.12042362 -4.35268445 6.67312135 2.27126752 38.03480224 61.174607 -0.00000423 80.42790541 -0.0000041 53.85019996 9.21984049 6.27278217 -8.74159482 5.98428118 6.54725951 22.01749668 -4.95434624 -4.38062993 -14.57150825 29.65265473 2.79656171 -0.00717004 -0.00002072 -0.00000242 -8.65922172 -2.61785231 -12.40387817 30.14781321 -11.28443469 -0.222671 -2.99954768 9.9631185 10.07118159 -17.26147015 0.00000566 -0.00002257
0.08853334 1.14534486 0.21779198 -0.4888934 -15.43803412 -1.63500215 3.66018133 -0.05207179 -0.92795608 0.48984481 -0.02838895 -0.20170791 0.48984243 -0.02990665 -0.20153017 -2.20556674 2.71325917 -1.98151719 -12.47765859 8.12423345 10.40937177 0.12637787 -5.15232362 -7.50665596 31.35918769 -41.75290026 -37.40428674 0.00003321 -59.47943998 0.00003151 7.95868387 -18.76461305 10.4065398 0.08490825 -3.82508607 6.83558462 4.12201643 36.02628595 62.29140895 0.00000341 79.259033 -0.00000313 51.37861109 6.62551337 7.13704354 -8.91155227 6.37122607 7.51332925 20.02676812 -7.13466313 -5.65172999 -12.50017732 29.69529478 3.01970702 -0.03399184 -0.00000545 -0.00000106 -4.82186958 -2.38920859 -10.61548316 23.35155331 -10.9317607 -1.09495958 -6.50868034 8.96624545 11.21351709 -18.07784669 -0.00000197 -0.00002303
0.07577362 1.14748648 0.19874545 -0.50457654 -14.34049652 -0.87182791 3.82732471 -0.76561007 -1.47982848 0.51548773 -0.13514852 -0.27969312 0.51527147 -0.13646784 -0.2793562 -2.45004761 3.14341539 -2.6161425 -13.52894807 9.6699726 9.84668619 0.13406197 -4.85957463 -7.75321392 29.40468599 -41.60865595 -40.7719557 0.00002986 -57.44033194 0.00002532 6.29906193 -19.02388736 6.46852247 0.25940853 -3.31218574 7.0112799 6.31949491 33.17205274 63.04129811 0.00000261 77.59384074 -0.00001304 47.33179159 4.4497361 8.36165201 -9.15987222 6.79932991 8.45423137 17.86656234 -8.75785838 -6.92568559 -10.12064963 29.36335973 2.84882097 -0.05983522 -0.00001302 -0.00000161 -1.00274226 -2.00497914 -9.31097593 15.89651654 -10.25862263 -1.15457851 -8.20514091 9.11118818 11.66636253 -14.75065499 0.00000103 -0.00001716
0.06405571 1.14954863 0.18066668 -0.45862646 -12.9946163 -0.46924678 3.89427981 -1.31231717 -1.58441733 0.52727583 -0.21788126 -0.31076423 0.52700298 -0.21900337 -0.31030505 -2.45748693 3.48054025 -3.00936509 -13.69399061 11.09540213 9.20208524 0.13684177 -4.70343889 -8.01309424 26.93724108 -41.23510544 -44.23889358 2.5e-7 -55.17504206 -0.00000962 5.07466566 -18.42865877 4.21782456 0.39804517 -2.82616656 7.19141732 8.91659521 29.52929548 63.40551174 -0.00004931 75.36297888 0.00004118 43.04838153 2.58747335 9.61042745 -9.55861245 7.28450211 9.58544326 15.71703891 -9.02114519 -7.95890924 -7.46075326 27.88568788 2.15450765 -0.08636853 0.00000848 -0.00000237 2.2641822 -0.85655736 -7.99904255 9.51216922 -9.44495851 -0.7680832 -8.8354244 10.77317232 10.45934791 -9.57339785 0.00000904 -0.00001203
0.05279697 1.15108031 0.16427818 -0.44273148 -11.56070787 -0.39191412 3.84137625 -1.61428888 -1.41543562 0.52627277 -0.26450322 -0.31100121 0.52595992 -0.26553969 -0.31050454 -2.12568818 3.70949814 -3.14284937 -13.18145053 12.26493476 8.69763901 0.13144321 -4.80144921 -8.11957198 24.3072406 -40.20578744 -48.05179044 0.00004196 -53.02708563 0.0000298 4.19062932 -16.56191214 3.52698351 0.49516823 -2.38015513 7.35395194 11.65042034 25.32080195 63.55177422 -0.00007172 72.41107917 0.00006894 39.23891118 0.89429663 10.62574955 -10.11648822 7.77044991 10.72983733 14.03215982 -8.85951013 -8.55068854 -4.89740696 25.79262783 1.24701165 -0.11795051 2e-8 -0.00000191 4.46337966 0.66067446 -6.40888296 5.1843047 -0.90276759 -0.37279582 -8.9847221 7.77516019 7.07526649 -4.06333022 0.00000142 -0.00000545
0.04178252 1.15080086 0.14968849 -0.53249256 -10.07780986 -0.42596738 3.66533482 -1.78383503 -1.26903069 0.51425222 -0.29262909 -0.31502332 0.51385483 -0.29370896 -0.3150146 -1.6007392 3.82708196 -3.0586462 -12.4972994 13.06983238 8.44217977 0.12519777 -4.97436578 -8.04055452 22.1365447 -38.52433777 -51.77186495 0.00001191 -51.37869301 0.00000278 2.78968527 -13.49677201 3.81125106 0.5477223 -1.98429817 7.49373654 14.19367342 20.95554868 63.53337027 -0.00001672 68.75581778 0.00000503 35.63080491 -0.5550625 11.53783004 -12.20681228 8.39843332 11.76782601 16.45840235 -8.92104603 -8.27428595 -3.68284205 23.24933301 0.36798537 -0.3020672 0.00054713 -0.22392844 4.73788089 1.4695891 -4.98101054 4.46343116 7.43568284 -0.12691868 -9.4616352 3.18288494 4.15565998 -0.52672153 -1.1e-7 -1.5e-7
0.03157954 1.14893853 0.13679906 -0.66370331 -8.54646537 -0.52004433 3.4440353 -1.90267842 -1.1177122 0.49251016 -0.31207191 -0.31226188 0.49204478 -0.31308624 -0.31184111 -1.16503537 3.84628324 -2.87685468 -12.01696558 13.42896176 8.38385373 0.12649363 -4.99036234 -7.86312549 20.86095873 -36.66207053 -54.70986815 0.0000289 -50.26948471 0.00001763 -0.06230329 -10.33366818 4.54239968 0.5771789 -1.60071027 7.63018573 16.273005 16.78346508 63.25129746 0.0000044 64.52468063 -0.00001811 31.50391431 -1.73662408 12.67582461 -15.08933034 9.42302257 12.66584106 21.86007037 -9.00571797 -7.10456685 -3.60912782 20.07190487 -0.36298345 -1.16366942 0.02457686 -1.49478513 2.31681398 1.64754393 -3.86706981 8.70239072 7.81635468 -0.06504834 -10.97479507 2.44634482 2.86335382 -0.00009006 7.3e-7 2.9e-7
0.02289232 1.14716172 0.12539472 -0.76247105 -6.99252405 -0.88391804 3.30110127 -1.91202472 -0.7011956 0.47335872 -0.31071828 -0.28166952 0.47280065 -0.31496985 -0.2810362 -0.91393114 3.78711714 -2.70837578 -11.81199221 13.34847621 8.37326276 0.13026131 -4.91997158 -7.72437143 20.5624977 -34.96094459 -56.52372479 0.00001122 -49.38320356 0.00000159 -4.34051831 -8.3633721 5.2381381 0.60636083 -1.18691528 7.77599987 17.61897676 12.93994819 62.7335135 0.0000193 59.62126065 -0.00003968 26.47369478 -2.82373637 14.08808879 -18.01769931 10.58899314 13.59059504 27.82102353 -9.15120231 -5.22412365 -3.72482595 17.12301631 -0.96034306 -2.11500459 0.09228092 -2.89849925 0.83814283 1.52601751 -2.6872515 11.10209037 6.1565916 -0.06050028 -11.61377372 2.61010353 2.32416348 -0.00543557 0.00000107 0.00000161
0.01547839 1.1460141 0.11530255 -0.76326967 -5.3863503 -1.48720681 3.19657627 -1.83731221 -0.00652222 0.45910723 -0.30162981 -0.21933028 0.45841659 -0.30305941 -0.21890576 -0.72086689 3.69104423 -2.57676053 -11.71736217 13.03526564 8.3516569 0.13036778 -4.92851943 -7.71003745 20.99255048 -33.45133036 -57.36367132 0.00001657 -48.49611529 0.00000678 -8.75234937 -7.62733141 5.45321343 0.63587767 -0.7439854 7.93036109 18.05008728 9.54164329 62.15375561 0.00002464 53.87253313 -0.00002294 20.77088375 -3.98866466 15.35797933 -20.5278538 11.62502903 14.46034146 32.52687809 -8.86487496 -2.97822322 -3.52823935 14.25506122 -1.62051297 -3.24498765 0.19066845 -3.76010562 0.07581404 1.30818601 -1.35173638 11.99984959 4.73817901 -0.04736943 -11.62282458 2.6495478 1.89039759 -0.00543873 5.2e-7 5.3e-7
0.00883362 1.14542526 0.10689103 -0.67683088 -3.66336473 -2.08537874 2.9944015 -1.8144417 0.73807975 0.4396914 -0.30094518 -0.14507479 0.43882595 -0.30212901 -0.14480456 -0.45773643 3.59074057 -2.44143519 -11.58733327 12.6924151 8.36930006 0.12688849 -5.02439667 -7.79855811 21.69469899 -32.11081 -57.62837476 0.00003866 -47.56331972 0.00003266 -11.80755171 -7.00258574 5.33939262 0.6647545 -0.27627507 8.09163267 17.62348128 6.79418688 61.65420153 -0.00002317 47.40199221 0.00000638 14.88553984 -5.16448027 15.87798355 -22.27782427 12.17803092 14.99589573 35.03910895 -7.86728889 -0.92122033 -3.09413193 11.53647025 -2.37195509 -3.95467774 0.26410087 -4.20781611 -0.27705775 1.07420871 -0.08796803 12.10976237 3.18156673 -0.03305975 -11.36857272 2.6809061 1.56102265 -0.00544051 9e-7 0.00000143
0.00298828 1.14518631 0.09998316 -0.6198664 -1.91805179 -2.50109658 2.71030446 -1.88723951 1.28922924 0.41442489 -0.31444236 -0.08989461 0.41336627 -0.31561973 -0.08972086 -0.19989417 3.49165796 -2.29087669 -11.38088225 12.3421014 8.4712173 0.12355142 -5.05830722 -7.91484437 22.32915205 -30.96088035 -57.597445 0.00001485 -46.70595508 0.00000191 -13.15049193 -5.65355982 5.44626689 0.69243631 0.21269186 8.25831966 16.66307015 4.91373101 61.26823952 -0.00001424 40.73778598 0.00001569 9.1142854 -6.09068758 15.31719809 -23.14645911 12.38058548 14.84724257 35.77062857 -6.9625646 1.09279908 -2.70764211 9.56549329 -3.30541224 -4.26781203 0.29403743 -4.29845876 -0.4189257 0.8924526 0.90800445 12.01647889 1.5536936 -0.0183214 -11.11698202 2.70182823 1.31025664 -0.00543548 4.2e-7 6e-7
-0.00173857 1.14504631 0.0941442 -0.60688746 -0.42123479 -2.76950753 2.43267946 -1.96486765 1.68637735 0.38848501 -0.32782333 -0.05385245 0.38723606 -0.32901245 -0.05377342 -0.08782662 3.3945761 -2.18593793 -11.16653602 11.92923589 8.61136792 0.12952764 -4.95659155 -8.02892343 22.84645923 -29.95928255 -57.40784058 0.00003185 -46.14680952 0.00001287 -13.68379516 -3.71250591 5.91229315 0.71845229 0.71928577 8.42888511 15.55658782 3.9244795 60.9736418 -0.00000644 34.56123943 0.00001333 3.52635866 -6.56737791 13.90691764 -23.46015613 12.49151394 14.31157242 35.75497853 -5.91781602 2.93573499 -2.5692772 8.02819356 -4.01263103 -4.12720422 0.28105273 -4.46423171 -0.53820502 0.7663069 1.63806399 11.98330939 0.13161196 -0.00567884 -10.93157448 2.71559962 1.12424957 -0.00545025 7e-7 -5.8e-7
-0.00526099 1.14501022 0.08909871 -0.59826898 0.54250826 -3.03592423 2.20011386 -1.91360366 2.11373614 0.36477568 -0.31946695 -0.01185831 0.36341492 -0.32067339 -0.01185339 -0.06824543 3.29848031 -2.16403153 -11.08860766 11.44680304 8.67254234 0.13571895 -4.85345461 -8.16338465 23.30882261 -28.99649238 -57.22701337 0.00001059 -45.8662503 -0.0000177 -14.43265328 -1.8252589 6.48265636 0.7423925 1.23994361 8.60210413 14.4724832 3.59064067 60.73941665 -0.00000261 29.36243146 -0.0000077 -1.77032223 -6.66470779 12.2581813 -23.39138053 12.37960685 14.23631322 35.17552382 -4.70807199 3.6647831 -2.66177655 6.62678091 -4.40500295 -3.74919606 0.24164109 -4.51220523 -0.65358517 0.67036709 2.2275028 11.86517662 -0.77605208 0.00222216 -10.68406014 2.7283574 0.97116388 -0.005429 0.00000179 0.00000155
-0.00768517 1.14512146 0.08428337 -0.63137224 1.03474622 -3.37268847 2.02196946 -1.70640553 2.61712792 0.3463435 -0.28726198 0.05044086 0.34501682 -0.28853671 0.05038283 -0.01651897 3.19949314 -2.1684975 -11.1802129 10.96165592 8.61593792 0.13311744 -4.79014542 -8.31185947 23.62851887 -28.02974634 -57.23214871 0.00003917 -45.59554081 0.0000237 -15.56638139 -0.45293004 6.93242506 0.76390613 1.77107055 8.77664987 13.16494895 3.64569029 60.51861046 0.00001028 25.06163457 -0.00002273 -6.53093235 -6.66193771 10.8127263 -23.01097394 12.172512 14.55002371 34.14359207 -3.59695645 3.69937895 -2.88680378 5.38126877 -4.82342049 -3.37520002 0.20026638 -4.2554594 -0.68190546 0.59034919 2.77085992 11.54848844 -1.21577 0.00585597 -10.29612497 2.7416506 0.83894221 -0.0054323 0.0000014 0.00000162
-0.00941308 1.1453817 0.07939785 -0.72836038 1.36463534 -3.72826209 1.88561728 -1.46467434 3.08622086 0.34226016 -0.25575299 0.12760516 0.34108031 -0.25736172 0.12743413 0.06559174 3.08641272 -2.10225686 -11.316178 10.50949708 8.53302033 0.13537313 -4.66688353 -8.4119572 23.68685333 -27.11242392 -57.46735551 0.00000943 -45.19907345 0.00001302 -16.62714309 0.41978194 7.25658425 0.78274178 2.30903288 8.95121881 11.59958183 4.03419631 60.36092218 -0.00000141 21.8986483 -0.00000977 -10.41571578 -6.8477714 9.45176794 -22.4333734 12.13410735 14.80666494 32.78004946 -2.62511512 3.78973837 -3.14809147 4.33842631 -5.29998422 -3.03099815 0.15608845 -3.77049578 -0.59224635 0.52900275 3.27437513 11.08078315 -1.49937826 0.00807241 -9.81560721 2.75331 0.73165012 -0.00543876 -2.2e-7 3.9e-7
-0.01060617 1.14581597 0.07442817 -0.86013964 1.690952 -4.04675203 1.77618669 -1.25667992 3.43506886 0.3586402 -0.23777107 0.20844039 0.35766666 -0.23981564 0.20797853 0.13390708 2.93938581 -1.92489615 -11.37461264 10.01211207 8.50413507 0.13926301 -4.54263098 -8.42005109 23.55355158 -26.31590972 -57.85949495 -0.00000208 -44.76714984 -0.00000202 -17.31594704 1.11080617 7.62855315 0.79872439 2.85023649 9.12466351 10.09322182 4.72576045 60.37699634 -0.0000129 20.10975491 0.00001926 -13.46302353 -7.19193689 7.84166625 -21.70352639 12.30460829 15.01657465 31.04476353 -1.83055019 3.88049144 -3.31762191 3.47472748 -5.91268419 -2.56356393 0.11259307 -3.20157456 -0.41176525 0.49410637 3.70559118 10.49892049 -1.79295824 0.01041036 -9.27905422 2.7616088 0.65669733 -0.00544259 5e-8 3.4e-7
-0.0111654 1.14636788 0.0694244 -0.98279011 1.98829956 -4.27556273 1.64523096 -1.00942107 3.65483227 0.38832635 -0.22024788 0.28726199 0.38766483 -0.22323129 0.28647693 0.17394433 2.75489571 -1.6919582 -11.34174116 9.3901401 8.51862163 0.13978468 -4.52906199 -8.35745594 23.40198633 -25.68695747 -58.31115077 0.00002977 -44.45104536 0.00001911 -17.65164323 1.95619184 8.14509853 0.81174636 3.39104043 9.29581356 8.86903657 5.53883897 60.53441576 0.00000661 19.23931125 0.00000451 -16.24188048 -7.45519259 6.11752908 -20.86536077 12.65106776 15.0940863 28.99504258 -1.16006656 3.96939272 -3.36039989 2.72486527 -6.59610125 -1.99922039 0.07374303 -2.59088445 -0.2639669 0.48064084 4.00104804 9.95084363 -2.07517491 0.01263545 -8.75454762 2.76711769 0.62258207 -0.00544403 -1.6e-7 -5.5e-7
-0.01129612 1.14701637 0.06418253 -1.02277343 2.19690479 -4.44419239 1.44085199 -0.70617629 3.83319199 0.42130759 -0.20000842 0.37491055 0.42107019 -0.20372275 0.37357251 0.19836275 2.55988149 -1.4896519 -11.29155705 8.6952279 8.534488 0.13859056 -4.60463708 -8.26321165 23.32692194 -25.18292162 -58.78541732 0.00004754 -44.38663169 0.00002624 -17.55598622 3.03257607 8.57256715 0.82176245 3.92782816 9.46368085 7.9738315 6.35104098 60.71572633 -0.00000324 18.99044334 0.00001707 -19.1108105 -7.74568135 4.87456433 -20.07916782 13.1511168 15.07198319 26.77840441 -0.55114104 4.04449359 -3.28235782 2.08203154 -7.14983504 -1.43764481 0.04073401 -1.92486329 -0.24610297 0.48078242 4.19447688 9.4336494 -2.28537235 0.01422856 -8.21517081 2.76787029 0.61215359 -0.00543876 7.8e-7 8.5e-7
-0.01092573 1.14761413 0.05882556 -1.06510922 2.34117588 -4.60480717 1.25179984 -0.42682026 3.97985606 0.46456534 -0.19054964 0.4714772 0.46478291 -0.1953784 0.46955243 0.21340443 2.38099214 -1.349195 -11.25005915 8.03422334 8.52890096 0.13733279 -4.67437378 -8.15262831 23.312928 -24.77132681 -59.24531648 0.00002415 -44.50842884 0.00001605 -16.81761172 4.05566501 8.46531413 0.82887109 4.45696779 9.62705009 7.19305703 7.17822196 60.82696128 -0.00001363 19.00953926 0.0000015 -22.01667072 -8.42161671 4.53975579 -19.34128112 13.6782806 14.997763 24.62345919 0.00043679 4.10299645 -3.15832742 1.57030288 -7.49438083 -0.93979563 0.01665064 -1.23082064 -0.4329544 0.4655131 4.34430697 9.28393043 -2.43076647 0.0150473 -7.83533476 2.76995385 0.62873494 -0.00544412 -5.4e-7 1e-7
-0.00979761 1.14827209 0.05374885 -1.2735085 2.44808202 -4.72635443 1.17548363 -0.19563567 4.00240606 0.52773057 -0.19573326 0.56154345 0.52841558 -0.20186254 0.55894232 0.19821032 2.22166634 -1.26119814 -11.14152519 7.44265851 8.48806562 0.13782851 -4.65398822 -8.04873438 23.27735236 -24.4647057 -59.61084882 0.00002456 -44.59126203 0.00002165 -15.5521435 4.74722666 7.66742961 0.8331324 4.97481595 9.78521369 6.32779284 8.0397563 60.89417133 -0.00000912 18.88421559 0.0000175 -24.66180144 -9.60456537 4.87389271 -18.39775124 14.05967429 14.8044126 22.57044049 0.43422418 4.1310986 -2.99294055 1.17079654 -7.71052335 -0.51347948 0.00401449 -0.60490278 -0.73476694 0.44473313 4.41230801 9.72455527 -2.53393164 0.01570978 -7.76607155 2.76864417 0.70708151 -0.00543271 0.00000128 0.00000146
-0.00821962 1.14904228 0.04883371 -1.63457555 2.53722863 -4.67164628 1.14631607 0.02585235 3.83793006 0.60556491 -0.20824286 0.64578252 0.60677975 -0.21582606 0.64240949 0.16664573 2.07981447 -1.27091393 -10.94413012 6.85891824 8.40630782 0.14064598 -4.57136155 -8.00000769 23.15122383 -24.18835355 -59.94432319 0.00000186 -44.6305848 -0.00000823 -14.17433572 5.23609984 6.51481247 0.83474633 5.47775351 9.93717355 5.43946268 8.8733267 60.99174174 -3.3e-7 18.61218006 0.00000617 -26.62807746 -11.01046407 5.17793937 -16.98160538 14.33415965 14.2564549 20.18756715 0.71519852 4.18860291 -2.52776353 0.86830897 -7.75699449 -0.35515144 0.00116047 -0.32555297 -0.86382929 0.44379502 4.27267352 10.16617793 -2.61903441 0.01625408 -7.71751064 2.7658377 0.82282513 -0.00543549 -4.1e-7 6.5e-7
-0.00647187 1.14978973 0.04412784 -2.01576692 2.64443636 -4.39380142 1.0629358 0.25794675 3.54911496 0.69311165 -0.22369426 0.73346712 0.69493761 -0.23290742 0.72922423 0.1114244 1.95114558 -1.40030887 -10.71435207 6.22615941 8.30120974 0.14483242 -4.4997195 -8.02410414 22.9090504 -23.74813774 -60.42119828 -0.00000946 -44.75394377 -0.00000373 -12.98652526 5.85007946 5.56212398 0.83399923 5.96213165 10.08190129 4.69348979 9.62310652 61.13220434 -0.00000482 18.34114229 0.00003149 -27.7476049 -12.19614006 4.96067958 -15.57315893 14.41422677 13.42433056 18.13095045 0.84682347 4.29284448 -2.08801339 0.68219801 -7.78831098 -0.203254 0.00000133 -0.0000019 -0.95370532 0.47204896 3.89192851 10.61115853 -2.74023651 0.01688062 -7.69089107 2.7608717 0.96638724 -0.00543871 5.5e-7 1.6e-7
-0.00465082 1.15031204 0.03968218 -2.32489178 2.79737415 -4.05149573 0.95716426 0.47768067 3.25799853 0.7951562 -0.24587427 0.82963809 0.79763801 -0.25693583 0.8244379 -0.02705805 1.82425748 -1.55235123 -10.47800455 5.59490083 8.18413998 0.14811423 -4.42646935 -8.07269891 22.5626394 -23.12134098 -61.09611971 0.00001725 -45.06225492 0.00000461 -12.00447802 6.71175803 5.17165107 0.83116098 6.42430284 10.21854514 4.01790228 10.31665073 61.32463414 0.00000416 17.89743562 -0.00001687 -28.27306908 -12.97101817 4.2991411 -14.71204606 14.29683699 12.70331919 16.93909401 0.81183422 4.34414517 -1.38176622 0.59154183 -8.05033194 -0.25465986 -0.00000933 0.00000133 -1.06851485 0.51406103 3.44067923 11.00580603 -2.91795909 0.01834268 -7.65982068 2.75406325 1.1229244 -0.0054387 9.2e-7 3.3e-7
-0.00276641 1.15067055 0.03533317 -2.56962771 3.02283108 -3.82430841 0.9177923 0.66054737 3.04685291 0.91520855 -0.27924857 0.93650809 0.91835941 -0.2923639 0.93027654 -0.23265289 1.6899818 -1.65180837 -10.26392066 5.00810448 8.04062431 0.15102454 -4.32699114 -8.08384887 22.17735174 -22.55108659 -61.83780306 0.00001701 -45.53498272 0.00000651 -11.10334429 7.66509162 5.27478701 0.82629517 6.8850808 10.35341697 3.16205397 10.96075715 61.56053607 0.00000589 16.91982205 0.00000528 -28.72775758 -13.42362182 3.58751703 -14.35661564 14.0723035 12.18630856 16.49456569 0.787195 4.33690193 -0.97044391 0.53632718 -7.85036141 -0.28309303 7.1e-7 0.00000583 -1.1185689 0.54680745 3.10897878 11.17731093 -3.15650574 0.02048533 -7.5328619 2.74704469 1.27664824 -0.00544731 1.3e-7 -2.7e-7
-0.00094234 1.1510276 0.03085538 -2.7254492 3.31375932 -3.72194951 0.90929986 0.8273524 2.92519097 1.0444132 -0.31986263 1.05537648 1.04828168 -0.33518182 1.04804724 -0.41962924 1.53896498 -1.70502838 -10.0983511 4.41830828 7.83164334 0.15474319 -4.22831303 -8.05132271 21.76843895 -22.13403294 -62.49962185 0.00003018 -45.96152049 0.00003778 -10.17722778 8.51323924 5.40878295 0.82339111 7.09437786 10.41440395 2.54162194 11.38229197 61.90613894 -0.00001502 16.14291654 0.0000055 -28.42308224 -13.48360883 3.2429434 -14.25476263 13.8144679 11.8346087 16.20368099 0.78648801 4.30126782 -0.58246754 0.48878942 -7.58054335 -0.29675724 -0.00000441 -0.00000471 -1.10634149 0.56893912 2.91123839 11.0501426 -3.45184361 0.02316769 -7.25658497 2.74179599 1.4162504 -0.00544267 0.00000111 0.00000114
0.0006205 1.15140472 0.02615804 -2.7345023 3.61736818 -3.65241699 0.83160596 1.02030251 2.85609951 1.17223036 -0.359598 1.18447866 1.17690684 -0.37721852 1.1759921 -0.55136615 1.37178646 -1.73317826 -9.94085868 3.80575346 7.54639998 0.15835975 -4.15507132 -8.01130608 21.31285328 -21.74977839 -63.03445568 0.00002683 -46.20261468 0.00003475 -9.28737283 9.21110395 5.05057175 0.82985912 7.0703159 10.41521184 2.27000129 11.59599461 62.38771118 0.00000129 15.66923093 -0.00001225 -27.46457685 -13.1696938 3.13880603 -14.33111865 13.63174779 11.52880258 15.85072638 0.80051187 4.27549361 -0.11903087 0.44126472 -7.31219607 -0.3018431 -0.00000568 -2.1e-7 -1.173019 0.5825986 2.75259067 10.75403212 -3.76079777 0.0259664 -6.8774727 2.73871354 1.53355552 -0.00544647 8.3e-7 4.7e-7
0.00187891 1.15179817 0.02141326 -2.65373348 3.93105109 -3.55716896 0.69854195 1.2356185 2.77914315 1.30194518 -0.39861548 1.31831764 1.30752643 -0.41863502 1.30861795 -0.64674931 1.2044668 -1.75284243 -9.75580088 3.21878892 7.22920694 0.15967567 -4.13161449 -7.99287816 20.81695474 -21.27750924 -63.46863656 0.00001829 -46.2332805 0.00001467 -8.72891489 9.7768762 4.09113897 0.82980631 7.07030129 10.41526741 1.97126741 11.76617664 62.92401971 -0.00000204 14.89026557 -0.00000382 -26.85618854 -12.73034324 2.80014227 -14.43795585 13.53918773 11.19493588 15.34656689 0.80945473 4.27458901 0.43393948 0.39295935 -7.08391472 -0.28748459 -0.00000332 0.00000234 -1.33890143 0.59324261 2.57650079 10.46389567 -4.08424874 0.02885277 -6.49317455 2.73588029 1.63431549 -0.00543225 0.00000115 0.00000108
0.00291021 1.15219498 0.01686476 -2.63275754 4.33356476 -3.45010245 0.63510895 1.41580624 2.65496712 1.44595855 -0.44671044 1.45352008 1.45248226 -0.46924698 1.44255836 -0.73471214 1.05233877 -1.78505375 -9.55930372 2.69722699 6.91867584 0.15791446 -4.16754619 -7.9995159 20.33263748 -20.81744336 -63.79975216 0.00003067 -46.05649749 0.00002452 -8.77566015 10.21098108 3.03762574 0.82977117 7.07029031 10.41525015 1.70605967 11.90439839 63.46164846 0.00000112 14.10485827 0.00001299 -26.51820561 -12.35179312 2.1226502 -14.42279622 13.50623612 10.85702258 14.71396981 0.80139679 4.29917059 1.0473418 0.34156565 -6.93490802 -0.23335002 -0.00001258 -0.00000262 -1.47331081 0.60449027 2.410308 10.28296999 -4.49529186 0.03245624 -6.18718219 2.73205041 1.73179282 -0.0054355 -7e-7 6e-7
0.00357479 1.15258461 0.01281083 -2.70833901 4.85662443 -3.35796722 0.68712342 1.52716003 2.4807289 1.60928273 -0.50940169 1.58852473 1.61676091 -0.53458434 1.57625258 -0.84132491 0.91043534 -1.80430668 -9.3910656 2.2485277 6.60633457 0.15599781 -4.21840813 -8.02814841 19.84199981 -20.3706906 -64.09040704 0.00004391 -45.68848347 0.00004933 -9.37036727 10.53303869 2.57662987 0.82973638 7.07027842 10.41519859 1.44117799 12.02939702 63.98353882 0.00000339 13.35524056 -0.0000014 -26.41071744 -12.11769136 1.32410253 -14.27456683 13.50944424 10.56630975 14.00761438 0.77996611 4.3374187 1.68688281 0.28920893 -6.86740871 -0.14003745 0.00000471 0.00000196 -1.49834066 0.61482369 2.29815946 10.17704974 -5.02268362 0.03703616 -5.96661212 2.72730026 1.81733898 -0.00543553 -7e-7 6.5e-7
0.00374347 1.15297508 0.00957751 -2.77726116 5.43312977 -3.26019121 0.75184719 1.5984732 2.2849652 1.78226428 -0.58099534 1.72394031 1.7907343 -0.6089258 1.71031868 -0.96343572 0.7655947 -1.79391787 -9.26569547 1.82642986 6.29042431 0.15381549 -4.245526 -8.08628397 19.34792477 -19.74779671 -64.40280255 0.00001585 -45.26652408 0.00000736 -10.16088077 10.75484917 2.91689308 0.82966447 7.07025947 10.41533943 1.14140796 12.12624322 64.46469912 -0.0000191 12.59040958 0.00000384 -26.35521277 -11.97847482 0.72725978 -14.07608235 13.54098457 10.29788024 13.24373925 0.77243021 4.3810638 2.32646207 0.22875707 -6.83884708 -0.04144466 -0.00000188 -0.00000209 -1.45918904 0.62632628 2.21522511 10.04007146 -5.60536264 0.04207518 -5.7850428 2.7229503 1.87562765 -0.00544043 3.1e-7 4.5e-7
0.00357612 1.15339173 0.0073398 -2.76553148 5.98048009 -3.12737765 0.72066081 1.67494287 2.12029815 1.95008573 -0.65289148 1.86622151 1.95962905 -0.68360077 1.85121048 -1.0742305 0.62455847 -1.82395072 -9.11492153 1.36575332 6.01363179 0.13759804 -4.26853955 -8.212927 18.88345457 -19.04821496 -64.71297088 0.00004556 -44.73818197 0.00002315 -10.88836356 10.7511476 3.72925898 0.82963292 7.0702501 10.41529682 0.85115476 12.17204618 64.84886684 -0.0000037 11.87075303 0.00000531 -26.11077707 -11.87733448 0.4733226 -13.87876795 13.58177991 10.02004732 12.46529318 0.57459889 4.36532742 2.90774593 0.17510583 -6.76673999 -0.00116978 0.00001458 -7e-7 -1.36464447 0.63950012 2.10784774 9.7374724 -6.16199717 0.046889 -5.57442247 2.72135614 1.90326471 -0.00543867 6e-7 2.5e-7
0.00327603 1.15382805 0.00631708 -2.6893192 6.45243675 -2.97905687 0.58462265 1.77584342 2.01647375 2.10713135 -0.72134671 2.0191837 2.11784924 -0.75483127 2.00275373 -1.14158929 0.49306384 -1.92293162 -8.89174461 0.85772358 5.77612828 0.09381582 -4.32409849 -8.41637333 18.41270579 -18.42546086 -65.03617877 0.00000148 -43.81098521 0.00000337 -11.50953726 10.38990646 4.51149502 0.82961533 7.0702382 10.41515701 0.61493511 12.16975385 65.11590668 0.0000045 11.28124025 -0.00000268 -25.56430754 -11.80771328 0.46751477 -13.6832227 13.64642924 9.76466348 11.73157372 0.19094436 4.2827518 3.38445489 0.1462802 -6.6670998 0.00234532 -0.00001104 -0.00216096 -1.17334876 0.65999267 1.98419433 9.23541307 -6.64948547 0.05108271 -5.32733243 2.72393846 1.9083566 -0.00543869 7.9e-7 2.8e-7
0.00291519 1.15412857 0.00622587 -2.56368394 6.80565247 -2.8514071 0.37729619 1.93879834 1.96661295 2.25454874 -0.77989624 2.1809313 2.26656774 -0.81614104 2.16307426 -1.14859352 0.3612083 -2.03300317 -8.62169273 0.33184591 5.54401196 0.02268007 -4.42907934 -8.64587574 17.89949916 -17.91312873 -65.38950241 0.00003351 -42.4244673 0.00000486 -12.25301134 9.90483105 5.07842022 0.82956258 7.07022484 10.41521382 0.38833874 12.12085567 65.28388042 0.00000139 10.78225955 -0.0000013 -24.83219004 -11.76478275 0.52950521 -13.56695432 13.74811569 9.57294105 11.15666653 -0.11937738 4.19764867 3.73047009 0.13028937 -6.59805703 -0.00001444 0.00000759 1.2e-7 -1.19010089 0.67222475 1.87863806 9.10243609 -7.01786488 0.05410355 -5.29390929 2.72411157 1.91365495 -0.00543867 -4.1e-7 -3e-7
0.0026283 1.15435448 0.00621388 -2.42433154 7.01991113 -2.79499038 0.16165357 2.20183247 1.97120955 2.3979025 -0.82212736 2.34687695 2.41137298 -0.86111473 2.32761133 -1.09732806 0.21974558 -2.09944522 -8.38664347 -0.19282754 5.32364696 -0.07150502 -4.56098303 -8.86539694 17.26224106 -17.60038997 -65.81970342 0.00002629 -40.7484495 0.00003264 -13.126519 9.54789547 5.39598242 0.82953221 7.07021162 10.41514621 0.13550583 12.03595805 65.39097263 0.00000687 10.2710066 0.00000337 -24.16380721 -11.68737753 0.55910188 -13.57118823 13.86088668 9.49054713 10.79202051 -0.34868325 4.11835416 3.95669117 0.11937888 -6.52398405 -0.00004761 0.00000419 -0.00000771 -1.27759606 0.67510983 1.83259141 9.04499204 -7.24095394 0.05593744 -5.28258578 2.72458492 1.91325748 -0.00543872 -6.4e-7 2.1e-7
0.00251959 1.15458206 0.00601202 -2.36333255 7.15952919 -2.79894864 0.04422217 2.50991322 1.98017015 2.5505573 -0.85743194 2.5092991 2.56558084 -0.89918335 2.48864795 -1.06381923 0.06663607 -2.0933269 -8.19473585 -0.68007608 5.08712442 -0.18287867 -4.67002849 -9.07753049 16.45652111 -17.5464045 -66.31806225 -0.00000318 -38.89431199 -0.00001786 -14.10679615 9.26013783 5.54964612 0.82948723 7.07019017 10.4151292 -0.19106203 11.95123895 65.47631627 -0.00000138 9.68083537 0.00000332 -23.76427236 -11.5399021 0.57247088 -13.56557257 13.94688879 9.48442046 10.55323279 -0.51575439 4.06018675 4.11228295 0.11311368 -6.46664575 -0.00005057 -0.00000662 -0.0000032 -1.21329267 0.6770053 1.84160626 8.8127816 -7.38335647 0.05746096 -5.17253947 2.72752256 1.90272208 -0.00544401 0.00000123 -2.7e-7
0.00260033 1.15480225 0.00584361 -2.4226318 7.295926 -2.83255807 0.06782616 2.79144339 1.9569498 2.71897431 -0.89768524 2.66487191 2.7355716 -0.94223781 2.64284283 -1.11225233 -0.09235777 -2.02684071 -8.02331825 -1.11305348 4.83094668 -0.30818988 -4.73112974 -9.30801925 15.49347215 -17.78089539 -66.84788255 0.00002523 -36.86442621 0.00000287 -15.14131798 8.85005259 5.62797326 0.82945325 7.07018023 10.41505802 -0.63153409 11.89950367 65.55073533 0.00001436 9.0292894 0.00000311 -23.67744808 -11.4041674 0.60774179 -13.49280065 13.9823135 9.51649509 10.43781294 -0.6530625 4.02627907 4.19114769 0.11134545 -6.42453065 -0.00001774 0.00001536 -0.00000205 -0.96959889 0.67953949 1.88652641 8.48444868 -7.51560484 0.05842359 -5.02662172 2.72962243 1.89480277 -0.00543881 -0.00000148 7.4e-7
0.00282135 1.15501633 0.00587044 -2.56106496 7.41346136 -2.91651892 0.17620646 3.06037865 1.93171963 2.89633644 -0.93981848 2.81655467 2.91454261 -0.98718587 2.79315995 -1.17822898 -0.24944492 -1.92743705 -7.98187562 -1.50512835 4.60457269 -0.44668282 -4.7779406 -9.58104334 14.43251018 -18.3178065 -67.38944463 0.00000572 -34.60145732 -0.00001118 -16.14326072 8.09506406 5.72310616 0.82940561 7.07016182 10.41510717 -1.11590018 11.88929881 65.62190907 0.00000113 8.39682172 0.00000745 -23.81173664 -11.39421636 0.63972031 -13.41072696 13.97319584 9.61808313 10.47214451 -0.75908352 4.00733608 4.17852556 0.11529556 -6.39646948 -0.00007974 -0.00000348 -0.0000053 -0.54913558 0.68403039 1.9867924 7.9943699 -7.62393945 0.05914604 -4.81840741 2.7298199 1.87912382 -0.00543872 5.2e-7 2.1e-7
0.00306355 1.15521973 0.00612896 -2.70723266 7.48955496 -3.02946572 0.28220006 3.34553159 1.92598219 3.07319528 -0.97798357 2.96801819 3.09306704 -1.02815094 2.94327958 -1.22319801 -0.39280303 -1.83050675 -8.076938 -1.84804302 4.41900186 -0.59909914 -4.88683038 -9.90800014 13.33996011 -19.1415429 -67.99814767 -0.00000217 -32.10469763 0.00001042 -17.02864824 6.93293632 5.8322834 0.82940052 7.07016277 10.41487254 -1.53377338 11.8956647 65.6882479 -0.00000652 7.89084222 -0.00000829 -24.06676142 -11.53059866 0.58709633 -13.35176094 13.94806375 9.76244517 10.58635816 -0.82676367 3.99488051 4.11153918 0.11656305 -6.38094239 0.00001075 0.00001056 3.4e-7 -0.06295946 0.68954218 2.11570634 7.40803362 -7.68832182 0.06007626 -4.57351475 2.73043494 1.85224343 -0.00544416 -0.00000286 2.2e-7
0.00325387 1.15537605 0.00646157 -2.80312963 7.56248775 -3.10118011 0.29035953 3.6318866 1.93302618 3.23625818 -1.01362813 3.12239366 3.25783794 -1.06649766 3.09632896 -1.23712205 -0.51778937 -1.77877443 -8.18926917 -2.16764695 4.25447327 -0.76452024 -5.10904828 -10.286265 12.28086127 -20.10839908 -68.75487873 0.0000075 -29.58823666 -0.00001139 -17.761824 5.48548241 5.86640009 0.82935244 7.0701488 10.4148968 -1.80303861 11.86023149 65.75175259 -1.5e-7 7.57472601 -0.0000102 -24.39646544 -11.72005046 0.39061641 -13.31298346 13.91762048 9.85703791 10.67338489 -0.87876968 3.9713376 4.05719789 0.12052282 -6.34766201 -0.01238485 0.00000386 -0.00000334 0.30670067 0.69625207 2.19849037 6.95168422 -7.75381554 0.06113836 -4.39144531 2.73239549 1.83270013 -0.00543867 -1.1e-7 -2.2e-7
0.00339574 1.15550522 0.00678974 -2.86452908 7.6660323 -3.10822755 0.1979905 3.87700208 1.93637542 3.38215618 -1.05349316 3.27722184 3.40542727 -1.10892577 3.24984964 -1.21400765 -0.62529742 -1.79002454 -8.26511538 -2.48983117 4.10395684 -0.93878812 -5.41708594 -10.70121202 11.26998254 -20.96696635 -69.64856105 -0.00000232 -27.27751444 -0.00000112 -18.37154226 3.90047654 5.74049729 0.82931337 7.07013106 10.41487184 -1.95450562 11.79040991 65.84879466 0.00000254 7.3767111 -0.0000041 -24.74972453 -11.83159737 0.07671232 -13.22924644 13.87753612 9.85819113 10.64302298 -0.92137168 3.94971612 4.06275247 0.11867166 -6.32112319 -0.01420751 0.0000032 -4.8e-7 0.53856653 0.70510138 2.21499955 6.69921554 -7.8567053 0.06214575 -4.30806453 2.73557741 1.82989547 -0.00544256 -8.6e-7 -2.3e-7
0.00359434 1.15562614 0.00720008 -2.93298177 7.80585002 -3.0947256 0.09330858 4.05079297 1.92763894 3.52151011 -1.10281476 3.42701725 3.54641154 -1.16073286 3.39835992 -1.19306174 -0.71584267 -1.84759876 -8.30831086 -2.79653756 3.9720026 -1.11522156 -5.72672999 -11.12823794 10.24245549 -21.53842541 -70.55824036 0.00001403 -25.13938143 0.00001226 -18.92572429 2.23959407 5.44868582 0.82926233 7.07011456 10.41492891 -2.05757456 11.76902591 65.99756118 -2.8e-7 7.21466387 -0.00000137 -25.00901809 -11.7862921 -0.26157537 -13.09824455 13.82395652 9.82027972 10.55555573 -0.96373726 3.93919224 4.0916912 0.10583681 -6.32465424 -0.000151 0.00000475 -0.00000216 0.76336814 0.71497087 2.21143475 6.49569888 -7.99602107 0.0634346 -4.25824885 2.73852885 1.8366602 -0.0054504 -0.000002 -1.2e-7
0.00380402 1.15572647 0.00775853 -3.03783892 7.96719564 -3.09703185 0.04263698 4.17951462 1.89646443 3.6633637 -1.15735397 3.56726828 3.6898414 -1.21768543 3.5373695 -1.21102263 -0.80090323 -1.9073337 -8.3133906 -3.08708831 3.85552517 -1.28743223 -5.97585501 -11.5421355 9.1463445 -21.8260759 -71.36737435 0.00000888 -23.01719808 0.00000179 -19.4765727 0.53026559 5.04509374 0.82924134 7.0701007 10.41482689 -2.12597486 11.81444939 66.19096322 -3e-7 7.06908501 0.00001036 -25.0638461 -11.60163125 -0.53030922 -12.98293555 13.7536969 9.81437695 10.57061337 -1.03288961 3.92773434 4.06487435 0.11184223 -6.30905731 -0.0001229 -0.00000422 -0.00000294 1.0749176 0.72566534 2.23220507 6.22191245 -8.16076353 0.06478019 -4.1889792 2.7396011 1.83965998 -0.00544419 0.00000102 9.5e-7
0.00393975 1.15581818 0.00831779 -3.17564965 8.11314511 -3.11193227 0.04705137 4.31908699 1.84365812 3.8065574 -1.20725009 3.69935241 3.83460096 -1.269923 3.66826845 -1.27441431 -0.88708225 -1.95933681 -8.29385278 -3.38407589 3.75873922 -1.45009525 -6.16267363 -11.92630918 8.00850684 -21.94949923 -72.04674536 0.00000235 -20.87581926 7e-7 -20.0275014 -1.17810491 4.58343143 0.82918995 7.07008293 10.41481199 -2.14810823 11.8697777 66.38979423 0.00001658 6.96216013 -0.00001424 -24.91452842 -11.36406653 -0.69922321 -12.86332496 13.69618068 9.83871375 10.63285128 -1.10321211 3.92619982 4.01171377 0.11433192 -6.30205193 -0.00010423 0.00000381 -4.2e-7 1.44709669 0.73806211 2.2752998 5.89177888 -8.29971196 0.06646846 -4.09279404 2.73872505 1.83150974 -0.00543862 -1.3e-7 -4e-7
0.00411268 1.15587135 0.00858512 -3.28902136 8.24734948 -3.09159173 0.03725182 4.46480661 1.77690618 3.93886895 -1.25206587 3.82587844 3.96845426 -1.31692133 3.79367474 -1.3507084 -0.97129692 -2.02107194 -8.2994595 -3.68979237 3.64954399 -1.59966449 -6.31047222 -12.26959433 6.92633123 -22.00087619 -72.59272858 3.3e-7 -18.87300035 0.00000799 -20.54911385 -2.79992626 4.09790441 0.82917107 7.07008193 10.41468649 -2.08532345 11.90627391 66.55204511 -0.00000943 6.97260892 -1e-7 -24.65150677 -11.16132731 -0.81580724 -12.7420921 13.65322443 9.80841803 10.64173988 -1.17556036 3.92499485 3.99586383 0.12062511 -6.28941154 -0.0000821 -0.00000687 0.00000156 1.66994514 0.74768746 2.27611327 5.76328315 -8.42871428 0.0649447 -4.07240974 2.7378534 1.84343159 -0.00543554 -5.8e-7 0.00000119
0.00422126 1.1558815 0.00861247 -3.33214406 8.31829413 -3.06087365 0.01785885 4.53103406 1.73575303 4.00050432 -1.27440269 3.88744561 4.03084203 -1.34030417 3.85469453 -1.38610098 -1.01236591 -2.05592268 -8.3156996 -3.84257423 3.58384316 -1.67062053 -6.37720515 -12.42966511 6.4140518 -22.01357586 -72.82970898 -0.00000598 -17.93568894 0.00001306 -20.79933597 -3.57563619 3.84956506 0.82911889 7.07006318 10.41472103 -2.02632744 11.92153465 66.6232555 -5.5e-7 7.02069332 0.00001091 -24.50547904 -11.077744 -0.87079436 -12.6761129 13.63175706 9.75955326 10.61284579 -1.21437665 3.92466343 4.00916623 0.1273091 -6.27717249 -0.0000646 0.00000235 -0.00000395 1.70628141 0.74967441 2.25172483 5.80588291 -8.49965681 0.0640824 -4.10655023 2.73805128 1.86001998 -0.00542893 -9.3e-7 0.00000153
0.00422127 1.15588173 0.00861247 -3.33214366 8.31829506 -3.06087602 0.01785712 4.53103302 1.73575704 4.00050454 -1.27440279 3.88744562 4.03084229 -1.34030428 3.85469508 -1.38610131 -1.01236676 -2.0559227 -8.31569876 -3.84257335 3.58384325 -1.67062859 -6.37721105 -12.42969583 6.41405067 -22.01356437 -72.82971326 0.00001831 -17.93569074 0.00001944 -20.79933972 -3.57562705 3.84956774 0.82908303 7.07004686 10.41467509 -2.02632778 11.92152418 66.62326116 -0.00000827 7.0206902 2e-8 -24.50545258 -11.07775294 -0.87080135 -12.67608338 13.63175043 9.75953282 10.61280004 -1.21434546 3.92471935 4.00918182 0.1273104 -6.27716976 -0.0000324 -0.00000282 0.00000194 1.70650395 0.74969586 2.25169685 5.8054754 -8.49967497 0.06412808 -4.10635412 2.73806301 1.85996197 -0.00542882 -4e-7 7.6e-7
