HIERARCHY
ROOT Hips
{
  OFFSET 0 1.1673769999999999 0
  CHANNELS 6 Xposition Yposition Zposition Xrotation Yrotation Zrotation
  JOINT Spine
  {
    OFFSET 0.000003812944337411511 0.10717500000681812 -0.009311
    CHANNELS 3 Xrotation Yrotation Zrotation
    JOINT Spine1
    {
      OFFSET 0 0.1058532983696241 -0.004285186608692496
      CHANNELS 3 Xrotation Yrotation Zrotation
      JOINT Spine2
      {
        OFFSET -8.470329472543003e-22 0.10599345671141647 -0.007812688101110094
        CHANNELS 3 Xrotation Yrotation Zrotation
        JOINT Neck
        {
          OFFSET -8.470329472543003e-22 0.26240299999999994 -0.04488100000000002
          CHANNELS 3 Xrotation Yrotation Zrotation
          JOINT Head
          {
            OFFSET -4.235164736271502e-22 0.17466899999999996 0.05625600000000003
            CHANNELS 3 Xrotation Yrotation Zrotation
            End Site
            {
              OFFSET -4.235164736271502e-22 0.10756799999999966 0.021070000000000005
            }
          }
        }
        JOINT LeftShoulder
        {
          OFFSET 0.10574399999999999 0.23009199999999996 -0.07323000000000002
          CHANNELS 3 Xrotation Yrotation Zrotation
          JOINT LeftArm
          {
            OFFSET 0.14878212914559852 -0.04653266654569688 -0.030693304075147546
            CHANNELS 3 Xrotation Yrotation Zrotation
            JOINT LeftForeArm
            {
              OFFSET 0.24109000000000003 2.220446049250313e-16 -5.551115123125783e-17
              CHANNELS 3 Xrotation Yrotation Zrotation
              JOINT LeftHand
              {
                OFFSET 0.316792 0 -1.1102230246251565e-16
                CHANNELS 3 Xrotation Yrotation Zrotation
                End Site
                {
                  OFFSET 0.06265729429771016 -0.10569948639925819 0.03859412819617963
                }
              }
            }
          }
        }
        JOINT RightShoulder
        {
          OFFSET -0.10574399999999999 0.23009099999999982 -0.07323000000000002
          CHANNELS 3 Xrotation Yrotation Zrotation
          JOINT RightArm
          {
            OFFSET -0.14878040829228295 -0.04653159475972379 -0.030692917709113934
            CHANNELS 3 Xrotation Yrotation Zrotation
            JOINT RightForeArm
            {
              OFFSET -0.24109000000000003 -6.661338147750939e-16 -2.7755575615628914e-17
              CHANNELS 3 Xrotation Yrotation Zrotation
              JOINT RightHand
              {
                OFFSET -0.31679300000631333 -8.881784197001252e-16 -5.551115123125783e-17
                CHANNELS 3 Xrotation Yrotation Zrotation
                End Site
                {
                  OFFSET -0.06265795211397429 -0.10570764472283312 0.03859362014678265
                }
              }
            }
          }
        }
      }
    }
  }
  JOINT LeftUpLeg
  {
    OFFSET 0.12297511767165623 -0.06742078536803264 -0.010003
    CHANNELS 3 Xrotation Yrotation Zrotation
    JOINT LeftLeg
    {
      OFFSET 0 -0.457033849483632 0.010304509991859542
      CHANNELS 3 Xrotation Yrotation Zrotation
      JOINT LeftFoot
      {
        OFFSET 0 -0.500280623664138 -0.036905110570505176
        CHANNELS 3 Xrotation Yrotation Zrotation
        JOINT LeftToeBase
        {
          OFFSET 0.025950805788189563 -0.14255151365608373 0.19507593811975638
          CHANNELS 3 Xrotation Yrotation Zrotation
          End Site
          {
            OFFSET 0.010732117804750613 -0.000035441498015504746 0.11362327680684622
          }
        }
      }
    }
  }
  JOINT RightUpLeg
  {
    OFFSET -0.12297488233495055 -0.0674172146317622 -0.010003
    CHANNELS 3 Xrotation Yrotation Zrotation
    JOINT RightLeg
    {
      OFFSET 0.00000159348816348992 -0.45703784846455486 0.01030460015485039
      CHANNELS 3 Xrotation Yrotation Zrotation
      JOINT RightFoot
      {
        OFFSET -0.0000015934881634621645 -0.5002806236608007 -0.03690511058134042
        CHANNELS 3 Xrotation Yrotation Zrotation
        JOINT RightToeBase
        {
          OFFSET -0.0259497668227143 -0.14255297441554501 0.19507500887383716
          CHANNELS 3 Xrotation Yrotation Zrotation
          End Site
          {
            OFFSET -0.010733201844058626 -0.000035030229497263656 0.11362417898958707
          }
        }
      }
    }
  }
}
MOTION
Frames: 121
Frame Time: 0.03333333333333333
-0.00232132 1.09657158 0.00191651 -2.44203445 -15.63539536 -1.28105418 1.94576276 2.72527667 -0.49506114 1.27984466 2.29107367 -0.47294845 1.23457335 2.31287361 -0.50159525 0.77880378 -0.05579861 3.89994078 23.73277606 6.13921494 1.93052233 2.42841745 -8.37004966 2.01341528 -33.33326765 -71.06283844 -53.7346223 0.00000144 -24.72331879 0.00000688 -99.89172355 -5.16635367 -9.17714507 -0.10215724 -9.0384292 10.19809046 170.29021157 79.94933508 -157.10780647 -9.6e-7 21.55751836 0.00000186 -51.74356152 -12.40018396 -15.83053155 -26.9978097 22.37373964 11.01857141 35.43873379 7.52505182 10.25116078 -8.80843963 1.0944596 -9.77076289 -0.00014101 0.00000517 -0.00000334 -22.74917221 -21.87836008 -8.12469373 36.035329 -4.88472209 -10.20942798 -12.57473296 -1.50119158 9.96856455 0.00001082 0.0000067 -0.0000039
-0.00228431 1.09657257 0.00205583 -2.43157567 -15.60984655 -1.28435046 1.94776282 2.72897055 -0.53190561 1.28787227 2.29495689 -0.49278095 1.24218389 2.31709207 -0.52082505 0.79475958 -0.0940551 3.99038092 23.84042251 6.11800342 1.82118014 2.51813256 -8.57353577 2.37361109 -33.54272166 -70.70277661 -53.97993998 -0.00001137 -24.99982615 -0.00001231 -99.86852628 -5.22959043 -8.98160833 -0.11155848 -9.19059425 10.48115732 169.39327646 79.86255491 -156.20257552 0.00000125 21.55924283 -0.00000245 -51.53829922 -12.57744271 -15.61854694 -27.00643317 22.3853183 11.0471668 35.44042175 7.54825735 10.25085065 -8.81661428 1.08785006 -9.78923309 -0.000141 0.00000515 -0.00000329 -22.75989172 -21.95412542 -8.15312444 36.03469403 -4.84540805 -10.20944522 -12.58350595 -1.49506496 9.9627535 0.00001064 0.00000697 -0.00000342
-0.00222266 1.09649567 0.0022226 -2.41922091 -15.58951762 -1.2749089 1.95637935 2.72401054 -0.56587345 1.30434734 2.29194142 -0.51806479 1.25790441 2.31502156 -0.54519086 0.80680992 -0.12717619 4.06884277 23.95068425 6.10199654 1.7116218 2.61922092 -8.78350708 2.82021095 -34.00787074 -70.12296966 -54.50903213 0.00000394 -25.38802625 0.00000397 -99.75675286 -5.29046102 -8.71417419 -0.11789498 -9.2995373 10.68116455 168.85393364 79.79882096 -155.6795207 -0.00000217 21.54081363 0.00000353 -51.24631344 -12.80342977 -15.28110778 -27.01409788 22.38614158 11.06426151 35.45468233 7.60931479 10.25046981 -8.83220119 1.07839627 -9.8211566 -0.00014146 0.00000455 -0.00000481 -22.8016156 -22.02947923 -8.20614224 36.07104792 -4.78609734 -10.20903281 -12.60807371 -1.48717485 9.95254317 0.00001118 0.00000617 -0.00000482
-0.00213758 1.09637436 0.00240683 -2.40804617 -15.5607585 -1.25725249 1.97094955 2.70179252 -0.59184795 1.32829321 2.27554101 -0.5430385 1.28186739 2.29973212 -0.56907313 0.80901916 -0.14841105 4.12315355 24.04209199 6.10093114 1.64246171 2.71981288 -8.97163252 3.31177403 -34.75986564 -69.3261171 -55.36146495 0.00000182 -25.8424133 -0.00000183 -99.53109467 -5.33696822 -8.42363409 -0.12190448 -9.36563108 10.79500212 168.94478184 79.7595554 -155.80137135 -0.00000147 21.50609451 0.0000016 -50.9487794 -13.15525696 -14.8797689 -27.00197346 22.31530777 11.03602105 35.46948036 7.72871113 10.24973745 -8.84399815 1.07691571 -9.86788155 -0.0001413 0.00000475 -0.00000429 -22.86806414 -22.14450528 -8.29156229 36.13511405 -4.68144841 -10.20827826 -12.64675392 -1.4795188 9.92873353 0.00001026 0.0000076 -0.00000236
-0.0020405 1.09627327 0.0025489 -2.39524662 -15.52377392 -1.24031598 1.98323446 2.66762081 -0.60798611 1.35056107 2.24993187 -0.56210002 1.30464795 2.27494051 -0.58701064 0.80989223 -0.1594122 4.15868812 24.10236282 6.11289012 1.62083248 2.80639336 -9.12041452 3.76317726 -35.79632816 -68.37579099 -56.52702863 0.00000351 -26.24454426 0.00000851 -99.18010895 -5.35395972 -8.18997495 -0.12407385 -9.40160603 10.85212693 169.7041038 79.74465917 -156.58540648 0.00000337 21.47334932 -0.00000197 -50.73194128 -13.66662601 -14.50718169 -26.97874051 22.18675705 10.96961624 35.47631439 7.86865555 10.24934794 -8.84725817 1.07858696 -9.9125144 -0.00014139 0.00000464 -0.00000461 -22.9412815 -22.29196626 -8.38654121 36.19636492 -4.545456 -10.20751901 -12.68287837 -1.47195668 9.8928039 0.00001007 0.00000796 -0.00000176
-0.00194843 1.09624489 0.00261933 -2.3821234 -15.49007938 -1.22908328 1.9857359 2.63585479 -0.61648528 1.36233612 2.22605845 -0.57276948 1.31681436 2.25154062 -0.59674201 0.81982593 -0.16510746 4.18398383 24.13044496 6.12776289 1.62803657 2.86378389 -9.21428941 4.07890047 -37.07796486 -67.37936374 -57.94545818 -0.00000342 -26.4644449 0.00000677 -98.71824171 -5.33135491 -8.08688264 -0.12453959 -9.41385508 10.87211172 170.87458827 79.75454667 -157.7612437 9.2e-7 21.45545668 -0.00000332 -50.61981569 -14.27683147 -14.22589999 -26.95327659 22.05603249 10.89364339 35.46694527 7.97792249 10.2494022 -8.83991378 1.08000113 -9.93994657 -0.00014108 0.00000508 -0.00000356 -23.00341539 -22.45267322 -8.47125073 36.2326668 -4.39439234 -10.20719997 -12.70495705 -1.46261448 9.84822933 0.00001083 0.00000668 -0.00000391
-0.00186989 1.09629303 0.00263514 -2.37630847 -15.46818963 -1.22191806 1.97879788 2.61736176 -0.62256813 1.3632464 2.2122545 -0.57683465 1.31779452 2.23800002 -0.6001987 0.83893135 -0.16775028 4.20406062 24.12826417 6.14483686 1.64602388 2.88864144 -9.25635397 4.22421579 -38.45879962 -66.44945386 -59.44372775 0.00000194 -26.45810376 0.00000444 -98.20270471 -5.27481895 -8.13294374 -0.12379541 -9.40729336 10.86644627 172.06726795 79.78962061 -158.93773 -0.00000548 21.44686269 -0.00000523 -50.55461921 -14.8415494 -14.03314527 -26.92315845 21.96298957 10.82510703 35.44115423 8.03313471 10.2498317 -8.82439327 1.08053332 -9.94592934 -0.00014143 0.0000046 -0.00000475 -23.04609586 -22.61463284 -8.54639901 36.24383352 -4.23685423 -10.20726256 -12.71355853 -1.44985921 9.79919492 0.00001055 0.00000715 -0.00000312
-0.00180602 1.09638725 0.00261463 -2.38120931 -15.45375703 -1.21463191 1.96735709 2.61126941 -0.62988944 1.35821554 2.20810604 -0.57784798 1.31266387 2.23398497 -0.60086452 0.86119783 -0.16413111 4.22202959 24.09665871 6.18556956 1.66716594 2.89209178 -9.27242831 4.23001783 -39.65951972 -65.70695328 -60.71874619 0.00000509 -26.29059961 0.0000111 -97.73350101 -5.20604293 -8.28446483 -0.12224004 -9.39004609 10.84789259 173.05742788 79.8478379 -159.89002598 -0.00000249 21.43296266 6.9e-7 -50.44551194 -15.21221655 -13.8902868 -26.88741654 21.92084517 10.76690557 35.40695375 8.03165822 10.25079891 -8.80700053 1.0817492 -9.9312448 -0.00014153 0.00000439 -0.00000514 -23.07131573 -22.7689636 -8.62080922 36.24076341 -4.08539531 -10.20763991 -12.71493919 -1.43467784 9.7537448 0.00001102 0.00000641 -0.00000439
-0.00175893 1.09649765 0.00255359 -2.39441392 -15.43497938 -1.20422032 1.9540807 2.60747545 -0.63562438 1.35022556 2.20608373 -0.57700079 1.30463577 2.2319564 -0.59977455 0.88301301 -0.14745112 4.2357601 24.04287133 6.27853691 1.68556552 2.88360939 -9.27905811 4.13727036 -40.41746012 -65.28044932 -61.500565 -0.00000128 -26.05064062 -0.00000141 -97.4157158 -5.14843397 -8.48452242 -0.11966375 -9.36126692 10.81134277 173.92357269 79.92220204 -160.69794908 0.00000364 21.40754526 -0.00000471 -50.24835283 -15.32099681 -13.7874706 -26.85101062 21.91453244 10.71658206 35.36824188 7.98804959 10.25170899 -8.78445266 1.08320041 -9.90232213 -0.00014145 0.00000454 -0.00000485 -23.08933866 -22.9153883 -8.69791374 36.23357151 -3.94940938 -10.20801031 -12.71249166 -1.41879936 9.7120914 0.00001047 0.00000725 -0.00000293
-0.00173116 1.0966037 0.00244611 -2.40703973 -15.40848828 -1.19276877 1.93906621 2.59616246 -0.631382 1.33990414 2.19835506 -0.57192872 1.29456283 2.22405207 -0.59447021 0.90220031 -0.11278576 4.23063606 23.98703002 6.42425144 1.69160032 2.85909825 -9.25861615 3.95593304 -40.62071971 -65.23787383 -61.6888629 0.00000545 -25.81313661 0.00002095 -97.30128532 -5.11397604 -8.68596578 -0.11528616 -9.30069877 10.71399087 174.92038436 80.00386733 -161.62529767 6.3e-7 21.37726558 0.00000455 -50.01636542 -15.19374596 -13.78097364 -26.82069513 21.9153415 10.67049628 35.32901163 7.93863229 10.25272852 -8.75759463 1.08474381 -9.87103021 -0.00014083 0.00000547 -0.00000274 -23.11158351 -23.05764309 -8.77358296 36.22726194 -3.82615975 -10.20848336 -12.70732674 -1.40314521 9.67150982 0.00001101 0.00000645 -0.00000435
-0.00171778 1.09670258 0.0023012 -2.41476905 -15.38544835 -1.18204143 1.92405424 2.5755214 -0.61154647 1.32921573 2.18298823 -0.56005176 1.28456584 2.20835967 -0.58234635 0.91486319 -0.06247953 4.18626304 23.9517292 6.58081427 1.67998676 2.80890423 -9.17856793 3.68452409 -40.34085233 -65.53826979 -61.37693949 -0.00000301 -25.61432038 0.0000059 -97.37047587 -5.10091736 -8.86744527 -0.1081954 -9.18553936 10.50728374 176.24186266 80.08577755 -162.87811598 -0.00000303 21.3512236 -0.00000312 -49.87282657 -14.90603894 -13.96042139 -26.79953021 21.92022547 10.63295494 35.29102683 7.89654542 10.25380201 -8.72939952 1.0863243 -9.84312941 -0.0001411 0.00000502 -0.00000361 -23.14046431 -23.18974155 -8.84162598 36.22038179 -3.70759624 -10.20879458 -12.69746641 -1.38773362 9.62963217 0.00001114 0.00000616 -0.00000481
-0.00170921 1.09680145 0.00214268 -2.42232636 -15.37640993 -1.17002427 1.91230382 2.55114763 -0.58045565 1.321378 2.16421573 -0.54280266 1.27779055 2.18917192 -0.564822 0.91944769 -0.00706954 4.09809602 23.9444798 6.69235455 1.65825935 2.73234078 -9.02846667 3.34531176 -39.77652332 -66.06463017 -60.78067177 -0.00000779 -25.44214931 -0.00002063 -97.55848362 -5.09986949 -9.03456526 -0.09813848 -9.0207889 10.19880565 177.88199519 80.16176369 -164.45290219 -0.00000518 21.33462841 0.00000572 -49.92461836 -14.54675159 -14.37309886 -26.78442858 21.95846052 10.61276614 35.25406956 7.83415336 10.25460492 -8.70321315 1.0877253 -9.81225186 -0.00014089 0.00000531 -0.00000297 -23.16930365 -23.29673511 -8.90272849 36.21300805 -3.59248443 -10.20924744 -12.68383095 -1.37228346 9.59059684 0.00001009 0.00000786 -0.00000188
-0.00169498 1.09690033 0.00199184 -2.4356673 -15.37437545 -1.1553407 1.90424392 2.52918645 -0.54794806 1.31764017 2.14710374 -0.52469251 1.27522701 2.17169591 -0.54641245 0.9208093 0.0400598 3.98811381 23.9566136 6.73089105 1.64092115 2.63859468 -8.82466491 2.98344758 -39.1764822 -66.69904534 -60.15535134 0.00000698 -25.24641092 0.00000825 -97.79305701 -5.10031744 -9.20919154 -0.08633686 -8.84327316 9.86269068 179.65888515 80.22593011 -166.16119935 -0.00000639 21.32896461 0.00000579 -50.18720805 -14.2109769 -14.96673801 -26.76910339 22.03670862 10.60506913 35.22004144 7.74269525 10.25543707 -8.68213077 1.08881073 -9.77304322 -0.00014134 0.00000465 -0.00000448 -23.18874474 -23.38072529 -8.96272278 36.20717639 -3.48074141 -10.2095619 -12.67318551 -1.35598646 9.55784734 0.00001022 0.00000772 -0.00000217
-0.00165531 1.09698326 0.00186101 -2.45304671 -15.3697813 -1.14321429 1.89699788 2.5117144 -0.51920751 1.31665219 2.13369523 -0.5083711 1.27519797 2.15802853 -0.5298446 0.92594173 0.07031118 3.88987117 23.97761962 6.70981277 1.63590112 2.54038518 -8.59595449 2.64321505 -38.7195697 -67.34256707 -59.6801618 0.00001065 -25.00437699 0.00000643 -98.01563222 -5.0959449 -9.39667958 -0.07526136 -8.69450006 9.58554626 -178.73245825 80.27431371 -167.69819006 -0.00000662 21.33413048 0.00001411 -50.56195706 -13.98892431 -15.59754321 -26.75249273 22.11360694 10.60040509 35.19297091 7.65184686 10.25620246 -8.66593843 1.08945274 -9.73522227 -0.00014132 0.00000474 -0.00000431 -23.20404007 -23.46799364 -9.0270212 36.20593615 -3.36082504 -10.20958653 -12.66758339 -1.33691424 9.52729579 0.00001018 0.0000078 -0.00000207
-0.00157684 1.09702667 0.00177061 -2.47144765 -15.36386008 -1.14267625 1.88955636 2.49918909 -0.49387636 1.31665735 2.12444423 -0.49311483 1.27569754 2.14868369 -0.51449059 0.93759954 0.08305075 3.82629454 24.00370513 6.66350469 1.64183201 2.45265349 -8.38364644 2.3570721 -38.45509061 -67.89697957 -59.40212833 -0.000001 -24.75065965 0.00000249 -98.18747267 -5.08670464 -9.57661975 -0.06684222 -8.5963296 9.41414407 -177.67296702 80.3059407 -168.69745425 -0.00000126 21.34817813 -0.00000617 -50.95651231 -13.9119048 -16.10484543 -26.74377812 22.16377217 10.59907761 35.18670014 7.58248583 10.25666121 -8.66187173 1.08912174 -9.70232814 -0.00014148 0.00000453 -0.00000486 -23.2197349 -23.56957981 -9.08873991 36.20951516 -3.23214442 -10.21006517 -12.66337442 -1.31643632 9.49694984 0.00001114 0.00000614 -0.00000482
-0.00148435 1.0970266 0.00173508 -2.49572976 -15.35860636 -1.1551906 1.88510175 2.49414434 -0.47314384 1.31683732 2.12089744 -0.47831571 1.27587756 2.14522831 -0.49964814 0.95453377 0.08244041 3.80224502 24.03536608 6.61961427 1.65779746 2.38948958 -8.23440361 2.14649625 -38.36575986 -68.29042683 -59.30024847 0.00000661 -24.51525142 0.000007 -98.29521281 -5.07517588 -9.73830304 -0.06176024 -8.55063044 9.35138238 -177.42203259 80.32309374 -168.91456835 -0.0000073 21.36772756 0.00000169 -51.27316987 -13.96343337 -16.40121113 -26.74065208 22.206382 10.6181595 35.20393822 7.52168484 10.25670015 -8.6739338 1.08820304 -9.67847555 -0.00014116 0.00000496 -0.00000384 -23.21959703 -23.65202199 -9.12701117 36.21682533 -3.13015702 -10.21080162 -12.66315641 -1.30135456 9.47352002 0.00001048 0.00000722 -0.00000299
-0.001422 1.09702621 0.00172598 -2.53120382 -15.36443649 -1.17794622 1.88627767 2.49916477 -0.46182597 1.31707723 2.1248616 -0.46612402 1.27579333 2.14946066 -0.48714302 0.97510894 0.07253054 3.81168334 24.07283427 6.58717086 1.68882401 2.35449036 -8.1643129 2.01830649 -38.40042299 -68.52150421 -59.32279843 -0.00000372 -24.30374706 -0.00000911 -98.35366259 -5.06518708 -9.8889929 -0.0601974 -8.55233904 9.38151584 -177.81745353 80.32979027 -168.50759445 0.00000542 21.38949099 -0.0000031 -51.46959369 -14.08304105 -16.49174921 -26.73990768 22.28094992 10.66675985 35.22884997 7.44301398 10.25653914 -8.69166788 1.08593977 -9.65296278 -0.00014109 0.00000504 -0.0000036 -23.1773236 -23.66172089 -9.11747445 36.2104299 -3.10569364 -10.21098832 -12.66034526 -1.2978611 9.47099708 0.0000109 0.00000663 -0.00000404
-0.00142048 1.09705757 0.00169122 -2.569634 -15.37849844 -1.20477036 1.89034374 2.51225022 -0.46244161 1.31698078 2.13536876 -0.45937188 1.2752587 2.16033641 -0.47967367 0.99870006 0.05535349 3.84668486 24.11372051 6.56266092 1.7388191 2.33976725 -8.14387224 1.96728066 -38.51561768 -68.66884246 -59.42892407 -9.2e-7 -24.10673187 -0.00000432 -98.40004431 -5.06013133 -10.03891316 -0.06227437 -8.59733343 9.49050769 -178.28016029 80.33412737 -168.03237967 -4.7e-7 21.41055859 -0.00001504 -51.51616456 -14.2124195 -16.44443886 -26.74542259 22.40476528 10.74689805 35.2488826 7.33138935 10.25643619 -8.70826346 1.08273208 -9.62240543 -0.00014161 0.00000427 -0.00000545 -23.09522655 -23.56772422 -9.04746824 36.17718278 -3.1938247 -10.21145211 -12.64289203 -1.30853825 9.49717073 0.00001076 0.00000679 -0.00000368
-0.00147832 1.0970929 0.00160678 -2.59485517 -15.38379903 -1.23129656 1.8901873 2.5263287 -0.47189471 1.31467439 2.14741683 -0.45807005 1.27253298 2.17270451 -0.47760382 1.02655451 0.03276959 3.89930856 24.15188875 6.54102104 1.80057832 2.3355469 -8.13270043 1.98082243 -38.62222845 -68.83831311 -59.53244128 -0.00000671 -23.93031818 5e-8 -98.48158029 -5.06511016 -10.17883833 -0.06736479 -8.678668 9.66360305 -178.29588581 80.34508838 -167.98005389 0.00000446 21.4267841 -0.00000609 -51.4015687 -14.31360041 -16.33792145 -26.77161537 22.54240138 10.84410375 35.26786237 7.21046331 10.25624738 -8.72179625 1.0743322 -9.59240509 -0.00014124 0.00000486 -0.00000413 -23.00069875 -23.39720718 -8.93140675 36.12696535 -3.37710512 -10.21183094 -12.61490965 -1.33153511 9.54557461 0.00001119 0.00000613 -0.00000486
-0.00156642 1.09708809 0.00149224 -2.59961014 -15.3713595 -1.25108419 1.87949597 2.53473181 -0.48471664 1.3070687 2.15568388 -0.45947473 1.26456834 2.1811116 -0.47859322 1.06188002 0.00830839 3.95815885 24.1796103 6.51903165 1.8551495 2.33349194 -8.11019996 2.02998161 -38.55552124 -69.12196585 -59.47021703 0.0000079 -23.78294478 0.00001162 -98.64320874 -5.08853297 -10.28958181 -0.07376422 -8.77862064 9.86927136 -177.87085712 80.36269331 -168.33991932 0.00000305 21.4335801 -0.00000651 -51.16745706 -14.36702036 -16.22400454 -26.81548153 22.63585271 10.92813466 35.28981713 7.12841811 10.25593441 -8.72980558 1.06572279 -9.5764617 -0.00014153 0.00000442 -0.00000507 -22.93367137 -23.2249767 -8.81641787 36.08871855 -3.57970131 -10.21197512 -12.5915935 -1.35862141 9.5955387 0.00001077 0.00000683 -0.00000368
-0.00165279 1.09704117 0.00138053 -2.59006352 -15.3508858 -1.25805115 1.85804307 2.53746231 -0.49758489 1.29294299 2.15966407 -0.46106618 1.25014901 2.18501757 -0.48033315 1.1060809 -0.01423299 4.00949289 24.19481709 6.49148632 1.88464924 2.32440715 -8.06992062 2.06846711 -38.16523469 -69.57977661 -59.0899339 0.00000573 -23.65812911 0.00000453 -98.90649175 -5.13851686 -10.35584847 -0.07965319 -8.87298369 10.0618664 -177.44696767 80.37996439 -168.68609773 8.1e-7 21.43039706 -0.00001562 -50.89810489 -14.36457186 -16.11625833 -26.85767561 22.6698475 10.9794845 35.30786208 7.10306544 10.25561074 -8.72996426 1.05964495 -9.57970964 -0.00014153 0.00000441 -0.00000514 -22.91273097 -23.11262874 -8.74501278 36.07956617 -3.72414327 -10.21183374 -12.58318631 -1.37968668 9.62757965 0.00001079 0.00000678 -0.00000378
-0.00171779 1.09698532 0.0012859 -2.57782217 -15.33601531 -1.25302886 1.83208892 2.5413279 -0.51051253 1.27534286 2.16419417 -0.46237967 1.23228369 2.18936832 -0.48228497 1.15500558 -0.03419351 4.04581716 24.20441136 6.45029111 1.8893351 2.30438269 -8.0159048 2.06598693 -37.4595334 -70.1972573 -58.39383326 0.000001 -23.54383059 -1e-7 -99.24929141 -5.21666487 -10.36902715 -0.08452931 -8.95079639 10.21925025 -177.4844031 80.39277646 -168.58071327 -0.00001248 21.42337635 0.00001775 -50.65716445 -14.30209563 -15.99656812 -26.8855473 22.6739104 11.00188302 35.31531532 7.10788288 10.255409 -8.72281589 1.05468768 -9.5919178 -0.00014125 0.00000482 -0.00000414 -22.92745454 -23.0750072 -8.72620826 36.093498 -3.78239582 -10.21149864 -12.58739474 -1.3892748 9.63541052 0.00001096 0.00000647 -0.00000426
-0.00175295 1.09694504 0.00120643 -2.57240953 -15.32857598 -1.24301754 1.80879298 2.55327949 -0.52429668 1.25919289 2.17447592 -0.46418664 1.2157627 2.19949291 -0.48469218 1.20163036 -0.0537286 4.06964007 24.21502181 6.39071375 1.88917645 2.28248262 -7.97071458 2.0383475 -36.64465385 -70.85930904 -57.58393157 0.00000347 -23.43501903 0.00000665 -99.6110307 -5.31577577 -10.33035121 -0.08926853 -9.02501645 10.36662298 -178.22663956 80.39716188 -167.79280798 0.00000322 21.4167751 -0.00000713 -50.44839886 -14.16319633 -15.83375673 -26.89410532 22.66864432 11.00320758 35.31386588 7.1194173 10.25542611 -8.71297255 1.05243429 -9.60229428 -0.00014162 0.00000428 -0.00000543 -22.96043156 -23.10519014 -8.74840641 36.11836572 -3.76224033 -10.21116631 -12.5964773 -1.38728315 9.62026954 0.00001129 0.00000602 -0.0000051
-0.00176159 1.09691177 0.00113965 -2.57342214 -15.32408504 -1.23374737 1.79105133 2.57262189 -0.53631687 1.24730621 2.18989118 -0.46663992 1.20331204 2.21486798 -0.48721133 1.24280794 -0.07266571 4.08253468 24.22118733 6.31577725 1.90512593 2.27073485 -7.95657119 2.0135233 -35.93856046 -71.41506143 -56.87760329 -0.00000506 -23.35681817 -0.00000131 -99.92617674 -5.42270716 -10.242594 -0.09464864 -9.11206629 10.53694896 -179.73416023 80.38379223 -166.26198384 -0.00000258 21.40754013 -7.3e-7 -50.24287216 -13.90882198 -15.6134343 -26.8914504 22.64703239 10.98677792 35.31125484 7.13442073 10.25537716 -8.7029341 1.05081848 -9.60754996 -0.00014134 0.00000468 -0.00000445 -23.00455365 -23.19558766 -8.79884856 36.15212509 -3.67591025 -10.21080098 -12.61044947 -1.3793748 9.58459395 0.00001032 0.00000759 -0.0000024
-0.00175291 1.09686417 0.00108386 -2.57682102 -15.32171866 -1.22687056 1.77795516 2.58965451 -0.5398793 1.23969802 2.20303469 -0.46839162 1.19516256 2.2280001 -0.48857928 1.2809049 -0.08524963 4.0728961 24.20631552 6.23153889 1.94253568 2.26406713 -7.95376876 1.97550446 -35.3949149 -71.81080911 -56.3315344 -0.00001255 -23.32360515 -0.00001462 -100.16454336 -5.52043359 -10.12488001 -0.09978223 -9.19971069 10.70674541 178.16203433 80.34327844 -164.15356304 -6.4e-7 21.39106496 0.00000414 -50.04183805 -13.5003222 -15.36240944 -26.88493054 22.60181619 10.95545967 35.31473122 7.16025862 10.25507311 -8.69618422 1.05062676 -9.61077073 -0.00014127 0.00000483 -0.00000419 -23.05813296 -23.32691365 -8.86517022 36.19749609 -3.54092526 -10.2103654 -12.63250678 -1.36702385 9.53317603 0.00001036 0.00000742 -0.00000266
-0.00173412 1.09680115 0.00103091 -2.58055605 -15.32080717 -1.22091351 1.76839435 2.59326067 -0.52911665 1.23531533 2.20530773 -0.46718406 1.1908226 2.23018254 -0.48693495 1.31736121 -0.08457875 4.02395787 24.15913733 6.14223319 1.99386501 2.2391745 -7.90012407 1.86738002 -34.92602048 -72.13246067 -55.8618585 0.00000367 -23.30157043 0.0000079 -100.34118207 -5.59132886 -10.02276975 -0.10269214 -9.24733853 10.7972284 175.97536033 80.28319964 -161.97945346 0.00000276 21.371647 -0.00000563 -49.82267004 -12.97451736 -15.1453316 -26.87367412 22.54182077 10.91501585 35.3267844 7.19573414 10.25523524 -8.69859138 1.05494145 -9.61641433 -0.00014097 0.00000523 -0.00000323 -23.11408084 -23.46244792 -8.93278621 36.25038568 -3.3931848 -10.21007922 -12.66014879 -1.35469005 9.47803556 0.00001104 0.00000639 -0.00000448
-0.00171509 1.09674026 0.00097092 -2.5834228 -15.32052241 -1.21434763 1.76241581 2.57955787 -0.50488174 1.23285675 2.1936911 -0.46138989 1.18941043 2.21835484 -0.48086226 1.346417 -0.06984336 3.93651843 24.0891883 6.05522696 2.04750092 2.17802918 -7.74542859 1.65986123 -34.43411423 -72.50283102 -55.37319432 0.00001117 -23.24452933 0.00001553 -100.49411159 -5.62623596 -9.98485665 -0.10210816 -9.22582294 10.75269061 174.34805228 80.23067932 -160.38005553 -0.00000441 21.35871015 0.00000133 -49.63195114 -12.42512842 -15.01933531 -26.8582244 22.47439583 10.8690447 35.33803616 7.23982797 10.25531148 -8.70272694 1.06063604 -9.62431986 -0.0001409 0.00000534 -0.00000294 -23.16043599 -23.56926086 -8.98921424 36.29766466 -3.2731335 -10.20957143 -12.68635766 -1.34542502 9.43362765 0.00001013 0.00000785 -0.00000196
-0.0017039 1.09667854 0.00090779 -2.58713994 -15.32031211 -1.21178834 1.75927323 2.55317089 -0.47334163 1.23077983 2.17191384 -0.45129411 1.18892675 2.19629231 -0.47059252 1.35858659 -0.04753462 3.83627949 24.02395652 5.98643307 2.08776266 2.08737322 -7.50201671 1.39299565 -33.87158177 -72.97470634 -54.81832851 -0.00000675 -23.13582165 -0.00000242 -100.6568318 -5.62848225 -10.03186272 -0.09845284 -9.14958684 10.6034691 173.55773414 80.20204504 -159.6276338 0.00000349 21.35602944 -0.00000513 -49.5051077 -11.9790404 -14.99647383 -26.83808774 22.37561939 10.81402461 35.34621567 7.31560155 10.25493046 -8.70169465 1.06826226 -9.64007501 -0.00014099 0.00000521 -0.00000323 -23.19519515 -23.64214872 -9.02889423 36.33429627 -3.19733322 -10.20902565 -12.70370991 -1.33915666 9.40467319 0.00001107 0.00000627 -0.0000046
-0.00169892 1.09659431 0.00084969 -2.58703254 -15.31971159 -1.21553048 1.75618916 2.5216459 -0.44067199 1.22827909 2.14623636 -0.43841469 1.18735907 2.17032807 -0.45754125 1.35130112 -0.02568034 3.75451711 23.98805987 5.95243876 2.0960973 1.99540996 -7.24422184 1.14652526 -33.16511619 -73.48828145 -54.11930918 -3e-8 -23.03363 0.00000559 -100.83727258 -5.61295933 -10.12795571 -0.09365154 -9.0631771 10.43776876 173.36553396 80.18281746 -159.47611348 -0.00000635 21.35895585 0.00000361 -49.4620335 -11.71779984 -15.04377462 -26.82200704 22.22929777 10.75236933 35.35881477 7.43390824 10.25451474 -8.6964444 1.08003266 -9.67020906 -0.00014149 0.00000452 -0.00000493 -23.22733986 -23.6965333 -9.05306717 36.36765779 -3.15549605 -10.20851207 -12.71688285 -1.33548101 9.38552334 0.00001077 0.00000678 -0.00000371
-0.00169231 1.0964901 0.00079116 -2.57566697 -15.31827964 -1.22569044 1.75033943 2.49067196 -0.41061411 1.22602863 2.12162568 -0.42455616 1.1846684 2.14549041 -0.44349169 1.33337978 -0.00885672 3.70626069 23.98760577 5.95574376 2.06458793 1.93088716 -7.05815738 0.9778477 -32.3650365 -73.88441357 -53.32092255 -0.00000566 -23.01776173 -0.00000665 -100.9918526 -5.59382595 -10.20913723 -0.08981486 -9.00350215 10.32862238 173.37607157 80.15227449 -159.52186108 -0.00000109 21.36144531 -0.00000402 -49.48538125 -11.64132659 -15.11598688 -26.82747206 22.08308104 10.70548893 35.38609112 7.54654652 10.2539015 -8.70017325 1.092557 -9.7003829 -0.00014114 0.00000495 -0.00000377 -23.25635718 -23.73565225 -9.06221014 36.39596765 -3.1387599 -10.20800224 -12.73056592 -1.33369411 9.37864303 0.00001017 0.00000785 -0.00000199
-0.00168459 1.09639557 0.00071365 -2.56305556 -15.3145834 -1.23783433 1.74218439 2.46500919 -0.3867719 1.22494632 2.10203085 -0.41213163 1.18227707 2.12574434 -0.43089491 1.31663485 0.00059616 3.6902596 24.0156448 5.98025782 2.00763188 1.90400344 -6.98383309 0.89336826 -32.00022045 -73.97458677 -52.95878481 -0.00000199 -23.04642687 -0.00001183 -101.02398346 -5.56909517 -10.26912688 -0.08778571 -8.98266354 10.30101447 173.41282315 80.11273111 -159.57878464 -0.00000388 21.36371603 0.0000078 -49.53031457 -11.6913996 -15.18521997 -26.85576512 22.00137197 10.69183814 35.41921618 7.59471763 10.25329719 -8.70721117 1.09584543 -9.71093802 -0.00014135 0.00000469 -0.00000456 -23.27149201 -23.74245432 -9.05298459 36.41350769 -3.15415844 -10.20755082 -12.7400543 -1.33380406 9.38343124 0.00001093 0.00000654 -0.00000413
-0.00168063 1.0963343 0.00061432 -2.55815168 -15.30945052 -1.25117938 1.73606104 2.45077817 -0.37448663 1.22508343 2.09207121 -0.40367904 1.18122816 2.11576534 -0.42235334 1.30477278 -0.0009822 3.70398395 24.06546443 6.00244845 1.95411507 1.90884768 -7.00630183 0.87605986 -32.70148157 -73.63677217 -53.67329005 4.4e-7 -23.041722 0.00000351 -100.84145935 -5.53144687 -10.32139464 -0.087807 -9.00135498 10.35416144 173.47490178 80.08235753 -159.64012115 -1.8e-7 21.37081299 -0.0000106 -49.55624012 -11.79714034 -15.24225238 -26.89411253 21.99542919 10.71090879 35.44968961 7.5706418 10.25287246 -8.71296682 1.09537995 -9.69964513 -0.00014117 0.00000494 -0.00000387 -23.26245135 -23.71189314 -9.02380874 36.4163936 -3.20020853 -10.20737515 -12.74317896 -1.33760892 9.39816722 0.00001103 0.00000642 -0.00000443
-0.00167793 1.09630173 0.00049582 -2.5632935 -15.30249377 -1.26971278 1.73668841 2.45308139 -0.37750572 1.22643753 2.09548554 -0.39994841 1.18215117 2.11940935 -0.41865097 1.29372939 -0.01752132 3.75007085 24.13045734 6.00808102 1.92680387 1.93893609 -7.09988326 0.92784137 -34.41035526 -72.92958127 -55.40306903 8.7e-7 -22.97212185 -0.00000171 -100.45773761 -5.4857199 -10.3640715 -0.09034649 -9.0616371 10.48539119 173.49180118 80.07204458 -159.64148707 -4e-7 21.38639719 1.3e-7 -49.53970525 -11.92067742 -15.27101847 -26.93625014 22.04170897 10.75599438 35.48017465 7.4923367 10.25265015 -8.71969393 1.09252733 -9.67242731 -0.0001411 0.00000505 -0.0000036 -23.23021533 -23.66232368 -8.97848317 36.40646628 -3.2603973 -10.20740333 -12.74059201 -1.34510917 9.41700321 0.00001053 0.00000714 -0.00000314
-0.00166127 1.09627541 0.00034478 -2.57995661 -15.29034351 -1.29808325 1.7448882 2.47015937 -0.39229321 1.22971578 2.1107787 -0.3992823 1.18573423 2.13521946 -0.41810845 1.28228315 -0.04727097 3.8258708 24.19603646 6.00075882 1.92971276 2.00069193 -7.27879038 1.07242491 -36.33074469 -72.05879272 -57.33233234 -0.00000105 -22.87586441 -0.0000046 -100.00252782 -5.45145816 -10.37584042 -0.09505283 -9.15551819 10.67437694 173.34174344 80.08043679 -159.47799948 0.00000651 21.40701498 -0.00001503 -49.46910762 -12.06998194 -15.23474371 -26.98455406 22.11832442 10.82329148 35.51824639 7.37574029 10.25236836 -8.72900045 1.08606155 -9.63219972 -0.00014152 0.0000044 -0.0000051 -23.180625 -23.60982025 -8.92004227 36.38974667 -3.32464984 -10.20755504 -12.73315526 -1.35361632 9.43486485 0.00001065 0.00000694 -0.00000344
-0.00161321 1.09624123 0.00014991 -2.60594999 -15.27478252 -1.33529308 1.7561288 2.49200776 -0.4067926 1.23514225 2.12997746 -0.39901337 1.19142691 2.15510584 -0.41799961 1.27766914 -0.07996195 3.91298575 24.24284238 5.99555138 1.95232054 2.1079335 -7.58816826 1.30963479 -37.69268168 -71.16959032 -58.6700431 0.00000393 -22.85022154 0.00000397 -99.60033482 -5.44667151 -10.32646447 -0.09986147 -9.25117537 10.86096067 173.04499294 80.10218681 -159.18427885 -0.00000224 21.42238682 -0.00000451 -49.34389164 -12.26946692 -15.09652559 -27.03872405 22.21017021 10.90581816 35.56635224 7.24066766 10.25199044 -8.74217805 1.07557115 -9.58387312 -0.00014132 0.00000472 -0.00000443 -23.12271299 -23.56187213 -8.85492321 36.37259381 -3.38035071 -10.20773131 -12.72277097 -1.36119105 9.44844246 0.00001032 0.00000753 -0.00000247
-0.00154011 1.09620163 -0.00007433 -2.63221096 -15.26286703 -1.37467722 1.76404891 2.50769076 -0.40808334 1.24101128 2.14403983 -0.39701227 1.19684029 2.16979773 -0.41613448 1.28752622 -0.10332854 3.98535084 24.26125599 6.00429289 1.98171435 2.26021153 -8.03357013 1.58507504 -38.30198825 -70.24322068 -59.22018263 -0.00000317 -22.97160844 -0.00000898 -99.27379301 -5.46903982 -10.20872819 -0.10258763 -9.30954988 10.97496044 172.74664649 80.13070233 -158.90724103 -5e-7 21.42337342 0.0000115 -49.18713844 -12.52334195 -14.85571868 -27.09792556 22.30908397 10.99414784 35.61841304 7.1050803 10.25163591 -8.75770312 1.06272853 -9.53348771 -0.00014134 0.00000473 -0.00000448 -23.07343037 -23.53151003 -8.79710908 36.3593524 -3.40402907 -10.20792804 -12.71133897 -1.36281715 9.45262804 0.00001088 0.00000664 -0.00000402
-0.00146993 1.0961644 -0.00029689 -2.64839359 -15.26145177 -1.40963893 1.7667595 2.51367734 -0.39300697 1.2450181 2.14966815 -0.39256989 1.20012191 2.17584765 -0.4117776 1.30862363 -0.11256821 4.02870693 24.25817369 6.02714468 2.00956733 2.42918406 -8.53367171 1.82128917 -38.42236986 -69.26486561 -59.26474773 -0.00000405 -23.2239517 -0.00000387 -98.99362449 -5.49931665 -10.05459287 -0.102649 -9.31706614 10.99326717 172.53993748 80.15567451 -158.73317987 -0.00000347 21.40994836 -0.00001271 -49.05408651 -12.80418773 -14.56001202 -27.16205714 22.40688368 11.07978325 35.66696127 6.98068884 10.25132189 -8.77329476 1.04844866 -9.48674848 -0.0001416 0.00000428 -0.00000539 -23.04256618 -23.51654012 -8.75125934 36.34946754 -3.39998544 -10.20813261 -12.69926823 -1.36229613 9.44991886 0.00001102 0.00000639 -0.00000444
-0.00141029 1.09613853 -0.00048685 -2.65473427 -15.26418073 -1.43836841 1.76735672 2.51355125 -0.36929282 1.24670504 2.14964712 -0.3864007 1.20160562 2.17607096 -0.40565102 1.32826833 -0.11179132 4.04730281 24.24686862 6.05637406 2.03102166 2.57213156 -8.96086635 1.97460603 -38.36899041 -68.40810617 -59.14165888 0.00000164 -23.48556439 0.00000484 -98.7778871 -5.51918659 -9.92921674 -0.10094926 -9.29058867 10.94677804 172.4538375 80.17057288 -158.68418371 -0.00000274 21.39143073 0.00000475 -49.0061727 -13.07822132 -14.27901616 -27.22089203 22.48496122 11.15136576 35.70531934 6.88361141 10.25097006 -8.7856451 1.03542137 -9.44965261 -0.00014144 0.00000455 -0.00000479 -23.01258001 -23.46760524 -8.69624659 36.33221434 -3.42918949 -10.20836786 -12.68315405 -1.36429685 9.45976736 0.0000103 0.00000755 -0.00000243
-0.00133999 1.09614006 -0.00062902 -2.65964584 -15.26915825 -1.46304243 1.7685372 2.51173015 -0.34647957 1.24730285 2.14775461 -0.37935012 1.20260558 2.17434084 -0.39861088 1.33762054 -0.10688448 4.05081925 24.23098972 6.08263335 2.04332409 2.66096614 -9.22908435 2.04816054 -38.2032626 -67.92110547 -58.92544463 2.1e-7 -23.64770126 -0.00000958 -98.69559913 -5.5270428 -9.88211016 -0.09890576 -9.2518565 10.87276482 172.55865527 80.17920487 -158.8262064 0.00000194 21.37648509 -0.00001396 -49.07911276 -13.32479009 -14.05705881 -27.26069524 22.53144089 11.20086908 35.7278233 6.82453716 10.2506276 -8.79112366 1.02580372 -9.42417658 -0.00014126 0.00000481 -0.00000419 -22.95111119 -23.30715629 -8.59514779 36.28999514 -3.57591376 -10.20866806 -12.65331111 -1.37610578 9.50756738 0.00001122 0.00000611 -0.00000492
-0.00124913 1.09618263 -0.00072834 -2.66608032 -15.27841107 -1.48281138 1.77087284 2.5104576 -0.32862647 1.24837897 2.14589944 -0.37178332 1.20427466 2.17262485 -0.39102996 1.34005122 -0.10076837 4.04151824 24.19670777 6.09376972 2.04853936 2.6961007 -9.33854003 2.06157678 -37.83288868 -67.89056383 -58.52160074 -0.00000458 -23.70189085 -0.00000191 -98.78427907 -5.53065398 -9.91509485 -0.0974612 -9.21153809 10.7862398 172.90167673 80.18685043 -159.20343421 0.00000377 21.36703038 -0.00001079 -49.26030675 -13.53901364 -13.90263707 -27.27328338 22.55183614 11.22641198 35.73003141 6.7995675 10.25039771 -8.79029587 1.02080106 -9.40971228 -0.00014152 0.00000443 -0.00000511 -22.84548707 -23.00441887 -8.43460074 36.21590046 -3.86709862 -10.20902681 -12.60691809 -1.40268218 9.60103066 0.00001001 0.00000804 -0.00000162
-0.00115528 1.09626625 -0.00079618 -2.67806602 -15.28741389 -1.49264884 1.77581524 2.51211089 -0.31665781 1.25184912 2.14572825 -0.36526336 1.20813396 2.172616 -0.3845126 1.34462844 -0.09586721 4.01878059 24.12232612 6.07351309 2.05377031 2.69529409 -9.34542259 2.02992994 -37.28221965 -68.19276871 -57.94439111 0.00000747 -23.67483965 -0.00000317 -99.00218897 -5.53157991 -10.01342981 -0.09746507 -9.18009637 10.70394801 173.31713307 80.18840295 -159.64789028 -0.00000834 21.35936214 -0.0000042 -49.49684693 -13.72027112 -13.80375685 -27.25546546 22.5564188 11.22471201 35.70822727 6.79826626 10.25028009 -8.77891515 1.01836667 -9.40177143 -0.00014159 0.00000433 -0.00000532 -22.72268921 -22.63577685 -8.25623558 36.12785645 -4.22093518 -10.20949548 -12.55081067 -1.43595049 9.71114555 0.00001027 0.00000764 -0.00000228
-0.00106724 1.09637527 -0.00081943 -2.6975093 -15.28970082 -1.48536277 1.78704662 2.52059402 -0.31370835 1.26013099 2.15042288 -0.36403037 1.21639474 2.17752477 -0.38337318 1.35433628 -0.09682953 3.99077883 24.00316756 6.01203898 2.06383202 2.67881499 -9.31049864 1.96953904 -36.72173495 -68.61220847 -57.3540241 -0.00000113 -23.60398457 9.9e-7 -99.25731931 -5.52629095 -10.14916548 -0.10002036 -9.17749649 10.66320096 173.46390239 80.17312538 -159.81714814 -0.00000762 21.35129487 0.00000975 -49.72021475 -13.86013036 -13.74428311 -27.20630809 22.56420607 11.19425748 35.66621262 6.79954641 10.25041067 -8.7613519 1.01653853 -9.39410102 -0.00014162 0.00000427 -0.00000539 -22.62045009 -22.32394688 -8.12687847 36.05541407 -4.51422874 -10.20993828 -12.50337512 -1.46509219 9.80102842 0.00001088 0.00000663 -0.00000403
-0.00095772 1.09649948 -0.00077297 -2.73110498 -15.28976192 -1.45823891 1.80713335 2.53858734 -0.32973133 1.27433545 2.16277432 -0.37399084 1.23018151 2.19018043 -0.39354338 1.36375173 -0.10707876 3.97258449 23.86779071 5.92148399 2.07404633 2.65962802 -9.26739977 1.9036746 -36.36534674 -68.99440926 -56.96509665 -0.00000722 -23.49033603 -0.00000693 -99.46904896 -5.51236949 -10.30319245 -0.10557219 -9.21719811 10.69498095 173.14009843 80.14095305 -159.50736501 0.00000406 21.34528716 -0.00000813 -49.87941253 -13.94901622 -13.70800899 -27.12525036 22.60548482 11.14086222 35.61048047 6.77716598 10.25101749 -8.74406162 1.01483149 -9.37692124 -0.000141 0.00000515 -0.00000335 -22.54905273 -22.12958526 -8.09341486 36.01023519 -4.6772728 -10.21037042 -12.47149033 -1.4896991 9.86463008 0.00001049 0.00000732 -0.00000286
-0.00081306 1.09663368 -0.00066951 -2.778478 -15.2930212 -1.41371062 1.83255602 2.56400435 -0.35940286 1.29188852 2.18154601 -0.39483237 1.24703853 2.20932204 -0.41467869 1.36668175 -0.12305036 3.97291924 23.75939304 5.83755037 2.07170916 2.64080536 -9.21937904 1.85022138 -36.30538017 -69.28678695 -56.87871595 -0.00000863 -23.33225776 -0.00001309 -99.60308096 -5.48824456 -10.45898504 -0.11246914 -9.28462797 10.7810672 172.53297701 80.10749386 -158.90406645 0.00000218 21.34482862 -0.00000504 -49.94748634 -13.99621008 -13.68631027 -27.01890424 22.69355844 11.07506916 35.54560317 6.7256427 10.25200104 -8.73018616 1.01196548 -9.34842453 -0.00014129 0.00000476 -0.00000426 -22.51976 -22.03870786 -8.162035 36.01211168 -4.72134142 -10.15828286 -12.46291872 -1.49554142 9.86305818 0.00001129 0.00000602 -0.0000051
-0.00066254 1.09673676 -0.00056232 -2.82335148 -15.30912998 -1.35965112 1.85541031 2.59084474 -0.39889566 1.30767836 2.20174803 -0.42132786 1.26217472 2.22980414 -0.44152091 1.36136597 -0.13577519 3.98953601 23.69832191 5.8007209 2.0450382 2.6192962 -9.15350633 1.81435003 -36.49147764 -69.48059783 -57.05491752 1.1e-7 -23.16765273 0.00000213 -99.65474077 -5.45839443 -10.58537914 -0.11791155 -9.34357974 10.86198857 172.05239713 80.09320591 -158.41982774 -5.1e-7 21.34961252 0.00000575 -49.93347457 -14.02115317 -13.67574481 -26.91745849 22.8091229 11.01313694 35.48656816 6.66623994 10.25272256 -8.72234961 1.00678938 -9.3178862 -0.00014132 0.00000474 -0.00000439 -22.52467266 -22.04357815 -8.23528215 36.01895211 -4.68723296 -10.18893835 -12.45352885 -1.50217249 9.87027125 0.000011 0.00000649 -0.00000429
-0.00054615 1.09679787 -0.00050655 -2.84642632 -15.34181426 -1.31568706 1.86912143 2.61430008 -0.43173592 1.3180834 2.21914486 -0.44333672 1.2721474 2.24728764 -0.46388878 1.34758477 -0.13907572 4.01733077 23.67231506 5.83234903 1.99462176 2.59328186 -9.06493233 1.79558178 -36.87757214 -69.54859532 -57.45004796 -0.00000436 -23.04613334 -6e-7 -99.62277265 -5.42908005 -10.6531963 -0.12023381 -9.36854467 10.89451851 171.91894622 80.10560332 -158.28375457 -0.00000352 21.35768109 0.00000493 -49.86733423 -14.04055456 -13.67502606 -26.85922744 22.92300271 10.98181294 35.44707136 6.61564143 10.25318346 -8.71982955 1.00284709 -9.2940986 -0.00014115 0.00000497 -0.00000385 -22.56779695 -22.10711084 -8.32016 36.03967912 -4.59467713 -10.21119116 -12.44827191 -1.49635679 9.85113913 0.00001124 0.00000604 -0.00000504
-0.00049355 1.09679245 -0.00052256 -2.84363308 -15.38381841 -1.29279811 1.87428892 2.63387164 -0.45795474 1.32389741 2.23331379 -0.45699854 1.2778153 2.26136691 -0.47756856 1.32383376 -0.13379458 4.05453065 23.66311161 5.92546319 1.94049048 2.56879385 -8.97501888 1.79982481 -37.44836131 -69.46567991 -58.03966482 0.00000312 -22.98322772 0.00000741 -99.51061616 -5.4063515 -10.65368004 -0.11988642 -9.36779333 10.89387427 171.96650611 80.13045213 -158.33751819 -0.00000454 21.36810329 -0.00000487 -49.78403504 -14.0566337 -13.6820565 -26.86277579 23.01884115 10.99524843 35.44216275 6.57659438 10.25343438 -8.72614301 1.000911 -9.28014453 -0.00014091 0.00000535 -0.00000299 -22.64096735 -22.20586916 -8.39024287 36.07779715 -4.47304819 -10.21109807 -12.45217068 -1.48145336 9.79974694 0.00001065 0.00000704 -0.00000336
-0.00048651 1.09673462 -0.00057975 -2.82648334 -15.42358896 -1.29203667 1.87533497 2.65142408 -0.47355173 1.32763682 2.24608214 -0.46290157 1.2815388 2.27402328 -0.48254561 1.29105875 -0.12458138 4.10022636 23.66814813 6.05365086 1.9133576 2.55733201 -8.92118189 1.83974001 -38.05099698 -69.27684848 -58.65600017 0.00000422 -22.98130975 0.00001058 -99.35589467 -5.39250642 -10.58896932 -0.11894039 -9.3723422 10.9137274 171.84348354 80.14378696 -158.22907621 -0.00000271 21.38087311 -0.00000634 -49.71309646 -14.06539844 -13.69302913 -26.91311406 23.10113408 11.04966047 35.46857195 6.54015594 10.25321892 -8.74235392 0.99918743 -9.27186671 -0.00014107 0.00000507 -0.00000353 -22.707337 -22.29853528 -8.43447109 36.10899763 -4.36774453 -10.21098361 -12.45576357 -1.46709902 9.76255344 0.00001072 0.00000685 -0.00000362
-0.00049392 1.09664047 -0.00063354 -2.80924661 -15.45423473 -1.3048409 1.87602901 2.66668016 -0.48361919 1.33051651 2.25750093 -0.46560409 1.28445206 2.28545582 -0.48323494 1.25730965 -0.11544229 4.14971122 23.69173299 6.18674118 1.92951354 2.56339542 -8.9167437 1.9215172 -38.45535134 -69.1054916 -59.06465976 8.2e-7 -23.03399712 0.00000139 -99.21468447 -5.38391425 -10.46360942 -0.11906061 -9.40081778 10.98139386 171.40468737 80.12975821 -157.80720539 -5.9e-7 21.39444817 -0.00000986 -49.69004765 -14.0751234 -13.706044 -26.98467875 23.18413927 11.13022849 35.51740465 6.49716477 10.25269436 -8.76821939 0.99808281 -9.26421944 -0.00014094 0.0000053 -0.00000302 -22.75151054 -22.34709163 -8.44113293 36.13544276 -4.31827068 -10.21081143 -12.46053644 -1.45976624 9.7422479 0.00001073 0.00000683 -0.00000365
-0.00049787 1.09653465 -0.00065563 -2.79731864 -15.4765622 -1.32400163 1.87725683 2.67493071 -0.49015661 1.33235338 2.26390194 -0.46771121 1.28636927 2.29202088 -0.48307846 1.23435095 -0.1070672 4.19258553 23.72910095 6.30249099 1.97401476 2.5715796 -8.91681923 2.0209154 -38.62362675 -69.0377182 -59.24222452 0.00000102 -23.11930678 -0.00000177 -99.10024202 -5.36452442 -10.28967558 -0.11968842 -9.43407128 11.05524764 170.88760407 80.09065497 -157.31038343 0.00000146 21.40721352 0.00000236 -49.75882492 -14.12058111 -13.72358068 -27.05294844 23.25185684 11.21231544 35.57289251 6.46484498 10.25192213 -8.79794125 0.99793698 -9.26062836 -0.00014112 0.00000503 -0.00000373 -22.76749061 -22.33421338 -8.41182634 36.1536953 -4.3319655 -10.21053517 -12.46426983 -1.46048666 9.74112432 0.00001018 0.00000771 -0.00000212
-0.00051004 1.09644333 -0.00065415 -2.78449297 -15.4946967 -1.34534617 1.87775288 2.67054095 -0.49052307 1.33312948 2.26060278 -0.46924614 1.28728196 2.28894941 -0.4832544 1.22824879 -0.09723638 4.21600953 23.76743426 6.38999953 2.01576294 2.5533587 -8.8406121 2.08438734 -38.79774723 -69.04491101 -59.44996864 -9.1e-7 -23.19417607 0.00000532 -98.96145347 -5.30965417 -10.09247274 -0.11870706 -9.42910398 11.05333048 170.68458763 80.0442892 -157.1435984 -0.00001045 21.42031633 0.00000615 -49.95510319 -14.24769858 -13.74932931 -27.10234723 23.25583955 11.2657393 35.61747663 6.48514486 10.25118018 -8.82079327 0.99916068 -9.27334005 -0.00014133 0.00000471 -0.00000447 -22.76281526 -22.26653399 -8.35070084 36.15830448 -4.39924145 -10.21025268 -12.46226339 -1.47019976 9.75517359 0.00001018 0.00000772 -0.00000213
-0.00054006 1.09639038 -0.00064899 -2.7628331 -15.50889072 -1.36473414 1.87504175 2.6531997 -0.48184888 1.33304639 2.24713176 -0.46970105 1.28738194 2.27562393 -0.48362914 1.23560994 -0.08460132 4.21433652 23.79499134 6.44661688 2.03980201 2.49367801 -8.64753112 2.06787468 -39.21911079 -69.06758453 -59.92923644 -0.00000698 -23.20768975 -0.00001587 -98.75448534 -5.20453264 -9.90775079 -0.11464734 -9.3633131 10.93668965 170.94396056 80.00946794 -157.46454219 0.00000367 21.43736827 -0.00000742 -50.27655561 -14.4758003 -13.78151631 -27.12980737 23.17829506 11.27591721 35.63816551 6.57031874 10.25058603 -8.82815465 1.00210235 -9.3051153 -0.00014104 0.00000516 -0.00000336 -22.74454174 -22.1506729 -8.26370436 36.14141227 -4.52184304 -10.21003385 -12.44990996 -1.48451783 9.78576196 0.0000107 0.00000688 -0.00000356
-0.00056993 1.09638855 -0.00063974 -2.73218404 -15.51377946 -1.37766318 1.86693645 2.63006261 -0.46787898 1.33118581 2.22879565 -0.46947901 1.2857554 2.25731676 -0.48403885 1.24934821 -0.07188284 4.19594299 23.80524762 6.47347251 2.05712554 2.40962669 -8.38814377 1.98104033 -39.80889863 -69.12428887 -60.57707605 -0.00000205 -23.13650309 0.00000214 -98.51966728 -5.06180522 -9.76423804 -0.10812956 -9.26079774 10.7531543 171.45795498 79.99400598 -158.0539649 0.00000292 21.45913073 -0.00000946 -50.67049357 -14.77024867 -13.8113452 -27.1441443 23.06397158 11.25458109 35.6352396 6.67485102 10.25028365 -8.8204461 1.00997858 -9.33978041 -0.00014141 0.00000466 -0.00000465 -22.71110511 -21.98952805 -8.17213536 36.0966402 -4.69577032 -10.21005222 -12.42353412 -1.50442612 9.84699664 0.0000113 0.00000602 -0.0000051
-0.00058378 1.09642784 -0.00062066 -2.69744679 -15.50597975 -1.38139603 1.85315968 2.60951569 -0.45452347 1.32546988 2.21201987 -0.46873184 1.28030671 2.24042439 -0.48396886 1.26445103 -0.06319384 4.17413868 23.79876392 6.47375081 2.08101289 2.33465038 -8.16221743 1.87359672 -40.20808908 -69.28724895 -61.00819655 -1.2e-7 -23.02326678 8.9e-7 -98.35682283 -4.91477163 -9.66173124 -0.10166334 -9.16625237 10.5853834 171.92388032 79.9949767 -158.58405799 0.00000233 21.47993011 0.00000228 -51.05867765 -15.05595184 -13.83062146 -27.15368418 22.96188162 11.21888662 35.61656661 6.75240467 10.25045763 -8.80453929 1.01689249 -9.36220411 -0.00014151 0.00000445 -0.00000508 -22.68942483 -21.79825094 -8.14292535 36.07518385 -4.88106092 -10.09907917 -12.40827192 -1.51504201 9.86164688 0.00001086 0.00000659 -0.00000409
-0.00058883 1.0964698 -0.00059718 -2.66232978 -15.49267513 -1.37343437 1.83587181 2.59398059 -0.44265797 1.31514236 2.19863019 -0.46704415 1.27030301 2.22676963 -0.48282084 1.27677753 -0.05773945 4.14984359 23.7850566 6.45493474 2.10407382 2.28720399 -8.02916721 1.77619741 -40.09613342 -69.57684761 -60.89568822 -0.00000765 -22.95809883 -0.00000676 -98.33401632 -4.79267113 -9.57718036 -0.0968848 -9.09707244 10.46242454 172.23576442 80.00427921 -158.93738613 0.00000397 21.49284042 6.9e-7 -51.38237744 -15.26574869 -13.84164922 -27.15616245 22.87018514 11.16897644 35.59187736 6.81517683 10.25077909 -8.78672717 1.02384889 -9.3783559 -0.00014104 0.00000513 -0.00000347 -22.68591607 -21.63891056 -8.14514483 36.06712261 -5.03398106 -9.98525342 -12.40151516 -1.51419311 9.86525901 0.00001122 0.00000611 -0.00000494
-0.00061022 1.09648033 -0.00058796 -2.62774009 -15.48723643 -1.35382615 1.81896128 2.58007644 -0.43451306 1.30237045 2.1861437 -0.46504329 1.2580345 2.21381981 -0.48131786 1.28042862 -0.04878279 4.11018394 23.77809114 6.43080656 2.10717357 2.26178228 -7.97310628 1.6751538 -39.43622577 -69.92968652 -60.21393109 5.4e-7 -22.99973396 -0.0000087 -98.43645661 -4.70856659 -9.49368039 -0.0927095 -9.03180644 10.34236188 172.5191206 80.01633828 -159.25251444 -0.00000354 21.49744193 0.0000018 -51.6268221 -15.37898917 -13.85754212 -27.15197022 22.77269267 11.10387246 35.56631083 6.89379444 10.25089483 -8.76686838 1.03201351 -9.39913719 -0.00014137 0.00000464 -0.00000452 -22.70820488 -21.56573565 -8.14265795 36.06254452 -5.11616267 -9.96378844 -12.39790703 -1.51227539 9.88368223 0.00001064 0.00000697 -0.00000344
-0.00066357 1.09645096 -0.00059935 -2.5947406 -15.49359027 -1.32715815 1.80508842 2.56516627 -0.42790654 1.28968692 2.17266793 -0.46287799 1.24607978 2.19969961 -0.47967095 1.27110678 -0.03060208 4.04694113 23.78574703 6.41554087 2.08600868 2.24420635 -7.94571233 1.54995886 -38.4661274 -70.26284622 -59.21232981 9e-8 -23.12238807 -6.4e-7 -98.60092662 -4.66182417 -9.42214636 -0.08696377 -8.9434572 10.17800244 172.96177272 80.03663062 -159.73417765 -0.00000979 21.49912584 0.00000806 -51.79352665 -15.42492162 -13.88843268 -27.14946888 22.6840135 11.03931698 35.54687106 6.97901706 10.25075294 -8.74880901 1.04044876 -9.42326817 -0.00014113 0.00000502 -0.0000037 -22.75576933 -21.58919089 -8.12652447 36.0604518 -5.11699693 -10.04520391 -12.39644201 -1.51247298 9.91622639 0.00001046 0.00000733 -0.00000284
-0.00074493 1.09638817 -0.00062025 -2.56296638 -15.50827466 -1.29887353 1.79358875 2.55065789 -0.42251645 1.27714677 2.15935578 -0.46075478 1.23435684 2.18563941 -0.47806576 1.25304451 -0.00506849 3.97021052 23.80278057 6.41339819 2.0582682 2.22725312 -7.91956152 1.41127243 -37.4831494 -70.5311098 -58.19435889 -0.00000278 -23.2567124 -8.3e-7 -98.77286409 -4.64851456 -9.38515415 -0.0788393 -8.83178645 9.97495798 173.65477778 80.07790144 -160.46958494 -0.000002 21.50038881 -0.0000075 -51.87129272 -15.4434856 -13.92586125 -27.15762991 22.6282367 10.99278798 35.54103168 7.03989877 10.25029451 -8.74029428 1.04800137 -9.44277007 -0.00014158 0.00000436 -0.00000527 -22.82077145 -21.68251826 -8.10111977 36.06189757 -5.05751523 -10.193034 -12.39631973 -1.51906602 9.95498565 0.00000992 0.0000081 -0.00000144
-0.00083151 1.09633759 -0.0006364 -2.52756112 -15.52143364 -1.27532599 1.78141293 2.53882022 -0.41483779 1.26316249 2.14795778 -0.45790299 1.2210124 2.17353951 -0.47569912 1.23993996 0.0199167 3.90108147 23.80900342 6.41745616 2.04295145 2.21193325 -7.89636496 1.28907713 -36.67987386 -70.72265959 -57.35680575 -4.8e-7 -23.35634168 -0.00000479 -98.92832181 -4.66719178 -9.39456772 -0.06941279 -8.72064218 9.78467198 174.52197657 80.14096595 -161.36196632 -0.00000228 21.49473989 0.00000598 -51.84004496 -15.44998215 -13.95090485 -27.1833067 22.60380044 10.96898682 35.53944161 7.06524676 10.25031739 -8.73336941 1.05330565 -9.45260552 -0.00014099 0.0000052 -0.00000326 -22.9097084 -21.7931952 -8.14635691 36.10538939 -4.95185928 -10.2089536 -12.41954612 -1.49889405 9.91105055 0.00001049 0.00000724 -0.00000297
-0.00090691 1.09629456 -0.00063827 -2.48573768 -15.52489344 -1.25372112 1.76789261 2.52936847 -0.41443224 1.24802221 2.13839538 -0.45631302 1.20627255 2.16340726 -0.47454999 1.24457995 0.03639856 3.85721712 23.77611642 6.41754591 2.03822402 2.20086191 -7.88315146 1.20372424 -36.16578807 -70.81691257 -56.81503068 -0.00001085 -23.41637069 -0.00001993 -99.05996725 -4.71470709 -9.4518465 -0.0605288 -8.63692165 9.6615767 175.32334119 80.20190704 -162.16050912 -0.00000425 21.47198609 0.00001064 -51.70531604 -15.4279825 -13.95266505 -27.21769437 22.58209345 10.94988842 35.53951735 7.08020258 10.25043494 -8.72837007 1.05758183 -9.45927813 -0.00014089 0.00000533 -0.00000292 -23.00246954 -21.92558511 -8.21830754 36.14716483 -4.81752612 -10.20861402 -12.44286045 -1.48233447 9.86541887 0.00001012 0.00000781 -0.00000198
-0.00097396 1.09624115 -0.00063659 -2.44294892 -15.52121006 -1.23488061 1.75585492 2.52220504 -0.41669233 1.23446468 2.13035333 -0.45518222 1.19281326 2.15502096 -0.47382421 1.26465662 0.03903889 3.84813027 23.69264187 6.40595041 2.02453661 2.19490828 -7.87644855 1.16385178 -36.06086933 -70.75995144 -56.69455281 0.00000409 -23.45339302 -0.00000339 -99.16205424 -4.78037262 -9.55826302 -0.05418695 -8.59977123 9.63841466 175.72340638 80.22545615 -162.54323844 -0.00000372 21.42943355 0.00000154 -51.51116251 -15.34785418 -13.93632827 -27.2455471 22.51610513 10.91473289 35.53954069 7.13522671 10.25048513 -8.7211526 1.06391837 -9.47725708 -0.00014104 0.0000051 -0.00000346 -23.0955367 -22.06540655 -8.29096079 36.19039809 -4.68414392 -10.20827225 -12.4679222 -1.46703275 9.82078234 0.0000106 0.00000702 -0.00000334
-0.00104119 1.09616531 -0.0006308 -2.40495503 -15.51371609 -1.22256738 1.74901617 2.520318 -0.42318198 1.22471622 2.12567395 -0.45479425 1.18285065 2.15021206 -0.47380202 1.28106219 0.02542911 3.87624027 23.59012902 6.38049658 1.99066425 2.19461357 -7.86873555 1.18044499 -36.4864605 -70.52110029 -57.12017166 -0.00000456 -23.46380913 -0.00000728 -99.22545847 -4.85136868 -9.71695573 -0.05265904 -8.62223343 9.72414991 175.46991414 80.19279513 -162.27863591 -0.00000349 21.3775028 0.0000026 -51.31472378 -15.18901798 -13.92178866 -27.25225583 22.36841622 10.85504501 35.53825677 7.2720827 10.25027666 -8.71001905 1.07652916 -9.52363734 -0.0001414 0.00000459 -0.00000467 -23.17367272 -22.17287499 -8.34049702 36.23343813 -4.58638518 -10.2076683 -12.49408139 -1.45629197 9.7842095 0.00001003 0.00000794 -0.00000177
-0.00112141 1.09605507 -0.00060459 -2.36905428 -15.50865599 -1.22347558 1.74749402 2.52779665 -0.43568087 1.21826147 2.12718819 -0.45554405 1.17587052 2.1517442 -0.47487702 1.27492279 -0.00187676 3.93515649 23.53122705 6.34871383 1.95182606 2.20089185 -7.86219387 1.26058192 -37.29415775 -70.14876264 -57.93946893 -0.0000021 -23.47465604 -0.00000688 -99.25464774 -4.9195681 -9.89576136 -0.05755371 -8.70814455 9.90608369 174.5971556 80.11507439 -161.40292692 -0.00000325 21.33183286 0.00000391 -51.14109891 -14.95207144 -13.92692093 -27.24997759 22.14400223 10.78389285 35.54653206 7.48735225 10.24974408 -8.70133918 1.09654127 -9.59738098 -0.00014129 0.00000482 -0.00000429 -23.22959908 -22.22115148 -8.3472972 36.27115333 -4.54722105 -10.2068283 -12.51722683 -1.45297304 9.7639816 0.00001115 0.00000618 -0.00000476
-0.00121937 1.0959098 -0.00055194 -2.33391794 -15.50348656 -1.2359317 1.74900421 2.54365371 -0.45379085 1.2142494 2.13531021 -0.45742805 1.17112552 2.1599841 -0.47703268 1.2457107 -0.03426685 4.00836786 23.56149222 6.32625212 1.93553556 2.21428125 -7.86844216 1.38959016 -38.12072311 -69.77412822 -58.77890287 0.00000201 -23.5111115 0.00000164 -99.26246514 -4.97941341 -10.04300862 -0.06732398 -8.83830187 10.14295937 173.47449826 80.02746162 -160.26731409 -0.0000081 21.30283834 0.00001442 -50.96448127 -14.66973754 -13.96118786 -27.25549505 21.89836541 10.72500652 35.57172891 7.72243355 10.24894296 -8.70115006 1.11897424 -9.68131007 -0.00014106 0.00000507 -0.0000035 -23.27055388 -22.23338475 -8.32282984 36.30797013 -4.54695022 -10.2059042 -12.5415708 -1.45177207 9.75399565 0.00001002 0.00000801 -0.00000165
-0.00131751 1.09578865 -0.00047762 -2.31201986 -15.4959483 -1.25151442 1.75324467 2.56217374 -0.46519109 1.21441592 2.14725835 -0.45848152 1.17049626 2.17221647 -0.47829198 1.20886441 -0.06143215 4.0747206 23.67939035 6.32380951 1.95351901 2.23308614 -7.89438538 1.52815757 -38.71945605 -69.50008973 -59.38799133 0.00000563 -23.54821091 0.00001446 -99.23476155 -5.02670175 -10.13125248 -0.07731304 -8.96869392 10.36830535 172.57568623 79.96805368 -159.331561 0.00000287 21.29022708 -0.00001226 -50.748721 -14.39569463 -14.02213653 -27.26348441 21.69103481 10.72701653 35.62268937 7.89667045 10.17744553 -8.71779611 1.1329961 -9.71945633 -0.00014167 0.00000419 -0.00000557 -23.29759656 -22.26763424 -8.30741859 36.34028769 -4.52737543 -10.20544104 -12.56646789 -1.44876493 9.73989118 0.0000102 0.00000773 -0.00000215
-0.00137801 1.09573257 -0.00034362 -2.32043709 -15.49547651 -1.26425616 1.76463023 2.5802807 -0.47829284 1.22261322 2.16150904 -0.46167061 1.17803092 2.18691177 -0.48160843 1.17823496 -0.07878665 4.12048515 23.8461307 6.33524354 1.99847133 2.25414619 -7.93611403 1.64148355 -39.10007526 -69.30075384 -59.77702622 0.00000303 -23.58712254 0.00000596 -99.11232097 -5.05680133 -10.12151271 -0.08395537 -9.06364774 10.53413892 172.04333315 79.94597929 -158.74656871 -0.00000772 21.28787215 -9.4e-7 -50.51742683 -14.16996823 -14.09913672 -27.24544875 21.57418337 10.76053611 35.67131071 7.98797345 10.08090148 -8.74551655 1.13468795 -9.71811423 -0.00014092 0.00000532 -0.00000303 -23.30662046 -22.36546055 -8.33580476 36.36869649 -4.43591878 -10.20529334 -12.59359842 -1.43688672 9.71031206 0.00001055 0.00000718 -0.00000307
-0.00139657 1.09573196 -0.00008972 -2.36100057 -15.51413879 -1.26819329 1.78403796 2.60532719 -0.48967598 1.2381265 2.18231115 -0.46843734 1.19279438 2.20830408 -0.4885211 1.15615444 -0.0904976 4.15028789 24.00594922 6.34426397 2.06823709 2.27704735 -7.98999893 1.73389112 -39.42271004 -69.10973831 -60.11342793 -0.00000687 -23.61479955 -0.00001552 -98.86593409 -5.07294071 -10.02027304 -0.08861307 -9.13866376 10.67028549 171.44825079 79.92497483 -158.10467191 0 21.29361882 -0.00000841 -50.34173199 -14.00851919 -14.18072457 -27.18355197 21.58097701 10.76607864 35.68024643 8.00510112 10.06658101 -8.77110303 1.13759219 -9.72790176 -0.00014148 0.0000045 -0.00000486 -23.29990328 -22.51013359 -8.41266165 36.4009004 -4.2775797 -10.20530296 -12.62685613 -1.41768026 9.6692663 0.00001013 0.00000779 -0.00000199
-0.00142842 1.09574226 0.00027611 -2.41294205 -15.54441789 -1.25785423 1.80741183 2.64589919 -0.51127689 1.25552706 2.21505878 -0.482807 1.2090352 2.24167804 -0.50318413 1.1381865 -0.10411024 4.18311821 24.10250252 6.34319503 2.17655751 2.30622368 -8.06049297 1.84541178 -39.72349416 -68.9527488 -60.4285062 -0.00000178 -23.64092705 -0.00000862 -98.55530823 -5.08350802 -9.85121577 -0.09618287 -9.25260951 10.87171213 170.18363658 79.85178655 -156.81197556 0.00000126 21.31259717 0.0000016 -50.28479926 -13.90635382 -14.26075478 -27.10578718 21.67998323 10.76394654 35.67259311 7.95768695 10.09335493 -8.80013444 1.14240187 -9.73899677 -0.00014142 0.0000046 -0.00000468 -23.29093347 -22.65201443 -8.51569013 36.44261165 -4.11055145 -10.20522681 -12.66879711 -1.39791468 9.63158031 0.00001073 0.0000069 -0.00000355
-0.00153327 1.09570206 0.00067727 -2.45550974 -15.56084502 -1.23889647 1.82887855 2.69664483 -0.54906315 1.26927405 2.2550894 -0.50421071 1.22114974 2.28224515 -0.52506671 1.12105926 -0.1211128 4.22874821 24.10493431 6.33930863 2.32626736 2.34110758 -8.14081509 1.99240375 -39.8629337 -68.94337779 -60.57103674 -0.00000232 -23.67895468 -0.00000245 -98.30659071 -5.0966465 -9.65772135 -0.10854156 -9.43632295 11.18562783 168.2641819 79.7107162 -154.87827462 -0.00000683 21.34854908 0.00000711 -50.33858783 -13.85501544 -14.33508411 -27.05174215 21.80718213 10.75867838 35.68070823 7.87212387 10.12936668 -8.83718105 1.14556615 -9.73773812 -0.00014083 0.00000548 -0.00000265 -23.29199324 -22.76318997 -8.61634572 36.49918199 -3.98794843 -10.20489034 -12.72109813 -1.38441422 9.60799534 0.00001068 0.00000687 -0.00000355
-0.00172026 1.0956105 0.00105081 -2.48736417 -15.54296445 -1.21901129 1.84540063 2.73428101 -0.59035425 1.27801699 2.28442973 -0.52461648 1.22834818 2.31196734 -0.54599154 1.10474322 -0.13275624 4.26722815 24.02890596 6.34195607 2.48072777 2.36519162 -8.19056954 2.11679495 -39.70072282 -69.15099421 -60.4013976 0.00000145 -23.72325675 0.00000968 -98.22092451 -5.11460107 -9.50388732 -0.12124225 -9.63519526 11.51417889 166.52890566 79.55542749 -153.13132625 -0.00000484 21.3937109 -0.00000308 -50.42614607 -13.85088113 -14.3997104 -27.01848347 21.89963604 10.7523552 35.70435332 7.783092 10.15965486 -8.87291897 1.14857084 -9.73710127 -0.00014146 0.0000045 -0.00000489 -23.29461887 -22.85052538 -8.7037387 36.56351847 -3.92028955 -10.20429469 -12.78250917 -1.37935477 9.6002405 0.00001109 0.00000627 -0.00000462
-0.00193839 1.09552963 0.00138248 -2.51381535 -15.49227944 -1.20029444 1.8564684 2.73458812 -0.61055499 1.28319815 2.28444469 -0.53329684 1.23300864 2.31210288 -0.5549434 1.09045385 -0.12679837 4.26089214 23.92205938 6.35034521 2.58051084 2.3542926 -8.15420512 2.12089644 -39.21359667 -69.52180313 -59.91124095 -0.00000348 -23.77192225 -0.00000268 -98.31317991 -5.13456557 -9.43870392 -0.12937968 -9.74252122 11.66847855 165.88392924 79.47232411 -152.47547478 -0.00000213 21.43099202 -0.00000802 -50.46815192 -13.88639951 -14.45745423 -26.98132123 21.93317897 10.72664539 35.71864939 7.72134675 10.18784981 -8.89506353 1.15253297 -9.7459897 -0.0001415 0.00000448 -0.000005 -23.29093601 -22.93236365 -8.78161399 36.61752081 -3.88551992 -10.20379208 -12.84084962 -1.37763778 9.60140522 0.00001053 0.00000722 -0.00000305
-0.00213672 1.09550995 0.00167332 -2.53408622 -15.43411316 -1.18539899 1.86116666 2.69429301 -0.59414997 1.28503594 2.25268658 -0.5250611 1.23588816 2.28013929 -0.54657789 1.07910674 -0.09931349 4.19153162 23.8238989 6.35660053 2.59233174 2.29867714 -8.01133002 1.95985129 -38.484633 -69.94491657 -59.19672222 -0.00000254 -23.83068028 7e-7 -98.53536502 -5.15356462 -9.46991103 -0.13154868 -9.69430759 11.53366608 166.56701906 79.49496488 -153.15497242 -6e-8 21.44730586 1e-7 -50.44210037 -13.94178623 -14.52019366 -26.93420811 21.93397907 10.67579718 35.70436894 7.69251297 10.23337604 -8.89895572 1.15854338 -9.76844169 -0.00014115 0.00000499 -0.00000379 -23.27724898 -23.01629132 -8.84677653 36.64591233 -3.8548872 -10.20337874 -12.88566115 -1.37738153 9.60259651 0.00001065 0.00000694 -0.00000346
-0.00229849 1.09556259 0.00191035 -2.54230452 -15.40011266 -1.17583981 1.85810652 2.63550089 -0.55439224 1.28200502 2.20642497 -0.50578135 1.23504305 2.2333675 -0.52715586 1.07144036 -0.05977333 4.08236859 23.74352436 6.3555395 2.53596404 2.21650319 -7.80598311 1.69596378 -37.62065153 -70.35026555 -58.36148148 0.00000651 -23.90211405 -0.0000026 -98.83296185 -5.17486754 -9.56716103 -0.12776622 -9.52327389 11.1725715 168.12653393 79.58383723 -154.71884575 0.00000203 21.44256844 0.00001039 -50.37570314 -13.9931591 -14.60301444 -26.90293246 21.95607384 10.65978257 35.68274856 7.65550764 10.24800207 -8.90047385 1.14966908 -9.7717844 -0.00014098 0.00000523 -0.00000318 -23.26273883 -23.09869637 -8.89177574 36.64768357 -3.80467849 -10.20342147 -12.9118482 -1.37690785 9.59366724 0.00001035 0.00000744 -0.00000262
-0.00242182 1.09564316 0.00208082 -2.53730151 -15.40417713 -1.17525119 1.84674954 2.58978896 -0.50408159 1.27311759 2.1697246 -0.48464983 1.22806954 2.19609634 -0.50667543 1.06885985 -0.02525808 3.98262105 23.6723364 6.34743484 2.46428176 2.1425274 -7.6231085 1.45717192 -36.73002698 -70.72738909 -57.50127463 -0.00000372 -23.95897564 -0.0000056 -99.17180817 -5.20821747 -9.70257772 -0.12027647 -9.32643068 10.77197767 169.8382787 79.6855986 -156.43274122 -0.00000274 21.42834651 -0.00000651 -50.30413306 -14.02893091 -14.71492409 -26.91480028 22.06119695 10.70526515 35.67299707 7.55993315 10.2485009 -8.9096446 1.13790177 -9.7486438 -0.00014101 0.00000519 -0.00000331 -23.26193724 -23.16959972 -8.91282096 36.63359019 -3.73068202 -10.20389181 -12.91512028 -1.37499529 9.5715829 0.00001079 0.00000675 -0.00000379
-0.00251112 1.09571304 0.00218418 -2.5226462 -15.43207322 -1.1787646 1.83148449 2.57543116 -0.46921935 1.26134322 2.15705783 -0.47288289 1.21698072 2.18303053 -0.49629342 1.07320379 -0.01013487 3.93392584 23.60631375 6.33260837 2.42012889 2.1063727 -7.53679945 1.34608194 -35.89904764 -71.06688464 -56.6847354 -0.00000399 -24.00250263 0.00000554 -99.52131505 -5.2599928 -9.83495874 -0.11381466 -9.19304619 10.50593966 171.08472509 79.77341198 -157.66901004 -0.00000525 21.41927558 -0.00000146 -50.25328375 -14.04835646 -14.85382818 -26.96306525 22.22985321 10.79330984 35.67619139 7.41566645 10.2489488 -8.92464317 1.12250215 -9.71191545 -0.00014099 0.00000523 -0.00000321 -23.26610731 -23.22559247 -8.9173638 36.61983605 -3.65041145 -10.20440017 -12.918046 -1.37172697 9.54602683 0.00001021 0.00000771 -0.0000022
-0.00256026 1.09578529 0.00222924 -2.50766697 -15.45459597 -1.1884576 1.81781962 2.59024603 -0.45612923 1.2508846 2.16697397 -0.47320816 1.20611709 2.19286676 -0.49730859 1.08513266 -0.01994366 3.94912319 23.54750655 6.3061234 2.40741685 2.11709527 -7.56904563 1.38693021 -35.25846897 -71.34159224 -56.03679623 0.00000788 -24.01625192 0.00001926 -99.84561849 -5.3295255 -9.95220643 -0.11181903 -9.15948031 10.44419358 171.53336653 79.83669055 -158.0962969 0.00000133 21.42437311 -0.00000765 -50.23583129 -14.0551544 -15.00449678 -27.01526041 22.3786246 10.8784853 35.68060635 7.2811941 10.24936326 -8.93615641 1.10885371 -9.67507862 -0.00014131 0.00000467 -0.00000442 -23.26923358 -23.29368432 -8.92172053 36.60035515 -3.56527337 -10.20466432 -12.91649609 -1.36291409 9.52048519 0.00001093 0.00000659 -0.0000041
-0.00256709 1.09589264 0.0022344 -2.49644402 -15.45949252 -1.20439387 1.81011119 2.61982014 -0.4572633 1.24479953 2.18843667 -0.48075268 1.19918365 2.21454249 -0.50401083 1.10294368 -0.0514593 4.01370071 23.49023432 6.25923976 2.39701467 2.16253253 -7.68693482 1.53157874 -34.88574506 -71.50926038 -55.64053686 0.00000249 -24.01003083 0.00000527 -100.11225336 -5.41093543 -10.05004874 -0.11408946 -9.21111183 10.55217242 171.22161725 79.86583032 -157.76269079 -0.00000234 21.44369978 -0.00000745 -50.24446564 -14.04793527 -15.13947688 -27.04382011 22.4505648 10.92947851 35.6677341 7.20350993 10.24983452 -8.93262774 1.10254502 -9.65219673 -0.00014122 0.00000488 -0.000004 -23.2729613 -23.3986666 -8.92549239 36.56892848 -3.46812129 -10.20557295 -12.90386372 -1.34917704 9.48108367 0.00001067 0.00000701 -0.00000342
-0.00254488 1.09603088 0.0022279 -2.49249753 -15.45893639 -1.22544061 1.81148125 2.65068857 -0.46282237 1.2449689 2.21111207 -0.48871962 1.19832871 2.23762379 -0.51069058 1.1226139 -0.09597771 4.10103903 23.4197322 6.18889156 2.35943987 2.22064911 -7.83369219 1.70989598 -34.74792058 -71.55512604 -55.47270984 -3.4e-7 -24.01084106 -0.00000149 -100.30932959 -5.49491171 -10.12520039 -0.11861467 -9.30954367 10.74874141 170.51211922 79.85866567 -157.04072158 -0.00000101 21.47094086 0.00000349 -50.15059345 -14.05669076 -15.23203998 -27.04153024 22.44792062 10.94625232 35.63744726 7.19509578 10.25055007 -8.91674582 1.10261984 -9.64871093 -0.00014102 0.00000514 -0.00000339 -23.26136055 -23.50745562 -8.92608596 36.52411121 -3.37471335 -10.2063111 -12.88422302 -1.33575312 9.44443458 0.00001026 0.00000758 -0.00000235
-0.00250599 1.09616356 0.00223092 -2.49913351 -15.46745525 -1.24843998 1.82360914 2.67632366 -0.46793218 1.25271502 2.23021001 -0.49362051 1.20490666 2.25723242 -0.51507598 1.13900488 -0.14258001 4.18780313 23.32863445 6.10770786 2.29349154 2.27632825 -7.97220223 1.87873812 -34.69539525 -71.51399287 -55.38835598 -0.00000279 -24.05001083 -0.00000222 -100.45484501 -5.57422736 -10.17052736 -0.12349362 -9.41723399 10.95903776 169.85190711 79.83082506 -156.37944824 -0.00000162 21.49904912 0.000006 -50.08077278 -14.03173009 -15.26808394 -27.01049332 22.3962219 10.93994882 35.60114926 7.24635668 10.25111891 -8.89934933 1.10555449 -9.66435729 -0.0001409 0.00000535 -0.00000292 -23.22797584 -23.56584487 -8.91157381 36.47380116 -3.3186848 -10.20691135 -12.86039781 -1.32709287 9.42600146 0.00001052 0.00000724 -0.00000298
-0.00244073 1.09627258 0.0022426 -2.51601648 -15.48549791 -1.27138515 1.84478348 2.69585743 -0.47350244 1.26746622 2.24522577 -0.49619068 1.21864774 2.27286287 -0.51773982 1.14836584 -0.18155547 4.26110756 23.22914085 6.04034968 2.22533724 2.32918915 -8.10207284 2.03593433 -34.54939903 -71.45141995 -55.20714905 -0.00000168 -24.14169717 0.00001775 -100.5832917 -5.64637305 -10.18087099 -0.1273139 -9.5078582 11.13452086 169.49771842 79.80777643 -156.03012858 -0.00000544 21.52383291 0.00000501 -50.05429053 -13.97445399 -15.26434746 -26.96150345 22.31684715 10.91793735 35.56734071 7.33445965 10.25153602 -8.88405108 1.10971629 -9.69026057 -0.00014112 0.00000505 -0.0000036 -23.17926748 -23.56998022 -8.88186633 36.42602178 -3.30453327 -10.20740147 -12.83562081 -1.32135967 9.42384815 0.00001026 0.0000077 -0.00000223
-0.00233798 1.09637543 0.00224897 -2.53436462 -15.50150973 -1.29057571 1.86917188 2.71164027 -0.48274238 1.28541254 2.25780027 -0.49853595 1.23561706 2.28612163 -0.52015249 1.15034274 -0.20782693 4.31747695 23.14595682 6.00577154 2.18381171 2.38489039 -8.23693789 2.19383863 -34.23220827 -71.41958871 -54.8491908 0.00000512 -24.2713511 0.00001221 -100.71680441 -5.71188824 -10.16043216 -0.12920001 -9.56657427 11.25150662 169.45871833 79.80889237 -155.99379265 7e-8 21.54387009 -0.0000076 -50.06306348 -13.90746765 -15.25472938 -26.90779361 22.23362047 10.88564344 35.53300203 7.42737974 10.2518555 -8.86839396 1.11666812 -9.71428041 -0.00014112 0.00000504 -0.00000367 -23.13034626 -23.55904456 -8.85569389 36.37969063 -3.30224434 -10.20785812 -12.81029153 -1.31524441 9.42927178 0.00001053 0.00000713 -0.00000311
-0.00221907 1.09648758 0.00224127 -2.54775286 -15.51613223 -1.29749485 1.889693 2.72697521 -0.49661293 1.30114199 2.26982355 -0.50150336 1.24972462 2.29876994 -0.52309172 1.14735716 -0.22159707 4.35770483 23.09857649 6.00525128 2.17720091 2.44001227 -8.36955296 2.34513753 -33.81199068 -71.43396933 -54.38844652 -0.00000101 -24.3908053 -0.00000366 -100.85294695 -5.76890282 -10.13275085 -0.12879019 -9.58754561 11.30262533 169.65221324 79.84079873 -156.18198191 -0.00000124 21.55854733 0.00000489 -50.08971634 -13.85379047 -15.259621 -26.85407667 22.16733794 10.84802663 35.488012 7.50558028 10.25169253 -8.84552982 1.1224647 -9.73433232 -0.00014092 0.00000531 -0.000003 -23.09528244 -23.5538118 -8.84427822 36.33994988 -3.28943913 -10.20826724 -12.78972706 -1.30530018 9.42993774 0.00001099 0.00000635 -0.00000445
-0.00211489 1.09660446 0.00222077 -2.55133753 -15.53544887 -1.29770505 1.90239515 2.7420967 -0.51153192 1.31095051 2.28102035 -0.50459936 1.25748798 2.31033138 -0.52633048 1.14188218 -0.2251615 4.38174454 23.08795824 6.02849322 2.18867305 2.48138458 -8.469619 2.45613824 -33.39954038 -71.48755677 -53.94067917 -0.00000163 -24.47047008 -0.00001109 -100.9686263 -5.81363132 -10.10455574 -0.12619719 -9.57087516 11.2885531 170.05687878 79.90012064 -156.57380618 -0.00000366 21.56732201 -0.00000322 -50.11436006 -13.82451062 -15.27831424 -26.80870519 22.11901265 10.80832603 35.44131505 7.5752588 10.25243803 -8.82515874 1.12555832 -9.74859057 -0.00014101 0.00000521 -0.00000329 -23.07159547 -23.54107669 -8.84003691 36.30073934 -3.26665125 -10.2087739 -12.76822166 -1.29546127 9.43335555 0.00001032 0.00000744 -0.0000026
-0.00204552 1.09671097 0.00218157 -2.54615127 -15.55776947 -1.29302598 1.9081718 2.75272992 -0.52129044 1.31439028 2.28854765 -0.50709639 1.25999609 2.31788451 -0.52921727 1.13463512 -0.21977029 4.38715234 23.09857875 6.06552272 2.18824074 2.49692363 -8.50807448 2.49305217 -33.0342045 -71.58719699 -53.54692283 0.00001281 -24.49830671 0.00001766 -101.05596456 -5.8426575 -10.07556916 -0.12195877 -9.52018531 11.21209293 170.71765731 79.97776362 -157.22115599 -0.00000134 21.57041716 6.4e-7 -50.12365617 -13.81924677 -15.29782821 -26.77740612 22.08248563 10.7720119 35.39576684 7.63826704 10.25353032 -8.8026826 1.12748076 -9.75973596 -0.00014142 0.00000457 -0.0000047 -23.05520005 -23.49822955 -8.82695819 36.26313162 -3.25796732 -10.20915121 -12.74429034 -1.29188254 9.44163652 0.00001063 0.00000698 -0.00000338
-0.00201521 1.09678375 0.00211977 -2.53072454 -15.57625038 -1.28258202 1.91017179 2.75420687 -0.52326661 1.31314733 2.28978777 -0.50878335 1.25990988 2.31882492 -0.53140994 1.12500264 -0.20578682 4.37141381 23.11483866 6.11009759 2.14800937 2.4843002 -8.47627223 2.44410095 -32.62361949 -71.7494859 -53.11154308 -1.3e-7 -24.50977502 0.00001182 -101.12808234 -5.85642287 -10.02633144 -0.11666562 -9.44014559 11.0750048 171.66141702 80.06476601 -158.15980412 0.00000294 21.56865666 -0.00000912 -50.12558979 -13.82418702 -15.30761604 -26.76581903 22.06334189 10.74566748 35.35976811 7.68238613 10.25392054 -8.78335623 1.12910203 -9.76727595 -0.0001416 0.00000429 -0.00000533 -23.04379318 -23.40803781 -8.79624591 36.23279588 -3.29666756 -10.20945421 -12.72478832 -1.29254434 9.46231886 0.00001052 0.00000719 -0.00000303
-0.00201393 1.09680511 0.00203617 -2.50841284 -15.58422761 -1.26443407 1.91028333 2.745372 -0.5189096 1.30952489 2.28399957 -0.5096721 1.25860625 2.31253196 -0.53277175 1.11208794 -0.18429262 4.33447841 23.13690584 6.15763775 2.05154477 2.44625078 -8.3775603 2.32008844 -32.10443109 -71.9951363 -52.57179684 -0.00000182 -24.51897588 -0.0000145 -101.20429601 -5.85448282 -9.95667654 -0.1107176 -9.33497587 10.87977333 172.84633383 80.15539391 -159.35217362 0.00000223 21.56290105 -0.00000116 -50.13719191 -13.82251401 -15.30597724 -26.77372049 22.0579146 10.72534211 35.33733707 7.70389027 10.25406829 -8.7666442 1.12975444 -9.77022036 -0.00014141 0.0000046 -0.00000469 -23.04398822 -23.28105467 -8.75787411 36.2167887 -3.38839253 -10.20950786 -12.71026339 -1.30118065 9.49493315 0.00001108 0.00000623 -0.00000467
-0.0020206 1.09678886 0.00193703 -2.48254044 -15.58380349 -1.24116627 1.90865671 2.72783775 -0.50878151 1.30547891 2.2715413 -0.50898822 1.25647162 2.2994946 -0.53244391 1.09508333 -0.15706409 4.27906033 23.17943041 6.20548327 1.89976122 2.38678127 -8.21973691 2.14242168 -31.47863269 -72.32164621 -51.93441696 -0.00000825 -24.5255926 -0.00000246 -101.28817995 -5.83617415 -9.88055815 -0.10419179 -9.21050616 10.63804187 174.16474164 80.24244597 -160.68722626 -0.00000432 21.55295335 0.00001142 -50.12836797 -13.81473249 -15.29865754 -26.79184483 22.05031224 10.70301764 35.32365295 7.71658461 10.25410594 -8.75042367 1.12981986 -9.77151941 -0.00014095 0.00000523 -0.00000315 -23.06042722 -23.15828394 -8.72921988 36.21375402 -3.49943982 -10.20935932 -12.69929589 -1.31230453 9.53001361 0.00001112 0.0000062 -0.00000472
-0.00201723 1.09677429 0.00182534 -2.45742813 -15.58089611 -1.22212733 1.90500374 2.70312305 -0.49047282 1.30150079 2.2528635 -0.50466736 1.25371594 2.28027771 -0.52830582 1.07300252 -0.12580297 4.21026729 23.25299717 6.25394127 1.71650706 2.3142317 -8.02275006 1.94237819 -30.81542643 -72.68711769 -51.27384523 -0.00001386 -24.51974559 0.0000017 -101.35887469 -5.80060541 -9.8177652 -0.09727232 -9.07958549 10.37823601 175.44605699 80.31032728 -161.98745504 -0.00000178 21.53834665 0.00000297 -50.14216235 -13.78392671 -15.29050601 -26.81364064 22.04124319 10.6824515 35.313046 7.72636848 10.25407375 -8.73513298 1.12953972 -9.76899961 -0.00014085 0.00000545 -0.00000271 -23.08289717 -23.06833825 -8.70774855 36.21016679 -3.59751708 -10.20922161 -12.68536814 -1.32461408 9.55670751 0.00001029 0.00000755 -0.00000242
-0.00200986 1.09678055 0.00169736 -2.43283907 -15.57586882 -1.21625992 1.8990548 2.67291614 -0.46306095 1.29667556 2.22939553 -0.49510639 1.24998814 2.25635682 -0.51872891 1.0458419 -0.09313936 4.13707039 23.34385535 6.30256426 1.54567192 2.24460556 -7.82858733 1.76040922 -30.33884958 -72.96820322 -50.81537776 -0.0000045 -24.50520171 0.0000014 -101.35443547 -5.74415802 -9.77646984 -0.09098065 -8.96435458 10.1471888 176.4400799 80.33971072 -162.99914398 -0.00000364 21.52139548 0.00000508 -50.17043478 -13.73896623 -15.28602599 -26.84244657 22.02914434 10.67631701 35.30505551 7.73451421 10.25405887 -8.72058735 1.12950671 -9.76549824 -0.00014105 0.00000509 -0.00000349 -23.09677774 -22.99687936 -8.67109219 36.19296439 -3.68883649 -10.20928865 -12.66224192 -1.34021403 9.57593536 0.00001126 0.00000603 -0.00000504
-0.0020264 1.0967775 0.00155387 -2.40497439 -15.56962924 -1.22384753 1.89104645 2.64276261 -0.43258178 1.29077908 2.20597808 -0.48168093 1.2448841 2.23256798 -0.505132 1.01916811 -0.06484104 4.07350719 23.41302731 6.34231931 1.43177957 2.19666531 -7.69021492 1.63673878 -30.57598153 -72.93402957 -51.08583068 -4.3e-7 -24.49691804 -0.00000255 -101.16333068 -5.65791415 -9.7524387 -0.08707173 -8.89203142 9.99899971 176.8728054 80.32392868 -163.44925173 -0.00000489 21.50924369 -0.0000107 -50.20191448 -13.69273368 -15.28480101 -26.88852783 22.00920838 10.69018698 35.30859164 7.74207399 10.25390875 -8.7088404 1.12992449 -9.76452699 -0.00014082 0.00000545 -0.00000269 -23.09982925 -22.91159838 -8.60552345 36.16622826 -3.80484669 -10.20936466 -12.63328252 -1.36069712 9.59820358 0.00001085 0.00000666 -0.00000395
-0.00207819 1.09672371 0.00141156 -2.37614765 -15.55980199 -1.2411573 1.88287724 2.62226258 -0.40994311 1.28593888 2.19064765 -0.46816632 1.23968463 2.21697943 -0.49150529 1.00626566 -0.0492647 4.03339356 23.42245668 6.35205359 1.39631571 2.18184753 -7.64384154 1.59209891 -32.12819586 -72.35612208 -52.68623453 0.00000132 -24.47071518 -0.00000214 -100.67610857 -5.52995222 -9.74994325 -0.08693696 -8.88178997 9.97348119 176.58012346 80.27631759 -163.17461716 0.0000029 21.51082773 -0.00001133 -50.23065763 -13.65554701 -15.2855625 -26.94992571 21.97368741 10.71816639 35.33459151 7.7509586 10.25335838 -8.7068481 1.13118568 -9.76876098 -0.00014138 0.00000461 -0.00000461 -23.09853994 -22.81367865 -8.5231684 36.1462707 -3.94638467 -10.20924596 -12.6095877 -1.38248908 9.6268636 0.00001043 0.00000734 -0.00000277
-0.00213102 1.09661705 0.00129079 -2.35453458 -15.54946654 -1.26547923 1.87808736 2.61901956 -0.40242054 1.28484427 2.18939068 -0.45778975 1.23714827 2.21567709 -0.48144967 1.01925677 -0.05194827 4.01985323 23.36878955 6.31008234 1.43105313 2.19857714 -7.6887712 1.61759396 -34.82177385 -71.21220422 -55.4381602 -0.00001277 -24.40025301 -0.00002127 -99.90322484 -5.36092224 -9.76455773 -0.09021972 -8.93063786 10.06646382 175.66038881 80.21804851 -162.2715837 -8e-8 21.52854275 -5.6e-7 -50.2570126 -13.62950519 -15.28606021 -27.01390312 21.92448655 10.75164259 35.38204076 7.76356 10.2524944 -8.71649498 1.13344312 -9.77692971 -0.00014093 0.0000053 -0.000003 -23.09896402 -22.74545102 -8.4527069 36.14461457 -4.06321148 -10.20889772 -12.60022433 -1.39873268 9.65043218 0.00001021 0.00000771 -0.00000217
-0.00213552 1.09648384 0.00119968 -2.34617778 -15.54803854 -1.29177484 1.87940312 2.6317473 -0.4081364 1.28776552 2.20097775 -0.45159259 1.23875946 2.22747526 -0.47611692 1.05594509 -0.06984493 4.02299173 23.29220036 6.21821665 1.50946383 2.23491358 -7.79300472 1.68111111 -37.56833799 -69.83180247 -58.23627011 0.00000685 -24.31079992 0.00000779 -99.03896186 -5.17228208 -9.76451927 -0.09499025 -9.01180045 10.22526463 174.49493017 80.16452108 -161.11811038 -0.00000248 21.55283741 -0.00000632 -50.27970726 -13.61141121 -15.28299642 -27.06550235 21.87467547 10.78189248 35.4397737 7.78596371 10.2516444 -8.73520256 1.13667159 -9.78665701 -0.00014159 0.00000432 -0.00000526 -23.10744397 -22.7408793 -8.41817497 36.16460504 -4.10507392 -10.20845276 -12.60680009 -1.40421622 9.65543874 0.00001046 0.00000734 -0.00000282
-0.00207728 1.09632851 0.00114444 -2.35241378 -15.55081419 -1.31287458 1.88612718 2.6511961 -0.41939884 1.29278267 2.21793527 -0.4488613 1.24354059 2.24483295 -0.4742875 1.100119 -0.09224289 4.03088506 23.24571591 6.11213665 1.59971518 2.2775739 -7.91844952 1.75093977 -39.42022676 -68.73457679 -60.10722236 -0.0000049 -24.23944852 -0.00001216 -98.34849469 -4.98853794 -9.71820713 -0.09929095 -9.09132194 10.3816741 173.56562608 80.1244239 -160.19348447 -0.00000253 21.56702922 -3.5e-7 -50.28876012 -13.6007777 -15.27764766 -27.09416228 21.82421767 10.79750632 35.49990227 7.82542902 10.2506619 -8.76045075 1.14041388 -9.79894011 -0.00014118 0.00000489 -0.000004 -23.12934067 -22.79071745 -8.42565625 36.2087528 -4.07175053 -10.2077756 -12.62662742 -1.40190572 9.64140902 0.00001112 0.00000624 -0.0000047
-0.00198593 1.09612885 0.00114033 -2.36821283 -15.5582834 -1.32559583 1.89400427 2.66767452 -0.42905296 1.29742643 2.23246542 -0.44871475 1.24901514 2.25978028 -0.4744168 1.1367223 -0.10848473 4.0395484 23.25115458 6.03759655 1.67226074 2.31779685 -8.03995672 1.80691993 -40.17553018 -68.17490958 -60.83827432 -0.00000725 -24.22471026 4.9e-7 -97.96281046 -4.81497124 -9.607724 -0.10223044 -9.14777075 10.49342067 173.11564031 80.09883103 -159.74086646 2e-8 21.5605315 -0.00000629 -50.28919757 -13.58865991 -15.27171538 -27.09961201 21.74475632 10.78659206 35.56501507 7.90646708 10.2496095 -8.79175379 1.14625365 -9.82342665 -0.00014142 0.00000453 -0.00000476 -23.16701569 -22.86463443 -8.46621129 36.28075726 -4.00118957 -10.20684706 -12.66090177 -1.3958311 9.61965882 0.00001071 0.00000697 -0.00000347
-0.00190601 1.09587769 0.00119132 -2.37694948 -15.56704696 -1.32708928 1.89734003 2.677524 -0.43369896 1.2989513 2.24144383 -0.45152099 1.25166574 2.26896741 -0.47667582 1.16278383 -0.11503246 4.04979214 23.28591345 6.01358979 1.70648604 2.35080124 -8.14233725 1.84016621 -40.2513743 -67.98270112 -60.86022981 0.00000494 -24.27202942 0.00000432 -97.80670952 -4.6362683 -9.44282407 -0.10373024 -9.17775209 10.55337496 172.91087805 80.07343873 -159.53275184 -0.00000686 21.53824074 -0.00000101 -50.31240956 -13.55897325 -15.27788772 -27.09835785 21.63134855 10.75201385 35.63643373 8.02651906 10.24826508 -8.82914136 1.15500142 -9.86261927 -0.0001409 0.00000531 -0.00000293 -23.22577613 -22.9364694 -8.52547395 36.37570296 -3.93036119 -10.20559293 -12.70901674 -1.38833654 9.60124914 0.00001038 0.00000747 -0.00000259
-0.00185807 1.09561737 0.00128256 -2.37470829 -15.57873939 -1.3161855 1.89373351 2.68419335 -0.43285683 1.29556557 2.24732376 -0.45780724 1.24881716 2.27477728 -0.48218113 1.18300554 -0.11504736 4.05923877 23.31204547 6.02404852 1.69578897 2.37019861 -8.20774474 1.84465119 -40.22765474 -67.88664963 -60.77976012 -7.2e-7 -24.30758488 -0.00000784 -97.73634525 -4.43856895 -9.27978868 -0.10461073 -9.19100493 10.57812646 172.36790419 80.01816743 -158.99887449 -1.1e-7 21.51690824 -0.00000104 -50.41311207 -13.49842747 -15.3120213 -27.11100171 21.55064037 10.72098423 35.70630319 8.12403458 10.24699116 -8.86613012 1.15922913 -9.8944855 -0.00014113 0.00000495 -0.00000376 -23.30210091 -22.98315583 -8.58818403 36.47707256 -3.87460794 -10.20436005 -12.75653231 -1.38440548 9.58749936 0.00001014 0.00000778 -0.00000202
-0.00182387 1.09542664 0.00142036 -2.37336198 -15.60846626 -1.2961279 1.88735701 2.69480709 -0.42705893 1.28931691 2.25561262 -0.46557848 1.24229767 2.28278788 -0.48982777 1.19997693 -0.11252604 4.06217707 23.31341324 6.04279684 1.64694439 2.37142978 -8.22260434 1.81871902 -40.31091505 -67.82520972 -60.82218585 -0.0000045 -24.27796924 -0.00000235 -97.69408624 -4.23567789 -9.16516598 -0.10629545 -9.204788 10.59557144 171.08195401 79.90488653 -157.74322868 -0.0000058 21.50909245 3e-8 -50.62433224 -13.4062693 -15.37749671 -27.13064664 21.57840644 10.72064329 35.75894283 8.13895986 10.24611658 -8.90041593 1.15694909 -9.89879396 -0.0001411 0.00000507 -0.00000361 -23.36776025 -22.98583629 -8.63901681 36.55889502 -3.83142667 -10.20346638 -12.79001273 -1.38163038 9.5779225 0.00001098 0.00000652 -0.00000423
-0.00178327 1.09536232 0.00161923 -2.38086566 -15.66324825 -1.27488719 1.88427854 2.71433546 -0.41765119 1.28477759 2.27035381 -0.47047833 1.23718634 2.29723373 -0.49517408 1.21122477 -0.10866482 4.05521395 23.30322982 6.05653286 1.5764557 2.35759534 -8.19310851 1.76625254 -40.28185637 -67.9221408 -60.76784055 0.00000738 -24.21591365 0.00000603 -97.71747714 -4.06601587 -9.0960603 -0.10978266 -9.2357115 10.63632195 169.2684242 79.73542601 -155.9736505 -0.00000239 21.51375816 0.00000382 -50.91091633 -13.30283946 -15.46254002 -27.13295044 21.70993597 10.752121 35.78321815 8.07836497 10.24580363 -8.93666056 1.1496284 -9.88201084 -0.00014162 0.00000432 -0.00000532 -23.38808195 -22.93796964 -8.66272964 36.59931067 -3.80197498 -10.20321859 -12.80816867 -1.38125597 9.57810572 0.00001064 0.00000704 -0.00000333
-0.00175337 1.09541107 0.00183602 -2.40227353 -15.72858866 -1.26407556 1.88587981 2.7415802 -0.40749441 1.28366942 2.29072666 -0.46887567 1.23594964 2.31743565 -0.49388882 1.21275344 -0.10303277 4.03930248 23.3015506 6.06377443 1.50724212 2.33603505 -8.1424975 1.69067643 -39.9167187 -68.28501932 -60.38201649 0.00000771 -24.14260607 0.00001784 -97.85121904 -3.96380068 -9.07015532 -0.11459915 -9.28795502 10.71578561 167.58747189 79.55602586 -154.3299814 -0.00000103 21.52118656 -4.1e-7 -51.19400741 -13.2220455 -15.54438699 -27.11129757 21.86716825 10.79618332 35.77799524 7.9975172 10.24600091 -8.96110214 1.14350481 -9.85975192 -0.00014091 0.00000533 -0.00000295 -23.35704671 -22.85122709 -8.64959432 36.5944939 -3.79823801 -10.20357473 -12.80605124 -1.38163172 9.58723448 0.00001009 0.00000788 -0.00000186
-0.00177121 1.0955056 0.00200235 -2.42351906 -15.78246814 -1.26662327 1.88945625 2.7692842 -0.39994283 1.28374113 2.31137528 -0.46034299 1.23653173 2.33807425 -0.48545152 1.20279188 -0.09609647 4.01650133 23.31153731 6.0630104 1.46240138 2.31567398 -8.09934716 1.59460304 -39.15107417 -68.84943463 -59.58682041 0.00000779 -24.10675183 0.00000902 -98.08161526 -3.94377164 -9.06795043 -0.1191393 -9.34759859 10.81529986 166.56360158 79.42910022 -153.32144464 -0.0000021 21.52494095 0.00000629 -51.41195841 -13.18571361 -15.60421218 -27.08530415 21.98139692 10.83826688 35.76019112 7.93719614 10.2463563 -8.9720458 1.14164764 -9.84610297 -0.00014119 0.00000495 -0.00000394 -23.30047067 -22.75870249 -8.60879031 36.56230772 -3.81843002 -10.20409997 -12.79281842 -1.38373848 9.60162042 0.00001099 0.00000649 -0.00000428
-0.00184401 1.09560204 0.00210983 -2.43710462 -15.81107975 -1.27694122 1.89258691 2.78840533 -0.39661288 1.28268341 2.3259186 -0.44837236 1.23598961 2.35255897 -0.47361152 1.18296431 -0.08962589 3.98793815 23.31857387 6.05030384 1.45466994 2.30242089 -8.0807915 1.49143728 -38.12902652 -69.44812837 -58.52702896 -0.00000856 -24.12372967 -0.00000346 -98.35472196 -3.99913297 -9.08351872 -0.12215477 -9.39191124 10.89276088 166.25098234 79.38340767 -153.00392294 0.00000146 21.52758162 -0.00000812 -51.56442563 -13.19319747 -15.63368001 -27.0744823 22.0634533 10.88278286 35.74319006 7.87482849 10.24672749 -8.97362678 1.14007418 -9.83443381 -0.00014145 0.00000456 -0.0000048 -23.24446795 -22.69827164 -8.56373604 36.52336014 -3.84310671 -10.20463916 -12.78018306 -1.38498253 9.61280771 0.00001109 0.00000626 -0.00000463
-0.00194111 1.09572433 0.00222256 -2.45072287 -15.81044376 -1.29035987 1.89471893 2.79447684 -0.39693823 1.28055817 2.33121345 -0.43844722 1.23378789 2.35726608 -0.46388732 1.15714301 -0.08515365 3.95614135 23.30844105 6.02629442 1.48084401 2.29871849 -8.09037905 1.40832634 -37.11149067 -69.94348065 -57.4790257 -0.00000116 -24.16152219 -0.00000577 -98.61813519 -4.10884267 -9.12593759 -0.12356959 -9.41003216 10.92326029 166.34905905 79.3982591 -153.09058997 -0.00000528 21.53743825 0.00001365 -51.69157246 -13.23036691 -15.6370816 -27.07254119 22.16906335 10.93858299 35.72705177 7.76103182 10.24726719 -8.97610458 1.13410031 -9.80676532 -0.00014077 0.00000555 -0.0000025 -23.18173807 -22.68042098 -8.5304656 36.47491259 -3.86114647 -10.20539034 -12.76924228 -1.38675194 9.62304984 0.00001021 0.00000766 -0.00000222
-0.00204128 1.09590828 0.00237636 -2.47052081 -15.78429481 -1.30013967 1.89627942 2.79145802 -0.40050498 1.27855859 2.32962253 -0.43421436 1.23125634 2.35419988 -0.4598352 1.12916643 -0.08282607 3.92722671 23.28255703 5.99885494 1.52854909 2.306279 -8.12938582 1.37145457 -36.31928548 -70.26981872 -56.67650374 0.00000385 -24.18620122 0.00000878 -98.83951056 -4.24539529 -9.1987525 -0.1243578 -9.41548416 10.92962969 166.47172278 79.42657174 -153.20817075 -0.00000401 21.55958272 0.00000908 -51.81957204 -13.2821218 -15.62755797 -27.05962259 22.30610397 10.99371013 35.69515405 7.59851049 10.24815516 -8.97389417 1.12190793 -9.76254742 -0.00014097 0.00000522 -0.00000323 -23.09921896 -22.68388051 -8.50870569 36.40926671 -3.88248416 -10.20635053 -12.75843481 -1.39034614 9.63791293 0.00001104 0.00000632 -0.00000451
-0.00214713 1.09613495 0.00252927 -2.4885843 -15.75076868 -1.30609035 1.89740236 2.78789407 -0.40794144 1.27692252 2.32675788 -0.43570504 1.22923291 2.34953478 -0.46146712 1.10166862 -0.08184852 3.9083336 23.25627003 5.97685333 1.58663452 2.32732307 -8.20317603 1.3883778 -35.82244183 -70.39248487 -56.18648538 0.00000107 -24.22118475 -0.00000416 -98.99464834 -4.38366001 -9.27284946 -0.12566676 -9.43365328 10.9603687 166.32855262 79.42814837 -153.07128449 0.00000159 21.59154029 0.00000425 -51.94811808 -13.3281465 -15.6177746 -27.03295887 22.42890797 11.03008555 35.64669791 7.44804956 10.24928735 -8.96454228 1.11025602 -9.71859482 -0.00014099 0.00000519 -0.00000331 -23.00640252 -22.67820058 -8.4863613 36.32870843 -3.91717828 -10.20741965 -12.74229656 -1.39827347 9.6608846 0.00000997 0.0000081 -0.00000149
-0.00226414 1.09634453 0.00262686 -2.49436175 -15.73478375 -1.30779485 1.89697769 2.7885165 -0.41852215 1.27473612 2.32621727 -0.44099477 1.22754852 2.3481933 -0.46686902 1.07673995 -0.08169214 3.90222397 23.24684185 5.9638456 1.64641301 2.36015228 -8.30840421 1.44349252 -35.5889219 -70.29729131 -55.96845379 7e-8 -24.30905994 0.00000587 -99.06398972 -4.50648929 -9.31243205 -0.1277159 -9.47336312 11.03419007 165.83294995 79.39133378 -152.59203771 -0.00000734 21.62639392 0.00001258 -52.06475258 -13.34570851 -15.61597609 -27.00443925 22.50079297 11.04616844 35.59066172 7.36153701 10.25026326 -8.94622526 1.10508339 -9.69561185 -0.00014145 0.00000456 -0.0000048 -22.92747811 -22.63931041 -8.45014211 36.25279651 -3.96724414 -10.20784775 -12.72384958 -1.40913755 9.68467552 0.00001099 0.00000651 -0.00000426
-0.00237486 1.09648254 0.00265853 -2.48556207 -15.74529709 -1.30497193 1.89376771 2.7922364 -0.42988776 1.27171193 2.32739168 -0.44792384 1.22592197 2.35005518 -0.47383725 1.0563232 -0.08239728 3.90537747 23.26347435 5.9590783 1.69798693 2.39652911 -8.41892503 1.51317686 -35.57928259 -70.02713604 -55.98005531 -0.00000113 -24.4514288 -0.0000021 -99.03990617 -4.60429129 -9.30059246 -0.12958861 -9.51712974 11.11831491 165.1415472 79.33421881 -151.92221861 -0.00000401 21.65874336 -0.00000278 -52.15505326 -13.32266729 -15.63015251 -26.98821566 22.52227743 11.05162771 35.54360544 7.34413054 10.25102651 -8.92516361 1.10377786 -9.69827516 -0.00014153 0.00000442 -0.00000511 -22.87849075 -22.56428724 -8.39872719 36.19999315 -4.03200226 -10.20874877 -12.70970939 -1.41857828 9.70459775 0.00001077 0.00000676 -0.00000374
-0.00244772 1.09654282 0.00264049 -2.46800331 -15.76898742 -1.29857793 1.88929081 2.79464414 -0.441559 1.26932547 2.32718339 -0.45488743 1.22464427 2.35123648 -0.48070079 1.04143629 -0.08392774 3.91225418 23.30236614 5.96210728 1.73349943 2.42517222 -8.49751985 1.5784408 -35.74303936 -69.69172326 -56.17144303 0.00000206 -24.60602457 0.00000525 -98.93757608 -4.67462664 -9.24135675 -0.13094966 -9.54347607 11.16874087 164.54994405 79.28478882 -151.35060967 -0.00001002 21.68593013 0.00000886 -52.20320287 -13.26508415 -15.66550292 -26.98948301 22.52489392 11.05431076 35.51536072 7.35686277 10.25130598 -8.90955803 1.10409269 -9.70938687 -0.00014101 0.00000518 -0.00000334 -22.85915947 -22.46968416 -8.34752514 36.17195611 -4.10778159 -10.209282 -12.6993701 -1.42532512 9.72430519 0.00001082 0.00000665 -0.00000393
-0.00247107 1.09656754 0.00258479 -2.45204357 -15.78578095 -1.28872903 1.88833171 2.79101085 -0.45644358 1.27017541 2.32274879 -0.46206785 1.22555246 2.34783302 -0.48769552 1.03170948 -0.08566282 3.92015689 23.34691342 5.97370395 1.7534586 2.44085749 -8.52760978 1.63644709 -35.9623168 -69.41579673 -56.42070851 0.00000853 -24.73200513 0.00001318 -98.79704875 -4.72335204 -9.14783177 -0.13274193 -9.54963687 11.1771316 164.27980175 79.26101087 -151.09234898 0.00000149 21.70626154 -0.00000875 -52.19734393 -13.18602181 -15.7162548 -27.00229706 22.5494858 11.05824392 35.50208261 7.34703195 10.25142661 -8.90131789 1.10483497 -9.70663538 -0.00014138 0.00000464 -0.00000461 -22.85564748 -22.38078842 -8.31410454 36.15496695 -4.18781882 -10.20940791 -12.68727835 -1.42737282 9.74811029 0.00001103 0.00000633 -0.00000449
-0.00246391 1.09659966 0.00249377 -2.45034594 -15.7837959 -1.27320388 1.89503193 2.77994733 -0.47745526 1.27658302 2.31423873 -0.47101568 1.23158762 2.33944025 -0.49654383 1.02581634 -0.08690087 3.92952803 23.37793552 5.99265672 1.76558417 2.44817466 -8.5279676 1.69673054 -36.08610874 -69.28339897 -56.56648503 -0.00000102 -24.80707686 0.00000845 -98.67146156 -4.76070794 -9.04118565 -0.13534218 -9.54687994 11.16522662 164.36138249 79.26565703 -151.1742789 -0.00000435 21.71770293 0.00000979 -52.13514762 -13.09081238 -15.76991808 -27.01006354 22.61431272 11.06087903 35.48813625 7.285432 10.25167256 -8.89067452 1.10470558 -9.68098318 -0.00014162 0.00000429 -0.00000537 -22.8582421 -22.32531976 -8.31127931 36.14213778 -4.25831785 -10.20937129 -12.67074216 -1.42590892 9.76821647 0.00001112 0.00000628 -0.00000463
-0.00245114 1.09664192 0.00237875 -2.45394226 -15.76215891 -1.25329999 1.90824619 2.76523678 -0.50367818 1.28784937 2.30554594 -0.48220141 1.24279512 2.32989066 -0.50769712 1.0220344 -0.08768265 3.94197953 23.38920662 6.01484168 1.77813743 2.45885898 -8.53597059 1.7717603 -35.95592542 -69.30145947 -56.43642294 -0.00000677 -24.8823956 -0.00000357 -98.60371644 -4.79867536 -8.91399459 -0.13729594 -9.54426633 11.1535796 164.66376444 79.29182089 -151.46482534 -0.00000248 21.71835507 -0.00000682 -51.97382243 -12.98646753 -15.82379541 -27.00739516 22.68852984 11.05937234 35.47143386 7.19729532 10.2520421 -8.88161301 1.10475899 -9.65038872 -0.00014078 0.00000555 -0.0000025 -22.86813895 -22.32928618 -8.34418367 36.13419053 -4.29638812 -10.20963896 -12.66008392 -1.42007173 9.78129732 0.00001063 0.00000702 -0.00000334
-0.00243655 1.09667 0.00224953 -2.45615353 -15.72746025 -1.23510428 1.92058875 2.75300601 -0.53007901 1.29818781 2.30065363 -0.49362702 1.25329061 2.32364964 -0.51868985 1.01828808 -0.08912298 3.95954364 23.39209326 6.03595445 1.79699789 2.47856817 -8.57164984 1.86628182 -35.57425886 -69.44759129 -56.03621049 0.00000843 -24.95437063 0.00000557 -98.62083762 -4.84239063 -8.79175271 -0.13688171 -9.54424343 11.14966302 164.97468857 79.33017145 -151.75341896 -2.8e-7 21.70960311 -8.2e-7 -51.79172162 -12.84701457 -15.87650828 -27.00253391 22.71328617 11.03698325 35.45349863 7.14395299 10.25235185 -8.8646563 1.10386285 -9.62655167 -0.00014162 0.00000426 -0.00000547 -22.89447724 -22.39442135 -8.40263472 36.13626795 -4.28872954 -10.20988149 -12.65548461 -1.40960886 9.78004941 0.00001037 0.0000075 -0.00000256
-0.00241137 1.09666672 0.0021239 -2.44886039 -15.68770044 -1.22481621 1.92328639 2.74710982 -0.55098852 1.30009833 2.29998391 -0.50242527 1.25513528 2.32184416 -0.52629112 1.0117084 -0.0930933 3.98350853 23.40547548 6.05269765 1.82758907 2.50406915 -8.62783469 1.97460953 -35.06244631 -69.67620117 -55.50359406 -0.00000764 -24.99931629 -0.0000071 -98.72351367 -4.89171295 -8.70819284 -0.13439894 -9.54566604 11.15161146 165.11360551 79.37250394 -151.86421061 0.00000279 21.69536664 -0.00000497 -51.64025215 -12.67599341 -15.92594079 -27.00077595 22.66539381 10.99626854 35.44522814 7.15427285 10.25252696 -8.85098893 1.10340883 -9.62123579 -0.00014106 0.00000512 -0.00000347 -22.94054851 -22.48794181 -8.45967176 36.14606739 -4.24970125 -10.2098718 -12.64939778 -1.39962935 9.76454714 0.00001075 0.00000685 -0.00000367
-0.00237782 1.09664474 0.00201039 -2.42203292 -15.64630358 -1.22258023 1.91386487 2.7468818 -0.56282105 1.29108041 2.3015833 -0.50717685 1.24572061 2.3226781 -0.52962968 0.99869372 -0.10058791 4.01075659 23.44354965 6.06149715 1.87492539 2.52765537 -8.68100659 2.08203321 -34.57261418 -69.92467935 -55.00306642 0.00000919 -25.02033753 0.00000427 -98.8856693 -4.94337234 -8.67524769 -0.13177273 -9.54381229 11.14855468 165.07678708 79.41625603 -151.80170458 -0.0000056 21.67855215 0.000009 -51.55484459 -12.50201847 -15.96615509 -27.02298858 22.57726325 10.96006924 35.44457885 7.19635442 10.25244545 -8.83657631 1.10432303 -9.62801236 -0.00014096 0.00000522 -0.00000313 -22.99564814 -22.57222357 -8.49018839 36.15368702 -4.20997375 -10.20977064 -12.64243302 -1.39443084 9.74426245 0.00001082 0.00000673 -0.00000386
-0.00235593 1.09662598 0.00190221 -2.38451923 -15.60478592 -1.23010691 1.89898964 2.74875954 -0.56423279 1.27624346 2.30373553 -0.50826246 1.23040163 2.32436835 -0.53025041 0.97641597 -0.10941111 4.03138953 23.50947744 6.05923778 1.93922012 2.54004652 -8.70268308 2.16527281 -34.24264388 -70.16031491 -54.67334252 0.00000404 -25.00348568 0.00000806 -99.07298031 -4.99047777 -8.70128959 -0.12992422 -9.52825975 11.1205529 165.07688298 79.46804217 -151.78694685 -0.0000115 21.66042084 0.00001171 -51.55592954 -12.3628785 -15.98711611 -27.06726549 22.48413088 10.9407087 35.44944379 7.23913304 10.2523686 -8.82124378 1.10609936 -9.63568506 -0.00014085 0.0000054 -0.00000279 -23.03699398 -22.62399399 -8.48505199 36.14807736 -4.19596374 -10.20968617 -12.6327284 -1.39384642 9.73098141 0.00001099 0.00000639 -0.00000438
-0.00236459 1.09661484 0.00180024 -2.35425956 -15.57084218 -1.24229852 1.8887231 2.74979862 -0.55609289 1.26381863 2.3052435 -0.50654308 1.21769671 2.32617234 -0.52967426 0.94484944 -0.11471718 4.03348488 23.59263441 6.04693712 2.01138928 2.53439933 -8.67276835 2.20165088 -34.07767392 -70.38933712 -54.5118268 0.00000588 -24.94407046 -0.00000234 -99.2661856 -5.02904478 -8.78286119 -0.12783793 -9.48679763 11.04329106 165.40164007 79.53992282 -152.11202464 -0.00000624 21.64203365 -3.8e-7 -51.63267965 -12.28399045 -15.98052637 -27.10526869 22.40186101 10.93299623 35.45455569 7.28024996 10.25224955 -8.80867118 1.10783746 -9.64658092 -0.00014104 0.00000513 -0.00000345 -23.04577136 -22.60497478 -8.44278037 36.13025172 -4.24254591 -10.20968116 -12.6200547 -1.40071684 9.73751819 0.00001125 0.000006 -0.00000507
-0.00239793 1.09660004 0.00172407 -2.34243647 -15.55495562 -1.25269678 1.88789731 2.74868094 -0.54194706 1.25827577 2.30470828 -0.5028271 1.21217004 2.32723193 -0.52807045 0.907236 -0.11257291 4.01253986 23.67143934 6.03238425 2.07341203 2.50931212 -8.59045496 2.18025044 -33.95540802 -70.63448453 -54.38897872 0.00000211 -24.86060517 0.00001194 -99.4621279 -5.06188243 -8.89946034 -0.12435562 -9.41460719 10.90574271 166.17108721 79.63469476 -152.89574617 -0.00000585 21.6243746 0.0000086 -51.74996759 -12.26331394 -15.94727836 -27.12483722 22.35446222 10.936118 35.45892646 7.31211546 10.25196268 -8.8006516 1.10808963 -9.65777199 -0.00014152 0.00000443 -0.00000507 -23.01119205 -22.47023922 -8.36027319 36.10471031 -4.38441884 -10.20960829 -12.60464189 -1.42062543 9.77720025 0.00001081 0.00000673 -0.00000386
-0.00243118 1.09657211 0.00169722 -2.34696415 -15.55806012 -1.2577686 1.8946508 2.74503203 -0.52642274 1.25842675 2.30138579 -0.49774502 1.21254703 2.32595612 -0.52470861 0.86836678 -0.10238174 3.97577715 23.72400649 6.02794113 2.10534335 2.4714063 -8.47793992 2.11341303 -33.76496867 -70.89299577 -54.19230013 -0.00000675 -24.78243903 -0.00000716 -99.65455905 -5.09397772 -9.02116501 -0.11937926 -9.3198142 10.72381037 167.24709959 79.73742042 -153.99478986 -0.0000036 21.60676398 0.00000835 -51.77029969 -12.31029909 -15.90378993 -27.13294221 22.36559765 10.95947348 35.46711822 7.31192063 10.25153744 -8.80153852 1.10435408 -9.66472854 -0.00014155 0.0000044 -0.00000516 -22.94692992 -22.24462889 -8.25405175 36.08088398 -4.59734133 -10.20954405 -12.591635 -1.44943223 9.84263685 0.00001044 0.00000729 -0.00000287
-0.00243655 1.09653992 0.00173078 -2.36275146 -15.573361 -1.26260346 1.90637455 2.73855992 -0.51277926 1.26175268 2.29662856 -0.49122755 1.21616544 2.32153687 -0.51899545 0.83262325 -0.08655805 3.93689949 23.74124637 6.04388796 2.09467255 2.43515777 -8.37604777 2.0367029 -33.50595217 -71.11093989 -53.92338043 -1e-8 -24.73502355 0.00000305 -99.8187122 -5.12716629 -9.11692534 -0.11356757 -9.21768793 10.52934117 168.38469731 79.82753406 -155.15790004 -0.00000157 21.58816496 -0.00000422 -51.77896742 -12.35908592 -15.86472409 -27.12989009 22.40768838 10.995253 35.47819324 7.31432624 10.25115813 -8.81162485 1.09641305 -9.67397167 -0.0001413 0.00000475 -0.00000432 -22.87813549 -22.03419359 -8.1654858 36.06302509 -4.78650613 -10.20941071 -12.58332383 -1.47577259 9.90699978 0.00001009 0.00000781 -0.00000197
-0.00240144 1.09652855 0.00181255 -2.39303451 -15.59881315 -1.26937111 1.92315595 2.73066019 -0.5021313 1.26835197 2.29279231 -0.48282464 1.22300169 2.31596215 -0.51098772 0.80282525 -0.06934078 3.90856325 23.73451711 6.08279983 2.03778775 2.41749175 -8.33119588 1.99432564 -33.29945793 -71.19457295 -53.70736349 -0.00000373 -24.72094788 -0.00001397 -99.91430227 -5.15590388 -9.17113234 -0.10758999 -9.12077128 10.34859592 169.41943419 79.89660632 -156.21628372 -0.00000617 21.57047802 0.00001619 -51.77107594 -12.39057089 -15.84037244 -27.08925496 22.41688721 11.01776203 35.47314324 7.37850692 10.25096646 -8.81670434 1.09431432 -9.70738571 -0.00014122 0.00000488 -0.00000402 -22.81791984 -21.91863424 -8.12395695 36.05410547 -4.87919547 -10.20936142 -12.58192326 -1.49086589 9.94500001 0.00001127 0.00000603 -0.00000505
-0.00232133 1.09657158 0.0019165 -2.44203445 -15.63539536 -1.28105418 1.94576276 2.72527667 -0.49506114 1.27984478 2.29107365 -0.47294875 1.23457335 2.31287342 -0.50159495 0.77880399 -0.05579858 3.89994078 23.73277424 6.13921489 1.93052243 2.42841745 -8.37004966 2.01341528 -33.33326765 -71.06283844 -53.7346223 0.00000281 -24.72332607 0.0000019 -99.89172111 -5.16635912 -9.17713031 -0.10215139 -9.03843339 10.19808973 170.29019926 79.94933376 -157.10779371 0.00000626 21.55752239 0.00000117 -51.74356711 -12.40017977 -15.83049818 -26.99768712 22.37376414 11.01855714 35.43854958 7.52504374 10.25111786 -8.80836589 1.09445371 -9.77074136 -0.00014154 0.00000433 -0.00000518 -22.74907152 -21.87836196 -8.124671 36.0351879 -4.88468869 -10.20938915 -12.57468043 -1.50117023 9.96852925 0.00001104 0.00000638 -0.00000446
