HIERARCHY
ROOT Hips
{
  OFFSET 0 1.1673769999999999 0
  CHANNELS 6 Xposition Yposition Zposition Xrotation Yrotation Zrotation
  JOINT Spine
  {
    OFFSET 0.000003812944337411511 0.10717500000681812 -0.009311
    CHANNELS 3 Xrotation Yrotation Zrotation
    JOINT Spine1
    {
      OFFSET 0 0.1058532983696241 -0.004285186608692496
      CHANNELS 3 Xrotation Yrotation Zrotation
      JOINT Spine2
      {
        OFFSET -8.470329472543003e-22 0.10599345671141647 -0.007812688101110094
        CHANNELS 3 Xrotation Yrotation Zrotation
        JOINT Neck
        {
          OFFSET -8.470329472543003e-22 0.26240299999999994 -0.04488100000000002
          CHANNELS 3 Xrotation Yrotation Zrotation
          JOINT Head
          {
            OFFSET -4.235164736271502e-22 0.17466899999999996 0.05625600000000003
            CHANNELS 3 Xrotation Yrotation Zrotation
            End Site
            {
              OFFSET -4.235164736271502e-22 0.10756799999999966 0.021070000000000005
            }
          }
        }
        JOINT LeftShoulder
        {
          OFFSET 0.10574399999999999 0.23009199999999996 -0.07323000000000002
          CHANNELS 3 Xrotation Yrotation Zrotation
          JOINT LeftArm
          {
            OFFSET 0.14878212914559852 -0.04653266654569688 -0.030693304075147546
            CHANNELS 3 Xrotation Yrotation Zrotation
            JOINT LeftForeArm
            {
              OFFSET 0.24109000000000003 2.220446049250313e-16 -5.551115123125783e-17
              CHANNELS 3 Xrotation Yrotation Zrotation
              JOINT LeftHand
              {
                OFFSET 0.316792 0 -1.1102230246251565e-16
                CHANNELS 3 Xrotation Yrotation Zrotation
                End Site
                {
                  OFFSET 0.06265729429771016 -0.10569948639925819 0.03859412819617963
                }
              }
            }
          }
        }
        JOINT RightShoulder
        {
          OFFSET -0.10574399999999999 0.23009099999999982 -0.07323000000000002
          CHANNELS 3 Xrotation Yrotation Zrotation
          JOINT RightArm
          {
            OFFSET -0.14878040829228295 -0.04653159475972379 -0.030692917709113934
            CHANNELS 3 Xrotation Yrotation Zrotation
            JOINT RightForeArm
            {
              OFFSET -0.24109000000000003 -6.661338147750939e-16 -2.7755575615628914e-17
              CHANNELS 3 Xrotation Yrotation Zrotation
              JOINT RightHand
              {
                OFFSET -0.31679300000631333 -8.881784197001252e-16 -5.551115123125783e-17
                CHANNELS 3 Xrotation Yrotation Zrotation
                End Site
                {
                  OFFSET -0.06265795211397429 -0.10570764472283312 0.03859362014678265
                }
              }
            }
          }
        }
      }
    }
  }
  JOINT LeftUpLeg
  {
    OFFSET 0.12297511767165623 -0.06742078536803264 -0.010003
    CHANNELS 3 Xrotation Yrotation Zrotation
    JOINT LeftLeg
    {
      OFFSET 0 -0.457033849483632 0.010304509991859542
      CHANNELS 3 Xrotation Yrotation Zrotation
      JOINT LeftFoot
      {
        OFFSET 0 -0.500280623664138 -0.036905110570505176
        CHANNELS 3 Xrotation Yrotation Zrotation
        JOINT LeftToeBase
        {
          OFFSET 0.025950805788189563 -0.14255151365608373 0.19507593811975638
          CHANNELS 3 Xrotation Yrotation Zrotation
          End Site
          {
            OFFSET 0.010732117804750613 -0.000035441498015504746 0.11362327680684622
          }
        }
      }
    }
  }
  JOINT RightUpLeg
  {
    OFFSET -0.12297488233495055 -0.0674172146317622 -0.010003
    CHANNELS 3 Xrotation Yrotation Zrotation
    JOINT RightLeg
    {
      OFFSET 0.00000159348816348992 -0.45703784846455486 0.01030460015485039
      CHANNELS 3 Xrotation Yrotation Zrotation
      JOINT RightFoot
      {
        OFFSET -0.0000015934881634621645 -0.5002806236608007 -0.03690511058134042
        CHANNELS 3 Xrotation Yrotation Zrotation
        JOINT RightToeBase
        {
          OFFSET -0.0259497668227143 -0.14255297441554501 0.19507500887383716
          CHANNELS 3 Xrotation Yrotation Zrotation
          End Site
          {
            OFFSET -0.010733201844058626 -0.000035030229497263656 0.11362417898958707
          }
        }
      }
    }
  }
}
MOTION
Frames: 163
Frame Time: 0.03333333333333333
-0.00115562 1.01747459 0.00602997 -0.25223133 0.0055241 -1.061474 16.58682974 0.24371974 0.35492535 20.11954391 0.46985195 0.90069628 12.59212726 0.36457436 0.92790533 2.98158344 -0.91541861 0.12735252 -21.72549059 3.04151324 -1.45145395 20.44592914 -17.62865539 8.70505475 -33.57020328 -17.33649994 -36.86224217 -2.64051795 -52.13619663 -20.39545842 -54.78415177 -19.50689865 -15.02023143 18.31183308 13.49735282 -7.97917498 -29.29720209 10.27580534 43.6825379 -39.18247034 60.00882007 40.50618285 -15.08113997 -0.97742921 14.31902863 -36.98878764 1.59676294 26.36448827 49.0002294 -4.97399451 -8.43155424 -11.95453468 -8.09196716 -9.70684157 -3.78643779 -12.89142148 -1.5824204 -40.20323811 -11.95038222 -22.4551177 49.64958469 5.89539914 -2.73559095 -11.01788984 3.43672143 12.27999542 -6.68881828 9.50726272 11.68775536
0.00214769 1.01768578 0.0060182 -0.09709416 0.09014617 -1.17719708 16.60082528 0.25075043 0.28834394 20.18034961 0.49224432 0.75680291 12.67022796 0.4040089 0.78776211 2.79477201 -0.90515893 0.11252487 -21.97125566 2.81602996 -1.00045095 20.3857277 -17.59660877 8.65808138 -33.4676025 -18.35190632 -36.78401559 -2.6437997 -52.19160419 -20.39963463 -54.78415097 -19.50689803 -15.02023007 18.29460622 13.5239221 -8.02866777 -28.84036539 10.61049571 43.87481709 -39.37149272 60.14183137 40.72426835 -15.36618117 -1.03599404 14.44130065 -37.26864606 1.53621684 26.30161472 49.19668335 -5.06416337 -8.51963448 -12.04065449 -8.12852107 -9.43374399 -3.75994714 -12.88380269 -1.71328791 -40.21447386 -12.07747899 -22.61275204 49.29055485 5.91327506 -2.66896848 -10.81198104 3.52305816 12.44756247 -6.68875919 9.50726182 11.68778613
0.00502931 1.01796532 0.00623659 0.00536826 0.13639967 -1.2612848 16.55655955 0.25668189 0.24085374 20.17524005 0.49745048 0.64534674 12.71525754 0.42140905 0.67735818 2.62212718 -0.89004015 0.08154073 -22.14464165 2.6701788 -0.77801333 20.21448237 -17.51957754 8.50129882 -33.12451958 -18.78136614 -36.56162888 -2.66027059 -52.46649617 -20.42044392 -54.78415269 -19.50689959 -15.02023322 18.19490444 13.53981769 -7.96074071 -28.40221766 10.80826402 43.91750832 -39.73116203 60.36959623 41.13317914 -15.38895947 -1.03306957 14.6627723 -37.4604154 1.55291824 26.26076276 49.33816731 -5.20241984 -8.60030387 -12.12062233 -8.12978361 -9.17308163 -3.74755324 -12.88043721 -1.77240103 -40.17750242 -12.17620493 -22.74598273 48.96494974 5.91153869 -2.62616216 -10.64094225 3.6245304 12.60629162 -6.68876773 9.50726198 11.6877963
0.00734272 1.01833344 0.00665577 0.05353734 0.13230395 -1.30763092 16.46257488 0.26228253 0.20878081 20.11528486 0.49537856 0.5585892 12.73643896 0.42847195 0.59032276 2.42998434 -0.87054124 0.02529914 -22.28312837 2.53849036 -0.62344756 19.93651576 -17.40091641 8.24169018 -32.52952075 -19.02304922 -36.2621277 -2.68303974 -52.83889805 -20.44909115 -54.78415125 -19.50689828 -15.02023066 18.0219137 13.5474925 -7.79920837 -27.84299266 10.96564214 43.83108006 -40.18365398 60.64186669 41.64470552 -15.09785084 -1.01096123 15.03506841 -37.54302718 1.61974207 26.20946283 49.41755269 -5.35615958 -8.63694848 -12.19737046 -8.05621609 -8.96738411 -3.74448571 -12.87992895 -1.78177839 -40.0930939 -12.22859079 -22.83648407 48.68028335 5.85850254 -2.61375283 -10.50832564 3.75944271 12.7578687 -6.68876258 9.50726411 11.68780104
0.00908568 1.01876236 0.00708434 0.07955788 0.06926346 -1.31528177 16.32865091 0.26801639 0.17882742 20.02016644 0.495752 0.47731274 12.75153267 0.43636839 0.50872679 2.17529586 -0.84609379 -0.05080936 -22.41290643 2.31238488 -0.36047811 19.55917246 -17.23701207 7.88580423 -31.60478604 -19.38302537 -35.84085965 -2.71938959 -53.4172109 -20.49452861 -54.78415215 -19.50689906 -15.02023269 17.78948809 13.54894363 -7.58562773 -26.99638854 11.17734537 43.58074759 -40.78529213 60.99214677 42.32302561 -14.72597893 -0.89797167 15.49016032 -37.54064804 1.6906714 26.12584078 49.44660461 -5.45285388 -8.63028724 -12.27243784 -7.93826755 -8.84251583 -3.74363267 -12.87990108 -1.78246123 -40.01998679 -12.2507079 -22.88351502 48.44174925 5.85373283 -2.64269369 -10.39576207 3.85199167 12.87480333 -6.68874043 9.50726694 11.68781475
0.01038382 1.0191761 0.00726513 0.13157436 -0.04687595 -1.29048916 16.15770781 0.27204775 0.13700955 19.89905308 0.50390461 0.37882462 12.76778357 0.45371255 0.41067226 1.84377661 -0.82491816 -0.12369654 -22.5311351 1.94422416 0.07006193 19.09406749 -17.02802484 7.44737072 -30.30443285 -19.85250483 -35.18454179 -2.78291456 -54.38080625 -20.57318448 -54.78415233 -19.50689926 -15.02023269 17.50787453 13.54767612 -7.34752227 -25.75284008 11.50027846 43.13176851 -41.63007461 61.47063082 43.27414103 -14.56149378 -0.62465139 15.87628304 -37.53704025 1.76597808 26.01971692 49.43265836 -5.54143609 -8.59825618 -12.32373068 -7.75278111 -8.7633758 -3.74025186 -12.87842261 -1.8081049 -40.03641393 -12.26146552 -22.9491391 48.23989803 5.86522452 -2.6452088 -10.2750984 3.99741861 12.9312479 -6.68876422 9.50725614 11.68779514
0.01133428 1.01948318 0.00706104 0.22390039 -0.2046214 -1.23747912 15.95515843 0.27304955 0.07919276 19.76287934 0.51142163 0.25300844 12.79417078 0.4718666 0.28515571 1.45089918 -0.80296238 -0.18192398 -22.64041179 1.50800119 0.62297335 18.5616796 -16.79075129 6.9546214 -28.672175 -20.21448473 -34.20453384 -2.88451263 -55.81299626 -20.69708061 -54.78415281 -19.50689952 -15.0202334 17.18121317 13.54763176 -7.10899588 -24.03992664 12.01464229 42.4710987 -42.80534666 62.10897684 44.59411546 -14.7454546 -0.20024385 16.0107341 -37.57874898 1.86660052 25.93774057 49.38532255 -5.66205318 -8.59618114 -12.33484333 -7.53245557 -8.67993373 -3.72844327 -12.87531927 -1.86376542 -40.17518098 -12.26904886 -23.06449641 48.08188509 5.87694277 -2.59411361 -10.13820751 4.23337125 12.9205402 -6.6887331 9.50727224 11.68782627
0.01197878 1.0196373 0.0064173 0.33936404 -0.38146607 -1.16753436 15.7361799 0.26833373 0.01562048 19.63673685 0.5014621 0.11708156 12.85376933 0.47246363 0.14759045 1.02405769 -0.75167313 -0.25006768 -22.82577794 1.17505551 1.24786457 17.98176271 -16.53735973 6.43866979 -26.77439756 -20.33334433 -32.89899762 -3.03494718 -57.71994284 -20.87696345 -54.78415195 -19.50689879 -15.02023205 16.81633773 13.54663051 -6.92793994 -21.71887829 12.85154935 41.56423172 -44.50511513 62.97551692 46.49560505 -15.19878655 0.33501321 15.80232936 -37.67052321 1.9945601 25.90924364 49.3190711 -5.79860802 -8.64694397 -12.29953155 -7.34011695 -8.57872064 -3.71410338 -12.87159617 -1.93142745 -40.41275334 -12.27808853 -23.20858184 47.97697035 5.90169348 -2.50953156 -9.99091551 4.51179471 12.85233381 -6.68878351 9.50725714 11.68778101
0.01245577 1.01966492 0.00523071 0.48170551 -0.54586243 -1.09366724 15.51178062 0.25025963 -0.03658157 19.53660573 0.47074876 0.01088356 12.96055957 0.44829563 0.03717437 0.6064512 -0.63640336 -0.37499531 -23.27248327 1.09121144 1.93728145 17.35064782 -16.22862545 5.89806703 -24.61006814 -20.26115183 -31.32686422 -3.25673263 -60.15096469 -21.1358527 -54.78415168 -19.50689854 -15.02023129 16.42452929 13.52830231 -6.90279046 -18.53956787 14.03987903 40.28618297 -47.15891252 64.19711781 49.44513869 -15.61207875 0.91889828 15.51217235 -37.83364263 2.12804823 25.90507233 49.24887093 -5.90783351 -8.7160095 -12.21578048 -7.22077885 -8.47512086 -3.70237987 -12.86862238 -1.98596095 -40.72362845 -12.28241657 -23.37613061 47.89085903 5.94751168 -2.39000127 -9.81364965 4.78276051 12.74776026 -6.68871449 9.50727516 11.68782427
0.013054 1.01964981 0.00338071 0.70653305 -0.68514385 -0.99174732 15.2665942 0.23904322 -0.07215325 19.43203904 0.45799277 -0.03840018 13.0819773 0.43732255 -0.01504965 0.26980633 -0.45546282 -0.58860848 -24.14244048 1.23497591 2.67380466 16.63596257 -15.77181442 5.28127314 -22.15933621 -19.99759696 -29.54114839 -3.59807054 -63.22133306 -21.52350729 -54.78415286 -19.50689954 -15.02023358 16.00609633 13.46434216 -7.10795846 -14.25353811 15.29767159 38.44382401 -51.35958577 65.82814662 54.06697172 -15.52131779 1.39609562 15.85336567 -38.12929166 2.28545449 25.85245146 49.16252048 -5.98265402 -8.76377361 -12.07049146 -7.16402898 -8.36352991 -3.69906966 -12.86738286 -2.00848813 -41.15026431 -12.24527664 -23.59820547 47.78839747 6.01283307 -2.20560428 -9.57801825 5.02918763 12.60919642 -6.68876753 9.50726272 11.68777668
0.01406856 1.01968376 0.00087051 1.08742533 -0.82424336 -0.77656986 14.96545668 0.2531387 -0.10559954 19.2553133 0.51062832 -0.04606402 13.14840054 0.4915701 -0.02011254 0.09483538 -0.25295029 -0.87747843 -25.41751091 1.4357737 3.35379777 15.80901229 -15.09779231 4.52738342 -19.53839577 -19.20376041 -27.59471628 -4.14651226 -66.98118439 -22.1278869 -54.78415157 -19.50689853 -15.0202313 15.55044205 13.33651849 -7.49217892 -8.84742062 16.07694294 35.94921576 -57.49669153 67.66525222 60.73541567 -14.56736896 1.64729735 17.50789337 -38.59489534 2.53103467 25.65653165 49.00655785 -6.06748675 -8.80175899 -11.84435476 -7.07463512 -8.20354396 -3.6952324 -12.86764169 -2.00553108 -41.79056923 -12.10307258 -23.95622056 47.64730306 6.13748042 -1.9560168 -9.25534955 5.24339427 12.44808435 -6.68876445 9.50726409 11.68779443
0.01559256 1.01976601 -0.00214152 1.64149772 -1.00299938 -0.3445123 14.59594454 0.29938601 -0.16650628 18.97439607 0.64140334 -0.06481359 13.125718 0.6297799 -0.03009774 0.13240046 -0.07630346 -1.19665265 -26.92899034 1.59212457 3.80283402 14.88175655 -14.23230829 3.62828873 -17.03627648 -17.34684402 -25.64133356 -5.04543818 -71.24687639 -23.08945559 -54.78415231 -19.50689909 -15.02023243 15.04458698 13.16408451 -7.85501238 -2.7154736 15.90555681 32.98115448 -65.14595367 69.27406264 68.94938654 -12.86175178 1.90528283 20.3629823 -39.17427258 2.89785436 25.23212734 48.72883695 -6.200274 -8.88543058 -11.53731973 -6.81626948 -7.9646556 -3.6912902 -12.86749768 -2.00944361 -42.73306453 -11.82780043 -24.55374499 47.50222048 6.34398187 -1.66936188 -8.85380591 5.49896624 12.26577079 -6.68875342 9.50726648 11.68780368
0.01750674 1.01971397 -0.00551021 2.28442037 -1.22316981 0.34954813 14.20357457 0.34981535 -0.26819596 18.66094899 0.79274187 -0.12732277 13.08340139 0.79596131 -0.08377556 0.39475052 0.08118459 -1.5396706 -28.57206316 1.847527 3.89964727 13.89640647 -13.26162054 2.62931974 -14.90015033 -14.25728809 -23.97791737 -6.50984879 -75.55909812 -24.61652427 -54.78415172 -19.50689855 -15.02023103 14.48993886 13.0038714 -7.97263468 3.39018816 14.64777686 29.92393483 -72.66828792 70.30549452 76.95957155 -11.12717309 2.64819364 23.37595815 -39.74859118 3.35944287 24.55518954 48.34526229 -6.36446831 -9.05269429 -11.17785228 -6.35045016 -7.65925583 -3.68759012 -12.8655887 -2.0435727 -43.96604439 -11.44064516 -25.46194432 47.43329991 6.61488808 -1.36290176 -8.41472492 5.89961641 12.05078238 -6.68878436 9.50726196 11.68778137
0.01965728 1.01918816 -0.00934195 2.87087749 -1.40848715 1.26488446 13.87662255 0.36071934 -0.38899078 18.47279421 0.87091916 -0.21188911 13.17767505 0.89205997 -0.16784349 0.87042494 0.27788442 -1.98397153 -30.4273129 2.49024878 3.67599822 12.88530823 -12.24383305 1.57304373 -13.11863569 -10.49352211 -22.92282094 -8.78560399 -79.33241184 -26.94681688 -54.78415208 -19.50689907 -15.02023277 13.90378753 12.90605655 -7.7581503 8.56361673 12.40451059 27.19639846 -77.87885434 70.75722884 82.48368299 -10.24701566 4.08940949 25.38256829 -40.24069312 3.86106596 23.66040159 47.95223718 -6.50628622 -9.28195476 -10.79570883 -5.80218281 -7.32197022 -3.68443374 -12.86383708 -2.075143 -45.36948168 -10.97429748 -26.68298552 47.52796737 6.92015905 -1.04475666 -7.99152684 6.45662784 11.80786091 -6.68875758 9.50726697 11.68780804
0.02194906 1.01788307 -0.01410653 3.3077747 -1.40354739 2.3307725 13.68341752 0.30704017 -0.47973507 18.54156578 0.8158743 -0.25492924 13.53886956 0.85115683 -0.22244526 1.51111751 0.55073955 -2.59948108 -32.51249829 3.65216875 3.27349758 11.86700322 -11.20015132 0.4858528 -11.50501204 -7.06002317 -22.69429376 -11.89206506 -82.1140559 -30.09352668 -54.78415189 -19.50689886 -15.02023174 13.30089083 12.86944695 -7.26721616 12.05072495 9.42020537 25.13308166 -79.15071769 70.81971266 83.82940205 -10.49747455 6.05138789 25.99030692 -40.68666546 4.3332192 22.55043316 47.64264393 -6.56701592 -9.51004385 -10.37107549 -5.35956656 -6.97851292 -3.69240374 -12.86596004 -2.03547195 -46.84289162 -10.45219475 -28.18723205 47.84798491 7.25594713 -0.73307133 -7.6138987 7.02889635 11.55528163 -6.68874422 9.50726855 11.68781907
0.02411778 1.0157589 -0.0204807 3.64815092 -1.00735423 3.53597636 13.62917124 0.18220595 -0.52666791 18.88347616 0.62442132 -0.21604712 14.18199274 0.66757476 -0.20518825 2.20993105 0.86142304 -3.31025427 -34.6039096 5.1990242 2.76011319 10.87177052 -10.17895624 -0.59215828 -10.01819644 -4.71367914 -23.36068789 -15.02180777 -83.73751231 -33.24698778 -54.7841515 -19.5068984 -15.02023084 12.67338804 12.82381578 -6.54995336 13.45616719 5.94493286 23.91054284 -76.24701653 70.57563287 80.7518025 -11.41917664 8.22053939 25.47956907 -41.23161927 4.75753768 21.15996211 47.36404219 -6.5092192 -9.70225409 -9.78303755 -5.21207687 -6.62227314 -3.72366451 -12.86550815 -1.88649953 -48.4130004 -9.85065754 -29.98808236 48.40324864 7.62984164 -0.44030124 -7.28106939 7.41892137 11.31396541 -6.68876875 9.50726957 11.68780278
0.02564135 1.01266968 -0.02885149 4.05525675 -0.04674731 4.88666263 13.65658826 0.00303798 -0.52048295 19.37999264 0.33929906 -0.06684302 14.9867537 0.3839064 -0.08205165 2.83470562 1.11359588 -3.90390871 -36.18542685 6.7337491 2.07116693 9.94847789 -9.27771094 -1.58988353 -8.79515247 -3.60004345 -24.8761967 -16.71522521 -84.35869166 -34.94955212 -54.78415132 -19.50689828 -15.02023101 12.00285489 12.67806825 -5.61433989 12.96096322 2.35667177 23.4811992 -70.05857013 69.88474582 74.17543007 -12.46533872 10.30527424 24.29494736 -42.12288894 5.22907631 19.50392386 47.00084183 -6.48055101 -9.88280651 -8.88559548 -5.46681047 -6.18207971 -3.75311393 -12.86911459 -1.74577424 -50.21318969 -9.07749411 -32.1189434 49.23527558 8.02436393 -0.10710091 -7.01247113 7.47494408 11.07354565 -6.68878708 9.50725772 11.68778316
0.02577887 1.00815781 -0.03881618 4.62792176 1.54090923 6.32980248 13.68534735 -0.20216838 -0.43374134 19.85133388 0.02305728 0.24482339 15.77116777 0.0610019 0.20563112 3.3104314 1.22532134 -4.21588674 -36.68564068 7.762812 1.15194445 9.13159797 -8.56996195 -2.44658407 -7.88320374 -3.43126491 -27.10487202 -16.72363257 -84.36145024 -34.95800448 -54.78415161 -19.50689858 -15.02023123 11.2905425 12.3965305 -4.52270779 11.32869249 -0.78958475 23.58238584 -61.9807336 68.5066389 65.53551736 -13.55578734 12.1491523 22.88549909 -43.47352306 5.84355779 17.86559056 46.54134996 -6.37523735 -10.28452439 -7.61721064 -6.49296488 -5.58314982 -3.73257268 -12.87053904 -1.84407957 -52.31702269 -8.04946005 -34.56066731 50.46850379 8.46891364 0.35144113 -6.89574127 7.10161284 10.78578135 -6.68882133 9.50725172 11.68775706
0.02392256 1.00145218 -0.04906132 5.24197438 3.64462636 7.69703942 13.64879946 -0.38582979 -0.20303301 20.15235151 -0.25308467 0.78715887 16.387668 -0.23250378 0.73187897 3.65916222 1.18271157 -4.24812461 -35.72590013 7.96297765 0.11262448 8.41502925 -8.03409716 -3.14839017 -7.04194906 -3.83530677 -29.88454708 -16.23788557 -84.1969179 -34.46983022 -54.78415177 -19.50689881 -15.02023162 10.5692088 12.0439788 -3.40555799 9.598835 -2.82091534 23.77873632 -53.24089932 66.18616298 56.06966403 -14.83341246 13.77360394 21.73343165 -45.18938082 6.61059637 16.59406712 46.24628843 -6.2209096 -10.98876872 -6.14809476 -8.21290729 -4.81328612 -3.72120313 -12.87791941 -1.90001109 -54.5785198 -6.80209723 -37.15151222 52.29512158 9.04833185 0.91736757 -7.09789725 6.26925841 10.42128518 -6.68877262 9.50726551 11.68779637
0.019862 0.9925312 -0.05793984 5.53960694 6.01029361 8.8129961 13.49765571 -0.49436453 0.19480202 20.20905844 -0.41334318 1.56858322 16.75962176 -0.41939793 1.50857079 3.96525333 1.02933325 -4.08589942 -33.19687598 7.37957333 -0.89280337 7.76054528 -7.56832249 -3.72375091 -5.94125962 -4.48004137 -33.13562451 -16.16531222 -84.17147862 -34.39687655 -54.78415165 -19.50689863 -15.02023011 9.87970179 11.74141471 -2.29455757 8.55582082 -3.20642965 23.51462709 -44.97869253 62.76817216 46.92219842 -16.10598324 15.25663994 21.13992438 -46.88495256 7.53705832 15.98867008 46.4080664 -6.10594446 -11.95196798 -4.73804298 -10.33338472 -3.86286141 -4.04124207 -13.00026816 -0.43718452 -56.52599162 -5.52048694 -39.62977621 54.72620162 9.75806955 1.47174435 -7.74318615 5.08132412 10.0094826 -6.68880824 9.50726381 11.68775679
0.01384161 0.98166306 -0.0638983 5.10203742 8.35219108 9.60056183 13.18264142 -0.47033687 0.72508148 19.9766582 -0.39914127 2.46552185 16.84006719 -0.43351678 2.41158701 4.31106268 0.80205712 -3.76488229 -29.17044199 6.28681837 -1.90671222 7.12645512 -7.06330416 -4.22243413 -4.52749168 -4.98167392 -36.87484429 -16.59466812 -84.31871926 -34.82839065 -54.78415185 -19.50689914 -15.02023347 9.23586625 11.54399227 -1.02060035 8.38411656 -1.97469651 22.38325797 -38.44182516 58.66878177 39.43901939 -16.92954132 16.60732763 20.97109306 -48.19097088 8.73545762 16.36354988 47.32872267 -5.83579104 -13.1381993 -3.5269607 -13.1739468 -2.58434967 -8.5540752 -13.00025813 -0.43719561 -57.62271389 -4.43198077 -41.74648704 57.70892681 10.56704955 1.83868421 -8.92928159 3.63355432 9.62286496 -6.68877332 9.50725268 11.6877885
0.00604732 0.96895072 -0.06544787 3.62974947 10.47119574 10.12850091 12.6587611 -0.28246083 1.3044265 19.40140315 -0.20691391 3.24878801 16.57292541 -0.26140564 3.20718643 4.74162712 0.48560755 -3.2746209 -23.83170124 4.80556637 -3.09044256 6.48800209 -6.45267013 -4.70159627 -3.02326241 -4.90784337 -41.05484013 -17.30797405 -84.54689413 -35.54510928 -54.7841512 -19.5068994 -15.02023455 8.61178224 11.36685774 0.62167123 8.71608909 0.2162963 20.54132746 -34.43870865 55.16693082 34.67273653 -17.14926255 17.74404426 20.79961065 -51.92310373 9.86644963 18.48035281 52.89986024 -5.36003231 -14.80749769 1.66018447 -17.17275132 3.84970725 -15.7368918 -12.97112581 -0.83658662 -57.4762159 -3.66254753 -43.40554093 61.2414102 11.07815737 1.937478 -10.76815991 2.35090515 9.37639843 -6.68876456 9.50726797 11.68781
-0.00247952 0.95506066 -0.06063734 1.0183245 12.28308219 10.53561547 11.91975605 0.03548976 1.84150669 18.45907119 0.10051041 3.72247714 15.93200407 0.04075845 3.69377364 5.28549138 0.04945308 -2.64861988 -17.51009587 2.81865552 -4.39147063 5.84347135 -5.7291056 -5.1995656 -1.53848333 -4.0756011 -45.36695642 -18.51200324 -84.8912423 -36.75423951 -54.78415157 -19.50689833 -15.02023156 7.97711585 11.06746635 2.61255772 8.91747531 2.81416788 18.67274515 -32.92939308 53.59018072 32.82923003 -16.89819448 18.59019948 20.43949859 -56.30091128 10.55271261 22.23401057 58.4180716 -4.70169332 -16.27734591 16.81641184 -19.66001413 8.22525164 -23.26894899 -12.51990264 -4.88418158 -55.91589684 -3.46700215 -44.60760132 65.16045012 11.53230669 1.56397922 -13.32136079 1.04583659 9.34059938 -6.68875072 9.50727985 11.68781744
-0.01136921 0.94528946 -0.05051613 -2.68665317 13.814152 11.09491364 11.01455726 0.28895917 2.12485954 17.21229427 0.43649366 3.86650938 14.97812821 0.38554981 3.84769237 5.98005015 -0.47392829 -1.98962555 -10.66742648 0.35586514 -5.48945692 5.21260946 -4.95603489 -5.70300913 0.07007292 -2.85355901 -49.22462831 -21.09359302 -85.49424941 -39.34493215 -54.78415149 -19.50689752 -15.02023015 7.34589954 10.60741675 4.6613796 8.57271179 6.14152065 17.3371762 -33.18889561 53.9405976 33.16765852 -16.01841326 19.42070818 20.3185021 -58.7652259 11.66108292 25.17618648 62.17169772 -4.84109128 -17.09915553 32.27825643 -18.29788797 15.81002476 -36.5035143 -12.04859341 -2.59552288 -52.67560829 -4.28729101 -45.5634617 68.32272307 11.53200476 0.87003937 -16.07922136 0.22014702 9.51850306 -6.68879626 9.50725784 11.68777447
-0.01991233 0.94179131 -0.03712426 -7.11950757 14.95189903 11.64317938 10.01226032 0.51951661 2.31600893 15.78141193 0.75439227 3.83470339 13.8300049 0.71750312 3.82282355 6.81864297 -0.97275225 -1.44161783 -3.80398579 -2.17012148 -6.10586305 4.62118152 -4.23231881 -6.16633431 1.81854145 -1.91822079 -51.96182898 -26.2665361 -86.33711877 -44.53090633 -54.78415122 -19.50689729 -15.02023063 6.76874543 10.11148886 6.395368 7.78033486 10.99770823 16.47247435 -33.94790294 54.82648179 34.12023961 -14.02999379 21.10027907 21.10472375 -60.08178576 12.47834019 28.99651379 64.3258311 -3.25108555 -17.28986407 46.68410798 -15.76028886 16.05390394 -32.94285913 -12.49612757 0.24019903 -48.01130931 -6.29948068 -46.19865015 70.05146466 10.72475461 0.20572328 -18.57300348 0.39966067 9.91199187 -6.68887231 9.50827764 11.68800748
-0.02888893 0.94500679 -0.02334234 -11.70522564 15.73396099 12.27466692 8.95798847 0.68734097 2.38557366 14.25611041 1.08333728 3.79165382 12.57616867 1.05429372 3.78627276 7.65911746 -1.32898652 -1.17171104 2.60809739 -4.31306812 -6.18362389 4.07445198 -3.57507451 -6.58581117 3.2731242 -1.62285287 -53.10232936 -34.40831748 -87.13218032 -52.68572537 -54.78415096 -19.50689618 -15.02022897 6.28024667 9.77235746 7.56402983 6.89121517 17.42745137 15.66633786 -34.01973192 54.97446714 34.2286423 -11.07875363 24.52650325 22.70409802 -62.44904341 12.08438044 33.52565307 70.66845443 -3.88974237 -17.89484783 47.37977028 -14.57030789 19.93192287 -15.46953926 -12.58400605 -1.93301242 -42.63282292 -9.06757551 -46.22093641 70.28980733 9.74852555 -0.54763017 -20.52225284 0.63546195 10.34019153 -6.68880393 9.50771548 11.68790425
-0.0375771 0.95199554 -0.00927142 -15.89529965 16.23935941 12.9902211 7.87267382 0.8898407 2.4336663 12.66658367 1.50949254 3.76035316 11.24578333 1.47819815 3.76278931 8.24768718 -1.50175183 -1.29341955 8.19761694 -6.018546 -5.74695494 3.55123705 -2.85903517 -7.01427896 3.73914238 -1.84415796 -52.57364113 -41.79290122 -87.5685853 -60.07814181 -54.7841521 -19.50689848 -15.02023183 5.87556245 9.70665214 8.09330915 6.0605578 24.23188675 14.72674926 -33.38442429 54.37913904 33.47249532 -8.22124256 29.36457407 23.90944841 -64.87018506 11.29573199 37.5923137 76.60255169 -5.02925364 -18.38765298 46.37016925 -13.59357526 24.57845995 -4.41634542 -13.00025747 -0.43719257 -37.24239596 -11.93213388 -45.755132 69.58236899 8.61124643 -1.34047132 -22.0293042 0.85632725 10.87272147 -6.68892027 9.50966665 11.688359
-0.04518927 0.96082902 0.00542209 -19.4578475 16.61762274 13.85832357 6.78068776 1.18459723 2.45395747 11.03253366 2.09874668 3.64496945 9.85645854 2.06282148 3.65550522 8.39182023 -1.5431267 -1.72348335 12.81751085 -7.50494698 -4.79580502 3.03240907 -1.95297341 -7.47468695 2.78660278 -2.40459699 -50.70565007 -42.45341901 -87.59940969 -60.73923097 -54.78415028 -19.50689667 -15.02023043 5.53454784 9.87630282 8.02495163 5.04829536 29.91395619 13.85650937 -32.85886069 53.88179796 32.84812613 -6.16908861 33.85265113 23.69950138 -67.38301102 10.57623488 40.95904826 81.57652401 -6.20945409 -18.91752653 45.39484929 -11.47986585 29.12540417 -5.20442343 -13.00775848 -0.43749694 -32.40733952 -14.74663613 -45.37533822 68.32702448 7.73103125 -2.12708643 -23.1972457 1.03685844 11.36042683 -6.68909397 9.5110722 11.68864548
-0.05156809 0.9709732 0.020817 -22.46111415 17.00201461 14.8582686 5.72105605 1.54767733 2.37360653 9.40917923 2.814175 3.37519712 8.45934171 2.78186314 3.39107387 8.07495745 -1.54051809 -2.17241224 16.49870387 -8.83128739 -3.43951621 2.52939307 -0.90027848 -7.89684832 0.63382464 -3.24543288 -47.9806617 -39.00583737 -87.42540228 -57.28839159 -54.78415158 -19.50689634 -15.02022958 5.23565571 10.12835608 7.52971429 3.57255183 33.83152745 13.2456595 -32.97721407 54.10184195 33.01920135 -4.73836284 36.43359136 22.51321192 -69.75004199 10.17608452 43.61538026 85.30359621 -7.23861612 -19.48199158 44.36552598 -8.6053021 32.83137168 -5.23619364 -12.99953085 -0.43732109 -28.28430245 -17.7258609 -45.50560969 66.63654477 7.53096454 -2.76114919 -24.06005524 1.17303374 11.56997855 -6.68895476 9.50819213 11.6882208
-0.05713398 0.9819391 0.03709923 -25.05270373 17.45905208 15.78998295 4.73892626 1.89623314 2.17623882 7.88077274 3.52602588 2.99056083 7.13445116 3.50768424 3.00716911 7.28747445 -1.534909 -2.39293677 19.05647626 -9.78896279 -2.01880039 2.07075842 0.11816576 -8.18811444 -2.02291499 -4.19390754 -44.74052504 -38.86276817 -87.41744237 -57.14516973 -54.78414645 -19.50689899 -15.02022807 4.94924416 10.31447237 6.85133436 1.74919786 36.28200004 12.6788726 -33.80165381 55.07540639 34.05448798 -3.56891333 36.88980804 21.76488653 -71.67730151 9.903001 45.65845376 87.68130722 -8.1320359 -19.95320352 43.62806538 -6.51724033 35.42330693 -4.97756212 -12.9929871 -0.43684453 -24.47588874 -20.88332568 -45.72242182 64.54630777 7.73689425 -3.18102473 -24.70263566 1.20502311 11.61782774 -6.69299421 9.49457121 11.69425165
-0.06257042 0.99295502 0.05457112 -27.27686951 17.97922087 16.4212242 3.86868762 2.16292661 1.92805924 6.51299701 4.11937114 2.59302938 5.94603845 4.11808679 2.60580847 6.13657419 -1.51625498 -2.37967071 20.52104102 -10.2274919 -0.84352082 1.67159498 0.98954949 -8.34228019 -4.50609564 -4.98660911 -41.06039365 -48.16496391 -87.82531049 -66.45533228 -54.78415092 -19.50689894 -15.02023195 4.65250917 10.38406697 6.06441459 -0.11510612 37.77057594 11.87672637 -35.32337414 56.65007903 35.91406965 -2.54948773 36.10533316 22.33737268 -72.93949187 9.49582521 47.15360225 88.6708824 -8.87794916 -20.21535685 43.7456292 -5.91289816 36.94598627 -4.84599618 -12.99005355 -0.43667212 -20.3345762 -23.87856878 -45.00500025 62.1364246 7.67043553 -3.53857543 -25.27551709 0.93496063 11.84955099 -6.93226239 9.35153542 12.1084869
-0.06834562 1.00338975 0.07303965 -29.05984184 18.48968577 16.68689669 3.11546638 2.34995846 1.70019793 5.30830725 4.58025796 2.24823032 4.89780055 4.59124953 2.25363207 4.68540754 -1.44849366 -2.34766488 20.96953858 -10.26349786 -0.01137683 1.32683877 1.75398657 -8.43775064 -6.37057177 -5.56377548 -36.86849545 -77.88550101 -88.34297162 -96.19148258 -54.78415095 -19.50689845 -15.0202321 4.34482736 10.37372111 5.02189588 -1.86406757 38.42960576 10.92739731 -37.77195111 58.8026397 38.8271747 -1.81377006 35.17403655 23.73457503 -73.31814223 8.97372511 48.04548093 88.23623031 -9.38909191 -20.22823274 44.4381665 -6.33598401 37.36656749 -4.82360883 -12.98996332 -0.43669138 -15.84992988 -26.27810121 -42.87338729 59.83442037 6.84419212 -3.99839878 -25.94771933 0.36686467 11.79671148 -7.39103124 9.21050664 14.25648124
-0.07388459 1.01280424 0.09184409 -30.31918428 18.90740923 16.68297297 2.45612239 2.48136252 1.52060687 4.21892307 4.97432173 1.94747907 3.94228084 4.99079933 1.94283835 2.98809671 -1.313821 -2.46890797 20.49260813 -10.13134987 0.53955604 1.02794682 2.4863887 -8.5317148 -7.31305382 -6.02032145 -32.16816791 -123.73194169 -88.05179767 -142.05814333 -54.78415013 -19.50689889 -15.02023078 4.03890827 10.32801889 3.62547895 -3.46672394 38.12770288 10.09790714 -41.60919838 61.50904156 43.26289622 -1.47768057 34.52805667 24.73171696 -72.60312807 8.56029422 48.25839004 86.44950076 -9.58785377 -19.9859091 45.19901408 -7.34117609 36.4905597 -4.80569567 -12.99117512 -0.43490533 -11.9316147 -28.08793672 -39.79896913 58.23045061 4.87253181 -5.0652583 -26.85869039 0.05982559 10.72726582 -8.70044602 9.06651548 13.9336445
-0.07873934 1.02038986 0.11076531 -31.01179229 19.12661153 16.51844226 1.87487837 2.60508267 1.35785885 3.21907867 5.35812561 1.66017764 3.05081782 5.37590215 1.64383654 1.15164853 -1.13018205 -2.69986947 19.15199666 -9.90630437 0.83536288 0.77660707 3.17974927 -8.59102719 -7.19718583 -6.20409032 -27.16172135 -149.91784445 -86.76649668 -168.26834596 -54.78415049 -19.50689878 -15.02023109 3.75085457 10.25427473 2.03257096 -4.92809803 36.92777232 9.44514864 -47.29053599 64.50037193 49.64460641 -1.3611987 33.99081242 24.73361065 -70.74040694 8.37289662 47.90998511 83.53160925 -9.51478237 -19.49225086 46.15840016 -8.92277152 34.30396383 -4.79459884 -12.99298848 -0.43528394 -8.77118295 -29.53670619 -36.93690857 56.82453769 3.37942383 -6.17162171 -27.7000119 -0.34472632 9.65429642 -9.96538652 8.93119658 13.63135372
-0.08227853 1.0253167 0.12972778 -31.17130867 19.10555694 16.16995678 1.39178045 2.72220125 1.21002904 2.35606578 5.71453708 1.40023219 2.26671779 5.73225391 1.37189536 -0.70208972 -0.93413932 -2.86153716 17.00701383 -9.45869819 0.80847716 0.58146281 3.76607416 -8.53792275 -6.21781967 -5.59930007 -22.21387293 -162.04037629 -84.73910265 179.57782598 -54.78414997 -19.50689891 -15.02023072 3.49855491 10.14303218 0.54099897 -6.3493939 35.25970832 8.80683872 -54.95627335 67.29494758 58.04276277 -1.26451637 33.38537897 24.21787337 -67.91727139 8.39191635 47.24696066 79.818554 -9.37678268 -18.80862907 47.4582316 -10.97755595 31.50327983 -4.77954599 -12.99492918 -0.43700552 -6.4614129 -30.61080708 -34.80405656 55.72673446 2.22749654 -6.92321093 -28.56927247 -0.26164219 8.89739181 -10.91678533 8.80829255 13.4177569
-0.08438666 1.02725143 0.14840422 -30.88526271 18.91685517 15.5620356 1.04861798 2.801491 1.09886737 1.71256988 5.96655729 1.21760786 1.67020789 5.98427441 1.17867808 -2.48539999 -0.76488547 -2.81787653 14.28302618 -8.68928813 0.45695269 0.45151799 4.17822572 -8.33909744 -4.80941678 -3.74209367 -17.69220368 -168.30859314 -81.9798096 173.26914409 -54.78415028 -19.50689874 -15.02023103 3.30019714 9.99690496 -0.66579094 -7.89456604 33.63222147 8.05867483 -64.26433461 69.47683532 68.05184387 -1.29254338 32.72218866 23.95247627 -64.62786835 8.63033858 46.21851136 75.43259218 -10.12910327 -17.71581517 48.48364447 -12.78460945 28.27033696 -4.67984282 -12.99591852 -0.43703253 -4.77569736 -31.25731743 -33.05455727 55.03377876 1.5835398 -7.47605449 -29.43481098 -0.19672245 8.65259052 -11.48748836 8.69033191 13.30765151
-0.08532527 1.02666046 0.16639146 -30.24907289 18.74823217 14.69780941 0.86504267 2.81234697 1.03251075 1.32186271 6.0562864 1.13270408 1.29387663 6.07411097 1.08596721 -4.13211729 -0.65871573 -2.5728028 11.4167604 -7.74784969 -0.02451032 0.39578547 4.35515654 -8.02949754 -3.28331908 -0.69201881 -13.76462446 -171.68674194 -78.72345939 169.84387899 -54.78415171 -19.50689906 -15.02023158 3.16680765 9.82746114 -1.62873956 -9.55387348 32.21458038 7.22573981 -74.63428612 70.88527723 79.07039149 -1.67384157 32.01745338 24.14895993 -61.15318614 9.05314257 44.56364938 70.43886399 -12.27469687 -16.12868675 48.56352602 -14.10129395 24.44693261 -4.49063468 -12.99630115 -0.43699991 -3.33963449 -31.47524869 -31.28934869 54.55154506 1.11642928 -7.84068883 -30.27016924 -0.32173984 9.08006052 -11.59892388 8.61415805 13.32337242
-0.08528218 1.02435387 0.18362287 -29.31353345 18.78669405 13.68281237 0.78891091 2.76755632 0.98504732 1.10351184 6.01142002 1.10725095 1.07270178 6.02941689 1.05463481 -5.56953066 -0.62556895 -2.25512601 8.88416168 -6.94713365 -0.34795678 0.39076407 4.31167232 -7.68971054 -1.6009275 2.91650324 -10.38815647 -173.50293798 -75.49742854 167.98426054 -54.78414866 -19.50689911 -15.02022949 3.06744549 9.6273555 -2.48247103 -10.91118009 30.6744774 6.32483706 -85.50092674 71.53541542 90.5446758 -2.44034492 31.27379468 24.40879077 -57.37897767 9.53613272 42.24952441 64.97269856 -14.65490765 -14.43821109 48.02707194 -15.65251216 20.29118863 -4.28879297 -12.99683853 -0.43697941 -2.35192892 -31.25826071 -29.61725205 54.55295522 0.34142209 -7.84425468 -30.96968881 -0.44036751 9.58231788 -11.95110401 8.66440401 13.33364629
-0.08421441 1.02123108 0.20038369 -28.08925051 19.10877051 12.64645163 0.7529286 2.71138606 0.91718657 0.95814351 5.92930124 1.07969547 0.92284843 5.94729695 1.02178243 -6.70417773 -0.61808897 -2.0181421 6.90911435 -6.44571437 -0.37462269 0.4027415 4.13827708 -7.37958106 0.25740473 6.18852182 -7.35476388 -174.41115639 -72.93199148 167.05116691 -54.78415282 -19.50689873 -15.02023262 2.97158579 9.41387446 -3.30412015 -11.3487314 28.47505441 5.15097313 -96.67386437 71.46316253 102.32241256 -3.48032045 30.56474025 24.34714944 -53.37120659 10.13738815 39.3287054 58.9133059 -16.51289405 -12.72081792 47.36132233 -17.54604969 14.81381081 -4.09524477 -12.99739404 -0.43698268 -1.51032738 -30.90596204 -27.99604694 54.4771551 -0.67128545 -7.52973192 -31.83599316 -0.57362304 10.10891373 -12.10748749 8.73328781 13.40361328
-0.08195573 1.01810852 0.21644724 -26.56848315 19.70690328 11.67125845 0.74635932 2.68468484 0.80198908 0.88339956 5.89531011 1.01226796 0.84082272 5.91276417 0.95073304 -7.46222063 -0.57594778 -1.93645251 5.41271749 -6.11284003 -0.15113199 0.42289188 3.96374145 -7.13522973 1.88319753 8.43560273 -4.48280882 -174.739887 -71.56343369 166.72242137 -54.78415063 -19.50689864 -15.02023137 2.90641697 9.2871795 -4.01754051 -10.57827345 25.11124602 3.44054708 -108.59723287 70.5371776 114.92734973 -4.47876328 29.90677008 24.1184213 -49.19624951 10.84658044 35.92772808 52.05224621 -17.37382192 -11.06768554 46.53466681 -19.83644807 7.58974242 -3.9158986 -12.99841487 -0.43704663 -0.82587766 -30.49592594 -26.49439106 54.15550264 -1.87879204 -6.97507621 -32.79857988 -0.74299063 10.65669072 -12.0399573 8.80071596 13.54525919
-0.07828614 1.0152269 0.23095118 -24.69607751 20.61206668 10.76158891 0.78990262 2.69644059 0.63483469 0.94217812 5.92366667 0.90444568 0.88862427 5.94016906 0.84304194 -7.88097521 -0.45959872 -1.98701685 4.22110801 -5.74463865 0.33805226 0.44262736 3.95941014 -7.03917945 2.4819147 9.57570531 -2.05426106 -174.59923635 -71.69662214 166.89298508 -54.78415301 -19.50689844 -15.02023286 2.92118204 9.36433932 -4.38326794 -9.19744524 19.9260787 1.48163034 -121.3557435 68.29313894 128.54614997 -4.60900509 29.05876997 24.31348693 -45.10961097 11.47067105 31.83540551 44.3248614 -18.09539122 -9.28945249 44.73092992 -22.18267056 -0.29951099 -3.71438201 -13.00025704 -0.4371901 -0.45317707 -30.09617256 -25.29968792 53.58603188 -3.06794556 -6.08710068 -33.81524429 -0.95686875 11.11690623 -11.7072661 8.84438334 13.72937688
-0.07296583 1.01163956 0.24312803 -22.30740525 21.85782902 9.8194473 0.91068583 2.73144524 0.43420878 1.193291 5.98587272 0.77909164 1.12425703 6.00201459 0.72253018 -8.0740175 -0.2789323 -2.11498661 3.21383228 -5.29895417 1.356367 0.44949864 4.25915278 -7.19131979 1.05268604 10.17246508 -0.85544118 -173.92226242 -73.38414352 167.63171645 -54.78414899 -19.50689839 -15.02023205 3.02768005 9.62083074 -4.17037322 -8.89682202 12.21096482 0.29797106 -133.11563161 64.35909366 141.37135109 -3.15632958 27.87562765 25.55163802 -41.55612499 11.56102125 26.71254083 36.03870378 -20.31188133 -7.01255134 41.70788611 -23.88442179 -6.80265815 -3.96648697 -13.21324144 2.14132972 -0.87254109 -29.63438961 -25.07104625 53.17997948 -3.09178676 -4.44665452 -34.34407386 -1.45671102 12.06875195 -10.98634712 8.82530073 13.86589312
-0.06578904 1.00511199 0.25342396 -19.16789789 23.18589685 8.6501766 1.12673213 2.79542326 0.2459519 1.64373913 6.10194825 0.65702287 1.55462015 6.1199144 0.60666278 -7.9032115 -0.06742228 -2.28633742 2.56736912 -4.85950066 3.254776 0.42528626 4.90247098 -7.61587662 -3.09817516 11.26892705 -1.55880561 -172.28273222 -76.59077557 169.36606588 -54.78415025 -19.506899 -15.02023077 3.15963876 9.82020926 -3.31033229 -11.63835753 1.82736453 0.75247005 -141.23510764 59.69506301 150.5548018 -1.03121389 26.9743592 27.87740587 -38.78424676 10.65185093 20.72528316 27.81082936 -24.78730149 -3.88819189 38.459478 -24.73625979 -10.96735762 -8.42850162 -13.18865056 0.77776951 -2.5375325 -29.15288598 -26.15721107 53.29070972 -1.7505337 -1.90802444 -34.96081077 -1.98138856 12.95696234 -9.88564613 8.74734937 13.91004052
-0.05674165 0.99356168 0.26339193 -15.21659929 23.85895421 7.14197882 1.45455362 2.9482949 0.09251545 2.28110398 6.37206983 0.4950162 2.16885247 6.39459243 0.44553868 -7.43340926 0.1720282 -2.57267166 1.43649788 -4.48331068 5.8961843 0.35383305 5.81931266 -8.21103125 -9.43342114 13.94421881 -3.8464568 -167.53586925 -81.43324935 174.24534376 -54.78414707 -19.50689896 -15.02022971 3.23914131 9.71456784 -1.92790032 -18.30348895 -10.26224489 2.70309414 -144.60519267 56.9342957 154.51602601 -0.71785291 26.7896222 29.7364275 -36.59855058 8.46759774 16.05513815 19.86782054 -29.33325065 -2.13461907 35.37861147 -25.71449349 -10.79369607 -18.0797492 -11.87777004 -2.66168088 -6.06017184 -28.56695223 -28.52955502 54.49078121 0.73416121 0.61612675 -36.05037336 -2.29917158 13.41536333 -8.84982538 8.76448932 13.94871353
-0.04612907 0.97716943 0.27387731 -10.83588357 23.09841418 5.55095529 1.91901506 3.2227832 -0.10674953 3.14014001 6.83832651 0.12939428 3.00632571 6.86456671 0.07224526 -6.63304383 0.42909938 -3.00762144 -0.93432563 -4.15301308 8.60647553 0.23007335 6.86987989 -8.81528534 -15.81694705 18.20358282 -6.44014977 -128.32365548 -87.56735249 -146.36521349 -54.78415259 -19.50689791 -15.02023278 3.2686516 9.33368884 -0.30971672 -27.77362445 -21.83266966 5.39496956 -142.73021676 58.53486646 152.30160894 -3.32411411 26.49148696 28.39440236 -41.46909761 5.08891124 15.55257888 24.47635003 -27.31008674 -1.16346367 24.18048272 -29.15219347 -10.21172035 -17.71846486 -11.88534104 -8.73995712 -11.77048087 -27.79311307 -31.84225094 57.24900963 3.97096124 1.72939176 -37.67359662 -2.33895957 13.08166981 -8.47505513 8.96538681 14.00820179
-0.0347577 0.96039207 0.28171204 -6.73467678 20.96605865 4.55561349 2.55652722 3.44707744 -0.59484558 4.31359608 7.28432197 -0.62724496 4.16511274 7.3058275 -0.69498462 -5.63336527 0.68333323 -3.55146299 -4.61458624 -3.83530551 10.58009707 0.06664353 7.89469714 -9.33065818 -19.64874258 22.48976818 -8.53937972 -16.00445493 -82.79416847 -33.82521385 -54.7841514 -19.50689676 -15.02023251 3.30452665 8.96672926 1.14993189 -36.77794331 -30.33288873 8.36608907 -133.31663815 64.24180004 141.60135317 -6.74984751 25.79290839 22.4520849 -45.5830404 3.93112974 15.35496154 30.44630477 -26.54701731 1.14273376 10.05805835 -28.97993586 -11.38155983 -17.76657247 -13.00025672 -0.43721255 -18.44391468 -26.43615313 -36.1110308 60.30573209 5.96638712 2.05840697 -38.87347061 -0.43049593 14.09833103 -8.01632911 9.10529218 14.12370812
-0.02241034 0.94351683 0.28666384 -3.29165641 18.53541479 4.41895506 3.38488767 3.41465571 -1.33281561 5.8765658 7.29969091 -1.73182081 5.72071254 7.3022245 -1.80366406 -5.00763844 0.9397555 -4.15994652 -9.3666127 -3.52473383 11.42101441 -0.09800193 8.71270997 -9.77122709 -19.58839119 24.99272013 -10.74546667 -7.73675722 -74.48936003 -25.31549721 -54.78415055 -19.50689799 -15.02023148 3.36825477 8.82067475 2.12163559 -41.14758453 -34.67489131 11.89821227 -111.68632791 70.10035329 118.21270604 -8.04709506 25.29168997 13.67010628 -47.61184621 3.65185206 15.67860396 31.48954835 -28.33256861 1.60412426 3.57234573 -24.89854864 -18.09287901 -9.97275488 -13.01550188 -0.43827013 -24.75681401 -23.99497421 -40.38863748 63.61104728 6.39917742 2.23525361 -39.84266637 2.24095206 15.75516643 -7.76679769 9.18853118 14.60633486
-0.00948914 0.92515598 0.29119615 -0.42291559 17.08167763 4.71023396 4.38120228 3.05299549 -1.93595791 7.79943994 6.6928157 -2.82567742 7.63613457 6.66487791 -2.89241708 -5.06082303 1.18805409 -4.75077386 -14.40225736 -3.19592176 11.4280751 -0.20481877 9.13308844 -10.18719919 -16.64299998 24.65308416 -14.00991159 -5.81491623 -68.24955765 -23.16966265 -54.78415056 -19.5068987 -15.0202308 3.43761016 8.82261052 2.59359403 -38.81443607 -35.23398863 16.56492654 -82.60586197 71.39491814 87.49103351 -6.37309496 24.73746163 5.8780104 -51.49172862 3.23403858 15.49235719 34.8603555 -28.88266211 1.56002183 2.08161003 -22.43186877 -22.26329124 -7.4332848 -13.02513608 -0.43877799 -30.17978846 -20.96624276 -43.75476355 68.07939368 5.24146535 2.32996715 -41.59844655 4.64386249 15.44940907 -9.21725115 9.05098201 15.75380737
0.00270006 0.9117476 0.29353714 1.97097951 16.80027148 5.03767282 5.4867909 2.584014 -2.29796566 9.92174579 5.77336616 -3.56066181 9.74198922 5.71318819 -3.61865161 -5.45586506 1.37770665 -5.21337851 -18.57304854 -2.87531077 11.30116965 -0.21292156 9.08330128 -10.56989369 -13.66179028 21.17634296 -18.0119264 -5.36810953 -65.22108679 -22.54410056 -54.7841484 -19.50689997 -15.02023534 3.49729033 8.81342066 2.87208846 -32.26109164 -32.86472854 21.6595464 -63.21297024 69.23383237 66.92224127 -3.35367719 23.77748915 1.69458797 -56.19514922 2.86974262 14.86551268 39.79721659 -27.71560606 0.98363757 0.82315883 -22.47992581 -20.54409882 -6.13647802 -13.03421954 -0.43903591 -33.91020735 -18.80597944 -46.40562118 70.8830511 4.22162172 2.41829966 -43.06415847 6.87469526 15.31543657 -10.33581366 7.74299285 16.72969744
0.01297951 0.9072673 0.29435722 4.14839449 16.95118186 5.16631564 6.56425197 2.21314305 -2.47869611 11.96991066 5.05858396 -3.96603176 11.76335604 4.97055207 -4.01679114 -6.02872146 1.51115873 -5.57241762 -21.6907095 -2.74384274 11.51772119 -0.13889192 8.727316 -10.85733195 -12.9603591 15.23391608 -21.23003676 -5.43581151 -64.35729182 -22.46527844 -54.78415311 -19.50689636 -15.02022765 3.5624919 8.78596215 3.21457166 -26.34432176 -29.10743929 25.5264852 -54.03263071 66.96983954 57.03184139 -1.0799761 22.75123466 0.39821042 -59.17473685 3.32955341 14.17209537 41.4111261 -27.26352706 0.49846073 0.85578646 -22.54323097 -19.36444411 -6.19953909 -13.0434309 -0.43926653 -36.37798365 -17.71876905 -48.27923994 71.40027673 3.78607344 2.53449232 -43.72120226 8.91802782 15.5339226 -10.70425482 5.73080079 17.35941979
0.02138576 0.9094043 0.29483046 6.33567689 16.62379585 5.19306569 7.43501328 2.02955016 -2.61764674 13.6297249 4.74452943 -4.3093625 13.39158313 4.63062457 -4.35311347 -6.61179768 1.58597428 -5.93828601 -23.60614933 -3.0021713 12.08145297 -0.03402434 8.33386367 -11.0057129 -14.49954111 8.18929396 -22.60323567 -5.52861956 -63.56144172 -22.40286717 -54.78415083 -19.50690152 -15.02023323 3.64796244 8.82290068 3.55671719 -23.7510045 -25.64286534 27.75757851 -49.28456486 65.29688998 51.83883885 -0.47115616 22.00962814 -0.38678175 -61.06282487 4.49565488 14.13216371 41.18857844 -26.97875127 -0.06317404 1.44262148 -22.58744468 -18.39630942 -6.85451425 -13.05703059 -0.43946868 -38.53110144 -17.07716524 -49.65867541 70.36532481 4.06503867 2.69406417 -43.47764813 10.78508048 16.11339812 -10.3574634 3.83952145 17.75335717
0.02895231 0.91396751 0.29530626 8.54786778 15.6044169 5.3415024 7.99756915 1.93721158 -2.75174884 14.72166512 4.62332124 -4.65169184 14.45142096 4.48371986 -4.68501074 -7.16872719 1.54741994 -6.38056406 -24.6130942 -3.80266468 12.60945424 0.08193077 7.99679643 -11.02297065 -16.84225087 1.50480006 -22.35032284 -5.43448864 -61.69578618 -22.11794478 -54.78415123 -19.50689907 -15.02023204 3.73760012 8.91279113 3.68611703 -24.01855828 -23.24011785 28.68900155 -46.10986814 63.91319036 48.3223921 -1.27201176 21.78733494 -1.76494259 -62.49752006 5.94337236 14.77357018 40.37946959 -26.50607564 -0.95414538 2.08613816 -22.63297013 -17.39346337 -7.32637372 -13.06542067 -0.43970715 -41.02471517 -16.24132559 -50.82442287 69.1213065 4.31985624 2.84875608 -42.7440776 12.65639078 16.57892253 -10.03738181 2.54482271 18.18153464
0.03664364 0.9174556 0.29521664 10.56686819 14.2234184 5.68515153 8.31508304 1.82366219 -2.81742254 15.35214606 4.44991887 -4.79297196 15.04801775 4.29083446 -4.81278203 -7.67194008 1.33442958 -6.81766517 -25.41365342 -5.13946776 12.80972082 0.236284 7.59384211 -10.94325204 -18.960322 -3.58949193 -21.3122055 -5.27851859 -59.260955 -21.74413948 -54.78415122 -19.50690002 -15.02023276 3.80931469 8.97164357 3.54906209 -25.44056107 -21.89855783 28.33175695 -43.89337204 62.78765097 45.83960423 -2.86385917 22.08493366 -3.06730797 -63.91156516 7.39044882 15.77104631 39.86750926 -25.92025506 -2.10934057 2.63321956 -22.66564833 -16.21567527 -7.6218925 -13.06924577 -0.43971739 -44.15510157 -14.89223768 -51.81256321 69.33702301 2.96880291 2.89289959 -42.31218926 14.93673072 15.8155685 -11.17279929 2.126387 18.88315727
0.04514509 0.91814552 0.29524527 12.11828746 12.69312027 6.0903628 8.54789382 1.6668106 -2.74805929 15.8149844 4.18770031 -4.65140275 15.47205598 4.02143167 -4.65817416 -7.98490159 0.9598599 -7.11102268 -26.44106435 -6.87495625 12.83574957 0.4434546 7.03822812 -10.78938875 -20.59148514 -6.52703856 -19.99896528 -5.23601828 -57.34486828 -21.48335267 -54.78415125 -19.50689733 -15.02023095 3.87070342 9.00004552 3.27205777 -26.92821483 -21.37521159 26.77568519 -42.64920917 62.08343137 44.43278193 -4.79848701 22.57132297 -3.45096485 -65.41243604 8.47903553 16.96956249 40.33190087 -25.25556421 -3.27221512 2.81344808 -22.71586664 -14.91126548 -7.94813444 -13.07430801 -0.43992142 -46.89326653 -13.5197079 -52.85322511 69.61485105 2.20470108 2.98636398 -41.78875041 16.90471669 15.45711042 -11.88836726 1.94399435 19.59750583
0.05424758 0.91598113 0.29564819 13.09710005 10.82255214 6.52839094 8.80331308 1.51931499 -2.64209435 16.31045391 3.90730819 -4.4353878 15.92353706 3.74319112 -4.43178801 -8.07055907 0.45065564 -7.26318046 -27.71074528 -9.06098373 13.04061819 0.66689624 6.43619847 -10.58379385 -21.69510186 -7.56019832 -18.36839782 -5.34254511 -56.37632131 -21.38539196 -54.78415124 -19.50690156 -15.02023384 3.95164904 9.09118209 2.98337845 -28.29106768 -21.43291615 24.64569906 -42.17205137 61.78976652 43.88838102 -6.73843722 22.98582628 -3.04633908 -66.89242849 9.19523533 18.56290872 41.86604034 -24.61342958 -4.39973031 2.49891198 -22.78665409 -13.53894503 -8.22899831 -13.08035717 -0.44010243 -49.26159425 -12.12737087 -53.93427491 70.01230179 2.06431176 3.13200032 -41.04971008 18.58587637 15.5230335 -12.18791675 2.23408994 20.31838784
0.06347042 0.91220459 0.29629766 13.65218793 8.45238801 7.12436119 9.06980993 1.3847393 -2.6167807 16.81636263 3.62839769 -4.37074647 16.38232714 3.46778572 -4.35888794 -8.02383055 -0.19147333 -7.38534741 -28.967863 -11.9613522 13.5595701 0.86122795 5.9427777 -10.37412635 -22.26084878 -7.38656718 -16.37182386 -5.53421653 -55.97159007 -21.37911509 -54.78415116 -19.50689838 -15.0202315 4.0644269 9.28173496 2.73651405 -29.54752218 -21.84393803 22.73802182 -42.05648823 61.70529282 43.75337597 -8.40096295 23.32483423 -2.58315195 -68.07320959 9.59760936 20.50246375 43.96079432 -23.88144708 -5.5461499 1.7246386 -22.86178836 -12.27471336 -8.28167267 -13.08393652 -0.44006831 -51.50670475 -10.56640491 -55.0369371 70.44286444 2.45650991 3.321902 -39.90124959 20.05918193 15.94030665 -12.12819797 3.11576476 21.02319201
0.07244277 0.90794853 0.29703461 14.05123629 5.77508278 7.96315235 9.29046442 1.24071553 -2.66194719 17.22306289 3.32338958 -4.4382969 16.74003981 3.1642521 -4.41933163 -7.97317071 -0.97821454 -7.52587681 -30.03893568 -15.70457026 14.19064424 1.02353681 5.56744961 -10.19665042 -22.41914411 -6.64763863 -14.39168176 -5.74358868 -55.65019034 -21.38471393 -54.78415108 -19.50689952 -15.02023212 4.18748845 9.48069641 2.57161045 -30.62557873 -22.39329019 21.40856095 -42.00653479 61.65913446 43.69266142 -9.72541864 23.61298776 -2.50778906 -68.81465382 9.72102089 22.41533744 46.0872962 -22.88676828 -6.69683854 0.62141208 -22.92561647 -11.30296198 -8.06794863 -13.08890866 -0.44010188 -53.77648141 -8.78144407 -56.12162896 70.80877055 3.12534269 3.53581084 -38.39828219 21.40548827 16.55297974 -11.84878785 4.35467973 21.68681469
0.08087801 0.90398857 0.29771164 14.45160338 3.16925874 8.97128941 9.45150011 1.07557686 -2.68741042 17.50103 2.98788268 -4.46337978 16.96737973 2.82975115 -4.43858204 -7.98536668 -1.879569 -7.613363 -30.9255036 -20.00030681 14.6629288 1.18392929 5.19916991 -10.03787636 -22.41898368 -5.69344301 -12.96883855 -5.96692513 -55.38495127 -21.3981462 -54.78415126 -19.50689533 -15.02023028 4.29084021 9.56769508 2.54446056 -31.50835048 -22.88762349 20.5443072 -42.00032459 61.63866615 43.68151538 -10.85555996 23.77643667 -2.71411604 -69.17608736 9.69605565 23.99826885 47.92726549 -21.69160683 -7.78250014 -0.57397968 -22.97367336 -10.64812811 -7.71948332 -13.09397652 -0.44008048 -55.99671592 -6.92947847 -57.10938824 71.06400586 3.76737534 3.75007433 -36.78849847 22.6929612 17.15042291 -11.53872903 5.56814135 22.28650765
0.08844086 0.90070533 0.29821526 14.82981164 0.83624528 9.98936784 9.58806427 0.89957242 -2.64297667 17.71321045 2.64889479 -4.34780911 17.12686395 2.49111004 -4.31876535 -8.04979843 -2.80170949 -7.57167343 -31.61386665 -24.28558018 14.92436412 1.36222937 4.76661496 -9.86413217 -22.49152586 -4.67886985 -12.31062174 -6.24631627 -55.44196439 -21.47108978 -54.7841513 -19.50689948 -15.02023256 4.36651501 9.51356712 2.66370636 -32.21785167 -23.19355729 19.98790386 -42.19712314 61.73886098 43.90089197 -11.92210055 23.78552309 -2.88553311 -69.27570914 9.67838081 25.28653351 49.39963246 -20.5247059 -8.76738365 -1.66012062 -23.01221392 -10.19816322 -7.40564938 -13.09832449 -0.44004942 -58.01739143 -5.23102562 -57.92137276 71.21986734 4.23319191 3.95295052 -35.25640735 23.95721638 17.58772001 -11.31068376 6.56483122 22.79512959
0.09484968 0.89834389 0.29853094 15.0979085 -1.2924197 10.90110187 9.73755534 0.7291596 -2.54152904 17.93133954 2.33239677 -4.12898853 17.29061657 2.1710765 -4.09674111 -8.1067616 -3.63770252 -7.42730237 -31.99684197 -28.12637689 15.12356691 1.55081134 4.30379269 -9.669147 -22.72812062 -3.77563737 -12.23157302 -6.60351751 -55.90789405 -21.63008047 -54.78415118 -19.5068963 -15.02023085 4.42933411 9.38769872 2.85268641 -32.67865641 -23.29122994 19.74520615 -42.71693152 62.02518247 44.48608848 -12.94139169 23.76080635 -2.84379094 -69.12326232 9.71936906 26.47334959 50.51942743 -19.51751475 -9.6537362 -2.58980056 -23.04598976 -9.8843746 -7.19144757 -13.10224022 -0.43996702 -59.77214325 -3.82170998 -58.49702352 71.28668401 4.51429044 4.14361828 -33.80766946 25.21272544 17.81997256 -11.18472913 7.40340332 23.18844072
0.10003943 0.89705017 0.29865379 15.22065542 -3.3744897 11.68570381 9.90817306 0.57384946 -2.41521798 18.18221679 2.04800495 -3.87665436 17.48560644 1.87854109 -3.8413506 -8.15047713 -4.36592412 -7.29134246 -32.21151852 -31.46890329 15.28292363 1.7336057 3.8770187 -9.47201774 -23.0625995 -3.20511066 -12.45187266 -7.01048595 -56.55135813 -21.8406928 -54.78415183 -19.50689951 -15.02023167 4.49921327 9.28257095 3.01215177 -32.78420858 -23.23170636 19.8322164 -43.50709311 62.45214298 45.37488902 -13.88335856 23.84950851 -2.59541496 -68.68374385 9.77637459 27.6270738 51.38071276 -18.62385226 -10.45285398 -3.44223863 -23.07247635 -9.68061035 -7.020358 -13.10579954 -0.43985644 -61.29714897 -2.71457845 -58.81140839 71.25746117 4.6499329 4.324896 -32.35889801 26.46394047 17.86079972 -11.13447285 8.21291562 23.45537242
0.10409686 0.89680756 0.29846218 15.23850145 -5.4923833 12.37851492 10.08275132 0.43478359 -2.28191893 18.44828034 1.7904029 -3.62090306 17.69413981 1.61268932 -3.58261036 -8.14387942 -5.01046082 -7.19971523 -32.42584333 -34.42806542 15.32298867 1.90599504 3.50566868 -9.28132093 -23.37354774 -3.04365169 -12.79941844 -7.42075521 -57.09941588 -22.04705911 -54.7841516 -19.50689937 -15.02023231 4.58736546 9.24771451 3.11426605 -32.5765514 -23.04663336 20.135648 -44.39734084 62.9119217 46.37285143 -14.70260755 24.042818 -2.22977697 -67.93210562 9.80927811 28.77137397 51.9695587 -17.7128494 -11.1993544 -4.24646474 -23.07031136 -9.63654437 -6.80940604 -13.10884607 -0.43969747 -62.67009107 -1.85100179 -58.87305958 71.12912297 4.67621157 4.49952298 -30.85623457 27.70770204 17.73503235 -11.12544748 9.04231424 23.59448647
0.10707812 0.89725212 0.29776842 15.23858542 -7.63660256 13.03612189 10.24034128 0.30075452 -2.15759819 18.69295709 1.54466221 -3.37175392 17.87908709 1.36340344 -3.33135364 -8.0887956 -5.60291673 -7.08939414 -32.74934965 -37.07679912 15.18515472 2.07419969 3.16442446 -9.08297871 -23.60056038 -3.10370872 -13.17976866 -7.81965939 -57.50132054 -22.23245185 -54.78415147 -19.50689895 -15.02023195 4.69201391 9.26800887 3.20779918 -32.25192045 -22.74072424 20.48555352 -45.24386413 63.32665017 47.31799753 -15.32353344 24.20574425 -1.86296147 -66.98354902 9.84479151 29.87369505 52.33740597 -16.72450171 -11.88709747 -5.00062278 -23.04516586 -9.75527406 -6.52714996 -13.11099991 -0.43948773 -63.97542439 -1.13152738 -58.71846602 70.93581402 4.6365202 4.67151682 -29.31250406 28.92350369 17.49748459 -11.10445398 9.86088304 23.61206544
0.10907313 0.89798897 0.29631898 15.30798409 -9.7754278 13.70870204 10.37547864 0.16367563 -2.05062963 18.89329216 1.29805391 -3.14287538 18.01764675 1.11758298 -3.10184726 -8.05702212 -6.15357396 -6.90290243 -33.20850397 -39.40265461 14.91515929 2.24415641 2.82943677 -8.86329173 -23.75577375 -3.11118097 -13.51113976 -8.22984713 -57.88216555 -22.4243234 -54.78415021 -19.50689587 -15.02023019 4.79947628 9.28733984 3.33962993 -31.99674218 -22.33870502 20.7719179 -45.97191112 63.66515511 48.12766656 -15.73252512 24.28453451 -1.593151 -65.98572828 9.93930428 30.95090529 52.51459033 -15.6790754 -12.5484346 -5.65471301 -23.00210946 -9.98563468 -6.19935064 -13.11275509 -0.43925459 -65.292267 -0.46883468 -58.37465219 70.71247338 4.56538043 4.84434297 -27.74721612 30.09448368 17.199827 -11.02550347 10.62182889 23.51126647
0.11015404 0.89879532 0.29399438 15.48752006 -11.88561643 14.43649975 10.50089417 0.02153785 -1.95565401 19.06077779 1.0488438 -2.93326442 18.12151859 0.86923825 -2.89285909 -8.10517599 -6.64024395 -6.67078099 -33.76108074 -41.36150474 14.62148824 2.4145963 2.50620379 -8.6326209 -23.84361897 -2.98211706 -13.74183134 -8.66972301 -58.32023439 -22.64479945 -54.78415198 -19.50689977 -15.02023189 4.89503688 9.25085173 3.48366416 -31.89040117 -21.91085489 20.964081 -46.52718914 63.91004709 48.74283434 -16.07429201 24.3794019 -1.39700206 -65.0155228 10.12900591 32.00556084 52.51854568 -14.60685556 -13.19416214 -6.18501317 -22.9453827 -10.29813211 -5.88092662 -13.11428122 -0.43897884 -66.65800619 0.18373125 -57.86726943 70.48076601 4.4759456 5.01966046 -26.17258469 31.2150939 16.87034196 -10.86946174 11.30401132 23.29838108
0.11045992 0.89965301 0.29086087 15.75985598 -13.95054504 15.24610306 10.6315703 -0.12445084 -1.8546421 19.22487587 0.7997082 -2.71388608 18.22040503 0.6183482 -2.67475446 -8.22001384 -7.02781594 -6.49690905 -34.36323595 -42.92515433 14.34568182 2.57874817 2.22679919 -8.42327496 -23.8222346 -2.87546123 -13.88351223 -9.12245803 -58.73961548 -22.87418543 -54.78415135 -19.50689853 -15.02023184 4.97498591 9.15425236 3.54041841 -31.95429621 -21.58954635 21.09336957 -46.90654822 64.06767018 49.16123926 -16.52961411 24.57767406 -1.10450917 -64.0489997 10.40697208 32.97925994 52.36342046 -13.506638 -13.80067561 -6.61511457 -22.87294192 -10.7034894 -5.6258705 -13.11560539 -0.43868981 -68.05451565 0.83728829 -57.23845641 70.24584193 4.36273968 5.19722872 -24.59417482 32.28967928 16.50850735 -10.64890946 11.91226766 22.99016705
0.11017473 0.90058838 0.28710269 16.08017667 -15.95549721 16.14959904 10.76859084 -0.27452231 -1.73275195 19.39866062 0.54797198 -2.4516416 18.32740293 0.36350441 -2.4143952 -8.35787014 -7.29791929 -6.47586737 -34.98701983 -44.10429255 14.02521694 2.7290562 2.02532828 -8.26530181 -23.66957775 -2.98428874 -13.99918882 -9.55252106 -59.01699306 -23.07144011 -54.78415141 -19.50689856 -15.02023187 5.04698378 9.03596113 3.41464172 -32.19408315 -21.53511384 21.23542599 -47.2385234 64.20074929 49.52652759 -17.08985316 24.81780945 -0.596865 -63.08628489 10.78904491 33.70353334 52.03275426 -12.82682239 -14.18995104 -7.0153312 -22.26353729 -11.2044467 -5.4151738 -13.1155361 -0.43824412 -69.43638452 1.49163107 -56.54321002 70.00823182 4.21832015 5.37671553 -23.0180474 33.32399564 16.10703495 -10.38677399 12.4623415 22.60797237
0.10939574 0.90157646 0.28291439 16.41601033 -17.88616692 17.13773995 10.90368222 -0.4294375 -1.58931279 19.57218621 0.28892649 -2.1391626 18.43239993 0.10222118 -2.1048797 -8.50458331 -7.46948459 -6.61740307 -35.62116385 -44.97099824 13.57177194 2.86347702 1.90179833 -8.15898879 -23.45934491 -3.30896797 -14.15981667 -9.95292222 -59.15135642 -23.22917498 -54.78415081 -19.50689738 -15.02023123 5.12183175 8.93430699 3.11936266 -32.54506916 -21.78071971 21.43442754 -47.70449054 64.38999951 50.04006607 -17.55307377 24.9970162 -0.03290734 -62.10744179 11.2416616 34.12206061 51.53690863 -12.6605196 -14.3272143 -7.41011569 -20.98088555 -11.78239449 -5.16195233 -13.11422711 -0.43768317 -70.76573584 2.14048765 -55.82018585 69.77828291 4.04049455 5.55825973 -21.46414083 34.32073275 15.663109 -10.10097244 12.9604113 22.16451203
0.10806356 0.90257454 0.27841978 16.76103354 -19.72853876 18.17181672 11.03293678 -0.58743102 -1.43276427 19.73430552 0.0240398 -1.79452156 18.52445076 -0.16420486 -1.76437116 -8.67175701 -7.59237881 -6.83890745 -36.2898235 -45.65136984 12.9476418 2.99872179 1.80472182 -8.0711609 -23.32106867 -3.64194055 -14.40023836 -10.36216152 -59.28854783 -23.39271272 -54.78415173 -19.50689898 -15.02023166 5.20470659 8.85446875 2.79532441 -32.83971318 -22.10943728 21.6324874 -48.33819324 64.64550713 50.73853864 -17.77815607 25.12273187 0.27169923 -61.0598555 11.69400251 34.38784037 50.9416063 -12.46564006 -14.4119875 -7.74741728 -19.64379859 -12.41875967 -4.84214548 -13.11197051 -0.43705761 -72.01918944 2.75804015 -55.0703904 69.57572559 3.82790337 5.74246356 -19.97201921 35.28141737 15.1693633 -9.80658007 13.38963384 21.65926908
0.10605668 0.90357491 0.2736473 17.1284972 -21.47628976 19.19593418 11.15716262 -0.74287387 -1.26889691 19.88013713 -0.23717451 -1.43942923 18.59875543 -0.42882476 -1.41400893 -8.85131435 -7.71281272 -7.0375395 -37.03524369 -46.25903943 12.18048791 3.14354877 1.66670285 -7.96136259 -23.31282648 -3.765291 -14.69770539 -10.82237476 -59.55954156 -23.61140003 -54.78415102 -19.50689791 -15.0202312 5.29414737 8.77739557 2.58338686 -32.90775406 -22.21158448 21.74581189 -48.98371783 64.89709512 51.44871601 -17.85980003 25.25631221 0.22438681 -60.02666192 12.19278867 34.62549691 50.2379112 -12.33604497 -14.46401518 -7.97731096 -18.27220363 -13.05338951 -4.53195854 -13.10985938 -0.4365154 -73.18689516 3.30157978 -54.26270691 69.41707376 3.57736006 5.92970545 -18.58330598 36.20990173 14.60834962 -9.52018515 13.71903053 21.08707824
0.10333437 0.90458641 0.26852841 17.54666096 -23.14723218 20.17018575 11.27031947 -0.88868715 -1.09941338 19.99774353 -0.48102777 -1.08746563 18.64356001 -0.68030678 -1.06664948 -9.00749996 -7.83800874 -7.17341892 -37.85247451 -46.81482967 11.35119124 3.30507315 1.46451793 -7.81779192 -23.35516551 -3.64342048 -14.98277022 -11.32750902 -59.92666076 -23.87818299 -54.78415213 -19.5069002 -15.02023279 5.38778324 8.69499982 2.48416393 -32.70969393 -22.00224605 21.81345564 -49.49921293 65.08868862 52.01427054 -17.99557377 25.38258111 0.08640666 -59.08346011 12.784459 34.98379919 49.41737223 -12.27947468 -14.53135934 -8.05492763 -16.97487246 -13.64230273 -4.37356582 -13.10927182 -0.43600688 -74.28454555 3.73483693 -53.35009902 69.30262409 3.28742686 6.12025907 -17.30469 37.1122761 13.96389163 -9.44244826 13.86484888 20.30150402
0.0999874 0.9055484 0.26296299 18.05601454 -24.78735378 21.0895918 11.36098311 -1.01979174 -0.92962479 20.07056355 -0.69814798 -0.75236848 18.64227414 -0.90913083 -0.7357039 -9.12063646 -7.93709837 -7.27326445 -38.66535245 -47.23759242 10.57187839 3.47366483 1.24310169 -7.65810317 -23.30241359 -3.40023994 -15.16703736 -11.82599507 -60.23318173 -24.13362119 -54.78415178 -19.50689936 -15.02023199 5.4885733 8.62994 2.38501355 -32.35587439 -21.676854 22.00928442 -49.94274625 65.24723236 52.49979009 -18.24271959 25.41835939 0.19313336 -58.26821353 13.49430257 35.62881372 48.5084788 -12.09201152 -14.7254045 -7.95435559 -16.05399601 -14.16861019 -4.36305517 -13.10973822 -0.43769247 -75.35630968 4.04094786 -52.28364772 69.21747241 2.96113363 6.31424457 -16.09813815 37.99421056 13.23496952 -9.59366659 13.84652284 19.29826441
0.09616784 0.90630264 0.2569198 18.68976651 -26.44092005 21.96794964 11.42809497 -1.13762627 -0.77102846 20.10100443 -0.89405071 -0.45215505 18.59735256 -1.11841182 -0.43975289 -9.21651564 -7.98270251 -7.3629537 -39.39276379 -47.44391891 9.93300789 3.63295815 1.06621297 -7.49991241 -23.06475352 -3.12995734 -15.17642573 -12.27771524 -60.38434904 -24.33214623 -54.78415066 -19.50689705 -15.02023075 5.60392381 8.61661237 2.21036849 -31.99996975 -21.43370529 22.4828188 -50.47569725 65.43595469 53.08312982 -18.47024449 25.31693781 0.65584211 -57.63280948 14.34479089 36.64365542 47.55191109 -11.77251397 -15.07593577 -7.691315 -15.54980465 -14.61834618 -4.36650727 -13.11020537 -0.43723845 -76.4426678 4.21840767 -51.03512769 69.15131397 2.60556853 6.51215805 -14.91983628 38.85790875 12.43590023 -9.71261608 13.78445723 18.27831687
0.09199787 0.9066552 0.25048732 19.44540189 -28.09944583 22.81391937 11.48653404 -1.25139943 -0.63249724 20.11832847 -1.08957673 -0.19427347 18.53795417 -1.32596853 -0.18708373 -9.33522997 -7.9909624 -7.42410326 -40.03017755 -47.48072677 9.43842685 3.78754947 0.9400295 -7.3390279 -22.66594203 -2.79100345 -14.99092349 -12.6933886 -60.42767152 -24.48677879 -54.78415113 -19.50689784 -15.02023099 5.73686157 8.66358244 1.99841811 -31.71111749 -21.25901265 23.21302579 -51.13920254 65.66723714 53.80899884 -18.53793317 25.10469391 1.37996724 -57.19431748 15.27979717 37.97334939 46.61416488 -11.35927867 -15.53743181 -7.32122249 -15.36346017 -15.01507781 -4.36781729 -13.11054464 -0.43492855 -77.58947926 4.3145251 -49.61629804 69.24223891 2.19891643 6.7165906 -13.8229746 39.73892626 11.3342267 -9.59379027 13.73593341 17.39625476
0.08761157 0.90649887 0.24384631 20.27367719 -29.67625403 23.62887649 11.55400916 -1.37049149 -0.51060099 20.15511863 -1.30485304 0.03671803 18.49658622 -1.55030558 0.03686192 -9.48185676 -8.01531715 -7.42287298 -40.64662624 -47.54148058 9.00467506 3.94954783 0.79621181 -7.15490782 -22.22176751 -2.30866258 -14.66970053 -13.10778926 -60.46031423 -24.63795656 -54.78415107 -19.50689805 -15.02023129 5.88086001 8.73984839 1.83212227 -31.44802053 -21.02480528 24.03196013 -51.81020246 65.89325865 54.54194466 -18.45960926 24.81267594 2.25806019 -56.91444492 16.15688144 39.37665177 45.75536974 -10.92722692 -15.97720846 -6.92687137 -15.25793325 -15.42566873 -4.36762209 -13.1105729 -0.4331054 -78.75391617 4.37453554 -48.13486572 69.51907866 1.76018678 6.93045957 -12.85973579 40.62602442 9.96027271 -9.22085235 13.6625824 16.68841688
0.08318628 0.9058847 0.23718971 21.09832479 -31.04000773 24.41977551 11.63935781 -1.49685181 -0.39341779 20.22519552 -1.5417584 0.26724495 18.48728489 -1.79365521 0.25843092 -9.62507702 -8.10165675 -7.3541119 -41.3108801 -47.82256765 8.53301275 4.13573355 0.55051675 -6.93372165 -21.88391933 -1.73879891 -14.33038441 -13.52985832 -60.50547954 -24.79632518 -54.78415064 -19.50689716 -15.02023106 6.02425202 8.80058203 1.74488019 -31.1423189 -20.7075047 24.76706392 -52.34534908 66.06524157 55.1250944 -18.36416317 24.43610867 3.25729432 -56.70045924 16.81698275 40.50813515 44.99162058 -10.54579165 -16.23750557 -6.58727209 -14.98188305 -15.93339407 -4.36590982 -13.11037896 -0.43154904 -79.82321272 4.44173435 -46.77189884 69.84324912 1.34515487 7.15427753 -12.02876006 41.46240387 8.69878262 -8.86555251 13.4474228 16.00433052
0.07899778 0.9050853 0.23070657 21.85051069 -32.0892296 25.19592236 11.74470792 -1.6205694 -0.27162116 20.32924574 -1.78171314 0.51244748 18.51111614 -2.03814182 0.49334998 -9.73440697 -8.2567694 -7.23587042 -42.05387148 -48.36626996 7.95750168 4.35363825 0.17255362 -6.6766988 -21.78589074 -1.27442201 -14.09641553 -13.93486563 -60.50683386 -24.93394458 -54.78415117 -19.5068981 -15.02023123 6.1596341 8.82046368 1.7178547 -30.78893685 -20.41779848 25.33042733 -52.65953746 66.15857956 55.46612719 -18.35976387 24.00016985 4.36960055 -56.45717805 17.19625485 41.10481209 44.28081069 -10.26144781 -16.22994329 -6.32837651 -14.39108995 -16.56596865 -4.36268895 -13.1099521 -0.42976023 -80.75846491 4.58291833 -45.6622613 70.18229167 0.955364 7.38713639 -11.34788221 42.24668164 7.61200855 -8.55335845 13.07873528 15.39025593
0.07509693 0.9042868 0.22449485 22.49064439 -32.81002498 25.95387698 11.87252816 -1.73062933 -0.14907129 20.46803064 -1.99684012 0.76734949 18.56940006 -2.25559547 0.73763206 -9.80193006 -8.4577024 -7.07574828 -42.88779972 -49.05394724 7.23860388 4.59445828 -0.3004686 -6.39118548 -21.99486538 -1.07620768 -14.05253226 -14.30477946 -60.42913164 -25.030423 -54.78415065 -19.50689728 -15.02023116 6.2870262 8.80217516 1.73321396 -30.44801229 -20.22925451 25.69933574 -52.67037517 66.14916212 55.47545664 -18.49113941 23.60470558 5.56013567 -56.15090511 17.36890287 41.18663651 43.56957321 -10.03937415 -16.01717205 -6.09919725 -13.59231175 -17.26994962 -4.35799819 -13.10939681 -0.42773291 -81.56005902 4.82012974 -44.85110566 70.52849601 0.58356493 7.62811953 -10.81001967 42.98628901 6.70102716 -8.28925163 12.588547 14.85777185
0.07154541 0.90363602 0.2187077 23.02034577 -33.28287226 26.66218462 12.02541822 -1.81612105 -0.03306342 20.64051887 -2.16652596 1.01584347 18.66151724 -2.425048 0.97604147 -9.83520287 -8.67463404 -6.87167932 -43.81682777 -49.72498534 6.36646498 4.84194287 -0.79613641 -6.08699278 -22.46040642 -1.12412974 -14.21140702 -14.66330022 -60.33072165 -25.1133928 -54.78415112 -19.50689812 -15.02023178 6.41117773 8.7655655 1.78942888 -30.1808169 -20.0576035 25.87479831 -52.30439769 66.01183371 55.07264501 -18.76549298 23.32937314 6.76451777 -55.8265566 17.48948488 41.01850998 42.84024393 -9.80286115 -15.76179629 -5.82457169 -12.85273435 -17.92878224 -4.3495905 -13.10871433 -0.42492694 -82.2361949 5.09996123 -44.28475011 70.85432281 0.21270385 7.87491695 -10.37428042 43.69220909 5.93069 -8.07543773 12.03793344 14.41522374
0.06844496 0.90314499 0.21354162 23.4712407 -33.62784766 27.27543453 12.18579236 -1.87424615 0.07531098 20.83400514 -2.29128853 1.24546781 18.77447719 -2.54844676 1.19635199 -9.84805213 -8.87673118 -6.65276159 -44.81927328 -50.27766249 5.39238308 5.07958575 -1.23551042 -5.78557221 -22.99406065 -1.26805173 -14.49473226 -15.05835742 -60.31590542 -25.23841149 -54.78415164 -19.50689886 -15.02023191 6.53898511 8.73768192 1.86033343 -30.0131387 -19.74763429 25.88808861 -51.63407299 65.76472845 54.33577334 -19.14202587 23.11544377 7.89412332 -55.5682461 17.67281206 40.91437125 42.13811159 -9.50377707 -15.60876911 -5.48226355 -12.40884622 -18.44418844 -4.3339377 -13.10795148 -0.42048879 -82.80015754 5.33664883 -43.8616111 71.1340056 -0.17443669 8.12530267 -9.99462655 44.37311664 5.26000616 -7.91370515 11.48762166 14.06739826
0.0658286 0.90254746 0.20907319 23.87383936 -33.92897351 27.76346347 12.34669331 -1.91642488 0.18077396 21.02624315 -2.39087528 1.45648139 18.88550265 -2.64933913 1.39880743 -9.86031506 -9.03216996 -6.49787776 -45.86765339 -50.68981405 4.40654278 5.29276197 -1.54797725 -5.5227033 -23.34717317 -1.41577488 -14.76745844 -15.50980241 -60.41986131 -25.42879344 -54.78415132 -19.50689846 -15.0202317 6.67724639 8.74457328 1.87453416 -29.94694896 -19.2443006 25.81335459 -50.93355112 65.49822726 53.56430248 -19.54694941 22.80845723 8.84207016 -55.45207462 17.92114806 41.05612515 41.5608353 -9.15938144 -15.6106424 -5.11559563 -12.32534437 -18.79045118 -4.31703676 -13.10710694 -0.41578487 -83.28875214 5.48650051 -43.50831167 71.39748609 -0.58262147 8.37963841 -9.65213801 45.03458583 4.65640556 -8.0665584 10.90935655 13.58588679
0.06373904 0.9015287 0.20527604 24.23494497 -34.1958882 28.12584327 12.49346327 -1.95585862 0.28872929 21.20016274 -2.48317043 1.65678408 18.97664559 -2.74883262 1.59092991 -9.89299408 -9.12312787 -6.48940291 -46.99258789 -50.99785247 3.44230645 5.47313091 -1.69660301 -5.32685791 -23.38702015 -1.6208943 -14.9246691 -15.9894401 -60.57621737 -25.65238151 -54.78415122 -19.50689831 -15.02023161 6.82800664 8.79920495 1.76311409 -29.97067492 -18.64156207 25.72391548 -50.51542526 65.3299682 53.10206508 -19.97667596 22.31002762 9.53074401 -55.51291195 18.15761125 41.42986647 41.20182844 -8.82296235 -15.73505858 -4.78457925 -12.501661 -18.99307601 -4.30806047 -13.10463437 -0.41273863 -83.7448639 5.56603983 -43.22471269 71.69754648 -1.00744366 8.63999367 -9.34885142 45.67861226 4.1074714 -8.23804627 10.38711276 13.15525972
0.06219536 0.89984009 0.20202309 24.53719687 -34.37754506 28.3904638 12.62581156 -1.99756712 0.39170857 21.35375558 -2.56293069 1.84385697 19.04613879 -2.84078341 1.77039145 -9.95691216 -9.16069679 -6.63860456 -48.28159072 -51.24810192 2.43473291 5.62574361 -1.70839583 -5.18968944 -23.23521993 -1.96819931 -14.95400213 -16.4645337 -60.71798817 -25.87191165 -54.78415207 -19.50689963 -15.02023234 6.99533115 8.89422187 1.52851033 -30.05109092 -18.0782821 25.62946539 -50.49585207 65.31120751 53.07817783 -20.5461247 21.6422779 9.99122531 -55.74520292 18.30213943 41.8999087 41.10330433 -8.539647 -15.92059458 -4.52120466 -12.79792793 -19.09266169 -4.30729083 -13.10172725 -0.41144099 -84.2128099 5.63710881 -43.07287108 72.09468205 -1.4411532 8.90891347 -9.09750644 46.30569297 3.61013378 -8.39082592 9.9291471 12.76652954
0.06154796 0.89790802 0.19940979 24.77152404 -34.41627182 28.58628309 12.75356529 -2.02118524 0.47848128 21.49761118 -2.60386824 1.99582904 19.10548205 -2.89345812 1.91588098 -10.05073342 -9.165354 -6.86656992 -49.74335053 -51.40490207 1.33784302 5.76771738 -1.66491793 -5.0673776 -23.21059423 -2.44085104 -14.92246789 -16.95023286 -60.87534351 -26.10514211 -54.78415097 -19.5068978 -15.02023109 7.17099121 9.01122942 1.25070622 -30.14976409 -17.62082785 25.47809326 -50.70379959 65.37878029 53.30479545 -21.35196469 20.8797823 10.37584255 -56.13593345 18.34998427 42.22883845 41.22539233 -8.39297816 -15.9835488 -4.35982509 -13.04110457 -19.14898834 -4.30978283 -13.09868253 -0.41081727 -84.67636433 5.71340736 -43.11798257 72.50794837 -1.90125713 9.18244526 -8.86706096 46.91336179 3.18651544 -8.56130875 9.54132944 12.46254809
0.06176671 0.89597397 0.19744682 24.92843725 -34.26849626 28.72972603 12.88953498 -2.02293593 0.52517508 21.64838887 -2.58342411 2.08926394 19.17240945 -2.87885628 2.00469425 -10.17003528 -9.12198115 -7.06734653 -51.18676591 -51.26321228 0.27219188 5.91546344 -1.64127755 -4.91761183 -23.59558062 -2.95366281 -14.91430248 -17.49119177 -61.12560863 -26.40353534 -54.7841514 -19.50689831 -15.02023133 7.34841113 9.13870651 1.01418948 -30.26598375 -17.23581782 25.22793904 -50.80374058 65.40589707 53.41260589 -22.29832576 20.07473503 10.82802476 -56.56856872 18.24240463 42.3246407 41.47863129 -8.28350208 -16.01925037 -4.25453279 -13.21056566 -19.14334882 -4.31336746 -13.09560552 -0.41022066 -85.06638833 5.890375 -43.23198147 73.01066393 -2.45620261 9.50736449 -8.71015898 46.88521871 2.79445708 -8.7585354 9.6965954 12.41659428
0.06295286 0.8945594 0.19624798 25.00904244 -33.93918078 28.77621903 13.04665542 -1.9900697 0.54299281 21.82600527 -2.50456023 2.12636745 19.26683208 -2.79932841 2.03955445 -10.30761814 -8.96292115 -7.17925561 -52.32311161 -50.44943834 -0.53200353 6.07264692 -1.65202488 -4.73365561 -24.42674845 -3.47603591 -14.97561114 -18.08912265 -61.46089562 -26.76897224 -54.78415089 -19.50689751 -15.02023133 7.53140323 9.2761736 0.83961999 -30.44449964 -16.83157545 24.90440908 -50.54338632 65.29832296 53.12415722 -23.12520864 19.27789476 11.32251057 -56.97953948 17.96679158 42.18170426 41.76525329 -8.15853274 -16.05610395 -4.17999007 -13.35369969 -19.06955408 -4.31687083 -13.09216797 -0.4098074 -85.34379696 6.10303298 -43.44659548 73.22868734 -2.61945165 9.64762167 -8.64333377 46.8613485 2.74368039 -8.86257185 9.72583619 12.45002057
0.06494305 0.8938752 0.19586113 25.00082297 -33.44436579 28.6608855 13.23147639 -1.93576656 0.55127595 22.04515958 -2.3921787 2.13505227 19.40275909 -2.68416428 2.04902998 -10.43677852 -8.6009507 -7.19347258 -53.01650484 -48.50240035 -0.9822987 6.23212577 -1.66504221 -4.53915433 -25.49053425 -4.05678113 -15.09496256 -18.67812384 -61.76507854 -27.1265866 -54.78415205 -19.50689955 -15.02023233 7.71817583 9.42203619 0.687964 -30.72562228 -16.33116517 24.58833423 -49.93499646 65.05494642 52.45192468 -23.62625197 18.58812432 11.70245781 -57.38823354 17.55913241 41.88649115 42.05076981 -8.01398635 -16.09512758 -4.10559673 -13.54320867 -18.91443303 -4.32134727 -13.08862381 -0.40974778 -85.41899012 6.30494419 -43.73884135 73.16520062 -2.52796147 9.63870413 -8.71779745 46.82372374 3.07151178 -8.9169257 9.45339434 12.60194196
0.06753732 0.89386261 0.19629719 24.89409688 -32.80521983 28.34668592 13.43602584 -1.87735956 0.5559046 22.29546038 -2.27127948 2.1362375 19.56885694 -2.56241517 2.05082178 -10.49736127 -7.97313844 -7.12280499 -53.35324285 -44.98921138 -1.2282144 6.38884351 -1.66050856 -4.35494179 -26.50265283 -4.71375679 -15.21529919 -19.1947895 -61.94567969 -27.4049911 -54.78415178 -19.50689918 -15.020232 7.90695398 9.56678327 0.50677404 -31.09418021 -15.76175761 24.36594584 -49.23524206 64.76722187 51.67740477 -23.80781153 18.0937479 11.90297526 -57.85096878 17.08635121 41.55155871 42.36144714 -7.83445678 -16.13642066 -4.00605595 -13.88451593 -18.65643008 -4.32333094 -13.08506808 -0.40895856 -85.27789886 6.44351879 -44.02177719 72.93023282 -2.36636014 9.47779669 -8.99511038 46.53429955 3.74450174 -8.85755589 9.1079944 12.80610642
0.07068043 0.89429092 0.19756456 24.69491932 -32.03996821 27.85932115 13.63653941 -1.81971006 0.55619429 22.53403646 -2.15494186 2.11825139 19.72219396 -2.44737154 2.03517348 -10.41506541 -7.06134619 -6.99144402 -53.45699196 -39.6880788 -1.46240046 6.54694646 -1.65977695 -4.17684066 -27.30636037 -5.32918064 -15.26627035 -19.66252715 -62.05135697 -27.63167695 -54.78415209 -19.50689955 -15.02023254 8.09567958 9.70281423 0.26128367 -31.47590305 -15.28129716 24.28987832 -48.78356407 64.5733098 51.17597362 -23.8317514 17.75331561 12.06619418 -58.41460095 16.62574481 41.22958786 42.72609813 -7.67848891 -16.16975488 -3.89024657 -14.40928867 -18.28210488 -4.32422289 -13.08139714 -0.40751946 -84.92451188 6.52618799 -44.41208397 72.58455813 -2.18712237 9.31039923 -9.39725133 46.15253605 4.61777334 -8.88295337 8.71571203 13.08160397
0.07440959 0.89487495 0.19978292 24.41234308 -31.15238263 27.26884719 13.81036901 -1.76659199 0.53265305 22.71611868 -2.0507921 2.05037644 19.81815038 -2.34274988 1.96952409 -10.15635088 -5.90857955 -6.84234921 -53.35176884 -32.85415267 -1.69304502 6.71310846 -1.69001464 -3.98928062 -27.93630257 -5.70960029 -15.20206096 -20.17657132 -62.2265447 -27.91483817 -54.78415213 -19.50689978 -15.02023214 8.28810502 9.83461835 -0.06008381 -31.77117854 -15.06651246 24.36097657 -48.83250306 64.5861667 51.22854662 -23.83041349 17.40809587 12.36973335 -59.04802112 16.2024752 40.92142695 43.18044737 -7.52385712 -16.28253853 -3.76430981 -15.1263194 -17.75146435 -4.32571206 -13.07770648 -0.40551315 -84.46519044 6.63544287 -44.92171143 72.32682984 -2.01398964 9.14153293 -9.96984402 45.72305502 5.33671149 -8.95773287 8.31861998 13.41633416
0.07881213 0.89546349 0.2031036 24.05169505 -30.13921502 26.62273166 13.95841016 -1.72034198 0.47213045 22.83983384 -1.96482564 1.9176733 19.85518491 -2.25109657 1.83818385 -9.77868457 -4.64012841 -6.73078926 -53.01933213 -25.39634472 -1.74508825 6.88496772 -1.73778633 -3.79673777 -28.51668791 -5.78974974 -15.01322414 -20.80091617 -62.55275893 -28.32678996 -54.78415171 -19.50689909 -15.02023203 8.4864411 9.97421732 -0.45939887 -31.90100602 -15.16133971 24.53958835 -49.45363623 64.83309915 51.91405794 -23.77968035 16.97707367 12.76278613 -59.74874562 15.82355679 40.54204492 43.77200423 -7.42905017 -16.40010287 -3.68320225 -15.9346927 -17.09783309 -4.33014237 -13.07372833 -0.40322114 -83.87260236 6.78928629 -45.60362648 72.07166937 -1.81941459 8.97021447 -10.66221346 45.21950497 6.14179714 -9.06846163 7.94011094 13.81078765
0.08390462 0.89607742 0.20753598 23.63564308 -29.00986275 25.91734738 14.10426266 -1.6792525 0.38684971 22.9477735 -1.89534616 1.7383357 19.87591125 -2.1727387 1.65993122 -9.42204056 -3.44278848 -6.71844231 -52.50876507 -18.66951386 -1.44456222 7.04451416 -1.7310619 -3.63764478 -29.10247145 -5.75406987 -14.71617795 -21.48128076 -62.93990264 -28.80596078 -54.78415167 -19.50689892 -15.02023161 8.69613828 10.13392786 -0.97145565 -31.85849142 -15.48169868 24.80525073 -50.55292187 65.25569146 53.12514208 -23.55106145 16.61972451 12.96380266 -60.48944739 15.4357833 40.08742799 44.50839056 -7.35624129 -16.54337706 -3.64973273 -16.79131289 -16.32677016 -4.36667325 -13.06955204 -0.40127898 -83.13963017 6.95912425 -46.43169308 71.80989857 -1.61297334 8.79547884 -11.47436835 44.64689659 7.0059737 -9.22887498 7.56398427 14.26933332
0.08961255 0.89681793 0.21289745 23.22663996 -27.79989204 25.13075561 14.26798756 -1.64060728 0.30850055 23.07555665 -1.83857961 1.55106278 19.91541977 -2.11150482 1.47486345 -9.22607514 -2.47644908 -6.87468739 -51.97653995 -13.82352325 -0.78631614 7.16082769 -1.56222028 -3.55021939 -29.63381649 -5.88805472 -14.37572601 -22.04232978 -63.16185607 -29.15587388 -54.78415168 -19.50689896 -15.02023195 8.92352731 10.32923135 -1.69625532 -31.74567268 -15.96391525 25.21390661 -51.98167686 65.77389369 54.6943324 -23.08774152 16.60760221 12.75074021 -61.29326761 15.01137233 39.62913541 45.35774438 -7.27252278 -16.70963504 -3.65471245 -17.73892382 -15.46511559 -4.52042677 -13.0658427 -0.39971016 -82.28031134 7.0720189 -47.30746401 71.51496348 -1.4178847 8.61471128 -12.39446815 44.01553243 7.86967473 -9.46036317 7.15559064 14.79142053
0.09548607 0.89743042 0.21880859 22.89016412 -26.55837364 24.27271166 14.44075134 -1.61745872 0.25506509 23.21483347 -1.8026598 1.38613934 19.96487894 -2.08255671 1.3141007 -9.23500659 -1.78682649 -7.23090485 -51.63940572 -11.14547641 0.07182198 7.21041689 -1.15936617 -3.51529129 -30.05096393 -6.27840476 -14.12511839 -22.31358455 -63.02741986 -29.18658705 -54.78415162 -19.5068988 -15.02023203 9.17535698 10.57914579 -2.71483441 -31.73647491 -16.61109586 25.83012663 -53.66378643 66.33785325 56.53428784 -22.50410385 17.00585531 12.177396 -62.20703289 14.54493164 39.26128326 46.29783869 -7.20904585 -16.8801732 -3.69381038 -18.76962227 -14.56623285 -4.64185404 -13.06178705 -0.39861025 -81.3568432 7.0950925 -48.1328658 71.21215639 -1.23293969 8.42874279 -13.40703641 43.32823744 8.73383382 -9.72998775 6.70864398 15.32932826
0.10143042 0.89799171 0.22521812 22.6407496 -25.33456933 23.3655721 14.61190298 -1.61304497 0.2221127 23.34153863 -1.7970411 1.23900299 20.00018459 -2.09292252 1.17175118 -9.3754266 -1.30890006 -7.69797566 -51.64842982 -9.97983518 0.95056413 7.20532495 -0.58040937 -3.45924902 -30.41308217 -6.73127701 -14.05847767 -22.32342323 -62.58128345 -28.92941712 -54.78415164 -19.50689894 -15.0202319 9.45252672 10.88761712 -3.92073714 -31.95620733 -17.35085518 26.55701719 -55.59003916 66.92671209 58.63223168 -22.01609174 17.55791793 11.46549408 -63.17725796 14.03399425 38.97895657 47.29552797 -7.16089145 -17.05199533 -3.78192227 -19.84448658 -13.66342722 -4.72640731 -13.05745896 -0.39764962 -80.38559063 7.00742485 -48.87014514 70.87391063 -1.06115639 8.23645913 -14.46697761 42.59146386 9.58510991 -10.0217558 6.25074661 15.86436755
0.10750221 0.89862526 0.23226952 22.41624499 -24.15652158 22.42131922 14.78264001 -1.60670845 0.17674828 23.46085321 -1.80080557 1.06969551 20.02797459 -2.11044728 1.00653757 -9.51856298 -0.94406151 -8.08399506 -51.97377808 -9.29507679 1.74830678 7.19654739 -0.0159877 -3.33493621 -30.84690763 -7.0396337 -14.08551448 -22.32033815 -62.13003408 -28.66287155 -54.78415158 -19.50689881 -15.02023193 9.74059757 11.22380447 -5.01234281 -32.37876788 -17.95329439 27.11948555 -57.7080701 67.51056645 60.92910687 -21.78207816 17.90660369 10.76270346 -64.08855709 13.47873505 38.71389473 48.33219491 -7.14609243 -17.22431783 -3.94480749 -20.87469311 -12.76957616 -4.85418049 -13.05300684 -0.39678095 -79.33278917 6.80921297 -49.55205478 70.49670843 -0.91961123 8.03628507 -15.54401462 41.81537815 10.39423621 -10.34618506 5.83987002 16.39817462
0.11371399 0.89926086 0.23997657 22.14100457 -23.02514921 21.44343046 14.95167819 -1.5736796 0.08629017 23.59473388 -1.75908762 0.83734292 20.07193038 -2.07025678 0.77855868 -9.56331605 -0.6172593 -8.24691636 -52.44902885 -8.31835119 2.41274345 7.23849128 0.35209753 -3.15810556 -31.40504067 -7.23258272 -14.02688844 -22.54691155 -61.98802702 -28.66244754 -54.78415208 -19.5068996 -15.02023202 10.01409329 11.53020753 -5.73721177 -32.84361203 -18.20066209 27.29770574 -59.85417909 68.04080989 63.24721428 -21.82973772 17.87556166 10.10710198 -64.86668894 12.89480366 38.43182299 49.40814762 -7.17810076 -17.40312353 -4.18768142 -21.8492889 -11.88349864 -5.0514798 -13.04887672 -0.3960105 -78.15841878 6.51383675 -50.23438978 70.09074964 -0.79840138 7.82926764 -16.61956429 41.00206143 11.18251259 -10.68497258 5.51040648 16.91996172
0.12017112 0.89986374 0.24816646 21.8031301 -21.92028124 20.44325473 15.11784386 -1.48481309 -0.04690143 23.73538431 -1.62291389 0.53832196 20.1250471 -1.92264212 0.48652341 -9.4791364 -0.27838487 -8.20130568 -52.91798793 -6.71287533 2.88594488 7.34696703 0.48681225 -2.96492067 -32.02121579 -7.50335446 -13.84098325 -23.05595906 -62.216664 -28.98944067 -54.78415157 -19.50689891 -15.02023159 10.25530297 11.75533462 -6.09568252 -33.18150814 -18.10164635 27.10615215 -61.83172306 68.47994089 65.37602804 -22.15830015 17.53680477 9.60455052 -65.54198877 12.32936304 38.12131099 50.5038334 -7.31029352 -17.56428654 -4.48378149 -22.754547 -10.98715283 -5.26376317 -13.04469719 -0.39530673 -76.87051561 6.13363498 -50.93161625 69.64923226 -0.69878822 7.61502011 -17.66977131 40.15805162 11.9514888 -11.03438878 5.25559233 17.43467598
0.12685669 0.90032738 0.25650544 21.43781773 -20.80073295 19.45250688 15.26558013 -1.3422749 -0.19647246 23.84795027 -1.39251721 0.20814059 20.15209294 -1.67377456 0.16730071 -9.3009694 0.11005345 -8.06001884 -53.30096964 -4.41560023 3.13501601 7.49750573 0.48010291 -2.76521583 -32.59337539 -7.97310502 -13.64374097 -23.74156097 -62.65656181 -29.52308966 -54.78415125 -19.50689812 -15.02023157 10.46440328 11.88234376 -6.26271838 -33.34701532 -17.85271904 26.70794344 -63.5464735 68.82549306 67.2169873 -22.80394104 17.07451675 9.45617283 -66.2766842 11.87626126 37.68324769 51.50300998 -8.09212597 -17.51815722 -4.81558557 -23.01089349 -10.06793012 -5.46586061 -13.04035695 -0.39465545 -75.51804683 5.70266548 -51.64590325 69.1804598 -0.61628982 7.39409594 -18.6889137 39.28693161 12.71001867 -11.38127492 5.04069526 17.93891902
0.13356711 0.90060333 0.26476484 21.05294606 -19.61509433 18.50147598 15.39093212 -1.17803872 -0.34089537 23.92441516 -1.12091194 -0.10983822 20.14366071 -1.38171001 -0.13763567 -9.08937335 0.56570122 -7.92354808 -53.5711179 -1.53394745 3.21538761 7.65874188 0.43634482 -2.56507019 -33.10796519 -8.58251643 -13.5618403 -24.47185713 -63.13130563 -30.11379525 -54.78415154 -19.50689881 -15.02023198 10.65323698 11.93563212 -6.38984274 -33.435996 -17.6264206 26.25944737 -65.02595907 69.09932885 68.80213135 -23.69312402 16.62558899 9.70884976 -66.99287173 11.49271582 37.1297754 52.44985386 -9.01394508 -17.4082328 -5.11758005 -23.11513588 -9.13318672 -5.68306696 -13.03601246 -0.3941006 -74.11637024 5.25347792 -52.40736689 68.70730893 -0.54315618 7.16782253 -19.69995463 38.38888955 13.47494026 -11.71487281 4.83506643 18.41861604
0.14006221 0.90092194 0.2729476 20.60731336 -18.33442533 17.59105732 15.51496825 -1.02392168 -0.47460659 24.00422439 -0.87060779 -0.39849443 20.13838721 -1.11052625 -0.41417222 -8.87926787 1.06606678 -7.83705662 -53.71144607 1.61751105 3.24313674 7.81927588 0.39720493 -2.3648377 -33.67546339 -9.17402576 -13.63441257 -25.18493162 -63.56961122 -30.6922277 -54.78415116 -19.50689805 -15.0202316 10.83581314 11.96288189 -6.5265752 -33.57082456 -17.45817266 25.86528154 -66.30898783 69.31969207 70.17452996 -24.55113876 16.22962732 10.1156368 -67.58703919 11.16029669 36.40082364 53.32706083 -9.87408165 -17.23528279 -5.38504369 -23.22140742 -8.23456399 -5.91958829 -13.03168513 -0.39358967 -72.61602473 4.76489148 -53.24539303 68.23483381 -0.49343875 6.93522933 -20.73254536 37.47085599 14.22268438 -12.05422561 4.62998171 18.86278564
0.14607872 0.90148049 0.2810179 20.0736483 -16.9835474 16.70362017 15.65710644 -0.8879984 -0.61009662 24.12599588 -0.659402 -0.67849659 20.17456889 -0.87669877 -0.68388704 -8.65616452 1.53903644 -7.77737897 -53.67483856 4.54028821 3.29825484 7.9864344 0.34377863 -2.16421838 -34.4231946 -9.62182978 -13.80706069 -25.9059589 -64.00177274 -31.28711396 -54.7841505 -19.50689677 -15.0202314 11.02249319 12.00482951 -6.65798608 -33.77543326 -17.28888876 25.58109974 -67.36008318 69.4890683 71.29740335 -25.14395996 15.8850141 10.37018095 -68.01984933 10.8824374 35.48416249 54.12226901 -10.66799884 -16.91520332 -5.64809892 -23.31654674 -7.44143686 -6.14906795 -13.02738418 -0.39315291 -70.98925687 4.18519735 -54.12641507 67.75767401 -0.48262563 6.69489402 -21.78627363 36.54373971 14.92382913 -12.41032632 4.43719464 19.25432607
0.15145461 0.90228561 0.28877008 19.50168727 -15.64417757 15.82442018 15.81354688 -0.75176694 -0.76722382 24.28040238 -0.45079966 -0.99048077 20.24348207 -0.64039799 -0.98551577 -8.39210259 1.90247667 -7.70516342 -53.38768642 6.73885883 3.40594963 8.16695951 0.25170669 -1.96240533 -35.35620817 -9.90250834 -13.98028639 -26.69521957 -64.48557922 -31.96560592 -54.78415121 -19.50689796 -15.02023137 11.2166674 12.076685 -6.76252115 -33.96397637 -17.05475109 25.41612972 -68.12814692 69.60689119 72.11721524 -25.56664119 15.60867781 10.38008916 -68.31691246 10.64034632 34.53881038 54.81271833 -11.42619553 -16.52855681 -5.88212118 -23.3949659 -6.73115619 -6.35226846 -13.0230803 -0.39277662 -69.30202306 3.47974803 -54.93264823 67.25913752 -0.51344851 6.44605954 -22.81421914 35.6209561 15.56231288 -12.7690639 4.27431923 19.57656309
0.15618197 0.90317711 0.29596911 18.98906231 -14.40762876 14.94882606 15.97151489 -0.59582981 -0.95881516 24.43494434 -0.20402176 -1.36080937 20.31315547 -0.35745104 -1.34337968 -8.11265661 2.1227527 -7.59235022 -52.83659674 7.96170942 3.61513859 8.34856528 0.14939399 -1.76117528 -36.35574609 -10.08914432 -14.101954 -27.54573561 -65.0059049 -32.719532 -54.7841525 -19.50690063 -15.02023189 11.41662549 12.16903194 -6.86439959 -34.04617509 -16.7496842 25.37520767 -68.6761456 69.68826581 72.70178541 -26.11630632 15.43932643 10.22482897 -68.60780733 10.45084718 33.75189156 55.42694184 -12.18903368 -16.12817786 -6.06379826 -23.46235667 -6.06105953 -6.52531335 -13.01879214 -0.3924407 -67.67639456 2.66200521 -55.5343363 66.72541755 -0.57226103 6.18926804 -23.75790017 34.71332768 16.14457035 -13.10118795 4.15270313 19.82022924
0.16034532 0.90401222 0.30254379 18.59515103 -13.30165127 14.07693354 16.13460633 -0.42445496 -1.17918847 24.5866544 0.0751496 -1.77838706 20.38038558 -0.03385391 -1.74696525 -7.90270987 2.24322438 -7.4766084 -52.16397596 8.3288018 4.00376143 8.5051131 0.10885251 -1.56662321 -37.31288289 -10.27090959 -14.22951262 -28.32028569 -65.43987833 -33.39774071 -54.78415232 -19.50689976 -15.0202311 11.61936327 12.25938982 -7.04130886 -34.02566219 -16.43605255 25.48487049 -69.20776402 69.76495444 73.26862963 -26.89565849 15.39103905 9.99646113 -68.97697122 10.31088312 33.20263117 55.98774291 -12.97368155 -15.76088201 -6.17925894 -23.52810424 -5.39474754 -6.68141019 -13.01446423 -0.39215365 -66.18246854 1.77300015 -55.88903521 66.15932813 -0.64561188 5.92567709 -24.60430436 33.82548925 16.68645944 -13.39260406 4.06351382 19.98696472
0.16404276 0.90476425 0.30858383 18.30243493 -12.25119687 13.20909347 16.31451428 -0.25985845 -1.40786438 24.75543751 0.34387787 -2.2030013 20.46424678 0.28373779 -2.15872503 -7.81116669 2.33235344 -7.399948 -51.63709513 8.2537388 4.5535481 8.63215371 0.14741763 -1.38331765 -38.19761734 -10.45192185 -14.45284406 -28.87178381 -65.67973908 -33.84022479 -54.78415083 -19.5068974 -15.02023212 11.82157195 12.32764432 -7.33059796 -33.96528289 -16.17938177 25.71405265 -69.9168114 69.86340567 74.0242131 -27.69961725 15.40887439 9.78933414 -69.41934121 10.18122118 32.77723893 56.50222215 -13.76231751 -15.40315907 -6.23973116 -23.59386239 -4.7498274 -6.85990149 -13.01012326 -0.39191912 -64.78583171 0.84375829 -56.06806233 65.58261474 -0.73950839 5.65553572 -25.41027339 32.95606777 17.19467429 -13.66173345 3.96208873 20.08743753
0.16736708 0.90549301 0.31416945 18.06077745 -11.11724513 12.34351344 16.50034775 -0.11593798 -1.62664668 24.93093306 0.57413779 -2.59865164 20.55376 0.56490072 -2.54454092 -7.75748831 2.40681095 -7.30037005 -51.47735396 8.18361365 5.09818181 8.77388676 0.15218141 -1.19719643 -38.96857538 -10.53956097 -14.73676587 -29.288449 -65.81589802 -34.14545653 -54.78415148 -19.50689844 -15.02023171 12.01732768 12.37167447 -7.61292754 -33.91058792 -15.97191637 25.87392992 -70.76482807 69.97658247 74.92730863 -28.31279329 15.40016864 9.72078676 -69.89238883 10.01813059 32.27580245 56.95504508 -14.53077228 -15.00776134 -6.2449684 -23.64832378 -4.15358055 -7.08904439 -13.00603204 -0.39172491 -63.39688495 -0.12085083 -56.18556035 65.02370971 -0.88530783 5.37742694 -26.27303131 32.10223537 17.65666884 -13.95018356 3.76999824 20.13438744
0.17030434 0.90619019 0.31933686 17.84875821 -9.78722119 11.47657274 16.65800492 0.01243371 -1.83699332 25.06470156 0.77986209 -2.96013256 20.60037364 0.82568595 -2.89860933 -7.58815745 2.42608524 -7.02810425 -51.70601515 8.32620982 5.48066641 8.99073836 -0.04202792 -0.99456338 -39.50653625 -10.4448142 -14.90930134 -29.92329847 -66.13136631 -34.70078751 -54.78415143 -19.50689813 -15.02023172 12.19929708 12.40778031 -7.66524896 -33.81788017 -15.71976167 25.7267646 -71.43167471 70.06386474 75.63725901 -28.78417675 15.3300929 9.8668275 -70.39424125 9.80560914 31.55965539 57.34543352 -15.25837818 -14.51868016 -6.18930934 -23.69720442 -3.63378862 -7.30390798 -13.00232558 -0.39157098 -61.95284624 -1.13020184 -56.30911044 64.5106397 -1.11764396 5.08963501 -27.28094812 31.26022427 18.06077056 -14.29015397 3.41255263 20.13263519
0.17277161 0.90680328 0.32410398 17.6829429 -8.24849915 10.59496647 16.7684914 0.14117902 -2.04560927 25.1275778 0.99314211 -3.30528717 20.57524511 1.09902164 -3.23614119 -7.24740175 2.3696618 -6.52684649 -52.15695511 8.57627282 5.74614802 9.28998079 -0.46305732 -0.76955397 -39.73551835 -10.18000401 -14.86703699 -31.09477049 -66.83452217 -35.85144734 -54.78415128 -19.50689789 -15.02023138 12.36540494 12.45073473 -7.40005159 -33.61683261 -15.3799196 25.23419443 -71.60809045 70.08990143 75.82529431 -29.32713616 15.25431356 10.21790202 -70.96365431 9.57329091 30.65964911 57.67211431 -15.99753503 -13.93410207 -6.05360281 -23.74074261 -3.17226829 -7.46492875 -12.9983438 -0.39143444 -60.45065378 -2.20274805 -56.41494476 64.05143283 -1.45905232 4.79074169 -28.46224942 30.4311429 18.39994193 -14.69230252 2.86506977 20.07188754
0.17462461 0.90724838 0.32854529 17.5832096 -6.57688061 9.68251133 16.85374814 0.27656677 -2.24564542 25.15157395 1.22507966 -3.64351751 20.5111807 1.38926961 -3.56412728 -6.84412957 2.29008453 -5.95278438 -52.62709661 8.68357706 6.13171815 9.60294968 -0.93328953 -0.53659621 -39.76752927 -9.8539859 -14.73481067 -32.77318917 -67.81985646 -37.55708838 -54.78415124 -19.50689785 -15.02023158 12.5241624 12.49941753 -7.00516668 -33.294436 -15.06539585 24.643204 -71.364835 70.06552915 75.56699318 -30.01545417 15.23478596 10.69971327 -71.63266047 9.36364885 29.71006109 57.95107352 -16.82924111 -13.27749058 -5.83965504 -23.7818169 -2.74401293 -7.608461 -12.99449927 -0.39132834 -58.93729018 -3.29440258 -56.46661728 63.61262302 -1.7447397 4.49192965 -29.48827266 29.61288739 18.83294947 -15.14258048 2.16735887 19.93226488
0.17579214 0.9074366 0.33274276 17.5466937 -4.86393529 8.73125099 16.95671291 0.40997671 -2.4182291 25.20246743 1.45714854 -3.96240051 20.47474513 1.66791628 -3.86980771 -6.51886052 2.26056621 -5.53330619 -53.01191736 8.46780805 6.8504058 9.84706082 -1.23262817 -0.32560303 -39.84023151 -9.58880577 -14.73631076 -34.58070912 -68.78147995 -39.40307663 -54.78415258 -19.50690016 -15.02023102 12.68919958 12.54680824 -6.76861475 -32.92384785 -14.94335048 24.25992792 -71.11512475 70.04048291 75.30183695 -30.67809919 15.25701861 11.18111817 -72.39572073 9.19253943 28.82661201 58.21950278 -17.77616577 -12.58231733 -5.56842485 -23.81819252 -2.33395197 -7.78416109 -12.9907139 -0.39124675 -57.46512531 -4.30999813 -56.47222134 63.15608098 -1.6761423 4.21391508 -29.86573216 28.80065618 19.60553999 -15.61624789 1.38739772 19.70016399
0.17639883 0.90727371 0.33667541 17.55873933 -3.16134289 7.74800752 17.10256967 0.52970539 -2.55503632 25.32259534 1.66576067 -4.24731322 20.50879362 1.90863464 -4.14030985 -6.29715168 2.2875895 -5.32682423 -53.31623964 7.89357884 7.8833648 10.00241368 -1.3016989 -0.14181308 -40.11959604 -9.44182124 -14.93900878 -36.15871761 -69.52969414 -41.00607964 -54.7841506 -19.50689651 -15.02023139 12.86730526 12.59411425 -6.78617218 -32.60588319 -15.03301547 24.16272304 -71.19896013 70.05704772 75.39155886 -31.10410522 15.24784729 11.51606382 -73.2298889 9.0407403 28.03339473 58.52093938 -18.7869253 -11.87354093 -5.26449016 -23.85216445 -1.94050357 -7.99449118 -12.98714482 -0.39119761 -56.02181465 -5.35294215 -56.35094736 62.74722268 -1.58357131 3.93411342 -30.24798121 28.01156376 20.39118173 -16.09153829 0.57439885 19.37990542
0.17667725 0.90660568 0.34017261 17.61485715 -1.48735872 6.75527078 17.28608493 0.62960531 -2.6722985 25.50836286 1.84348693 -4.50128514 20.60929604 2.11043528 -4.38070006 -6.10964985 2.30989208 -5.2030206 -53.58006816 7.0295996 9.00035054 10.11204356 -1.25449837 0.02220369 -40.6008959 -9.40272008 -15.20974411 -37.45850372 -70.08797191 -42.31915908 -54.78415169 -19.50689914 -15.02023243 13.05281432 12.64605177 -6.92032722 -32.39692177 -15.17060049 24.18469148 -71.62017142 70.1150529 75.84012251 -31.29741911 15.14159857 11.70444499 -74.13139888 8.87689122 27.28720676 58.89455593 -19.79540952 -11.15472552 -4.94912102 -23.88297106 -1.57678731 -8.23056134 -12.9836715 -0.39116799 -54.63356719 -6.38339999 -56.12873984 62.39185751 -1.4618051 3.65284311 -30.64601643 27.24475878 21.19425291 -16.54125464 -0.24950775 18.98344084
0.17682232 0.9053688 0.34307297 17.72330356 0.13980607 5.77243453 17.48692288 0.71030396 -2.78449701 25.73173722 1.99269927 -4.73504021 20.74807253 2.28187836 -4.60235962 -5.90123047 2.27973668 -5.0479743 -53.81520932 5.99993451 9.9652592 10.22325055 -1.217538 0.18338758 -41.17975383 -9.44527348 -15.39885103 -38.5119295 -70.50687167 -43.37996824 -54.78415115 -19.50689746 -15.02023214 13.23765393 12.70275264 -7.03037059 -32.30566951 -15.18093015 24.15416077 -72.16240651 70.18624784 76.4171882 -31.48463551 14.91786744 11.9665893 -75.10791501 8.69426211 26.55787109 59.34981079 -20.7704983 -10.42643512 -4.62863856 -23.9070925 -1.24775575 -8.49808133 -12.98028017 -0.39113985 -53.33131813 -7.36461113 -55.82506851 62.08826065 -1.30965309 3.37000494 -31.06285677 26.50202354 22.01351968 -16.94699108 -1.07303993 18.52418719
0.17689222 0.90363304 0.34535172 17.88672081 1.69251275 4.80728599 17.68944864 0.77230943 -2.88213664 25.96997346 2.10878214 -4.94445546 20.90291472 2.41703823 -4.80065047 -5.66724734 2.21321205 -4.89665442 -54.00364375 4.95122351 10.68845293 10.34651481 -1.22329224 0.34696212 -41.77180541 -9.56354552 -15.48068573 -39.0916601 -70.71164269 -43.95015485 -54.78415245 -19.50689985 -15.02023144 13.42418664 12.76582812 -7.14664972 -32.33450369 -15.0347538 24.0787827 -72.63082046 70.24728881 76.91561556 -31.86184659 14.61170077 12.49961059 -76.1540282 8.51358642 25.86618686 59.86995691 -21.70774771 -9.70656685 -4.29504429 -23.92296876 -0.93841363 -8.79889527 -12.97710391 -0.39112355 -52.13335805 -8.27989866 -55.44404484 61.8276105 -1.12993292 3.08488974 -31.49048921 25.78946221 22.8402059 -17.30438878 -1.88042846 18.01180282
0.17686899 0.9015258 0.34704338 18.0935035 3.14662857 3.87545736 17.88741454 0.81154063 -2.9508226 26.21399303 2.1812508 -5.11344261 21.0652904 2.50127537 -4.95918867 -5.41552255 2.15435028 -4.84517725 -54.13505827 4.0004631 11.20356134 10.46958073 -1.24551871 0.50944303 -42.35480855 -9.77885798 -15.51171853 -38.87537814 -70.58332753 -43.69035168 -54.78415103 -19.50689766 -15.02023238 13.62185046 12.8412214 -7.38872254 -32.49696092 -14.82542672 24.08389145 -72.96319543 70.29220518 77.26932931 -32.37319362 14.31993581 13.16903514 -77.2360026 8.35591538 25.23441689 60.4262168 -22.57997203 -9.02512201 -3.94145928 -23.93142219 -0.63489705 -9.12141928 -12.97394268 -0.39110813 -51.04668484 -9.11734647 -55.0014764 61.60220072 -0.9253026 2.79707128 -31.9210743 25.11361048 23.66535757 -17.61078859 -2.65041215 17.45421053
0.17687327 0.89923324 0.34816628 18.33936508 4.47010233 3.01505658 18.07879726 0.82798709 -2.99666904 26.45756692 2.21162945 -5.24324229 21.22861114 2.53817886 -5.07984215 -5.15180383 2.1182406 -4.91150168 -54.23823511 3.18336266 11.5614013 10.5895735 -1.27740573 0.66996115 -42.93774881 -10.1160542 -15.5297489 -37.92449796 -70.13505021 -42.66424214 -54.78414991 -19.50689377 -15.02022816 13.83262097 12.92625123 -7.7858373 -32.79793574 -14.64267141 24.23684798 -73.20776447 70.32723633 77.52973097 -32.78658745 14.1759592 13.5858536 -78.29372773 8.21147732 24.67069627 60.97096208 -23.25102585 -8.45010631 -3.56895027 -24.02057502 -0.33540556 -9.42797532 -12.97106501 -0.39109038 -50.09620905 -9.84544892 -54.5297345 61.39612081 -0.70886962 2.50507862 -32.33478088 24.48723948 24.47067325 -17.86541566 -3.35689787 16.87841547
0.17720581 0.8969291 0.34867424 18.64062544 5.59268126 2.28310629 18.26188223 0.8308674 -3.05042231 26.69117343 2.22020117 -5.36470955 21.38229765 2.55658929 -5.19422133 -4.90222716 2.08818951 -5.03368834 -54.36818145 2.47459746 11.77835436 10.71789158 -1.34348733 0.83106385 -43.532368 -10.54468498 -15.53764557 -36.72957662 -69.5562377 -41.38966202 -54.78415009 -19.50689518 -15.02022924 14.04546336 13.00306572 -8.24516078 -33.22475553 -14.49973169 24.4783505 -73.45334542 70.36229728 77.79115192 -32.96338233 14.24647346 13.51194183 -79.21388563 7.94956724 24.31553287 61.40164147 -23.0408102 -8.30538957 -3.12937111 -24.85526006 -0.00325442 -9.65626394 -12.96851424 -0.3910869 -49.35127339 -10.39724617 -54.06574712 61.19288508 -0.50243106 2.20702401 -32.70420173 23.92916354 25.22891425 -18.05572854 -3.95785942 16.33418753
0.17825872 0.89492653 0.34850098 19.01368476 6.41462479 1.71528992 18.43939873 0.83285968 -3.12594416 26.9126934 2.2272468 -5.50810105 21.52343685 2.58260109 -5.33260433 -4.71307863 2.05353774 -5.16473012 -54.55459775 1.87109395 11.85647563 10.8628563 -1.45747733 0.99603508 -44.15757481 -10.95826534 -15.55631301 -35.7426158 -69.05765822 -40.34765051 -54.78415189 -19.5068992 -15.02023265 14.2484433 13.05482661 -8.67157798 -33.76772984 -14.34942252 24.69453797 -73.78307763 70.40601023 78.14183599 -32.98682579 14.44440294 13.09469798 -80.05787626 7.70964125 24.00673978 61.74589125 -22.68561399 -8.26170969 -2.7489561 -25.60965525 0.29648551 -9.77362713 -12.96613578 -0.39105563 -48.88246454 -10.73187499 -53.61678199 60.93709652 -0.33569223 1.89995159 -32.98128131 23.46495318 25.91054712 -18.15732286 -4.39689598 15.8763241
0.18017139 0.89336464 0.34760994 19.44168899 6.86628717 1.32181343 18.62057061 0.83345802 -3.21397035 27.13516511 2.23009688 -5.66638405 21.66542929 2.61051993 -5.48802386 -4.60744157 2.02673989 -5.3080795 -54.76409604 1.43153958 11.81560802 11.0207754 -1.6058509 1.16075921 -44.8346478 -11.26328055 -15.64002604 -35.02803317 -68.69810945 -39.61057842 -54.78415066 -19.50689613 -15.02023007 14.43963493 13.08101048 -9.04664076 -34.42135324 -14.13349736 24.80112064 -74.26983711 70.46502952 78.65908574 -33.02526409 14.58324933 12.70346425 -80.82974362 7.52123688 23.72792151 62.02832456 -22.39768278 -8.20914103 -2.48900967 -26.03296763 0.5238709 -9.81911671 -12.96448794 -0.39105237 -48.71691536 -10.83509446 -53.18116011 60.61259408 -0.22369748 1.58305387 -33.14860769 23.10945759 26.50053598 -18.14795716 -4.63050155 15.53797404
0.18280848 0.89219742 0.34603424 19.86442887 6.9591614 1.08665128 18.81394012 0.82253515 -3.28807896 27.37297591 2.20710107 -5.8003895 21.82343378 2.6108939 -5.62208426 -4.54579413 2.02322634 -5.46751217 -54.91735841 1.22123452 11.69746095 11.18755375 -1.77413554 1.3232998 -45.54682106 -11.49757658 -15.81821296 -34.39879641 -68.38896925 -38.97969521 -54.78415155 -19.50689877 -15.02023237 14.6233486 13.09296064 -9.3883756 -35.14273491 -13.82671724 24.76963954 -74.97579606 70.54358242 79.40861357 -33.12112638 14.50768599 12.61380422 -81.49493201 7.34985402 23.49077795 62.28250679 -22.15723228 -8.13359936 -2.36725921 -26.13522753 0.66363031 -9.85858781 -12.96325264 -0.39115374 -48.80188272 -10.74270923 -52.76236087 60.23670403 -0.16177393 1.2576073 -33.22374399 22.86083184 27.00575548 -18.02289778 -4.65359003 15.31817706
0.18587546 0.89127449 0.34386848 20.20179007 6.76443863 0.98404804 19.01682236 0.79379118 -3.32812522 27.62308443 2.14564984 -5.87585822 21.99436828 2.56598799 -5.70086449 -4.44093346 2.04088499 -5.61478235 -54.93795633 1.2409489 11.54338353 11.36610441 -1.96781174 1.48403116 -46.22656019 -11.80842119 -16.0447792 -33.73767555 -68.06615648 -38.32977031 -54.78415084 -19.50689589 -15.02022995 14.80418783 13.10574189 -9.70010684 -35.82528659 -13.46015947 24.63119089 -75.90794863 70.63897326 80.39753747 -33.13597314 14.19172688 12.83172301 -82.01238626 7.1672703 23.28346526 62.54207277 -21.97737455 -8.01967948 -2.37953606 -25.9287112 0.71139804 -9.90678704 -12.96237543 -0.3922764 -49.03660004 -10.5186662 -52.37390771 59.84407544 -0.13198447 0.92590774 -33.24467117 22.70556483 27.44796766 -17.79098079 -4.48902948 15.19150163
0.18905308 0.89041817 0.34123336 20.38637961 6.34661214 0.99060534 19.21566331 0.75425836 -3.32973769 27.86622678 2.05873996 -5.88495875 22.15930741 2.48819898 -5.71510435 -4.22511754 2.06534997 -5.72099407 -54.79405903 1.43097857 11.36905044 11.55864512 -2.19637973 1.64404401 -46.82125108 -12.2882445 -16.22506351 -33.13981355 -67.7877684 -37.76383494 -54.78415132 -19.50689859 -15.02023204 14.98712353 13.13637194 -9.98515806 -36.34409987 -13.10336467 24.47488244 -76.99024642 70.74071794 81.5448986 -32.88546201 13.75824969 13.13042599 -82.35490403 6.97424965 23.14281783 62.82779044 -21.86372994 -7.88771729 -2.49159974 -25.49081089 0.69508617 -9.93538617 -12.96079447 -0.39612363 -49.33319018 -10.21959942 -52.0254876 59.47235793 -0.11229358 0.59044437 -33.25397544 22.62711818 27.85053678 -17.4571295 -4.15618863 15.12571261
0.1920749 0.88952423 0.33824286 20.37840795 5.73264882 1.08824784 19.39768079 0.71661884 -3.29576238 28.08507288 1.97002771 -5.83569579 22.30114392 2.40183691 -5.67039242 -3.90186661 2.08674254 -5.7903316 -54.51384876 1.72995863 11.16271772 11.76015051 -2.45484097 1.80350967 -47.36313036 -12.8833728 -16.29660775 -32.72791861 -67.63790125 -37.41550516 -54.78415103 -19.5068964 -15.02023034 15.17466834 13.18986615 -10.25962116 -36.64135536 -12.80632322 24.39580976 -78.14854313 70.8402522 82.77200764 -32.32412985 13.38253238 13.25445666 -82.50948402 6.79159291 23.13981695 63.14483003 -21.81500608 -7.76760187 -2.66569959 -24.92804356 0.64827521 -9.92237198 -12.95929464 -0.39517983 -49.64296639 -9.88220403 -51.7116218 59.14687014 -0.08650691 0.25272994 -33.27848826 22.61543397 28.22720743 -17.019638 -3.65842686 15.09504383
0.19475577 0.88853889 0.33496672 20.15732511 4.93904581 1.26422608 19.5600315 0.68665254 -3.22774308 28.27573507 1.89039424 -5.73346191 22.41608278 2.31754995 -5.57096511 -3.52999662 2.10470417 -5.84532924 -54.16860763 2.11502671 10.90685317 11.9652403 -2.73313682 1.96266656 -47.93776304 -13.50526319 -16.27891421 -32.42658266 -67.57672501 -37.20434447 -54.78415035 -19.50689606 -15.02023018 15.35804463 13.23851172 -10.50964659 -36.77059102 -12.54849883 24.40541964 -79.42574191 70.93872928 84.12408697 -31.61492673 13.13772099 13.15757951 -82.46239193 6.62197109 23.29958772 63.49245117 -21.83908486 -7.66597383 -2.89018441 -24.29792291 0.57285564 -9.88637397 -12.95739525 -0.39678116 -49.93974819 -9.52809077 -51.42764308 58.88453803 -0.04443265 -0.086321 -33.33469598 22.66483466 28.58582445 -16.47712014 -2.99965189 15.08116519
0.19698235 0.88742339 0.33142286 19.70774785 4.00081623 1.50810819 19.70664871 0.66197255 -3.12600502 28.44315482 1.8153425 -5.57693578 22.50884237 2.23075403 -5.41618268 -3.15841185 2.12217857 -5.88496359 -53.81811294 2.60173174 10.59371736 12.18337418 -3.04939471 2.12689518 -48.58543793 -14.17250868 -16.22397981 -31.95703983 -67.44617324 -36.84713359 -54.78415033 -19.50689461 -15.02022894 15.51842591 13.24046238 -10.6760159 -36.86045654 -12.25408623 24.4143489 -80.91150661 71.03837307 85.69591022 -31.01468643 12.95633883 13.0390586 -82.15705896 6.39010658 23.64738804 63.84297926 -21.66158123 -7.69668838 -3.13773312 -23.90824917 0.46777222 -9.84281304 -12.95630172 -0.39851818 -50.1951272 -9.1738309 -51.18370634 58.69942831 0.02085954 -0.42619687 -33.43622364 22.77009311 28.93465542 -15.8351088 -2.1990629 15.0691876
0.1986743 0.88615333 0.32759344 19.01883842 2.95982864 1.80682442 19.83786228 0.63807059 -2.99400241 28.58637359 1.73717206 -5.36655476 22.57840486 2.1351775 -5.20779205 -2.78187375 2.13276517 -5.86616295 -53.4597543 3.22773798 10.21178737 12.4333915 -3.4423696 2.30294498 -49.23030075 -14.96177835 -16.10544469 -31.19713174 -67.17488547 -36.22699627 -54.78415135 -19.50689813 -15.0202325 15.6536438 13.19462288 -10.7255162 -37.02616844 -11.86828701 24.33318748 -82.54322165 71.13073743 87.42097972 -30.66771358 12.75226338 13.11307052 -81.54996042 6.04822482 24.16711383 64.17399071 -21.11771414 -7.90818258 -3.39606809 -23.90343738 0.3064658 -9.77219988 -12.95561472 -0.40020979 -50.38129602 -8.83363624 -50.99405057 58.6032862 0.11417956 -0.76674705 -33.59327249 22.92718656 29.28061841 -15.10279596 -1.28421357 15.04595354
0.19976578 0.88471526 0.32345426 18.09707603 1.83578634 2.14051383 19.94517195 0.61097845 -2.83911797 28.68966925 1.64934685 -5.1101884 22.60859948 2.02660818 -4.95473904 -2.36258711 2.12429923 -5.72989097 -53.04106081 4.02411719 9.72906969 12.72721403 -3.93916852 2.49792785 -49.72693824 -15.85657758 -15.78717587 -30.37039036 -66.90082222 -35.58244443 -54.78415143 -19.50689851 -15.02023262 15.78307881 13.15489809 -10.70818378 -37.3049752 -11.4100313 24.16436089 -84.11136323 71.20451243 89.07794843 -30.51251122 12.5242453 13.41562332 -80.68473924 5.67097039 24.73864342 64.53426553 -20.51530594 -8.1354542 -3.70659392 -23.89923135 0.07234209 -9.60122232 -12.95326471 -0.4013381 -50.4908019 -8.5148559 -50.85576261 58.6021215 0.23871794 -1.10792219 -33.8092427 23.13510303 29.62750872 -14.28646139 -0.27835366 14.99926284
0.20016645 0.88307908 0.31903642 16.96903349 0.62489087 2.47613281 20.02154465 0.57553768 -2.66593902 28.73645811 1.5430681 -4.81542954 22.58299446 1.89682763 -4.66567083 -1.88893612 2.09043737 -5.4686905 -52.53192581 4.97174338 9.12430718 13.05966917 -4.53260391 2.71234873 -49.98675225 -16.72650546 -15.15095319 -29.74386475 -66.81934687 -35.20088427 -54.78415284 -19.50690033 -15.02023145 15.92609402 13.16552856 -10.70574762 -37.6684558 -10.93055458 23.96248479 -85.56541796 71.26046397 90.61366105 -30.37987108 12.29697939 13.8787964 -79.58897728 5.24189442 25.3630153 64.91898393 -19.88697876 -8.35432155 -4.07239798 -23.89341924 -0.26276892 -9.25736291 -12.95210547 -0.40330341 -50.53535438 -8.22437573 -50.74008203 58.70106627 0.39644991 -1.44989302 -34.08548713 23.39450906 29.97657696 -13.39130556 0.80002453 14.91647149
0.19975142 0.88123101 0.31444308 15.65798966 -0.67794675 2.76098476 20.07591759 0.52774638 -2.47039365 28.73788825 1.41176986 -4.47752405 22.51290505 1.73684226 -4.33647717 -1.38854924 2.04257478 -5.16114718 -51.96137308 5.98983963 8.4390197 13.40496664 -5.16659576 2.93772328 -50.0345239 -17.45271464 -14.25857462 -29.33935578 -66.95929393 -35.10324981 -54.78415233 -19.50689962 -15.02023162 16.08019688 13.21197067 -10.7429094 -38.07893801 -10.42034017 23.74093099 -87.15956296 71.30619004 92.2967215 -30.12451187 12.00669298 14.45456798 -78.2983372 4.74733862 26.05029693 65.33766939 -19.32241806 -8.52824241 -4.50370828 -23.88311096 -0.7085699 -8.77433129 -12.95108128 -0.40558361 -50.51651566 -7.98797939 -50.60120914 58.90391349 0.58759062 -1.79290777 -34.41837358 23.70880889 30.32598453 -12.43070178 1.93284156 14.78274719
0.19835746 0.87919694 0.30984591 14.15734449 -2.06462735 2.92995854 20.13021075 0.47178177 -2.24425792 28.73453165 1.26443572 -4.08215733 22.4389252 1.55322802 -3.9521009 -0.83562252 2.00107943 -4.91843946 -51.28688753 7.01080972 7.76052051 13.73789585 -5.78253064 3.16296841 -49.94646477 -18.02562837 -13.33839279 -28.93503345 -67.15632251 -35.04459451 -54.78415245 -19.50689972 -15.02023169 16.22925333 13.25105654 -10.77990933 -38.51744856 -9.78769806 23.46584249 -89.10794958 71.33912267 94.35317576 -29.65426381 11.53103456 15.0900151 -76.80830029 4.1563879 26.82615896 65.81238594 -18.81900222 -8.64047521 -5.01962909 -23.85494413 -1.2708131 -8.29174129 -12.95028469 -0.40806196 -50.41629692 -7.80862021 -50.43101526 59.18625947 0.98497816 -2.12406875 -34.50856929 24.09089658 30.84988379 -11.42583977 3.1070453 14.58163766
0.19583608 0.87698541 0.30540296 12.43835757 -3.52580641 2.93839368 20.19850015 0.42035117 -1.99026994 28.75900152 1.12931782 -3.62513511 22.39355321 1.37541802 -3.50602911 -0.18392857 1.97556281 -4.77192303 -50.43861069 8.02872341 7.13939632 14.05829847 -6.38317345 3.38614398 -49.74490243 -18.49402357 -12.60067234 -28.3229937 -67.24816363 -34.79592578 -54.78415099 -19.50689756 -15.02023253 16.36604513 13.26879715 -10.77983779 -38.96770972 -8.94168755 23.12340948 -91.18200398 71.34890523 96.54188152 -28.92011615 10.83346253 15.70207551 -75.08813193 3.46161414 27.70906752 66.35509632 -18.37801752 -8.65898939 -5.64141623 -23.77689455 -1.97235282 -7.91439883 -12.94964397 -0.4105846 -50.22552175 -7.62171929 -50.28729381 59.47245197 1.95932883 -2.41454399 -33.6470657 24.57152565 31.9810121 -10.38401883 4.3225308 14.29775887
0.19215339 0.87457803 0.30116166 10.4956703 -5.07362662 2.78760721 20.2741163 0.3875186 -1.72556102 28.80282464 1.03621731 -3.12838003 22.36852943 1.2377192 -3.01771667 0.58036367 1.95913987 -4.65805912 -49.33923262 9.08822849 6.54881397 14.38593978 -7.02083454 3.61665667 -49.37819279 -18.85522566 -12.10710936 -27.51797824 -67.23580903 -34.37022524 -54.78415301 -19.50690055 -15.02023243 16.49625985 13.28366277 -10.74940269 -39.40797057 -7.86966576 22.75497303 -92.83232094 71.34096043 98.28317915 -27.94342087 10.01336765 16.23963622 -73.10143219 2.66912819 28.71338627 66.95232082 -17.94964886 -8.60478174 -6.37705574 -23.64365393 -2.82605606 -7.61332181 -12.94930257 -0.41338143 -49.89874344 -7.58536939 -50.06954811 59.84341938 2.8992437 -2.71111323 -32.80027065 25.13294384 33.13676934 -9.28959458 5.58727758 13.92508017
0.18742606 0.87213936 0.29706256 8.38641241 -6.74173715 2.50783421 20.33591362 0.38109134 -1.46158031 28.82449463 0.99505763 -2.63064951 22.32290743 1.15385759 -2.52471222 1.44725079 1.94076192 -4.50854216 -47.89874038 10.23064363 5.91890305 14.73000368 -7.71675848 3.8618356 -48.79536765 -19.02785246 -11.82235489 -26.67970079 -67.23692727 -33.93736245 -54.78415237 -19.50689951 -15.02023177 16.62728362 13.31425355 -10.71226914 -39.84765672 -6.63044299 22.43176681 -93.65166772 71.3368985 99.14745603 -26.81992596 9.20661486 16.70311254 -70.82151026 1.78350838 29.83542875 67.52499655 -17.44048874 -8.53808321 -7.21296679 -23.46071172 -3.8572836 -7.26838711 -12.94920526 -0.41628417 -49.50252517 -7.64714412 -49.77935953 60.27517778 3.77821092 -3.01523181 -31.93218497 25.79677509 34.29552829 -8.14467198 6.89960641 13.48166407
0.18165429 0.86986969 0.29283934 6.21219881 -8.55096993 2.13883657 20.36245131 0.39492397 -1.20645571 28.78007868 0.99257488 -2.15482692 22.21320444 1.1109214 -2.05029435 2.40333893 1.91588322 -4.31446572 -46.09208413 11.45916824 5.18873191 15.07407242 -8.42438502 4.11136355 -48.01639592 -18.90115665 -11.72865598 -25.91511407 -67.34032492 -33.60997729 -54.7841524 -19.50689985 -15.02023141 16.76159788 13.36804045 -10.67345829 -40.34416933 -5.3048084 22.21807292 -93.59345967 71.3497486 99.0853231 -25.66153322 8.48589708 17.09764683 -68.27364273 0.83866689 31.04481485 67.97345944 -16.82336653 -8.48739452 -8.12052722 -23.22523911 -5.09508054 -6.81896129 -12.94943819 -0.41927986 -49.16423161 -7.71844476 -49.39243353 60.82564742 4.52712848 -3.33332398 -31.06792754 26.61303228 35.30929581 -7.31750956 8.14381605 12.68230684
0.1746763 0.86813507 0.28810513 4.0789774 -10.46029466 1.69314437 20.33844355 0.41214918 -0.9489559 28.64058765 1.00050134 -1.68411175 22.01056607 1.07613916 -1.57987787 3.44202777 1.88750164 -4.11003423 -43.95547789 12.75591389 4.3333588 15.39816107 -9.07587501 4.36305541 -47.10712876 -18.3867427 -11.84278356 -25.22484711 -67.55108126 -33.38515666 -54.78415257 -19.50690005 -15.02023155 16.89962308 13.44875039 -10.6245502 -40.92721196 -3.94356372 22.15431645 -92.86362085 71.37517069 98.31455986 -24.54800823 7.86222456 17.41109105 -65.54026117 -0.06657377 32.3389036 68.16096624 -16.16888037 -8.46386717 -8.99186073 -22.92025781 -6.49701564 -6.29410473 -12.94999504 -0.42245724 -49.32348016 -7.45519663 -48.78115981 62.56100141 4.5807101 -3.73686304 -30.90451696 27.99861555 34.42417892 -6.6963698 9.28921176 11.68283513
0.16615911 0.86701889 0.28235278 2.06762612 -12.34434085 1.18352891 20.25797723 0.40849356 -0.6819261 28.39414186 0.98025341 -1.17765942 21.70279534 1.00764974 -1.07650136 4.52071089 1.86093466 -3.91600607 -41.55284949 14.08913352 3.36277556 15.70191681 -9.65325437 4.626851 -46.06132957 -17.45975479 -12.14259585 -24.57898565 -67.84549329 -33.2267021 -54.78415102 -19.5068975 -15.02023258 17.03925927 13.55136567 -10.55964598 -41.50122775 -2.51983019 22.2503136 -91.79103962 71.40131011 97.18223885 -23.51107008 7.33908415 17.62993016 -62.75630737 -0.87464961 33.62422147 68.0072065 -15.48732722 -8.39182962 -9.71729055 -22.54353238 -8.06377107 -5.731487 -12.95094511 -0.42549438 -49.42823024 -7.27186483 -48.05880446 63.98949354 4.37773065 -4.19963817 -31.23466983 30.12942517 33.95537409 -6.6905962 9.51069295 11.6913878
0.15591676 0.8667643 0.27535731 0.2304409 -14.03905127 0.61793932 20.12504183 0.36412652 -0.38737717 28.04514 0.8931496 -0.61151042 21.29408294 0.86515215 -0.52080417 5.54303229 1.83607507 -3.71109667 -38.96213295 15.39908349 2.2975499 16.00222548 -10.19960006 4.91173 -44.74336549 -16.1735437 -12.55866026 -23.95770438 -68.20603927 -33.109526 -54.78415129 -19.50689776 -15.0202311 17.1732312 13.6541732 -10.47324681 -41.88358586 -0.94118641 22.48344988 -90.7327401 71.4205227 96.06524776 -22.52975547 6.93569225 17.75786077 -60.0222866 -1.57635762 34.77502232 67.43072025 -14.76645603 -8.20172798 -10.19469653 -22.10415317 -9.78562491 -5.12567864 -12.95231554 -0.42892474 -49.49753488 -7.15453789 -47.16125285 65.41662365 4.16343028 -4.54747113 -31.49474782 31.95949986 33.22728115 -6.69066219 9.51068 11.69132118
0.1439613 0.86762193 0.26655118 -1.38967434 -15.41434045 0.0528558 19.94931461 0.27053259 -0.0792441 27.61103426 0.7243026 -0.00039618 20.80180823 0.6364973 0.07035253 6.42218419 1.80384396 -3.46202548 -36.26641012 16.59022816 1.15212103 16.31621413 -10.76682686 5.22433267 -43.04444519 -14.61923698 -13.07526695 -23.30447879 -68.58035904 -32.96912472 -54.78415188 -19.50689884 -15.02023156 17.29332547 13.73179675 -10.3611665 -41.96326238 0.84771124 22.81569903 -89.88254598 71.43330547 95.16795177 -21.60646 6.65817227 17.83228072 -57.41712987 -2.15009817 35.68009559 66.30966855 -13.96988801 -7.8685233 -10.28133844 -21.62439623 -11.63352493 -4.49686661 -12.95410608 -0.43497177 -49.53701686 -7.13846613 -46.13489974 66.82258506 3.95310471 -4.74464195 -31.62187795 33.41981262 32.17058224 -6.69058954 9.51068925 11.69137992
0.13046193 0.87022959 0.25521778 -2.73918166 -16.40617512 -0.42839485 19.73920471 0.13895828 0.21428334 27.11308352 0.49863882 0.61791689 20.24741133 0.35143606 0.66152401 7.14570364 1.75114122 -3.17670575 -33.5507105 17.54760331 -0.05111883 16.64570892 -11.36859338 5.5596235 -41.12177549 -12.87066588 -13.77199179 -22.52837169 -68.88126177 -32.70500585 -54.78415132 -19.50689773 -15.02023161 17.39911565 13.77838275 -10.23638174 -41.78435899 2.77013053 23.22674388 -89.08853721 71.44196967 94.33004128 -20.88268472 6.45037437 17.92956881 -54.9544078 -2.53091085 36.27792647 64.43610933 -12.98660575 -7.41307117 -9.79672791 -21.14541555 -13.56884709 -4.02420496 -12.9563793 -0.49185666 -49.52518606 -7.23127156 -44.94226574 68.08724225 3.77426644 -4.80281063 -31.49362806 34.37385305 30.72263256 -6.6906027 9.51068817 11.69137704
0.1157381 0.87570103 0.24065139 -3.75640554 -16.99003234 -0.76322566 19.50034328 -0.00264675 0.4831818 26.56941064 0.26387882 1.20912312 19.64942848 0.06195118 1.22323831 7.75044886 1.66908222 -2.90652341 -30.91778669 18.17650272 -1.26533057 16.97700618 -11.97661004 5.89654923 -39.38608992 -10.96292872 -14.71671638 -21.6272099 -69.09722164 -32.31231335 -54.78415189 -19.50689878 -15.02023127 17.49731228 13.80910566 -10.11928457 -41.46070151 4.65751765 23.73078544 -87.92852297 71.44272197 93.10622101 -20.55290477 6.20269931 18.12943874 -52.58088461 -2.62981506 36.54091801 61.51510959 -11.63815945 -6.89989018 -8.50705431 -20.72909246 -15.50471086 -3.98445632 -12.96061603 -0.68989017 -49.41230758 -7.4707211 -43.48792025 68.9763076 3.6542919 -4.73093992 -30.93755862 34.68475982 28.82662122 -6.69064503 9.51068926 11.69135167
0.10005583 0.88478057 0.2224208 -4.40806302 -17.14305599 -0.90802619 19.24136133 -0.13443998 0.71491161 25.99715304 0.05294281 1.74506309 19.02540241 -0.19642386 1.73112943 8.25043134 1.55444328 -2.68409214 -28.50676962 18.43228575 -2.42446718 17.29376649 -12.55103811 6.21220909 -38.15482441 -8.92634916 -15.84974374 -20.75961704 -69.37287705 -31.95816772 -54.7841518 -19.5068987 -15.020232 17.59028482 13.83924247 -9.99078127 -41.03366984 6.39087534 24.34612022 -86.05657569 71.42039794 91.13130449 -20.58434209 5.841673 18.42859438 -50.27432166 -2.32375807 36.43235244 57.28807525 -9.84807798 -6.37430642 -6.15530536 -20.44624496 -17.2486208 -4.03996951 -12.97614038 -0.54104739 -49.15337162 -7.8708032 -41.74298557 69.29565381 3.61515521 -4.51134494 -29.8461877 34.27941852 26.48491531 -6.69063042 9.51068559 11.69135198
0.0838742 0.89694787 0.20093033 -4.73624156 -16.85175526 -0.86243884 18.9786634 -0.24857872 0.90150867 25.42082572 -0.13346509 2.18736062 18.39981542 -0.42033615 2.14771913 8.61016291 1.40336874 -2.48094903 -26.49298769 18.29635551 -3.44818108 17.59091912 -13.07619117 6.50084533 -37.3578713 -6.87898102 -17.00880666 -20.12858171 -69.91359629 -31.85554763 -54.78415117 -19.50689742 -15.02023161 17.66997911 13.86645775 -9.78871481 -40.42972184 7.9589326 25.04266289 -83.53412712 71.35349715 88.46968446 -20.63859958 5.38492714 18.69636828 -48.54732497 -1.69501799 35.86925723 52.6405876 -7.6414691 -5.90400186 -2.87269607 -20.46500199 -16.84954094 -5.14780281 -12.9883328 -0.43632185 -48.74754569 -8.39886298 -39.82475594 69.01555486 3.66745704 -4.14351166 -28.27727367 33.20768851 23.84002948 -6.69062149 9.51067326 11.69135318
0.06845947 0.90929145 0.17846622 -4.85264729 -16.15741029 -0.69313164 18.73568042 -0.33179141 1.06731946 24.87815372 -0.30148265 2.49150505 17.80994717 -0.61348968 2.42908292 8.76724313 1.2099643 -2.2518492 -25.04529453 17.73417353 -4.24776433 17.87552668 -13.56944976 6.77326795 -36.66622093 -5.06127537 -18.07641046 -19.82680015 -70.8093925 -32.09691637 -54.78415165 -19.50689831 -15.02023211 17.72856358 13.87223762 -9.49474529 -39.56886916 9.33883583 25.72168079 -80.8484767 71.23906412 85.63453282 -20.35617722 4.85590849 18.79909814 -48.51373868 -1.2751592 34.79390397 50.13896417 -5.02171759 -5.67837329 0.43381608 -20.93834897 -10.99009217 -9.50828109 -12.99406878 -0.43674507 -48.30298995 -8.91870199 -38.00351816 68.45325543 3.82918931 -3.71571236 -26.57416648 31.62417761 21.24995668 -6.69064155 9.51068745 11.69131636
0.05420874 0.91970629 0.15680075 -4.89804704 -15.15644052 -0.40909518 18.53449548 -0.4106568 1.17051895 24.41289311 -0.42950555 2.64467347 17.29934565 -0.75397155 2.56544556 8.71942082 0.97863869 -2.01414927 -24.11241259 16.73921388 -4.78752132 18.15423826 -14.0522099 7.03771293 -35.86679942 -3.71748845 -19.09204903 -19.77506028 -71.9521041 -32.59041873 -54.78415215 -19.50689945 -15.02023241 17.77148153 13.83736388 -9.20697783 -38.52651995 10.36407054 26.25160191 -78.54209932 71.10611355 83.19811757 -19.63999584 4.18173474 18.78669452 -48.76772986 -0.69003542 33.10498091 48.03539169 -2.57560811 -4.98776962 3.47468233 -21.0572649 -5.1589963 -14.01498567 -13.00025695 -0.43718241 -47.95204806 -9.32809698 -36.51069452 67.96573064 4.03117216 -3.33623193 -25.06055409 29.81209586 18.96806854 -6.6906114 9.51069717 11.69136413
0.04146363 0.9293558 0.13596729 -4.99062 -14.01827065 -0.05095542 18.38349054 -0.45900671 1.18452119 24.05001721 -0.47472673 2.68752492 16.89343905 -0.80206712 2.60169353 8.48889833 0.72941321 -1.82504037 -23.50643966 15.41301042 -5.12134601 18.42265188 -14.51751929 7.28603776 -35.03586105 -2.94202738 -20.21152814 -19.7060777 -73.06854598 -33.04914554 -54.78415194 -19.50689898 -15.02023164 17.81387127 13.75892481 -9.06487122 -37.5685933 10.79935885 26.55358095 -76.74817565 70.98093134 81.30180316 -18.65286355 3.27286021 18.85934994 -48.39382057 -0.14599882 31.91128159 45.33374294 -1.95869452 -4.79998255 7.71450227 -20.80328442 -3.32041348 -11.86925042 -12.82144391 -2.41385627 -47.61182001 -9.73406036 -35.35126749 67.35209291 4.23672414 -3.00483311 -23.61767196 28.04765459 16.97741346 -6.69062939 9.51070341 11.69135735
0.03062762 0.93920719 0.11596004 -5.12522105 -12.8650587 0.34983477 18.26816687 -0.459055 1.1207761 23.76920881 -0.4193413 2.67991671 16.57235897 -0.74379402 2.59877784 8.10874653 0.48588938 -1.70384988 -23.0656778 13.96476535 -5.36218065 18.67049287 -14.94107344 7.50312078 -34.38002423 -2.64710646 -21.55103393 -19.21085954 -73.82287369 -33.04573608 -54.78415152 -19.50689831 -15.0202316 17.86534447 13.65705118 -9.10083879 -36.97882792 10.56583237 26.67946921 -75.04559296 70.84242637 79.50065557 -17.67377732 2.18303689 19.08500957 -47.18001526 0.48888566 31.23183605 43.31756799 -2.26345714 -5.23984348 9.46243453 -20.57470374 -3.24251704 -9.04461811 -12.12922907 -7.27331388 -47.18771517 -10.13994791 -34.4008048 66.41960791 4.44129941 -2.70933239 -22.12697571 26.35480691 15.26154851 -6.69061284 9.51070494 11.69136724
0.02228182 0.9479157 0.09845665 -5.19871925 -11.72921459 0.70665589 18.15756188 -0.39332477 1.08278989 23.51107034 -0.29910652 2.6511423 16.27664405 -0.61696363 2.58170828 7.67465347 0.26220545 -1.62406709 -22.65268325 12.58537262 -5.58947984 18.89609283 -15.32058256 7.68689365 -34.00111199 -2.65512511 -23.06577427 -17.96137026 -73.94675431 -32.24195739 -54.78415164 -19.50689846 -15.02023191 17.92394731 13.56360325 -9.21431045 -36.84503009 9.84260981 26.80644847 -72.77938093 70.62316954 77.10064792 -16.97874969 1.10560892 19.24378813 -46.36280678 1.14546005 30.88356386 43.73075666 -2.71248174 -5.7927102 8.59420593 -20.41809643 -2.81242855 -7.6870998 -11.44497807 -10.10662077 -46.72627478 -10.43455832 -33.54906518 65.39021539 4.69203732 -2.49451196 -20.78137249 24.56522381 13.93595511 -6.69060622 9.51069429 11.69137089
0.01580349 0.95589438 0.08307263 -5.16929078 -10.56576743 1.01064661 18.02704955 -0.30295637 1.07559766 23.22590251 -0.17904739 2.59906079 15.95602196 -0.48721949 2.54147854 7.27207287 0.06082083 -1.55991873 -22.21831776 11.32103202 -5.7735429 19.10860809 -15.67997873 7.85204604 -33.84160123 -2.82460778 -24.59029763 -16.00414884 -73.34090083 -30.68519848 -54.78415199 -19.50689918 -15.02023234 17.98305466 13.49843551 -9.29331624 -37.04681493 8.93827797 27.14015107 -69.58843959 70.24555255 73.71502625 -16.69518789 0.2386293 19.06055229 -46.12726382 1.72219509 30.93079227 46.10389735 -2.70973319 -6.66864534 7.04414774 -20.32329258 -1.54312672 -7.40331795 -11.71980003 -8.9760902 -46.23605573 -10.66023621 -32.74152389 64.26615612 4.96763339 -2.34295877 -19.56580759 22.65556152 12.93310766 -6.6906064 9.51070075 11.69136976
0.01047705 0.96312598 0.06935617 -5.0544649 -9.34286684 1.22554161 17.880496 -0.2240186 1.09780442 22.91771478 -0.10474269 2.52599655 15.61407111 -0.40186803 2.47566997 6.90693977 -0.12051673 -1.5025817 -21.79372755 10.11776252 -5.83729434 19.31311598 -16.02964889 8.01165616 -33.79368732 -3.10761693 -25.98249326 -13.74242726 -72.10379623 -28.78799609 -54.78415142 -19.50689796 -15.02023109 18.03699286 13.45626251 -9.30108585 -37.42128239 8.10752919 27.78406953 -65.69822003 69.67044371 69.57520619 -16.70708919 -0.31098027 18.51480034 -46.33485452 2.11430569 31.20224177 49.55675168 -2.91256276 -7.64792773 5.83397202 -19.83723947 0.04038698 -8.51359214 -11.2855942 -10.72202118 -45.7357405 -10.88024054 -31.94740268 63.11790448 5.23947156 -2.2447671 -18.48639029 20.66364803 12.17729917 -6.69060913 9.51069271 11.69135211
0.00588906 0.9694429 0.05717369 -4.89589689 -8.09636402 1.29746067 17.74295614 -0.16410492 1.14951361 22.62937861 -0.07843017 2.44879911 15.2937945 -0.36523046 2.40077485 6.5262463 -0.28541668 -1.42385066 -21.44877226 8.9600871 -5.77258548 19.50606471 -16.34886855 8.16269236 -33.79461026 -3.50199696 -27.20166627 -11.59146591 -70.46330957 -26.97717815 -54.78415188 -19.50689886 -15.02023186 18.07903288 13.41942664 -9.2330425 -37.86935107 7.48775262 28.68831285 -61.6977825 68.93151477 65.30010049 -16.79384639 -0.56591869 17.81072201 -46.80381074 2.38551168 31.59026125 53.36578297 -3.84848074 -8.36890338 5.09727405 -19.13480037 1.50456913 -10.33947795 -10.4936662 -13.57778626 -45.2051864 -11.10863555 -31.08543241 62.01412136 5.49431833 -2.20654802 -17.55703683 18.60295604 11.62327492 -6.69063951 9.51068579 11.69134092
0.00184216 0.97504609 0.04639304 -4.70749339 -6.90935019 1.23359992 17.62913001 -0.11791956 1.2044461 22.38361233 -0.06938961 2.37364842 15.01822934 -0.34659768 2.32630658 6.10017475 -0.43793655 -1.28170724 -21.24425922 7.90897262 -5.65129826 19.67872307 -16.61475559 8.29720613 -33.8194903 -3.98450945 -28.28309343 -9.74619428 -68.6404521 -25.45555501 -54.78415186 -19.50689881 -15.02023232 18.1046189 13.38045315 -9.06928831 -38.31346363 7.10646137 29.73857454 -58.05703664 68.10830632 61.38914615 -16.83884105 -0.68464747 17.15454151 -47.14593133 2.52159427 32.16498478 56.92624684 -4.68561801 -9.01900487 4.72943678 -19.20324252 2.89474229 -12.28781322 -9.83987254 -15.64738268 -44.64635951 -11.32784175 -30.11795865 60.9446367 5.7160694 -2.22588589 -16.74199036 16.54315869 11.22953786 -6.69064138 9.51067747 11.69134347
-0.0016986 0.9803235 0.03695809 -4.46040668 -5.85844869 1.0953083 17.52452559 -0.06930735 1.23927651 22.15029724 -0.03956859 2.28507293 14.75749752 -0.30579127 2.24121308 5.66069195 -0.57804678 -1.08808087 -21.18702954 7.01633665 -5.53670271 19.82847816 -16.83033693 8.40700678 -33.8281922 -4.51573584 -29.28655116 -8.22024137 -66.75805324 -24.23876884 -54.78415195 -19.50689908 -15.0202319 18.11719006 13.34737403 -8.82029517 -38.63709593 6.87309866 30.88124912 -54.91010755 67.2607227 57.98905449 -16.80708876 -0.89778396 16.69460201 -47.1361252 2.63180601 32.70478699 59.71943552 -5.40375042 -9.5664224 4.28944456 -19.55313252 4.07475375 -14.19336658 -9.45792691 -15.49174424 -44.11222673 -11.52293918 -29.0988869 59.85722188 5.88974869 -2.28065655 -15.98359313 14.61368518 10.95537501 -6.69060294 9.51070233 11.69136898
-0.00472253 0.98561159 0.02887282 -4.12620525 -4.96853151 0.95873213 17.40189156 -0.00981153 1.23785358 21.87939819 0.03023443 2.16612667 14.4616709 -0.22173471 2.13092097 5.2597254 -0.697008 -0.91469253 -21.21944416 6.26878118 -5.43113702 19.95443898 -17.00816104 8.48514781 -33.76051079 -5.08418833 -30.26004555 -6.96498828 -64.85564237 -23.27652326 -54.78415193 -19.50689891 -15.02023196 18.12897673 13.33154428 -8.56201843 -38.70772679 6.64315132 32.14784339 -52.15962795 66.39820741 54.99881741 -16.6066622 -1.33122801 16.53267277 -46.65196231 2.83633073 33.0497981 61.41675805 -5.87893337 -10.07512207 3.3972566 -19.82043274 4.64869331 -15.93858434 -9.31049315 -15.04175478 -43.64404297 -11.67555408 -28.10951324 58.71234311 6.00779867 -2.35640398 -15.24849435 12.89326241 10.77851922 -6.69064004 9.51068168 11.6913346
-0.0071933 0.99100763 0.02219014 -3.71569468 -4.21077268 0.85546688 17.25151134 0.05238241 1.19197867 21.55572713 0.12713044 2.01605176 14.11551028 -0.10699379 1.99309112 4.91431933 -0.79103105 -0.80396991 -21.26175663 5.62725398 -5.2986073 20.05623598 -17.15094462 8.53098487 -33.59112289 -5.70979356 -31.21104921 -5.93451392 -62.96249293 -22.5205701 -54.78415173 -19.50689853 -15.02023144 18.14901566 13.33744167 -8.36128905 -38.42505195 6.38547483 33.5822154 -49.66353595 65.50031128 52.26697257 -16.15534641 -1.82969954 16.58844103 -45.63566656 3.17823918 33.11677037 61.81023251 -6.03445552 -10.57036678 1.98130497 -19.77528879 3.85038557 -18.12664708 -9.59193736 -13.76085681 -43.22626597 -11.78569747 -27.20342528 57.50739935 6.07011984 -2.4441946 -14.53979514 11.38875056 10.69241484 -6.690664 9.51067741 11.69131353
-0.0089932 0.9963122 0.0170492 -3.27481082 -3.53248797 0.73761172 17.08808427 0.10794041 1.11624424 21.20945476 0.21892742 1.84827189 13.74924277 0.00532965 1.83715035 4.60691701 -0.86241964 -0.7118331 -21.26379798 5.07138249 -5.09675643 20.13930654 -17.26189615 8.55866081 -33.36431385 -6.41472628 -32.10844828 -5.09754405 -61.14441444 -21.93781346 -54.78415235 -19.50689956 -15.0202327 18.1740979 13.36050196 -8.2035309 -37.73022316 6.24923005 35.16840804 -47.3645036 64.5603743 49.73247871 -15.59200252 -2.03782275 16.51826767 -44.10078152 3.58046448 32.88265492 60.84501639 -5.94239026 -11.02690234 0.06512761 -19.06250014 1.34585733 -18.43480672 -10.72608451 -11.45704254 -42.79353797 -11.89011772 -26.3783692 56.27424705 6.08793944 -2.53047876 -13.88825402 10.061648 10.69600278 -6.69058852 9.51069622 11.69137507
-0.01017088 1.00146838 0.01328568 -2.84482822 -2.87708181 0.5637294 16.93186915 0.14122335 1.00594521 20.87972581 0.28151759 1.68512656 13.40199048 0.0884764 1.6823724 4.32127211 -0.91722473 -0.58004538 -21.21371449 4.5976531 -4.79968702 20.21345848 -17.35597909 8.58738921 -33.16262949 -7.21911646 -32.93483329 -4.42643835 -59.4743743 -21.49835135 -54.78415231 -19.50689957 -15.02023232 18.19515966 13.38802327 -8.04352782 -36.617201 6.41114817 36.82789539 -45.31914347 63.61199802 47.45860165 -15.22829309 -1.75004135 15.99158417 -42.0977602 3.8900742 32.16183117 58.5915314 -5.74542635 -11.21146662 -2.47759104 -17.20694451 -2.32240011 -16.8439964 -11.88014014 -8.70080188 -42.26643432 -11.99619605 -25.56798096 55.02038672 6.06661096 -2.62985199 -13.30436894 8.80427509 10.79544288 -6.69060805 9.51069588 11.69136223
-0.01077883 1.00638415 0.01058383 -2.42740311 -2.20749235 0.31254622 16.79309099 0.15113698 0.86997314 20.58567819 0.31297935 1.55111484 13.09290269 0.13669551 1.55294291 4.05861631 -0.95593131 -0.41063645 -21.12697213 4.21498657 -4.42305797 20.28236321 -17.44536485 8.62128583 -33.05415704 -8.17773338 -33.72981217 -3.89042904 -57.95821023 -21.16744078 -54.78415265 -19.50689981 -15.02023282 18.20917073 13.40546486 -7.88964598 -35.17695408 6.89969732 38.46377662 -43.58910744 62.71988655 45.5198636 -15.19660048 -1.13210479 15.09312596 -39.84956364 3.97117884 30.92403537 55.44647831 -5.54101646 -10.94288696 -5.57485722 -14.44779356 -5.79250744 -14.34223069 -12.5771862 -4.40177167 -41.63034635 -12.08651218 -24.69747426 53.76052895 6.02632509 -2.77973393 -12.78217362 7.49022969 10.99790381 -6.6905799 9.51069805 11.69137901
-0.01070307 1.01065091 0.00865163 -1.99004947 -1.52865583 -0.0064826 16.67644573 0.14886316 0.73305361 20.33565397 0.32828783 1.45169583 12.83037127 0.16326623 1.45622213 3.82436407 -0.97531961 -0.2389261 -21.05249097 3.93877694 -4.00245435 20.34096701 -17.52487248 8.6503657 -33.06908637 -9.42495336 -34.55287679 -3.45968824 -56.50978134 -20.90956656 -54.78415117 -19.5068979 -15.02023072 18.22092044 13.40985141 -7.78796804 -33.60676917 7.59728939 39.99521622 -42.16654267 61.91612136 43.913483 -15.28746803 -0.57277353 14.27721498 -37.7680684 3.76069722 29.48575431 52.10804463 -5.27519886 -10.28847183 -8.53696255 -11.85296016 -8.33952382 -12.22478808 -12.61264883 -4.04011736 -40.98919667 -12.12381184 -23.79729187 52.5768874 5.98274916 -2.96481615 -12.32364393 6.12027417 11.28730697 -6.6905694 9.51069729 11.69138874
-0.00964413 1.01370703 0.00731888 -1.51299503 -0.90532416 -0.36229666 16.59118819 0.15294323 0.62578261 20.14824556 0.34725654 1.35790652 12.63313394 0.19152918 1.36580674 3.61187141 -0.97483598 -0.08370202 -21.06318663 3.74822923 -3.51552117 20.38659086 -17.58028131 8.67472557 -33.19537229 -11.13585043 -35.39761302 -3.11582145 -55.0434455 -20.7011965 -54.78415234 -19.50689946 -15.02023244 18.23658554 13.41409115 -7.75844268 -32.12766539 8.36295303 41.35464144 -40.97823789 61.19030709 42.56200802 -15.21750522 -0.36530911 13.90437811 -36.22850004 3.43559133 28.1804507 49.42480852 -4.85193225 -9.49986836 -11.32711749 -10.172338 -9.49728209 -9.71944174 -12.61429425 -3.95581634 -40.51605998 -12.11491414 -23.02211536 51.58797859 5.94772947 -3.11118397 -11.93675253 4.88580867 11.61098007 -6.69063213 9.51068717 11.69134401
-0.00748964 1.01558845 0.00649128 -1.03571373 -0.43118155 -0.68182777 16.54920928 0.17236133 0.53667193 20.04998481 0.38239609 1.23157966 12.52788429 0.23956974 1.24514561 3.40342976 -0.95836005 0.04051215 -21.201723 3.56320593 -2.88630817 20.41875517 -17.60980016 8.69583788 -33.37080314 -13.31048608 -36.15598535 -2.85808497 -53.64023272 -20.53936455 -54.78415261 -19.50689958 -15.02023317 18.25459791 13.43184173 -7.79098035 -30.88552888 9.10608657 42.46362589 -40.007613 60.55693577 41.4508596 -14.9869941 -0.51047509 13.95586745 -36.22316821 2.6780789 27.48102362 48.79743879 -4.77019034 -9.05873399 -11.79927581 -9.43953256 -9.78576637 -7.12850973 -12.70707715 -3.3041825 -40.27676445 -12.08693551 -22.54942757 50.80847968 5.92369878 -3.12350149 -11.60138657 4.03249046 11.89741272 -6.69060623 9.51069298 11.69135605
-0.0044639 1.01669998 0.0061172 -0.61231777 -0.14497711 -0.91443153 16.55261659 0.20318391 0.44824203 20.04953312 0.42909714 1.06868077 12.52335498 0.30426662 1.08948618 3.18895197 -0.93452803 0.11086506 -21.44200908 3.31739802 -2.13665397 20.43733931 -17.62374712 8.70707034 -33.50771102 -15.56575498 -36.67247005 -2.69706169 -52.58792534 -20.43540753 -54.78415158 -19.50689851 -15.02023149 18.27664283 13.4633235 -7.87186661 -29.93864366 9.76461533 43.24277315 -39.37309722 60.1214987 40.72066829 -14.88017863 -0.78431515 14.16440921 -36.60735577 2.05203231 26.97876347 48.84031522 -4.83268162 -8.81129398 -11.84181508 -8.86084235 -9.75157644 -5.20982618 -12.78709596 -2.72596034 -40.21002666 -12.04744234 -22.41694139 50.18199496 5.90840006 -2.96934312 -11.29676299 3.62476583 12.11052596 -6.69063512 9.51068409 11.69134347
-0.00115546 1.01747322 0.00603012 -0.25222641 0.00550842 -1.06159433 16.58695805 0.22888064 0.35477952 20.11954901 0.46985327 0.90069697 12.59213939 0.36457432 0.92790685 2.98153046 -0.91573427 0.12880906 -21.72549874 3.04151489 -1.45145707 20.43814848 -17.62881938 8.70908113 -33.57016868 -17.33649592 -36.86224743 -2.63854881 -52.13663247 -20.3951662 -54.78415189 -19.50689885 -15.0202318 18.30542674 13.49713891 -7.97854425 -29.29719366 10.27581139 43.68250118 -39.2015168 60.00070843 40.52267244 -15.08112316 -0.97742893 14.31900993 -36.98859966 1.59629464 26.36552648 48.99795057 -4.97928274 -8.43177416 -11.95103745 -8.07512639 -9.70640746 -3.78729416 -12.90792431 -1.58614696 -40.20363718 -11.94965138 -22.45617175 49.6502524 5.89229351 -2.73241609 -11.01731675 3.43703154 12.27860718 -6.69064361 9.51068469 11.69134888
