HIERARCHY
ROOT Hips
{
  OFFSET 4.3602899495453355e-8 1.1673772430419926 0.00903120994567871
  CHANNELS 6 Xposition Yposition Zposition Xrotation Yrotation Zrotation
  JOINT Spine
  {
    OFFSET 0.00000400409843159832 0.10717498984890383 -0.009311363000479054
    CHANNELS 3 Xrotation Yrotation Zrotation
    JOINT Spine1
    {
      OFFSET -1.157133440709887e-8 0.10585321386790758 -0.004285265132451881
      CHANNELS 3 Xrotation Yrotation Zrotation
      JOINT Spine2
      {
        OFFSET -1.2021792727953998e-8 0.10599313230062335 -0.007812673855060945
        CHANNELS 3 Xrotation Yrotation Zrotation
        JOINT Neck
        {
          OFFSET -3.2927685248284505e-8 0.26240295415719994 -0.044881304131893486
          CHANNELS 3 Xrotation Yrotation Zrotation
          JOINT Head
          {
            OFFSET -1.1268817613937174e-8 0.1746685200511402 0.056256497133401515
            CHANNELS 3 Xrotation Yrotation Zrotation
            End Site
            {
              OFFSET -8.617178878150887e-9 0.10756811731632654 0.02107021751552555
            }
          }
        }
        JOINT LeftShoulder
        {
          OFFSET 0.10574355691983202 0.2300922422130116 -0.07323001980788171
          CHANNELS 3 Xrotation Yrotation Zrotation
          JOINT LeftArm
          {
            OFFSET 0.14878172464754674 -0.04653430124026747 -0.03069340943884992
            CHANNELS 3 Xrotation Yrotation Zrotation
            JOINT LeftForeArm
            {
              OFFSET 0.2410901499999964 2.514874553050106e-8 -2.5644150081216566e-8
              CHANNELS 3 Xrotation Yrotation Zrotation
              JOINT LeftHand
              {
                OFFSET 0.3167439969976485 9.305862591624248e-8 0.0055278706856974474
                CHANNELS 3 Xrotation Yrotation Zrotation
                End Site
                {
                  OFFSET 0.06210611293049251 -0.1056924643799253 0.03949498917827464
                }
              }
            }
          }
        }
        JOINT RightShoulder
        {
          OFFSET -0.10574409307527087 0.23009141295444557 -0.07322999494236766
          CHANNELS 3 Xrotation Yrotation Zrotation
          JOINT RightArm
          {
            OFFSET -0.14878099894090208 -0.04653001551703495 -0.030692881610262193
            CHANNELS 3 Xrotation Yrotation Zrotation
            JOINT RightForeArm
            {
              OFFSET -0.24108999999999764 -2.5144341053717767e-8 2.9072947757557976e-8
              CHANNELS 3 Xrotation Yrotation Zrotation
              JOINT RightHand
              {
                OFFSET -0.3167448378500485 -3.304013818095086e-8 0.005523816194027642
                CHANNELS 3 Xrotation Yrotation Zrotation
                End Site
                {
                  OFFSET -0.06210627893580878 -0.10570000668807578 0.039495226662701347
                }
              }
            }
          }
        }
      }
    }
  }
  JOINT LeftUpLeg
  {
    OFFSET 0.12297482524469029 -0.06742086731113295 -0.010003017167751174
    CHANNELS 3 Xrotation Yrotation Zrotation
    JOINT LeftLeg
    {
      OFFSET 3.29102216173327e-8 -0.45703384336647745 0.010304781301190422
      CHANNELS 3 Xrotation Yrotation Zrotation
      JOINT LeftFoot
      {
        OFFSET 6.562466081661e-8 -0.5002806931369024 -0.03690416879508984
        CHANNELS 3 Xrotation Yrotation Zrotation
        JOINT LeftToeBase
        {
          OFFSET 0.02595079309341415 -0.14255124139316394 0.19507613876404925
          CHANNELS 3 Xrotation Yrotation Zrotation
          End Site
          {
            OFFSET 0.010732212189788037 -0.00003523758576667464 0.11362316400109373
          }
        }
      }
    }
  }
  JOINT RightUpLeg
  {
    OFFSET -0.12297503780805406 -0.0674172528256134 -0.01000298679994319
    CHANNELS 3 Xrotation Yrotation Zrotation
    JOINT RightLeg
    {
      OFFSET 0.0000015762103336008915 -0.45703794623816363 0.010304776602924667
      CHANNELS 3 Xrotation Yrotation Zrotation
      JOINT RightFoot
      {
        OFFSET -0.0000014796473382927555 -0.5002806877425285 -0.03690424189268969
        CHANNELS 3 Xrotation Yrotation Zrotation
        JOINT RightToeBase
        {
          OFFSET -0.02594992229596689 -0.1425528302873685 0.19507509351502048
          CHANNELS 3 Xrotation Yrotation Zrotation
          End Site
          {
            OFFSET -0.01073336011005574 -0.000035035181829541786 0.11362416403777789
          }
        }
      }
    }
  }
}
MOTION
Frames: 160
Frame Time: 0.03333333333333333
0.00742937 1.10332222 0.01388257 -1.13144734 18.24892755 3.48861572 -0.03345114 -0.31355019 -1.59817423 0.76989074 -0.72034447 -1.52318892 0.75985353 -0.74244132 -1.51782092 4.54608946 9.5132325 -2.48539744 8.79540662 47.74596233 -10.73695648 3.2282513 -6.07778033 -11.26796343 6.61153416 -9.52750829 -51.77843298 -0.00000438 -34.09468543 -0.00002185 18.86019842 20.25368437 -15.02250603 0.4825393 -0.58817207 6.67329207 5.25582477 7.65320918 66.23231577 -0.00000431 12.44194076 0.00001776 -10.45859203 -13.19544737 26.96460331 -13.77674883 7.82674718 11.77146155 23.31444359 0.90148307 3.10804752 -7.27502363 1.57193741 -15.6693359 -0.01982873 -0.00001137 0.00000218 -3.30322262 -16.68448405 -18.90676379 21.97329838 -4.09029985 -1.06186289 -16.6089764 -3.28997799 16.92543378 -0.50810566 0.00000397 -0.000004
0.00742214 1.10329124 0.01408605 -1.2227903 18.21390489 3.50349065 -0.049837 -0.30759886 -1.61201724 0.78307557 -0.71238836 -1.54152837 0.77308609 -0.73545122 -1.53593895 4.66514356 9.17060203 -2.24972087 9.2509946 45.99796287 -10.0700553 3.22402217 -6.08884827 -11.26192537 7.22399399 -9.87254626 -50.9859139 0.00001406 -34.70645898 2.1e-7 19.57311737 20.28715014 -16.26180947 0.48683283 -0.47491095 6.7146076 5.30465276 7.60819544 66.04494198 -0.00001055 12.33481468 -0.00001592 -10.4636616 -13.25060139 26.97135515 -13.67358364 7.82606037 11.76399417 23.33170984 0.95653531 3.15959636 -7.29866306 1.5783352 -15.71126424 -0.02556204 0.00001708 0.00000686 -3.21007176 -16.72214855 -18.90199296 21.9617035 -4.02384945 -1.06282962 -16.62041728 -3.29005973 16.91327608 -0.53612614 -3.6e-7 -0.00000176
0.00739573 1.10326126 0.01434263 -1.40231915 18.24654986 3.53067683 -0.06490063 -0.30965249 -1.66135443 0.80481013 -0.72352565 -1.57791666 0.79430521 -0.74833334 -1.57190291 4.90475663 8.35964673 -1.67206085 9.97049051 42.09447947 -8.76620638 3.21034434 -6.12561444 -11.26301349 8.18077132 -10.75972764 -49.76635215 0.00001356 -36.10979577 -0.00000692 20.92483486 20.94929256 -17.62475401 0.49348979 -0.34294825 6.81158371 5.3835192 7.61964743 65.74936505 -0.00000608 12.19890336 0.00004015 -10.32926936 -13.30958517 27.05049241 -13.52064619 7.83511739 11.77085052 23.36782806 0.9310932 3.22776273 -7.32817585 1.58547886 -15.74725661 -0.03400814 -0.00000431 0.00000225 -2.97999648 -16.80506948 -18.86956278 21.9092376 -3.99255562 -1.05201169 -16.63118251 -3.29080394 16.9033889 -0.57917983 -0.00000218 -0.00000129
0.00728539 1.10318932 0.01450275 -1.71031864 18.42704668 3.58166424 -0.07417641 -0.31994535 -1.77060489 0.84146346 -0.75596357 -1.6488687 0.82952733 -0.78374916 -1.64216189 5.31497203 7.01266521 -0.80222178 10.99078159 35.67480361 -6.45327194 3.17702233 -6.2031383 -11.28234118 9.59879014 -12.39565572 -48.06426623 0.00002671 -38.99970693 0.00001599 22.55993882 21.92155134 -17.97552691 0.50315133 -0.18106362 6.98176488 5.5747786 7.67801621 65.33923819 -0.00001673 12.11756183 0.00002462 -10.32952344 -13.30616289 27.19494409 -13.33259364 7.8563306 11.79394489 23.44750251 0.71986466 3.32555778 -7.36094793 1.59210392 -15.76291619 -0.04305743 -0.00000556 0.00000274 -2.55991417 -16.94826171 -18.78992598 21.8294616 -4.07294456 -1.03193311 -16.64857576 -3.29541051 16.91226927 -0.63598559 0.00000258 -0.00000277
0.0070363 1.10300591 0.01433125 -2.14263286 18.80081538 3.65115452 -0.05224872 -0.34533624 -1.93816408 0.91696766 -0.82363142 -1.75029283 0.90223578 -0.85581951 -1.74266624 5.8953705 5.26151966 0.19874121 12.37047779 27.2855251 -2.98487034 3.13038264 -6.31482566 -11.28713677 11.61448366 -14.86784582 -45.81120431 0.00002946 -44.04070551 0.00000526 23.8467809 22.05346479 -17.13749086 0.5126397 -0.00684176 7.16440811 5.84324725 7.72339231 64.90902857 0.00000177 12.14682633 0.00000556 -10.64469051 -13.21668302 27.39114345 -13.16507992 7.85267734 11.8287064 23.61647646 0.32560365 3.46552197 -7.39387436 1.59683338 -15.75814664 -0.05900731 -0.00003245 -0.00000535 -1.97115686 -17.14416079 -18.65090097 21.76580478 -4.32136387 -0.99932978 -16.68045521 -3.30674198 16.94851072 -0.71718849 0.00000664 -0.00000572
0.00663818 1.10267212 0.01375282 -2.6423988 19.30269796 3.71381991 0.02203098 -0.38732212 -2.1353286 1.05860519 -0.92933131 -1.85485947 1.03968369 -0.96755272 -1.84622367 6.58596843 3.33927274 1.26292738 14.13246238 18.09223435 1.26105135 3.09194484 -6.43319702 -11.19571978 14.09856722 -18.10110556 -42.90948376 0.00001234 -51.23013278 0.00001936 24.6817483 20.68836461 -16.13769098 0.51595629 0.07136174 7.22938126 6.00773683 7.75688705 64.62019435 0.00000785 12.240302 -0.00000257 -11.10180347 -13.10903907 27.64208549 -13.07086497 7.82670949 11.90397109 23.89787397 -0.20924414 3.62014169 -7.44048911 1.60144199 -15.72934366 -0.07210918 0.00000196 -0.00000104 -1.31424636 -17.36937285 -18.47314947 21.75449215 -4.65340578 -0.92971867 -16.73463628 -3.32107929 16.98072093 -0.80068025 0.00000489 3e-8
0.00611634 1.10224373 0.01296842 -3.12778178 19.78643986 3.75418633 0.12937875 -0.43505733 -2.33961529 1.26892575 -1.05442162 -1.94226128 1.24476692 -1.10121271 -1.93234946 7.32399389 1.45858012 2.44522044 16.13470214 9.2488333 5.61134767 3.07377448 -6.52405099 -10.96846054 16.88122973 -22.04599003 -39.08513327 0.00000854 -59.90795094 -0.00001549 24.99029225 18.48121337 -15.83161224 0.50963098 -0.06467822 7.10877369 5.96364605 7.92046311 64.54169963 0.00000187 12.34801932 0.00000966 -11.42040243 -13.0994966 27.89645883 -13.03304097 7.80204461 12.01651103 24.22955297 -0.77966763 3.77560097 -7.50398054 1.6097739 -15.69964582 -0.07812207 -8.2e-7 -0.0000021 -0.71533926 -17.58655407 -18.29086947 21.79920416 -4.92874509 -0.83946329 -16.80913674 -3.33370296 16.9847873 -0.87038024 3.6e-7 0.00000146
0.00554853 1.10182999 0.01223857 -3.52260653 20.15455451 3.79800066 0.2203769 -0.48661239 -2.56114793 1.50636128 -1.1987611 -2.02895549 1.47540468 -1.25731088 -2.01677472 8.07762261 -0.189219 3.74542102 18.07007393 1.63110857 9.56340252 3.06858422 -6.57877346 -10.66382181 20.15381574 -26.57298508 -33.92720599 0.00004921 -69.23597783 0.00003376 24.45140739 16.26111712 -15.87635339 0.49464509 -0.3607506 6.84287309 5.83666763 8.33267916 64.63701228 0.00000104 12.52613209 0.00000265 -11.53289621 -13.20709325 28.05469819 -13.01663427 7.8216381 12.12573848 24.5095317 -1.27884743 3.88840393 -7.55629666 1.61706849 -15.66660698 -0.0785412 -0.00000905 -0.00000898 -0.28323046 -17.74978109 -18.1711213 21.90741909 -5.12995288 -0.74554193 -16.89423137 -3.34365881 16.97031825 -0.93586948 1.9e-7 -0.00000289
0.00509024 1.10148773 0.01159571 -3.81732845 20.45028541 3.89601322 0.28923026 -0.57287576 -2.81336148 1.73114998 -1.42123211 -2.13233591 1.68952957 -1.49386887 -2.11621506 8.79585806 -1.42455881 4.98863394 19.63724918 -4.16433925 12.9337674 3.06914034 -6.64503178 -10.3252783 24.16004732 -31.32826905 -27.38533914 0.00008757 -78.33485404 0.0000789 23.454307 13.98724793 -15.32929899 0.47631047 -0.56528462 6.47460167 5.82909686 8.90293126 64.87409061 -0.00001605 12.88882464 -0.00002937 -11.60773726 -13.2676785 28.01669496 -12.97831745 7.79772961 12.12204365 24.67865862 -1.60337747 3.97274529 -7.56539319 1.61926035 -15.64348675 -0.0713049 -0.00000373 -0.00000204 -0.02339431 -17.86952253 -18.14616752 22.06277946 -5.30021975 -0.7057661 -16.98548607 -3.3597639 16.98568692 -0.99049257 -1.1e-7 -0.00000894
0.0048296 1.10116257 0.01083568 -4.11733347 20.77316717 4.07277654 0.41847764 -0.7336424 -3.06294951 1.986937 -1.79332847 -2.21175699 1.92835651 -1.88101375 -2.19071533 9.38202749 -2.17030992 5.92532247 20.6693296 -7.94590199 15.58769783 3.07919463 -6.804245 -9.86213091 28.58005063 -36.14571703 -20.06520531 0.00022542 -86.16281488 0.00022356 23.47482388 11.53069236 -14.55887144 0.46397892 -0.46024501 6.05119516 5.96293229 9.40113124 65.17363031 0.00000408 13.49258784 0.00003058 -11.85585666 -13.09592689 27.71961878 -12.87805788 7.67718002 11.96782509 24.7885568 -1.82200049 4.09798826 -7.54555725 1.61882816 -15.64247337 -0.04725191 0.00000469 -0.00000765 0.20201668 -17.99578881 -18.1960955 22.24052559 -5.49079858 -0.71159681 -17.07910066 -3.38499359 17.04668719 -1.03147045 -0.00000289 0.00000516
0.00462194 1.10077736 0.00978546 -4.59045331 21.12107993 4.32246534 0.72801959 -0.96684572 -3.25537423 2.39355645 -2.3091408 -2.20805732 2.31151664 -2.41414396 -2.18411225 9.74994625 -2.49934461 6.42634198 21.14253273 -9.93481928 17.29995295 3.10165493 -7.09531092 -9.1411466 32.2950527 -41.99373608 -12.67063294 179.99844421 -89.24297124 179.99844245 25.08094577 10.95072961 -16.2348146 0.46379454 -0.12312972 5.69514601 6.02877078 9.70110051 65.37895924 -0.0000057 14.26616233 0.00002093 -12.31891805 -12.72080955 27.26516189 -12.65312768 7.55150104 11.76881586 24.9404615 -2.05321964 4.27676398 -7.53588676 1.62003156 -15.65041758 -0.02583074 -0.00000945 -0.00000273 0.54522909 -18.21933054 -18.31128333 22.44811108 -5.61276161 -0.67432033 -17.18187517 -3.4084576 17.08817989 -1.07241659 0.00000389 -0.00000465
0.00422928 1.10031059 0.00843359 -5.32363484 21.39310397 4.64952534 1.27453219 -1.23782837 -3.38108521 3.01719363 -2.90476083 -2.1175659 2.90578904 -3.03245673 -2.09703296 9.89607847 -2.55689754 6.51654268 21.15197183 -10.59109837 17.93618304 3.1347052 -7.46839193 -8.23774266 35.42035899 -49.2788726 -5.02606498 179.99887791 -89.04915082 179.99886675 26.44642979 11.57979983 -22.24258798 0.46546202 0.1318848 5.42835286 5.77130946 9.92212361 65.48095517 0.00001136 15.00901413 -0.00000663 -12.8332534 -12.32095702 26.94077944 -12.23952423 7.56961086 11.6515061 25.15647907 -2.38593846 4.43009753 -7.55536019 1.62381659 -15.62681367 -0.00833937 -0.00001005 0.00000295 1.07345301 -18.47106406 -18.41472763 22.70221847 -5.64051051 -0.68028161 -17.30319052 -3.43344725 17.12543207 -1.1606633 -0.00000159 0.00000111
0.00365011 1.09976028 0.00676057 -6.21257526 21.51679862 5.05014082 1.9816567 -1.53342215 -3.46549916 3.76423824 -3.55528758 -1.97529718 3.61670678 -3.7112947 -1.96701292 9.90460374 -2.46742574 6.26965802 20.88219342 -10.44652425 17.59781365 3.17929304 -7.84575346 -7.4588549 39.94178209 -56.73549113 3.93290429 0.00036079 -87.40046315 0.00035255 26.98453559 11.98171901 -30.79159591 0.45494872 0.12249362 5.07611756 5.12123924 10.29780113 65.67687074 -0.00001986 15.50155472 0.00001135 -13.19533561 -12.00956297 26.98347149 -11.66718111 7.67625932 11.58080203 25.38635464 -2.71021352 4.51743608 -7.59094149 1.62703325 -15.57930903 -0.01796773 -0.00000776 -0.00000357 1.59647432 -18.76478726 -18.58679366 23.06431766 -5.45686669 -0.74390879 -17.4602334 -3.4599905 17.14040063 -1.29082587 0.00000467 -0.00000332
0.00317296 1.09913292 0.00465737 -7.0299468 21.49116244 5.45104071 2.69169546 -1.87113318 -3.49870941 4.46259307 -4.28717478 -1.79439713 4.27229023 -4.47240426 -1.80663864 9.86774333 -2.30072076 5.75981622 20.52319559 -9.92015567 16.60025683 3.2420731 -8.1999549 -7.05530572 47.49323889 -62.65262118 14.92224969 0.00003219 -81.70743618 0.0000185 27.19776368 10.57786148 -37.50438963 0.42931184 -0.06286436 4.48615044 4.20331438 10.95694869 66.13999226 -0.00000149 15.68237001 0.00000307 -13.30078372 -11.84994331 27.30792836 -11.14336048 7.8190278 11.51431762 25.63804481 -2.92606104 4.52436944 -7.63300679 1.6256704 -15.49819117 -0.05160422 0.00001976 -0.00000736 1.88180426 -19.00807924 -18.87074229 23.56899591 -5.14337858 -0.82105549 -17.6370444 -3.48214574 17.11579822 -1.4131976 0.00000119 0.00000425
0.00308422 1.09849281 0.0021017 -7.63859124 21.32126298 5.74119668 3.30691092 -2.26633542 -3.42698606 5.03977309 -5.12152477 -1.55373405 4.80365291 -5.33195484 -1.59303082 9.81769911 -2.07874542 5.06116638 20.17470039 -9.18981691 15.31261318 3.32380132 -8.5217918 -7.06221083 56.43924066 -66.15100445 25.95326854 0.00004737 -76.20281434 0.00003767 27.73495641 7.7506395 -40.03408047 0.39295299 -0.25239437 3.64235506 3.11697435 11.88044777 66.92218334 -0.00001487 15.66460983 0.00002652 -13.17274166 -11.85638624 27.53516345 -10.80054518 7.90226028 11.45389567 25.94740634 -2.91237583 4.4871657 -7.69532275 1.62582534 -15.41115112 -0.06976198 0.00001233 0.00000106 1.80795388 -19.1693578 -19.22133275 24.23245163 -4.70921219 -0.88607257 -17.83315888 -3.48560347 16.94597583 -1.50417116 0.00000273 0.00000582
0.00342906 1.09793922 -0.00074571 -8.06185335 20.9327748 5.87231698 3.83341758 -2.7001264 -3.23249775 5.54627571 -6.02088536 -1.24844202 5.26663395 -6.25155928 -1.31948102 9.74871474 -1.80661155 4.25480747 19.84313254 -8.2775581 13.96987746 3.40651604 -8.75516234 -7.40465998 62.73692828 -68.09776925 33.42987646 0.0000695 -72.21390115 0.00005142 28.89509895 5.40957907 -39.8313548 0.35299169 -0.34366142 2.59482429 1.85231515 12.95949746 68.00878914 0.00000654 15.57181121 0.00000543 -12.97967155 -11.83435909 27.40784614 -10.57350954 7.95358739 11.42344191 26.29336128 -2.65110314 4.47650236 -7.79848097 1.63575865 -15.36997347 -0.07332714 -0.00001574 -0.00001151 1.57122165 -19.20669018 -19.52029991 24.77875102 -4.15613355 -0.98693038 -17.91811705 -3.47972851 16.82903149 -1.5457613 0.00000764 0.00000488
0.00406527 1.09753975 -0.00369862 -8.33782548 20.18840324 5.89571301 4.29929365 -3.10980934 -2.98860553 6.02514756 -6.86556909 -0.94843545 5.70860527 -7.11329736 -1.05312095 9.67016486 -1.51468745 3.46158161 19.52219205 -7.2633819 12.67469592 3.46532503 -8.82940178 -7.99062949 65.04309409 -69.69377782 36.55648741 0.00002241 -69.61637459 0.00002084 30.15167886 4.32164024 -39.53719766 0.3156053 -0.34016229 1.44837732 0.46178771 13.99296697 69.33360746 0.00000728 15.49098515 0.00001551 -12.93661809 -11.53360038 27.06420821 -10.33502387 8.1110254 11.42178919 26.58382683 -2.12020264 4.45956982 -7.92196962 1.6532825 -15.37759096 -0.0671226 -0.00002361 -0.00000248 1.1286257 -19.06746852 -19.83164178 25.28565619 -3.40613378 -1.13879286 -17.92497308 -3.45918754 16.7147914 -1.55259684 0.0000037 4.7e-7
0.00477434 1.09720711 -0.00667506 -8.45970202 19.05112569 5.89674786 4.71490418 -3.42793384 -2.80154636 6.45651451 -7.52528836 -0.74665694 6.11074798 -7.78862099 -0.88473628 9.61744932 -1.25774829 2.79988775 19.24471195 -6.35691367 11.53144388 3.49190377 -8.73559427 -8.7315294 65.02354615 -71.21775151 37.11278891 0.00002337 -67.96326252 0.00000985 31.25033119 3.68737252 -40.11479775 0.28569074 -0.26759082 0.36400803 -0.80440204 14.73019088 70.73128631 -0.00001185 15.55598954 0.00003766 -13.11253813 -11.01830119 26.75556393 -9.9940209 8.19565248 11.35020763 26.75037546 -1.08828362 4.35190383 -8.03256965 1.67588505 -15.46120883 -0.04255192 0.00001312 0.00000256 0.2647655 -19.02066119 -20.41951447 25.86617122 -2.05793763 -1.25926802 -17.91794315 -3.41586043 16.50841519 -1.52249475 0.00000736 -0.00000659
0.0053741 1.09676483 -0.00962749 -8.45482197 17.6781573 5.88989744 5.0901116 -3.63267833 -2.69583582 6.81439415 -7.95756369 -0.64157999 6.4459447 -8.2359701 -0.81229656 9.6195361 -1.06800117 2.30127575 19.06418282 -5.70659761 10.5938972 3.4995266 -8.56079678 -9.48997197 64.30491226 -72.99896089 36.61227512 0.0000524 -66.21389555 0.00003879 32.26199719 2.50683061 -41.31850146 0.27529308 -0.08203334 -0.4452159 -1.62692831 15.07153217 71.86052987 0.00001543 15.85941596 7e-7 -13.49694072 -10.5659972 26.402718 -9.65035364 8.2732424 11.20678063 26.87046752 0.21440506 4.24869259 -8.13827217 1.70492343 -15.62334602 -0.01416372 -0.00000937 0.00000323 -0.89070885 -18.87402267 -21.11495559 26.57776796 -0.48689628 -1.39900006 -17.93781254 -3.36766229 16.26089271 -1.48065913 0.0000027 0.00000259
0.00583317 1.09608597 -0.01247113 -8.39652609 16.30697897 5.83504381 5.42810486 -3.75018854 -2.61404091 7.1107858 -8.21618377 -0.54818204 6.72556003 -8.50949824 -0.7493507 9.65530457 -0.92469027 1.90743684 18.99231486 -5.19470054 9.70239614 3.50509979 -8.42931656 -10.09059991 62.69811429 -75.59513069 34.69516343 0.00004086 -63.42629472 0.00003079 32.9144795 0.58583147 -43.19867895 0.28841409 0.19937481 -0.85808768 -1.96698664 15.24029401 72.43759525 0.00001292 16.24591582 0.00001068 -14.03261985 -10.26243064 25.7906389 -9.43831521 8.40188189 11.13888745 27.09964281 1.44722684 4.13396614 -8.28360825 1.73993333 -15.78620839 -0.01219588 -0.00001441 -0.0000029 -2.0732205 -18.59141542 -21.70127504 27.35381606 0.95931645 -1.55114271 -17.98191616 -3.32317661 16.01798334 -1.43986648 -7.8e-7 -0.00000433
0.00626888 1.09518623 -0.01508528 -8.39433005 15.14754779 5.74602857 5.75054677 -3.83978842 -2.50498821 7.41367145 -8.4254591 -0.40792448 7.01465783 -8.73541556 -0.63732565 9.66276824 -0.76843496 1.50778129 18.9511348 -4.53585703 8.59900406 3.51401203 -8.36602184 -10.51470856 59.4686289 -78.77912238 30.84581471 0.00003623 -59.59412661 0.00002778 32.98998621 -1.64322829 -45.91219829 0.30039227 0.39698627 -1.08930104 -2.2223643 15.63290011 72.64220509 -0.00000196 16.4031363 0.00000543 -14.3795462 -10.09019224 25.18332813 -9.33458727 8.49807331 11.169701 27.48175 2.43782076 4.01446172 -8.48555211 1.78039068 -15.91565733 -0.01195397 -1.1e-7 -0.00000133 -3.05317119 -18.31908752 -22.10455768 28.09122631 2.14786982 -1.71976244 -18.03951342 -3.28785528 15.81468874 -1.41300849 -0.00000583 -0.00000537
0.0067559 1.09416855 -0.01739669 -8.59224294 14.3478547 5.72773332 6.1251767 -3.96817937 -2.3750743 7.81926325 -8.72625902 -0.24600809 7.401939 -9.05831173 -0.50737251 9.60231051 -0.55149808 1.00689006 18.83506892 -3.57406491 7.199394 3.5269171 -8.29700649 -10.86378293 56.64287869 -81.37709808 27.67981541 0.00000721 -55.65035989 0.00000123 32.53059956 -3.82573987 -49.09926658 0.28852668 0.38536749 -1.49162152 -2.82762133 16.41414059 72.94325152 0.00000366 16.21244738 7.1e-7 -14.24985711 -10.10137574 25.10291195 -9.19857801 8.58338996 11.21307149 27.94175358 3.03613161 3.92943542 -8.70973553 1.81656927 -15.97964977 -0.00914588 0.00000684 6.4e-7 -3.66143384 -18.19652097 -22.45476272 28.74620605 3.07721437 -1.81906711 -18.13026192 -3.26191767 15.62620455 -1.40444878 -0.00000114 0.00000321
0.00724354 1.0930957 -0.01949438 -9.06247715 13.90302977 5.88234627 6.61295644 -4.15748389 -2.26066515 8.3698834 -9.16180941 -0.13214561 7.924788 -9.52264576 -0.43693965 9.48362462 -0.2494529 0.39077693 18.59807835 -2.24651544 5.54576992 3.54759993 -8.20576897 -11.11914698 59.36170577 -82.48883626 30.72230975 0.00002269 -52.71390613 0.00001202 31.50404624 -5.85307691 -52.24867199 0.25593957 0.23657923 -2.12972328 -3.8300001 17.37759671 73.55479702 -0.00000173 15.85602276 0.00002174 -13.89109464 -10.20263093 25.60074071 -8.92404099 8.76955719 11.22244627 28.40150615 3.1712747 3.82592704 -8.91603383 1.83779729 -15.91686468 -0.00635802 0.00002804 0.00000463 -3.85823121 -18.20680062 -22.82318042 29.33547969 3.71558931 -1.92782492 -18.26347932 -3.26137418 15.53464729 -1.39032831 0.00000674 0.00000315
0.00769824 1.09195877 -0.02167929 -9.6992149 13.6158986 6.17634455 7.20539901 -4.36650239 -2.15548948 9.02460426 -9.64096768 -0.07192972 8.54754767 -10.03445242 -0.43275001 9.32657262 0.21004969 -0.34847907 18.18656736 -0.16332321 3.46689642 3.57147752 -8.15646175 -11.21850414 66.15784911 -82.07018288 38.48853496 0.00000144 -51.52347074 4.5e-7 29.99001721 -7.48808211 -54.98479173 0.21879803 0.08105048 -2.82731373 -5.00139638 18.26885586 74.31011344 0.00000657 15.57883378 0.00000137 -13.70197703 -10.14698582 26.21996198 -8.51600677 8.94796762 11.17136224 28.83309141 3.12822853 3.6580048 -9.09617183 1.84761248 -15.77292928 -0.0065705 0.00000487 -9.9e-7 -3.90456225 -18.34145512 -23.26896598 29.93558476 4.29202934 -2.10954798 -18.42588639 -3.27998247 15.51799055 -1.35940064 -7.5e-7 6.8e-7
0.00818415 1.09075623 -0.02430798 -10.29355436 13.25386724 6.44975501 7.83439672 -4.53042156 -2.00198748 9.7158859 -10.03051006 0.02649814 9.21391704 -10.45774321 -0.39471629 9.12337316 0.95852435 -1.28878487 17.4851178 3.42539298 0.52429648 3.58438181 -8.18541993 -11.22114219 70.63001331 -80.81986419 44.42691555 0.00002924 -52.08814017 0.00001707 28.0845997 -8.38340586 -56.86062936 0.1880423 -0.02031794 -3.46318547 -6.17049277 19.03774527 74.94902249 -0.00000721 15.47628437 0.00002967 -13.71700965 -9.8520378 26.47047245 -8.141133 9.06993825 11.10121491 29.28133983 3.19563922 3.47848914 -9.2704589 1.85715435 -15.64377272 -0.00782006 -0.00001787 -0.00000153 -4.05859601 -18.40477976 -23.69944624 30.58933499 4.88392199 -2.35563036 -18.57232332 -3.29789484 15.51540907 -1.31252813 0.00000154 0.00000122
0.00877162 1.08957268 -0.02744224 -10.68560836 12.74466171 6.60471545 8.40580978 -4.610616 -1.78631843 10.36711867 -10.25187335 0.21669045 9.85418588 -10.71129977 -0.25616842 8.85683194 2.0628638 -2.46350529 16.51543187 9.00927911 -3.55995144 3.58374613 -8.28281926 -11.19700142 72.53440911 -79.41359089 48.04528582 0.00002307 -53.69153269 -0.00001152 25.34384747 -8.4048522 -57.56469291 0.16843416 -0.05697859 -3.95396558 -7.23375743 19.74436862 75.280094 0.00000144 15.49521544 -0.00004195 -13.72672092 -9.53305271 26.2693094 -7.96888482 9.2401575 11.05224908 29.75330633 3.41836032 3.35064114 -9.43041579 1.86947077 -15.55983337 -0.00867715 0.00000358 -0.0000036 -4.38683536 -18.15864551 -23.96666049 31.27385166 5.30721012 -2.65772437 -18.66636277 -3.31190187 15.5376122 -1.27263017 0.00000796 0.00000389
0.00945599 1.08854576 -0.03074534 -10.82912639 12.19632206 6.69011015 8.83841066 -4.61648471 -1.56942189 10.88771304 -10.31358081 0.43197283 10.37647846 -10.79820346 -0.07518036 8.53796578 3.45515707 -3.78849568 15.58202189 16.37456621 -8.59554975 3.58447373 -8.4275618 -11.10990718 73.88319021 -78.02129614 50.95611629 0.00001107 -55.52782168 0.00000279 21.51387279 -7.80688426 -57.2721291 0.1673388 -0.0159317 -4.15721539 -8.06635303 20.44497403 75.18839878 0.00000182 15.47949764 -0.00000513 -13.64779173 -9.44951904 25.96811864 -7.97591099 9.25504524 10.95425842 30.16666452 3.88886922 3.19769666 -9.53927866 1.87777341 -15.51472495 -0.00993899 -0.00000289 0.00000376 -4.96744963 -17.85844471 -24.22427938 31.91709045 5.7479142 -2.94266704 -18.70129363 -3.31578982 15.54601912 -1.23267912 -0.00000559 -0.00000361
0.01012914 1.08777237 -0.03381014 -10.77987468 11.79173219 6.75860842 9.11542922 -4.58802412 -1.39716644 11.23814255 -10.28587488 0.59985664 10.73599512 -10.78498613 0.07425185 8.20533651 4.99344868 -5.16827349 15.05823264 24.76903395 -14.09375292 3.59732457 -8.5864905 -10.912732 74.97240426 -76.78421769 53.13728281 0.00001627 -57.15239733 0.00000653 17.58532437 -7.10944029 -56.57134521 0.18379704 0.09603921 -4.09385799 -8.70272147 21.17524674 74.80959411 0.00000513 15.18115089 0.00001107 -13.56118441 -9.56854619 25.91537566 -8.1344256 9.13926536 10.77216604 30.46314453 4.37638722 3.09607812 -9.57958615 1.87956493 -15.49680856 -0.00966525 -0.00000417 -0.00000305 -5.62854132 -17.58180101 -24.4862827 32.43200567 6.09421011 -3.13160923 -18.69578231 -3.31259343 15.54884292 -1.18733686 6.9e-7 -3.6e-7
0.01060307 1.08727928 -0.03645218 -10.63731733 11.71896772 6.78357468 9.27741252 -4.5595545 -1.26218229 11.46038203 -10.24256059 0.72851584 10.96924203 -10.74834102 0.1941169 7.89555331 6.52620489 -6.55863402 15.10517436 33.25763524 -19.52458158 3.618761 -8.7365211 -10.64701322 75.43110925 -75.94854514 54.20466905 0.00005322 -58.32606164 0.00004504 14.77180935 -6.49412394 -56.02339584 0.19875804 0.21406509 -4.08074855 -9.35716161 21.89205022 74.57579494 0.00000178 14.44401671 0.00000591 -13.51891392 -9.61298056 26.14973219 -8.48166743 9.00611893 10.64845508 30.69877 4.57408546 3.04635267 -9.56253274 1.86962462 -15.4346735 -0.0086587 0.00000388 9.2e-7 -6.09350842 -17.35089148 -24.59451344 32.72218995 6.09106492 -3.21710987 -18.65128498 -3.31551477 15.61577997 -1.14040774 0.00000165 -0.00000847
0.01071437 1.08707542 -0.03862121 -10.48774057 12.12014151 6.73977253 9.36893952 -4.53793595 -1.15551475 11.62441924 -10.20686837 0.83918127 11.14388846 -10.7159501 0.30317941 7.60934077 7.93872056 -7.88266369 15.62664048 41.07968593 -24.38294199 3.65058381 -8.91998 -10.34445285 75.69866353 -75.45182662 54.89682436 0.00001465 -58.94236888 -0.00001318 13.08975863 -5.54986024 -55.62230869 0.20430103 0.32832059 -4.2943258 -9.99718336 22.38514355 74.68419449 -0.00000468 13.54755916 -0.00000215 -13.49103459 -9.57340002 26.49561578 -9.01065122 8.82489792 10.6441916 30.90660445 4.3444663 3.07360476 -9.49147201 1.84718837 -15.31352571 -0.00927243 0.00000116 -0.00000225 -6.20390293 -17.27490291 -24.49763739 32.73502843 5.66141022 -3.15421328 -18.57037745 -3.32774889 15.74621962 -1.10488738 0.00000531 -0.00000305
0.01039825 1.08715088 -0.04018678 -10.39394336 13.01094414 6.65496778 9.40483634 -4.50299095 -1.09298286 11.76502919 -10.13319114 0.89658248 11.29834293 -10.64036006 0.3690838 7.30801717 9.1929251 -8.97151827 16.41186332 47.88481277 -28.20908887 3.70234673 -9.21974485 -9.91483253 76.508923 -74.80166635 56.43744912 0.00005407 -59.41955848 0.00004344 11.72764997 -3.83347318 -54.75983068 0.23704683 0.6241463 -4.340406 -10.04543475 22.34499685 74.60630454 -0.00001573 13.18964967 0.00000223 -13.46528144 -9.85982184 26.74775825 -9.64426651 8.61717337 10.70856724 31.05928905 3.65041806 3.24643587 -9.36172118 1.81617172 -15.16026727 -0.0109077 -0.00000149 -5.4e-7 -5.88331203 -17.33241754 -24.2082816 32.49342033 4.76461073 -2.91976086 -18.47837524 -3.34832152 15.91842311 -1.07419622 0.0000015 -0.00001087
0.00960786 1.08747673 -0.04090288 -10.39501528 14.29323486 6.53540376 9.35656609 -4.42494139 -1.06743498 11.84815946 -9.94386538 0.87308623 11.40707656 -10.43594728 0.36877398 6.96457227 10.28517583 -9.65906206 17.27834164 53.5329125 -30.74760174 3.76847349 -9.67577021 -9.17528343 77.36905612 -73.56106303 58.7606415 0.00002932 -60.71856196 0.00001084 10.08886222 -1.48754177 -52.84904025 0.34284084 1.34463597 -3.64945081 -8.82589023 21.5570132 73.59585216 0.00000679 13.83307978 -0.0000084 -13.49991837 -10.5620741 26.77818906 -10.2934309 8.41060492 10.90554695 31.1645815 2.53074664 3.44210609 -9.19634027 1.77611005 -14.94595853 -0.01004554 0.0000091 -0.00000703 -5.14756736 -17.58629984 -23.70638234 32.01234328 3.52771706 -2.63372231 -18.37621412 -3.37868542 16.16068021 -1.01490581 3e-7 0.00000403
0.00824979 1.08808166 -0.0405252 -10.47407486 15.85387447 6.29920792 9.1662597 -4.2840697 -1.01547371 11.79428241 -9.58740201 0.82939334 11.39778127 -10.04494172 0.3652087 6.6080211 11.15271839 -9.86362537 17.99131153 57.75008147 -32.02664402 3.83084188 -10.25345431 -7.99645971 76.40618555 -71.71303109 60.05500646 -0.00000135 -63.92916522 -0.0000119 8.28835547 0.90080181 -49.68041192 0.49281014 2.48279043 -2.21491885 -6.34140206 19.99328122 71.6658236 -0.00001215 15.12021403 0.00000602 -13.5777799 -10.98689267 26.61516271 -10.95071702 8.24273165 11.32363711 31.24015582 1.04232542 3.67289137 -9.02053403 1.73409833 -14.71686823 -0.00861061 -0.00000272 0.00000321 -3.989269 -17.96380903 -22.90069266 31.29157592 2.01193728 -2.25017447 -18.26150244 -3.40143029 16.37028885 -0.93873013 -1.3e-7 0.00000299
0.00636676 1.0889714 -0.03902813 -10.54101009 17.53547242 5.87884892 8.80482219 -4.07035574 -0.8917097 11.54563864 -9.05115961 0.84076324 11.21096179 -9.45709317 0.43134494 6.30045049 11.68846548 -9.58727381 18.17160907 60.25130176 -32.231144 3.87246056 -10.80758511 -6.54899255 71.97053854 -69.28050492 58.30366767 0.00008041 -70.00451364 0.0000842 7.35850251 2.91574195 -45.20202789 0.61043559 3.68378071 -0.60190293 -3.26683145 17.88663804 69.59029168 -0.00001223 16.22213653 0.00001717 -13.46468081 -10.52200272 26.4205714 -11.66055587 8.16155239 11.96240751 31.28720934 -0.69358814 4.01704563 -8.84761828 1.70034494 -14.54889707 -0.00957048 1.4e-7 0.00000314 -2.44853618 -18.22380258 -21.67991496 30.31166994 0.18232501 -1.78170804 -18.10251507 -3.41201799 16.54356225 -0.88675144 8.1e-7 -4.7e-7
0.00432842 1.09007751 -0.03672688 -10.50522248 19.02894832 5.35356377 8.31754123 -3.7733455 -0.73214956 11.10948973 -8.33391471 0.88715636 10.84310018 -8.6805004 0.54019686 6.08424985 11.87619403 -8.95427979 17.68585212 61.17005207 -31.66974035 3.86886247 -11.10666621 -5.31317773 63.44998331 -66.0999573 52.20196712 0.00004555 -79.18715798 0.00002753 8.68070475 4.88304704 -39.84997824 0.6701528 4.53703503 0.73173873 -0.19110453 15.61254325 67.94619271 0.00000495 16.69949757 0.00000658 -12.95470392 -9.61348946 26.29287415 -12.32817861 8.11546765 12.67685905 31.24719856 -2.27843471 4.35539958 -8.67763004 1.67676266 -14.4639541 -0.01013509 -0.00000472 -0.00000107 -0.88888055 -18.30149132 -20.24019287 29.2048767 -1.64068674 -1.42946856 -17.89403583 -3.41687817 16.71211281 -0.83842048 0.00000571 -0.00000224
0.00258462 1.09132317 -0.03398153 -10.338063 19.88257326 4.86854272 7.78727835 -3.38253127 -0.59371614 10.53546093 -7.42698432 0.88829484 10.33410771 -7.71349829 0.60359384 5.95672128 11.85502477 -8.20830155 16.909689 61.16482112 -30.73071737 3.7880201 -10.95069944 -4.73643622 50.34278552 -61.91169374 40.64112068 179.99724878 -89.59451731 179.99723117 12.04107342 7.66274118 -34.88270784 0.68802963 4.92070616 1.7873253 2.73085723 13.34036323 66.69315746 -0.00001677 16.76220417 0.00000732 -12.19039069 -9.20330197 26.15543697 -12.71690202 8.13356486 13.28960433 31.01544515 -3.22443801 4.53780906 -8.52352113 1.66231162 -14.4831761 -0.0088485 -0.00003287 -0.000002 0.18105981 -18.34823106 -19.16275294 28.2221392 -2.67591203 -1.12907971 -17.69850986 -3.39090971 16.68603094 -0.78595946 0.00000774 -0.00000373
0.00125173 1.09266517 -0.03077123 -9.99106818 19.67932339 4.44639377 7.24577992 -2.89580358 -0.4975824 9.84852614 -6.32596615 0.79102999 9.70563279 -6.55293578 0.56519046 5.87645592 11.80659171 -7.54564757 16.24433224 60.99218327 -29.68213328 3.61469288 -10.26046018 -4.93268644 33.39149211 -55.25141736 24.48666163 179.99999135 -78.06294535 179.99997535 14.45520701 11.1883308 -30.81993992 0.6832637 5.00241527 2.7093034 5.51906771 11.00582402 65.65094232 0.00000835 16.80962857 -0.00002054 -11.52647944 -9.53451397 25.93984661 -12.64132956 8.2568712 13.69735237 30.50712437 -3.13973063 4.60789991 -8.42685897 1.67577407 -14.73137913 -0.00784197 -0.00000367 0.00000357 0.46043895 -18.31755663 -18.66081918 27.53835341 -2.53083781 -0.94180241 -17.56462678 -3.32759522 16.4191074 -0.70181676 0.00000271 9.8e-7
0.00016955 1.0940387 -0.02683236 -9.37609992 18.36058273 3.99469022 6.66214503 -2.33834611 -0.47059558 9.04002974 -5.08457451 0.56845582 8.94658911 -5.25418795 0.39871354 5.78549546 11.802705 -6.90195153 15.7047064 61.0213569 -28.69987974 3.38461243 -9.19462299 -5.58296 17.01604771 -43.60656041 9.17917623 179.99996341 -67.72001065 179.99995132 12.88809365 13.60267503 -26.44827973 0.67343925 5.03106977 3.58918291 8.14338538 8.51464525 64.78644345 -0.00000996 16.99666819 -0.00004798 -11.21361683 -10.16093291 25.88059699 -12.27987279 8.72021726 14.16998616 29.80201073 -2.24759567 4.38327613 -8.42435886 1.71188387 -15.07231607 -0.00597847 -8.2e-7 0.00000181 -0.02974475 -17.93500392 -18.40838838 27.15544833 -1.57676658 -1.11216095 -17.47224676 -3.25717589 16.10510957 -0.57196789 0.0000032 -0.00000576
-0.00073645 1.09534386 -0.02228991 -8.52745132 16.34282054 3.46541503 6.03442493 -1.76864973 -0.55977956 8.14203871 -3.83427781 0.21078919 8.0848231 -3.95472413 0.09242861 5.65601515 11.79288853 -6.03270456 15.01924701 61.20986592 -27.85458723 3.16503131 -8.15492835 -6.10451394 3.36679445 -27.0611893 -0.61945651 179.99997793 -61.77752682 179.99995945 7.97166981 12.5356291 -22.08701816 0.66485794 5.13520774 4.56985749 10.48534757 5.85882628 64.05814727 0.00000482 17.19475306 0.00001278 -11.34614067 -10.68106273 26.30192858 -11.7661883 9.17011266 14.54355921 28.99681891 -0.55589092 4.1897833 -8.48306552 1.77534932 -15.64111832 -0.00366818 -0.00000146 -0.00000246 -1.11471153 -17.5238118 -18.47999815 26.96725445 0.16901713 -1.13155999 -17.40248945 -3.14627117 15.53765211 -0.48882433 0.00000184 9.8e-7
-0.00136635 1.09649048 -0.01790985 -7.62169072 14.20871139 2.8797499 5.42365454 -1.25883192 -0.73786704 7.24138506 -2.73232383 -0.19992713 7.20619986 -2.81739517 -0.27694324 5.52778522 11.72607349 -4.94690469 14.02988411 61.39798116 -26.99691495 2.98842851 -7.44811601 -6.08302054 -8.98641774 -10.08804441 -3.88903084 179.99997491 -63.13702264 179.99995455 3.81918626 9.50686265 -20.01451422 0.65235688 5.23507515 5.61973032 12.33740623 3.20193496 63.44759424 0.0000145 17.1954775 -0.00001229 -11.9495877 -11.04210379 27.03204064 -11.26453584 9.39412112 14.80035578 28.25205277 1.4968193 4.14816614 -8.56532435 1.85143789 -16.34858122 -0.00653108 -0.00000864 -0.00000393 -2.33795131 -17.18516181 -18.5641152 26.77767771 2.11024656 -1.05508858 -17.27693623 -3.02032076 14.90499266 -0.51497389 -0.00000147 -2.3e-7
-0.00170424 1.09742996 -0.01456373 -6.7990032 12.44367624 2.2838235 4.885823 -0.89195411 -0.8827413 6.4105055 -1.94522294 -0.49674973 6.38687318 -2.00836997 -0.54714982 5.46208273 11.63509479 -4.04365153 13.0231641 61.51628818 -26.12096338 2.83905823 -7.02329858 -5.46866544 -20.40747487 2.35910339 -2.16338661 179.99995755 -70.73991137 179.99994796 3.57187929 7.79047724 -19.3321477 0.63801305 5.18137907 6.34093096 13.53728727 0.83024404 63.0968542 3e-7 16.99963457 0.00000703 -12.94279278 -11.32234018 27.50852242 -11.06314886 9.66306115 15.16390291 27.74766897 3.09064227 4.10473184 -8.64938739 1.91055445 -16.88335874 -0.05432287 -0.00000728 0.00000704 -3.29120428 -16.74887182 -18.38161806 26.49147598 3.48518561 -1.00718288 -17.06926085 -2.9155266 14.45509056 -0.65468613 -0.00000553 -0.00000187
-0.00190236 1.0981958 -0.01256496 -6.09098036 11.38193321 1.74935804 4.44182359 -0.73414861 -0.91156353 5.69082009 -1.59806018 -0.58504998 5.67200834 -1.64894667 -0.62448389 5.46173866 11.59017793 -3.66949899 12.57591326 61.58949027 -25.72702981 2.69341415 -6.70737543 -4.4514962 -29.28580912 7.76474309 1.39767191 179.99989258 -84.14683103 179.99988118 4.92003768 8.70684857 -17.01977694 0.62883014 4.9106595 6.37626959 14.19093186 -0.98673981 63.15936618 -0.00001184 16.93625108 0.00001299 -14.15128032 -11.39615874 27.40787065 -11.20256206 9.76736764 15.54213258 27.46808369 4.0732932 4.05416009 -8.68675833 1.94272939 -17.2038583 -0.08804889 -2e-8 0.00000307 -3.86265741 -16.28991783 -17.92344936 26.11184038 4.02028731 -1.07200315 -16.82453069 -2.85787443 14.28446532 -0.80212214 0.00000331 0.00000281
-0.00208341 1.09883293 -0.01164075 -5.51362135 11.07544538 1.3420955 4.11756617 -0.76019614 -0.87321386 5.12853843 -1.63666495 -0.52408493 5.10975971 -1.68272914 -0.56409998 5.47554729 11.62052868 -3.78378445 12.99797661 61.62749503 -26.22180498 2.572065 -6.51764827 -3.35221514 -34.37405238 6.57367213 4.18316132 0.00010338 -75.95448977 0.00008044 2.39759434 10.7526295 -10.9921001 0.61996645 4.37302164 5.74403476 14.6021906 -2.02536499 63.63205249 8.4e-7 17.33587651 -0.00001258 -15.34460807 -11.00009138 26.9356434 -11.6043794 9.72769736 15.83530801 27.32347077 4.41202782 4.0491029 -8.65226543 1.94724218 -17.33238084 -0.08607435 -0.0000156 -4.8e-7 -4.03236438 -15.77429328 -17.25275637 25.68659634 3.62809293 -1.30210661 -16.59753156 -2.86149899 14.42340381 -0.92408466 0.00000142 -0.00000211
-0.00217596 1.09931335 -0.01138075 -5.10831346 11.24382601 1.08233904 3.95104176 -0.87653133 -0.89589417 4.759362 -1.87241048 -0.46008666 4.73608922 -1.92079199 -0.50677972 5.45913408 11.71529042 -4.10428807 13.95992289 61.65634254 -27.13018116 2.51408502 -6.55432881 -2.40678196 -37.21885719 0.37207895 5.77850779 0.00001181 -50.41937943 0.00001084 -5.87031901 10.59993673 -2.67173565 0.5947766 3.53841643 4.70864976 14.88365305 -2.2017785 64.37499172 -0.00001211 18.10367451 0.00000306 -16.15553166 -10.20788865 26.56456329 -12.08048797 9.67673777 16.03708527 27.26489966 4.27272331 4.05522308 -8.58610353 1.93416229 -17.30921945 -0.08462701 0.00001442 -2.9e-7 -4.00032587 -15.45568392 -16.75036146 25.30213767 2.98669916 -1.40819633 -16.42255124 -2.8723206 14.58869026 -1.00085522 0.00000607 -9.1e-7
-0.00200539 1.09956024 -0.01156606 -4.88222358 11.52562996 0.93482402 3.94924589 -1.04056677 -1.06627653 4.57425481 -2.21597311 -0.50439439 4.53985564 -2.27291312 -0.56283567 5.40356574 11.87627543 -4.40021463 14.84802583 61.88800559 -27.59187839 2.49506322 -6.73579984 -1.49870636 -39.6582483 -7.50055675 6.8918454 0.00000593 -24.98132221 -5e-7 -15.72509019 8.48466628 3.31037413 0.54550357 2.61146495 3.65650463 14.80212479 -1.79603504 65.12116416 0.00001264 18.82875396 0.00000447 -16.31798465 -9.57275487 26.46620528 -12.44969656 9.5743827 16.12283354 27.29278013 4.05564207 4.08489297 -8.54891336 1.92401307 -17.25241773 -0.10390618 -0.00000242 0.00001044 -3.95742314 -15.42631645 -16.56953833 25.04464007 2.62176207 -1.30620972 -16.30725255 -2.86307072 14.62803776 -1.0130094 -5.6e-7 0.00000198
-0.00145868 1.09962128 -0.0121714 -4.78477695 11.71961259 0.8159769 4.07349312 -1.26951302 -1.34576043 4.5346313 -2.69569586 -0.64520896 4.48055077 -2.76529424 -0.72239314 5.32902604 12.12002571 -4.61511465 15.4843964 62.59099579 -27.55687295 2.44298424 -6.84006141 -0.33623475 -41.07047854 -12.48822166 7.94256786 -0.00000589 -7.59665143 0.00000486 -23.42501401 8.40123802 5.96738792 0.49718524 1.92185459 2.97718791 14.15327725 -1.33532292 65.5763599 -0.00001458 19.2695742 0.00000422 -16.189666 -9.49777661 26.35591998 -12.70739293 9.44181266 16.15773649 27.41976743 3.91439949 4.14703109 -8.57492974 1.92670462 -17.21260676 -0.12578837 0.00001016 0.00000414 -3.92716766 -15.4972923 -16.51814873 24.8761135 2.47238678 -1.1612933 -16.19893175 -2.84490797 14.62387413 -0.99964719 0.00000525 6e-8
-0.00047367 1.09971558 -0.01314693 -4.73275808 11.74749153 0.64990998 4.25093387 -1.53969804 -1.61003838 4.5831341 -3.25913424 -0.77922557 4.50399054 -3.34240812 -0.87984581 5.26935873 12.42651731 -4.79690346 16.2442618 63.72591164 -27.8368724 2.33257072 -6.76844564 1.04005943 -39.93951396 -12.73180091 8.92181237 -0.00002436 -0.5115005 0.00000514 -28.4650274 10.68979227 7.11902089 0.47533489 1.58988854 2.80586595 13.12790862 -1.16695034 65.66305002 0.00000206 19.51618335 -0.0000161 -16.60619869 -9.70192261 26.00954849 -12.92229337 9.3640323 16.220281 27.60645844 3.87819529 4.23494771 -8.64503948 1.93800976 -17.18728216 -0.15292537 0.00001966 -0.00000373 -3.87976145 -15.52032909 -16.43261571 24.64939051 2.45483037 -1.05601629 -16.02400206 -2.81533744 14.62785009 -0.98408385 0.00000164 -0.00000242
0.00099818 1.10003609 -0.01416483 -4.64593145 11.54486587 0.44036778 4.38112096 -1.76329977 -1.76851105 4.6343361 -3.72512512 -0.83461339 4.53335215 -3.81927123 -0.95473639 5.25105469 12.71988947 -4.98543592 17.40507158 64.88042675 -28.91796148 2.21254183 -6.61805738 2.21070419 -36.78038043 -10.16749948 9.64756478 -0.00000836 0.56213278 0.00000225 -32.07984213 12.46440553 7.40064618 0.47817223 1.56336967 2.97175979 12.20425171 -1.33007647 65.60135363 -0.0000048 19.73582436 0.00000676 -17.887567 -9.60998078 25.62663635 -13.06689459 9.33513109 16.28772339 27.74744076 4.05099696 4.30956703 -8.7288584 1.95053277 -17.18308265 -0.18407392 0.0000015 0.00000229 -3.86116657 -15.4586677 -16.30496349 24.29338044 2.55352542 -1.01779256 -15.74630703 -2.77712928 14.65688049 -0.95787385 7.2e-7 -0.00000213
0.00285792 1.1005603 -0.01469964 -4.5060979 11.10063407 0.25858477 4.3934336 -1.86327114 -1.81628908 4.62310748 -3.93348033 -0.82887987 4.51171767 -4.03233101 -0.95642584 5.27336021 12.90992053 -5.18390111 18.61083426 65.57631751 -30.22893426 2.13343426 -6.4898427 2.880024 -33.73952123 -7.63037103 9.85216566 9.2e-7 0.24715179 -0.00000459 -35.38056542 12.26794829 7.32923021 0.49287761 1.7602702 3.18957469 11.7606052 -1.64538596 65.72087136 -0.00000438 19.95303441 0.00000168 -19.31575049 -9.15550375 25.52161945 -13.06750872 9.34263938 16.30867466 27.77301925 4.45267266 4.31144997 -8.82307939 1.96388341 -17.19467235 -0.22566536 0.00001066 0.00000133 -3.93676262 -15.37883287 -16.23837495 23.86721079 2.83726408 -1.04304487 -15.41665028 -2.73700266 14.69688408 -0.89212811 0.00000745 0.0000065
0.0047591 1.10110641 -0.01446611 -4.37334429 10.54140389 0.15746731 4.31884717 -1.83686817 -1.79099885 4.56882822 -3.87753 -0.80770093 4.45988341 -3.97488975 -0.93078574 5.30068307 12.96265398 -5.38658067 19.28947245 65.62275504 -30.90740409 2.08614844 -6.36213674 3.13354638 -32.22834508 -6.57099863 9.51105394 0.00000299 0.41982222 0.00000692 -38.08006858 11.00224508 7.46662968 0.504462 1.965521 3.23847858 11.80626669 -1.71835335 66.15452986 -0.00000587 20.06685472 0.00002626 -19.91883748 -8.79172151 25.66726566 -12.92703029 9.43449103 16.2867576 27.71268144 4.93318746 4.24197919 -8.92730583 1.9804945 -17.20316392 -0.28099061 0.0000127 2e-8 -4.02686292 -15.26806792 -16.22145939 23.46140635 3.20927885 -1.16437193 -15.12995874 -2.71124124 14.77298138 -0.79016061 0.00000299 0.00000135
0.00629869 1.10151459 -0.01361035 -4.31076427 10.08096715 0.12780774 4.24702017 -1.74606869 -1.73202253 4.53407602 -3.68777258 -0.78494999 4.43432888 -3.78112964 -0.89903237 5.28918337 12.92888769 -5.57045569 19.41265892 65.21364294 -30.86185615 2.03812376 -6.17371555 3.19652626 -32.29428543 -6.84504835 8.94450889 4e-8 0.90611727 -0.00000578 -39.16060219 9.95863751 7.80202775 0.49950837 1.90306855 3.08178007 12.06238256 -1.24011582 66.71465381 0.00000147 19.99593264 0.00001243 -19.41745712 -8.78026659 25.82775763 -12.7173345 9.57926174 16.27091008 27.63690284 5.27235651 4.13099144 -9.03761139 1.99591568 -17.18782858 -0.3281421 0.00002181 0.00000202 -4.02501581 -15.17334448 -16.21317944 23.1396431 3.49947507 -1.32651586 -14.94239014 -2.7068995 14.87380084 -0.72516255 -0.0000032 0.00000142
0.00729077 1.10178886 -0.01248512 -4.30416867 9.87220201 0.13604703 4.21401253 -1.65627497 -1.67580075 4.5190893 -3.50076519 -0.76045748 4.42800785 -3.590706 -0.86747273 5.25058908 12.8716503 -5.68198445 19.33022178 64.64375424 -30.41557528 1.98013925 -5.93060796 3.22760346 -33.58921518 -7.48975266 8.52040881 0.00000851 0.60448476 -0.00000945 -38.56115264 9.74074346 8.59034153 0.47646939 1.56760275 2.85014224 12.2994644 -0.44695665 67.14712906 -0.00001238 19.76062931 0.00003828 -18.30837282 -8.94362256 25.90005986 -12.52675058 9.6801714 16.24252376 27.55627045 5.40991271 4.06724189 -9.11694116 2.00636938 -17.17287877 -0.3696102 0.00000766 0.00000412 -3.92665404 -15.19957221 -16.24263001 22.89538728 3.64891718 -1.38692522 -14.84355383 -2.71097717 14.9331439 -0.71930993 -0.0000037 0.00000323
0.00778598 1.10203186 -0.01136468 -4.27338685 9.91268902 0.1669153 4.17901359 -1.59224896 -1.64998497 4.44810906 -3.36394666 -0.74957526 4.36223509 -3.45050074 -0.85271371 5.28321093 12.76333624 -5.70390201 19.16544436 63.89104876 -29.54101931 1.91249346 -5.67220047 3.34915665 -36.05219534 -7.66587781 8.37396291 -0.00000275 -1.54512576 0.00001022 -37.591693 10.56613757 10.92554391 0.44990162 1.22221333 2.62285381 12.52309165 0.1293405 67.43256769 0.00000838 19.41027392 0.00000382 -17.29005791 -9.00061832 25.93179275 -12.43578426 9.72071785 16.18039315 27.44398268 5.3857129 4.06435639 -9.13163798 2.00644119 -17.15731915 -0.39538454 0.00001003 0.00000705 -3.80545802 -15.31263766 -16.32574069 22.68896427 3.66186828 -1.30062383 -14.80039694 -2.71270355 14.93009834 -0.76742247 0.00000259 0.00000355
0.00777591 1.10226135 -0.01027994 -4.16328058 10.0501488 0.19757037 4.10807847 -1.54568567 -1.66827921 4.27927747 -3.25671083 -0.7738521 4.19595125 -3.33841765 -0.87474093 5.4943331 12.50559356 -5.71138318 18.87671027 62.6337739 -28.28581937 1.81205276 -5.35216927 3.67783247 -40.21448046 -7.46411433 8.26819284 0.00000599 -5.87943883 0.00000281 -36.87912835 11.46550812 15.23986505 0.42632457 0.97691296 2.24080623 12.77690454 0.37861177 67.77691209 0.00000312 19.00945942 -0.00003124 -16.51962353 -8.98005952 26.05790904 -12.42294157 9.66215567 16.08126955 27.27789768 5.38418701 4.10662531 -9.08256046 2.00142807 -17.1836507 -0.40185503 0.0000065 -0.00000237 -3.7515652 -15.39314845 -16.38156698 22.54029795 3.55865442 -1.1961444 -14.79824657 -2.71834755 14.91109471 -0.90029433 4.3e-7 -0.00000176
0.00695277 1.10229217 -0.00908781 -3.98139838 10.03247417 0.13181233 4.03325449 -1.49923781 -1.74943372 4.08047998 -3.14656515 -0.85983112 3.9981291 -3.22283564 -0.95875177 5.87427182 12.06721214 -5.77701317 18.61280932 60.78558828 -27.38893847 1.62832381 -4.79791507 4.39277215 -47.28897463 -7.27549684 7.661001 -1.7e-7 -13.42668897 0.00000644 -33.4119079 10.16905327 19.77036922 0.38700877 0.59341293 1.55319163 12.93320667 0.71610239 68.25912068 -0.00000222 18.729508 0.00001676 -15.65089137 -9.20667914 26.46527954 -12.45630402 9.53503445 16.09053765 27.13928045 5.56858769 4.1752495 -9.0349082 2.008283 -17.32889439 -0.39089863 5.9e-7 0.00000291 -3.88301262 -15.46178082 -16.36804831 22.54731582 3.6262656 -1.06162013 -14.8603643 -2.71312461 14.7829966 -1.07276144 -0.00000167 -0.00000496
0.00501427 1.10191132 -0.00779956 -3.74471092 9.61323276 -0.15851577 4.0138638 -1.43857933 -1.9374882 3.96220735 -3.01039531 -1.04852291 3.87920304 -3.08327661 -1.14492624 6.2862446 11.54873333 -5.87764052 18.5567781 58.77364127 -27.62551174 1.31134138 -3.82172403 5.75691063 -57.83482281 -6.24216787 6.8713949 0.00000704 -27.01587741 0.00000551 -23.2686315 6.63028442 22.9023447 0.31138885 -0.15699214 0.84332274 12.79393396 1.40297474 68.56122589 -0.00000391 18.76658332 0.0000218 -14.77642193 -9.62467924 27.17957061 -12.62238686 9.60301231 16.47242549 27.18060319 5.87520651 4.24208369 -9.07246251 2.04332057 -17.60570123 -0.36784962 -0.00000314 -0.00000472 -4.22756614 -15.34897124 -16.1720645 22.7702674 4.00298218 -0.83802429 -15.00117585 -2.67742984 14.45976502 -1.26387433 0.00000544 0.00000397
0.00223124 1.10116699 -0.00669605 -3.48231889 8.74919417 -0.6881512 4.08174272 -1.36204158 -2.25574963 3.97225691 -2.84920547 -1.3433195 3.88626357 -2.92307436 -1.43675803 6.61183514 11.09313733 -6.01512052 18.69830711 57.12737841 -28.86657789 0.85335896 -2.3922804 7.83419284 -70.08038271 -4.25380674 7.38068335 0.00003116 -46.69208363 0.00002941 -8.6054932 3.17733233 24.72666367 0.21984884 -1.12920154 0.51922555 12.31788262 2.09777457 68.41097112 -0.00000409 19.14161346 -2.4e-7 -14.55993471 -9.72900874 27.80755516 -12.86465859 9.76591048 17.20054614 27.40727946 6.41353588 4.31394512 -9.20147337 2.10898323 -18.03337795 -0.36126793 -0.00001042 0.00000205 -4.76144326 -15.08609082 -15.75266139 23.14861981 4.71985877 -0.58435422 -15.15883343 -2.61541523 13.97230134 -1.48719519 -0.00000552 -0.00000195
-0.00060293 1.10036659 -0.00595895 -3.27444389 7.68741983 -1.3241304 4.23083404 -1.28893619 -2.64330049 4.07516991 -2.70450604 -1.6550722 3.98330434 -2.78477055 -1.74703405 6.8509856 10.7944781 -6.31692515 19.08895356 56.07099303 -30.44360416 0.30937384 -0.68677456 10.30764624 -80.96539473 -3.71740678 8.10198421 0.00001197 -67.54329885 0.00000562 3.55124718 0.8194707 24.50157683 0.15672796 -1.89055969 0.46588402 11.66084881 2.26370872 68.08121656 -0.00001323 19.69401168 -0.00001214 -15.33038055 -9.42058748 27.8114683 -13.06142012 9.91529583 18.04136225 27.69985452 7.10909692 4.41730648 -9.36077424 2.18723845 -18.5366542 -0.40731473 -0.00000508 -0.00000309 -5.30348187 -14.85848634 -15.24416699 23.4942033 5.63090721 -0.30870717 -15.2437476 -2.53331958 13.4185349 -1.66022159 0.00000566 0.00000322
-0.00274001 1.09982681 -0.00545081 -3.19191899 6.77719525 -1.89230591 4.42623748 -1.24710457 -2.98405679 4.21041084 -2.63339836 -1.86512443 4.10999729 -2.72471544 -1.95921244 7.04336499 10.68988217 -6.88074265 19.93453408 55.57242086 -31.9735341 -0.21928174 0.97077375 12.67282603 -87.7894022 -5.69003029 7.37117756 0.00031251 -84.66567913 0.00030305 9.54937157 -0.03945197 22.5694095 0.13966906 -2.02300202 0.30337621 11.06435318 1.69904415 67.99295813 0.00000463 20.23551987 -0.00000916 -16.86789957 -9.01630527 27.11286056 -13.16364088 10.12376171 18.80132608 27.93971352 7.62818538 4.52088144 -9.49822634 2.25214061 -18.94449603 -0.43729966 0.00001156 -0.0000068 -5.59500579 -14.62757522 -14.71881037 23.67783782 6.31521834 -0.11041883 -15.25218839 -2.45430305 12.95540141 -1.74752344 -0.0000019 -0.00000459
-0.00382031 1.09963707 -0.00498958 -3.22403726 6.23983965 -2.27333014 4.62642862 -1.24393033 -3.1846424 4.35768418 -2.65018822 -1.92125014 4.24812181 -2.75496646 -2.02068512 7.17256447 10.75506293 -7.62306212 21.14336421 55.4633943 -33.24984641 -0.61696621 2.21003925 14.45485321 -91.46136749 -8.70294653 6.97748687 179.99991984 -83.43566728 179.99989229 11.40336054 0.58138148 21.05389791 0.17641314 -1.44037411 0.03964539 10.71606182 0.61516737 68.11735964 1.8e-7 20.64048281 -0.00000115 -18.79572086 -8.60582668 26.17257558 -13.13932501 10.26056588 19.30266985 28.07266246 7.92136926 4.58704891 -9.59211583 2.29239446 -19.18667779 -0.4499906 -0.00004881 -7.9e-7 -5.62353566 -14.47262404 -14.30020256 23.72599775 6.63533544 -0.06018982 -15.17992186 -2.40772383 12.74678911 -1.82577924 0.00000706 2e-8
-0.00378708 1.09972778 -0.00454937 -3.29325967 6.13525549 -2.42825212 4.80121681 -1.25881342 -3.20326046 4.5315496 -2.70979893 -1.84119904 4.41605321 -2.82748615 -1.9462255 7.19821913 10.89731665 -8.3616295 22.15530286 55.47518073 -33.91700371 -0.8016805 2.78688696 15.32139763 -93.47043444 -10.6353485 7.29462544 179.99992992 -76.20766559 179.99990456 12.26466244 0.86696564 20.98463783 0.24450839 -0.56702514 -0.11400125 10.61600559 -0.44557677 68.17022935 0.0000043 20.82901698 -0.00000393 -20.52494179 -8.08119653 25.5477914 -13.07768011 10.30617595 19.4939667 28.11472032 7.93667056 4.60555848 -9.6501706 2.30674389 -19.23537321 -0.45733767 0.0000025 0.00000199 -5.43118008 -14.44783866 -14.07249813 23.5868356 6.59540386 -0.0911934 -15.12380323 -2.39279529 12.70795857 -1.85210684 -0.00000495 0.00000135
-0.00278339 1.09992645 -0.00417496 -3.31650523 6.43653827 -2.34287621 4.92810456 -1.26804307 -3.06348137 4.72004453 -2.75647746 -1.67794744 4.60448924 -2.88327258 -1.78610923 7.12377743 11.01363831 -8.94613447 22.50236353 55.37736526 -33.80177997 -0.75923983 2.68098966 15.12986705 -93.29109809 -10.63076764 7.82169419 179.99993716 -73.03216756 179.99991687 13.44533554 0.23887783 21.54111931 0.28102261 -0.05632 -0.29620489 10.6376742 -0.84456748 68.16323017 -0.0000085 20.75153626 -0.00001893 -21.27058055 -7.52458995 25.43999832 -13.10501874 10.31895771 19.38918432 28.11459365 7.62341206 4.56678164 -9.68766621 2.29742239 -19.08027184 -0.41917031 0.00000649 0.00000759 -5.14600241 -14.49472376 -14.10765185 23.31286127 6.27659479 -0.13445821 -15.09686591 -2.4109712 12.86510055 -1.79274359 0.00000432 -0.00000248
-0.00117546 1.10003937 -0.00386014 -3.27338841 7.06747719 -2.01027461 5.00328668 -1.27381125 -2.84507341 4.88065558 -2.78449497 -1.50161694 4.76961962 -2.91419734 -1.61093749 6.99071161 11.06487791 -9.26496162 22.24066242 55.14874199 -33.185358 -0.53436188 2.02652367 13.99270394 -91.72780754 -9.35021491 7.66711837 179.99995503 -73.44973236 179.9999314 14.56361002 0.07667264 21.87153097 0.2507915 -0.22620109 -0.82059852 10.64179053 -0.34036397 68.37758147 -0.00000749 20.41451838 -0.0000055 -20.51980495 -7.19217152 25.63678408 -13.18200733 10.17281863 18.95150197 28.08525086 7.22117556 4.47390907 -9.68908181 2.26836974 -18.80237529 -0.36483438 -0.00003681 -6.2e-7 -4.94163689 -14.62813961 -14.43077458 23.10394044 5.80451456 -0.24194913 -15.09601686 -2.46894462 13.2823622 -1.68659076 -4.9e-7 2.1e-7
0.00048999 1.0999868 -0.00353122 -3.21144589 7.89272884 -1.51005517 5.05027934 -1.30038484 -2.62385524 4.99486191 -2.83774636 -1.36752082 4.88899754 -2.96441369 -1.47899696 6.83888464 11.06306093 -9.24466386 21.67396501 54.91247013 -32.48252583 -0.21258033 1.03587132 12.35115001 -89.9203814 -7.42000483 7.15209691 179.99981336 -76.58102936 179.99981309 14.80786022 1.31865428 21.93298032 0.16295002 -0.88630668 -1.59994773 10.45508716 0.66336476 68.86621957 0.00000792 19.90380665 -0.00000499 -18.56496922 -7.34964348 25.79967641 -13.26968016 9.95028513 18.31096004 28.02882191 6.76075361 4.36106404 -9.65613569 2.22804297 -18.47368187 -0.36150065 0.00000107 -0.0000021 -4.89812756 -14.80251859 -14.93763074 23.19278917 5.22517892 -0.39089559 -15.26399902 -2.54239075 13.62044125 -1.58964016 -0.00000405 -4.7e-7
0.00167131 1.09978439 -0.00312178 -3.15758167 8.72638611 -1.01056176 5.08282255 -1.35391014 -2.43573131 5.07184586 -2.93353828 -1.2875695 4.96973873 -3.05361491 -1.4030664 6.68907109 11.01800019 -8.91187163 21.00146173 54.70543555 -31.91326391 0.12423718 -0.03419521 10.70265365 -87.88800696 -4.96710758 7.21379125 179.99972385 -81.21539596 179.99971456 13.6317582 3.5104597 22.17286043 0.06379705 -1.66572781 -2.05606815 9.98709814 1.43570193 69.22217711 0.00000167 19.37823112 0.00001521 -16.72055482 -8.061807 25.79700727 -13.36764377 9.74085544 17.69962346 27.97050377 6.27131391 4.26455975 -9.60856666 2.18862768 -18.1775282 -0.37932913 -0.0000056 -0.00000265 -4.90444753 -15.00144925 -15.47424913 23.38984185 4.67104359 -0.4651993 -15.48865282 -2.61249936 13.89153939 -1.52188745 0.00000208 0.00000458
0.00210171 1.09959663 -0.0025999 -3.07278497 9.39400546 -0.65399149 5.07989948 -1.39446296 -2.27477079 5.11038168 -2.9999999 -1.23288239 5.01279101 -3.11220608 -1.35040768 6.54083615 10.93737277 -8.40084039 20.34766802 54.42900068 -31.49847697 0.44017386 -0.98433472 9.16193551 -85.04835945 -2.300548 7.65247685 179.9996073 -86.54149372 179.99959987 11.14392758 5.60595213 22.90920803 0.00781448 -2.37739658 -1.66103181 9.37214211 1.55042049 68.94776058 -0.00000516 18.98239808 0.00000619 -16.36579128 -8.91729853 25.77966253 -13.48424888 9.56219757 17.27382576 27.89392672 5.88240351 4.19531479 -9.54299061 2.15774201 -17.98044699 -0.36868077 0.00000681 0.00000454 -4.94831117 -15.17167411 -15.86933845 23.57621359 4.2040897 -0.45440012 -15.68573638 -2.66003211 14.04977535 -1.51299752 -0.00000256 -0.00000182
0.00195911 1.09960564 -0.00191707 -2.91125378 9.80222855 -0.45572585 5.00642129 -1.36925859 -2.11710642 5.08237712 -2.93550793 -1.16270218 4.99348047 -3.03925033 -1.27549477 6.38294764 10.85222472 -7.85712847 19.83423256 54.04501122 -31.13556061 0.71900025 -1.73756761 7.60005492 -81.47207648 0.30400641 7.39622492 0.00064639 -87.68454529 0.00062149 8.37543198 7.12343791 23.99341434 0.0101213 -3.00523787 -0.51976973 8.81244642 1.20537372 68.04964821 -0.00000118 18.69763803 0.00000754 -17.41621675 -9.4248492 25.96706348 -13.63890701 9.48368182 17.05047326 27.78807539 5.6399881 4.126612 -9.46789348 2.13050492 -17.82301952 -0.38014948 0.0000074 -0.00000251 -5.03593525 -15.23818022 -16.07963712 23.6583966 3.86532902 -0.41197311 -15.80813245 -2.68489431 14.11715258 -1.6243942 0.00000582 -0.00000768
0.00171911 1.09989227 -0.00096326 -2.69346183 9.97418763 -0.33031436 4.84429573 -1.2747847 -1.94791202 4.96111756 -2.73363866 -1.05337713 4.88484208 -2.82852963 -1.15462926 6.21872849 10.80598756 -7.36138249 19.53156479 53.71198663 -30.77194063 0.94547102 -2.28491009 6.03199595 -77.69369169 3.08516119 5.83948716 0.00021716 -81.65167237 0.00019748 6.15071419 8.58399325 25.16319094 0.04652868 -3.45938785 0.69692954 8.37833084 0.90211025 67.10416504 0.00000114 18.32300659 0.00001623 -18.5615098 -9.68552691 26.3461828 -13.80023948 9.41721606 16.87149439 27.73688691 5.63985921 4.06324094 -9.44603263 2.10118384 -17.53824205 -0.40079956 0.00000908 3e-8 -5.27259962 -15.29833041 -16.26482153 23.7925642 3.74330254 -0.32364257 -15.93488804 -2.67407945 13.90574501 -1.80918225 -7e-7 -0.0000012
0.00173454 1.10035233 0.00032382 -2.51427989 10.02430406 -0.19422512 4.61810076 -1.15484825 -1.75841054 4.77451662 -2.48384802 -0.89718979 4.71143282 -2.57053641 -0.98436413 6.0785289 10.81180687 -6.94917565 19.43338046 53.61583351 -30.56184234 1.13981833 -2.69867918 4.48546458 -73.84395447 6.17464219 3.00469932 8.2e-7 -75.580714 -0.00003231 3.81705309 10.75141772 26.26356429 0.08047618 -3.60463324 1.41654062 8.01446686 0.99611164 66.64607685 9.6e-7 17.7016547 0.00001867 -18.82864092 -10.1318674 26.68166144 -13.80450136 9.32217333 16.61630778 27.62274168 5.85247509 4.04831122 -9.42986718 2.0759792 -17.28496043 -0.39693146 0.00001463 0.00000146 -5.50521931 -15.41439321 -16.49446399 23.90170733 3.79898416 -0.23580114 -16.05281776 -2.65300205 13.59585756 -2.0174261 0.00000352 0.00000311
0.002067 1.10083191 0.00180159 -2.46381109 10.08093683 -0.0065286 4.38634698 -1.04103483 -1.53607097 4.59914978 -2.24965302 -0.70049393 4.54803331 -2.32919869 -0.77450781 5.9891683 10.83922437 -6.63488168 19.45872408 53.72916288 -30.63347631 1.35140989 -3.11954205 2.78445963 -69.83931893 8.96987759 -0.74563197 0.0000437 -69.35480875 0.00002875 -0.04464286 13.62173813 27.05095981 0.11102346 -3.427994 1.74182144 7.68007536 1.42539192 66.59155684 -0.00001329 16.98695233 0.00000708 -18.19195713 -10.87802263 26.94550434 -13.65664363 9.26346057 16.293303 27.49886571 6.03435836 4.08298124 -9.44273383 2.05707203 -17.02634209 -0.39271302 -0.00001353 -0.00000145 -5.54283444 -15.56487135 -16.75889854 23.88885959 3.8832526 -0.17620557 -16.13266551 -2.63867501 13.40259971 -2.16126057 0.00000412 -0.00000464
0.00279099 1.10118858 0.00318412 -2.54154821 10.22213189 0.25581034 4.18182074 -0.92522492 -1.26882783 4.47867496 -2.00971418 -0.48277096 4.43922341 -2.08145321 -0.54454378 5.94109621 10.85071392 -6.41412565 19.47241698 53.82905555 -30.74534519 1.60494558 -3.63009379 0.77663522 -65.64929063 10.73761599 -4.99051197 0.00005325 -62.5573027 0.00004072 -6.44281159 16.56674973 27.50672662 0.16424557 -3.00924905 2.17095551 7.44597151 1.7587407 66.48773399 -0.00000601 16.53492331 0.00001563 -17.21099908 -11.58809543 27.29854613 -13.41704533 9.21723911 15.89145437 27.41648586 6.12161004 4.13943536 -9.48751827 2.04112578 -16.75142008 -0.39638178 0.00000409 0.00000485 -5.43705441 -15.7700145 -17.11282043 23.84383068 3.96451001 -0.11953896 -16.21172077 -2.63216124 13.31269043 -2.25485619 0.00000208 -0.00000274
0.00408476 1.10129509 0.00432674 -2.67880695 10.45986258 0.59997006 3.98078001 -0.78743953 -0.96063491 4.38704728 -1.71923288 -0.258559 4.35955674 -1.78089001 -0.30758316 5.91372036 10.83375905 -6.28857033 19.35980734 53.7452452 -30.48093817 1.88939259 -4.21642115 -1.4349027 -61.02718089 11.29671529 -9.63076802 -0.0000105 -55.03224461 0.00000219 -15.48844586 19.38828154 28.14459907 0.24007025 -2.42798274 2.88206409 7.41118116 1.67496129 66.1720426 0.00000637 16.50864582 0.00001096 -16.57264843 -11.86272822 27.6460823 -13.14013745 9.08311174 15.38583139 27.38974574 6.20251346 4.16781185 -9.55725357 2.02779532 -16.5054801 -0.38560164 -0.00001486 -0.00000312 -5.32233842 -16.03815821 -17.57356114 23.85289443 4.07050869 -0.12403049 -16.32163476 -2.64951897 13.32770899 -2.32700188 0.00000271 -0.00000226
0.00596086 1.10108788 0.00533841 -2.84112509 10.75921227 1.00679513 3.76106833 -0.63152076 -0.64457017 4.29421781 -1.38727228 -0.03981199 4.27751724 -1.43759088 -0.07588943 5.91103375 10.7845833 -6.25302912 19.07793014 53.47444341 -29.76278219 2.18273931 -4.82875272 -3.62436085 -55.37579468 10.95245305 -14.76490182 0.00001899 -47.46131072 0.00000904 -25.38014298 22.26498455 29.0075364 0.3147872 -1.74166556 3.62889916 7.56127132 1.33004988 65.86395439 0.00000919 16.75539338 0.00001442 -16.54248659 -11.67771378 27.76796271 -12.88016789 8.98427554 14.86634665 27.42613227 6.1158509 4.11277885 -9.6780244 2.01906407 -16.27781176 -0.3833618 0.00003935 -0.00000681 -5.17443458 -16.30259155 -18.107404 23.83623733 4.20255846 -0.1988398 -16.43591873 -2.69345613 13.53915127 -2.30708374 -4.6e-7 -0.00000389
0.00819365 1.10063339 0.00636301 -3.08586528 11.06941367 1.46147643 3.56931733 -0.48769951 -0.3744523 4.23876125 -1.07871013 0.13808978 4.2297148 -1.11868651 0.11285285 5.94330752 10.68486325 -6.2461931 18.6459283 53.05440777 -28.92339507 2.4577229 -5.40118219 -5.67287337 -48.24738658 10.0720072 -20.17681425 0.00001416 -41.17382139 0.00000958 -32.74730985 25.11753215 28.43028111 0.36938144 -1.04074254 4.1032489 7.73053343 1.17489658 65.83128379 0.00001811 17.03676197 0.00000654 -16.6891244 -11.35924971 27.75381133 -12.56795129 8.98205069 14.36883069 27.50437235 5.88176695 4.00504435 -9.8410002 2.01732938 -16.07945941 -0.39184615 -0.0000034 0.00000741 -5.05036597 -16.49175482 -18.67082291 24.05270298 4.21170463 -0.3280611 -16.65756304 -2.74069302 13.67265327 -2.19495545 0.00000216 -0.00000152
0.01049247 1.10003464 0.00736933 -3.50796566 11.34230397 1.95506883 3.49892632 -0.3834622 -0.18797274 4.30782506 -0.85087514 0.2324244 4.30299092 -0.88239333 0.21408639 5.99939171 10.53187651 -6.19228492 18.13038041 52.52465368 -28.26123696 2.68442873 -5.84700974 -7.61652768 -40.23625102 8.7517761 -25.25560679 0.00000298 -36.90855748 0.00000193 -35.9643178 27.67561522 25.01264332 0.39781446 -0.50069534 4.17463927 7.68280792 1.53231048 66.18190559 0.00000794 17.23903948 0.00001468 -16.42309273 -11.18006235 27.80388972 -12.06325796 8.97726909 13.87707805 27.59552048 5.67421676 3.8887702 -10.02363193 2.02445097 -15.94306939 -0.39673548 0.00000114 6e-7 -4.73795145 -16.77063467 -19.24161997 24.17991896 4.30897556 -0.51987343 -16.83298997 -2.81135961 13.97869188 -2.01135686 0.0000035 1.2e-7
0.01254253 1.09941872 0.0082454 -4.09325266 11.54314315 2.42755723 3.57670971 -0.32067993 -0.07801699 4.51532095 -0.70714039 0.24003007 4.51253236 -0.73146006 0.2250365 6.06016425 10.36327944 -6.08190255 17.63698113 51.98311235 -27.77126031 2.85557502 -6.09785912 -9.40869672 -32.90464406 7.10398869 -29.72716204 0.00000677 -34.04573207 -0.00000318 -36.61579238 29.66042059 20.10764953 0.4033133 -0.24665213 3.94118056 7.32735832 2.35619031 66.82255999 0.00000469 17.38254371 -0.00000296 -15.66197566 -11.10123446 27.8778872 -11.40629429 9.030666 13.43987794 27.68234077 5.44926062 3.84750121 -10.20954568 2.03994647 -15.87120557 -0.40040787 -0.00002188 -0.00001069 -4.26069314 -17.10094597 -19.76755073 24.2519873 4.53041236 -0.69958214 -16.98265385 -2.87898375 14.2817561 -1.81637341 0.00000443 -0.0000067
0.01402166 1.09884895 0.00897189 -4.65902673 11.67256769 2.78223079 3.70072955 -0.28255218 -0.02046656 4.7367827 -0.61440638 0.19732037 4.73512121 -0.63242808 0.18398833 6.11938538 10.22201773 -5.95778285 17.27431901 51.52933055 -27.35797508 3.001554 -6.15267957 -10.7313591 -27.36606453 5.55013219 -34.05529776 0.00001274 -31.56953816 -0.00001294 -36.86040022 31.31965683 16.20995034 0.39702675 -0.18172226 3.63562407 6.85007509 3.31590872 67.51335037 0.00000647 17.51726758 0.00001285 -14.81424392 -10.92368514 27.80275078 -10.80301644 9.09488895 13.13622619 27.77688514 5.26254765 3.86380879 -10.37363784 2.06092757 -15.8639212 -0.41414098 0.00000254 0.00000693 -3.76989768 -17.38408063 -20.13468319 24.29684434 4.75353127 -0.8505482 -17.10648 -2.93286323 14.52242323 -1.65161228 0.00000459 -0.00000297
0.01475794 1.09831459 0.00960518 -5.02367979 11.7686349 2.96495195 3.75277908 -0.25398498 -0.00115167 4.8432796 -0.54545118 0.14491302 4.84228542 -0.55884145 0.1329965 6.17367259 10.12381815 -5.86449701 17.0937828 51.19337593 -27.0578914 3.15062518 -6.07881296 -11.3156654 -23.42182332 4.53528937 -38.60588362 -0.00000197 -29.44024861 -8.7e-7 -36.99101538 33.26685853 14.25545614 0.39312667 -0.1314846 3.44079102 6.50053371 4.1337772 68.00775214 0.00000369 17.66348112 -0.00003246 -14.23106448 -10.5603819 27.51026925 -10.47331587 9.13939474 13.01915148 27.92181414 5.11505044 3.8820219 -10.51390432 2.08077753 -15.87353607 -0.43863801 0.00002988 -0.00000681 -3.40934212 -17.53649512 -20.29694451 24.32994553 4.84601416 -0.93889912 -17.20286178 -2.97477277 14.70859357 -1.53471795 -0.00000258 0.00000883
0.01481596 1.09777138 0.01013335 -5.1806705 11.85297754 2.99654084 3.73121894 -0.22765949 -0.01359543 4.84752687 -0.48791063 0.10112419 4.84678323 -0.49926384 0.09069729 6.20874231 10.06896857 -5.82713433 17.06295775 50.98613463 -26.98441748 3.28644521 -5.96635923 -11.34891839 -20.21965636 4.16520918 -42.97001614 0.00002165 -28.44727486 0.00000601 -35.85429169 35.75370893 13.25427822 0.39393069 -0.08639364 3.3908744 6.31351334 4.78402865 68.1963608 -0.00000549 17.84506651 0.00000878 -13.90508026 -10.13267661 27.08740692 -10.40849289 9.1465804 13.05312009 28.09661774 4.96484909 3.91323498 -10.63270176 2.10066963 -15.92065356 -0.45379107 0.00001247 0.00000144 -3.24448538 -17.59468627 -20.31658305 24.42909394 4.85956877 -0.94579255 -17.31327174 -2.99906753 14.77646058 -1.47479842 0.00000423 -0.00000353
0.01434717 1.09721054 0.01045309 -5.23435493 11.90773521 2.9366476 3.71110794 -0.19909231 -0.05419716 4.84402781 -0.43236398 0.05905435 4.84324411 -0.44414975 0.05007451 6.20651523 10.05859471 -5.83299877 17.1071925 50.94816905 -27.18754733 3.37869047 -5.87459112 -11.25185291 -17.30776583 4.24513539 -46.51646688 0.00000736 -28.83625236 0.00000455 -32.66028643 38.13542819 11.6276124 0.3918124 -0.1416181 3.41667119 6.16143041 5.33187007 68.13737416 -0.00000172 18.09386125 0.00000349 -13.71683246 -9.8287259 26.75184663 -10.48379056 9.15996513 13.20020335 28.27621216 4.81732676 3.94173755 -10.72038297 2.12098414 -16.01250153 -0.46889628 0.00003405 -0.00000213 -3.22919108 -17.60678931 -20.25419738 24.62798809 4.86560076 -0.91469743 -17.45150307 -3.00630981 14.73082137 -1.45103325 -9e-8 -0.00000607
0.01342869 1.09672417 0.01050462 -5.24595924 11.92840361 2.84273696 3.72670104 -0.16872424 -0.1262142 4.87221631 -0.3768884 -0.00477994 4.8712847 -0.39050912 -0.01243621 6.15936015 10.09171664 -5.82897746 17.14389497 51.11234822 -27.54704474 3.42346752 -5.8187171 -11.23237699 -14.67680754 4.45727975 -49.05143842 0.00003338 -29.91472867 0.00003037 -28.20035702 39.25506898 8.95532616 0.38647885 -0.27944788 3.48378687 5.9946203 5.76891287 67.93005364 -0.00001495 18.37946646 0.00002113 -13.68851563 -9.6501702 26.69709157 -10.57547863 9.140532 13.35667212 28.37993103 4.76842786 4.01111923 -10.73640826 2.14103857 -16.18895786 -0.47760847 -0.00000624 0.0000052 -3.28394888 -17.56805255 -20.14505341 24.86729299 4.86600427 -0.87102317 -17.59088245 -3.00381542 14.63526648 -1.43780716 -7.1e-7 -0.00000485
0.01211879 1.09643166 0.01037842 -5.2080949 11.95894477 2.75626185 3.74684617 -0.14326294 -0.23666003 4.8982565 -0.33143116 -0.11528771 4.89714658 -0.34711918 -0.12184261 6.07723799 10.15831973 -5.76026508 17.09368176 51.45987277 -27.80601619 3.43266889 -5.79860348 -11.26013791 -12.24180754 4.43969786 -50.70995023 0.00002113 -30.98806845 0.00001031 -23.99558256 38.88679037 6.10914193 0.38753774 -0.36856799 3.6575231 5.90003816 6.08925069 67.59626281 -0.0000239 18.59901594 0.0000129 -13.85630895 -9.46562642 26.84690895 -10.64578066 9.12960829 13.51051595 28.3118785 4.68739295 4.0690493 -10.65234253 2.152571 -16.42795818 -0.44020553 -0.00000581 0.00000249 -3.38564494 -17.50544796 -20.03380935 25.09075874 4.82514115 -0.79817928 -17.71021459 -2.99375011 14.51563974 -1.43699419 0.000007 -0.00001
0.01055178 1.09635117 0.01024288 -5.1079705 12.0681246 2.69230442 3.72849877 -0.12952996 -0.3791723 4.87943073 -0.30827214 -0.26982324 4.87807896 -0.32568432 -0.27563838 5.9859657 10.23638146 -5.61806186 16.92465179 51.89764985 -27.77967237 3.41630771 -5.81421007 -11.27300302 -9.81930882 3.93487584 -51.66336973 0.00001416 -31.87727936 0.00001472 -20.3734988 38.04871949 3.62184236 0.39924889 -0.34657653 3.97062194 5.95352729 6.3544804 67.14649369 0.00000315 18.64777864 0.00000886 -14.08831602 -9.28198646 26.97306247 -10.75177218 9.11225583 13.64826725 28.13824352 4.53083146 4.09414949 -10.50187566 2.14920553 -16.6189541 -0.40221778 -0.00003204 0.00000732 -3.50123619 -17.4836726 -19.94211337 25.23336572 4.73166856 -0.68817443 -17.79464395 -2.98244596 14.41249063 -1.44081239 -0.00000157 -5.3e-7
0.00891903 1.0963343 0.01018211 -4.96680962 12.30432107 2.63170047 3.66291561 -0.13045843 -0.52409331 4.80775557 -0.31390961 -0.42720251 4.80605925 -0.33280121 -0.43279162 5.91576891 10.29909935 -5.44923451 16.688876 52.27966188 -27.4848918 3.38631799 -5.85613465 -11.26716313 -7.30990033 2.89305863 -52.08308255 0.00001833 -32.68580175 0.00001349 -16.67705509 37.64668889 1.31558172 0.4129315 -0.28470191 4.29972641 6.10934006 6.60910025 66.69194813 -4.8e-7 18.47217345 -0.00000258 -14.18948759 -9.23968598 27.01533135 -10.94161583 9.07085953 13.77820438 27.96501888 4.28875404 4.11905717 -10.33310136 2.13761773 -16.75500683 -0.38416285 -0.00000205 0.00000563 -3.52791898 -17.41350611 -19.75654055 25.28098507 4.42081154 -0.63612559 -17.85190935 -2.99145437 14.43432879 -1.42506596 0.00000189 -7.4e-7
0.0073785 1.09622803 0.01017957 -4.83568952 12.65571459 2.55544773 3.58091495 -0.14553223 -0.64363376 4.71082378 -0.3488553 -0.54536638 4.70860835 -0.36945464 -0.55135492 5.88414605 10.33242657 -5.31554603 16.48561048 52.50181582 -27.07327434 3.35650102 -5.90617664 -11.26201262 -4.71084794 1.49861734 -52.16855486 0.00000991 -33.58249699 0.00001134 -12.56374163 37.65892551 -1.02192282 0.41839478 -0.28244436 4.46732117 6.25141901 6.82676342 66.39293186 0.00000721 18.09500764 -0.00002993 -14.10033361 -9.4041302 27.07404256 -11.20485848 9.0198911 13.92936381 27.86718482 3.92194128 4.16434861 -10.1945409 2.12812244 -16.85914295 -0.38478077 -0.00000778 -0.0000048 -3.45103408 -17.31195443 -19.48814479 25.29257289 3.92687055 -0.61426527 -17.90828018 -3.01503999 14.53513277 -1.39531689 0.0000021 -0.00000396
0.00599456 1.09603165 0.0102181 -4.7584652 13.03384917 2.48073757 3.51908626 -0.16990627 -0.7410666 4.62301484 -0.40376466 -0.62508598 4.62006383 -0.42660399 -0.63197758 5.88546441 10.34079024 -5.23672573 16.38708771 52.56895042 -26.73101457 3.33221583 -5.95129525 -11.26297771 -2.19718014 0.23136211 -52.13681619 -0.00000315 -34.6813355 -0.00002257 -8.34424733 37.60951198 -3.28958024 0.41384346 -0.35726722 4.42899316 6.31812117 6.96114092 66.31231017 -0.0000168 17.61848942 -0.00001498 -13.91019302 -9.69409923 27.17479652 -11.4544527 8.95294274 14.06997831 27.83915032 3.54960001 4.23799995 -10.09321059 2.12273699 -16.9507143 -0.37929584 0.00001258 0.00000249 -3.3143596 -17.26080593 -19.23706064 25.29239124 3.44129973 -0.57007346 -17.96057074 -3.04493673 14.653705 -1.39482411 -0.00000172 -0.00000466
0.0047743 1.09582825 0.01028568 -4.73592632 13.31245475 2.4399479 3.48585662 -0.19224636 -0.83828143 4.5570704 -0.45527148 -0.69893285 4.55328556 -0.48066121 -0.70674231 5.89976931 10.33583556 -5.18741155 16.39237803 52.55666261 -26.5852137 3.31187388 -5.98575814 -11.26532625 -0.1297867 -0.39715602 -52.19299423 0.00002469 -35.84360899 0.00002958 -4.84396908 37.30354014 -5.11248244 0.40523507 -0.44698516 4.29593561 6.33237355 6.99388186 66.37438346 0.00000639 17.15423769 0.00001754 -13.76767173 -9.96563303 27.22455277 -11.59556931 8.88907733 14.16338545 27.80644998 3.30361812 4.30978716 -10.00666468 2.12071926 -17.05224423 -0.37451779 -0.00000546 -3.3e-7 -3.21136435 -17.23893042 -19.06100328 25.3447855 3.10269301 -0.53936103 -18.02927441 -3.06834398 14.72274454 -1.40752667 -8.7e-7 -3.4e-7
0.00373798 1.09565247 0.01033483 -4.73190694 13.40852228 2.44193169 3.46302636 -0.20096569 -0.94166433 4.50238947 -0.47821083 -0.78567682 4.49796526 -0.50581854 -0.79384988 5.91188941 10.3273974 -5.14797497 16.43452423 52.53662311 -26.6037141 3.29774001 -6.00369764 -11.26590676 1.25336072 -0.34358515 -52.41393978 0.00002713 -36.68681584 0.00001335 -2.84515057 36.91247514 -6.26380085 0.39953161 -0.49812449 4.20293574 6.33229714 6.93967792 66.46468382 0.00000308 16.74197082 -0.00001239 -13.7998025 -10.12197261 27.17481773 -11.62186996 8.8533728 14.20180402 27.74443229 3.21844617 4.35146406 -9.93735418 2.12080026 -17.14840196 -0.37473174 -0.00000258 -0.00000234 -3.24035977 -17.21610657 -19.00178568 25.49584909 2.99068824 -0.52837814 -18.1252459 -3.07479048 14.69837348 -1.4054323 0.00000465 3.6e-7
0.00290617 1.0954805 0.01033578 -4.71251567 13.33016313 2.46612488 3.43096376 -0.19273926 -1.03298438 4.44528748 -0.46447412 -0.87305933 4.44064926 -0.49328329 -0.88084123 5.91828644 10.31982963 -5.12929158 16.44412381 52.52475931 -26.64351827 3.29628185 -5.99952528 -11.2655337 2.03422535 -0.03120758 -52.70019959 0.00001381 -36.91270686 0.00001126 -2.34347861 36.60873713 -6.88863409 0.39812726 -0.50772365 4.17578314 6.33854707 6.84091231 66.55597188 0.00001388 16.38108357 -0.00000794 -14.02169185 -10.16598489 27.08847449 -11.59255712 8.84512771 14.19184889 27.68320005 3.30449157 4.37971756 -9.89063244 2.12398709 -17.23800868 -0.37500711 0.00000782 1e-8 -3.4094356 -17.19028278 -19.06194159 25.70658253 3.10360541 -0.49804969 -18.22639168 -3.06606347 14.60591073 -1.38085374 0.00000138 0.00000538
0.00220393 1.09530586 0.0103072 -4.67979585 13.14677488 2.48238751 3.39114178 -0.17427363 -1.09220541 4.39191014 -0.42780558 -0.93934334 4.3874705 -0.45667497 -0.94627008 5.91908826 10.31286762 -5.142442 16.41121636 52.4936246 -26.61529407 3.30917887 -5.97552747 -11.26534595 2.45902038 0.10014785 -52.91308211 0.00002077 -36.58724112 0.0000171 -2.5413866 36.4233377 -7.22048001 0.39858183 -0.48419825 4.15586028 6.36876991 6.77241509 66.69608005 0.00000966 16.10793051 0.00001857 -14.30720133 -10.16359418 27.01721053 -11.54834963 8.83552817 14.17397847 27.64933808 3.5112769 4.39668919 -9.86748193 2.13027421 -17.31836395 -0.37479923 -0.00000316 0.00000486 -3.65235578 -17.18425598 -19.18208565 25.92434849 3.37002331 -0.43939471 -18.31479856 -3.04758153 14.47515373 -1.34791633 0.0000016 -0.0000019
0.00146654 1.09515427 0.0102633 -4.66606166 12.9380425 2.47174091 3.36294638 -0.15828227 -1.11648056 4.36503836 -0.39501586 -0.97518695 4.36092522 -0.42339128 -0.98136183 5.91496166 10.3063104 -5.16930464 16.37354414 52.43125054 -26.52862669 3.32967453 -5.94437412 -11.26511696 2.753583 -0.12463456 -52.98984882 0.00001888 -36.08182346 -0.00000666 -2.4886768 36.29567295 -7.37442599 0.40044681 -0.4313021 4.13513348 6.43497715 6.81387044 66.87416232 9e-7 15.98344169 -0.00000285 -14.49145055 -10.15706116 26.9267668 -11.50748764 8.85916477 14.20848955 27.64609718 3.68473201 4.40327752 -9.86389302 2.1375017 -17.37006668 -0.37888061 0.00003997 -9.6e-7 -3.850594 -17.15891763 -19.24690798 26.11015829 3.62679213 -0.39944566 -18.38434484 -3.02964246 14.35712542 -1.32333618 0.00000447 8.4e-7
0.00061177 1.09504433 0.010178 -4.69490032 12.77710773 2.43892618 3.35756925 -0.15848296 -1.11690365 4.37242381 -0.39534056 -0.98379182 4.36836151 -0.42336771 -0.98991409 5.91639141 10.30042558 -5.17925422 16.37478489 52.36809487 -26.43835315 3.34888126 -5.9211462 -11.26394222 3.07245109 -0.68530635 -52.91811331 0.00000291 -35.75950593 -0.00000277 -1.57767274 36.08886651 -7.49696364 0.40420475 -0.37157259 4.16088795 6.52949278 6.96364477 67.0153237 -0.00000368 16.02704509 0.00003075 -14.5016867 -10.12632779 26.78209349 -11.47591182 8.9095118 14.29160128 27.66798364 3.7786489 4.42190153 -9.86150481 2.14249909 -17.3925841 -0.39003708 0.00000439 -0.00000119 -3.9408731 -17.11937464 -19.22767252 26.24916815 3.7940559 -0.37668144 -18.43884366 -3.01484903 14.26228761 -1.30935909 -0.00000415 -0.0000025
-0.00027953 1.09496201 0.01000964 -4.75587695 12.71543465 2.40393284 3.36478928 -0.18402281 -1.10627351 4.39235152 -0.44811197 -0.96895496 4.38776181 -0.47645088 -0.97609264 5.94526993 10.29738826 -5.16527671 16.44226634 52.36730245 -26.40232894 3.36200816 -5.91265426 -11.26303027 3.48611105 -1.51684082 -52.67904807 0.00002527 -35.75127764 0.0000109 0.31222637 35.71259907 -7.88924443 0.40822564 -0.33769503 4.23330487 6.62858464 7.11163063 67.08993586 -0.00002676 16.19542637 0.00000143 -14.41130357 -10.03131004 26.60567676 -11.45398019 8.92656241 14.37170658 27.69348774 3.81554752 4.46754284 -9.84278209 2.14422044 -17.41354049 -0.39492966 -0.00000797 -6.1e-7 -3.94428838 -17.1055757 -19.16560275 26.35253998 3.86745813 -0.3561768 -18.48599284 -3.00439138 14.1869352 -1.30707914 0.00000389 -0.0000035
-0.0010975 1.09488831 0.00975623 -4.81801689 12.7512377 2.37483322 3.36351828 -0.23428116 -1.08997724 4.39447148 -0.55265245 -0.9275264 4.3887125 -0.5822818 -0.93667035 6.01870825 10.29957693 -5.13858689 16.55727744 52.46746568 -26.37128617 3.36828249 -5.91672018 -11.26401882 4.0078943 -2.54917165 -52.25433332 0.00001058 -36.05078369 -0.00000298 2.78768351 35.25160744 -8.80241661 0.41032261 -0.34297141 4.30409659 6.70628403 7.14695798 67.11755736 0.00000128 16.41018656 0.00000422 -14.3841656 -9.86973527 26.45463606 -11.46365156 8.91447441 14.43348835 27.71665388 3.77872885 4.53057977 -9.81161188 2.14302336 -17.43266418 -0.39242825 0.00001313 0.00000575 -3.91224918 -17.1230812 -19.10559112 26.43490759 3.86152361 -0.3111604 -18.52729858 -2.99709473 14.12177605 -1.32526738 0.00000101 -0.00000268
-0.00182951 1.09481827 0.0094902 -4.86577972 12.83525545 2.33701023 3.33708636 -0.29998444 -1.06543116 4.36101405 -0.69060094 -0.85347432 4.35358498 -0.72251526 -0.86516255 6.13624423 10.26965344 -5.0563289 16.61523085 52.45199559 -26.0043677 3.36831526 -5.93119124 -11.26634567 4.7470111 -3.77803948 -51.62571526 0.00000102 -36.76882062 -0.00002186 5.31578644 34.75473298 -10.21360656 0.40994083 -0.38479863 4.35104714 6.75528647 7.08333724 67.09187339 -0.00001165 16.58751898 0.00001962 -14.49824564 -9.70932906 26.39634709 -11.51525582 8.91043586 14.51842522 27.75186621 3.67483306 4.57132793 -9.78237788 2.13969048 -17.43543111 -0.38888953 -0.00000701 -0.00000266 -3.86213495 -17.15625244 -19.04098789 26.48483836 3.7957939 -0.24245914 -18.55009742 -2.99273233 14.07927786 -1.35771117 0.00000349 0.00000644
-0.00252725 1.09476212 0.00933209 -4.92375909 12.92845938 2.27187873 3.27956312 -0.36954657 -1.03423 4.28497604 -0.83743252 -0.75678081 4.27564636 -0.87203704 -0.77102042 6.28515862 10.06684266 -4.7462155 16.415364 51.56573518 -24.62265432 3.36033283 -5.96157683 -11.26321452 6.01880153 -5.33552538 -50.68031391 0.00000763 -38.23595815 -0.00001841 8.04998461 33.87444706 -12.0656684 0.40993989 -0.44584224 4.43469536 6.81209444 7.03597804 66.95249902 -0.00000506 16.64515267 -0.00002943 -14.6453629 -9.64567003 26.46310426 -11.5744283 8.94785979 14.67685942 27.79760778 3.49589063 4.56930379 -9.76546004 2.13640702 -17.42769183 -0.38190292 0.00001276 0.00000918 -3.74115184 -17.17149345 -18.90278432 26.48018264 3.66189067 -0.20666267 -18.55063492 -2.99562264 14.08630378 -1.39031918 -1.9e-7 0.00000874
-0.00321831 1.09473518 0.00937239 -5.03400082 13.04143477 2.18389196 3.1883245 -0.43210083 -1.02250924 4.15801765 -0.96908254 -0.68255834 4.14675243 -1.00593607 -0.69887433 6.45816821 9.46864241 -3.96947563 15.8012069 48.69991417 -21.53288046 3.33578568 -6.01716192 -11.25343366 8.1201513 -7.29078329 -49.15310842 0.00002605 -40.80694269 0.0000134 11.85774059 31.91224637 -14.56400822 0.41598157 -0.48852577 4.66473959 6.94667752 7.07736007 66.64971438 0.00001362 16.50875604 -0.00001852 -14.67506743 -9.71556269 26.61684234 -11.57671199 9.00279272 14.86018723 27.82072665 3.27040708 4.61446082 -9.75161184 2.13908692 -17.46674408 -0.36446141 -0.00004534 -0.00000544 -3.48313581 -17.14854925 -18.657322 26.41900816 3.40799909 -0.22392736 -18.53573783 -3.01136895 14.1541467 -1.4269926 0.00000435 0.00000272
-0.00388544 1.09473038 0.00960012 -5.20550542 13.20959503 2.09868767 3.05700883 -0.47914654 -1.0713283 3.97336175 -1.06807191 -0.68148798 3.9600371 -1.10656449 -0.69895838 6.67156246 8.32441096 -2.65981325 14.98920169 43.1398592 -16.58672039 3.28710766 -6.09634473 -11.25611009 10.9520766 -9.39020996 -46.81888616 -0.00001342 -44.56998786 1.5e-7 16.93031003 28.51153632 -17.72579022 0.4279154 -0.50388499 5.02786673 7.17867961 7.16751726 66.26530239 0.00000173 16.14599779 0.00000706 -14.5361254 -9.88439463 26.80378755 -11.49575564 9.00650916 14.99436038 27.8031959 3.06857596 4.75466582 -9.72369178 2.14896234 -17.58430117 -0.35129898 0.00003331 -0.00000244 -3.13318565 -17.14439857 -18.34993073 26.37297098 2.95533877 -0.27394163 -18.51461641 -3.03886415 14.23542376 -1.5017697 -0.00000563 -3e-7
-0.00449272 1.09470406 0.00990794 -5.40722114 13.44222797 2.0286427 2.88594087 -0.51155913 -1.19418441 3.7493943 -1.13905798 -0.75374249 3.73353327 -1.17953373 -0.77130248 6.9555417 6.69369735 -1.04032292 14.50884082 35.17891966 -10.30343821 3.21803604 -6.18443685 -11.28877081 14.02603513 -11.21012771 -43.77604156 0.00001484 -49.33394429 -2e-7 21.95505095 24.31277791 -21.00513347 0.43793977 -0.53425358 5.35266856 7.42071397 7.23186936 65.96516517 -0.00000249 15.61516195 0.00000569 -14.27568348 -10.09915842 26.99838497 -11.39807583 8.97607482 15.10281636 27.79280539 2.85828665 4.91681198 -9.69475878 2.15908053 -17.71070288 -0.33152486 0.00001495 0.0000024 -2.7338933 -17.16526164 -18.02054445 26.33807381 2.3163636 -0.34078374 -18.47847535 -3.08179763 14.37429714 -1.61264968 0.00000708 -0.00000224
-0.00501557 1.09462845 0.01018159 -5.61262276 13.70105686 1.95546171 2.70213102 -0.53985906 -1.36432193 3.54503781 -1.20603615 -0.85728091 3.52581912 -1.25008243 -0.87416956 7.31614301 4.8120413 0.62220534 14.72702346 26.02013059 -3.58157342 3.141265 -6.26833986 -11.29846568 16.87898758 -12.58139239 -40.38527647 -0.00001781 -54.84613748 -0.00003277 25.51030739 20.52223178 -23.89495098 0.44212828 -0.60317017 5.54476047 7.57107555 7.23863857 65.78764946 1.8e-7 15.08884037 0.00000238 -14.03765446 -10.31778536 27.17093538 -11.34167544 8.98049623 15.26055123 27.82929042 2.53860915 5.02885139 -9.69354057 2.16725993 -17.78928006 -0.30158446 0.00001635 -0.00000947 -2.36398049 -17.19854057 -17.73051825 26.36299111 1.84926705 -0.35828019 -18.51652008 -3.09773506 14.33396257 -1.70098882 4.4e-7 -3.3e-7
-0.00547236 1.09446518 0.01034165 -5.82128638 13.92652153 1.86188027 2.55738251 -0.57280607 -1.54943449 3.43160979 -1.2893286 -0.95349665 3.40806121 -1.33935919 -0.96952392 7.7311326 2.93164809 2.24109953 15.61452696 17.0254586 2.64296474 3.07343556 -6.33958025 -11.14817146 19.35819042 -13.69717914 -36.95556241 0.00004058 -60.89201218 0.00003004 27.55769515 17.73893771 -26.14902945 0.44302991 -0.6815311 5.64749935 7.61919711 7.20553413 65.64996073 0.00000835 14.78161802 -0.00002855 -13.9888911 -10.50607257 27.2864352 -11.34394739 9.07907167 15.52521909 27.94080965 2.10423833 5.04941315 -9.73176601 2.17441217 -17.80784506 -0.28765933 0.00000233 0.00000227 -2.00428593 -17.20770354 -17.43461086 26.39568396 1.45361778 -0.3728192 -18.5595528 -3.11283892 14.29745715 -1.77758739 0.00001047 -0.00000193
-0.00585171 1.0942495 0.0103516 -6.02820936 14.07646785 1.75056316 2.49186437 -0.62053922 -1.72771887 3.44193656 -1.40998191 -1.01836262 3.41267892 -1.46888456 -1.03403464 8.17447779 1.20439767 3.79878286 16.82705133 8.92922497 7.83867097 3.02755054 -6.3903671 -10.75986126 21.51928143 -14.71577889 -33.60462286 0.00003775 -67.34807917 0.00002333 28.94795707 15.80566322 -27.51387848 0.44293706 -0.72461831 5.68593812 7.61299551 7.21025775 65.50385454 0.00001425 14.81899552 -0.00004394 -14.14799487 -10.62393135 27.31261001 -11.35415391 9.2015688 15.82717222 28.08649223 1.71558472 5.0371903 -9.78637459 2.18430563 -17.82958734 -0.28675674 0.00000425 -0.00000301 -1.6965729 -17.21772684 -17.15734975 26.44896598 1.15630971 -0.38577167 -18.59444574 -3.12385261 14.24815109 -1.84889057 0.0000019 -0.00000483
-0.00614386 1.09403709 0.01021361 -6.20121967 14.1373239 1.63754191 2.50551073 -0.69916747 -1.89430228 3.55662575 -1.60061629 -1.04352748 3.51916061 -1.67152145 -1.05984707 8.5955383 -0.313527 5.23200277 18.01344322 1.80914927 12.03779617 3.00237277 -6.43397324 -10.22035844 23.31598306 -15.36689932 -30.42453917 0.0000806 -74.2700742 0.00008229 30.33739807 14.69880555 -28.01167906 0.44245891 -0.7213342 5.67142215 7.58963151 7.36949854 65.32125841 0.00000157 15.20395072 0.00001073 -14.35148334 -10.61010345 27.22612729 -11.3601157 9.31316617 16.10096107 28.22397118 1.42871925 5.02531651 -9.8423159 2.19643065 -17.86520531 -0.28953249 -0.0000116 -0.00000318 -1.43108581 -17.21274767 -16.93092067 26.42803396 1.06642608 -0.39406325 -18.60135288 -3.12447844 14.24069329 -1.85588116 0.00000762 5.9e-7
-0.00638543 1.09385956 0.0099656 -6.30404025 14.1286339 1.53579199 2.56954337 -0.8226148 -2.05614463 3.7300618 -1.88912217 -1.02841102 3.68016729 -1.97531632 -1.04639799 8.91457633 -1.59885897 6.46209461 19.04409404 -4.36479021 15.51723431 2.99088147 -6.51015816 -9.66051403 24.42654297 -15.2132154 -27.6910284 0.00006778 -81.70591225 0.00005341 31.93235272 14.5787658 -28.30159879 0.43980063 -0.72716585 5.60386741 7.54287566 7.72603173 65.10330313 -0.00000546 15.86582656 -0.00000961 -14.43392656 -10.4066357 27.03608492 -11.3904192 9.413314 16.32712289 28.33418403 1.24611381 5.00075641 -9.88329351 2.2066116 -17.89783526 -0.3032926 -0.00003509 -0.00000821 -1.2598115 -17.18205489 -16.76772582 26.37209198 1.11629615 -0.3994312 -18.59157732 -3.11821917 14.26028572 -1.82344713 -0.00000219 -0.0000061
-0.00661794 1.09372681 0.00965479 -6.33312046 14.09792281 1.44401319 2.65672534 -0.99605677 -2.20979103 3.91848837 -2.28516893 -0.95618562 3.85030483 -2.38974964 -0.97678738 9.08850289 -2.61941779 7.4165656 19.88374781 -9.42592749 18.3804735 2.99072767 -6.64468357 -9.13106853 24.57062259 -14.2251612 -25.66602602 0.00137132 -89.41643816 0.00134409 33.55260334 15.15930617 -29.19852293 0.43037775 -0.79908255 5.41489915 7.42171805 8.13212977 64.95228647 -0.00001624 16.69169127 0.00002097 -14.44590388 -10.03561559 26.73859741 -11.46712521 9.4589564 16.48848577 28.43981724 1.16757175 4.98427611 -9.91508404 2.21304698 -17.90342694 -0.30641252 3e-7 -0.00000578 -1.15271717 -17.16937187 -16.67957989 26.23674957 1.33470876 -0.3659488 -18.56069259 -3.10110724 14.30763127 -1.7358199 0.00000285 8e-8
-0.00682424 1.09365128 0.00928664 -6.32588737 14.08279994 1.35224956 2.76000303 -1.21381396 -2.32620021 4.09157949 -2.77177397 -0.80550671 3.99931321 -2.89608752 -0.83030233 9.14710788 -3.34589296 8.06078614 20.4587126 -13.14991651 20.50468299 2.9999159 -6.82409983 -8.61610129 23.89269451 -12.88771307 -24.24823706 -179.99985049 -83.09200608 -179.99987539 34.70301478 15.85987322 -30.81989351 0.41419937 -0.90858367 5.09730131 7.19427301 8.28653199 64.96155928 -0.00000247 17.56150395 -0.00002714 -14.58766653 -9.65151298 26.25862417 -11.5612862 9.45033456 16.60367169 28.52538964 1.13517815 4.99363278 -9.93311498 2.21748291 -17.91248966 -0.28792128 0.00000946 0.00000708 -1.06886029 -17.15745644 -16.61084031 26.06971014 1.62042094 -0.31735638 -18.53012716 -3.07689284 14.34068793 -1.6247089 0.00000508 0.00000208
-0.00690558 1.09364136 0.00880279 -6.32752688 14.08546073 1.27436393 2.88202962 -1.45856989 -2.37650155 4.22509575 -3.30414915 -0.5921311 4.10554331 -3.4461044 -0.62393999 9.1584965 -3.78924831 8.42991031 20.7558498 -15.50841157 21.81434579 3.01281479 -7.01332006 -8.10637397 22.78684622 -11.84041248 -23.01306052 179.99994412 -76.32627697 179.99994081 34.92419703 16.29902603 -32.54331125 0.3977104 -1.00130345 4.77411874 6.92136029 7.99280552 65.11315159 0.00000567 18.37169602 -0.00000949 -14.88561198 -9.46377993 25.65748541 -11.65898824 9.47570566 16.71597852 28.60131037 1.04560327 4.9863878 -9.94491264 2.21746279 -17.8882718 -0.26980754 0.00001644 -0.00000575 -1.02216427 -17.11268758 -16.5429296 25.99651458 1.80718995 -0.2752431 -18.52893262 -3.04455665 14.26681936 -1.54452171 0.00000115 0.000004
-0.00675255 1.09368622 0.00815701 -6.34625357 14.08598434 1.25462474 3.00589708 -1.70978752 -2.36695621 4.29195675 -3.8329505 -0.37445168 4.14545232 -3.98705216 -0.41642017 9.17609676 -4.00691396 8.60438916 20.86977293 -16.7283045 22.42418247 3.020345 -7.17502457 -7.60568015 21.50834869 -11.58714337 -21.57329275 179.99993955 -70.64175637 179.99991337 34.17388246 16.33423123 -33.75499547 0.38502968 -1.10303805 4.56573775 6.71982988 7.37388336 65.33221506 -0.00000709 18.99415853 0.00003889 -15.19196378 -9.54704673 25.3960332 -11.715967 9.51077963 16.7702714 28.65158649 0.94880291 4.939122 -9.94914297 2.21159344 -17.82320485 -0.2541251 -0.00000159 0.00000478 -1.05021125 -17.09253285 -16.55208105 26.02472721 1.93717046 -0.25315454 -18.54256842 -3.01330206 14.13852331 -1.49974258 0.00000487 -0.00000338
-0.00636837 1.09377747 0.00740354 -6.3505582 14.05281043 1.3158001 3.09049165 -1.9525937 -2.3265377 4.27100601 -4.32684873 -0.2014888 4.1004558 -4.48616515 -0.25502751 9.2138951 -4.07060393 8.63907992 20.88985198 -17.16248986 22.52262654 3.01470518 -7.28113341 -7.1201232 20.10922902 -12.44361694 -19.84099791 -179.99999095 -66.19979146 179.99997759 32.80571166 16.10685132 -34.38197301 0.3746711 -1.26434065 4.48711012 6.67072299 6.74517474 65.57834403 -4.3e-7 19.29085128 -0.00003238 -15.46776307 -9.76898675 25.76283055 -11.68524259 9.46244005 16.67081644 28.62847208 0.98204564 4.89499121 -9.9329704 2.20360899 -17.77324441 -0.24378726 0.00000863 0.00000481 -1.1785992 -17.1299342 -16.68847857 26.08579464 2.08675216 -0.26494947 -18.53224862 -3.00148257 14.08622146 -1.48434771 -5.1e-7 0.00001005
-0.00584334 1.09392372 0.00662266 -6.32562484 13.96199961 1.43792661 3.1157318 -2.17833226 -2.27595615 4.17637489 -4.77356126 -0.07555407 3.98540512 -4.93258121 -0.13990673 9.26254367 -4.03365203 8.52518358 20.82278849 -17.16275575 22.30814273 2.99965914 -7.33026392 -6.71575378 18.57616983 -14.55947942 -17.98079105 179.99996678 -63.04470984 179.99995495 31.27250098 16.06997101 -34.7738946 0.36476907 -1.44130745 4.43985694 6.80443651 6.3359417 65.91648457 0.00001157 19.24342663 -0.00002711 -15.85069919 -9.92138366 26.04711186 -11.62586353 9.46453924 16.51816562 28.55023167 1.03106168 4.79074505 -9.90258728 2.18881594 -17.68652352 -0.24628497 0.00003287 0.00000188 -1.37870634 -17.1112899 -16.89206637 26.16526462 2.18960986 -0.31946986 -18.50385816 -3.00143263 14.10852736 -1.46801791 -0.00000214 0.00000135
-0.00521939 1.09412292 0.0057552 -6.31746557 13.83974817 1.60213193 3.12148298 -2.38166033 -2.22769038 4.07548572 -5.17323279 0.02487697 3.86652811 -5.33071421 -0.04942182 9.31420018 -3.93079221 8.24851844 20.64571521 -17.01017498 22.00331755 2.98803752 -7.34219662 -6.50377268 16.97556934 -18.05773173 -16.22530402 179.99998317 -61.30428912 179.99996975 29.92189842 16.61337956 -35.32259332 0.35431918 -1.5269447 4.29052758 7.11335462 6.15391041 66.45605691 0.00000744 18.98767572 0.00001249 -16.4521183 -9.88578935 25.42509561 -11.53958851 9.54167554 16.36128661 28.44928081 1.06081257 4.62612818 -9.85942769 2.16777314 -17.55267926 -0.25115417 0.00000311 0.00000513 -1.57198545 -17.03512913 -17.09786674 26.24194946 2.2350024 -0.44606968 -18.45927953 -3.01179925 14.20118458 -1.4396749 -0.00000476 3.5e-7
-0.00449032 1.0943174 0.00462048 -6.3884711 13.7509823 1.79260195 3.17601453 -2.55758338 -2.18938094 4.0499511 -5.52724381 0.11738988 3.82372663 -5.68666367 0.032231 9.36600922 -3.79296884 7.85916417 20.38903701 -16.84564053 21.76547836 2.98802409 -7.33961052 -6.51456025 15.68477081 -23.14623294 -14.72300391 179.99996038 -61.25852532 179.99995052 29.13832501 17.68875738 -36.01352096 0.34206314 -1.48934568 3.97096487 7.52629369 6.06043089 67.18392618 -0.00001914 18.6665316 0.00002602 -17.12388589 -9.76079751 24.42014204 -11.36988711 9.51655631 16.1129906 28.35288775 1.20155215 4.54142493 -9.80263185 2.15050888 -17.46590007 -0.23169659 0.00004075 -5.1e-7 -1.72384327 -17.11609319 -17.40624493 26.28668717 2.44072225 -0.4935342 -18.39314212 -3.01437153 14.26499982 -1.39932387 0.00000206 -0.00000129
-0.00371748 1.09440323 0.00314991 -6.52737183 13.73293691 1.96755374 3.30052745 -2.7017221 -2.16773344 4.1215875 -5.82996405 0.2009212 3.87815178 -5.99622904 0.10334377 9.41008166 -3.65196126 7.47474833 20.13870459 -16.64890064 21.59402208 3.00243793 -7.36381821 -6.63515737 15.44570327 -29.93184064 -13.42358066 179.99995334 -63.11314267 179.99993098 29.31202298 18.86270632 -36.29676966 0.32853528 -1.41132561 3.56006361 7.93420256 5.99842707 67.91024402 0.00001143 18.29134013 -0.00002058 -17.6041911 -9.75009704 24.08121524 -11.2267831 9.46176438 15.85721951 28.34134387 1.32151274 4.5413708 -9.75707531 2.13734982 -17.40006288 -0.21964644 -0.00000621 6.3e-7 -1.79465552 -17.19963483 -17.66778118 26.34291035 2.56675024 -0.5402998 -18.32314063 -3.02133294 14.35111876 -1.36738264 0.00000628 0.00000171
-0.00299857 1.09435135 0.00153668 -6.63768577 13.7690357 2.08347503 3.44160298 -2.82217158 -2.17505655 4.2375075 -6.09167936 0.25648046 3.9766105 -6.26718254 0.14739165 9.43053348 -3.53358958 7.20220957 19.9599007 -16.345765 21.36937905 3.03477208 -7.46771903 -6.72692899 16.94222218 -38.14146705 -12.006517 179.99996497 -66.80747303 179.99996082 30.40300504 19.6635464 -35.74449945 0.31534687 -1.38690145 3.2155738 8.23503027 6.09426478 68.44277436 -0.00000534 17.77450478 -5.7e-7 -17.77738522 -9.89928484 24.36108467 -11.23036766 9.44714977 15.69139607 28.43708379 1.32411635 4.5509132 -9.74076159 2.12583716 -17.31209533 -0.21431677 -0.00000447 0.00000193 -1.83997516 -17.16850935 -17.8047129 26.42398636 2.49880871 -0.60825308 -18.25958276 -3.03760584 14.47711553 -1.35209257 0.0000092 0.00000233
-0.00238849 1.09429008 0.00010554 -6.64225838 13.81352054 2.11772821 3.53854584 -2.94423821 -2.20259966 4.3505345 -6.35685572 0.28890202 4.07167993 -6.54112296 0.17238081 9.41512973 -3.44396025 7.04384451 19.84414945 -15.92220581 20.9836593 3.08506595 -7.6594209 -6.76470048 20.4658649 -47.15985338 -9.80380746 179.99994531 -72.10769811 179.99993087 31.85545399 19.82561422 -34.61940032 0.30063496 -1.45408715 2.96172745 8.3307939 6.47219578 68.77914954 -0.0000022 17.08643708 0.00000562 -17.68442535 -10.16358151 24.5582616 -11.33454592 9.33998777 15.57389381 28.54989883 1.38049293 4.56446235 -9.73426674 2.11845965 -17.25726461 -0.20379438 -0.00002439 -0.00000159 -1.93048114 -17.12823838 -17.85405428 26.45358549 2.43836779 -0.68010351 -18.18576049 -3.05462592 14.60990503 -1.31881639 9e-7 0.00000114
-0.00190412 1.09439957 -0.00095144 -6.56080686 13.82537725 2.07693232 3.59241016 -3.0907542 -2.21753784 4.47215862 -6.67014889 0.32799211 4.17507746 -6.86235948 0.20823003 9.37023953 -3.36340236 6.91673586 19.74577569 -15.40182822 20.44290634 3.14798919 -7.89510606 -6.82269787 26.56756841 -56.22354683 -5.42966533 179.99999872 -78.66022765 179.9999834 33.09329068 19.19413778 -33.50606005 0.28030559 -1.59969539 2.69301484 8.18148837 7.06930794 69.0382141 0.00000712 16.33437266 0.00000186 -17.49297963 -10.54492896 24.5657622 -11.4962934 9.2892483 15.57115684 28.61474203 1.38687499 4.51757757 -9.72132562 2.10870195 -17.18354776 -0.21024694 -0.00001876 -0.00000713 -2.02705041 -17.04599759 -17.79761136 26.40970461 2.3465378 -0.75731614 -18.09335434 -3.05777416 14.68646744 -1.25401787 -0.00000504 -1.9e-7
-0.00152711 1.09474625 -0.00172468 -6.43584689 13.73677797 2.05934239 3.63716708 -3.26035701 -2.24375507 4.60648193 -7.02947985 0.33868748 4.28931837 -7.22941973 0.21709896 9.32056725 -3.25503257 6.72947562 19.63397745 -14.76216114 19.80494554 3.21930243 -8.12366172 -7.01834551 37.15025748 -64.22765171 3.46637441 179.99972044 -85.78486484 179.99971091 34.26667873 17.72585232 -33.05648976 0.2548505 -1.74922962 2.3349738 7.8880671 7.73250132 69.32783816 -0.00000372 15.69455627 0.00002934 -17.37902289 -10.97945511 24.73807244 -11.58291407 9.32651671 15.54894778 28.53218989 1.44937198 4.44173845 -9.65766301 2.09309259 -17.11638503 -0.21455559 -0.00001952 -0.00000482 -2.17911919 -16.96764888 -17.81096467 26.31724147 2.3636003 -0.795367 -17.97902321 -3.04803627 14.71394018 -1.17797122 -0.00000131 -0.0000017
-0.00124688 1.09524643 -0.00251088 -6.23545931 13.3700939 2.24599988 3.67698065 -3.42368981 -2.39144609 4.69225041 -7.37290119 0.19169647 4.34934809 -7.57955392 0.06755279 9.28737187 -3.08650799 6.41969109 19.49772074 -13.92843687 19.02543429 3.29470312 -8.31208194 -7.41586797 52.6967795 -69.73870728 17.00920518 0.00014744 -87.44660788 0.00014022 36.3098025 15.58071507 -34.26628663 0.23041466 -1.80875821 1.89396512 7.6168736 8.43422477 69.7265046 -0.00001024 15.29445494 -0.0000191 -17.33900789 -11.30361339 25.10565535 -11.43434742 9.38457362 15.21753689 28.16676291 1.9023843 4.35712509 -9.48388148 2.0676294 -17.12249588 -0.21494081 0.00000801 -5e-7 -2.68708483 -16.81019741 -18.14533387 26.42519401 2.64681953 -0.89011151 -17.91803844 -3.0415676 14.70759979 -1.11588494 -8.2e-7 -0.00000231
-0.00116235 1.09570808 -0.00353112 -5.91499903 12.54559571 2.71660048 3.69593507 -3.54305204 -2.73247495 4.67646877 -7.6203063 -0.1996546 4.3020541 -7.83114871 -0.32699464 9.2697313 -2.86359042 5.99990237 19.35353414 -12.89028046 18.0144163 3.36073085 -8.43955275 -7.91038159 65.64465078 -72.90654545 27.43515012 0.00012952 -81.74412897 0.00011842 39.64106634 12.8886619 -37.88067874 0.21633871 -1.7530709 1.50169331 7.43720182 9.25198813 70.18007671 0.00000141 15.1200626 0.00000971 -17.36847983 -11.35820114 25.34667257 -10.98531229 9.35248771 14.52289379 27.51299669 3.02455336 4.09475279 -9.19792701 2.02944683 -17.18405086 -0.19726199 -0.00005566 -0.00000485 -3.88891119 -16.69974743 -19.00766604 26.95754355 3.55909295 -1.10553435 -17.96982563 -3.03091575 14.60462611 -1.03511974 -0.00000584 -0.00000432
-0.00141371 1.0959745 -0.00469237 -5.54001832 11.36563056 3.31094004 3.70581541 -3.60446675 -3.17437379 4.60241284 -7.74287162 -0.74017914 4.19819133 -7.95512752 -0.87095475 9.25674859 -2.63822711 5.56639513 19.24801567 -11.82409485 16.8837197 3.40024676 -8.47868106 -8.35122999 68.34817353 -75.28464165 27.89739168 0.00001375 -77.64762433 -0.00000228 42.97661772 9.96140557 -43.0066884 0.21804084 -1.61766577 1.31473376 7.30798327 10.11374779 70.52357744 0.0000033 15.03432937 0.00000613 -17.66371014 -11.11031553 25.3290792 -10.41472648 9.41905729 13.7654341 26.77813587 4.4166249 3.68235778 -8.88970984 1.98743916 -17.23962621 -0.17198837 0.00003091 -0.00000664 -5.49116995 -16.49427584 -20.10101653 27.78587003 4.85229401 -1.37713549 -18.09931667 -3.00994893 14.40588862 -0.92895052 0.000002 -0.00000151
-0.0019919 1.09602791 -0.00570242 -5.26258199 10.21068131 3.77481844 3.73705595 -3.61826375 -3.53582023 4.56237474 -7.76486608 -1.22725331 4.1402061 -7.97674845 -1.3617905 9.24972509 -2.46030089 5.22208818 19.21019442 -10.97668443 15.98593712 3.41154324 -8.43523108 -8.67825656 63.92623025 -76.53997802 22.5399864 -0.00004014 -75.62983439 -0.00005701 44.32715742 7.89477655 -47.36861529 0.23183085 -1.41170233 1.28805312 7.20483179 10.70977381 70.73131881 -7.4e-7 14.94238229 -0.00001965 -18.22997228 -10.76047617 25.31161357 -9.93192694 9.53839702 13.17140323 26.27307708 5.64772513 3.41821413 -8.69246148 1.96279675 -17.2669821 -0.16364749 -0.00002327 0.00000871 -6.8866254 -16.26813039 -21.05277232 28.55823054 6.15481399 -1.46452862 -18.22451935 -2.9642217 14.08498902 -0.86327979 0.00000543 0.00000277
-0.00273903 1.09597656 -0.00635438 -5.17010685 9.41264036 3.96162501 3.79547955 -3.59996734 -3.70446972 4.59711539 -7.72164622 -1.51751427 4.17325702 -7.93237893 -1.65563149 9.25276255 -2.32687541 4.99503862 19.22443733 -10.37492061 15.55754619 3.40953855 -8.38905304 -8.81417523 61.31870173 -76.22180816 20.59815336 0.00003584 -75.56963282 0.00002019 43.00789574 7.52505973 -49.46281338 0.25135838 -1.13655008 1.28103897 7.18448938 10.83559896 70.84770647 -0.00001697 14.89173237 0.00001734 -18.62255644 -10.58250331 25.49807982 -9.67256037 9.55072373 12.87822056 26.18670107 6.57761232 3.36827695 -8.65689107 1.95836742 -17.22033926 -0.14978601 0.0000373 0.0000075 -7.69686213 -16.20709622 -21.58051223 29.03296043 7.12170041 -1.41377593 -18.28483585 -2.90926867 13.76153552 -0.85153289 0.00000182 -0.00000307
-0.00353399 1.09598 -0.00658723 -5.21444008 9.07833198 3.85106621 3.85480556 -3.57154713 -3.67809504 4.67534024 -7.65979104 -1.57414373 4.26167045 -7.86915095 -1.71470689 9.25017933 -2.1868588 4.83913331 19.21982596 -9.72446744 15.34056919 3.4049731 -8.41473348 -8.65603084 62.32853763 -75.02906715 23.22536598 -0.00004981 -76.83136653 -0.00005951 39.85667 8.52133837 -49.57209002 0.27316398 -0.85846163 1.31429808 7.30984453 10.68247153 70.73929766 -0.00001125 14.93612006 0.00001133 -18.48533901 -10.58639475 25.63999215 -9.66074835 9.53940656 12.96333754 26.37799706 6.97769926 3.45303263 -8.72433933 1.96648441 -17.14290425 -0.13802577 0.00003658 4.3e-7 -7.8405468 -16.26146641 -21.5930665 29.11911098 7.54513268 -1.2790223 -18.26455498 -2.86187733 13.52901556 -0.87798214 0.00000231 -0.00000414
-0.00434258 1.09616219 -0.00638637 -5.29491645 9.16364753 3.50821152 3.87959634 -3.55531581 -3.51725986 4.73508268 -7.62337678 -1.43730522 4.33578175 -7.83068009 -1.57854933 9.20987992 -1.96241591 4.67462038 19.05823427 -8.56964659 14.81555956 3.3952539 -8.49441696 -8.22469585 63.05613381 -73.6132387 25.56230734 0.00008266 -78.85828669 0.00007372 36.11394141 10.36845717 -48.76123906 0.29250844 -0.67965944 1.48158715 7.55032294 10.52260274 70.26456584 -0.00000684 14.99941236 0.00004283 -17.98260575 -10.60499121 25.37987383 -9.86998621 9.51728717 13.31810848 26.67520256 6.86278442 3.67022544 -8.83487328 1.98148395 -17.06301371 -0.11971382 0.00005159 0.00000476 -7.4299385 -16.30349111 -21.12744639 28.8391781 7.36396297 -1.12291625 -18.17039309 -2.83303801 13.43866041 -0.94203798 0.00000146 -0.00000452
-0.00507831 1.09651474 -0.00574579 -5.35606634 9.560073 3.0611678 3.84663621 -3.547804 -3.29074196 4.72517474 -7.60049176 -1.18903178 4.34131408 -7.80349671 -1.32881059 9.10038291 -1.56778128 4.40856642 18.62330534 -6.52243335 13.77104673 3.37510634 -8.54590289 -7.72730669 61.07774728 -72.28686083 24.45061819 0.00008839 -81.15901465 0.00006984 32.68407941 12.60476631 -47.57051962 0.30244425 -0.66893118 1.73957154 7.78718279 10.25987714 69.56630814 -0.00000109 14.95231342 0.0000171 -17.51468308 -10.62653267 24.78302828 -10.19881731 9.48276709 13.80309782 26.93672493 6.41480121 3.92874869 -8.92382444 1.99460251 -17.01298638 -0.14176016 -0.00001323 -0.00000525 -6.69305942 -16.32656067 -20.37667365 28.31796625 6.70432903 -0.99653848 -18.02687726 -2.82509156 13.48695381 -1.04671282 -0.00000132 -7.4e-7
-0.00557215 1.09691643 -0.0046957 -5.40035713 10.1018046 2.64615639 3.75142692 -3.51456622 -3.04211338 4.63329872 -7.51709221 -0.90993018 4.2693166 -7.71200336 -1.04513667 8.90536597 -0.94453112 3.99306626 17.91148211 -3.35891048 12.27743977 3.34727392 -8.50097398 -7.47415714 56.03913048 -70.95558196 19.29561153 0.00012889 -83.31384953 0.00012202 29.95437834 14.3948299 -45.94240882 0.30003515 -0.81865487 1.95253865 7.89697774 9.61490264 68.95734006 -0.0000039 14.724323 0.00000835 -17.39568077 -10.74690451 24.27493674 -10.51528762 9.46399984 14.28973381 27.10437967 5.80581638 4.12903169 -8.98184963 2.00207134 -16.98957771 -0.14003054 0.00001615 -0.0000049 -5.88750451 -16.42167067 -19.65560458 27.71981829 5.92238448 -0.8505753 -17.87454312 -2.82698204 13.57499501 -1.1759766 -0.00000389 -0.00000537
-0.00571379 1.09722 -0.00330737 -5.46235972 10.56672139 2.34489552 3.608376 -3.4179775 -2.78963606 4.49698607 -7.2985341 -0.65401057 4.16187485 -7.48187055 -0.78007587 8.6390477 -0.07042575 3.47770646 16.96033369 1.078334 10.29020994 3.31974822 -8.33727709 -7.68995791 48.79656575 -69.03162477 11.31360041 0.0003013 -85.3702241 0.00029468 27.82928289 15.2354835 -43.82649076 0.2909344 -1.02036518 2.0649737 7.84040557 8.6400715 68.5903636 0.00000108 14.31613633 0.00003375 -17.71478568 -10.97426716 24.21900613 -10.69171546 9.46620991 14.65718818 27.20120068 5.26102995 4.27601447 -9.05011916 2.01207603 -16.99122298 -0.1540967 0.00000831 -0.00000395 -5.16887886 -16.54679095 -19.12233724 27.19349036 5.3026537 -0.71950709 -17.76087804 -2.833132 13.6562408 -1.29129414 -8.5e-7 1.3e-7
-0.00553888 1.09731934 -0.00171375 -5.59005243 10.75794822 2.18055004 3.45215642 -3.24240616 -2.54927083 4.38031819 -6.91906189 -0.45892788 4.0831861 -7.08950477 -0.57131845 8.34608244 1.04875795 2.96196235 15.79528055 6.87326505 7.73546717 3.29551056 -8.07111733 -8.34777269 41.08557763 -65.83988538 2.71505717 0.00051054 -87.72791848 0.00049701 26.05696936 15.58859123 -41.19067079 0.28999358 -1.10127808 2.17956754 7.68498602 7.69376516 68.35594084 -0.00000203 13.82788099 0.00000304 -18.14679918 -11.25059449 24.62403922 -10.63203738 9.575104 14.91810647 27.24182498 4.90782343 4.32742206 -9.1477275 2.03162728 -17.03844005 -0.18733994 -0.00001203 -0.00000536 -4.62434815 -16.65154527 -18.82159774 26.85214877 5.02947233 -0.66471715 -17.71541086 -2.84053867 13.71091859 -1.3505011 0.00000439 -0.00000458
-0.00516625 1.09720261 -0.00009407 -5.79868263 10.63584152 2.14792859 3.32006388 -2.99591204 -2.34075005 4.3234542 -6.39863147 -0.35056156 4.06923879 -6.55667555 -0.44711622 8.07339612 2.35581543 2.51132731 14.49142282 13.796106 4.80807628 3.27281083 -7.75642601 -9.19578419 34.26199612 -61.21407856 -5.0488493 179.99856985 -89.48711127 179.99855654 24.41323736 16.08580036 -37.93936537 0.31073109 -0.95671689 2.4678966 7.55920825 7.01497086 68.0711341 0.00000441 13.46526548 -0.00002109 -18.20431456 -11.47177436 25.11520905 -10.31344843 9.76363826 15.07440176 27.22973541 4.80993988 4.2794417 -9.26932429 2.05901683 -17.13964183 -0.2074627 0.00005946 -5.5e-7 -4.2947996 -16.76979354 -18.76824131 26.73295311 5.19321226 -0.69490747 -17.74532852 -2.84674787 13.71469011 -1.37121697 0.00000361 -0.00000657
-0.00471048 1.0969455 0.00143961 -6.01508407 10.33629297 2.22429056 3.21776467 -2.70489758 -2.17264501 4.31307153 -5.79032432 -0.32341286 4.10151655 -5.93668222 -0.40437936 7.83903571 3.75202853 2.11408389 13.19597922 21.30937994 1.83552593 3.25079845 -7.46616331 -9.95455615 28.43172917 -55.42170391 -12.07965082 179.99961234 -86.60256435 179.99960212 22.70835107 16.68742745 -34.38271917 0.35060969 -0.6353264 3.01189186 7.56415096 6.6094956 67.65075147 -0.00000497 13.39214344 0.00001732 -17.82346175 -11.5166352 25.28134806 -9.87604966 9.97015434 15.09588136 27.18432165 4.90156112 4.19722777 -9.39496839 2.08646937 -17.2471177 -0.2268259 0.00003383 0.00000538 -4.16846114 -16.86586011 -18.91953881 26.79054005 5.60323376 -0.75357233 -17.83583592 -2.85202957 13.68149659 -1.38596069 0.00000213 0.000002
-0.00425986 1.09666763 0.00289805 -6.10642525 10.02935109 2.36592524 3.10991661 -2.40536557 -2.04171004 4.2948921 -5.16525411 -0.34285814 4.12144188 -5.30008976 -0.40903774 7.6312536 5.14970215 1.71887258 12.08535582 28.87955989 -1.02081022 3.22925877 -7.24707075 -10.46803036 23.48637945 -48.69573699 -18.73754164 179.9999472 -84.02452571 179.99993297 21.11410571 17.08574183 -31.14929321 0.39745708 -0.24715184 3.77081116 7.68213383 6.36611895 67.08840273 0.0000021 13.59400676 -0.0000081 -17.34345793 -11.39925183 25.06880076 -9.50282591 10.07084757 14.93431288 27.09890654 5.17036707 4.17827327 -9.48520442 2.11056277 -17.35974613 -0.25678203 -0.00000762 0.00000642 -4.25488084 -16.9266918 -19.20219969 26.9358985 6.04449034 -0.78967194 -17.95706793 -2.85697598 13.63321699 -1.38258503 0.00000568 0.00000314
-0.00388287 1.09646011 0.00430098 -5.99366741 9.78623599 2.50959601 2.95290259 -2.11791359 -1.93698484 4.21120932 -4.5641408 -0.37285297 4.06967715 -4.68715291 -0.42478191 7.43030479 6.47187311 1.31384648 11.28797569 36.02875818 -3.71809796 3.20563362 -7.09539004 -10.72484615 19.81838861 -41.23226581 -24.68476777 179.99972309 -81.99716804 179.99971828 20.20790449 17.33968575 -28.53233823 0.44259368 0.13925166 4.65722125 7.80471752 6.10004761 66.40169452 0.00000419 13.94669943 0.00000185 -17.07011362 -11.22784248 24.74151336 -9.33328983 10.08354007 14.69561267 26.99276525 5.51120508 4.17447049 -9.53220925 2.12655319 -17.43960211 -0.27875061 0.00000453 -0.00000284 -4.52485365 -16.90876591 -19.49139077 27.08410452 6.36865338 -0.81124823 -18.07487899 -2.86491283 13.60041791 -1.36085448 -9.8e-7 0.00000581
-0.00362411 1.09635956 0.00559143 -5.70771056 9.59978855 2.6043855 2.74928735 -1.83803472 -1.83913987 4.05559445 -3.97696753 -0.39398984 3.9412395 -4.08768224 -0.43279373 7.22518139 7.63601297 0.91340782 10.8224321 42.25343933 -6.18961609 3.17641085 -6.98085605 -10.77101628 17.67815126 -33.46977706 -29.39849277 -179.99998858 -80.79042564 -179.99999853 20.22878979 17.65015413 -26.61535132 0.48322483 0.50187422 5.61139859 7.87043348 5.65276488 65.61186317 0.00000211 14.37482571 -0.00000817 -17.18399667 -11.0028411 24.54532121 -9.37893776 10.0851131 14.51358429 26.88781112 5.80695862 4.11873709 -9.549338 2.13301539 -17.46603373 -0.2906485 -0.00001821 -0.00000119 -4.89948603 -16.80252483 -19.6920834 27.18832572 6.53442541 -0.8360568 -18.16231904 -2.87438755 13.59452187 -1.33691998 0.00000884 -0.000004
-0.00346895 1.09637093 0.00671356 -5.32600088 9.49754743 2.65251209 2.52606805 -1.55967226 -1.73896629 3.8543686 -3.39128649 -0.41539756 3.76419829 -3.48938053 -0.44323438 7.01340177 8.56056065 0.52098484 10.64478666 47.07770398 -8.36850318 3.13934637 -6.88605279 -10.62107801 16.77903867 -26.06166344 -32.81006453 179.99979202 -80.83419919 179.99978034 20.75875486 17.99106727 -25.44462949 0.51750831 0.81911984 6.58300293 7.89907675 5.05005479 64.78191016 0.00000114 14.85496201 -0.00001308 -17.67331462 -10.67623917 24.51113154 -9.56221214 10.06890356 14.38720217 26.76104519 6.04231641 4.0413273 -9.52409479 2.13122024 -17.48615862 -0.29022618 4.8e-7 -0.00000413 -5.28337591 -16.64197812 -19.78770764 27.22924828 6.52452024 -0.86814876 -18.2133356 -2.88645511 13.6240327 -1.30887864 0.00000288 0.00000522
-0.0033141 1.09649506 0.00770865 -4.89764082 9.57056882 2.70276886 2.29202771 -1.30036352 -1.6477396 3.61948368 -2.84352109 -0.45562098 3.54993678 -2.92919049 -0.47494938 6.79908117 9.21330698 0.12398686 10.72267168 50.33985683 -10.33660388 3.09647254 -6.80690265 -10.31295896 16.68568598 -19.58973748 -35.1752803 179.99978981 -82.56794678 179.9997838 21.32176203 18.2173251 -24.76175091 0.54247772 1.065653 7.4261079 7.90757981 4.5385876 64.06938273 -0.0000212 15.30361969 0.00001149 -18.16094628 -10.32641117 24.4711475 -9.82227421 10.00143051 14.2391645 26.5661052 6.16571837 3.98678817 -9.43783554 2.11991543 -17.52335912 -0.255724 0.00000749 -0.00000289 -5.61052817 -16.47717904 -19.84015694 27.19612387 6.30740649 -0.87938488 -18.24175658 -2.90416652 13.6974939 -1.2744237 -0.00000182 -0.00000408
-0.00305344 1.09674057 0.00866349 -4.44835353 9.88921802 2.79843428 2.04727509 -1.09168113 -1.57677528 3.34930405 -2.39874421 -0.51384616 3.2952459 -2.47284666 -0.52694994 6.59177524 9.6248689 -0.28789608 11.02580457 52.24228634 -12.22987248 3.05445397 -6.73226609 -10.01951134 16.99058329 -14.33462349 -36.74205094 179.99993715 -86.21262798 179.99991995 21.91351462 18.30317467 -24.23741371 0.55689414 1.22009841 7.96354756 7.85127109 4.38381149 63.62025881 -0.00000173 15.57798307 0.00000264 -18.17656779 -10.12818689 24.21100685 -10.13147485 9.82044392 13.99443969 26.30869115 6.14254518 3.97470472 -9.30654809 2.09763481 -17.5257599 -0.21560271 0.00002308 -0.00000296 -5.85956262 -16.38680613 -19.93042646 27.08202241 5.90139573 -0.8379504 -18.25786495 -2.9292794 13.80877047 -1.24542278 9.1e-7 -0.00000207
-0.00267806 1.09709457 0.00956939 -4.01340021 10.44134597 2.93281863 1.81497077 -0.94801416 -1.51769656 3.0650566 -2.0871233 -0.56832225 3.02134437 -2.15110412 -0.5774384 6.39855586 9.84770361 -0.7114853 11.45296712 53.09069649 -14.00131615 3.02293124 -6.65109739 -9.99422999 17.31442444 -10.33533477 -37.55857512 0.00013361 -88.37657739 0.00010227 22.81420669 18.42355951 -23.77707495 0.56251972 1.26435491 8.16504525 7.66143416 4.58093445 63.41813064 -0.00000838 15.63233208 0.0000275 -17.69370091 -10.19181194 23.790588 -10.4850152 9.56566888 13.6823164 26.03152598 5.99638415 3.98210282 -9.13713648 2.06373809 -17.46539808 -0.2341029 0.00001993 -0.00000123 -6.00527706 -16.3934073 -20.04328506 26.89487996 5.31943068 -0.76932363 -18.25966662 -2.96850784 13.96323938 -1.27323877 0.00000271 0.00000538
-0.00223633 1.09749664 0.01033741 -3.62174242 11.14727273 3.06552594 1.62137035 -0.85208229 -1.45387142 2.80364458 -1.87427373 -0.59924293 2.76696267 -1.92982753 -0.60619979 6.21749233 9.92773573 -1.14196579 11.81875797 53.13500124 -15.40545531 3.01319138 -6.56865936 -10.34807626 17.43714818 -7.61759972 -37.62454845 0.00014297 -81.66227985 0.00015195 23.96517984 18.66739603 -23.26283673 0.56063224 1.17674663 8.07710714 7.31116953 4.89962071 63.39937704 0.00002051 15.55173248 -0.00004234 -17.02505558 -10.47183921 23.58691273 -10.85054756 9.34277623 13.39489327 25.72046303 5.65319107 3.98436675 -8.93472266 2.02415289 -17.4021925 -0.24760642 0.00003907 -0.00000816 -6.01860341 -16.41409163 -20.10621261 26.65173523 4.54539184 -0.70112681 -18.24154597 -3.01536417 14.16894489 -1.33580655 0.0000056 -0.00000512
-0.00173616 1.09787918 0.01098709 -3.28418911 11.90056305 3.17154854 1.46162905 -0.7720191 -1.38177052 2.585018 -1.69645798 -0.61135803 2.5540755 -1.74513642 -0.61688491 6.04336456 9.91395338 -1.56334658 11.95861354 52.66618457 -16.28219358 3.0328498 -6.49725661 -10.88311292 17.35017761 -6.25366065 -37.29292664 0.00006272 -74.16581961 0.00005851 24.49648166 18.85332796 -22.31774991 0.55028575 0.97353486 7.72645741 6.86946321 5.21845353 63.56330058 -0.00001376 15.43346574 0.00003387 -16.34761431 -10.79672882 23.77228628 -11.2149765 9.17719474 13.20209053 25.4392467 5.14127631 3.91480458 -8.74944025 1.9808635 -17.30336558 -0.24232079 6.4e-7 -0.00000359 -5.93111849 -16.43582838 -20.10636107 26.37516607 3.71147269 -0.65778414 -18.21049406 -3.05763978 14.40186472 -1.32492336 0.00000148 0.00000411
-0.00118252 1.09822022 0.01168203 -3.01167333 12.61894973 3.24836962 1.31801117 -0.6917331 -1.31025249 2.41031869 -1.52091902 -0.62832021 2.38472356 -1.5638507 -0.63228871 5.87236843 9.85986214 -1.92243146 11.85189942 52.03919687 -16.74656967 3.07634739 -6.44054326 -11.24878102 17.11242049 -6.16450674 -37.22664527 0.00004641 -66.32682081 0.00002077 23.09350915 18.83967243 -20.58890271 0.5340805 0.75328942 7.26237081 6.48780423 5.5927205 63.80487402 -0.00002166 15.3306507 -0.00001407 -15.66259247 -10.95207353 24.12959069 -11.5307661 9.05769953 13.08820358 25.1965794 4.59544946 3.79558868 -8.59209772 1.94135228 -17.19845947 -0.22675616 0.00000797 0.00000156 -5.77267528 -16.48987656 -20.06139926 26.07980274 2.93106787 -0.6478004 -18.17078492 -3.0973455 14.6359662 -1.30000886 0.00000325 -0.00000224
-0.00063547 1.09853684 0.01248448 -2.80531132 13.28128146 3.29612848 1.19090584 -0.61893567 -1.24610575 2.27304803 -1.36241626 -0.66065761 2.25213926 -1.40039551 -0.66306887 5.70448362 9.80742862 -2.17982818 11.61296643 51.50860598 -17.02631191 3.12422714 -6.39257345 -11.32561563 16.71206185 -6.9363518 -37.77577853 0.00003279 -58.61735419 0.00002777 19.36760741 18.73695657 -18.25490368 0.5209997 0.61975257 6.91025766 6.26625729 6.03509467 63.93030663 -0.00001068 15.27373853 0.00000863 -15.02122832 -10.84449287 24.37842106 -11.77974111 8.99865532 13.02235271 24.96651673 4.04032326 3.6969117 -8.45351194 1.90940642 -17.12603954 -0.20546868 0.00003484 -0.00000242 -5.52192844 -16.51907542 -19.95509734 25.76002091 2.16934381 -0.65869047 -18.12361859 -3.13264606 14.8695795 -1.25361433 0.00000607 -0.00000576
-0.00014635 1.09884064 0.01325406 -2.64407594 13.89466475 3.3145854 1.09546522 -0.56516362 -1.18988565 2.1665128 -1.24361717 -0.69583865 2.14916015 -1.27746103 -0.69725982 5.54386627 9.77750195 -2.36780766 11.36402083 51.13837134 -17.23199871 3.16001453 -6.34316143 -11.27413741 16.02649358 -7.93262422 -38.79548008 0.0000276 -51.55560021 0.00001436 14.9042532 18.7816178 -16.10695805 0.5151899 0.5823703 6.73029606 6.14776688 6.4167429 63.90346935 0.00001073 15.27559701 -0.00000186 -14.53385357 -10.64272725 24.40794411 -11.99201402 8.88189338 12.95011617 24.78966361 3.60021676 3.65741059 -8.33957342 1.88374231 -17.06626819 -0.1938219 -0.00001119 0.00000677 -5.22352144 -16.5506694 -19.80844317 25.42116367 1.47326412 -0.67882588 -18.068412 -3.1552228 15.08398975 -1.13668781 0.00000256 -2.9e-7
0.00031767 1.09913117 0.01386729 -2.50145079 14.43919526 3.30672183 1.03983827 -0.5278024 -1.14314126 2.08636548 -1.15973858 -0.72193025 2.07149611 -1.19041755 -0.7230983 5.39395819 9.77006352 -2.55408582 11.14847949 50.85680825 -17.32506518 3.18699867 -6.27936324 -11.24719265 14.89132474 -8.58303292 -40.0692402 0.00004978 -45.55292961 0.00003469 12.25583744 19.2040868 -14.917476 0.51205202 0.57478864 6.61490191 5.99739289 6.62528302 63.85041196 -0.00000766 15.28318462 -0.00001505 -14.24085497 -10.56444936 24.34309576 -12.22540407 8.78284838 12.91069773 24.69956349 3.20367435 3.61859482 -8.26416918 1.86053502 -16.95395154 -0.18534418 -0.00001913 -3.3e-7 -4.9338007 -16.57386548 -19.64658478 25.08562532 0.8487854 -0.69682374 -18.00040546 -3.16603425 15.27396216 -0.98392402 -0.00000193 0.00000167
0.00085138 1.09943268 0.01435782 -2.3557323 14.87662167 3.28734509 1.0074056 -0.49424857 -1.11500208 2.01951854 -1.08560654 -0.74872551 2.00647084 -1.11409383 -0.74996275 5.2560007 9.76724557 -2.76374699 10.94045514 50.55236506 -17.23497609 3.21919847 -6.19521743 -11.25870295 13.35173049 -8.63374325 -41.50962244 0.0000064 -40.813522 -0.00001646 12.49916255 19.98139285 -14.74999152 0.50748589 0.54606416 6.48509648 5.75380942 6.70417406 63.86245454 0.00001328 15.17780618 -0.00002141 -14.09336047 -10.6322155 24.39839277 -12.43564417 8.72146145 12.88242546 24.61131054 2.88179601 3.57191136 -8.19618665 1.83921311 -16.85323316 -0.1588996 -0.00001968 -0.00000287 -4.7005129 -16.58474449 -19.51569985 24.76207882 0.34292376 -0.69689361 -17.91737017 -3.17092444 15.4266618 -0.89203197 0.00000324 0.00000435
0.00151189 1.09977035 0.01482634 -2.20013412 15.19710545 3.280716 0.96874258 -0.45288307 -1.10977859 1.94700997 -0.99722259 -0.79535827 1.93562494 -1.02393034 -0.79640081 5.13239395 9.74631067 -2.95219973 10.7079702 50.16660757 -16.99481343 3.2583463 -6.10600189 -11.26979532 11.74123951 -8.21009791 -43.05130355 0.0000243 -37.31743997 0.00001507 14.40644086 20.77694294 -15.08336595 0.50200355 0.49285313 6.36088964 5.44976486 6.7578754 63.94300225 -0.00001122 14.88647146 0.00004932 -13.97332001 -10.77917959 24.6299254 -12.58869245 8.65109464 12.81840257 24.4999793 2.69346266 3.5190493 -8.13491096 1.81976254 -16.76296075 -0.1335217 0.00002227 -5.5e-7 -4.54579782 -16.60405071 -19.44932051 24.45200279 -0.01578876 -0.69332401 -17.82194922 -3.17486657 15.54812349 -0.83740056 -0.00000232 0.0000044
0.00224025 1.1001313 0.01532263 -2.05195208 15.43475377 3.29840067 0.91505598 -0.40176812 -1.11892038 1.86637282 -0.88930503 -0.86442616 1.85677897 -0.91415218 -0.86482119 5.02677719 9.70280871 -3.07295288 10.46348734 49.7339176 -16.71268839 3.29417887 -6.03347929 -11.2684125 10.37657416 -7.61449911 -44.58292881 0.00000662 -34.89479687 -0.00001457 16.18164557 21.29213945 -15.51265853 0.49670519 0.42055677 6.26768683 5.14160258 6.83286849 64.08651174 -0.00000847 14.46507974 0.00002574 -13.75987493 -10.97755925 24.93750486 -12.68884107 8.59946719 12.72929526 24.37339947 2.57696946 3.45155859 -8.08147725 1.80038894 -16.65947453 -0.11956114 0.00000342 0.00000432 -4.43383919 -16.62194671 -19.42963102 24.15950073 -0.29084696 -0.70348516 -17.72305643 -3.17990991 15.65997433 -0.79420311 0.00000178 0.00000131
0.00291279 1.10048439 0.01581905 -1.92775333 15.64543677 3.33283378 0.85873224 -0.35086248 -1.13769133 1.78859132 -0.78241541 -0.9433166 1.78065528 -0.80553638 -0.94289751 4.93972591 9.65693925 -3.14078158 10.25199036 49.33847825 -16.43424488 3.32209224 -5.97817403 -11.26403782 9.3776896 -7.08514929 -45.97144063 0.00001794 -33.35290635 0.00001837 17.07691378 21.45092583 -16.0173467 0.49111443 0.33273491 6.18779296 4.88602192 6.94267936 64.29457516 -0.00002528 14.04558695 0.0000147 -13.45647955 -11.20180227 25.23233114 -12.74853627 8.56223259 12.6283886 24.23180183 2.48400435 3.39002773 -8.02250979 1.78115636 -16.56584818 -0.10704383 0.00001533 -0.00000375 -4.32705154 -16.64346578 -19.42790983 23.89276142 -0.54553082 -0.71912733 -17.63073253 -3.18556533 15.76670429 -0.74595628 0.0000074 -8.2e-7
0.00346467 1.10081406 0.01626015 -1.81873518 15.87293602 3.37398793 0.80393404 -0.31087177 -1.1707132 1.71540195 -0.69942712 -1.02361358 1.7085933 -0.72144307 -1.02247513 4.86747596 9.62878382 -3.19210322 10.09947141 49.03633342 -16.13717683 3.34225611 -5.93259143 -11.26330053 8.72509532 -6.70495761 -47.14799925 0.00001762 -32.52283053 0.00002484 17.30610737 21.36634606 -16.56922771 0.48581372 0.24086998 6.12802458 4.73549458 7.09196752 64.52763087 -0.00001222 13.729822 0.00000515 -13.16409562 -11.43034244 25.48357907 -12.79634506 8.50785963 12.51215736 24.08059045 2.3848145 3.35550335 -7.95338733 1.76243613 -16.48965323 -0.09814607 -0.00000944 0.00000426 -4.21515653 -16.66094327 -19.42247082 23.65346787 -0.82969521 -0.73349715 -17.54847469 -3.19377048 15.87207124 -0.70287692 -0.00000493 0.00000182
0.00391914 1.10110046 0.01660409 -1.71160535 16.13550023 3.42068375 0.74155268 -0.28241218 -1.21907866 1.64006898 -0.64189819 -1.10672524 1.63386688 -0.66340874 -1.10492108 4.80677354 9.61520397 -3.22464576 9.99068757 48.81637959 -15.82440974 3.34962232 -5.90689506 -11.26470029 8.31328731 -6.44963579 -48.14528927 0.00000295 -32.22485819 0.00001107 17.30833553 21.24313775 -16.9584385 0.48343232 0.1567025 6.14116151 4.70095586 7.24477389 64.72160719 0.00000342 13.53889469 -0.00000301 -12.93024074 -11.6763092 25.67659211 -12.86410807 8.43389599 12.39384768 23.93989981 2.26651234 3.31709426 -7.87677779 1.74207118 -16.41004421 -0.10374209 -0.00001935 0.0000041 -4.11874116 -16.69281566 -19.42640012 23.44830996 -1.1265476 -0.73886572 -17.48115704 -3.2045353 15.97091273 -0.67548899 0.00000353 -0.0000061
0.00432173 1.10133987 0.01683805 -1.61201107 16.43703563 3.47530847 0.66797494 -0.26269073 -1.27653468 1.56090572 -0.60327406 -1.19329626 1.55498868 -0.62461074 -1.19081807 4.75858365 9.59961458 -3.21648851 9.89616722 48.6319735 -15.53039949 3.34225387 -5.90988976 -11.2656094 8.04468988 -6.31989206 -49.01115255 0.00001387 -32.27219925 -0.00003381 17.30902885 21.22469843 -17.02532221 0.48435183 0.08182567 6.228547 4.73413937 7.34857598 64.87957028 8.2e-7 13.42512796 -0.00001967 -12.7188299 -11.94678367 25.81761625 -12.95328148 8.35367074 12.27077216 23.81594024 2.11295776 3.27885286 -7.79602532 1.72095876 -16.3224123 -0.09211583 -0.00000101 0.00000649 -4.02492841 -16.72909604 -19.43629826 23.27178348 -1.44530398 -0.7417264 -17.42827757 -3.21625342 16.07163467 -0.6370102 -0.00000154 8.1e-7
0.00468861 1.10156487 0.01698142 -1.52585644 16.77037687 3.53657843 0.58690838 -0.25286509 -1.33617885 1.47774629 -0.58523532 -1.27801211 1.47183188 -0.60654661 -1.27494355 4.72426101 9.57569563 -3.17817462 9.79931775 48.44779544 -15.22690132 3.32875954 -5.92846412 -11.26563766 7.89896725 -6.37925111 -49.74452487 0.00003448 -32.50455627 0.00005915 17.3433538 21.30468863 -16.80924074 0.48475563 -0.00360978 6.30730035 4.77218445 7.40268428 65.08007269 -0.00001108 13.32423663 -0.00000879 -12.49172887 -12.22000665 25.93353406 -13.04069604 8.25659833 12.13022475 23.68834637 1.92188027 3.26313422 -7.71038612 1.70035275 -16.24012875 -0.07781385 0.00000953 -0.0000012 -3.91756874 -16.77142977 -19.44467077 23.1038597 -1.78546259 -0.7460663 -17.37998247 -3.228096 16.17622358 -0.59319081 0.00000149 -2.3e-7
0.00500381 1.10181885 0.01706064 -1.43953861 17.11123029 3.59879481 0.49596543 -0.25309104 -1.39597128 1.38222103 -0.58783126 -1.35612749 1.37599794 -0.60920305 -1.35257782 4.7018336 9.55009868 -3.1405804 9.69739289 48.25276353 -14.81381815 3.31803303 -5.94488275 -11.26569815 7.85616653 -6.63078844 -50.33804567 0.00000392 -32.79867267 0.00002401 17.45857969 21.40278587 -16.48314449 0.4809463 -0.121401 6.3120089 4.80042418 7.44724339 65.37343421 -0.00001935 13.20923987 0.00001022 -12.24101186 -12.47392077 26.05227652 -13.12098343 8.14249591 11.97966186 23.53981839 1.74582227 3.25338576 -7.60851504 1.67689718 -16.16418239 -0.08529177 -0.00000619 -0.00000599 -3.81365482 -16.8210789 -19.44869026 22.93398294 -2.13438974 -0.75541544 -17.32528243 -3.24024125 16.28070488 -0.56425076 -0.00000522 -0.00000146
0.00527236 1.10209679 0.0170788 -1.33822436 17.4283542 3.65540852 0.38899648 -0.25792449 -1.45842998 1.26449379 -0.59997595 -1.42940744 1.25774665 -0.62142841 -1.42537268 4.68810659 9.52971221 -3.10149798 9.59060382 48.06653766 -14.23638907 3.31182086 -5.95383513 -11.26597635 7.85110067 -6.98209075 -50.8054864 0.00001706 -33.08546821 -0.00001434 17.70437058 21.46330248 -16.20307726 0.47436287 -0.25370662 6.26893502 4.86539784 7.5055852 65.71208196 -0.00001304 13.09911032 0.0000141 -11.97186482 -12.68484719 26.20007158 -13.20852912 8.04631803 11.83861904 23.37753244 1.58137652 3.23226083 -7.49610169 1.65176566 -16.08550812 -0.08221393 -0.00001827 -0.00000555 -3.7340913 -16.84245698 -19.43949191 22.77205062 -2.50026037 -0.78059112 -17.26260025 -3.25336735 16.39051932 -0.53734445 0.00000233 -0.00000387
0.00555319 1.10234688 0.01701369 -1.22939537 17.70084834 3.70185033 0.27173207 -0.26019024 -1.52260381 1.1311989 -0.60714163 -1.50002688 1.12392449 -0.62863716 -1.49541509 4.67787495 9.51781279 -3.0311973 9.47333305 47.93064415 -13.54094541 3.30717623 -5.96000353 -11.26608438 7.82864793 -7.36846085 -51.15315798 6.3e-7 -33.34471207 -0.000026 18.00635613 21.39990948 -16.03417833 0.46961379 -0.36522794 6.25401385 5.00759312 7.575023 65.99624135 6.1e-7 13.02321749 0.00003065 -11.68810311 -12.82841183 26.36458557 -13.30649621 7.97415931 11.72537624 23.23344489 1.4014946 3.18699392 -7.39972538 1.62847928 -15.99601818 -0.06561879 0.00000925 0.00000666 -3.69099392 -16.84211428 -19.42949283 22.63526707 -2.84433729 -0.81485884 -17.19854321 -3.26617532 16.49855737 -0.51349716 -0.00000342 -0.00000175
0.00588082 1.10254044 0.01684418 -1.13956246 17.92558766 3.72945986 0.16478558 -0.2589559 -1.57758642 1.00815553 -0.60691368 -1.55903599 1.00048384 -0.62836573 -1.55384619 4.66236618 9.51585481 -2.92135067 9.34339674 47.86682904 -12.82565785 3.29927707 -5.97134129 -11.26628247 7.74444836 -7.7797769 -51.3916408 0.00002779 -33.55233702 0.00000685 18.20711003 21.0751026 -15.97109567 0.46858613 -0.45140863 6.29839283 5.17979799 7.63062408 66.173652 -1.3e-7 12.96749015 -0.00000852 -11.37837409 -12.91800599 26.51292595 -13.40646507 7.90199256 11.63552177 23.14446802 1.26528803 3.14882644 -7.33037033 1.6086084 -15.91710237 -0.05237221 0.00001096 -0.00000208 -3.66529802 -16.85188969 -19.42276339 22.52502155 -3.14124985 -0.83605144 -17.1307803 -3.27733084 16.59167039 -0.49571512 -0.00000138 -0.00000321
0.00620695 1.102705 0.01658117 -1.08984834 18.10793668 3.72372058 0.08406918 -0.26050081 -1.61243282 0.91626257 -0.61179519 -1.59324265 0.90823126 -0.63326004 -1.5876453 4.63648935 9.52082528 -2.79012909 9.20867825 47.85404458 -12.17481905 3.28406206 -5.99331452 -11.26665926 7.56308705 -8.17628387 -51.55679665 0.00001272 -33.69017694 0.00000356 18.2171162 20.5188514 -15.92987887 0.47044429 -0.51503603 6.38296598 5.28630248 7.63738413 66.25962636 -0.00000464 12.86801897 -0.00002043 -11.07018012 -13.00311131 26.64883397 -13.49437709 7.83196292 11.57833766 23.10947408 1.16005946 3.15171417 -7.28746063 1.59487287 -15.86640096 -0.04230658 -0.00001884 -0.00000513 -3.60467137 -16.85619757 -19.36663776 22.41514435 -3.43810931 -0.8647959 -17.0462679 -3.28991884 16.68296967 -0.49890409 0.00000387 -0.00000557
0.00648248 1.10288269 0.01622725 -1.07621784 18.24160218 3.67851038 0.02691683 -0.26922658 -1.62637815 0.85334182 -0.63067059 -1.59954764 0.84484866 -0.6522716 -1.59375006 4.6057645 9.52473915 -2.66198551 9.0753539 47.84798552 -11.62053192 3.26281596 -6.0232085 -11.26713296 7.30075953 -8.50840494 -51.68198339 0.00002391 -33.7889913 -9e-8 18.12241968 20.03515257 -15.78699048 0.47448089 -0.54933424 6.48809578 5.3001583 7.60236765 66.2852796 -0.0000139 12.69699118 -0.0000202 -10.83456996 -13.10443939 26.76267726 -13.57511176 7.81284709 11.60247585 23.1131728 1.01089676 3.14243164 -7.2678987 1.58578378 -15.80976266 -0.03599559 -0.00002087 -0.00000672 -3.4866162 -16.82312924 -19.22751032 22.27620396 -3.74520828 -0.92637226 -16.93898037 -3.30079657 16.78041942 -0.51114408 -0.00000599 -3e-8
0.00673636 1.10306679 0.01570559 -1.08154425 18.30936916 3.60773607 -0.01279225 -0.28241217 -1.62352046 0.80906813 -0.65803576 -1.58222447 0.80006478 -0.67982522 -1.57638795 4.57955852 9.52155627 -2.56083113 8.95116893 47.81589563 -11.17577041 3.24323187 -6.05067444 -11.26770969 7.0151595 -8.8039341 -51.7728837 0.00000263 -33.89140156 0.00001638 18.15348267 19.89729412 -15.52238222 0.47890824 -0.5662576 6.58741029 5.27466178 7.57720764 66.27631248 0.00000775 12.52262251 -0.00000585 -10.67144008 -13.18997196 26.83667097 -13.65423067 7.81941245 11.67702623 23.15446142 0.9135711 3.11489829 -7.25879595 1.57869843 -15.7514713 -0.04596302 0.0000039 0.00001215 -3.37414351 -16.78561165 -19.07428975 22.13501996 -3.97525453 -0.982264 -16.81981128 -3.30317415 16.85335584 -0.52178276 -0.00000486 0.00000284
0.00703645 1.10321976 0.01492681 -1.09907019 18.30728168 3.53670548 -0.0328863 -0.29710596 -1.61001177 0.78122583 -0.68761 -1.55091043 0.77173286 -0.70955271 -1.54521495 4.56066617 9.51452271 -2.50137935 8.85261963 47.76863118 -10.87481632 3.2319914 -6.06820782 -11.26788597 6.77139592 -9.13879105 -51.81137465 0.00002321 -34.00214614 0.00001655 18.448946 20.05343568 -15.24112141 0.48166074 -0.57935935 6.65015072 5.25885764 7.59506 66.25357683 0.00000851 12.43300064 -0.00000338 -10.53802658 -13.22281573 26.90049226 -13.72505254 7.82680752 11.73988825 23.22500733 0.88713161 3.1087754 -7.26062215 1.57424323 -15.70912685 -0.03691601 -0.00000511 -5.7e-7 -3.30653999 -16.73369765 -18.95985785 22.02648124 -4.08774517 -1.02016408 -16.70753708 -3.29775824 16.89564606 -0.52422297 -0.00000202 0.00000233
0.00742936 1.10332191 0.01388259 -1.13144679 18.24892966 3.4886164 -0.03345072 -0.31355179 -1.59817213 0.76989037 -0.72034428 -1.52318983 0.7598541 -0.74243569 -1.51782099 4.54608837 9.51322829 -2.48539532 8.7954115 47.7459579 -10.73696149 3.22824283 -6.0777925 -11.26799896 6.61154003 -9.52749752 -51.77845465 0.00000293 -34.09466904 -0.00001604 18.86020279 20.25366611 -15.02252028 0.48254595 -0.58817532 6.67326055 5.25582233 7.65322402 66.23230451 -0.00000285 12.441947 0.00001549 -10.45859611 -13.19545143 26.96460224 -13.77684749 7.82674425 11.77148934 23.31462155 0.90141754 3.10803363 -7.27510171 1.57196686 -15.66933094 -0.01983669 -0.00000846 0.00000533 -3.30334297 -16.68445206 -18.90680179 21.97355712 -4.09032283 -1.06188263 -16.60908383 -3.28999865 16.9254799 -0.5142296 0.00000342 0.00000609
