HIERARCHY
ROOT Hips
{
  OFFSET 0 1.1673769999999999 0
  CHANNELS 6 Xposition Yposition Zposition Xrotation Yrotation Zrotation
  JOINT Spine
  {
    OFFSET 0.000003812944337411511 0.10717500000681812 -0.009311
    CHANNELS 3 Xrotation Yrotation Zrotation
    JOINT Spine1
    {
      OFFSET 0 0.1058532983696241 -0.004285186608692496
      CHANNELS 3 Xrotation Yrotation Zrotation
      JOINT Spine2
      {
        OFFSET -8.470329472543003e-22 0.10599345671141647 -0.007812688101110094
        CHANNELS 3 Xrotation Yrotation Zrotation
        JOINT Neck
        {
          OFFSET -8.470329472543003e-22 0.26240299999999994 -0.04488100000000002
          CHANNELS 3 Xrotation Yrotation Zrotation
          JOINT Head
          {
            OFFSET -4.235164736271502e-22 0.17466899999999996 0.05625600000000003
            CHANNELS 3 Xrotation Yrotation Zrotation
            End Site
            {
              OFFSET -4.235164736271502e-22 0.10756799999999966 0.021070000000000005
            }
          }
        }
        JOINT LeftShoulder
        {
          OFFSET 0.10574399999999999 0.23009199999999996 -0.07323000000000002
          CHANNELS 3 Xrotation Yrotation Zrotation
          JOINT LeftArm
          {
            OFFSET 0.14878212914559852 -0.04653266654569688 -0.030693304075147546
            CHANNELS 3 Xrotation Yrotation Zrotation
            JOINT LeftForeArm
            {
              OFFSET 0.24109000000000003 2.220446049250313e-16 -5.551115123125783e-17
              CHANNELS 3 Xrotation Yrotation Zrotation
              JOINT LeftHand
              {
                OFFSET 0.316792 0 -1.1102230246251565e-16
                CHANNELS 3 Xrotation Yrotation Zrotation
                End Site
                {
                  OFFSET 0.06265729429771016 -0.10569948639925819 0.03859412819617963
                }
              }
            }
          }
        }
        JOINT RightShoulder
        {
          OFFSET -0.10574399999999999 0.23009099999999982 -0.07323000000000002
          CHANNELS 3 Xrotation Yrotation Zrotation
          JOINT RightArm
          {
            OFFSET -0.14878040829228295 -0.04653159475972379 -0.030692917709113934
            CHANNELS 3 Xrotation Yrotation Zrotation
            JOINT RightForeArm
            {
              OFFSET -0.24109000000000003 -6.661338147750939e-16 -2.7755575615628914e-17
              CHANNELS 3 Xrotation Yrotation Zrotation
              JOINT RightHand
              {
                OFFSET -0.31679300000631333 -8.881784197001252e-16 -5.551115123125783e-17
                CHANNELS 3 Xrotation Yrotation Zrotation
                End Site
                {
                  OFFSET -0.06265795211397429 -0.10570764472283312 0.03859362014678265
                }
              }
            }
          }
        }
      }
    }
  }
  JOINT LeftUpLeg
  {
    OFFSET 0.12297511767165623 -0.06742078536803264 -0.010003
    CHANNELS 3 Xrotation Yrotation Zrotation
    JOINT LeftLeg
    {
      OFFSET 0 -0.457033849483632 0.010304509991859542
      CHANNELS 3 Xrotation Yrotation Zrotation
      JOINT LeftFoot
      {
        OFFSET 0 -0.500280623664138 -0.036905110570505176
        CHANNELS 3 Xrotation Yrotation Zrotation
        JOINT LeftToeBase
        {
          OFFSET 0.025950805788189563 -0.14255151365608373 0.19507593811975638
          CHANNELS 3 Xrotation Yrotation Zrotation
          End Site
          {
            OFFSET 0.010732117804750613 -0.000035441498015504746 0.11362327680684622
          }
        }
      }
    }
  }
  JOINT RightUpLeg
  {
    OFFSET -0.12297488233495055 -0.0674172146317622 -0.010003
    CHANNELS 3 Xrotation Yrotation Zrotation
    JOINT RightLeg
    {
      OFFSET 0.00000159348816348992 -0.45703784846455486 0.01030460015485039
      CHANNELS 3 Xrotation Yrotation Zrotation
      JOINT RightFoot
      {
        OFFSET -0.0000015934881634621645 -0.5002806236608007 -0.03690511058134042
        CHANNELS 3 Xrotation Yrotation Zrotation
        JOINT RightToeBase
        {
          OFFSET -0.0259497668227143 -0.14255297441554501 0.19507500887383716
          CHANNELS 3 Xrotation Yrotation Zrotation
          End Site
          {
            OFFSET -0.010733201844058626 -0.000035030229497263656 0.11362417898958707
          }
        }
      }
    }
  }
}
MOTION
Frames: 121
Frame Time: 0.03333333333333333
0.12439155 1.10467628 0.04337235 -4.6435218 -35.97201348 -1.75610728 3.27396359 0.4228767 0.23778969 6.0531649 1.05954517 -0.43679044 6.08877594 1.06580094 -0.73512406 7.90529663 3.65026412 2.42341 -7.0227244 25.62470019 -8.20418391 -1.19844839 4.31466307 -15.49527906 -11.88531871 -23.42959389 -61.02931184 0.00000282 -27.76540719 0.00001492 11.45501032 -25.91377918 -2.15389615 -0.43848146 -8.12269982 18.05041558 -3.1246482 12.95427215 58.84994666 -0.00000818 18.92598025 0.00002234 21.31958912 -25.49570926 0.63780275 -21.02943517 11.36471675 15.38468936 29.07441862 9.66167028 -1.92666609 -2.00364451 2.38634989 -8.80756236 -0.05314019 0.0000033 0.00000346 -9.6029196 -12.91449024 -16.00670252 31.14731993 -3.20787906 1.38430563 -17.42491931 -2.26167636 11.33990845 0.93268823 -0.00002451 -6.2e-7
0.12325835 1.1044519 0.04232779 -4.54320078 -35.91704225 -1.60149523 3.2275097 0.42281842 0.24186677 6.02026668 1.05977463 -0.43461108 6.05559347 1.06567234 -0.73502702 7.89749026 3.65585928 2.35461209 -6.94515665 25.57799137 -8.28483807 -1.22672128 4.30681301 -15.53761952 -11.90596771 -23.43876816 -60.98528068 0.00000401 -27.77071902 -0.00000338 11.29519203 -25.84618402 -2.32315454 -0.48066521 -8.06803925 18.00494895 -3.18144509 13.09456112 58.82589542 -0.00001713 18.8931588 0.00000366 21.49089732 -25.43174094 0.72379899 -21.06917822 11.36534662 15.38527518 28.95322506 9.66896541 -1.96962162 -1.89497405 2.25756578 -8.84615279 -0.06188564 0.00000266 0.00000291 -9.80329364 -12.89892268 -16.02727192 31.37488963 -3.27806695 1.36100551 -17.51143728 -2.26715616 11.29405032 0.90696082 0.00004285 0.00000712
0.12202933 1.1040638 0.04113699 -4.43681926 -35.86491549 -1.48225595 3.17259425 0.41121807 0.29215166 5.96591347 1.06061239 -0.41113177 6.00053496 1.06624608 -0.71939275 7.87768351 3.67826512 2.27305778 -6.88349067 25.60056501 -8.34487744 -1.25155412 4.31250503 -15.5601679 -11.8152172 -23.49549727 -60.93367374 0.00001883 -27.81238361 0.00001837 11.19112092 -25.82755157 -2.3398357 -0.51110387 -8.02050588 17.9605788 -3.24498379 13.26558499 58.75250639 0.00001413 18.70837276 0.00003756 21.70766789 -25.32039777 0.77953449 -21.16251075 11.27854173 15.37661244 28.90797003 9.67850555 -1.93384651 -1.79626398 2.27484945 -8.94852026 -0.05702117 2e-8 0.00000176 -10.09673682 -13.02802836 -16.15765651 31.71432131 -3.15384412 1.52587337 -17.67121569 -2.22749307 11.02083305 0.81579523 -0.00001872 -7e-8
0.12061782 1.10385422 0.03957882 -4.29009848 -35.79477463 -1.32776592 3.12662779 0.40009838 0.32160394 5.90598373 1.06200452 -0.36995231 5.93936876 1.06741531 -0.69022633 7.82172461 3.71096503 2.13400603 -6.78628419 25.57445766 -8.29985234 -1.27794854 4.32133088 -15.58063587 -11.73507748 -23.53605236 -60.88340297 -0.00001693 -27.8627805 -0.00002456 11.148912 -25.83118971 -2.23538318 -0.55329508 -7.95908308 17.97227042 -3.39731009 13.45413253 58.61626877 0.00000216 18.40972836 -0.00002602 21.98700489 -25.12044541 0.84822649 -21.25218292 11.25646215 15.4076833 28.73990434 9.68906889 -1.9454109 -1.62602385 2.17492761 -9.02111361 -0.06234854 0.00000569 -0.00000407 -10.27221551 -12.69693238 -15.83761905 31.99110677 -3.7245807 1.21600104 -17.77469724 -2.27133063 11.16537309 0.84888225 -0.00004059 0.00000989
0.11913403 1.10355865 0.03775673 -4.14048828 -35.75163131 -1.16481983 3.07445338 0.38775029 0.35736694 5.83047312 1.06357156 -0.32798972 5.86229951 1.07174845 -0.6602622 7.76200799 3.73861601 1.96562519 -6.70298246 25.52844321 -8.23263882 -1.31520857 4.3274725 -15.52580693 -11.64461558 -23.6142041 -60.92449082 0.00000693 -27.89152272 0.00000821 11.14834559 -25.82641071 -2.07053524 -0.59946462 -7.90198779 17.98171415 -3.53862648 13.67165862 58.47723042 -0.00000956 18.02908403 0.00002743 22.27920112 -24.88352655 0.93701857 -21.34683876 11.21572813 15.43318247 28.57255025 9.70243246 -1.94411233 -1.44189264 2.11573566 -9.11741175 -0.06589462 0.00000234 -0.00000449 -10.57094568 -12.66574449 -15.80539854 32.3117221 -3.82907665 1.2140142 -17.91889497 -2.26379712 11.05677194 0.87111361 0.00002965 -0.00000126
0.1175368 1.1033313 0.03561784 -4.00009819 -35.74322872 -0.97712004 3.03308602 0.37750075 0.38946827 5.75862977 1.05041985 -0.28109726 5.7885928 1.05908314 -0.62680101 7.66275691 3.779419 1.77003292 -6.53095354 25.51906058 -8.27879801 -1.34688171 4.30730105 -15.48617709 -11.6290844 -23.69162455 -60.9347278 0.00003136 -27.90179124 0.00003288 11.10941356 -25.7999754 -1.92424331 -0.6355128 -7.84312316 18.01974893 -3.72471592 13.93105842 58.28873446 -0.0000028 17.59252485 -0.00001692 22.54561857 -24.6551833 1.07527723 -21.37817681 11.14496157 15.39010286 28.31525228 9.71883514 -1.88946856 -1.20246503 2.1415352 -9.25874383 -0.07078353 -0.00000364 -4.3e-7 -10.90023685 -12.61122143 -15.77664747 32.65639831 -3.93571869 1.18761781 -18.05918923 -2.25081881 10.93272993 0.87950366 0.00001977 0.00000229
0.11578199 1.1030088 0.03310078 -3.85454751 -35.75554036 -0.7663885 2.9932061 0.3500582 0.42655426 5.69307428 1.01309231 -0.23027521 5.72095902 1.02242532 -0.59152169 7.53416941 3.82653194 1.54701437 -6.4208605 25.5116704 -8.23227255 -1.36425605 4.26905281 -15.49604411 -11.61384778 -23.82370066 -60.88807644 -0.00001357 -27.92184173 -0.00002223 10.95782094 -25.75164762 -1.85869422 -0.66160767 -7.7726969 18.07487056 -4.01971652 14.20877141 58.09176805 0.00001055 17.11603165 -0.00000571 22.79514267 -24.44391181 1.29509621 -21.41829985 11.08933725 15.36219148 28.04801136 9.73513237 -1.85971077 -0.93601397 2.1880831 -9.39229577 -0.07561707 -0.00000297 -0.00000467 -11.28054952 -12.53689234 -15.75208463 33.06077412 -4.04536562 1.15217028 -18.23149372 -2.24274199 10.82246218 0.87406589 0.00002058 -0.00000249
0.11384416 1.10271698 0.03027035 -3.66887887 -35.82991268 -0.5281949 2.95130764 0.32397006 0.47235984 5.60779305 0.9786694 -0.17350588 5.63337058 0.98868305 -0.55130834 7.3881698 3.87352998 1.31537011 -6.22984955 25.48496387 -8.26420188 -1.39395494 4.22258301 -15.54233703 -11.60151762 -23.98784954 -60.8117601 -0.00000866 -27.95494549 -0.00001319 10.75754125 -25.70479343 -1.86048109 -0.69655097 -7.72035455 18.13634625 -4.28655754 14.47059745 57.88700244 -0.00001255 16.61568406 0.00000829 23.02676174 -24.24052597 1.626582 -21.46190964 11.04694705 15.35682468 27.72953643 9.75191786 -1.84334137 -0.63291167 2.28123469 -9.53523028 -0.08113023 -0.00000206 -0.00000133 -11.72000608 -12.42613603 -15.7002146 33.47249567 -4.11944369 1.10037134 -18.39443664 -2.22831528 10.68684428 0.86057086 0.00000647 -1.9e-7
0.11154659 1.10237762 0.02689285 -3.4660101 -35.93517105 -0.27200897 2.90797654 0.2846558 0.51706007 5.51465433 0.91667648 -0.10622901 5.53775365 0.92741027 -0.50258753 7.2311959 3.92108498 1.0506555 -6.11160557 25.46790503 -8.30600443 -1.43233916 4.15410143 -15.58083047 -11.62988393 -24.16128541 -60.76592424 -0.00001832 -27.98446511 -0.00000579 10.62519948 -25.71731085 -1.85172328 -0.74332802 -7.67572386 18.17856091 -4.62658965 14.67085387 57.7084326 -0.00001282 16.09255119 0.00001841 23.19521021 -24.03755092 2.08979983 -21.49251715 10.97824082 15.35189698 27.34549329 9.77023723 -1.79277063 -0.27590543 2.39586552 -9.7321532 -0.09081966 0.00000518 -0.00000226 -12.22179121 -12.28467103 -15.61437325 33.95431655 -4.20809517 1.0432447 -18.58438088 -2.2067892 10.49938163 0.8321582 0.00002782 0.00000388
0.10888141 1.10210533 0.02302181 -3.24045051 -36.13704364 0.03899318 2.86089131 0.2396999 0.55809162 5.40798799 0.84223304 -0.05149666 5.4285599 0.85570721 -0.46100694 7.05884635 3.97732678 0.75270528 -5.93146941 25.44204104 -8.37596908 -1.4706837 4.08030617 -15.61395052 -11.6415019 -24.35029888 -60.65886898 0.00001948 -28.0262645 0.00003802 10.51461384 -25.813506 -1.78945355 -0.78924974 -7.63234351 18.19891435 -4.96137443 14.87301185 57.58020991 -0.00000852 15.53323161 0.00002407 23.26993439 -23.8372539 2.62795209 -21.45254225 10.92114136 15.32229632 26.83386004 9.78876748 -1.74006275 0.16162016 2.64898415 -9.9654501 -0.10123964 0.00000125 -0.00000285 -12.80700609 -12.15171682 -15.56743495 34.46633641 -4.21532606 1.00306166 -18.7874222 -2.17592778 10.26717119 0.82737507 0.00003733 -7.1e-7
0.10587602 1.10188057 0.01877131 -3.00642804 -36.44530701 0.32762135 2.81114238 0.19471856 0.60912558 5.29014242 0.7644247 0.01993498 5.30809137 0.77779748 -0.4116566 6.88236801 4.02970239 0.43929077 -5.70633507 25.36787815 -8.44703898 -1.50955012 3.99808191 -15.68684704 -11.59111985 -24.60278187 -60.49226624 0.00000762 -28.12748339 0.00002235 10.30311336 -25.93096149 -1.71517312 -0.83755572 -7.59020767 18.20165487 -5.29567967 15.02035785 57.47115401 -0.00001178 14.93143987 -0.00000799 23.27357565 -23.63373405 3.10768473 -21.37948062 10.88539542 15.36137782 26.26412589 9.80602361 -1.68505249 0.63704327 2.97639486 -10.24138254 -0.11097194 0.00000289 -0.00000188 -13.39865106 -11.93927304 -15.40668879 34.96742355 -4.23987351 0.91618145 -18.97768323 -2.1390309 10.01479393 0.81288998 0.00002005 0.00000223
0.10230949 1.10170136 0.01398333 -2.78383513 -36.84584792 0.60718522 2.75717158 0.13707362 0.67432232 5.15911047 0.66259449 0.09567839 5.17439647 0.67548997 -0.35982393 6.73729677 4.08417472 0.0924152 -5.59133064 25.31386718 -8.465991 -1.55151121 3.88923243 -15.728235 -11.55913127 -24.87656046 -60.34870591 0.00000448 -28.31756993 0.00001708 10.01543312 -25.97350544 -1.72199694 -0.88602642 -7.54199891 18.19137666 -5.61547329 15.12587149 57.40491611 -0.00001517 14.29784805 -0.00002169 23.20647544 -23.42145823 3.44990072 -21.22880298 10.88657633 15.46217141 25.58590809 9.8227852 -1.64261381 1.18012848 3.35878867 -10.55808126 -0.11903099 -0.00000284 -0.00000328 -13.97367795 -11.69969656 -15.18085554 35.45924036 -4.23805905 0.81094236 -19.25270201 -2.11555279 9.8009924 0.96975887 0.00000659 0.00000139
0.0985007 1.10136261 0.0087036 -2.68662881 -37.37466917 0.88933628 2.71832182 0.06889112 0.72310283 5.05240182 0.5372725 0.14736488 5.06497698 0.55052964 -0.32081455 6.94424002 3.99017476 0.64078955 -5.37971948 25.52997565 -9.5394205 -1.61463835 3.76985836 -15.73313398 -11.63284456 -25.08411914 -60.22414911 -0.00000663 -28.54080059 -0.0000101 9.75813836 -25.9268586 -1.80096172 -0.93845281 -7.57094991 18.32908097 -5.88610137 15.32000756 57.20659829 0.00000257 13.64230922 -0.00000935 23.10217338 -23.28883638 3.69692103 -20.8873931 10.8755241 15.44968445 24.83113634 9.84242675 -1.50239666 1.77160401 3.92593416 -10.98019584 -0.12501099 -0.00000645 0.00000228 -14.58985013 -11.40625366 -15.02414187 36.11700249 -4.12465358 0.71219283 -19.55739262 -2.05766541 9.42410283 0.94467984 -0.00000754 0.00000239
0.0944922 1.10072327 0.00307372 -2.62134745 -38.05350223 1.12102403 2.66759191 -0.02011214 0.78357024 4.92068742 0.373562 0.22645519 4.93044748 0.38738633 -0.25541952 7.21976641 3.89694923 1.22764841 -5.08535842 25.80218562 -10.74914559 -1.70961023 3.65720595 -15.70551864 -11.74168917 -25.18363856 -60.22259176 -0.00001551 -28.66938975 -0.00002778 9.59868288 -25.88018173 -1.83093175 -1.05124286 -7.54941413 18.2882864 -6.16038411 15.5287762 57.17120674 -0.00000979 12.94590245 0.00000656 23.11239474 -23.33917509 3.97804277 -20.54125369 10.89890824 15.53231768 24.15681171 9.8601836 -1.33971531 2.31729531 4.47273724 -11.4797309 -0.12203054 0.00000157 0.00000724 -15.25641575 -11.09465162 -14.83350689 36.86604966 -3.90044587 0.63556016 -19.90282104 -1.98660062 8.97304329 0.91846533 0.00001265 -0.00000563
0.09014066 1.09987495 -0.00272999 -2.50092572 -38.96147274 1.22741172 2.62133871 -0.10520291 0.89241808 4.78863783 0.21729459 0.36466086 4.79504375 0.23193971 -0.12931178 7.5701571 3.80569105 1.84583156 -4.76297978 26.10431296 -12.09431033 -1.80351858 3.49247355 -15.74883494 -11.98509417 -25.49567528 -60.35429102 0.00001213 -28.62708407 0.00001203 9.8158685 -25.93427456 -1.73236366 -1.1618684 -7.54601376 18.24834152 -6.44446592 15.60049517 57.05399396 -0.00001033 12.188241 0.00001543 23.29905592 -23.44960836 4.43189683 -20.32416501 10.9570681 15.89651185 23.69025908 9.87983666 -1.23436292 2.79405084 5.24684913 -12.02914654 -0.12167469 8.4e-7 -0.00000747 -15.94843418 -10.7485749 -14.40788774 37.5785047 -3.57071041 0.53280769 -20.2223576 -1.89285747 8.45091001 0.8950124 0.00003058 -3e-7
0.0859646 1.0988311 -0.00856676 -2.27621319 -40.03310693 1.29201006 2.59355129 -0.20992743 1.02481968 4.69293042 0.02217881 0.49796648 4.6963245 0.03817903 -0.00723787 7.89236484 3.72233488 2.53529145 -4.46160943 26.49093329 -13.39170911 -1.90401916 3.2927022 -15.81561581 -12.2738043 -25.95537917 -60.48185906 -0.00000468 -28.44077294 0.00000476 10.79714272 -26.12307136 -1.47875555 -1.27148691 -7.54304537 18.30003108 -6.77222906 15.66318716 56.78960078 -0.00000121 11.40462146 -0.00001108 23.45512082 -23.37472814 4.9259873 -20.52039829 10.92639182 16.41455779 23.86161216 9.90082071 -1.14424978 3.0000017 6.14857295 -12.13252328 -0.34047597 -0.0000042 -0.00000276 -16.72779466 -10.39690528 -13.84295084 38.22100689 -3.12869591 0.39606874 -20.32382057 -1.78951951 7.95091331 0.75754628 0.00001506 -0.00000226
0.08210147 1.09744042 -0.01409067 -2.07501116 -41.20034969 1.2724469 2.59001218 -0.34297872 1.19121061 4.63975167 -0.22602925 0.6436925 4.64048887 -0.20785313 0.12859708 8.20260623 3.63214617 3.29682821 -4.25983465 26.95030885 -14.78177866 -1.97392336 3.05016278 -15.79848875 -12.69225037 -26.65979304 -60.69161322 -0.00001089 -28.16807712 -0.0000047 12.18192124 -26.38797321 -1.06594731 -1.34324354 -7.54352421 18.39669047 -7.21553938 15.65176791 56.40898392 0.00000957 10.70210521 -0.00001072 23.32044837 -23.17099904 5.04573192 -21.04158796 10.82847069 17.06692478 24.69059868 9.98338277 -1.06334965 2.99194044 6.97012329 -11.95439965 -1.10010932 -0.00000148 0.00001045 -17.6084481 -10.03737698 -13.25449803 39.04336052 -2.58897398 0.27819236 -20.28224471 -1.66086821 7.41424959 0.29990272 0.00003265 -0.00000307
0.07865155 1.09601852 -0.01910427 -1.92451304 -42.48795449 1.20310107 2.59298187 -0.45702536 1.38260596 4.59448823 -0.44887714 0.83671888 4.59232245 -0.42838639 0.31441159 8.62186647 3.50172026 4.11186399 -4.07863062 27.30199495 -16.29600467 -2.09886623 2.64189536 -15.90600291 -13.26686703 -27.98892407 -61.00064204 0.00000593 -27.86350455 0.00002838 12.93639701 -26.6703872 -0.61092543 -1.45302504 -7.66655757 18.48228102 -7.43203219 15.39131897 55.97822572 0.00000592 10.18927304 0.00001668 22.75390771 -23.09580113 4.83042903 -21.72732668 10.71928558 17.94829903 25.88768646 10.02102946 -1.0333652 3.51432635 7.60063759 -12.50655154 -2.33155174 6.5e-7 -0.00000589 -18.36935409 -9.73992033 -12.67050667 39.72154822 -1.90527624 0.16600096 -20.36022886 -1.52666298 6.82735168 0.13417473 0.00001536 0.00000268
0.07579765 1.09441422 -0.02291764 -1.7807258 -43.63252486 1.20605715 2.61494239 -0.62008221 1.55283837 4.57303359 -0.77482392 1.02358871 4.56866485 -0.75193021 0.49786925 9.02848559 3.37399264 4.94643215 -3.81833353 27.64342002 -17.83623555 -2.15503413 2.05911134 -16.19524601 -13.2833641 -30.19314454 -60.76411908 0.00001461 -27.5815561 0.0000281 12.85270557 -27.12385405 -0.29299439 -1.4765712 -7.85238385 18.61855959 -7.49775312 15.21271064 55.52366172 0.00000327 9.87457432 0.00000109 21.51534699 -23.19012944 4.95163781 -22.86836005 10.48562209 18.81330792 27.85046556 10.10777421 -1.04732593 4.27366415 8.11265058 -12.97290722 -4.37143953 -0.00000301 -0.00000584 -19.06086384 -9.51782668 -12.27499752 40.37201195 -1.24239752 0.08879281 -20.54327656 -1.41083883 6.32688541 0.11176821 -0.00000802 -2e-7
0.07418225 1.0935923 -0.025765 -2.03616174 -44.98341616 1.29241728 2.74175709 -0.7714999 1.64007478 4.73330483 -1.08982842 1.08781634 4.7274083 -1.06364409 0.56875895 9.41447031 3.24407978 5.77906705 -3.50984476 28.04860037 -19.58062137 -2.2669589 1.34165772 -16.50607109 -13.56926371 -32.96723659 -60.20785348 0.0000252 -27.3995538 0.00000356 12.86792746 -28.01411527 -0.03188156 -1.5244636 -7.9866843 18.5651102 -8.29187193 14.5010365 54.92764739 0.00000875 9.73996085 -0.00001273 19.39967898 -23.41203751 5.54352861 -23.65043608 10.30363606 19.37452292 29.86487818 10.23059362 -1.08571918 5.88244532 8.53092924 -13.93885852 -7.53261906 -0.00000438 0.00000571 -19.57029445 -9.26230421 -12.27630328 40.96096517 -0.30342798 -0.19022665 -20.64779038 -1.31468576 5.92574109 0.09045325 -0.00000271 -0.00000278
0.07300968 1.09335419 -0.02774617 -2.32464135 -45.96425515 1.34978499 2.8741183 -0.975236 1.72528858 4.90657744 -1.51739682 1.15321258 4.90022889 -1.48731556 0.6441983 9.75673902 3.09865984 6.67969815 -3.09482544 28.3957221 -21.46001212 -2.38600279 0.36554127 -16.77329227 -13.31444478 -36.66400708 -59.01357491 -0.0000013 -27.49990834 -0.00000277 13.49544053 -29.3554504 0.56489697 -1.54695143 -8.23468897 18.5418014 -8.6692116 13.71204032 54.57296064 -0.00000618 9.90250131 0.00001471 16.45221473 -23.83778522 5.94782411 -24.25342581 10.40299024 19.8983902 31.33465763 10.54581257 -1.21492795 7.47435421 8.43051076 -14.60650875 -8.55795157 0.0226959 -1.8996375 -19.85812933 -9.17073302 -12.40805953 41.32014975 0.49502219 -0.36167501 -20.69129561 -1.22825426 5.59368189 0.06953155 -0.00001899 0.00000211
0.07274876 1.09353806 -0.02868683 -2.39250085 -46.46211937 1.54068317 2.97179755 -1.20847723 1.82698232 5.01685592 -2.00747199 1.20509434 5.01130616 -1.97367642 0.70764461 10.00164522 2.93582252 7.66932149 -2.48394268 28.62343013 -23.38863613 -2.49564607 -0.88065832 -17.01416549 -12.72383216 -40.53160793 -57.12682505 -0.00002201 -28.09025339 -0.00002321 14.17425239 -30.86645402 1.83804482 -1.51365208 -8.67727319 18.64730139 -9.01119263 12.27262946 54.05400553 -0.00000685 10.54607015 0.0000022 12.69914201 -24.5420316 5.75258484 -25.13377491 10.56378468 20.3433708 32.72612844 10.93676831 -1.46991169 8.66485706 7.76562362 -14.29453416 -10.58960705 0.14422615 -2.69681131 -20.09830328 -9.16834341 -12.62733558 41.46942639 0.97471592 -0.4587497 -20.67361347 -1.17624911 5.42504799 0.05216949 0.00000166 -0.00000244
0.07345655 1.09403717 -0.02772122 -2.4752918 -46.82455619 1.72960239 3.08127984 -1.40966293 1.93716847 5.14267431 -2.44516748 1.31808944 5.13757318 -2.40696775 0.83564646 10.22758822 2.78793215 8.60147927 -1.93779007 28.92101359 -25.2218081 -2.5883731 -2.3165761 -16.96382275 -11.10646305 -45.14144103 -54.32359523 -0.00000469 -29.22541532 -0.00001093 14.57991463 -32.37651134 3.91786977 -1.45532843 -9.15948082 18.65246698 -9.29777648 10.51157688 53.55987555 -0.00002555 11.71792679 0.00001801 7.99026865 -25.40008696 4.91395256 -25.83755353 10.92275553 20.65049328 33.94486068 11.30332063 -1.88831144 9.07371529 7.01496575 -13.12329445 -11.7748558 0.30965471 -3.64839376 -20.1755513 -9.07228775 -12.87950969 41.45883739 1.25247016 -0.64120698 -20.60570668 -1.17265523 5.49501989 0.03976014 0.00002075 -0.00000308
0.07472571 1.09577286 -0.02470983 -2.64744789 -46.96374471 1.88515184 3.16261538 -1.58354305 1.98909524 5.23334065 -2.85163194 1.43756849 5.22828478 -2.8118982 0.97174417 10.47471721 2.63531903 9.57146821 -1.33179646 29.20428232 -26.94589791 -2.65384983 -4.15650926 -17.00521711 -7.58540064 -50.02317532 -49.18256852 0.00000393 -30.89473706 0.00001091 15.44775955 -33.93568005 6.65432862 -1.33087519 -9.8171985 18.67520518 -9.27762746 8.15428783 52.92178221 -0.00000107 13.39330132 -0.00000903 1.96537224 -26.06603483 3.35920714 -25.85852016 11.55736958 20.51184945 34.29030956 11.58310423 -2.29987091 8.6665182 6.71219395 -11.40216248 -11.5698028 0.5065554 -4.73062956 -19.91215913 -9.164612 -13.37382548 41.018409 1.54352631 -0.70460104 -20.39699622 -1.17953038 5.65279455 0.03124397 -0.00001531 -3.6e-7
0.0761652 1.09802215 -0.0199082 -2.88100846 -46.99784301 1.95073961 3.20973306 -1.72809569 1.98353373 5.27536238 -3.21298061 1.56101766 5.26957195 -3.1746298 1.11234895 10.77328491 2.52853311 10.58243068 -0.50987485 29.69212866 -28.62704909 -2.682408 -6.01415685 -16.5490329 -2.90385409 -54.10045325 -42.53930227 -0.00000221 -33.29436217 -0.00000415 17.29709199 -35.23269043 9.69294859 -1.16046173 -10.53965022 18.92375173 -9.05946647 5.77143514 52.0259984 0.00002534 15.78827837 -0.00000678 -5.53760166 -26.20932453 1.01171379 -25.04793229 12.24704316 19.99338884 33.60777991 11.69167583 -2.4871798 7.96019771 6.93939294 -10.66151129 -10.64016825 0.76899504 -4.91104683 -19.38881694 -9.30666909 -13.91655348 40.31812712 1.83507766 -0.72646825 -20.13018998 -1.19520307 5.89831397 0.02739295 0.00000808 -0.00000106
0.0779994 1.09981125 -0.01344661 -2.92828448 -46.83666389 1.87527422 3.18853976 -1.86255056 2.08177906 5.21008521 -3.52198152 1.70222004 5.20322868 -3.48631355 1.26456496 11.07211451 2.48615677 11.60365989 0.47674678 30.42611628 -30.23157865 -2.61840358 -7.70146833 -15.53911086 3.73557122 -57.06124113 -34.15022189 0.00000339 -36.74300444 -0.00001088 19.30221303 -35.72785726 12.40526868 -0.97178859 -11.23534439 19.0943962 -8.16517761 3.00371671 51.18185789 -0.00002612 19.23299187 0.00001509 -13.93121562 -25.62487833 -1.75395643 -24.90246965 12.45706393 19.77534331 33.69322038 11.23196893 -2.7145949 7.92542803 8.42553994 -10.70919866 -10.778993 0.73982725 -4.65065095 -18.75089319 -9.36049392 -14.13693768 39.48829077 1.78883871 -0.78972851 -19.86608675 -1.25928644 6.35627477 0.02673889 0.00002361 0.00000611
0.08054449 1.10090576 -0.00466326 -3.21270963 -46.64127524 1.66687603 3.17718373 -1.98126005 2.16536309 5.17260705 -3.77949334 1.74995757 5.1655818 -3.74684433 1.32074527 11.33747939 2.52807406 12.59844529 1.62407542 31.54065834 -31.86210818 -2.55477284 -9.02980781 -13.98016153 10.39365235 -58.0613058 -25.56116442 -0.00000346 -41.21461595 -0.00001545 20.4301351 -35.41784608 14.01888281 -0.84104306 -11.97578165 19.35395685 -7.1178315 -0.31485616 50.24693393 0.0000334 23.53117264 -0.00004247 -22.32959533 -24.31563472 -4.3456223 -24.87923011 12.58047117 19.6881164 34.48060817 11.02993291 -3.22070753 7.9784249 9.93995338 -10.90384781 -11.48613695 0.52609171 -4.22605371 -18.01231402 -9.60033148 -14.6672332 38.77808661 1.97413054 -0.80676257 -19.70287719 -1.34585706 6.86947842 0.02761795 0.00003119 0.00000618
0.08327146 1.10146034 0.00508051 -2.95910917 -46.28308319 1.46643345 3.08075302 -2.07522111 2.28553276 4.97316992 -3.99617674 1.89022889 4.9626769 -3.97135617 1.46318567 11.62303209 2.62356432 13.53840565 2.73142128 32.89697967 -33.50669722 -2.41422851 -9.67855579 -11.95254432 15.71133342 -57.76460692 -18.52603544 -0.00000798 -46.24414202 -0.00000466 20.84188946 -34.72272065 14.47743862 -0.70864419 -12.68478158 19.58994586 -6.62087251 -3.86036406 49.33655182 -0.00001943 28.0196106 0.00001603 -30.34905783 -22.29541789 -6.88885898 -25.21415518 12.37601987 19.97995066 35.25108874 11.00934896 -3.5763233 8.04511926 10.32484639 -12.14214436 -12.58504996 0.29122528 -2.9218797 -17.36009454 -9.65113903 -14.69966027 37.89947166 1.63416172 -0.78158743 -19.47509251 -1.46676618 7.5653334 0.03044964 0.00001415 0.00000413
0.08611117 1.10173882 0.01623444 -2.84694555 -45.6274844 1.14754582 2.99243759 -2.16939767 2.36273981 4.78841349 -4.21059515 1.96706688 4.77411551 -4.19558716 1.54069099 11.92555303 2.78144598 14.39472487 3.63048942 34.50077563 -34.89940159 -2.25332379 -9.52509658 -9.76451208 18.81674847 -56.63408844 -13.74773138 -0.00003457 -51.43684332 -0.00004209 21.19754044 -33.89059746 14.45071642 -0.5484909 -13.38279193 19.88680122 -6.40843811 -6.90803202 48.54751105 0.00001409 32.32605384 -0.00001435 -37.89064532 -19.36814715 -9.89626447 -25.13669194 12.35404504 19.86545061 35.63507901 10.80866031 -3.79971076 6.62185043 10.61964609 -12.15477587 -11.83966661 0.18108461 -2.28619361 -16.48206451 -9.88217804 -14.83165825 36.97814337 1.20615506 -0.69799388 -19.2931542 -1.58388756 8.18730091 0.00106738 -0.0000098 0.00000269
0.0885308 1.10260956 0.02892899 -2.78451776 -44.46677636 0.82350076 2.90302407 -2.27299338 2.3310659 4.58389151 -4.45583716 1.92724426 4.5652288 -4.45335602 1.50134427 12.26461869 2.96543104 15.20759058 4.29885878 36.16432467 -35.97701078 -2.15326735 -8.99426357 -7.90636636 20.79824848 -53.67733219 -10.24747127 0.00000888 -56.79962642 0.00000837 21.10643064 -32.82590371 14.40332572 -0.36595182 -14.12550055 20.25504571 -6.52659011 -10.05258273 47.90886284 0.00001217 36.53322779 -0.00001035 -44.70121828 -15.62478236 -13.14829644 -24.8925686 12.48888698 19.74516646 35.6762563 10.49970256 -4.11059895 5.19617515 10.14793814 -12.08279069 -11.1739806 0.08298995 -1.43507375 -15.14515324 -10.31457333 -14.97670623 35.66742171 0.4560346 -0.56994147 -19.14831325 -1.68471277 8.63269639 0.00176463 0.0000048 7.9e-7
0.09064674 1.10341949 0.04376779 -2.76874022 -42.90452211 0.56809541 2.81816235 -2.34076063 2.19197671 4.38027745 -4.62827379 1.71095922 4.35755897 -4.63915993 1.28616355 12.53632037 3.07000731 16.06041088 4.94025424 37.48738509 -36.91180818 -2.06878097 -7.69187589 -6.13523825 21.70613462 -50.08529658 -8.2481109 -0.00003027 -62.39986536 -0.00002416 19.49363061 -31.33937194 13.95455038 -0.04465404 -15.00630696 20.85780716 -7.40594871 -13.05490248 47.01366071 -0.00000616 40.67564113 -6.1e-7 -50.87048972 -11.53283665 -16.02609452 -24.60833819 12.71992322 19.54095999 35.80736316 10.20936869 -4.54879769 3.36551055 8.77682743 -11.35535791 -10.29771587 0.02766564 -0.9228155 -13.50330562 -10.88474343 -15.23165554 34.19491288 -0.65684182 -0.47201546 -18.92611722 -1.84186584 9.27403626 0.00234849 -0.00002569 0.00000375
0.09263677 1.10431557 0.05940261 -2.6199123 -41.07831243 0.4201018 2.75255456 -2.36844617 1.97392411 4.17471778 -4.75676122 1.43061494 4.14423112 -4.78480182 1.01114704 12.76998088 3.07802193 16.64218893 5.54169864 38.28883891 -37.59852324 -2.16335616 -6.01427317 -4.81365766 21.24743405 -45.23978134 -8.0147703 -0.00004377 -67.82888953 -0.00005111 16.83220445 -29.37305583 12.77936817 0.18391302 -15.85470704 21.31716664 -8.97692851 -15.87545587 45.87117796 -0.0000278 44.4458693 -0.00000369 -56.94667815 -7.10417474 -18.15918917 -24.53056193 12.89815047 19.3082161 36.06506685 10.01742676 -4.94051749 1.74491351 7.07083015 -10.57700968 -9.68670247 0.0045564 -0.52083955 -11.73307275 -11.45854091 -15.41321104 32.58438269 -2.07310776 -0.40388641 -18.63763454 -2.05605719 10.17543942 0.00169968 -0.0000043 0.00172475
0.09491417 1.10604446 0.07598761 -2.2068037 -38.77796598 0.49489591 2.5910788 -2.33159106 1.64097083 3.85523762 -4.74309362 0.99856914 3.81637313 -4.79211294 0.57359593 12.96437603 3.07479966 16.92883362 5.86112901 38.96812742 -38.05358048 -2.34956615 -3.71951295 -3.41265847 19.62077408 -39.73848407 -9.34212349 0.00001995 -72.15260679 0.00002642 15.27038457 -27.23840746 11.64001232 0.24339365 -16.36397496 21.11478995 -10.84105277 -19.26029723 44.80903649 0.00000464 47.5108368 -0.00001268 -63.08415739 -2.0943542 -19.3916315 -24.15469009 13.0208873 18.34341415 35.53553986 9.97343142 -5.00686412 -0.49370541 5.81528703 -9.04468849 -7.69237055 0.00221242 -0.59163157 -9.87418069 -12.29745134 -15.62109107 30.70241498 -3.92234834 -0.18466431 -18.33389104 -2.22298556 10.785823 0.00082925 -0.00000647 0.00471034
0.09705885 1.10859245 0.09138365 -1.81300885 -36.31491828 0.62534376 2.4228415 -2.14506984 1.09515791 3.60341327 -4.44744109 0.45250918 3.5567992 -4.51938636 0.02350582 13.0689248 3.0714936 17.1548829 6.04062944 39.67339963 -38.64458284 -2.57905875 -1.39881319 -2.3509605 17.58904204 -33.72077708 -10.95772355 -0.00001168 -74.60120081 -0.00000585 15.63096923 -25.54540586 11.38737673 0.12271042 -16.62977632 21.09828853 -13.31762315 -22.15065424 43.02846456 -0.00001954 49.93488367 -0.00000138 -68.79743515 3.07603454 -19.8652332 -23.60070052 13.06267405 17.0556737 34.59313095 9.97768411 -4.84043349 -2.52125051 4.6259703 -7.20930331 -5.76227651 0.00057293 -0.30008999 -8.21256118 -13.22386907 -15.76259995 29.21057104 -6.12387588 0.17632117 -18.14754793 -2.19870797 10.31228898 -0.83044696 -0.00004564 -0.00000599
0.09945916 1.11129944 0.10557204 -1.39443269 -33.56399687 0.92478475 2.18989651 -1.98811768 0.49960058 3.30463197 -4.17138102 -0.20072411 3.2523289 -4.26491467 -0.6450178 13.26013724 3.25847863 17.08063656 6.3851332 41.08649321 -39.35624709 -3.08203608 0.79837353 -1.04039709 15.19637832 -26.88500772 -14.08723989 0.00000415 -75.3131993 0.00000338 16.51122451 -24.13756741 11.77970725 -0.19676742 -16.57046209 19.71909873 -15.56526404 -25.31644504 42.01726461 -0.00000578 52.10415995 -0.00000109 -73.78259774 7.74228988 -19.93007397 -23.44057044 12.64234967 15.50755895 34.01573776 10.00307052 -4.31726642 -3.43522765 3.25921043 -6.10527365 -5.17641518 0.00006473 -0.09937583 -6.91023675 -14.12579608 -15.98474131 28.30302691 -8.7848258 0.53096678 -17.84530842 -2.01611143 9.66078741 -2.70475657 -0.000021 -0.00000548
0.10180806 1.11337464 0.11902112 -0.976589 -30.32142571 1.37753861 1.99962232 -1.73670509 0.04443826 3.128016 -3.66104605 -0.92944578 3.07575844 -3.7729637 -1.39224002 13.31224807 3.47567105 16.80631731 6.34170852 42.67153726 -39.49072001 -3.48449773 2.54302343 -0.11487007 12.00501742 -18.68730696 -17.29895557 -0.00001313 -75.2639623 -0.00000532 17.00147591 -22.02426114 12.16560335 -0.74593357 -15.81507119 18.16834753 -18.66093587 -29.93052919 40.31234637 0.00001026 54.46025022 0.00000571 -78.31505483 12.12277301 -19.821815 -23.71303475 12.18990617 14.09094252 33.85281684 9.86254495 -3.95177927 -3.5902799 1.35176797 -5.42854019 -5.49143445 0.00009208 -0.1207404 -6.25915347 -14.66066919 -16.43610853 28.66475255 -10.57158978 0.76275156 -16.84268734 -2.85744449 9.83265033 -5.10537016 -8.2e-7 -0.00000183
0.10368666 1.11464912 0.13176804 -0.39691039 -26.71129196 2.05621233 1.86840506 -1.41644307 -0.3525192 3.06178599 -2.992105 -1.58721856 3.01335553 -3.1179756 -2.07637527 13.07128889 3.71674206 16.10468745 6.64387191 44.19923752 -39.29655261 -3.77087484 3.82069006 0.2936471 9.48865089 -9.47729062 -20.5619042 -0.0000381 -75.58261898 -0.00003855 17.52366921 -18.78477822 12.21816633 -1.28673015 -14.84353321 16.65219577 -24.45896081 -34.26633671 36.84349784 0.00000679 57.45861334 -0.00000243 -82.36067795 17.37544743 -19.88957549 -24.10159895 11.88748263 12.5816355 33.44524004 8.06127001 -3.83398655 -3.87305083 0.60890793 -4.20108782 -5.50996737 0.00001194 -0.04863039 -5.93613259 -15.18617147 -16.9449185 29.40691345 -11.03036222 1.00840234 -15.74851589 -5.42091352 9.96638681 -6.30084086 -0.00776758 1.15625967
0.10479625 1.11500992 0.14419822 0.20192962 -22.82429658 2.6412076 1.76665602 -1.1639788 -0.72766915 3.0424748 -2.4551121 -2.20496928 3.00197297 -2.58857611 -2.71350462 12.88228665 3.90093851 15.36131158 7.53131364 45.41458438 -38.33699698 -4.13689008 4.58259785 0.4158403 7.34287305 1.23796383 -23.87965899 0.0000283 -76.89811967 0.00003966 17.67920182 -15.28639912 11.34626059 -2.02767719 -13.78218015 14.9630643 -29.71523068 -38.31559296 33.5733825 0.00000155 61.23039029 0.00001016 -85.01629859 24.17907902 -20.57444592 -24.55869279 11.54069878 11.12798765 32.99743982 5.36439546 -3.71246791 -4.25321576 0.58197445 -3.00643236 -5.24243537 -1.7e-7 -0.01143498 -5.78447367 -16.01854245 -17.71240896 30.51723025 -11.59582471 1.58104341 -14.47151944 -7.0248546 10.75791907 -8.13548921 -0.1480838 5.06482224
0.1056657 1.11503983 0.15527711 0.79289994 -18.74605823 3.03592584 1.76942649 -0.87817851 -1.1794869 3.18426257 -1.87727339 -2.876312 3.157925 -2.0208179 -3.39773645 12.72784041 4.04869934 14.56209063 8.21476008 46.38010526 -36.98199894 -4.44251022 5.32504417 0.15718814 6.65918752 12.58782037 -26.37569109 -0.0000982 -79.03327333 -0.00009987 16.73781613 -12.33122691 9.50273319 -4.90000514 -12.44815179 11.80559342 -35.08068829 -42.51280945 30.06185911 -0.00002581 65.1323531 0.00002477 -85.25565027 31.43344078 -21.43367045 -25.04144851 11.12384448 9.84441841 32.41022447 2.44384733 -3.62213051 -4.56683546 0.54584109 -1.93165358 -4.72965646 -1.6e-7 -0.02643797 -5.57287877 -17.26054331 -18.34306488 31.46418041 -12.24490157 2.34528741 -13.10655027 -8.54454165 11.6195528 -10.35746506 -0.49811607 7.37091655
0.1069057 1.11428711 0.16404267 1.37369698 -14.68975007 2.80513479 1.85153564 -0.52087726 -1.58917903 3.4720055 -1.15370834 -3.50301436 3.47285753 -1.31266687 -4.02848513 12.56249849 4.03039511 13.46361582 8.17526397 46.31476867 -33.59677901 -4.78227585 6.31464763 -0.60733907 6.81495362 21.24256701 -27.58621708 -0.0000078 -81.39994318 -0.00000279 15.89775733 -9.08919014 8.17109267 -8.59116982 -11.00050944 9.54812585 -42.90681915 -44.89497121 24.56899565 -0.00002644 68.45950563 0.00002225 -81.45919411 36.89668685 -21.50522219 -26.09779235 10.61127066 9.35002764 32.41151006 -0.71591764 -3.64677917 -4.89836421 0.50331342 -0.86184797 -4.24940363 0.00002296 -0.05926383 -5.11830296 -18.53988916 -18.02920813 32.18080108 -12.98106972 3.03077524 -12.09725702 -9.89279623 11.85400116 -12.62396795 -0.89745085 8.10280832
0.10853857 1.11311913 0.16906701 2.03098527 -10.85920287 1.96123804 1.70039405 -0.11334811 -1.71340757 3.67119797 -0.35499615 -3.85917265 3.70833621 -0.5364838 -4.38582344 12.34589123 3.84732094 12.29609537 8.120051 45.29481937 -30.13843806 -4.93722531 7.30702102 -1.49666939 10.27675297 25.88482095 -30.97137584 0.00011029 -83.44958542 0.00011443 16.88054055 -4.68580286 8.22474887 -13.08347182 -9.7428996 6.73694801 -50.63982919 -45.4346193 20.99665144 -0.00004775 71.11580044 0.0000406 -71.38434387 39.26179364 -20.9682663 -27.73555503 9.91394859 9.56551925 32.82718398 -3.85256929 -3.72338742 -5.10920947 0.45923925 0.13181689 -3.79819206 0.00007409 -0.11031091 -4.25710976 -20.10023724 -16.71668144 32.09886169 -13.68625291 3.79360582 -12.10328691 -10.66676996 10.66278591 -13.17947031 -1.37708562 9.48337041
0.10946954 1.11155327 0.16889364 2.569672 -7.1292437 0.44113807 1.46878877 0.13394956 -1.14936621 3.78341071 -0.00030339 -3.61598051 3.86510173 -0.17615238 -4.12247264 12.10784953 3.48623616 11.28963936 8.27964595 43.31435475 -26.68247505 -4.98401805 8.19937111 -2.46398757 13.62278128 30.15033346 -34.81525248 -0.00006405 -84.18712546 -0.00006548 19.12443295 -0.74817644 7.98589411 -19.19358562 -7.51700697 2.46395105 -55.4684043 -45.24868677 23.85846624 -0.00002179 73.09767665 0.00003328 -56.38895128 39.80307289 -20.68975137 -29.75853798 8.89313169 10.33508657 33.52511034 -6.86247017 -3.61715397 -5.06389243 0.42669754 0.79482703 -3.31363777 0.0003318 -0.22752565 -2.49007558 -21.54997245 -14.07390881 30.94235003 -14.20405395 4.43364783 -12.67873026 -11.38882834 9.11170031 -12.65634647 -1.94837788 10.50340079
0.10796164 1.10981949 0.16320035 2.775962 -4.72702711 -2.01293601 1.39133902 0.24126539 0.37433108 3.90684458 0.08051676 -2.64044353 4.02047259 -0.02386154 -3.12127994 11.93907765 2.94746025 10.04955503 7.59658321 40.29575376 -22.5676853 -4.80244429 8.85828663 -3.35729981 18.26955109 30.82755096 -40.43901445 -0.00009922 -82.23448613 -0.00009141 20.09870306 0.54181779 6.10829649 -26.20962565 -2.65500818 -1.03505475 -52.02279309 -41.07356454 32.95543191 0.00004627 73.96796663 -0.00004042 -42.77318669 40.88173906 -21.81689973 -31.94090582 7.41253141 12.39847413 34.81740968 -8.95022067 -3.51670278 -4.89146503 0.41891288 0.77079364 -3.04393849 0.00123897 -0.44387283 0.11705003 -22.76914173 -9.9586107 28.60068692 -14.19256722 4.45027554 -13.15591887 -11.74044931 8.01165679 -11.68756066 -2.15970576 10.50612665
0.10394802 1.1095015 0.15331123 2.55926341 -3.40999707 -3.72212774 1.56467084 0.66943256 1.23937404 4.20535195 1.07271443 -1.9234788 4.27472962 1.03143854 -2.45767581 11.76243772 2.28827067 9.01320453 7.39074274 36.60058094 -19.78771606 -4.52390259 9.41645066 -4.2573242 21.05590479 28.86649656 -45.3189044 -0.00000199 -76.81983634 -0.00000682 18.3347605 -0.87932015 3.12287327 -31.90878897 2.47542145 -2.13043235 -47.46468226 -31.22725101 43.96570361 0.00002343 72.82797602 -0.00002004 -34.30549875 42.85616233 -25.96417921 -33.01453252 6.36621127 14.07622297 35.05496809 -9.70108724 -3.54353105 -4.00669815 -0.10458736 0.25658409 -2.97732336 0.00293194 -0.68300375 1.94058141 -23.144601 -6.71884533 27.0128295 -12.96556072 4.14001069 -13.84914055 -12.73678216 6.47942021 -10.84119412 -2.02081445 10.52869499
0.09476741 1.1115599 0.14333455 2.2745903 -2.41155222 -3.56718206 1.75310491 1.23796473 0.78359869 4.43835051 2.44612898 -1.92287007 4.47506244 2.40157676 -2.53330672 11.56918002 1.34590894 7.90076278 7.24545871 30.90684459 -16.88140175 -4.32144281 9.66093783 -5.30667541 18.92965437 18.93547715 -47.81347518 0.00005245 -68.94654378 0.00005799 15.89465942 -3.75881574 0.06825554 -35.00521098 5.19303385 -0.89976648 -50.58184046 -25.18237232 52.88790684 0.00000706 67.12224474 -0.00002947 -28.42692853 44.3206413 -32.20253024 -32.47449313 6.31544513 14.10367558 33.08567011 -9.75111478 -3.55430429 -2.35647254 -0.7849498 -0.55750912 -2.88681918 0.0041085 -0.66223227 2.85626173 -22.78556118 -5.50341152 26.06236186 -12.7947996 3.8635082 -14.80736102 -12.12357557 5.60485529 -10.39546655 -1.90268118 10.09384879
0.0863061 1.11456482 0.1328305 1.62647508 -2.24536315 -3.26984375 2.34526348 2.29348552 1.21145738 4.87462493 4.80353011 -1.25469367 4.85158509 4.7914953 -1.99092541 11.04965357 0.14207616 6.65258316 6.33616853 23.47553727 -13.39731055 -3.94755015 9.97546017 -6.79487422 15.42233442 9.02287067 -48.44150747 -0.00003046 -61.15584256 -0.00002397 15.82882885 -7.32582289 -2.02014368 -32.07161668 7.35824573 1.45422678 -53.90244181 -13.16001093 58.15076025 -0.00000135 54.19321387 -8.4e-7 -25.89361556 42.00584303 -34.39491942 -31.18185816 6.44652328 14.02780092 30.73377372 -9.78670713 -3.44648311 -0.67920438 -0.73683022 -1.52905308 -2.91649775 0.00382155 -0.41692104 3.84811863 -21.85928815 -5.0312309 25.02915344 -12.24209414 3.67482654 -14.92746928 -10.22929494 6.13508036 -11.26098489 -1.70824002 8.35993687
0.07876035 1.11406295 0.1224927 0.75559965 -1.81211694 -2.91813571 2.76149535 3.31102772 1.15833772 5.05701055 6.96210996 -0.74110389 5.01597228 6.94300458 -1.57214046 10.38397519 -1.34362916 5.42868798 4.40904898 14.83077404 -10.2166124 -3.49363123 10.00857018 -8.18708451 11.9757353 -0.53601728 -48.8957055 -0.00000545 -55.42673694 0.00001128 18.08012922 -11.2492556 -2.50426685 -26.6646683 10.03130837 3.94867975 -60.08348651 -1.3878157 59.08559574 0.0000195 36.49306686 -0.00001109 -32.39340313 33.56366637 -27.11593826 -30.32768224 6.5311859 13.9093761 29.50876853 -9.77938617 -3.30970852 0.65013238 -1.09280809 -2.51873147 -3.11221823 -0.00018318 0.01266201 4.32495728 -20.60885407 -5.69375173 25.47507617 -11.17647111 4.80140694 -14.2140645 -11.39815511 8.78236044 -13.45222977 -0.67560095 4.82916115
0.07191766 1.10893472 0.11264827 -0.01965707 -0.4575958 -2.33851987 2.99983652 3.98778997 0.98881665 5.15576878 8.85417638 -0.62352086 5.12217624 8.80879185 -1.55343143 9.27081128 -2.97551848 4.44814835 2.24522635 5.54818996 -7.74481806 -3.19776177 9.84545689 -9.48151432 8.25738932 -8.98424418 -49.18164402 -0.00002904 -52.0836603 -0.00002792 20.06777959 -15.15943592 -2.00769426 -20.48973813 14.60933854 6.56955081 -64.86073726 7.94112442 54.70279901 0.00000392 20.61776601 0.00000176 -43.53887137 17.44020017 -15.37852323 -30.25226097 6.21656046 13.13166767 29.57353789 -9.67802049 -2.90680394 1.00764997 -2.12791767 -2.943678 -2.59557492 -0.00024946 0.01732229 5.62834398 -20.20703839 -5.86323476 24.94282095 -10.27549957 5.62762773 -15.58390365 -12.24365242 10.21220813 -12.66675636 -0.21221384 2.01871707
0.06555291 1.0988939 0.10473424 -0.63680327 1.31189412 -1.55122065 3.51919378 4.51246691 0.55196291 5.59881026 10.66879445 -0.83695082 5.57920916 10.59586841 -1.8433121 7.78370491 -4.4587642 3.5235959 -0.30733367 -2.61549585 -5.58563112 -3.06375141 9.53586913 -10.84091041 3.88730858 -16.24529605 -49.34039869 -0.00000585 -50.52853557 -0.00000804 20.28993241 -18.76495927 -1.60292457 -14.96673228 19.49820431 9.06258613 -62.95816121 17.06566231 46.26582741 0.00000484 10.33049957 -0.00000403 -48.92994371 -3.41900195 -5.29008433 -31.41309985 5.59249288 12.06759643 31.61223725 -9.5580643 -2.40936913 0.77906976 -3.34116947 -3.20075207 -2.46236885 -0.00022907 0.01610977 6.77187418 -20.31159195 -5.82387393 24.82174578 -9.83047858 5.90989229 -18.74233322 -12.63572438 10.80324483 -9.026064 0.03293582 -0.75697983
0.06060203 1.08921959 0.09715423 -1.1846785 2.60976473 -1.28623152 4.05341761 5.03327029 0.38610341 6.10786602 12.20642248 -0.86755114 6.11612269 12.10026196 -1.91867719 5.95457678 -5.65811241 1.99847632 -3.87252046 -9.41038822 -3.12130282 -2.83274507 9.25062079 -12.25107488 0.14272833 -22.25236852 -50.01915653 0.00001674 -50.38702479 0.00002291 19.80289313 -21.43290337 -1.51963672 -9.36831275 22.15875713 8.57349459 -52.97702021 31.01808713 39.06128795 6e-7 4.39965705 0.00000551 -43.01793833 -20.17693174 6.4335214 -32.76097678 4.97402828 11.63266784 33.83966836 -9.37476933 -1.97253808 0.37705342 -4.51010738 -3.40690845 -2.30224412 -0.00058537 0.0555872 6.48639064 -20.24491466 -5.67908556 26.92708197 -9.67100689 6.23539995 -22.01798396 -13.34452759 9.74939594 -7.00662919 0.01341677 -1.46105468
0.0575882 1.08026916 0.09182274 -0.80906585 4.37357699 -1.18758841 4.20881133 5.50345174 0.30458094 6.29236443 13.65773525 -0.95800187 6.35054514 13.50855711 -2.07758978 3.98019098 -6.51031168 0.25607414 -7.47157033 -14.28476245 -1.66621398 -2.3745944 8.8158686 -13.39833102 -2.78767629 -27.59834362 -50.42529614 -0.00000898 -51.79498326 -0.00002524 20.15432519 -22.32916277 -1.6307555 -5.27504721 24.12212063 8.17126413 -39.48216347 40.4409574 32.11903283 0.00000203 1.40066857 -3.6e-7 -27.75381807 -24.59968689 20.65922721 -34.83014817 4.10716563 10.86904612 35.73373866 -9.24063685 -1.45311739 0.03831583 -5.7141553 -3.55014569 -2.0297153 -0.00096317 0.12439467 5.53214792 -19.74561129 -4.98752905 28.63268885 -9.26382301 6.26657412 -24.75807245 -15.62873796 8.63850586 -4.70261581 0.00652155 -0.90571147
0.05516559 1.07385667 0.08733299 -0.08024864 6.39807487 -1.15247249 4.21291013 5.68083248 0.22374716 6.18549547 14.18904763 -1.17226887 6.26130315 14.0121913 -2.342722 2.57517986 -6.98088649 -1.12274224 -10.82087084 -16.2019607 -1.31820181 -2.10979032 8.42364234 -13.81595768 -3.72094726 -29.90433023 -50.12222642 0.00000542 -54.67172678 -0.00000602 21.27222964 -21.55244277 -2.0873974 -3.72973628 26.01044925 11.03640826 -30.72337252 43.93334913 32.37875043 -0.00000264 1.70180823 -0.00000186 -13.10571506 -19.59111888 28.34579634 -36.76999207 3.46638801 10.07862217 36.6464738 -8.91986661 -1.18467089 0.16812432 -7.36218329 -3.50194861 -1.74830138 -0.00130784 0.16853314 4.15631986 -19.44139493 -4.30535342 30.25134344 -8.80732522 6.24563568 -26.61788787 -18.19633403 7.66860111 -3.42845426 0.00041384 -0.07185507
0.05386414 1.06820595 0.08619241 1.56319614 8.40883988 -1.24607923 3.94574271 5.77104705 0.05280745 6.06866633 14.38009177 -1.46792916 6.20238006 14.15080869 -2.72590267 1.28531217 -7.08841678 -2.66742395 -14.30800878 -16.74604151 -1.09599391 -1.81398893 8.2924147 -13.77032059 -4.36246693 -30.57524977 -50.21918526 0.00002168 -58.45390208 0.0000264 21.71382761 -20.08276582 -2.79748132 -3.90590951 27.29212199 15.95119507 -18.54037924 47.73460667 30.69707352 0.0000033 4.49092781 0.00001074 -3.2507749 -15.37246457 30.20037332 -39.35802164 2.89949992 9.16015454 37.39344639 -8.76604001 -0.97211659 0.2298669 -8.71620572 -3.37871659 -1.47361127 -0.00189461 0.19621668 2.0084921 -19.62164169 -4.00483837 31.76856544 -8.64495933 6.55814764 -28.281569 -19.91165807 6.49511247 -2.94964294 -0.00179049 0.3988078
0.05325625 1.06266586 0.08681752 3.46336822 10.71633787 -1.7820758 4.02471811 5.88024165 -0.04850619 6.42655405 14.50465578 -1.62479535 6.6188576 14.22239951 -2.90193769 0.21225241 -7.07092811 -3.68661402 -18.11138256 -16.14751485 -1.99792654 -1.59263744 8.26273657 -13.46054314 -4.39684239 -30.68906868 -50.19560264 -0.00003224 -62.65831218 -0.00003699 20.38310423 -18.44702378 -3.30229769 -3.94568439 27.26694035 20.74526748 -16.25054771 49.91651473 32.80155751 0.00000778 7.19669608 -0.00001728 2.85751641 -14.03229472 32.43333628 -42.3289544 2.52696325 8.62612678 38.29369162 -9.00134723 -1.06471277 0.36196702 -10.27480641 -2.86756143 -1.29909662 -0.0017993 0.18371573 0.31423813 -19.69639823 -3.25198914 32.43920769 -8.354211 7.13189005 -29.87919768 -21.99127529 5.05369247 -2.37571945 -0.00257827 0.66651809
0.05427577 1.05672668 0.08774463 4.70009537 12.81346971 -2.63447956 4.25665705 5.9844453 -0.20251032 7.05789361 14.62854292 -1.74091408 7.32814016 14.28109073 -3.00478473 -0.41407855 -6.88376293 -4.06327858 -20.9178842 -14.57354237 -2.71430942 -1.37971328 8.48018063 -13.55687489 -3.48052056 -30.03718116 -49.44931113 0.00005958 -66.87364541 0.00006121 17.95677059 -16.63679511 -3.34456217 -3.81466133 27.21005575 24.96782182 -16.02934827 51.6362965 35.12744427 -0.00000292 8.30851758 0.00000646 8.75047663 -12.19737325 34.85854138 -44.7906451 1.94789236 8.0649157 39.79106939 -9.13528675 -0.72041583 0.10691969 -11.52220135 -2.51914436 -1.13220115 -0.0016066 0.14344063 -0.43255399 -19.4279065 -1.99819125 32.7602788 -8.04762235 7.56032262 -31.65194068 -24.26419914 3.22166476 -1.69862351 -0.00399417 0.8312647
0.05616707 1.05355652 0.08923443 5.6576835 13.86832084 -3.26828818 4.39166813 6.04518892 -0.34010695 7.62139617 14.48602481 -1.86327093 7.94219043 14.09634513 -3.05780706 -0.47483457 -6.61222365 -3.97855453 -22.46009262 -12.65232412 -3.30159741 -1.0804066 8.90337634 -13.88613765 -2.01837776 -27.98022839 -48.62274906 0.00000578 -70.4368789 -0.0000013 16.32203729 -14.7184601 -3.00142166 -4.18719583 26.75691291 28.34624109 -15.62862688 53.56961215 38.41142314 0.00001402 8.3372572 -0.00002042 16.0623169 -8.76909884 35.10362052 -46.33263198 1.44841791 7.50478613 40.73842475 -9.26768413 -0.250219 -0.22765514 -11.68993318 -2.47163412 -1.00968172 -0.00130184 0.08773373 -1.14563581 -19.02612819 -1.11471016 32.9509075 -7.9054334 7.55762505 -32.58071347 -25.88357891 2.12112013 -1.50107343 -0.00540677 0.96718228
0.05942278 1.05029854 0.09156836 6.666219 14.09688064 -3.9207447 4.58556229 6.2384086 -0.60639372 8.29402167 14.72155885 -2.17235689 8.68446089 14.27976213 -3.30484181 -0.20571707 -6.41267552 -3.48453005 -23.0161448 -11.39598793 -4.07437445 -0.72898862 9.49970458 -13.86261876 -1.02319996 -25.89047074 -48.80204296 -0.00000151 -72.78878979 0.00000285 16.43516338 -12.86018658 -2.51897031 -4.38368804 26.16736037 30.88086247 -15.92738905 55.20656846 41.81554086 0.00002711 8.47647843 0.00001313 22.64264168 -5.94492957 34.2804354 -47.92245808 1.06984122 7.38058135 41.98189052 -9.39079651 0.00876993 -0.84061426 -11.51730466 -2.35516051 -0.92997134 -0.00080536 0.06254314 -2.4531534 -18.78283653 -0.74740555 33.9718886 -7.93281959 7.43964298 -32.96804092 -26.577306 1.8725645 -1.9870521 -0.00658291 1.06676788
0.06409891 1.04872559 0.09460565 7.05518373 14.19671315 -4.09781119 4.94879653 6.35215927 -0.86886401 9.24520616 14.79136909 -2.56689038 9.68341967 14.30574303 -3.62361968 0.56100506 -6.33995086 -2.66365449 -23.00978815 -10.65039332 -4.31317325 -0.48398501 10.06760041 -13.63097424 -0.4120273 -23.78310097 -49.57156386 0.00000821 -73.92848135 0.00001374 17.33804253 -11.23524041 -2.02845538 -4.43939676 25.22382513 32.46801115 -15.88827126 56.87501266 43.81145051 0.00000639 9.47323004 0.00001042 26.68568585 -4.33241834 34.22646316 -48.5043405 0.90421127 6.9888679 42.8154229 -9.37599338 0.22292725 -1.41600179 -11.30753999 -2.20495931 -0.87217251 -0.00091997 0.07339419 -3.00623296 -19.17370814 -1.19583842 34.70559212 -8.04810824 7.6204064 -33.00000774 -26.21779752 1.90126034 -2.46226401 -0.00267522 0.68203918
0.06771453 1.04952271 0.09660649 7.54637965 14.04306957 -4.40824181 5.23183066 6.322399 -0.97274263 10.04143787 14.48305458 -2.87900196 10.48205971 13.99340817 -3.82588794 1.27917108 -6.30520449 -1.58235834 -22.8826217 -9.93112344 -4.61356341 -0.41662959 10.55635861 -13.32462536 0.37350039 -21.13039499 -50.78020366 0.00001632 -74.27700067 0.00002391 17.61526215 -9.91003188 -1.38693435 -4.26300414 24.02688371 32.7969577 -16.63733835 58.87920824 46.74665502 0.00002567 11.23604813 -5.3e-7 29.80756929 -2.89984919 34.22760645 -48.85140164 0.67708795 6.81147011 42.96516264 -9.40763004 0.43479055 -1.6641122 -10.92519397 -2.20000041 -0.85870094 -0.00096594 0.07785095 -3.12535229 -19.12023361 -1.04157712 34.20078711 -8.15081144 7.62686467 -32.87004303 -26.16208403 1.50653204 -2.41653936 -0.00066727 0.34099355
0.07145808 1.05241516 0.09849427 8.04995617 13.61391797 -4.82710158 5.51672765 6.20955537 -1.07101394 10.78575049 13.97378894 -3.14875436 11.20919073 13.5000129 -3.96473713 2.05169554 -6.3126875 -0.36505591 -23.11231775 -8.95052513 -4.44511276 -0.39265464 10.93548058 -13.00679329 1.34960754 -18.29791492 -52.30464043 0.00005218 -74.17401324 0.00003256 17.22382021 -8.93314031 -0.64576872 -3.94987819 22.78944024 32.49801203 -18.13086527 61.49915303 50.07612835 -0.00001027 13.17785521 0.00000815 33.4122242 -1.16977383 33.36494322 -48.87191735 0.28260653 6.56339114 42.67612929 -9.4627301 0.97562455 -1.85467083 -10.08169142 -2.48668896 -0.82827126 -0.00095802 0.07855233 -2.82060637 -18.65705306 -0.52234204 32.73797037 -8.21676171 7.48683161 -32.21377023 -26.30531182 1.36733264 -2.2726392 -0.00037245 0.25556651
0.07564417 1.05592026 0.10064345 8.3521324 12.78863644 -5.01818902 5.89121867 6.07821374 -1.24358139 11.62383993 13.49641026 -3.50960103 12.02770543 13.04076964 -4.19438844 2.65954411 -6.36505102 0.9202332 -23.3149182 -8.2774104 -4.6512992 -0.40661691 11.14884961 -12.55563299 1.74924621 -15.62182655 -54.27403875 0.00003987 -73.63924844 0.00002458 17.32469627 -8.39507896 -0.14622614 -3.71394341 21.89446204 32.08334922 -19.88464122 63.24374381 52.58793985 -0.00000571 15.01016026 -0.00000479 36.46147051 0.76646204 32.1370728 -48.52018079 0.01536947 6.3919839 42.26039703 -9.5260791 1.42652405 -2.12917841 -8.93973308 -2.74801956 -0.75876339 0.00031544 -0.02397823 -2.62004762 -18.15016358 -0.29055285 31.55553423 -8.37613534 7.08997148 -31.12569399 -26.2293008 1.86673079 -2.48159141 -0.0003915 0.26234474
0.08029891 1.05945641 0.10273739 8.47400633 11.72870634 -5.02490202 6.29185406 5.94412834 -1.47007587 12.46788304 13.09017246 -3.97578841 12.85828359 12.64526712 -4.54573033 3.25146313 -6.45751165 2.181256 -23.5665359 -7.73581486 -4.86410708 -0.44631809 11.20915907 -12.02520592 1.64482118 -13.22674673 -56.35484646 0.00005697 -72.58795608 0.00004626 18.28378076 -8.16689998 0.08312595 -3.63393135 21.6332443 31.61872787 -20.22012764 64.74889644 53.0151523 -0.00001698 17.043499 -0.00001162 37.84660185 2.76046056 31.10070203 -47.98938272 -0.08029371 6.3656208 41.85673939 -9.5335317 1.64089825 -2.35173304 -7.79619042 -2.8704688 -0.77052363 0.00040221 -0.03067449 -2.59168338 -17.80123778 -0.33407399 30.81583753 -8.66215206 6.57348896 -30.02585541 -25.88325185 2.3513443 -2.8652208 0.00000675 0.04378243
0.08538299 1.06344727 0.10457576 8.55210021 10.40383362 -5.11457271 6.622019 5.79768635 -1.61108589 13.1539916 12.65649511 -4.28747056 13.52687893 12.233494 -4.7423907 3.83048461 -6.56158201 3.26189747 -23.76645686 -7.37697602 -4.96133377 -0.50546401 11.24001163 -11.64088406 1.7096097 -11.57495517 -58.1818683 0.00000197 -71.04022206 -0.00002099 18.79244695 -7.95974386 0.31422438 -3.57590162 21.55124409 30.93886006 -18.09773491 66.03428699 51.026388 -0.00000106 19.64045102 -0.00000178 38.12754135 4.45161389 30.15810506 -47.38971994 -0.14128843 6.58048898 41.41513227 -9.5420157 1.77195809 -2.55989306 -6.56295968 -2.94508589 -0.79074383 0.0004261 -0.03256145 -2.58660741 -17.51820988 -0.39154212 30.07744168 -8.98038753 6.15220264 -28.82944429 -25.44729894 2.62492067 -3.4362331 -0.00003919 0.0000014
0.09102831 1.06668328 0.10625922 8.55123969 8.9189038 -5.22453881 6.90151257 5.64145048 -1.71578762 13.72113774 12.27141168 -4.50448974 14.08000798 11.87382941 -4.8430168 4.29039727 -6.68804856 4.24314194 -23.92193733 -7.14117157 -5.06852835 -0.53135642 11.16047375 -11.39679692 1.83627993 -10.84199782 -59.45673123 0.00001564 -69.11202697 0.00000622 17.85004835 -7.74013956 0.43017694 -3.40241036 21.26579116 30.01843425 -16.02011744 66.71887946 48.93082763 -0.00001211 22.5070662 0.00001035 38.4354531 5.53595168 29.03781369 -46.8570841 -0.19757719 6.87440163 41.25144473 -9.54950372 1.88701764 -2.89177036 -5.24382075 -2.96685611 -0.80761363 0.00051489 -0.03966517 -2.7689814 -17.26975372 -0.66948095 29.78988936 -9.22621921 5.82548187 -27.53307512 -24.79847236 3.2856531 -4.17930273 0.0000179 0.00000269
0.09677355 1.06944877 0.10795737 8.48268991 7.28873881 -5.17182655 7.06972462 5.50697904 -1.8026256 14.02911804 11.96021813 -4.64379957 14.3700948 11.5816125 -4.9263745 4.60597534 -6.8378918 5.09700258 -24.2937701 -6.83500601 -5.06204282 -0.53496645 11.00986911 -11.27146451 1.77918069 -10.81397005 -60.12462661 0.000007 -66.97120174 0.00002187 16.55795576 -7.72878341 -0.0510419 -3.24195422 21.00873882 29.32364554 -14.65939054 67.04551974 47.24131167 0.00000127 24.93494051 -0.00000112 39.10427096 5.97377216 27.67623885 -46.27221018 -0.17508553 7.10633587 41.16756903 -9.55538989 1.95152483 -3.27341221 -3.7461724 -2.96788788 -0.82864522 0.00054824 -0.04202365 -3.1478573 -17.3583784 -1.49340537 29.92701571 -9.44198843 5.70426876 -26.20762527 -23.31269139 4.30813895 -4.76632427 -0.00000293 -0.00000387
0.10259132 1.07197318 0.10940912 8.40994931 5.40261349 -5.11261088 7.11992018 5.37419639 -1.82501288 14.07423524 11.68097439 -4.69039981 14.39205701 11.31775108 -4.97251335 4.76237773 -6.96510693 5.94326123 -24.47186413 -6.42222467 -5.28515839 -0.55191236 10.90759157 -11.30285428 1.34733273 -11.01835451 -60.28644456 0.00003845 -64.82261916 0.00002975 16.53377243 -7.97516874 -1.12346545 -3.18976584 20.95458183 28.92390329 -12.75443924 67.05456861 44.80465955 0.00001831 26.55229811 -0.00000831 39.73227586 5.94238974 26.12697422 -45.71009481 -0.13220523 7.44445372 41.16049968 -9.56584145 1.9730468 -3.70835643 -2.07776808 -2.96401964 -0.84031097 0.00059368 -0.04574835 -3.61624089 -17.44672071 -2.33061374 30.0593232 -9.72970562 5.50152522 -24.97921915 -21.55404569 5.27340094 -4.96850769 -0.00295994 0.71757695
0.10825711 1.07363815 0.11029482 8.20348382 3.26988761 -5.01811649 7.17956149 5.26713048 -1.8826252 14.12675794 11.49413966 -4.79336013 14.42949463 11.13570727 -5.08566271 4.88234237 -7.03757836 6.70621809 -24.7020124 -5.59289872 -5.50144169 -0.53254004 10.85828212 -11.44827985 0.85455066 -11.80729325 -60.12005379 -0.00002911 -62.76439528 -0.00004188 17.50067659 -8.37497355 -2.0940501 -3.19302854 21.14205122 28.57518045 -11.07619438 66.9399352 42.40756349 -0.00001985 27.48415017 0.00000424 39.94999437 5.91221655 24.40169553 -45.16888789 -0.03469187 7.9158164 41.41133423 -9.57275683 1.92260999 -4.22381868 -0.30512944 -2.93845566 -0.88787607 0.0005845 -0.04441779 -4.17293724 -17.44112648 -3.18236983 30.39861312 -9.99675812 5.21091962 -24.04396301 -19.73572031 6.09221667 -5.10914021 -0.0103056 1.33673146
0.11391508 1.07426949 0.11058296 7.953425 1.09419545 -4.84563131 7.22299843 5.16043666 -1.98859999 14.13103846 11.35304215 -4.96057117 14.42235863 10.99470319 -5.26615729 5.01853918 -7.09393034 7.48020111 -24.6029903 -4.62641862 -5.88303019 -0.56908422 10.72677185 -11.59672582 0.33566661 -12.68170817 -59.8401362 -0.00001153 -60.65307465 0.00002108 17.87116054 -8.91220488 -2.49810116 -3.29724545 21.52058877 28.40405306 -9.56843353 66.47160356 40.12207909 0.00000399 28.06166666 -0.00001273 39.84451888 6.31697611 22.52739858 -44.71707872 0.122316 8.35652461 41.81550669 -8.73723554 1.86391215 -4.79585002 0.6323685 -2.99400866 -0.9109871 0.00056843 -0.04250947 -4.94981541 -17.43990413 -4.19151147 31.07287275 -10.24251679 4.94839295 -23.44083067 -17.90923995 6.77531868 -5.13660463 -0.01625778 1.67740123
0.11912536 1.07487915 0.11018942 7.54211124 -1.22461128 -4.77479893 7.2693623 5.0693885 -2.05510591 14.14102565 11.23934644 -5.03757352 14.42189236 10.88562834 -5.34937257 5.11404418 -7.17277349 8.30146357 -24.43234731 -3.65781876 -6.45987832 -0.62067958 10.54035364 -11.88167583 -0.52599146 -13.88532324 -59.42540188 0.00002195 -58.27535017 0.00000455 17.06331606 -9.72949957 -2.4436737 -3.41542753 21.98629506 28.3513624 -7.44254199 65.52605224 37.02373347 0.00001732 28.44753127 -0.00000242 39.72831288 6.8410661 20.48055513 -44.17047398 0.41840231 9.1550968 42.20633201 -7.10944651 1.63450317 -5.34107368 0.63606441 -3.08122472 -0.92855177 0.00057702 -0.04268669 -5.67705604 -17.37677736 -5.12088839 31.80647538 -10.43504265 4.74673643 -22.77935286 -16.25024594 7.42380088 -5.16292067 -0.02641667 2.13809981
0.12417022 1.07490578 0.10903275 7.0874293 -3.41081819 -4.82852814 7.33263114 4.98225894 -2.06896018 14.17573329 11.16693977 -5.05341238 14.45184989 10.81246814 -5.37516309 5.14717083 -7.24190693 9.09903726 -24.31866134 -2.61300736 -7.12801896 -0.61317029 10.34722376 -12.29175699 -1.8944993 -15.20256708 -59.06172778 0.0000197 -55.63410498 0.00002949 16.02180285 -10.77449024 -2.10258807 -3.45333159 22.28499976 28.05010789 -5.90410472 64.46588003 34.52859208 -0.00000215 28.49339754 0.00000432 39.58026763 6.7231984 18.10284325 -43.72021286 0.63289916 9.9318384 42.73654506 -5.56369763 1.48490389 -5.86130065 0.63520358 -3.21791699 -0.94677777 0.00059101 -0.0437525 -6.40683937 -17.34037963 -6.04826442 32.6067356 -10.53181286 4.6115086 -21.83784553 -14.74956994 8.73582963 -4.93560848 -0.09206482 3.9984332
0.12874231 1.07456207 0.10736641 6.46848104 -5.35046767 -4.8279435 7.45058461 4.89456856 -2.14344365 14.27831724 11.11300678 -5.07878907 14.55081162 10.75304318 -5.41775239 5.24178485 -7.34745055 9.95145883 -24.03911746 -1.7073099 -7.84925779 -0.62225785 10.01940287 -12.51020454 -3.53490904 -16.56302729 -58.99190488 0.00000267 -52.94280878 -0.00000408 15.85536747 -11.75877611 -1.53550237 -3.47667874 22.3542823 27.71693189 -5.9619304 63.07568932 33.57647997 -0.00004604 28.06180229 0.0000542 38.88109809 5.91803058 15.48107949 -43.14331883 0.8847985 10.52252453 43.24615811 -4.2097247 1.39142516 -6.3089266 0.63979784 -3.37644366 -0.96235522 0.00059917 -0.04411623 -7.32624935 -17.41336591 -7.01924088 34.01053438 -10.62693253 4.69257778 -21.65867821 -13.72505077 8.3872422 -5.29634962 -0.06314276 3.30560336
0.13313347 1.07395355 0.10486955 5.99506944 -7.11071833 -4.81454358 7.56864306 4.80313139 -2.18755916 14.34544202 11.10272688 -5.11451875 14.61443195 10.73650114 -5.47830027 5.37832195 -7.45177951 10.78236698 -23.73239241 -0.819296 -8.40539174 -0.63606588 9.67602152 -12.7999572 -5.31634003 -18.26298042 -58.67417985 -0.00001698 -50.42675553 0.00001268 16.72551577 -12.65018694 -0.94000277 -3.47965677 22.12840955 27.19542432 -7.06889037 61.35031288 33.64384023 0.00001734 27.3316328 0.0000031 37.20181423 5.06318041 13.05899624 -42.76799049 1.13990302 11.03148915 43.68375766 -3.02705079 1.27318897 -6.6325869 0.66152021 -3.4966362 -0.96189697 0.00063745 -0.04715527 -8.4129199 -17.56391365 -8.14729199 35.37435062 -10.72718272 4.84840015 -21.07113835 -12.75365601 8.89831928 -5.33333887 -0.10189991 4.20353987
0.13670463 1.07370422 0.10167174 5.32965963 -8.68395415 -4.93476629 7.69070939 4.70384694 -2.13814891 14.43437241 11.01886477 -4.99441961 14.69562062 10.65662174 -5.37583931 5.48999357 -7.55729637 11.6045181 -23.35250117 0.00071133 -8.85946707 -0.696902 9.31355463 -13.07269845 -7.02549016 -19.88067476 -58.43165723 -0.00000623 -48.19774799 0.00001824 17.83901377 -13.73170784 -0.44749572 -3.48938738 21.73694291 26.74594374 -7.63013614 59.36644006 33.22533478 -0.00001228 26.54186189 -0.00001444 34.75080193 4.64908925 11.12361841 -42.2067876 1.39282112 11.62606075 43.99206042 -2.13049693 1.15854187 -6.84361023 0.67746438 -3.61083016 -0.9512904 0.00069254 -0.05147805 -9.07032962 -17.7391851 -9.04248902 36.38993713 -10.78832411 5.1456764 -20.44835075 -12.32726836 9.20620893 -5.25677388 -0.13266135 4.79905389
0.13906112 1.07296051 0.09785887 4.77309643 -10.23050938 -4.93379074 7.79815316 4.58325262 -2.13624646 14.48642303 10.89481261 -4.95525964 14.73426759 10.54252762 -5.3484656 5.58374947 -7.63005822 12.43646063 -22.97969538 0.92094724 -9.33981788 -0.79559742 8.98820889 -13.30198699 -8.41074009 -21.41219135 -57.89047701 0.0000302 -46.21187072 0.00002614 18.23007807 -15.03334685 0.01894688 -3.53237727 21.24931857 26.32986814 -8.25432288 57.56668257 33.06209899 -0.00001431 25.65785765 0.00000849 32.02275602 4.53855226 9.67553846 -41.79026719 1.67703977 12.18920154 44.28885015 -1.19367306 0.99263726 -6.98328407 0.69653556 -3.77922121 -0.94860371 0.00073107 -0.05443948 -9.80975102 -17.75967715 -9.82170855 37.31286151 -10.77637227 5.41385511 -20.07124257 -12.63762718 9.37050112 -4.93773649 -0.13036881 4.75784238
0.14084105 1.07177643 0.0934782 4.23201789 -11.73525169 -4.82170851 7.89153022 4.47812959 -2.12342753 14.50942166 10.79762465 -4.89688427 14.74408555 10.46119095 -5.29253826 5.71190213 -7.67664791 13.23628661 -22.43835425 1.86474439 -10.03183477 -0.84017099 8.57802631 -13.53875777 -9.74006766 -23.15750251 -57.27465649 -0.00000747 -44.32131432 -0.00001858 17.69461567 -16.22993422 0.43522536 -3.46422255 20.55168729 25.83051772 -9.48649864 55.51512869 33.51092838 0.00001002 24.55985009 -0.00002008 29.17774165 4.20035324 8.71665611 -41.40593002 1.96750735 12.63286422 44.57880696 -0.21586183 0.83494046 -7.07951812 0.72201651 -3.99873299 -0.93478481 0.00081837 -0.06106311 -10.4837082 -17.59037943 -10.49169902 38.06947376 -10.67245391 5.5482283 -19.93702794 -13.25087392 9.56465544 -4.45774917 -0.09856193 4.13605672
0.14171567 1.07026154 0.08862656 3.6233775 -13.21034848 -4.7081861 7.96822952 4.3862891 -2.05165136 14.51641944 10.70894035 -4.77161229 14.73836695 10.39455063 -5.16001245 5.83298742 -7.6825569 13.91886217 -21.74902594 2.70612517 -10.72382709 -0.83924679 8.17127076 -13.85237396 -11.07904952 -24.90419716 -56.651162 -0.00000912 -42.43100938 -0.00000263 16.8565506 -17.17134028 0.75221517 -3.31420038 19.67749404 25.2132095 -10.84570658 53.59000136 34.19904362 -0.00000773 23.4242849 0.00000302 26.15825134 3.33719878 8.22088818 -40.98532262 2.23347379 13.08067206 44.89659515 0.66845818 0.70049583 -7.15663227 0.75364238 -4.28928449 -0.92178514 0.00090696 -0.06809879 -10.94998781 -17.22645412 -10.96393737 38.68023439 -10.49608943 5.48174231 -20.10517455 -13.34539026 9.79658287 -3.95190849 -0.06316429 3.30904786
0.14170707 1.06838486 0.08358701 3.06775963 -14.51055502 -4.53003129 8.01073465 4.26541202 -1.96846098 14.46609301 10.55940402 -4.63796505 14.67208937 10.27163636 -5.0141605 5.9752951 -7.63813847 14.55406933 -21.13546996 3.72791253 -11.29204037 -0.84622181 7.76690905 -14.10740825 -12.24377099 -26.54203285 -55.96768426 -0.00001765 -40.61072686 -0.00001651 16.23417504 -17.99567095 1.10248562 -3.16961793 18.70737068 24.6317147 -11.59143872 51.5439986 34.60987761 -0.00000682 22.64216386 0.00000443 23.10797536 1.93965698 7.80618059 -40.64665599 2.4969955 13.48098969 45.21314586 1.41542811 0.52093129 -7.18855879 0.77998233 -4.56734693 -0.91030989 0.00097537 -0.07314642 -11.28371727 -16.86845734 -11.47987765 39.1636501 -10.27421642 5.37594063 -20.58085422 -12.43038727 10.19267966 -3.39120116 -0.0411644 2.67144888
0.14091163 1.06660812 0.07759341 2.37606273 -15.61239845 -4.43046129 8.02794357 4.07353331 -1.84418076 14.38870336 10.22244627 -4.40355588 14.57399776 9.96775273 -4.76159862 6.11563207 -7.53752965 15.20387898 -20.51249208 5.00029995 -11.87180769 -0.90687004 7.34136311 -14.20085682 -13.41964968 -27.39054062 -55.69407788 0.00000607 -38.9440155 -0.00000612 15.70265478 -18.84188738 1.52385882 -3.07698917 17.69056602 24.25560719 -12.10680216 49.11922446 34.94636728 0.00000163 22.29676678 -0.00002031 20.39453015 0.14788618 6.81331013 -40.21052222 2.75518559 13.89101754 45.43049595 1.98822759 0.37927791 -7.09415583 0.79870739 -4.84935084 -0.90241185 0.0010505 -0.07882025 -11.23155656 -16.47119784 -11.82781899 39.31028889 -10.00422672 5.18021794 -20.8429435 -11.53662342 11.29349314 -2.69556189 -0.03852559 2.58512715
0.13983094 1.0649955 0.07133185 1.6235647 -16.7782527 -4.26685946 8.0187501 3.86618127 -1.70435627 14.29437504 9.82173571 -4.18619888 14.45998977 9.5993167 -4.5196172 6.27731853 -7.38008566 15.71735479 -19.97791473 6.37435142 -12.38595304 -0.94485057 6.92533067 -14.41794254 -14.41774404 -28.09136058 -55.28104592 -0.00002613 -37.31725012 -0.00002499 15.1439951 -19.77717028 1.76491495 -2.96381025 16.63139198 23.92555634 -12.15416563 47.32601564 35.18981767 0.00001368 22.10732894 -0.00002494 18.37389926 -1.61746894 5.14459308 -39.62992606 3.06669976 14.26325909 45.53273017 2.64433945 0.20159215 -6.95262249 0.81411705 -5.16048905 -0.88290079 0.0011062 -0.08367508 -11.26472735 -16.10536821 -12.29656105 39.58625532 -9.77861283 4.93749582 -21.1842208 -10.2929732 12.25236235 -2.12969552 -0.03570002 2.30500601
0.1387785 1.06393914 0.06482709 0.9151699 -17.90823037 -4.18982891 7.97115018 3.67047724 -1.49338957 14.15583888 9.40607552 -3.89676627 14.30428441 9.2160243 -4.20446842 6.44072845 -7.18067523 16.12587934 -19.35106549 7.66613204 -12.86365399 -0.95346256 6.49677057 -14.67353926 -15.83190568 -28.19477659 -55.41502699 -0.00000596 -35.60894595 -0.00000891 14.90393559 -20.76770177 1.69409009 -2.80540042 15.51107785 23.53696468 -12.23143609 45.56585934 35.5782261 -0.00000727 21.85687475 -0.00000307 17.14483646 -2.92782071 3.57757569 -39.0230963 3.30098467 14.60364198 45.47618675 3.29934092 0.13121837 -6.7260824 0.82359059 -5.53062783 -0.85103509 0.00122022 -0.09331431 -11.37038159 -15.72620116 -12.51119043 39.90215197 -9.64682847 4.69741692 -21.59583793 -9.57674718 12.5231808 -1.40851191 -0.02228418 1.7816459
0.1371438 1.06338349 0.05797252 0.19842171 -19.16602675 -4.24025239 7.90155906 3.48262441 -1.25365684 13.98780659 8.994094 -3.56136835 14.12078872 8.83502978 -3.84838135 6.59055582 -6.93165501 16.44634615 -18.71290158 8.9228392 -13.17673039 -0.96922556 6.11036148 -14.77940513 -17.33858805 -27.81570337 -55.98674806 0.00001262 -33.92207465 0.00002428 15.18067951 -21.71971339 1.6106189 -2.67594276 14.39736727 23.35224312 -12.53161862 43.61431446 35.99172486 -0.00000726 21.55537214 -0.0000035 16.4160128 -4.0544489 2.88179187 -38.35215557 3.56414754 15.15856901 45.30157304 3.88256415 0.04117769 -6.46364889 0.83136799 -5.91905186 -0.79471343 0.00147002 -0.11657928 -11.6539698 -15.18053666 -12.49265056 40.48724749 -9.58541139 4.33009577 -21.81128012 -8.78897065 12.63741327 -1.04210819 -0.01207055 1.44766425
0.13486481 1.06287849 0.05097934 -0.55290648 -20.47164905 -4.30922682 7.84754553 3.29344542 -1.03667714 13.84998492 8.57145033 -3.24257125 13.96955488 8.4386223 -3.51430162 6.75853087 -6.61614355 16.60834524 -18.30328725 10.25218469 -13.32239152 -1.00734826 5.76760506 -14.88363292 -18.78421119 -27.38789138 -56.58376706 0.00001034 -32.43854047 0.00002193 15.56087247 -22.54714608 1.77600359 -2.59768824 13.35903937 23.1596034 -12.82022577 41.80705561 36.39810241 -0.00002433 21.28554058 -0.00001057 15.86407024 -5.76290317 3.02999744 -37.61123242 3.88225685 15.80107378 45.07331316 4.32453293 -0.08701325 -6.19986744 0.83625998 -6.3088641 -0.72564001 0.00178641 -0.1479441 -12.0275224 -14.695796 -12.50633466 41.25657845 -9.56486274 4.00987978 -22.04910381 -7.88132798 12.56053064 -0.86803598 -0.00894425 1.24695139
0.13254398 1.06227531 0.0443994 -1.16733136 -21.66003745 -4.31721643 7.77228433 3.10021305 -0.82256158 13.66330058 8.15755306 -2.93394482 13.77027431 8.04860269 -3.19870691 6.97069153 -6.29871577 16.61030292 -18.01571005 11.3188036 -13.281817 -1.02517158 5.44987283 -15.01170616 -19.61955684 -27.30304305 -56.86080162 -0.00000392 -31.18806967 -0.00000971 15.6346768 -23.20818254 1.98244372 -2.54458672 12.34316149 23.21092708 -13.19472815 40.01878502 36.73823307 -0.00000814 21.06768765 0.00001631 15.41166367 -8.36133209 3.32806173 -36.98912627 4.16194149 16.33059223 44.83575158 4.76370782 -0.1801434 -5.90211233 0.82857956 -6.74029516 -0.69936587 0.00172676 -0.14575359 -12.45972774 -14.26156562 -12.55304988 41.99297146 -9.55936318 3.76491088 -22.35325425 -7.05363917 12.38608231 -0.69960817 -0.00542522 0.97147033
0.12992301 1.06170814 0.03820627 -1.76943224 -22.68982176 -4.24656139 7.64305116 2.86996292 -0.58206503 13.39867355 7.65976251 -2.60734141 13.49223236 7.5772803 -2.86239749 7.1876906 -6.00830773 16.41719661 -17.88597291 11.95268084 -12.97622442 -1.05099377 5.11355243 -14.96708297 -20.13644768 -27.36287724 -57.15461594 -0.00002017 -30.01346332 -0.00001915 15.65913531 -23.8054111 1.90774443 -2.46946396 11.2246407 23.23475665 -13.60450786 38.26990246 37.4788172 -0.0000081 20.85575818 0.00002246 15.00556921 -11.33544014 3.11059715 -36.31849519 4.43614148 16.70042988 44.52142961 5.09063493 -0.24168284 -5.58095161 0.81692289 -7.17614867 -0.68398877 0.00160248 -0.13611565 -12.76878727 -14.01018519 -12.79389815 42.58942646 -9.5524401 3.67226744 -22.71614229 -6.11476979 12.27320174 -0.41500272 -0.00177559 0.55440012
0.12732352 1.06135971 0.03236115 -2.40549965 -23.60312386 -4.15840409 7.51311467 2.64251892 -0.33520924 13.14420114 7.15710068 -2.27956236 13.22578259 7.10050652 -2.522586 7.29575066 -5.56396762 15.74598163 -18.08741755 12.40966943 -12.40817405 -1.10881718 4.75414802 -14.83383136 -20.78077112 -27.49795886 -57.64992801 0.00000714 -28.77923986 -0.00000367 16.0552024 -24.46262025 1.5195059 -2.40408529 10.09305176 23.17408936 -13.6522562 36.58873828 38.13292564 0.00001347 20.59513384 -0.00002276 14.66155463 -14.0237531 2.33691098 -35.56592164 4.75607602 17.00473878 44.1192396 5.25173137 -0.32509719 -5.24136601 0.80408885 -7.55483731 -0.67818549 0.00140563 -0.12068036 -13.02922015 -13.68395504 -12.96384992 43.20946748 -9.57272495 3.46698268 -22.97288606 -5.445381 12.20612746 -0.20622771 -0.00099213 0.42305013
0.12468867 1.0610405 0.02709364 -3.03172387 -24.51367328 -4.07266472 7.36455304 2.43371645 -0.10624731 12.87993297 6.67716331 -1.94637633 12.95187125 6.64420238 -2.17756564 7.3381696 -5.05213669 14.85722665 -18.31959919 12.78664897 -11.68736683 -1.12334488 4.42365936 -14.81995095 -21.20164407 -27.7053081 -57.97783046 0.00000575 -27.53346718 -0.00003486 16.6817554 -25.14080708 0.9612338 -2.29989845 8.99588417 23.1736441 -13.78615418 34.79843875 38.8173448 4.2e-7 20.25997035 0.00001932 14.55736937 -16.1198023 1.451303 -34.79179646 5.10559517 17.31423011 43.72482977 5.31959408 -0.43528013 -4.9609872 0.78390234 -7.89795815 -0.66543301 0.00132301 -0.11738521 -13.31692951 -13.46056307 -13.26091235 43.88940946 -9.60568772 3.37289239 -23.24280683 -4.58409286 12.02594077 -0.15106099 -0.00053516 0.30141261
0.12208607 1.06108361 0.02216793 -3.60587678 -25.36094731 -3.98606123 7.1761976 2.21960133 0.14402125 12.55885619 6.17759078 -1.55766624 12.62324177 6.16709382 -1.77508758 7.38749396 -4.49117989 13.71570567 -18.60794985 13.02035605 -10.78275458 -1.1626209 4.10945513 -14.87518698 -21.48579821 -27.86949894 -58.41468069 0.00000539 -26.3901743 -0.00000508 17.12830228 -25.73355888 0.35902769 -2.18765849 7.77012475 22.75220279 -14.11355392 32.86605218 39.90682683 -0.00000854 19.84945227 -0.00002414 14.85383914 -17.5015925 0.70886909 -33.89757183 5.44701068 17.54570039 43.08346223 5.23619351 -0.48368064 -4.72837283 0.76528218 -8.35548713 -0.51842232 0.00018747 -0.02143117 -13.52419908 -13.28738455 -13.55951103 44.39780825 -9.65587586 3.34064759 -23.45200364 -3.74301972 11.85744533 -0.10523068 -0.00033721 0.23879209
0.11947895 1.06182907 0.01760601 -4.12029738 -26.16701645 -3.87278259 6.95684486 2.00846937 0.36379998 12.20060612 5.66486426 -1.19419408 12.25843273 5.67480082 -1.39691186 7.46741659 -3.87542615 12.52767584 -18.87603407 13.38397096 -9.86646446 -1.19403324 3.843508 -14.87769715 -21.7201532 -27.8276742 -58.95784622 0.00000336 -25.39320704 -0.00002942 17.23003265 -26.21949573 -0.21176108 -2.07485427 6.50979642 22.75489831 -14.4201517 30.80331232 40.71629506 8e-7 19.37135194 -0.00002555 15.69823803 -18.31253451 0.06297313 -32.96426276 5.846537 17.70712522 42.28548097 5.34474269 -0.53838606 -4.4432879 0.72477226 -8.67880252 -0.3361628 0.00011215 -0.01902465 -13.65222618 -13.00045122 -13.78089765 44.6853322 -9.71479527 3.21358076 -23.30939442 -3.06833509 12.11692494 -0.2308358 -0.00081041 0.27140367
0.11708559 1.06290626 0.01373387 -4.55876264 -26.94917771 -3.71915584 6.72006632 1.81519228 0.5604534 11.82731543 5.17045106 -0.87736549 11.87962735 5.1982339 -1.06101017 7.50964447 -3.21334981 11.26479718 -18.94608636 13.67243572 -8.93470959 -1.22819477 3.60027334 -14.97026495 -21.84304437 -27.72468399 -59.40383655 0.00001693 -24.52182862 0.00000334 17.05646937 -26.58632062 -0.71593776 -1.94663685 5.28331621 22.64263662 -14.77582183 28.78471755 41.61571998 0.00001528 18.84050823 -0.00001769 16.94733697 -19.07404469 -0.39433794 -32.04105359 6.2598284 17.81759843 41.43822048 5.45740904 -0.62561086 -4.1363986 0.67590316 -8.95723983 -0.20459775 0.0000619 -0.01917365 -13.77150146 -12.7835462 -14.04693796 44.8462862 -9.13607246 3.12708704 -23.27780581 -2.94566231 12.08090709 -0.14713416 -0.00032097 0.16054663
0.1147631 1.06424744 0.01031689 -5.054356 -27.76222813 -3.58315168 6.48558636 1.62924547 0.74015873 11.46534256 4.68936225 -0.58628164 11.51310914 4.73227502 -0.75102848 7.63495722 -2.5464217 9.92580635 -19.29478502 13.96979001 -7.77553183 -1.29184073 3.39311345 -15.03315033 -21.764738 -27.74972162 -59.83737779 -0.0000101 -23.69229325 0.00000713 16.77754968 -26.8630227 -1.12114352 -1.84591323 4.04258937 22.43010998 -14.92485255 26.85305001 42.51778782 -0.00001617 18.29537924 0.00000538 18.06332104 -20.16774678 -0.42302348 -30.98563782 6.71868315 17.91333 40.51187136 5.38242655 -0.72873274 -3.85861436 0.63293475 -9.21755157 -0.08381264 0.00002939 -0.02158212 -13.78276243 -12.4622966 -14.12154043 44.92682444 -8.74544625 2.86607534 -23.27227131 -2.8712702 11.76302024 -0.1468119 -0.00021108 0.14328822
0.11257919 1.06580612 0.00764106 -5.50063552 -28.48791341 -3.48019412 6.2624509 1.45858151 0.89703565 11.12350277 4.24163433 -0.30307897 11.16779366 4.29630993 -0.44996681 7.69238763 -1.89912934 8.66940751 -19.57235039 14.1949002 -6.89035593 -1.33810444 3.20667684 -15.08372245 -21.6986243 -27.76575722 -60.31129187 -0.00001835 -22.78244364 -0.00002116 16.56199064 -27.20958322 -1.36324773 -1.72049948 2.7371608 22.12004528 -15.06430791 25.00421434 43.3015562 -0.00000112 17.78681275 0.00000132 18.74818943 -21.47399991 -0.09739471 -29.99208514 7.1486829 17.97241929 39.62082442 5.36662879 -0.79071025 -3.55456716 0.57726629 -9.46434556 -0.0426791 0.00001697 -0.02538169 -13.69646533 -12.19573646 -14.17217926 44.87518139 -8.4279876 2.65515147 -23.22074832 -2.80188569 11.48491757 -0.14698691 -0.00020194 0.12385095
0.11066145 1.06787224 0.00552072 -5.85445935 -29.13455523 -3.43514442 6.02190664 1.30341992 1.02522226 10.76075599 3.81246531 -0.03431445 10.80293654 3.87370843 -0.16067951 7.79126811 -1.27181517 7.45790485 -19.76924936 14.35120522 -5.99361446 -1.3746943 3.02468849 -15.17103978 -21.66414868 -27.66857165 -60.81009218 0.00000737 -21.78547978 -4.3e-7 16.47759172 -27.70034667 -1.44895816 -1.57965644 1.4572283 21.78515554 -15.04314465 23.30261816 44.19283609 -0.00000702 17.33828347 0.00000878 19.09917647 -22.61897895 0.06868928 -29.07437888 7.58569052 18.09739999 38.67120886 5.28033513 -0.88776434 -3.21165352 0.50848304 -9.63036142 -0.04014497 0.00001168 -0.03062662 -13.52515951 -12.08447497 -14.2474566 44.59559319 -8.01776293 2.61316167 -23.07947914 -2.70552998 11.12561945 -0.14581609 -0.00010061 0.10060881
0.10971106 1.07037324 0.00442984 -5.99032211 -29.5730066 -3.11815732 5.71076771 1.11547754 1.11731292 10.28716418 3.31126498 0.13724247 10.32731534 3.37703979 0.03047275 7.96325083 -0.69163757 6.32190398 -19.98071423 14.4482699 -5.06228497 -1.39066526 2.86127275 -15.23805906 -21.43147272 -27.55704274 -61.22945861 -0.00001147 -20.89506166 0.00000908 16.47197155 -28.16555692 -1.48724636 -1.40298027 0.08348843 21.45074693 -14.70202424 21.59570787 45.09705015 -0.00000427 16.94867812 -0.00003736 19.16090382 -23.40314781 -0.21258677 -28.19152379 7.83680387 17.66211537 37.57749064 5.6580766 -0.78012831 -2.76292425 0.42517615 -9.84976411 -0.06882473 0.00003144 -0.03577857 -13.51475366 -12.25685105 -14.78710851 44.20231883 -7.36607679 2.75135894 -22.8943917 -2.59214057 10.70921509 -0.14633611 -0.00006415 0.07866242
0.10860583 1.07334214 0.00368156 -6.20674571 -30.09777451 -2.97641583 5.45516629 0.96957793 1.16381122 9.89941193 2.88877202 0.29859745 9.9383939 2.95482746 0.20739815 8.11212412 -0.14551745 5.36015395 -20.00849268 14.59446786 -4.37967802 -1.42096521 2.76292547 -15.26187266 -21.03542547 -27.47660559 -61.52346566 0.00001606 -20.31738253 0.00000965 16.43409494 -28.39212547 -1.53456489 -1.25979335 -1.18164757 21.20805947 -14.22765274 20.08264552 45.82478223 -0.00000972 16.61965084 0.00001121 18.94139426 -23.95283296 -0.62730556 -27.25785856 8.29531849 17.55406447 36.45871522 5.94250376 -0.86136643 -2.32269005 0.34147999 -9.8915068 -0.09362549 0.00007571 -0.06135113 -13.23628605 -12.17472077 -14.88131176 43.5863338 -7.08515206 2.64469013 -22.59697031 -2.51615621 10.49703918 -0.14642311 -0.00000745 0.05490445
0.10783317 1.07603896 0.00345438 -6.31077042 -30.55835968 -2.81366805 5.22130169 0.84019148 1.19670367 9.53803165 2.52568826 0.40857387 9.57615463 2.59040019 0.32415053 8.22589303 0.37059722 4.62703912 -20.01210697 14.8683936 -3.66296065 -1.43051562 2.7210068 -15.18390805 -20.59286597 -27.34790057 -61.79362307 -3.7e-7 -20.05513414 0.00001045 16.31669819 -28.36100421 -1.51769136 -1.12301401 -2.31559016 21.0672721 -13.49941511 18.90196455 46.33993183 0.00000431 16.34058088 -0.00002766 18.6872831 -24.37777635 -0.76641638 -26.51216026 8.7119006 17.42772896 35.5037749 6.34193758 -0.95176448 -1.95416619 0.26232208 -9.830245 -0.09394741 0.00017764 -0.13703575 -13.01099255 -12.02710204 -14.91127192 42.98921381 -6.94632154 2.49881294 -22.30404957 -2.46315131 10.39359434 -0.14750136 -0.00001357 0.03192317
0.10769651 1.07887641 0.0037958 -6.33036658 -31.00581446 -2.62322507 4.98986295 0.72482108 1.21363692 9.17256158 2.18645888 0.51175111 9.21009509 2.2469813 0.43328861 8.35218236 0.79338417 4.10528806 -19.87493954 15.11105056 -3.31253159 -1.47424046 2.70046036 -15.20951484 -19.95108813 -27.26904124 -61.93764138 0.00000604 -19.98192691 0.00000666 16.20300789 -28.2177182 -1.37240251 -1.02824671 -3.40388311 20.7815534 -12.71624858 17.7465196 47.00878868 2.1e-7 16.0696138 0.00001482 18.66238192 -24.57120916 -0.64665181 -25.84632054 9.15755783 17.31245839 34.57576402 6.72493268 -1.13066511 -1.60791647 0.17936023 -9.65123792 -0.10386853 0.00032165 -0.22181058 -12.81136176 -11.87626174 -14.9494419 42.30579111 -6.86535528 2.33032947 -21.93942198 -2.4221886 10.37552829 -0.1473093 -0.00000436 0.00634854
0.10789678 1.08190452 0.00482068 -6.34203092 -31.42340277 -2.38758768 4.77337534 0.62612843 1.17650256 8.82946472 1.88468551 0.54278958 8.86708564 1.9389665 0.46689689 8.57858672 1.11082627 3.9471089 -19.76896269 15.63716364 -3.31262105 -1.47646169 2.69827204 -15.1849109 -19.33955192 -27.21962521 -62.01308913 -0.00000141 -20.02736607 0.00001221 16.14884352 -28.08045526 -1.18277917 -0.89614152 -4.3948892 20.57242378 -11.96676568 16.69827739 47.74600157 0.00000711 15.75771023 0.00003535 18.70646 -24.50054969 -0.5832769 -25.08649177 9.57399409 17.05074504 33.56368666 7.11367309 -1.26399804 -1.2821337 0.10637442 -9.49616662 -0.11248372 0.00037923 -0.2452268 -12.5881351 -11.88922526 -15.19355175 41.52773433 -6.52646218 2.26709083 -21.56995546 -2.36631709 10.25665663 -0.1593918 -0.00001828 0.0000027
0.10846377 1.08473305 0.00631734 -6.30649841 -31.83658994 -2.17748053 4.59122042 0.54504355 1.14307889 8.53310107 1.63587898 0.56959679 8.57071826 1.6834377 0.49267896 8.7861425 1.36826333 3.97372671 -19.58807774 16.30999087 -3.48113212 -1.44482226 2.71460693 -15.17916086 -18.75065675 -27.15941824 -62.01443203 0.00000478 -20.1977214 -0.0000053 16.01997555 -27.93379627 -1.07548917 -0.76041715 -5.22875415 20.30152652 -11.13806271 15.95516615 48.48390092 8.1e-7 15.41536702 -0.00003439 18.47728573 -24.3719802 -0.73937342 -24.39383086 9.93487794 16.77863725 32.63930867 7.54358071 -1.36360725 -1.04770353 0.04181985 -9.35663589 -0.09691868 0.00024598 -0.19722148 -12.37658559 -11.86784829 -15.38631225 40.74067568 -6.23735373 2.1755545 -21.18451674 -2.31960686 10.21933876 -0.17555111 -0.00003795 0.00000537
0.10933573 1.08759674 0.00808098 -6.2392507 -32.23813417 -2.01501483 4.4285199 0.4788414 1.10980924 8.25926555 1.42350133 0.59109924 8.29679543 1.46391478 0.50880342 9.00159738 1.56112443 4.14078166 -19.47890018 17.04211263 -3.66292301 -1.44793867 2.74922129 -15.1591848 -18.11131891 -27.09963117 -61.98329649 -0.00001545 -20.49295333 -0.00003093 15.69647919 -27.71423754 -1.05958557 -0.67025671 -5.99066724 20.01623424 -10.32110726 15.28206349 49.27324392 -0.00000368 15.19009633 0.00001701 18.07586167 -24.3531677 -0.90544959 -23.75067138 10.23909689 16.52324917 31.74344571 7.95813096 -1.41814786 -0.79356992 -0.02358093 -9.29174971 -0.10954013 0.00024666 -0.1981263 -12.11399031 -11.77646647 -15.44209744 39.86995869 -6.05914426 2.01214872 -20.75258006 -2.28514538 10.26123916 -0.19163311 0.00007783 0.00000109
0.11035506 1.09014923 0.01029438 -6.18115627 -32.65369132 -1.89305475 4.28349141 0.42880548 1.06807444 8.00978685 1.26056667 0.58895485 8.04736871 1.29404299 0.49807878 9.19371789 1.71979999 4.42089008 -19.38873281 17.90986491 -3.84408083 -1.44592032 2.8232185 -15.03136924 -17.5726824 -26.94934002 -62.05335352 0.00000641 -20.879612 -0.00001385 15.27752377 -27.44787298 -1.07237329 -0.58747423 -6.64784128 19.76964083 -9.51341667 14.59986724 50.05684651 9.6e-7 15.29789496 0.00000994 17.89635373 -24.40105281 -0.71166932 -23.16863345 10.58526764 16.37069401 30.99356523 8.31444248 -1.56184201 -0.63496468 -0.07606967 -9.19117364 -0.11282492 0.00019434 -0.17700246 -11.85172544 -11.73170746 -15.53339396 39.03012231 -5.79147083 1.88900347 -20.35431417 -2.251404 10.28512404 -0.06822725 0.00001445 0.0000014
0.11140292 1.09260697 0.01280727 -6.10370157 -33.03842828 -1.74844615 4.15600804 0.39202667 1.00360992 7.78038573 1.13215 0.55614987 7.81823081 1.15944061 0.45442408 9.33674993 1.84282488 4.75468402 -19.15069497 18.80098077 -4.13687994 -1.43776301 2.90989904 -14.88009563 -17.00335821 -26.79406818 -62.05558717 0.00002201 -21.33138953 0.00003851 14.90128452 -27.21051392 -1.0966646 -0.51219573 -7.20735231 19.55908673 -8.46951922 13.71790355 50.77810162 0.00000207 15.78264348 -0.00001262 18.02632312 -24.41470277 -0.03389818 -22.59725175 10.93602044 16.19999957 30.26281649 8.66012562 -1.73485907 -0.51966954 -0.1221931 -9.04771679 -0.09039683 0.0001282 -0.14060479 -11.61608541 -11.80091043 -15.74077535 38.1943167 -5.39178199 1.85229669 -19.96867426 -2.21469786 10.2474547 0.00483247 0.00001113 -0.00000528
0.11268161 1.09505746 0.01583071 -5.98196243 -33.38617351 -1.62403701 4.0256917 0.36444664 0.94863459 7.53907654 1.03223472 0.5316743 7.57704667 1.05419109 0.41571683 9.38313072 1.98667045 5.07456747 -18.53068463 19.7974361 -4.52866522 -1.42271662 2.9982071 -14.80270169 -16.40250165 -26.62536019 -62.01698656 -0.00002138 -21.83568344 -0.00002769 14.57740053 -27.03261367 -1.14944033 -0.45871514 -7.66411143 19.33598798 -7.46235233 12.86669713 51.48258127 0.00000696 16.49647227 -0.00000656 18.27780876 -24.38709111 0.87966619 -22.0770983 11.19367337 15.97065482 29.59200684 9.07945213 -1.8173862 -0.45677368 -0.16476842 -8.93280136 -0.06438091 0.00005614 -0.08778701 -11.34891207 -11.88242068 -15.90384659 37.29019974 -5.11759726 1.80564232 -19.53352593 -2.18728526 10.31642284 0.00396933 0.00000237 -0.00000425
0.1141696 1.0972731 0.01906876 -5.85280399 -33.73881131 -1.53433772 3.9114893 0.35846033 0.87885107 7.32448959 0.9757264 0.49976184 7.36257646 0.99227533 0.36928664 9.37998791 2.12001472 5.22626602 -18.02760502 20.65259579 -4.8149318 -1.41727971 3.09276042 -14.75299681 -15.88766687 -26.40893809 -61.96462273 -0.00000848 -22.38159697 0.00000841 14.26905796 -26.89519576 -1.23587739 -0.43503714 -8.02993662 19.03332509 -6.47064017 12.0488009 52.2908952 0.00001023 17.33943793 -0.00003653 18.54254456 -24.48564699 1.55889433 -21.6398235 11.39193252 15.76860848 29.0529897 9.50321822 -1.8669718 -0.35852565 -0.1363873 -8.96794897 -0.09661584 0.00012567 -0.1370765 -11.02693882 -11.97184889 -16.01904315 36.31962567 -4.84010944 1.75084619 -19.21351256 -2.17106297 10.39038411 0.21647929 0.00003809 -0.00000174
0.1156406 1.09899849 0.022301 -5.69657679 -34.08014415 -1.46902738 3.80782811 0.36086493 0.84033944 7.12491972 0.95503897 0.4661095 7.16287535 0.96783823 0.32026261 9.28815137 2.28626708 5.11090883 -17.62202403 21.30423861 -4.81285986 -1.43067151 3.2044412 -14.71497723 -15.31568908 -26.24531846 -61.86679847 -0.00001241 -22.96784743 -0.00001903 14.00964907 -26.78562891 -1.3579326 -0.4584533 -8.29725683 18.62892053 -5.54668852 11.13149599 53.23460046 -0.00000211 18.26149478 0.00000833 18.75518625 -24.8483529 1.75096271 -21.3580071 11.56792959 15.63358547 28.73777325 9.49535872 -1.97613272 -0.51566267 0.1968926 -8.72521579 -0.04699155 0.00000266 -0.03019574 -10.77609043 -12.04544053 -16.09807465 35.46932869 -4.56558751 1.69347452 -18.9418205 -2.17092244 10.47214904 0.41126095 -0.00002 -0.00000806
0.11715587 1.10060173 0.02561203 -5.59070766 -34.40585342 -1.44175166 3.72594784 0.36438215 0.80054184 6.96541314 0.94575822 0.41261823 7.00322712 0.96173426 0.25123217 9.10196662 2.48185921 4.74942709 -17.2136063 21.77740471 -4.55973339 -1.45688183 3.3139865 -14.70474847 -14.86908911 -26.02354542 -61.71409517 0.00000527 -23.61542464 -0.00000776 13.82704568 -26.70198493 -1.49480828 -0.47581567 -8.56964046 18.50247011 -4.56498128 10.48974975 53.94947535 0.00001467 19.14889003 0.00000731 18.78733385 -25.33620726 1.63674812 -21.05824356 11.71009909 15.50190814 28.458176 9.5047528 -2.0510639 -0.61102755 0.53738525 -8.64350321 -0.03921882 -0.00000191 0.00000119 -10.45292301 -12.0498361 -16.09326657 34.61896599 -4.41229415 1.55189794 -18.67979745 -2.1831631 10.63637198 0.61973489 0.00001011 0.00000957
0.11868955 1.10174423 0.02894342 -5.40719039 -34.75172822 -1.34225503 3.63807267 0.3638108 0.73194638 6.79388883 0.93759905 0.34641078 6.83165807 0.96767031 0.16771597 8.85430172 2.69302571 4.21721403 -16.78513295 22.174663 -4.20831677 -1.45816521 3.44504934 -14.72158088 -14.29438158 -25.78453198 -61.48214477 -0.00000929 -24.35708619 0.00000685 13.61863162 -26.58942257 -1.61356363 -0.49094274 -8.74087203 18.35526747 -3.65443949 10.06967233 54.59907405 0.00000688 19.91466573 0.00001937 18.670828 -25.71331604 1.46012298 -20.87702211 11.74300975 15.28931637 28.32147435 9.52189159 -2.04678857 -0.77292089 0.94226275 -8.63362482 -0.03933034 4.3e-7 0.00000361 -10.29472281 -12.06560758 -16.1806714 33.91694502 -4.16285235 1.44832064 -18.50477337 -2.19295015 10.76802952 0.84749631 0.00003503 -0.00000568
0.12008889 1.10266731 0.03198774 -5.27059353 -35.01986453 -1.26040522 3.56347022 0.36143669 0.66527092 6.64758469 0.92951983 0.2699161 6.68543991 0.95210459 0.07696595 8.6290811 2.89401552 3.56929433 -16.3819442 22.48837272 -3.79876886 -1.47033304 3.56743249 -14.75357876 -13.73648094 -25.49473287 -61.21048202 0.00000232 -25.17322745 0.0000374 13.26866677 -26.3908783 -1.74382998 -0.52936848 -8.83252194 18.16200221 -2.90279261 9.63621083 55.31559836 -0.00001578 20.55577424 0.00000545 18.6320058 -25.88756295 1.27303003 -20.71762602 11.7469371 15.06967124 28.24146608 9.54086312 -2.02379325 -0.93297563 1.31197797 -8.61670005 -0.04087626 0.00000614 0.00000313 -10.15036727 -12.13527198 -16.30316517 33.32182019 -3.91929869 1.37710576 -18.34105281 -2.20157491 10.88695036 0.97672989 -0.00002679 0.0059629
0.12149111 1.10327095 0.03501115 -5.13111735 -35.25782765 -1.2218069 3.5029442 0.35801582 0.60917786 6.52650919 0.92188437 0.18685635 6.56436414 0.94514098 -0.01950599 8.32438965 3.06258315 2.98331184 -15.74563762 22.7061739 -3.65650115 -1.47973783 3.67808692 -14.75325943 -13.22325148 -25.21619973 -60.97662471 -0.000002 -25.97178476 0.00002738 12.82543231 -26.16177865 -1.90985766 -0.56160646 -8.89885917 17.99407924 -2.1976194 9.36078881 55.99987771 0.00001051 21.04813875 0.000004 18.78177316 -25.90036874 1.05233972 -20.6818454 11.78398143 14.98873611 28.33088628 9.5581658 -2.08597083 -1.16419989 1.55591149 -8.54801915 -0.04234695 0.00000542 -0.0000067 -10.01324983 -12.19117017 -16.36333913 32.78989537 -3.74735952 1.29380567 -18.21987742 -2.2231386 11.03456418 0.93858145 -0.00000539 0.00000578
0.12277869 1.10355644 0.03773756 -4.95104549 -35.44306295 -1.15850738 3.44560241 0.35459579 0.55019127 6.41205152 0.91462873 0.09495558 6.44996672 0.92156429 -0.12260451 8.06912646 3.21271379 2.48907664 -15.09549371 23.02732104 -3.60976856 -1.46456324 3.77476561 -14.86519107 -12.79686463 -24.91383116 -60.65549278 -8.1e-7 -26.65820905 -0.00001906 12.41897789 -25.99941439 -2.0802294 -0.57688849 -8.91299759 17.83529721 -1.82401535 9.07486594 56.68891157 -0.00000121 21.34374375 0.00000286 19.05863728 -25.85154869 0.7859904 -20.74935992 11.76783383 14.91114482 28.50294109 9.57084195 -2.12410666 -1.4092654 1.75771633 -8.50634074 -0.04377651 -0.00000224 -0.00000287 -10.00131992 -12.30526201 -16.51833534 32.40087275 -3.4940684 1.30959457 -18.06734988 -2.25793787 11.23738986 0.89545134 0.00001213 -0.00000556
0.12387235 1.10372101 0.03996325 -4.7986196 -35.66691005 -1.08959788 3.39747564 0.35241612 0.46872685 6.31396901 0.90802198 -0.00197074 6.35202662 0.92338645 -0.23166542 7.9963093 3.36501612 2.34251899 -14.59890322 23.68856165 -3.89281327 -1.46246712 3.87157831 -14.93334415 -12.44678696 -24.60474014 -60.42333917 0.00002679 -27.20934291 0.00003078 12.09460655 -25.89056408 -2.23771486 -0.59555843 -8.91081007 17.72445867 -1.54005654 9.03007532 57.28044924 0.00000251 21.47908858 0.00001056 19.43870389 -25.83508244 0.46908356 -20.80177036 11.78052376 14.85347012 28.66256129 9.58108763 -2.18090283 -1.6193311 2.0086012 -8.47231322 -0.04512336 2.3e-7 -0.00000413 -10.07299785 -12.3859243 -16.67043874 32.15192907 -3.19322715 1.30271515 -17.94625999 -2.26931 11.33340103 0.9262161 -0.00003169 -1.7e-7
0.1247405 1.10384262 0.04207747 -4.726882 -35.83045673 -1.10751002 3.36224832 0.35206426 0.40741948 6.24300663 0.90282989 -0.09505736 6.28111016 0.91381203 -0.33500677 7.94261712 3.49821331 2.22008973 -13.98947218 24.31285216 -4.2496463 -1.45093171 3.96083484 -14.99651905 -12.19274195 -24.26763743 -60.26699551 -0.00001238 -27.64961804 3e-8 11.842769 -25.77626744 -2.40038011 -0.60268077 -8.88640561 17.67719165 -1.3006713 9.24394735 57.76183722 0.00000792 21.54850568 -0.00002071 19.92944631 -25.88080611 0.13849838 -20.82576259 11.76488489 14.83422862 28.84865935 9.59381504 -2.19516576 -1.83845133 2.16570796 -8.46880105 -0.0463832 -0.00000349 -0.00000408 -10.04490044 -12.45845831 -16.72754334 31.92951745 -3.04281621 1.27505525 -17.8378699 -2.2784577 11.4171478 0.90315522 4.9e-7 1.2e-7
0.12545168 1.1038987 0.04374573 -4.68448222 -35.93596374 -1.19369894 3.3381348 0.35445823 0.36826379 6.19331341 0.90184854 -0.16680682 6.23120609 0.90561543 -0.41561636 7.92511087 3.59582742 2.1208576 -13.5153322 24.83775935 -4.53784784 -1.45208067 4.03701201 -15.06574212 -12.04509872 -23.97257548 -60.20888101 -0.00000727 -27.99216075 0.00001112 11.67330389 -25.66936662 -2.56991389 -0.62009861 -8.85292802 17.66425722 -1.16359924 9.47350207 58.14918434 0.000002 21.56970797 4.3e-7 20.39626596 -25.95823312 -0.11275694 -20.88781428 11.71299002 14.86779407 29.0571066 9.60835103 -2.16508883 -2.03557603 2.26351948 -8.49079309 -0.04756519 0.00000677 -5.1e-7 -9.96795297 -12.52165757 -16.69128402 31.72208467 -2.98157262 1.25511675 -17.73617566 -2.28362609 11.49325569 0.87248033 -0.00001479 -0.00000294
0.12592506 1.10389893 0.0449908 -4.65847047 -36.06790619 -1.26378908 3.32712225 0.3662724 0.32271616 6.15147862 0.92397111 -0.24529328 6.18930585 0.92773863 -0.5026399 7.92872313 3.66530882 2.06510296 -13.1142833 25.27383862 -4.76732105 -1.43277341 4.10966285 -15.16099063 -11.92776544 -23.72581601 -60.12519971 0.00000631 -28.21717863 -8.3e-7 11.57530026 -25.63050061 -2.69103392 -0.61268459 -8.81064655 17.69196023 -1.10399132 9.8777509 58.40934795 0.00001505 21.48001601 -0.00002799 20.63236584 -26.02253786 -0.21247524 -20.92288028 11.66421503 14.89605303 29.23056903 9.62148936 -2.13908223 -2.19331432 2.4098597 -8.5261885 -0.04866216 -0.00000223 -5.4e-7 -9.93831315 -12.57219185 -16.66473154 31.58870421 -2.90020796 1.2275485 -17.65889361 -2.28904404 11.54192929 0.83424416 0.00000525 -0.00000208
0.12614158 1.1038826 0.04596499 -4.63389242 -36.17810372 -1.33177354 3.3170949 0.37630568 0.2797863 6.1235413 0.94639273 -0.31845552 6.1612452 0.95031324 -0.58305878 7.91083107 3.7139604 2.05407521 -12.49066196 25.59616042 -5.11066474 -1.38866503 4.16751368 -15.26977123 -11.88166911 -23.5420889 -60.08019173 -0.00000749 -28.28600059 0.00000448 11.49577581 -25.68256198 -2.70386824 -0.58596055 -8.71731262 17.68542952 -1.25266759 10.29124155 58.64650099 0.00000107 21.25878826 -0.00000624 20.64707747 -26.04328687 -0.1925867 -20.95285139 11.61877546 14.93961527 29.36798698 9.63423399 -2.10996793 -2.318211 2.52855127 -8.58384105 -0.04965557 0.00000382 0.00000121 -9.92174437 -12.65179954 -16.6498121 31.48629263 -2.81204217 1.24061043 -17.59736308 -2.29209007 11.55051278 0.83271809 -0.00000494 -0.00001457
0.12621263 1.10395103 0.04655594 -4.61334103 -36.23628261 -1.39136478 3.30763859 0.39026076 0.24328961 6.10402787 0.97473035 -0.37783444 6.14166322 0.97880764 -0.64886063 7.90167981 3.73735114 2.069291 -11.80713017 25.81152282 -5.49776331 -1.35161915 4.19828937 -15.36644656 -11.90488318 -23.44367869 -60.11826501 0.00000686 -28.20872214 0.00000119 11.42356628 -25.765414 -2.65519715 -0.55924705 -8.63287885 17.71767371 -1.44487741 10.64795207 58.80915091 0.00000343 20.96098991 -0.00001101 20.68753753 -26.01268893 -0.15267955 -20.97094629 11.56694173 14.97145233 29.43633213 9.64264489 -2.07293707 -2.38481616 2.61538825 -8.62588195 -0.05053966 0.00000146 0.00000294 -9.88552561 -12.72371807 -16.60944332 31.37096938 -2.79732422 1.25379594 -17.49788367 -2.2915685 11.55628502 0.85059081 -0.00002191 2.9e-7
0.12615485 1.10407822 0.04677487 -4.62877791 -36.2354288 -1.48865646 3.29873954 0.4021843 0.22275586 6.09381949 0.99947868 -0.40614434 6.1310869 1.00370015 -0.68281229 7.89582407 3.73779094 2.0864464 -11.04269255 25.90345373 -5.94558335 -1.31025472 4.21926073 -15.4715566 -11.96781172 -23.3811194 -60.20049866 0.00001056 -28.0732867 0.00002454 11.41013917 -25.81769844 -2.6410965 -0.5441397 -8.48749984 17.63252846 -1.73288602 10.99196003 59.05073391 0.00000763 20.64175362 -0.00003681 20.90375285 -25.94116893 -0.16399793 -20.97375333 11.50960585 15.01953712 29.45972929 9.64890917 -2.01464833 -2.40139519 2.67392119 -8.67628168 -0.05157903 -0.00000193 0.00000424 -9.79318462 -12.80841946 -16.52880489 31.24418875 -2.81381609 1.28379491 -17.40487905 -2.29744889 11.53996801 0.87496615 0.00002719 -6.9e-7
0.12593489 1.10418037 0.04656483 -4.62193215 -36.24905703 -1.55719181 3.29129942 0.41796843 0.20734822 6.07845393 1.03411433 -0.43848728 6.11543332 1.0386183 -0.7202473 7.88202812 3.72453547 2.14043154 -10.14541345 25.90322585 -6.49089436 -1.28368005 4.2462907 -15.50033964 -12.00091846 -23.34248383 -60.32743339 -0.00002032 -27.96127379 0.00000605 11.4418255 -25.85594488 -2.63922962 -0.52414637 -8.3971593 17.67662688 -1.91254958 11.44380648 59.11021272 -0.00000395 20.32212159 0.00001404 21.16588004 -25.8298389 -0.20759039 -20.9916593 11.47935905 15.1042195 29.44682025 9.65367295 -1.99744321 -2.38438169 2.6685607 -8.71200291 -0.05341797 2.2e-7 -0.00000233 -9.76020744 -12.84852602 -16.43275195 31.18797589 -2.83254104 1.29717135 -17.37905632 -2.29685373 11.50830964 0.88000792 0.0000233 0.00000551
0.12557082 1.10421181 0.04616988 -4.64314039 -36.19902885 -1.63541585 3.28480603 0.41998081 0.20326162 6.07276579 1.04410635 -0.45114931 6.10932661 1.04916659 -0.73725246 7.88604595 3.71035132 2.19145529 -9.33334048 25.8947361 -6.98161075 -1.2481178 4.26811697 -15.54820783 -11.96724114 -23.34815699 -60.43426148 -0.00000919 -27.88053236 -0.00002072 11.43071896 -25.90326091 -2.55708041 -0.49397645 -8.31957281 17.76067999 -2.20433281 12.05870606 59.20484412 0.00000451 20.00213082 -0.00000768 21.26908739 -25.65059179 -0.15195547 -21.00676795 11.43763056 15.18452308 29.43365726 9.65767142 -1.96334485 -2.35529861 2.59005943 -8.75655781 -0.05430238 -0.00000175 0.00000426 -9.6979783 -12.87663853 -16.33009276 31.18735784 -2.90642425 1.31942907 -17.43993384 -2.28534813 11.48093973 0.899972 -0.00001185 -7.4e-7
0.12520846 1.10445908 0.04545469 -4.59783826 -36.16016144 -1.63172147 3.27997429 0.42337914 0.20205943 6.04486025 1.05984816 -0.4727364 6.08123766 1.06533617 -0.76207779 7.89024062 3.6901785 2.26278148 -8.45844115 25.79997462 -7.45685258 -1.21553687 4.28548861 -15.55336318 -11.91991551 -23.37978692 -60.578857 -0.00000964 -27.81872345 -0.00001824 11.37410005 -25.93126396 -2.40192925 -0.45451871 -8.25378373 17.88531314 -2.49190464 12.19982747 58.99941481 -0.00000399 19.67054329 0.00002678 21.21627635 -25.44641922 0.10420729 -21.00771099 11.41606964 15.2209701 29.28204195 9.65744766 -1.96436682 -2.2345519 2.6009349 -8.76790519 -0.05467871 0.00000347 -0.00000268 -9.69640716 -12.86630654 -16.22635787 31.14752462 -3.01269993 1.30688065 -17.43141872 -2.27789768 11.45963143 0.90305747 -0.00000334 3.3e-7
0.12478928 1.10459892 0.04444837 -4.61540522 -36.08466895 -1.68490788 3.27638766 0.42306401 0.21048001 6.04264994 1.06006893 -0.4669676 6.07863104 1.06608139 -0.75815606 7.89864556 3.67083415 2.34108774 -7.63506627 25.70230721 -7.8544546 -1.20581301 4.30157871 -15.52192638 -11.89569935 -23.3871314 -60.7940165 -0.00000998 -27.78549856 0.00000228 11.36227834 -25.92301695 -2.2511052 -0.45050508 -8.17048946 17.95975617 -2.79885863 12.58682876 58.94504646 -0.00000244 19.31082212 0.00002198 21.1932487 -25.37045815 0.43678521 -21.00508676 11.39078218 15.29636299 29.16352412 9.65735088 -1.95116112 -2.11685257 2.51510891 -8.78937908 -0.05416939 0.00000205 -0.00000367 -9.65566036 -12.88223549 -16.1138925 31.13923738 -3.10331572 1.32836841 -17.42189141 -2.27041576 11.40588116 0.9124249 0.0000091 0.00000791
0.12439157 1.10467636 0.04337235 -4.64352151 -35.97202302 -1.75611698 3.27396396 0.42288183 0.23780062 6.05316446 1.05954515 -0.43678967 6.08877416 1.06579611 -0.7351231 7.90529397 3.65027763 2.42340487 -7.02271322 25.62469059 -8.20417244 -1.19845125 4.3146693 -15.49529237 -11.88532019 -23.42961212 -61.02933322 -0.00000977 -27.76540203 0.00001043 11.45504415 -25.91380577 -2.15387659 -0.43847258 -8.122702 18.05037412 -3.12464119 12.95428984 58.84994896 -0.0000078 18.92598392 0.00000335 21.31955782 -25.4957158 0.63779443 -21.02939684 11.36472825 15.38469443 29.07430905 9.66168607 -1.92666978 -2.00357485 2.38635047 -8.80756461 -0.0531288 0.00000116 -1.4e-7 -9.60301596 -12.91447427 -16.00673406 31.14742805 -3.20783772 1.38430277 -17.42486594 -2.26169938 11.33991286 0.93269629 -0.00002474 0.00000182
