HIERARCHY
ROOT Hips
{
  OFFSET 0 1.1673769999999999 0
  CHANNELS 6 Xposition Yposition Zposition Xrotation Yrotation Zrotation
  JOINT Spine
  {
    OFFSET 0.000003812944337411511 0.10717500000681812 -0.009311
    CHANNELS 3 Xrotation Yrotation Zrotation
    JOINT Spine1
    {
      OFFSET 0 0.1058532983696241 -0.004285186608692496
      CHANNELS 3 Xrotation Yrotation Zrotation
      JOINT Spine2
      {
        OFFSET -8.470329472543003e-22 0.10599345671141647 -0.007812688101110094
        CHANNELS 3 Xrotation Yrotation Zrotation
        JOINT Neck
        {
          OFFSET -8.470329472543003e-22 0.26240299999999994 -0.04488100000000002
          CHANNELS 3 Xrotation Yrotation Zrotation
          JOINT Head
          {
            OFFSET -4.235164736271502e-22 0.17466899999999996 0.05625600000000003
            CHANNELS 3 Xrotation Yrotation Zrotation
            End Site
            {
              OFFSET -4.235164736271502e-22 0.10756799999999966 0.021070000000000005
            }
          }
        }
        JOINT LeftShoulder
        {
          OFFSET 0.10574399999999999 0.23009199999999996 -0.07323000000000002
          CHANNELS 3 Xrotation Yrotation Zrotation
          JOINT LeftArm
          {
            OFFSET 0.14878212914559852 -0.04653266654569688 -0.030693304075147546
            CHANNELS 3 Xrotation Yrotation Zrotation
            JOINT LeftForeArm
            {
              OFFSET 0.24109000000000003 2.220446049250313e-16 -5.551115123125783e-17
              CHANNELS 3 Xrotation Yrotation Zrotation
              JOINT LeftHand
              {
                OFFSET 0.316792 0 -1.1102230246251565e-16
                CHANNELS 3 Xrotation Yrotation Zrotation
                End Site
                {
                  OFFSET 0.06265729429771016 -0.10569948639925819 0.03859412819617963
                }
              }
            }
          }
        }
        JOINT RightShoulder
        {
          OFFSET -0.10574399999999999 0.23009099999999982 -0.07323000000000002
          CHANNELS 3 Xrotation Yrotation Zrotation
          JOINT RightArm
          {
            OFFSET -0.14878040829228295 -0.04653159475972379 -0.030692917709113934
            CHANNELS 3 Xrotation Yrotation Zrotation
            JOINT RightForeArm
            {
              OFFSET -0.24109000000000003 -6.661338147750939e-16 -2.7755575615628914e-17
              CHANNELS 3 Xrotation Yrotation Zrotation
              JOINT RightHand
              {
                OFFSET -0.31679300000631333 -8.881784197001252e-16 -5.551115123125783e-17
                CHANNELS 3 Xrotation Yrotation Zrotation
                End Site
                {
                  OFFSET -0.06265795211397429 -0.10570764472283312 0.03859362014678265
                }
              }
            }
          }
        }
      }
    }
  }
  JOINT LeftUpLeg
  {
    OFFSET 0.12297511767165623 -0.06742078536803264 -0.010003
    CHANNELS 3 Xrotation Yrotation Zrotation
    JOINT LeftLeg
    {
      OFFSET 0 -0.457033849483632 0.010304509991859542
      CHANNELS 3 Xrotation Yrotation Zrotation
      JOINT LeftFoot
      {
        OFFSET 0 -0.500280623664138 -0.036905110570505176
        CHANNELS 3 Xrotation Yrotation Zrotation
        JOINT LeftToeBase
        {
          OFFSET 0.025950805788189563 -0.14255151365608373 0.19507593811975638
          CHANNELS 3 Xrotation Yrotation Zrotation
          End Site
          {
            OFFSET 0.010732117804750613 -0.000035441498015504746 0.11362327680684622
          }
        }
      }
    }
  }
  JOINT RightUpLeg
  {
    OFFSET -0.12297488233495055 -0.0674172146317622 -0.010003
    CHANNELS 3 Xrotation Yrotation Zrotation
    JOINT RightLeg
    {
      OFFSET 0.00000159348816348992 -0.45703784846455486 0.01030460015485039
      CHANNELS 3 Xrotation Yrotation Zrotation
      JOINT RightFoot
      {
        OFFSET -0.0000015934881634621645 -0.5002806236608007 -0.03690511058134042
        CHANNELS 3 Xrotation Yrotation Zrotation
        JOINT RightToeBase
        {
          OFFSET -0.0259497668227143 -0.14255297441554501 0.19507500887383716
          CHANNELS 3 Xrotation Yrotation Zrotation
          End Site
          {
            OFFSET -0.010733201844058626 -0.000035030229497263656 0.11362417898958707
          }
        }
      }
    }
  }
}
MOTION
Frames: 350
Frame Time: 0.03333333333333333
-0.00254457 1.07544029 -0.00153391 12.32968796 -8.9131029 1.89225735 12.13604956 -2.42705407 0.39245811 8.54490484 -1.94740235 0.12564687 8.5690595 -1.84825225 0.19718432 -0.46843128 2.0800981 -3.03869091 -23.16415927 8.06435597 -0.10915808 2.99893352 -9.30875631 -5.67312717 -9.9742859 -5.25310414 -50.88192091 -179.99793299 -89.2008727 -179.99793527 41.17174785 3.39110132 11.27855623 2.03446323 3.97108199 8.61185364 8.58976894 36.41424075 31.92103911 179.99994576 88.1181128 -179.99994194 18.02220662 4.58232825 -5.09403342 -43.43443216 5.00114519 13.35659191 29.09976285 5.19443856 4.2112764 3.37397286 0.48060419 -12.73157872 -2.02163527 -0.00000575 -0.0000019 -32.16649271 -13.10225642 -22.81189798 28.48273269 -4.27723544 -2.24625709 -6.14094921 -1.97134235 19.87246358 -0.35509199 0.00000429 6.8e-7
-0.00614482 1.07584595 -0.00365489 12.31874292 -8.95558508 1.89155041 12.0850944 -2.31455815 0.27153018 8.52098371 -1.85421474 0.04383658 8.54353038 -1.76043303 0.10990648 -0.33907919 2.0619508 -2.97618522 -23.21449435 8.01084437 0.00599418 3.01141554 -9.38235995 -5.75975581 -9.95757636 -5.38631875 -50.60504707 179.99961731 -89.24173265 179.99962304 39.44306323 3.72102523 11.8765093 2.02978699 3.94923451 8.61149173 8.69668444 36.82646826 31.59997681 -179.9990637 88.09652265 179.99907066 18.15491655 4.81986273 -4.84752577 -43.2088532 5.07483236 13.55400255 28.46149311 5.08402856 4.26988686 3.80204124 0.43325435 -12.92035725 -1.99978642 0.00000203 0.00000169 -32.46046015 -13.2217243 -22.85741735 28.89755378 -4.02982998 -1.89083145 -6.35364855 -1.96766496 19.40335869 -0.39717009 0.00002767 -0.0000064
-0.01056951 1.07622879 -0.00606566 12.3110632 -8.90348199 1.91455793 11.99817866 -2.2534875 0.21795925 8.47158391 -1.80825217 -0.00276698 8.49246122 -1.72233273 0.06059874 -0.131751 2.06428857 -3.0494742 -23.3634075 7.96263382 0.09545629 3.02164334 -9.48571283 -6.09723423 -9.76801669 -5.51177372 -50.06033567 179.9997861 -89.13096163 179.99978143 37.51544801 4.57127418 12.42001706 1.92822011 3.85499274 8.35005803 8.59315398 37.39122801 31.77648647 179.99962384 88.18742621 -179.99959918 18.20949736 5.1149897 -4.57805052 -42.92232611 5.10303018 13.676499 27.65139577 4.98944444 4.38460272 4.34457805 0.37082347 -13.16979903 -1.97654287 -7.8e-7 9.5e-7 -32.7307859 -13.19619328 -22.76415413 29.41377924 -4.05371659 -1.71524803 -6.63168679 -1.9787294 19.0426591 -0.43635618 0.00003614 6e-8
-0.01573242 1.0765081 -0.00891682 12.36029005 -8.92859308 1.94258216 11.85749604 -2.14021573 0.1745162 8.38375056 -1.71892507 -0.03479806 8.40216139 -1.64238279 0.02415069 0.10979711 2.07881384 -3.18879404 -23.53101134 7.92640497 0.17560537 3.04579494 -9.6677982 -6.48290353 -9.56655785 -5.49954295 -49.46287959 179.99938914 -88.89594775 179.99938974 35.99503388 5.71772314 12.55885355 1.80313488 3.71724617 7.75222743 8.06274655 37.80158075 32.56039249 179.99990886 88.19644624 -179.99990654 18.16416856 5.4468344 -4.26087345 -42.67143023 5.1624713 13.91152975 26.77062334 4.91562778 4.46213239 4.94888306 0.29785503 -13.44174182 -1.95396436 6e-8 -0.00000256 -33.04720577 -12.95355874 -22.4361102 30.00488096 -4.29621595 -1.70627271 -6.92718491 -1.9965063 18.7572424 -0.47681099 0.00003477 -3.3e-7
-0.02184477 1.07654121 -0.01259106 12.48788489 -9.23488742 1.99022003 11.68718234 -1.90219574 0.07810703 8.27329582 -1.52027372 -0.08153402 8.28826335 -1.45357794 -0.03176862 0.3039532 2.07873984 -3.2668242 -23.65309712 7.87872804 0.21770366 3.07556475 -9.85310338 -6.70031962 -9.47500483 -5.45350774 -49.02501964 179.99977474 -88.66385825 179.99977908 35.1071049 6.70500676 12.30767787 1.72076021 3.61802502 7.37317225 7.52407626 37.95158229 33.20377688 -179.99949093 88.10459657 179.99948429 18.14084859 5.57594116 -3.97587943 -42.50704635 5.35905998 14.46610305 25.89897256 4.87076561 4.37813303 5.57896619 0.21745168 -13.7024942 -1.92777987 -2.9e-7 -0.00000355 -33.52159947 -12.41141721 -21.79186512 30.72109381 -4.65452752 -1.87058125 -7.22540937 -2.01296698 18.4938662 -0.52065337 9.9e-7 0.00000295
-0.02856426 1.076241 -0.01677336 12.64969352 -9.77110604 2.04302129 11.55124277 -1.58346171 -0.06586619 8.18442757 -1.24751671 -0.14365073 8.19572786 -1.1885739 -0.10630318 0.36543902 2.05450724 -3.20328115 -23.68817116 7.82874253 0.21499863 3.08635546 -9.89352911 -6.65095485 -9.49056803 -5.58149675 -48.9142999 179.99944057 -88.51369616 179.99943281 34.47438889 7.39250946 12.08800266 1.72665838 3.60772227 7.42070454 7.25541083 37.86207696 33.23082031 -179.99940163 87.93249231 179.99940419 18.17316787 5.52331774 -3.59527547 -42.43593845 5.69421706 15.32413902 25.13713113 4.80965713 4.10328769 6.17263245 0.13887612 -13.91250977 -1.91925136 0.00000802 0.00000101 -34.10480229 -11.66788144 -20.92062431 31.53818041 -5.0511093 -2.14381571 -7.53347737 -2.03010183 18.23902451 -0.54616498 -0.00000349 0.00000746
-0.03489875 1.07575539 -0.02027754 12.69484368 -10.20758422 2.07060708 11.51365371 -1.32914564 -0.1649348 8.16113019 -1.02676754 -0.17992691 8.16999215 -0.97112633 -0.1525639 0.2589347 2.03673985 -3.07908495 -23.63260053 7.82740289 0.22381217 3.05193355 -9.70021313 -6.51621152 -9.48797704 -5.9618143 -49.11385344 179.99950371 -88.36285847 179.99949829 33.57106715 8.19666514 12.32811993 1.76499358 3.64384354 7.61068388 7.15289159 37.71644583 32.89044722 179.99968532 87.82336719 -179.99969606 18.24920295 5.59778487 -3.14963615 -42.32733109 6.04902166 16.14835122 24.53384949 4.64727856 3.78933582 6.6568706 0.07166083 -14.06958741 -1.92782649 -6.8e-7 0.00000498 -34.56940742 -11.0965555 -20.21165218 32.35742905 -5.31531653 -2.31879291 -7.89109205 -2.05470596 17.96465502 -0.52779679 -0.0000106 -0.00000129
-0.04008611 1.07534477 -0.02236904 12.54129225 -10.42439857 2.08426197 11.5827143 -1.24489901 -0.12795705 8.20900815 -0.95466272 -0.14882413 8.21710261 -0.89857022 -0.12448618 0.03385362 2.07040214 -3.07227877 -23.53736696 7.91769956 0.32100721 2.97008146 -9.33447769 -6.63887564 -9.34376082 -6.47414262 -49.40054704 -179.99917892 -88.10853896 -179.99916095 32.21433008 9.45926651 13.14887681 1.73166671 3.62541866 7.4291271 6.89625685 37.74187884 32.84230138 179.99994485 87.9353709 -179.99994503 18.19264253 5.78219219 -2.78675553 -42.0476807 6.35068226 16.69968863 24.0672994 4.38579802 3.58422186 6.98749994 0.01867309 -14.21869147 -1.91141107 -0.00000752 -0.00000119 -34.79251211 -10.9049854 -19.90309879 33.07672608 -5.28346124 -2.30506041 -8.28698037 -2.08308814 17.64989152 -0.47064492 -0.0000286 7.3e-7
-0.04403691 1.07505951 -0.02348262 12.2916057 -10.60425373 2.10448588 11.69866758 -1.30857607 0.04834379 8.28748223 -1.0172462 -0.05063606 8.2958661 -0.95990653 -0.02277555 -0.20201418 2.16763767 -3.25731234 -23.49833273 8.10786089 0.52254467 2.87527186 -8.96389268 -7.15528727 -9.08142884 -6.89271755 -49.60038454 179.99978002 -87.84716238 179.99977383 30.65922818 10.69312144 14.26744113 1.60267817 3.52386462 6.76673358 6.48020655 38.06281957 33.20809048 -179.99968316 88.3008909 179.99967831 17.83086409 5.84534482 -2.70391427 -41.66421945 6.59817308 17.06200601 23.72785534 4.11540555 3.49548916 7.16883547 -0.02036162 -14.39904349 -1.82587077 0.00000307 0.00000308 -34.8801594 -10.9328554 -19.83092505 33.64353232 -5.00234204 -2.20584178 -8.63854176 -2.10233074 17.3216347 -0.40706035 0.00001717 -0.0000035
-0.0467688 1.07476349 -0.02433398 12.0882234 -10.8741673 2.12529007 11.79254558 -1.4339373 0.28370536 8.3514219 -1.13796272 0.07586411 8.36046765 -1.07940641 0.11002749 -0.36552979 2.29200779 -3.50031368 -23.59506678 8.38638174 0.76860123 2.80671197 -8.72338163 -7.79868928 -8.88437789 -6.99704938 -49.84281639 -179.99992294 -87.79872747 -179.99992367 29.29282391 10.89325239 15.11542982 1.47294761 3.4277791 6.10407793 6.33367781 38.62476426 33.32000712 179.99951525 88.85479343 -179.9995217 17.23479084 5.46136401 -3.24130717 -41.35635784 6.77786717 17.36750211 23.55387859 3.93681009 3.46593266 7.2310489 -0.04379269 -14.59076426 -1.75036273 -0.00000465 0.00000554 -34.97688545 -10.96308343 -19.77533749 34.05882506 -4.65081816 -2.12643906 -8.87703012 -2.10588782 17.0365316 -0.35765655 -0.00003661 0.00000922
-0.04814832 1.07433159 -0.02507766 11.96122417 -11.18527954 2.15175704 11.84539219 -1.56772031 0.48879653 8.39082712 -1.26259213 0.19022597 8.4008648 -1.20028986 0.23016134 -0.42749975 2.38841689 -3.59072072 -23.80722383 8.70974856 0.99582351 2.77715115 -8.63118466 -8.15526086 -8.85630284 -6.71067783 -50.38849267 -179.99993118 -87.91709365 -179.99992503 27.95946738 9.9296653 15.35692583 1.44360351 3.41420641 5.94306575 6.74400745 39.16061743 32.63640803 179.9984963 89.50420625 -179.99849888 16.52746906 4.61702306 -4.56628077 -41.201194 6.85812355 17.5877093 23.59470961 3.91526171 3.48251504 7.18672805 -0.05124352 -14.75794512 -1.72986392 -0.00000222 -0.00000852 -35.12381615 -10.95407037 -19.73979312 34.3636723 -4.29587912 -2.07822126 -9.00977075 -2.10334282 16.82766158 -0.32308934 0.00002862 -0.00000277
-0.04822156 1.07368423 -0.02554372 11.87326193 -11.48255865 2.20042498 11.86946621 -1.69456648 0.6372795 8.41504719 -1.37333974 0.28354869 8.42675023 -1.30229666 0.3271842 -0.35269247 2.42382052 -3.46120904 -23.98994633 8.97247295 1.18992625 2.77847139 -8.63137125 -8.09746438 -8.79862718 -6.24812958 -51.21454037 -179.99981021 -87.7340101 -179.99981491 25.99689999 9.00957801 15.19480915 1.50051852 3.43916866 6.25547948 7.32441334 39.24918767 31.5484105 179.99476326 89.92404396 -179.99476889 15.22588104 3.91213585 -6.13947562 -41.17413315 6.83030413 17.66310859 23.87631115 4.0704674 3.56337727 7.02874219 -0.03950741 -14.89940146 -1.72378058 -0.00000345 0.00001041 -35.30825559 -10.93288374 -19.79601968 34.61747664 -3.92112499 -2.04594695 -9.08361892 -2.09993781 16.69834648 -0.31190795 7e-8 -7.1e-7
-0.04739415 1.07279457 -0.02568011 11.80367263 -11.75538747 2.2586744 11.84869669 -1.80103031 0.76048408 8.41078112 -1.45978423 0.37345756 8.42442204 -1.37688511 0.41839642 -0.07867938 2.40836523 -3.25122493 -24.01409392 9.07925688 1.35142629 2.7940881 -8.67119952 -7.90660127 -8.45714045 -5.931973 -51.95237345 179.99986623 -86.84924177 179.99986533 23.46525863 8.72401762 14.9910933 1.56819266 3.41222051 6.70226632 7.5150677 38.71652186 30.78916807 179.9993322 89.507126 -179.99932598 12.41542067 4.25495134 -6.99587596 -41.25476036 6.72275702 17.62845666 24.3753044 4.35048171 3.70534919 6.76839167 -0.0091841 -15.0298282 -1.73017501 -0.00000202 3e-7 -35.50472126 -10.88314661 -19.90812191 34.86290791 -3.56539746 -2.03591283 -9.13742362 -2.10218698 16.64643573 -0.33398228 -0.00000723 -0.00000425
-0.04625767 1.07185242 -0.02543704 11.75573193 -12.00569526 2.32823606 11.73549076 -1.88913736 0.84885329 8.34110095 -1.51723817 0.45622266 8.35618846 -1.42532272 0.50097548 0.44425951 2.39598278 -3.1758465 -24.01188256 9.11162498 1.47895242 2.80212288 -8.7095903 -7.93413293 -7.9758414 -5.46297296 -52.33798796 179.99999001 -85.40685817 -179.99999697 21.33991467 7.89209517 14.9256846 1.64547521 3.3754402 7.20171123 7.59279275 38.0319745 30.29208476 179.99959869 88.03901588 -179.99959669 8.48316397 5.64938598 -7.03130146 -41.38992523 6.62919013 17.56943673 24.95446765 4.63956851 3.83239822 6.46049732 0.03326022 -15.1277322 -1.73977855 0.00000251 -0.00000283 -35.68264437 -10.78941228 -20.02789152 35.08897775 -3.27383193 -2.04624625 -9.18797709 -2.10981245 16.65165206 -0.39589735 0.00002747 0.00000335
-0.04532504 1.07123856 -0.0243842 11.69232156 -12.34203741 2.50993658 11.51113257 -1.9787505 0.78293687 8.18778961 -1.54673601 0.4755763 8.2037292 -1.45271392 0.51983861 1.34652026 2.45738627 -3.352632 -24.26111725 9.36316666 1.65840376 2.78401727 -8.66758813 -8.08934305 -7.71995496 -3.62468619 -52.68379718 -179.99997975 -83.42312119 -179.99999301 20.0747924 5.75011219 15.38865652 1.78964489 3.50860098 7.88569638 8.43749111 37.69825725 29.38433734 179.99998497 86.10277632 -179.99998248 5.90719783 6.62601483 -7.83169417 -41.4005449 6.75225843 17.5880951 25.45969617 4.86798681 3.75583631 6.11942903 0.08663914 -15.11798753 -1.75268166 -4.5e-7 0.00000685 -35.81970172 -10.65341807 -20.19535228 35.26501306 -2.94567066 -2.11102252 -9.24141189 -2.12150625 16.67856658 -0.49101892 -0.00000812 -0.00000867
-0.0449475 1.07082542 -0.02156883 11.35811452 -12.96767988 2.925427 11.20922411 -2.01902901 0.45705205 7.96866674 -1.50936971 0.38021975 7.98508228 -1.41617496 0.4217439 3.01976056 2.61412752 -3.69995357 -24.3517036 10.07403588 2.06226482 2.73701794 -8.40138793 -7.72119891 -7.56154398 0.2944619 -53.72885457 -179.99997892 -79.55299133 -179.99998363 19.33931571 2.9285369 16.8051862 1.95862003 3.85087019 8.46419282 9.71517171 36.69657091 28.18094138 179.9998973 83.66655658 -179.99990954 5.04425704 5.62218457 -12.49703101 -40.98478047 7.32736929 17.77141116 26.05440747 4.99439553 3.31599584 5.55802057 0.16926539 -14.96776029 -1.76956117 0.0000013 0.0000072 -35.79108076 -10.44299797 -20.47904197 35.54414296 -2.35017617 -2.41108666 -9.41620459 -2.16054314 16.76925831 -0.60376464 0.00000166 0.00000476
-0.04538429 1.06923523 -0.01597656 10.16786573 -13.83154224 3.50919451 10.8311812 -1.84231417 0.02397151 7.68624916 -1.30973665 0.23021422 7.70193384 -1.21085865 0.26080323 5.92262314 2.77026306 -3.93128565 -22.49178808 11.01770047 2.59526307 2.65977077 -7.78360455 -6.21341172 -7.25716983 4.61547806 -55.89428699 -179.99998378 -71.66585693 179.99999676 18.93978611 -0.03662276 18.9168924 1.97707451 4.11300848 8.39038601 8.77694477 33.02680656 27.92710641 179.99999552 78.72420243 -179.99999429 2.15800557 3.34946056 -22.02012099 -39.83755 8.39276723 17.99808443 27.33883387 4.84123279 2.69659645 4.41919803 0.31988602 -14.80839124 -1.79604875 -0.00000431 5.9e-7 -35.23287746 -10.13322873 -20.96507377 36.47082998 -1.48159462 -3.2121867 -10.06699753 -2.29981637 17.11307144 -0.72111953 -0.00000624 -0.00000613
-0.04613751 1.06436188 -0.00716123 7.56717474 -14.41308414 4.0529912 10.24100392 -1.31900301 -0.0759513 7.26710226 -0.88909814 0.20706018 7.2787928 -0.77478135 0.21596126 9.93505578 2.72275283 -3.72072267 -16.60525654 11.38399203 2.58197612 2.53590848 -6.90730279 -3.74398157 -8.44619839 6.25037543 -58.6168645 179.99998815 -59.84211751 179.99999534 18.92801241 -3.15056444 21.25422238 1.75477411 3.95047129 7.21733362 2.41066511 27.13802877 29.9705163 179.99998758 69.70277061 -179.99999495 -1.39725302 3.23826493 -33.48429328 -37.85348165 9.61987713 17.77151272 29.90866134 4.21204343 2.43982102 2.46119674 0.57009097 -14.84177931 -1.82079953 0.0000065 0.00000618 -33.77096075 -9.87765299 -21.99493912 38.64124191 -0.58349599 -4.52558713 -11.58073998 -2.62417126 17.87485589 -0.86962772 0.00001812 -0.00000572
-0.04494761 1.05496407 0.00442865 3.82110387 -14.23576551 4.49787661 9.2325046 -0.52722778 0.53197678 6.6089118 -0.30514934 0.47571418 6.61246643 -0.17728642 0.46100269 14.05588099 2.30705788 -3.05887377 -7.07996172 10.33257442 1.3903144 2.41394669 -6.22360669 -1.22570191 -14.62252419 4.44999141 -60.9729351 -179.9999984 -48.14142846 179.99999728 19.30607202 -6.40501205 23.54540183 1.36323406 3.42571614 5.39655529 -9.67150599 23.62970378 33.34707552 -179.99999318 59.5079245 179.99999296 -4.57974013 5.94565034 -44.29246003 -35.44921648 10.37336176 16.6863652 33.90671378 3.37092715 2.76208355 -0.26373945 0.9198148 -15.02558051 -1.80042147 -0.00000671 0.00000527 -31.64368611 -10.03266397 -24.02834738 41.91650916 0.35696461 -5.98632299 -13.84926373 -3.13671573 18.96840847 -1.03296104 -0.00003495 0.00000906
-0.04092707 1.04025367 0.01657702 0.07474551 -13.62682717 5.3181818 7.80708665 0.34799228 1.78404982 5.74829138 0.34658083 1.04977761 5.74169929 0.4677932 1.02500631 17.00272241 1.61288481 -2.43725475 1.97593133 7.91412038 -0.57584752 2.45121794 -6.30850508 0.56099952 -27.56639183 2.37324733 -62.53338139 -179.99999417 -41.55171222 -179.99999289 19.97023908 -9.68379329 25.63741946 0.94498228 3.00725683 3.36177532 -25.89076268 27.76818014 36.70072737 179.99999077 54.04424284 179.99999896 -8.74437515 7.84621 -52.88209836 -33.50959909 10.48413173 14.95410935 38.99862932 2.82184651 3.01776207 -3.45316731 1.30999945 -15.08678983 -1.68889591 3.5e-7 7e-8 -30.22005092 -10.25812138 -27.24061739 46.18617176 1.60585783 -7.32200701 -16.53952172 -3.7720147 20.09440144 -1.13067869 0.00000215 0.00000587
-0.03538614 1.02188577 0.02666197 -2.62071667 -13.51236176 6.79187425 6.36119204 1.20731243 3.22472327 4.95055646 1.01979732 1.79342588 4.93494194 1.10852376 1.77937231 18.09946433 1.02945102 -2.44218667 5.42233304 5.40383089 -2.02927193 2.72403611 -7.30137338 1.46341351 -37.88975712 -24.08439348 -65.06346834 179.99999061 -38.17193746 -179.99997434 20.74650001 -12.95678153 27.27303425 0.55849714 3.21324713 0.94449708 -29.35465495 40.33842993 36.35990265 179.99999229 38.36966632 -179.99999501 -7.20741446 9.1844449 -57.75791435 -32.60041544 10.59731745 13.38535245 44.26300568 2.53032168 2.43640505 -6.61008119 1.64245146 -14.78281509 -1.49377023 0.0000066 -0.00000648 -30.42485899 -9.60990317 -30.87043127 50.99439595 3.08346001 -8.65387885 -19.14488165 -4.41826388 21.05800521 -1.07834912 0.00001328 0.00000193
-0.03047272 1.00202194 0.03239192 -3.82025163 -14.22991471 8.70943775 5.46888985 1.97752475 4.40875775 4.54829542 1.63023924 2.51929969 4.52733964 1.67603417 2.52777503 17.60344377 0.93907565 -3.08368257 1.53886736 4.5027625 -1.83287897 2.9188389 -8.01969227 1.62775404 -41.00572282 -26.08471835 -64.964057 -179.99999336 -38.67086933 -179.99997945 21.26065471 -16.27473373 27.7478343 0.37767652 3.63612494 -0.53938706 -32.13029201 39.0606331 39.04945346 179.99999272 37.22560176 179.99997896 -10.20594261 7.01052315 -54.54655596 -32.98652145 11.09539521 12.48362573 49.01723441 2.29878532 1.17646635 -9.28889438 1.87436575 -14.28802011 -1.26570826 0.00000542 -0.00000209 -32.13813171 -7.26712093 -34.22517141 55.97319849 4.40104464 -9.17266851 -21.40655046 -4.77380349 21.48465027 -0.91929674 0.00003441 -0.00000744
-0.02525418 0.98328301 0.03254856 -3.55980165 -15.36875067 10.67561408 5.43764056 2.44907747 5.15442062 4.68202751 1.97459997 3.09200955 4.66137249 1.98959257 3.11724051 16.41889589 1.32262271 -3.70155905 -6.38857099 5.67174429 -0.00373577 2.91836852 -8.01802975 1.62746222 -47.84513813 -24.17763174 -65.39575026 179.99999908 -39.36494385 -179.99999606 21.09060904 -19.4197486 26.48358359 0.37720721 3.63569006 -0.54272519 -36.86333541 39.73043079 40.9803336 -179.99999683 38.91371947 179.99997306 -12.86590882 2.47715072 -50.22557255 -34.7260461 11.6380981 12.02367799 53.02693013 2.44601494 -0.13350966 -11.22385697 2.01263021 -13.74078988 -1.06505149 0.00000719 -0.0000015 -34.84935227 -3.82868586 -36.55841181 60.36146073 5.4033753 -9.14806147 -22.93071101 -4.88288117 21.60460581 -0.67378802 0.00002201 -0.00000545
-0.01828093 0.96726303 0.02618685 -2.21712805 -16.66457795 12.52452116 6.15174069 2.37007112 5.54624681 5.25694309 1.85659298 3.50494872 5.24316806 1.86135462 3.52977658 15.53243482 1.78072039 -3.66109474 -13.23694153 7.51437329 2.00819609 2.91755684 -8.01467568 1.62752922 -54.13570819 -22.99875414 -65.61356639 179.99999966 -39.89137664 -179.99998658 20.47535816 -21.75443191 24.28835953 0.37620647 3.63482777 -0.54927663 -40.0064418 40.31779877 42.30383401 179.99999986 40.40743937 179.99999138 -14.75228098 2.5393159 -52.66135622 -37.4417176 11.88172725 11.67874728 56.13803985 3.37555399 -1.22614111 -12.24548739 2.09000322 -13.52424057 -0.93399007 -0.00000175 -0.0000017 -38.3952306 -0.10953461 -37.6578628 63.82260956 6.17273966 -9.13106834 -23.44268664 -4.88512948 21.62949179 -0.58521385 -0.00000269 0.00000334
-0.00948497 0.95468064 0.01366283 -0.0248325 -18.3845021 14.31592398 7.33739692 1.6637695 5.77488346 6.12841046 1.24791898 3.86051244 6.12620691 1.25193884 3.87029328 15.42188283 1.97800744 -3.03347496 -16.22322412 8.64949809 2.74400435 2.91623692 -8.00964869 1.62713631 -56.79164951 -23.03617669 -65.81186378 179.99999652 -40.30998488 -179.999998 20.17648542 -22.76474299 22.75903362 0.37473871 3.63353019 -0.55927905 -40.68954498 40.14297767 42.62946052 179.99999142 40.90517694 179.99998367 -15.94131348 3.17049843 -54.3829214 -40.73357931 11.95377711 11.57917011 58.33658797 5.15030006 -2.21304133 -12.40849837 2.12624523 -13.71292171 -0.91684786 -0.00000497 -1.5e-7 -42.71614876 3.79594676 -37.48222776 66.28125204 6.92428496 -9.11814882 -22.89582763 -4.73378485 21.47948459 -0.49502083 3e-8 0.00000576
-0.00044189 0.94538765 -0.00302962 3.21890493 -20.61932067 16.10367441 8.84902081 0.46150319 5.98830993 7.24014307 0.27660924 4.24111468 7.24894453 0.27436521 4.23176791 15.85712585 1.96117419 -2.4248323 -15.97517211 9.10525571 2.37344217 2.91455195 -8.00299092 1.62691094 -56.28990769 -23.38350265 -65.88107832 -179.99999759 -40.40209954 -179.99998983 20.40462075 -22.51520292 22.46117752 0.37275277 3.63179763 -0.57234981 -39.62780884 39.71798155 42.23825937 179.99998853 40.76803219 -179.99999521 -15.6316944 4.13406665 -54.56805847 -44.69893101 11.92369076 12.2071573 59.81428375 7.48290093 -3.18416568 -11.92082428 2.1381904 -14.25073052 -0.90008927 -0.00000249 0.00000995 -47.97049369 7.62935069 -35.73013039 67.72664395 7.61429852 -9.11621352 -21.44269762 -4.46702318 21.14483746 -0.36817605 0.00000672 -1e-7
0.00701411 0.93895279 -0.02087432 7.55650969 -22.82951571 17.8018276 10.66486445 -1.00685739 6.22236928 8.5822862 -0.87242006 4.61315247 8.59657521 -0.88748615 4.58963552 16.33469431 1.99486192 -2.22431504 -14.613628 9.62390505 2.07864485 2.91244873 -7.99468051 1.62659409 -54.93334722 -23.31907065 -65.73137711 -179.99999396 -40.07597518 179.9999996 20.48295275 -21.50646596 22.34211067 0.3703209 3.62966136 -0.58879156 -38.0045752 39.80281063 41.61278696 179.99998923 40.69206152 179.99999304 -12.00005646 7.40274558 -53.64214274 -49.45840847 11.46402535 13.63255515 60.75523478 8.96480218 -4.06976933 -11.01093907 3.19608998 -14.72543824 -0.90403625 0.00000402 0.00000317 -54.12382224 10.46238263 -32.6653783 68.19199995 8.03143844 -9.11509066 -19.39745389 -4.11170985 20.66617281 -0.25353536 -0.00001117 0.00001574
0.01241879 0.93474373 -0.03715513 12.35501592 -24.37445746 19.27308942 12.71929797 -2.45886073 6.41079727 10.09870098 -1.98604059 4.87313337 10.11366402 -2.00598746 4.84238162 16.60015682 2.1768819 -2.27092363 -13.44556785 10.46942318 2.40140808 2.90990665 -7.98475702 1.62603912 -54.14763152 -22.90454597 -65.49936903 179.9999929 -39.57514986 -179.99999121 19.95955669 -20.2629032 21.48562513 0.3673969 3.6270991 -0.60846545 -36.44654905 40.37549125 40.99235223 179.99999053 40.85053856 179.99999583 -6.6615288 11.98230164 -53.16113627 -54.52456207 10.42603896 15.37915381 61.26120413 9.03632796 -4.81885071 -9.91468671 5.44129631 -14.84684806 -0.92829289 -0.00000273 -0.00000542 -60.4369463 11.63247464 -29.40550043 67.85146018 8.00619695 -9.12113429 -17.25904055 -3.26957043 20.16618173 -0.26039172 -0.0000024 0.00000294
0.01637347 0.93216797 -0.05082929 16.78719975 -25.13211361 20.58945434 14.80537851 -3.55328206 6.47442063 11.65287645 -2.81669445 4.96237501 11.67056945 -2.81763301 4.925273 16.7007802 2.32846476 -2.19944848 -12.33614591 11.10988373 2.75955812 2.90693403 -7.97324359 1.6254326 -53.65557405 -22.71732076 -65.36066308 179.99999797 -39.23883407 -179.99999582 19.37559924 -19.15621572 20.67126231 0.36397492 3.62413746 -0.63115704 -35.10534749 40.74792872 40.45031829 179.99998013 40.87884003 179.99999581 -1.94066893 15.62023961 -53.22485943 -59.07357774 9.39953493 17.15406974 61.40117873 9.1286355 -5.67722731 -8.81506028 6.78772483 -14.74105637 -0.9564435 -0.00000319 -0.00000532 -66.01714155 11.83071558 -27.4529527 67.07113956 7.96580328 -8.2407652 -15.31919106 -1.77717065 19.26427836 -0.40796249 0.00000278 0.00000211
0.01938499 0.93038795 -0.062006 20.63694713 -25.33362265 21.83607413 16.61499007 -4.01318989 6.37213431 13.04411087 -3.16331115 4.90217266 13.07110839 -3.12094291 4.85138048 16.74926251 2.24987243 -1.82883485 -10.674049 10.97298925 2.37695795 2.90360809 -7.96015982 1.62491421 -52.63857195 -23.18249845 -65.37899254 179.99999709 -39.20226925 -179.99999213 19.46946616 -18.3545521 21.17116203 0.36013233 3.62076743 -0.65707492 -33.98413902 40.36203747 40.01756644 179.9999735 40.42414682 -179.99998871 0.66083429 17.21635641 -52.77479623 -62.96098011 8.88843716 19.16473464 61.33383079 9.25792098 -6.98366742 -7.91810424 6.76474447 -14.13484702 -1.06937293 -0.00000159 -0.00000325 -70.75353102 11.63647562 -26.64855339 66.17854629 7.89741314 -6.84230833 -13.64412339 0.05472186 18.13686848 -0.50347128 0.00003829 -0.0000075
0.02086139 0.9293779 -0.0715903 24.23012931 -25.0461624 23.03451576 17.90531737 -3.7892262 6.1475908 14.09097128 -2.99488709 4.76876729 14.12990981 -2.89916252 4.69647817 16.76166133 1.9674037 -1.20759371 -8.41908663 10.23919635 1.2364758 2.899843 -7.94547244 1.62418858 -51.06996203 -24.18932551 -65.48443399 -179.99998226 -39.33412478 -179.99998897 20.26841097 -17.66018126 22.89971641 0.35578394 3.61700324 -0.68605811 -33.07984415 39.35992186 39.71687687 179.99998808 39.60438428 179.99999764 1.15441229 17.28742215 -51.58437134 -66.50474895 8.66322954 21.15285863 60.95571063 9.37102293 -8.42559661 -7.06374823 5.99630954 -13.29617008 -1.31639037 0.00000621 0.00000264 -74.9374561 11.28256839 -26.29534825 65.26533071 7.65047745 -5.37853775 -12.19694034 1.71300458 16.99671054 -0.58386447 -0.00000498 -0.0000019
0.02050775 0.92914429 -0.08035838 27.80556572 -24.20322563 24.0756132 18.66528003 -3.07154444 5.88156483 14.75273868 -2.45830108 4.6324966 14.79862975 -2.31438144 4.53886591 16.66194 1.69122035 -0.47593931 -6.13421912 9.71946288 -0.0655717 2.89572648 -7.92926775 1.62349748 -49.69914918 -25.23993348 -65.55596058 179.99999135 -39.37309408 -179.99999449 21.16531135 -16.66934624 24.47240267 0.35100533 3.61286129 -0.71812458 -32.36599959 38.38070703 39.52220562 179.99999412 38.89601965 -179.99999837 0.58506363 17.03728398 -50.54432195 -70.16978646 8.28175387 21.9491399 60.09294586 9.41262356 -8.48928761 -5.91414549 6.10291959 -13.13310751 -1.42939946 0.00000165 -0.00000643 -78.76199656 10.8913727 -26.11728168 64.34753224 7.40804425 -3.84168694 -10.969701 2.75452539 15.83953702 -0.63622261 0.00000465 -0.00000116
0.01882983 0.9294857 -0.0884323 31.19108058 -22.82458716 24.91574816 19.09196705 -2.13070575 5.62680238 15.14841408 -1.75919743 4.51895321 15.19302535 -1.57716862 4.41140743 16.41448458 1.60508526 0.23923349 -4.33295536 10.11662108 -1.03939785 2.8911814 -7.91155676 1.62265153 -49.12292804 -25.84708617 -65.51256762 179.99997671 -39.10690562 179.99998518 21.62036823 -15.15768021 24.66180154 0.34578173 3.60831101 -0.75323625 -31.72869456 37.98282818 39.34138623 -179.99999936 38.69767376 -179.99999747 -0.08610272 17.39178664 -50.52157567 -73.52128228 7.25828214 21.9338206 58.87624691 9.43132689 -8.4941841 -4.56725631 6.82054521 -13.20662414 -1.45023544 0.00000965 -0.00000461 -82.18305359 10.60702208 -26.14929508 63.50199137 7.27489263 -2.35804193 -9.99861677 3.1014873 14.77133887 -0.65503164 -0.00000544 0.00000105
0.01654153 0.92973198 -0.09535583 34.02455994 -21.13083353 25.57976764 19.39931004 -1.15855093 5.42003453 15.43844654 -1.05098682 4.43462281 15.47575852 -0.83899575 4.32134695 16.13665414 1.73228632 0.83020034 -3.05773474 11.4639918 -1.62248754 2.88628973 -7.89231993 1.62182138 -49.22521101 -25.87576095 -65.34143767 -179.99997636 -38.50715739 -179.99998952 21.62227072 -13.21364067 23.44574562 0.34007235 3.6034063 -0.79121132 -31.03790841 38.30752758 39.09401587 179.99999442 39.06778981 179.99999425 -0.57099535 18.49145694 -51.58129986 -76.31600962 6.08022588 21.31021768 57.52210864 9.43775695 -8.49831914 -3.21732405 7.750998 -13.39122737 -1.44635107 6e-7 0.00000439 -85.07546972 10.5736919 -26.46515743 62.92059293 7.14234247 -1.10509171 -9.3481889 3.09225387 13.93002045 -0.66898018 0.00000353 -0.00000365
0.01406498 0.92944168 -0.10088092 36.15035865 -19.36313997 26.13961537 19.66860904 -0.23035046 5.3181614 15.69816267 -0.40648092 4.40898009 15.72555285 -0.17433696 4.29644377 16.01808885 1.95472907 1.17646352 -2.01216005 13.12950101 -2.02384042 2.88099116 -7.87162934 1.62070184 -49.35085256 -25.52124266 -65.07612846 -179.99999005 -37.72297481 -179.99999187 21.51394365 -11.19879897 21.87045817 0.33394383 3.59811287 -0.83219807 -30.26070949 39.09187753 38.77394877 179.99998998 39.74665366 -179.99999822 -1.15060722 19.7502413 -53.04790844 -78.51092769 5.25225234 20.43449205 56.23546153 9.44629204 -8.50137884 -2.04304374 8.41040198 -13.54655744 -1.46099186 0.00000128 0.00000206 -87.42571622 10.82587959 -27.02246795 62.71936653 6.97685739 -0.17598206 -9.01531314 2.98705582 13.34336212 -0.69798346 -0.00003551 -0.00000795
0.01154399 0.92850464 -0.1051329 37.71760225 -17.65702483 26.62851266 19.87291307 0.63977929 5.39128839 15.91256975 0.15511543 4.49088761 15.92995858 0.38904155 4.38632272 16.14036749 2.1276174 1.15893079 -0.93014106 14.34063334 -2.49553122 2.87533972 -7.84945416 1.61973581 -48.85703785 -25.02489853 -64.75753541 179.99997017 -36.92814473 179.99999674 21.64528681 -9.53587725 21.04931911 0.32731305 3.5924739 -0.87597003 -29.52285733 39.93325943 38.4522323 179.99998797 40.40023244 -179.99997672 -2.27538423 20.42882863 -54.03483348 -80.27585063 4.85416906 19.55684191 55.13424988 9.46871869 -8.50233357 -1.09713786 8.67118849 -13.62638772 -1.48039929 0.00000525 7.4e-7 -89.36609549 11.28178888 -27.69633974 62.84922373 6.83263729 0.48819516 -8.92514458 2.84464063 12.94244768 -0.74881672 -8.8e-7 -0.00000327
0.00859646 0.92699547 -0.10835386 38.89091956 -16.02150572 26.98723371 19.99286973 1.4201789 5.67773894 16.06416158 0.62132832 4.70715709 16.07388877 0.82826825 4.61930693 16.4389232 2.19560063 0.71590465 0.17385907 14.80447012 -3.16467393 2.86933657 -7.82581119 1.61876011 -47.59329711 -24.45539612 -64.40788774 179.99999743 -36.18266592 -179.99999519 22.21231187 -8.42012576 21.26932579 0.32029723 3.5864687 -0.92272741 -29.0646339 40.64840464 38.23929901 179.99998553 40.91758224 -179.99999212 -4.16502924 20.25276389 -54.07648512 -81.75140915 4.68609432 18.75593332 54.22524975 9.49681739 -8.5019816 -0.33295424 8.62065091 -13.67192348 -1.51895788 0.00000816 7.4e-7 -90.97820109 11.84479025 -28.39589598 63.2584062 6.75686364 1.00080048 -9.0563315 2.58129043 12.64456191 -0.81033895 -0.00001515 0.00000688
0.00472656 0.92501457 -0.11082315 39.62787532 -14.40437569 27.1115566 20.06867835 2.02772088 6.15979592 16.18402503 0.95356815 5.03789084 16.19089402 1.09976937 4.97359643 16.80971622 2.21815266 -0.11809654 1.03228994 14.83561301 -3.91007165 2.86289145 -7.80075535 1.61742184 -45.96717019 -23.74584822 -64.05430863 179.99999841 -35.47597009 -179.99999503 23.01996323 -7.89748878 22.38124556 0.31285309 3.58010975 -0.97229274 -29.006899 41.34955486 38.18895371 -179.99999093 41.45765058 179.99999766 -6.50894265 19.6188254 -53.44594618 -82.90005361 4.57640945 17.97752762 53.4608596 9.52420852 -8.5013214 0.32286336 8.32030301 -13.71589476 -1.58151105 -0.00000944 -0.00000722 -92.14781335 12.51578573 -29.02619655 63.99132763 6.73707194 1.3082647 -9.47363568 1.98782418 12.49820538 -0.87167511 -0.00001598 0.00000442
-0.00006892 0.92441429 -0.1110004 39.51237526 -12.88690705 26.02951283 19.99663502 2.0511955 6.36423972 16.19512603 0.90059457 5.11281628 16.2079355 0.96433464 5.07046094 17.07466921 2.20320732 -1.46945205 1.68224325 14.17430888 -4.33897577 2.8317662 -7.67853263 1.61195104 -44.3987145 -23.09442728 -63.71937329 179.99999581 -34.94194245 179.99999903 23.48514848 -8.06361722 24.50991575 0.27628974 3.54938882 -1.21394213 -29.92125864 42.08142426 38.67416604 179.99997886 41.80006146 -179.99997769 -8.72158732 18.37353949 -52.00780366 -83.46163976 4.06431247 17.19461498 52.85738653 9.53056315 -8.10757321 0.87260814 7.63017483 -13.7676943 -1.65269726 9.6e-7 0.00000359 -91.65241933 12.82105149 -29.4402221 64.71356887 6.72909121 1.42792451 -10.45647517 0.72618517 12.80618033 -0.9095593 -0.00000268 -0.00000429
-0.0045369 0.92619759 -0.10811139 38.59703416 -11.64568807 23.648867 19.73578916 1.37520161 6.04735667 16.05581933 0.39635863 4.75654996 16.08129566 0.37904945 4.72625069 17.11710326 2.15897683 -3.15875817 2.15562253 12.79443956 -4.18609198 2.77063936 -7.43848008 1.6009017 -43.27722824 -22.7451401 -63.44582529 179.99999822 -34.72338663 179.99999612 23.33419999 -8.78318133 27.21388072 0.20376881 3.49009149 -1.68843639 -31.75710277 42.67833088 39.71981611 179.99997214 41.76805038 -179.99998847 -10.17141219 16.68615929 -50.05640519 -83.39282214 3.06465409 16.46645561 52.46924319 9.49862419 -7.22577731 1.23782207 6.67595184 -13.80901552 -1.71065355 -0.00000544 -0.00000764 -89.25758621 12.45360803 -29.51481504 65.03445563 6.65037296 1.42795853 -11.84474585 -1.06514189 13.55541301 -0.94365584 -0.00002453 0.00000398
-0.00755273 0.92864555 -0.1041125 37.53713919 -10.68779476 21.2512891 19.44892332 0.47063332 5.61615231 15.87871061 -0.25835165 4.30306265 15.91555621 -0.34711698 4.27641841 17.00028442 2.15888067 -4.75442161 2.37500145 11.48450413 -3.65765968 2.7102129 -7.20070705 1.59005127 -42.69845196 -22.43800726 -63.23728587 179.99997876 -34.60112226 179.99999469 22.77875238 -9.6456961 29.62757976 0.1310457 3.43278786 -2.15848641 -33.63001191 43.22091156 40.78349897 -179.99998222 41.65678227 179.99998641 -10.75135666 15.36945831 -48.42271615 -83.06512668 2.07896063 15.86011805 52.27200929 9.43520305 -6.34521466 1.40113928 5.80067128 -13.81279077 -1.7775904 -0.00000319 -0.00000206 -86.53290276 11.84475833 -29.37036792 65.07569894 5.99785792 1.31668713 -13.06867933 -2.30493978 14.47395749 -0.94736814 -0.00001039 -0.00000633
-0.00898509 0.93197266 -0.09923578 36.46331143 -10.06782324 18.86126511 19.12546054 -0.55117038 5.04593345 15.65231127 -0.98619644 3.75163059 15.6959487 -1.13034512 3.72253949 16.7099529 2.16248816 -6.24034613 2.59365504 10.09434693 -3.02846175 2.65049588 -6.96550629 1.57933592 -42.41104696 -22.25020583 -63.07286186 179.99997727 -34.52721823 179.9999784 22.10229301 -10.43559307 31.74248026 0.05817362 3.37747937 -2.6234123 -35.60930611 43.62125271 41.88408653 179.99996562 41.40528298 -179.99996764 -10.94997474 14.13749056 -46.80429398 -82.56771277 1.09411396 15.47479394 52.22494191 9.36059991 -5.46141838 1.37791202 5.00456031 -13.79336537 -1.73842344 0.00000255 -0.00000114 -83.69900857 10.83329552 -29.17921674 64.69621831 4.76679877 1.35019597 -13.99988228 -2.59893836 15.39836478 -0.89885022 0.00003237 -0.00000204
-0.00909502 0.93629944 -0.0938262 35.45754778 -9.76394324 16.49000871 18.770329 -1.59684756 4.35569483 15.38286816 -1.7215913 3.12704282 15.42776122 -1.90490535 3.09240879 16.2900079 2.14701664 -7.62788908 2.85650266 8.58299632 -2.50706478 2.59163038 -6.73313324 1.56893191 -42.24162094 -22.185672 -62.93773032 -179.99998783 -34.4692094 -179.99997998 21.58281819 -11.21204658 33.9465884 -0.01463999 3.32423771 -3.08272741 -37.74398062 43.84382555 43.03527822 179.99999345 41.054791 -179.99999791 -11.25814899 12.72810755 -45.07179464 -81.95506729 0.086105 15.32749636 52.22929587 9.29099265 -4.57594752 1.23361711 4.31095556 -13.77361048 -1.61318595 -0.00000265 -0.00000657 -80.9155501 9.37639217 -28.97012314 63.84940272 3.93514527 1.64777283 -14.61281467 -2.78982609 15.96804957 -0.7812285 0.00000604 0.00000535
-0.00879345 0.94082177 -0.08907688 34.63161183 -9.95081081 14.30719212 18.40508374 -2.44939395 3.45060656 15.09318791 -2.27758684 2.41077823 15.13902776 -2.45614098 2.36837416 15.92516902 2.00673781 -8.42220271 3.2095316 6.84864815 -2.24615283 2.5360629 -6.51355311 1.55910865 -42.08923158 -22.8480125 -62.91423133 -179.99999254 -34.79518177 -179.99999095 21.41860732 -12.07058468 36.31143968 -0.08424731 3.27519299 -3.51672026 -39.53336735 43.38299952 44.00675383 -179.99999572 40.38655925 -179.99998972 -11.62349767 11.04989247 -43.35731025 -81.33043743 -0.93987766 15.58348611 52.32604464 9.24082716 -3.68934035 1.02598965 3.84218727 -13.87877989 -1.47885083 0.00000107 -0.0000014 -78.53009832 7.64620565 -28.54098253 62.70298111 3.59372479 2.17349209 -14.88503681 -2.85224628 16.07124524 -0.6677568 0.00003894 0.00000749
-0.00888377 0.94474853 -0.08555834 33.93035039 -10.51508609 12.31147483 18.0475189 -3.08445797 2.36013427 14.80765762 -2.63512667 1.62519654 14.85873766 -2.76732885 1.57343866 15.69383661 1.73728814 -8.56072899 3.67486178 4.93704669 -2.14293763 2.48399918 -6.30737236 1.5499638 -41.91830459 -24.27925507 -63.00458199 179.99997368 -35.57794284 179.99998811 21.5247733 -13.10150874 38.83069502 -0.15023843 3.23027169 -3.92428234 -40.75653383 42.2358708 44.69304348 179.99998663 39.38651662 -179.99998722 -11.83969243 9.19995991 -41.81073888 -80.74959556 -1.98301107 16.18769389 52.52073933 9.17382791 -2.79925443 0.8092639 3.54214574 -14.14051749 -1.33939101 5.5e-7 -3.1e-7 -76.56169609 5.87629391 -27.81354538 61.53239087 3.51764121 2.7686356 -14.94924771 -2.83218735 15.8720726 -0.57432482 0.00002706 0.00001546
-0.00897804 0.9486866 -0.08203588 33.23203444 -11.08651579 10.30409255 17.68864648 -3.71972039 1.26618202 14.52089945 -2.99266887 0.83869677 14.57701516 -3.07863786 0.77766379 15.46247309 1.46782053 -8.69924722 4.12578958 3.02027125 -2.0382457 2.43197445 -6.10116447 1.54093066 -41.73568326 -25.68247682 -63.09511912 179.99999488 -36.35751451 179.99998854 21.77071206 -14.29027685 41.46701544 -0.21690361 3.18645542 -4.33179016 -41.95733755 41.05697119 45.33885741 179.99998729 38.40242986 -179.99998688 -11.99423845 7.36557698 -40.23894017 -80.15235189 -3.05634902 16.83869863 52.69630708 9.07785696 -1.9102091 0.58580497 3.27395659 -14.43025183 -1.23837428 0.00000492 -0.00000355 -74.62308583 4.05074996 -27.00400252 60.29681575 3.4168718 3.36483761 -14.9363232 -2.79458899 15.63353185 -0.44867201 0.00000815 -0.00000722
-0.00900521 0.95255593 -0.07856419 32.53655898 -11.66503051 8.28482286 17.32848285 -4.35487203 0.16904687 14.23297665 -3.35017408 0.05144623 14.29383088 -3.39002556 -0.01876808 15.23115334 1.19833143 -8.83774561 4.56260519 1.09857059 -1.93285977 2.38002818 -5.89494637 1.53182005 -41.56290097 -27.04454976 -63.18378761 179.99999329 -37.09143124 -179.99999693 22.24209639 -14.95940833 43.51715154 -0.28414629 3.14374032 -4.73931067 -43.13159597 39.84802062 45.94397647 179.99999089 37.44350736 179.99999955 -12.1822673 5.46059236 -38.77536818 -79.55005098 -4.16198333 17.53386582 52.86852392 8.98698882 -1.02119178 0.35586231 3.00948692 -14.74715087 -1.20961505 -0.00000136 -0.00000692 -72.71435553 2.17652343 -26.11894415 59.00832196 3.26632957 3.96008944 -14.83771889 -2.73601413 15.3692071 -0.41319324 -0.00002686 -0.00000337
-0.01048358 0.95937995 -0.07219308 31.37754667 -10.79428554 7.28283567 16.85234813 -3.15224739 -0.03991402 13.67356925 -2.49255904 -0.15761334 13.70908909 -2.5484298 -0.19116455 13.59885587 1.5615166 -9.63698046 5.93074813 1.23738383 -1.53621124 2.31740889 -5.64597163 1.52104216 -41.44745313 -26.86289183 -62.59779815 179.99998435 -36.44906683 -179.99999191 22.8085574 -14.36521573 44.26294947 -0.36616791 3.0936659 -5.23131895 -44.23736897 39.84586823 46.5205108 179.99999083 37.14536555 179.99999743 -12.27474191 3.97316225 -39.51173254 -78.00650242 -3.74330401 17.09842083 51.80032102 8.34795352 -0.65977951 0.347729 2.70890811 -14.42585473 -1.24024344 -0.00000182 0.00000691 -70.28424627 1.02058886 -26.52004176 58.05013041 2.47797909 3.96028014 -15.10659073 -2.77751364 15.67500509 -0.43621255 -0.00002725 -0.00000112
-0.01295914 0.9664849 -0.06431697 30.08860099 -9.61271781 5.76548561 16.04072447 -1.73912301 -0.37185515 12.86162185 -1.46136509 -0.42699661 12.87935371 -1.49595176 -0.43743002 12.19466426 1.47955953 -8.89518427 6.9241506 0.76503775 -1.8278652 2.25179382 -5.38459437 1.50971932 -42.24231407 -28.1076875 -62.4790749 179.99998979 -36.62257506 179.99997802 23.13096889 -13.42834122 44.55312605 -0.45319369 3.04287084 -5.74777369 -44.97032603 38.09023962 46.94326025 -179.99999692 36.15151684 179.9999943 -12.57896643 2.93919416 -39.53677411 -76.45919467 -3.49994076 16.79203878 50.75246871 7.12301971 -0.23300591 0.2825649 2.41847666 -14.03868458 -1.27112459 0.00001013 -0.00000169 -67.22909988 -0.25412344 -26.38857313 57.02565615 0.98885826 3.78784109 -15.57884863 -2.93090155 16.3789477 -0.4573539 -0.00004518 -0.00000346
-0.01690226 0.97474419 -0.05536927 28.38011231 -8.74435155 3.01964811 14.73767398 -1.2902847 -1.0532629 11.75578003 -1.09744759 -0.90064356 11.77451125 -1.0690649 -0.91173638 11.49023756 0.8639458 -7.23771202 7.04150537 -1.08921443 -2.25397583 2.1838087 -5.11330809 1.49805736 -43.59922573 -30.69700916 -62.99490812 -179.99997409 -38.07896206 -179.99997784 23.13415078 -13.82416882 45.8443923 -0.54447205 2.9920492 -6.28382722 -45.67606441 34.7317425 47.35428054 -179.9999948 34.45440195 179.99999751 -12.82171293 1.38890701 -38.40212408 -74.66168634 -3.9568832 17.24607335 49.95962 5.49609937 0.72190181 0.12040925 2.14888066 -13.9430526 -1.29934834 0.00000209 -0.00000143 -62.91040594 -2.17995167 -24.93449268 55.31970827 -0.91238964 3.88435096 -16.01647384 -3.07868157 17.03918379 -0.54886585 0.0000203 2.9e-7
-0.02275421 0.98511743 -0.04551312 25.91070287 -8.97188822 -0.90065791 13.10588441 -2.60380099 -2.03037878 10.52315055 -1.99391595 -1.50879214 10.57700589 -1.88855481 -1.5371511 11.05563956 0.25799355 -6.61617054 6.36330413 -3.881524 -2.07016663 2.11348572 -4.83209794 1.48632475 -44.93761735 -32.91994753 -63.69060599 -179.99999948 -39.84057775 -179.99998616 23.26012374 -15.90619289 48.43067043 -0.64013482 2.94148462 -6.8393891 -47.77071736 31.87271374 48.28367968 -179.99999973 32.88874793 -179.99999152 -12.88510206 -1.45478316 -36.20877402 -72.01182466 -5.11543567 18.98107151 49.49036813 4.07332204 2.54844585 -0.26043944 1.9296519 -14.59136 -1.34261349 -0.0000026 -2.4e-7 -57.09405278 -4.85099 -21.74754749 52.39466975 -2.32605755 4.44825811 -16.08148493 -3.0586413 17.00361039 -0.69336098 -0.000021 0.00000172
-0.03006676 0.99748343 -0.03450397 22.5877172 -10.6524267 -5.5203465 11.36097749 -5.52361107 -3.30757503 9.32732354 -4.04240801 -2.2052945 9.44756303 -3.87625821 -2.26163665 10.09253846 0.04947527 -7.88680558 4.98193163 -6.82968782 -1.35164873 2.04079841 -4.54094589 1.47401066 -46.44759213 -33.63503517 -64.04403273 179.99998858 -40.90990905 179.99999004 24.1328353 -18.72581899 51.81758125 -0.74021472 2.89135475 -7.41453687 -52.12270188 30.85823107 49.96567109 179.99999561 32.18345324 179.99999671 -12.91966616 -5.50077914 -33.42455825 -68.15003636 -6.50659358 22.23656326 49.21861109 3.26110244 5.15987177 -0.97889702 1.79904766 -16.13021084 -1.39888563 0.00000105 0.00000231 -49.95507629 -7.77666442 -17.02378018 48.04384842 -2.65272497 5.42075245 -15.46471404 -2.79211847 16.01138633 -0.80547752 0.00000165 -0.00000266
-0.03760887 1.01009277 -0.02256847 18.62962069 -13.56707055 -10.22870879 9.49276228 -9.02265112 -4.93730045 8.11334377 -6.51665065 -3.04597441 8.29050774 -6.31979445 -3.14284957 8.3338112 0.08288179 -10.1579185 2.95851078 -9.80581256 -0.95368562 1.96573117 -4.23978875 1.46141101 -48.56138456 -33.42516548 -64.13604193 179.99998238 -41.32038721 179.99999028 26.13446849 -21.38881666 55.92511492 -0.84484472 2.84194897 -8.00939999 -58.38597796 30.71185821 52.2955562 179.99999701 32.21175771 179.99999148 -13.28124069 -10.08693546 -29.83592976 -63.17443889 -7.67015388 27.08137074 49.06542371 2.98648941 7.40490017 -2.1035497 1.73894186 -18.05774667 -1.45832404 -0.00000132 -2.5e-7 -42.15661505 -10.34898572 -11.64384603 42.66709289 -1.73788279 6.54468726 -14.06675508 -2.34644587 14.31828188 -0.7183001 -0.00000284 0.00000585
-0.04417277 1.02168793 -0.01118895 14.33781456 -17.33729976 -14.53998665 7.4156223 -12.04394288 -6.74803357 6.73813277 -8.68401436 -4.03919155 6.91006657 -8.48301823 -4.19163719 6.23056929 0.09261879 -12.48120895 0.6246334 -13.10880592 -1.17134234 1.88835869 -3.92862292 1.44856329 -51.11134393 -33.28149194 -64.28112609 -179.99997723 -41.59039261 -179.99995569 28.93459445 -23.55099349 60.4550888 -0.95405512 2.79349442 -8.62395992 -65.43693359 30.37345383 54.82126007 -179.99999677 32.4893163 -179.99999349 -13.65288181 -14.89491653 -25.33460853 -57.33272036 -8.15174622 32.96457752 48.80312094 3.18303169 8.57059215 -3.48594176 1.69802201 -19.97030647 -1.4994724 0.00001108 0.00000824 -34.4809736 -12.36740399 -6.60369413 36.8563781 0.3788451 7.56006603 -11.93229462 -1.84160119 12.33464746 -0.34756706 -0.00000874 -0.00000613
-0.04758611 1.02964898 -0.00434933 10.86851008 -20.93601167 -17.14391554 5.70094615 -13.71708472 -7.88704594 5.5577689 -9.95358252 -4.75534809 5.65206737 -9.77527185 -4.96556494 4.72766753 0.13932247 -14.54375752 -1.47894817 -15.84565349 -1.10609973 1.83441847 -3.71137168 1.43965289 -53.17013132 -32.96116126 -64.3619585 -179.99999693 -41.74056992 179.99999449 31.06717572 -25.27731596 63.82320786 -1.03098227 2.76122702 -9.05301615 -70.79931177 30.48044762 56.82405734 -179.99999399 32.82127322 179.99998504 -13.19039708 -18.75961371 -21.88134579 -52.40363294 -7.30507527 37.30150325 48.26309043 4.09383256 9.22261511 -4.48542472 1.74037637 -21.56913369 -1.48667537 -0.00000183 0.00000193 -29.27487839 -13.23739718 -3.52840488 32.55781897 3.02133153 8.042448 -9.91172366 -1.49713841 10.8860328 -0.2446858 -0.00000721 1.7e-7
-0.04704907 1.0325428 -0.00316936 9.25337496 -23.0877145 -17.39835784 4.97129632 -13.91336992 -7.91794545 5.00802649 -10.19006387 -4.89348027 5.01264007 -10.04614994 -5.13664693 4.31666757 0.28151955 -16.11013272 -2.94195695 -17.23509735 0.17138967 1.81481627 -3.63234645 1.43642703 -54.36015452 -32.16927454 -64.25856467 179.9999961 -41.68526921 179.99998774 31.43736994 -27.01844903 64.93968106 -1.0590797 2.74982082 -9.20904099 -73.05074642 31.48624187 57.99588249 -179.99999368 32.90133126 179.99999375 -11.74119843 -21.2674873 -21.24389621 -50.07369699 -6.02642115 38.67324553 47.96412213 5.26249579 9.23676196 -4.84351059 1.8128952 -22.18828261 -1.45559106 -0.00000549 -0.00000327 -27.94225698 -13.09853059 -3.04698928 31.2936392 5.08004796 7.82611956 -9.07105815 -1.39732381 10.42693224 -0.37982695 -0.00001287 0.00000174
-0.0445004 1.03460243 -0.00322217 8.67309808 -23.84053784 -17.09628078 4.89919202 -13.39845331 -7.53640501 4.87226892 -9.86726671 -4.7794414 4.837953 -9.74196026 -5.01851828 4.53371315 0.35404803 -17.12940344 -4.02555504 -18.1584907 2.26227118 1.79517487 -3.55319815 1.43309032 -55.10618668 -31.60722733 -64.19782184 179.9999709 -41.84840275 179.99998141 30.64277889 -28.86916045 64.52156111 -1.08729958 2.73857377 -9.36536465 -73.2021785 32.23286273 58.32946509 -179.99999824 32.47232025 -179.99999644 -9.66597178 -23.12147942 -21.99355908 -49.0628498 -5.28946723 38.56238086 47.60733991 6.00624118 9.24669067 -4.87870176 1.8115139 -22.31494011 -1.45787777 -0.00000684 0.00000343 -27.58788786 -12.99691597 -3.18764061 30.72963284 5.76029323 7.35916678 -8.57286805 -1.38731727 10.55811722 -0.42994584 0.00004238 -1.5e-7
-0.04089995 1.03587853 -0.00435183 8.76879799 -23.53066256 -16.4264983 5.31122712 -12.40587779 -6.94714896 5.06856732 -9.14383793 -4.45979405 5.04827541 -9.02885017 -4.66351277 5.17992946 0.33965038 -17.54758459 -4.79832942 -18.479803 3.94590706 1.77556428 -3.4739637 1.4299727 -55.19203233 -31.29936784 -64.12639818 -179.99997576 -42.1094391 -179.99997901 29.8320266 -30.28588208 63.78020631 -1.11563011 2.72748028 -9.52183935 -71.90497611 32.61389667 57.98725189 -179.99999415 32.02668673 179.99998187 -7.98216638 -23.73841634 -23.22267316 -49.00238214 -4.97846632 37.52025499 47.27152805 6.26126299 9.25283375 -4.71043067 1.76227427 -22.0567115 -1.48651359 8.5e-7 -0.00000534 -27.86979708 -12.71752441 -3.60117641 30.7587963 5.29114488 6.59233587 -8.42155113 -1.45037277 11.17864197 -0.39127116 0.00001356 -0.00000167
-0.03719098 1.0364312 -0.00637772 9.07774101 -22.71676144 -15.67043144 5.91566067 -11.19748085 -6.32694688 5.41012574 -8.23509024 -4.05211315 5.42197933 -8.12793991 -4.20939932 5.96125982 0.29117217 -17.57335478 -5.23924704 -18.24108265 4.43286044 1.75589862 -3.3946081 1.42670397 -54.54627561 -31.1218633 -63.95809535 -179.99999032 -42.25309859 -179.9999874 29.64677877 -30.78585684 63.45728592 -1.14404126 2.71656269 -9.67848703 -70.17321922 32.67721833 57.37968758 179.99999907 31.95950125 179.99999052 -7.87406893 -24.03518498 -24.51154015 -49.39924125 -4.82343451 36.18345573 47.00457776 6.09725361 9.25449293 -4.46388314 1.69694618 -21.60231648 -1.52455671 0.00000189 0.00000661 -28.40255829 -12.29340053 -4.08357842 31.14763159 4.29610305 5.70611546 -8.47903922 -1.53995837 12.00558045 -0.37351782 -0.00001736 0.00000114
-0.03419893 1.03652519 -0.00866156 9.30725244 -21.80541313 -15.10000879 6.50692345 -10.11795881 -5.82589739 5.75925364 -7.4177538 -3.68908996 5.79676369 -7.31492383 -3.8055419 6.57191199 0.25270315 -17.39863007 -5.35613849 -17.69400152 3.91744699 1.73625464 -3.3152163 1.42353781 -53.58466551 -31.03278188 -63.73073221 -179.99999464 -42.23550395 -179.99997272 30.00918209 -30.48239964 63.62624998 -1.17255375 2.70581131 -9.835259 -68.77785803 32.60817005 56.86944779 -179.99999812 32.17989635 179.99999678 -9.02379537 -24.3723976 -25.63645125 -49.87365933 -4.71381435 35.03915802 46.82501239 5.64552552 9.25439221 -4.23121402 1.63650612 -21.12260581 -1.55775696 -8.8e-7 -6e-8 -28.81584472 -11.9361764 -4.52736637 31.57156136 3.35730963 5.02455727 -8.59884529 -1.61514377 12.70796692 -0.32744636 -0.00003053 -0.00000415
-0.03244076 1.03653191 -0.01054881 9.34607166 -21.09682432 -14.83400563 6.96747499 -9.46475174 -5.56402853 6.04033597 -6.9181695 -3.47067216 6.09685013 -6.81206291 -3.55899082 6.85203097 0.22522472 -17.09324545 -5.26208005 -17.15803502 3.16307735 1.7165876 -3.23578116 1.42027191 -52.91860321 -31.10030726 -63.57549142 179.99999241 -42.19604796 179.99999267 30.39842654 -29.90504752 63.86656192 -1.20114852 2.69522279 -9.9920818 -67.92870545 32.53076054 56.57481708 -179.99999388 32.3272107 179.99998886 -10.43786873 -25.03177389 -26.72865914 -50.1644812 -4.63349449 34.35229268 46.70741429 5.13229506 9.25403955 -4.06125064 1.59237861 -20.76219887 -1.58034206 -0.0000022 0.00000184 -28.93819849 -11.77524513 -4.82423806 31.82814092 2.77834891 4.67393806 -8.68532389 -1.65754869 13.10817685 -0.27739318 0.00000407 0.00000724
-0.03196777 1.03651886 -0.01187169 9.20352854 -20.85051455 -14.83502483 7.21578399 -9.30550954 -5.57570006 6.20284471 -6.7833709 -3.4256357 6.27841256 -6.6656624 -3.50013699 6.87591161 0.20896549 -16.70790777 -5.12836616 -16.73923972 2.76483431 1.6969442 -3.15631521 1.41712863 -52.77611333 -31.2829775 -63.53538418 -179.99998498 -42.23055909 -179.9999668 30.4056079 -29.48382583 63.73699905 -1.22982104 2.6847956 -10.1489921 -67.35812483 32.43894687 56.39414185 -179.99999537 32.20958905 179.99997882 -11.39279871 -25.79265543 -27.91140598 -50.18248765 -4.55506145 34.22636573 46.65844027 4.75835412 9.25424756 -3.99275312 1.57395214 -20.61520043 -1.59010899 -7.4e-7 0.00000968 -28.86263533 -11.73842472 -4.87134232 31.92060093 2.64666332 4.56196721 -8.70225927 -1.66916276 13.20412971 -0.23532014 -0.00002278 0.00000112
-0.0325532 1.03628158 -0.01280756 8.91610747 -21.14183007 -15.0264715 7.23768274 -9.45342897 -5.77676157 6.23505382 -6.87286476 -3.50252804 6.32936176 -6.7393716 -3.5761031 6.86994816 0.21875428 -16.31575254 -5.10205985 -16.27289623 2.7563232 1.67730882 -3.0768221 1.41395994 -52.87087419 -31.39508898 -63.51658004 179.99998337 -42.28748995 -179.9999963 30.05650809 -29.26860597 63.1361017 -1.25854564 2.67454696 -10.30591745 -66.62129939 32.39148099 56.16175805 -179.9999951 31.93858058 179.99998699 -11.73981649 -26.02633773 -29.21373455 -49.98189567 -4.43523802 34.64082719 46.72044868 4.51927167 9.25392094 -4.058101 1.58305751 -20.68085082 -1.58572903 0.00000509 -0.00000681 -28.74405078 -11.71159536 -4.63812009 31.97753185 2.87464146 4.54289834 -8.66717318 -1.66195268 13.08766602 -0.28796072 0.00000705 -1.7e-7
-0.0338707 1.03572311 -0.01332179 8.48675756 -21.77949693 -15.34672079 7.12209644 -9.63727727 -6.01157554 6.18664468 -6.98962948 -3.60859874 6.29433789 -6.84163666 -3.68982193 7.01764302 0.25295136 -15.9641578 -5.25587754 -15.59585247 2.77811447 1.65767888 -2.99734594 1.41080111 -52.8049618 -31.30989486 -63.41245195 -179.99998861 -42.2804693 -179.99999362 29.69149653 -29.07496727 62.33496857 -1.28735378 2.66451183 -10.46278254 -65.51085097 32.4056801 55.79663787 179.99999835 31.76610943 179.99999207 -11.86595814 -25.48399794 -30.56376104 -49.60175811 -4.27398878 35.41356551 46.90113248 4.30164126 9.25206169 -4.26713525 1.61028721 -20.89237094 -1.56984528 7.6e-7 0.00000245 -28.59922997 -11.68265737 -4.23600786 32.11917951 3.26482149 4.56784329 -8.63744877 -1.64903594 12.84812499 -0.36556759 0.00001312 1e-8
-0.0354294 1.03488838 -0.01308175 7.92859273 -22.45344517 -15.71216649 7.00387946 -9.70145886 -6.13933991 6.13510085 -7.02771509 -3.6683 6.24799046 -6.86980118 -3.76004977 7.34056394 0.28873224 -15.66364826 -5.5177458 -14.7542484 2.51817909 1.63805715 -2.91791579 1.40762065 -52.40636267 -31.0813656 -63.20824371 179.99999346 -42.18939192 179.99999816 29.61347646 -28.7422888 61.71937449 -1.3162071 2.65464495 -10.61961719 -64.2006786 32.40114863 55.35392125 179.99999905 31.83120323 179.9999884 -12.2512595 -24.51758835 -31.78854047 -49.04361293 -4.1303342 36.22708099 47.17782056 4.1076729 9.24992709 -4.60037462 1.644677 -21.17431198 -1.55110153 -0.00000152 -0.0000032 -28.37445497 -11.70590967 -3.86541122 32.39067045 3.70581413 4.60152513 -8.68903062 -1.64246978 12.58512907 -0.49817231 -0.00000564 -0.00000118
-0.03670757 1.0337204 -0.01192069 7.30306474 -22.90261906 -16.00026666 6.97139901 -9.65237123 -6.08589638 6.12734635 -7.00158548 -3.65051988 6.23754792 -6.84053274 -3.75046244 7.81867336 0.32503679 -15.41972254 -5.64365814 -13.81808438 1.99359841 1.61846052 -2.83851541 1.40439989 -51.57593597 -30.80699789 -62.91654859 179.99999281 -42.0110305 179.99999981 29.81250192 -28.19360379 61.38019161 -1.34507801 2.64491593 -10.77637723 -62.74503083 32.31420131 54.85313652 -179.99998592 32.11353804 179.99998657 -13.14130945 -23.53241733 -32.90003213 -48.38528418 -4.04870445 36.76800743 47.55502755 4.01678887 9.2484503 -5.01368425 1.68653549 -21.44603571 -1.53816069 -0.00000593 7.9e-7 -28.10623346 -11.84797314 -3.76228306 32.85855045 4.1767975 4.63518197 -8.89660698 -1.65410535 12.36376017 -0.67454048 -0.00002228 -0.00000298
-0.03740816 1.03205323 -0.0099623 6.69921365 -22.94251948 -16.05264732 7.05287455 -9.52360466 -5.83533099 6.16994516 -6.93978418 -3.55255415 6.27081485 -6.78505559 -3.65336265 8.59951555 0.40251891 -15.23061464 -5.38759573 -12.61100526 1.50830519 1.59889431 -2.75919403 1.40130211 -50.04062959 -30.43595879 -62.48476035 179.99998954 -41.69808788 -179.99999 29.97573034 -27.41145842 60.93356074 -1.37403056 2.63541704 -10.93290401 -60.55212737 32.35659521 54.12095849 179.99999633 32.56318166 179.99999496 -14.005858 -21.76747118 -34.13415048 -47.79593221 -3.99389351 36.80557093 48.055053 4.049337 9.23739552 -5.45250806 1.73505914 -21.60857039 -1.63731902 -0.00000336 -9.7e-7 -27.92162643 -12.139481 -4.14957956 33.6302877 4.74425455 4.65318204 -9.34831563 -1.69204248 12.21920116 -0.74910672 0.00000116 -0.00000361
-0.03721841 1.02981934 -0.00737297 6.2786921 -22.42654351 -15.67487381 7.27140954 -9.22427853 -5.40684141 6.27049986 -6.7653037 -3.37712514 6.35734597 -6.62713924 -3.46732222 9.90971682 0.54146759 -15.01823716 -4.75139238 -10.90965099 1.35180343 1.57934703 -2.67996984 1.39805792 -47.63476939 -29.89103017 -61.89406618 179.99997289 -41.2621489 179.99998928 29.78772472 -26.4856488 59.91412333 -1.40296852 2.62607511 -11.08936315 -56.91971468 32.77993007 52.94381917 -179.99999299 33.15849188 179.9999833 -14.9773754 -19.49883261 -36.39663584 -47.5165292 -3.88378113 36.13410901 48.66395101 4.03161332 9.22134739 -5.88494895 1.7992582 -21.54966901 -1.76699925 0.00000293 0.00001042 -28.01573305 -12.44498861 -5.09759707 34.81980097 5.15764956 4.48109464 -10.09887356 -1.77928982 12.31958007 -0.72992157 0.00002549 0.00000125
-0.03555412 1.02736793 -0.00448178 6.27907406 -21.27075227 -14.7689656 7.66015346 -8.58173032 -4.8527769 6.45967439 -6.32795531 -3.13129786 6.53213634 -6.21028912 -3.20032347 11.65946612 0.6719357 -14.59582459 -4.00645871 -8.94935477 1.48006974 1.55984201 -2.60083313 1.39488481 -44.84847588 -29.39739763 -61.31451128 179.99997724 -40.91110221 179.99998549 29.25965352 -25.61583643 58.39805813 -1.43196755 2.61695899 -11.24555981 -52.21982317 33.3361381 51.42310654 179.99999172 33.82441595 -179.99999676 -15.79860302 -16.82197098 -39.34122674 -47.82663733 -3.68415132 34.64637327 49.2816767 3.7982278 9.20588105 -6.23305494 1.8767212 -21.15847811 -1.89916258 0.0000021 -0.00000392 -28.5049029 -12.49756134 -6.42324098 36.2815733 4.93407988 3.89867892 -11.05310814 -1.94285361 12.92746927 -0.60611834 -0.00000192 0.00000267
-0.0322239 1.02544487 -0.00220315 6.88527438 -19.54176777 -13.47198565 8.19865575 -7.58913972 -4.27115509 6.75515578 -5.60314187 -2.84362193 6.81856603 -5.49604466 -2.889711 13.29602961 0.68478266 -13.83297904 -3.50854213 -7.40516118 1.54987459 1.54037807 -2.52180989 1.39184271 -42.72625215 -29.38057722 -60.9883446 179.99999334 -40.91448741 -179.99999803 28.71754505 -25.02383494 57.0235753 -1.46096476 2.60802298 -11.40152377 -47.99467621 33.48386577 50.06776985 -179.99999266 34.38217003 179.99998862 -16.21103026 -14.33598895 -41.75353226 -48.84539858 -3.4743119 32.47457042 49.67507887 3.35553337 9.19298613 -6.32448249 1.93989988 -20.44141397 -2.07635329 -0.00000283 -0.00000607 -29.33644696 -12.2001779 -7.83909674 37.56226043 3.84355979 3.01118844 -11.93017339 -2.15856903 14.05538715 -0.54897687 -0.00000109 -0.00000679
-0.02797306 1.02478913 -0.00203928 8.12194215 -17.55226647 -12.05800798 8.76986905 -6.57099755 -3.80883543 7.12069867 -4.82972693 -2.58125009 7.18488066 -4.70959213 -2.6153201 14.21929367 0.56117647 -12.88908097 -3.56943987 -6.6974773 1.30369027 1.52096974 -2.44292453 1.3887479 -42.05776328 -29.87137055 -60.99086181 179.99999343 -41.28263883 -179.99998104 28.48869579 -24.84543254 56.30256608 -1.48996962 2.59925489 -11.55716603 -45.71005358 32.94660976 49.38725279 -179.99999489 34.7316598 179.99998384 -16.27084023 -12.70160988 -42.75183049 -50.38976689 -3.39789803 29.95947837 49.52329075 2.94500421 9.18768509 -5.95186235 1.94073191 -19.61023833 -2.25157342 7.6e-7 0.00000712 -30.47803022 -11.71145634 -9.10461525 38.30534329 1.92420703 2.13489508 -12.37909924 -2.34547228 15.42071626 -0.75001394 -0.00001182 0.00000686
-0.02366884 1.0259868 -0.00537866 9.94192709 -15.81569348 -10.67792312 9.22986177 -5.98813704 -3.62218409 7.48380288 -4.35985151 -2.4395032 7.56026013 -4.19926248 -2.47954085 14.2805918 0.39563136 -12.15798247 -4.26742992 -6.59763759 0.74252663 1.50159451 -2.3642143 1.3856573 -42.71440764 -30.37687237 -61.17229847 179.99999614 -41.70364578 -179.99999718 28.71170616 -24.95555691 56.24118518 -1.51895888 2.59071048 -11.712598 -45.70256361 32.08590104 49.47916745 179.99998672 35.02560158 179.99999367 -16.31569555 -12.02523153 -42.43826998 -52.19230545 -3.44791877 27.48688996 48.53642408 2.86100717 9.19625297 -4.97455483 1.84761891 -18.90774043 -2.3692424 -8.8e-7 -0.00000928 -32.08134727 -11.19463567 -10.13432176 38.34194559 -0.18696869 1.53216863 -12.176376 -2.43040883 16.56066102 -1.0283134 0.00000668 -0.00000343
-0.01941966 1.02955047 -0.01277141 12.41060055 -14.78169489 -9.26844433 9.54532305 -6.01178952 -3.7638215 7.80183092 -4.32992076 -2.47535166 7.89916819 -4.11355188 -2.53326882 13.79247583 0.28316907 -11.92012877 -4.96804739 -6.66732504 -0.20085073 1.48227406 -2.28568235 1.38247703 -43.58766153 -30.56133135 -61.25925439 179.99999307 -41.80934235 179.99999834 29.47290997 -24.80849374 56.89846148 -1.54794651 2.58235275 -11.86750892 -47.26922806 31.47533548 50.07326385 -179.99999849 35.48520896 179.99999883 -16.76332109 -11.95176856 -41.31343946 -54.1855966 -3.58399174 25.80325443 46.67634501 3.02479031 8.38225556 -3.43548126 1.56699478 -17.98803578 -2.44486976 -0.00000204 0.00000733 -34.66100407 -10.66506373 -10.8879537 38.02816091 -1.94857495 1.20063769 -11.42707967 -2.32497338 16.44255996 -1.23247207 0.00001044 0.00000178
-0.01489658 1.03445342 -0.02388451 15.63205011 -14.48626607 -7.75805536 9.88483179 -6.33894869 -4.11659107 8.13318318 -4.50668431 -2.62648184 8.24982539 -4.24198708 -2.69690648 13.18391733 0.21580206 -12.07546446 -4.3143515 -6.85192023 -1.86822314 1.46304787 -2.20733424 1.37958887 -43.23420036 -30.82030343 -61.08922469 179.99999562 -41.49381965 -179.99997634 30.90405322 -23.64978264 58.81161279 -1.57691786 2.57418261 -12.02213316 -49.37075512 31.22302094 50.81864334 -179.99999706 36.08861627 179.99998378 -17.93878644 -12.10007786 -39.45870798 -56.5903863 -3.73243482 25.01927221 44.16454409 3.31253629 6.70023524 -1.46390305 1.18341578 -16.74210372 -2.36156796 -0.00000334 -0.00001563 -37.91436823 -10.08821381 -11.42186101 36.67040696 -3.21049135 1.09395104 -9.84515955 -2.11753246 16.36793931 -1.28133903 -0.00001384 0.00000831
-0.00952802 1.03838012 -0.03756078 19.46396967 -14.48460451 -6.20437237 10.60823763 -6.41630684 -4.36522397 8.67362571 -4.47624315 -2.71034075 8.79522576 -4.18618133 -2.77478263 12.80833118 0.08654451 -12.16652141 -1.57709805 -7.42640572 -4.35958617 1.44380441 -2.12921667 1.37645073 -41.11712245 -31.97660551 -60.75269705 179.99999852 -41.07158305 179.99998644 32.76427397 -21.23317873 62.08001475 -1.60586831 2.56621297 -12.17637245 -51.02692505 30.88329189 51.37659692 179.99999984 36.56687666 179.99999162 -19.87388843 -12.25010428 -36.81325325 -59.52160045 -4.02933743 24.49381195 41.4266734 3.79466541 4.92595485 0.73938327 0.80768749 -15.48940885 -2.27658417 -3.7e-7 0.00000313 -41.60983398 -9.43378746 -11.92093846 34.58851773 -4.26795503 1.22579324 -7.69604374 -1.87239758 16.83259128 -1.05270179 -0.0000052 7.9e-7
-0.00237691 1.0392675 -0.0515285 23.46940969 -14.09715517 -4.5639429 12.07904023 -5.85445962 -4.16997347 9.67506426 -3.97412478 -2.53238074 9.78132533 -3.67318522 -2.57993846 12.9819776 -0.20743673 -11.63584468 1.97104381 -8.25368443 -6.94971613 1.4246837 -2.05131222 1.37343503 -38.3206068 -34.15807971 -60.45557931 179.99999869 -41.03625471 -179.99998278 34.22997593 -18.4506238 65.35676371 -1.63477956 2.55844221 -12.33004153 -51.40465761 29.87209975 51.42120621 -179.99999316 36.66046222 179.99998827 -22.26782443 -12.07868538 -34.17715724 -62.8351643 -4.58454293 23.34830463 39.03841936 4.55320918 3.56125661 2.84121004 0.49176774 -14.40343593 -2.19790385 -0.00000634 0.00000284 -45.84209732 -8.69634223 -12.9587563 33.19901804 -5.19705547 1.5225862 -5.83954709 -1.66578055 17.2753159 -0.82765444 0.0000091 -0.00000268
0.00653399 1.0370668 -0.06335923 27.13427084 -12.72179166 -2.5186541 14.30057947 -4.61565612 -3.36206037 11.19013944 -3.02675246 -1.98511178 11.26627862 -2.7032639 -2.02861707 13.93718136 -0.62805556 -10.1852014 4.08593168 -8.50429324 -8.60254089 1.40561783 -1.97368015 1.37040708 -36.38034148 -36.28613769 -60.38787772 179.9999937 -41.58240058 -179.99999663 34.63994451 -16.78010919 66.69482176 -1.66366364 2.55086967 -12.48322595 -49.88231884 28.09085416 50.76652313 -179.99999019 36.27943348 179.99999187 -24.12927226 -10.97138444 -33.19667852 -66.09326661 -4.9103403 21.00709449 37.08192426 5.37793629 2.4282809 4.65165906 0.24962989 -13.27801197 -2.09812763 0.00000782 -0.00000265 -50.55716299 -7.83414872 -15.32143554 33.47421817 -5.75335655 1.76317411 -4.91425252 -1.59272488 17.55445225 -0.48876314 0.00001086 -0.00000451
0.01577031 1.03225348 -0.07138039 30.22125853 -10.08145994 0.33952072 16.67480745 -2.87349407 -2.00059144 12.85331265 -1.81866001 -1.07106435 12.89408906 -1.44582161 -1.13734234 15.65208774 -0.94647935 -8.04047018 4.3456421 -7.51739633 -8.79637702 1.38662912 -1.89630617 1.36739634 -35.38975395 -37.4866757 -60.49260783 179.99995437 -42.39785899 179.99996844 33.81912493 -16.58551135 65.13144677 -1.69249928 2.5435017 -12.63589196 -46.18132772 26.25506985 49.47258258 -179.99999999 35.49825641 179.99999617 -24.44951169 -8.41111466 -35.00001531 -68.97081053 -4.27202942 17.58103532 35.37392536 5.8833251 0.78559624 6.1088015 0.09948541 -11.70916643 -1.99470471 0.00000569 -9e-7 -55.53823587 -6.43906204 -19.42649889 35.46156965 -5.77693993 1.66420808 -5.06710436 -1.70557035 18.33668878 -0.39387147 -0.00001337 -0.00000237
0.02371687 1.02453328 -0.07576428 32.86626638 -6.48578855 3.98223482 18.30962329 -0.83038275 -0.30174885 14.05362951 -0.51935543 0.10812475 14.05907687 -0.08644679 0.00568456 17.78361443 -0.85309508 -5.93078427 5.05702702 -5.16844088 -7.48700093 1.36772843 -1.81922728 1.36441496 -33.78252816 -37.77295276 -60.21243739 -179.99998599 -42.64855517 -179.9999817 31.50841587 -16.3322283 60.94654305 -1.72124696 2.53633768 -12.78797658 -40.10520026 25.93018442 47.63128432 179.99999847 34.55527773 -179.99998548 -23.2629179 -4.33561151 -39.86137572 -71.51979427 -2.61297462 13.69980029 33.91328712 6.07478388 -1.70055206 7.21713967 0.05685027 -9.69981956 -1.92384042 2.2e-7 -8.2e-7 -60.74964632 -3.92345932 -24.68822515 38.9552594 -5.53781984 1.15355084 -6.12220688 -1.99716038 19.60554635 -0.46369083 0.00000617 -0.00001131
0.02963337 1.01458377 -0.07888594 35.11235595 -2.66056391 7.74153012 18.77031876 1.22087722 1.43913283 14.46442639 0.71623405 1.36838237 14.43687983 1.18701825 1.24358388 19.68967159 -0.13810792 -4.74788684 8.65791077 -1.30129952 -4.93156737 1.34890586 -1.74245982 1.36145502 -30.28926501 -36.95426898 -58.95865728 -179.99999945 -41.32222595 179.99999956 27.52687434 -13.81847444 54.99017812 -1.74995407 2.52934001 -12.93942469 -32.03844907 29.09398487 45.15229627 179.99996005 34.06097112 -179.99996429 -20.76903338 0.97369155 -47.87205416 -73.75330252 -0.63493837 10.03998837 32.66953903 6.3271343 -4.49918718 8.14742075 0.09240591 -7.72367383 -1.92137778 3.6e-7 5.4e-7 -65.5976978 -0.40423985 -29.80693228 42.96056605 -5.49036472 0.42008602 -7.40887842 -2.36360945 21.08129322 -0.66097733 0.00000441 -0.00000458
0.03317078 1.00392596 -0.08299639 36.78071378 0.51796349 10.74638646 18.46968714 2.86117446 2.94516607 14.34446275 1.68197218 2.49947188 14.29067443 2.15579878 2.37715377 20.59204817 1.16497862 -5.00017099 14.72284257 3.97267466 -1.97299422 1.33016968 -1.66601906 1.35850845 -26.00461045 -34.59453247 -57.04342 -179.99996945 -38.14275247 -179.99999073 22.72705557 -8.43414151 48.55382037 -1.77855305 2.52254913 -13.09025414 -24.62922794 36.12849463 42.20417695 179.99998021 34.41891039 -179.99999391 -17.4197455 6.10825356 -57.97988573 -75.71319323 0.85357147 7.17902818 31.96514637 6.81730105 -6.68945806 8.89475951 0.15136725 -6.36475234 -1.99688715 0.0000015 0.00000164 -69.4223887 3.18141914 -33.63495181 46.54743415 -5.50410152 -0.25270584 -8.48575429 -2.69461181 22.34243655 -0.6647517 -0.00000265 -0.00000288
0.03449887 0.99484582 -0.08812482 37.7715936 2.43118665 12.41449608 18.16802487 3.74740253 4.0206216 14.20659752 2.19476573 3.3328046 14.13853362 2.65759839 3.22410686 20.04941233 2.69968294 -6.32377562 20.35131313 9.41368766 0.1818163 1.31156132 -1.58990942 1.35563451 -23.57145856 -31.12603995 -55.55955644 179.99998679 -34.24852429 179.99999057 18.65399401 -2.28494525 43.13128108 -1.8070894 2.51597813 -13.24036433 -21.28449407 44.08623867 40.11792661 -179.99999049 35.52187963 179.99997874 -14.53365028 9.70214422 -66.63525852 -77.38402368 1.57513699 5.5570404 32.045525 7.26190002 -7.80914243 9.33937929 0.19055155 -5.77308308 -2.12206135 0.00000447 -8.2e-7 -71.91154472 5.73161038 -35.67225518 49.13579229 -5.4254508 -0.6382547 -9.21361252 -2.90715442 23.07339781 -0.51688859 0.00003083 1.2e-7
0.03437261 0.98874214 -0.0926522 38.11842376 3.10776019 12.77820972 18.22107516 3.85450503 4.56224713 14.30013285 2.23341517 3.7646803 14.23063486 2.69665202 3.66343916 18.32552897 3.87216652 -7.54795269 23.01320075 13.20835462 0.85660591 1.29300957 -1.51418696 1.35269906 -25.07960175 -28.4291255 -55.44169909 -179.99998568 -32.71067872 -179.99999605 16.44560621 1.87921565 39.61979524 -1.83555577 2.50957995 -13.38977485 -22.83354731 49.00459751 40.46008321 179.99997623 36.51525629 -179.99996019 -13.29341611 11.60475122 -70.42751906 -78.5858526 1.70914312 5.13725908 32.72293183 7.27288549 -8.07657254 9.44682363 0.20360157 -5.68856053 -2.25057428 -0.00000889 -0.00000305 -73.12413851 6.81392769 -36.21390221 50.66969552 -5.31283944 -0.72139082 -9.65603106 -3.00866974 23.29504823 -0.52689524 -0.00000154 0.00000601
0.03348115 0.98531074 -0.09560577 37.8856533 2.87570784 12.2900016 18.47752684 3.40155971 4.53304685 14.54011242 1.93251189 3.74888699 14.47880523 2.40513643 3.6474723 16.09441654 4.15988108 -7.50668351 22.47337113 14.1253541 0.02217447 1.27455491 -1.43881979 1.3498416 -28.71138618 -27.74681407 -55.77676292 179.99996569 -32.34584125 179.99998924 16.62976729 3.24607079 38.41515361 -1.86393286 2.50341432 -13.53840273 -27.13526941 48.918355 42.63045578 179.99999872 36.61413314 -179.99999923 -13.91092183 12.13721053 -68.85898759 -79.22243908 1.49230441 5.55079196 33.80130409 6.84777612 -7.83408911 9.22752007 0.20328816 -5.88525907 -2.35062263 -9.1e-7 -0.00000352 -73.30720068 6.72825193 -35.76550828 51.41705812 -5.14876516 -0.71218379 -9.95097778 -3.05011723 23.22887213 -0.47664371 0.00000436 0.00001097
0.03208791 0.98335609 -0.09736907 37.15273171 1.94075107 11.27521091 18.71825363 2.61363381 3.9787209 14.7931976 1.45463675 3.31519172 14.74636588 1.921973 3.2149923 13.8100446 3.42222963 -5.89392522 20.46884956 11.85957754 -2.07818098 1.25621613 -1.36387009 1.34695964 -32.4517782 -29.97625143 -56.28665265 -179.99997551 -32.95511194 -179.99999063 18.81713208 2.51242077 39.97731502 -1.89212833 2.49740148 -13.68623554 -31.79243819 44.19986364 44.79799764 -179.99998787 35.2322033 179.99999044 -15.87635123 10.8375562 -63.52279806 -79.43689149 0.98382968 6.50938369 35.32182348 6.18325491 -7.15062312 8.68977402 0.19698414 -6.36096937 -2.41371172 0.00000512 -0.00000235 -72.7933989 5.86946235 -34.64891494 51.74603177 -4.94545905 -0.63216338 -10.15409899 -3.04595132 22.94409295 -0.54965475 -0.00000824 0.00001225
0.03024964 0.98206695 -0.09836445 36.10193929 0.47953439 9.81958939 18.91738135 1.65386221 3.06220239 15.03229929 0.91564975 2.59118996 15.00280999 1.34948744 2.49762894 11.51179039 1.93240948 -3.30556645 18.97107169 7.12511428 -4.75177697 1.23801077 -1.28935467 1.34412292 -35.73413145 -34.67850319 -57.30603222 179.99999794 -34.65177091 -179.99999068 21.61422695 0.64465744 44.10340994 -1.92026711 2.49161677 -13.83324308 -36.57858889 36.75557963 46.52488842 179.99998577 32.99955249 -179.99997548 -18.41185836 7.91746092 -56.03970417 -79.44543611 0.14325813 7.8474177 37.24378625 5.48630197 -6.04239863 7.90653603 0.19052318 -7.11578968 -2.45483172 -0.00000189 0.00000268 -71.8865752 4.38762732 -33.20981587 51.835884 -4.43976113 -0.20847846 -10.32993894 -2.98350094 22.27684678 -0.68600821 -0.00000661 -0.00000462
0.02802766 0.98145432 -0.09829237 34.9484973 -1.20472895 8.05426111 19.1294909 0.7014783 2.04984102 15.26279842 0.39596858 1.77884118 15.24950987 0.77597994 1.69422593 9.15526766 0.17592849 -0.60983969 18.91070768 1.48809045 -6.87642646 1.21990363 -1.21525816 1.34132194 -39.25332597 -40.37746986 -59.24603739 179.9999857 -37.65091313 179.99999813 23.55483252 -1.38141985 49.12543017 -1.94823547 2.48599646 -13.97936928 -42.12562148 28.82437965 48.11179383 179.99998819 31.24869518 -179.99998333 -21.03402107 4.6571896 -47.79248834 -79.30515552 -0.93641373 9.39153407 39.24660324 4.86818521 -4.73257448 7.02225417 0.19403622 -7.99552108 -2.48704793 -5e-7 -0.00000458 -70.7457351 2.4169326 -31.80874291 51.66332409 -3.49063373 0.66744374 -10.51180813 -2.85979203 21.20240796 -0.72989525 -0.00000987 0.00000643
0.02540621 0.98162659 -0.09691879 33.84160877 -2.74187524 6.27345981 19.33150855 -0.06387663 1.24412728 15.44500653 -0.05376116 1.09623978 15.44339641 0.26318598 1.02079286 6.89981806 -1.32610958 1.5084093 20.16807666 -3.20983646 -7.84473627 1.201893 -1.14163664 1.33850244 -42.44143255 -45.12393044 -61.33740357 -179.99999475 -39.87060061 179.9999913 24.13759763 -2.54121404 52.98620438 -1.97613581 2.48059698 -14.12457229 -47.67914338 21.84826721 49.21359446 -179.99999457 30.046476 179.99999977 -24.24880336 1.86314144 -40.58687536 -78.97712033 -2.03322067 10.8696019 40.93911129 4.30443526 -3.46984091 6.1897541 0.21296349 -8.86030818 -2.47764349 -8.4e-7 -0.00000109 -69.47545568 0.30393274 -30.65399059 51.27385131 -2.32176565 1.74925379 -10.70395916 -2.72296576 19.97030938 -0.64355026 0.00000411 -0.00000217
0.02214281 0.98231994 -0.09481739 32.90070446 -3.78663142 4.90187804 19.42981122 -0.56639857 0.87608773 15.51129146 -0.4294307 0.70581575 15.51612324 -0.18314827 0.64176075 5.02256576 -2.11091663 2.54117611 22.02957099 -5.57930423 -8.08446067 1.18402987 -1.068481 1.33574424 -44.44433675 -47.7702763 -62.54763969 179.99997891 -40.54415712 179.99998936 23.98779499 -2.09976695 54.78672148 -2.00384906 2.47535682 -14.26885318 -51.31964385 18.14242162 49.85132493 -179.99999056 29.99999778 179.99999418 -27.35476362 -0.16790518 -36.59125487 -78.44682049 -2.93077891 11.87063928 42.00043705 3.85474683 -2.36463178 5.56797612 0.23030209 -9.70004614 -2.53332268 0.000003 0.00000475 -68.32610864 -1.44048636 -29.92658608 50.94801516 -1.30073279 2.70575026 -10.94821523 -2.62169965 18.88266964 -0.50568126 -0.00001758 0.00000717
0.0183513 0.98258118 -0.09244046 32.20072 -4.17201969 4.30235314 19.3866342 -0.85636257 0.97427949 15.44291464 -0.75208358 0.63524119 15.4501224 -0.58167041 0.58599131 3.6915024 -1.91690347 2.16116015 23.71511103 -5.28459936 -8.2407642 1.16629621 -0.99581492 1.33299252 -44.67192861 -47.91772872 -62.17392824 179.99999663 -39.54451032 179.99999626 23.97151308 -0.05283502 54.78575449 -2.03142377 2.47033846 -14.41213535 -51.87422942 19.14130079 50.22941028 -179.99999775 30.00001387 179.9999863 -28.53724729 -1.55742557 -37.42396954 -77.83122103 -3.48762521 12.10234989 42.50062188 3.68927263 -1.5055631 5.16098348 0.24161501 -10.50141435 -2.61867341 0.00000309 0.0000043 -67.61439076 -2.38106245 -29.7875746 51.07906078 -0.54488283 3.2496966 -11.37552885 -2.60049022 18.17875641 -0.427418 -0.00000132 0.00000331
0.01446301 0.9821003 -0.08979875 31.56155791 -3.93074641 4.58745834 19.31236384 -1.02121537 1.32518534 15.33405912 -1.01779202 0.75359445 15.3410999 -0.91509576 0.71952272 2.91381756 -0.84755049 0.47039133 24.86762341 -3.02377664 -8.28299161 1.14869149 -0.92368238 1.3302651 -43.53362998 -45.92869947 -60.59423134 179.9999797 -37.33254887 179.99998886 24.19607302 2.81716526 53.60528913 -2.0588279 2.46547949 -14.55440738 -50.18612361 23.82881166 50.41563135 179.99998889 30.00004476 179.99999185 -28.37117402 -2.70132741 -42.14993152 -77.0499287 -3.54655376 11.57532859 42.62067953 3.82844531 -1.00294495 4.89618018 0.25164499 -11.13928935 -2.67853914 3.4e-7 -6.4e-7 -67.2915295 -2.42637271 -30.24463442 51.8298102 -0.09451256 3.17770004 -12.04020438 -2.67990173 17.98555598 -0.42220737 -0.00000101 -0.00000213
0.01048256 0.98157951 -0.08687936 30.66144799 -3.3232172 5.50766592 19.38797695 -1.10819678 1.62604299 15.34163788 -1.19117151 0.86671338 15.34738099 -1.13371925 0.84384951 2.63054044 0.65163305 -1.90906607 25.55114998 0.05527913 -7.79592357 1.13122357 -0.85207015 1.32755434 -41.90617281 -42.74402498 -58.75718782 179.99997421 -34.71074007 179.99998199 24.15409064 5.33034586 51.87684689 -2.08609225 2.46082566 -14.69562792 -47.86535582 29.54956313 50.35582154 -179.99998752 30.30810553 179.99999018 -28.47913015 -3.76681184 -48.2029405 -75.84928374 -3.06474975 10.63727233 42.46528342 4.07251315 -0.83149913 4.71701109 0.26361574 -11.53725411 -2.69023885 -1e-7 -0.00000308 -66.90773725 -1.87485887 -30.99371212 52.95147509 0.06741327 2.47685554 -12.86150974 -2.84390492 18.24731784 -0.45322442 0.00000347 0.00000291
0.00590352 0.98198777 -0.08404506 29.51000594 -2.69565974 6.58055129 19.65961096 -1.10861721 1.71406599 15.52360086 -1.24295724 0.86457827 15.52831328 -1.20530738 0.8471808 2.75164754 2.03360343 -4.1528537 25.90028413 2.88150833 -6.70051604 1.11393054 -0.78100019 1.32494397 -40.70421058 -39.6402649 -57.54544838 179.99995978 -33.23891941 179.99996958 23.49097203 6.61146189 50.20811842 -2.11315682 2.45633999 -14.83573338 -45.75846173 34.06241196 50.09002992 179.99998076 31.22421297 -179.99998919 -29.14053473 -3.998254 -53.26779488 -74.23689045 -2.26071795 9.77784913 42.00399935 4.19131734 -0.85249373 4.65881047 0.27005019 -11.74558112 -2.6556153 0.00000527 0.00000536 -66.17535205 -1.18081198 -31.55108475 53.98334538 -0.09356027 1.41304596 -13.66034118 -3.03698502 18.74503779 -0.48176542 0.00003292 0.00001483
0.00065328 0.9836892 -0.08185205 28.58243733 -2.22246184 7.34229908 19.96533971 -0.98988059 1.63032102 15.76217618 -1.17321345 0.77209542 15.76647057 -1.13300548 0.75492245 3.13273653 2.87982801 -5.62808711 25.86969925 4.62725248 -5.28146299 1.09672874 -0.71051913 1.32225755 -40.1000017 -37.54230186 -57.04510441 179.99999124 -32.753112 -179.99998944 22.36150259 6.52855196 49.01607604 -2.14004474 2.4520442 -14.97470634 -43.82787877 36.90950224 49.68067477 179.99999031 31.81010246 179.99999514 -28.78255888 -3.7925143 -56.61970067 -72.70573991 -1.51620731 9.33423344 41.18902351 4.10682975 -0.96322664 4.81384509 0.25892355 -11.83737635 -2.59763184 -0.00000266 -3e-7 -65.31778222 -0.68358316 -31.62664314 54.55575207 -0.58448917 0.44660741 -14.25549474 -3.18816193 19.21359291 -0.48153001 -0.00000929 -0.00000348
-0.00448736 0.98616691 -0.08045155 28.35881209 -1.89235545 7.49458813 20.12585709 -0.77796585 1.47831625 15.90393762 -1.02320567 0.66438487 15.90865361 -0.95886963 0.64275779 3.64224596 2.9601238 -6.0078702 25.22233224 4.70059538 -3.83688191 1.07972162 -0.64060258 1.31967442 -39.87435316 -36.86892512 -56.97705248 179.99999764 -32.91392802 -179.99999552 21.21117373 5.14934028 48.59090553 -2.1667191 2.44792865 -15.11252442 -42.3761449 37.62548489 49.31849254 179.99999859 32.0478155 179.99999153 -27.42160424 -3.84515336 -58.01752799 -71.88019219 -1.16947409 9.38120095 40.18883396 3.89291811 -1.08762676 5.17130542 0.23091021 -11.8672191 -2.54214073 -0.00000155 0.00000234 -64.7452853 -0.54009451 -31.2173151 54.57753806 -1.35804038 -0.03778449 -14.55303905 -3.25449702 19.48648015 -0.41152937 0.00000642 0.00000109
-0.00881473 0.98858772 -0.07947467 28.78782997 -1.72958838 6.94535872 20.1603544 -0.62973486 1.27220021 15.94467057 -0.89621279 0.55309835 15.9506215 -0.7922696 0.52318205 4.29469086 2.22982371 -5.21095488 23.79837516 2.87128862 -2.67557568 1.06281035 -0.57132212 1.31705999 -40.21773809 -37.93798037 -57.46588631 -179.99999637 -33.88569589 -179.99999546 20.43930888 2.28058161 49.25803968 -2.19323175 2.44398412 -15.24914595 -41.42137174 35.87619746 49.0392173 -179.99999727 31.44642576 -179.9999942 -25.82808156 -4.93364036 -57.68751055 -71.90759139 -1.35158471 9.84439682 39.37818625 3.61277447 -1.06911943 5.55284105 0.20147816 -11.93886921 -2.47097997 -0.00000307 7.8e-7 -64.51296229 -0.83762816 -30.44132256 54.19272573 -2.20903721 0.05831965 -14.61510445 -3.23890462 19.49345075 -0.31555059 -2.2e-7 0.00000277
-0.01246551 0.99053985 -0.07862289 29.45141612 -1.91720118 5.88339312 20.23301326 -0.76528749 0.93888686 16.00125407 -0.93457149 0.36441962 16.00915019 -0.79744265 0.32593418 5.2461637 0.90209776 -3.45776227 21.83431567 -0.4345004 -2.19507446 1.04612288 -0.5026489 1.31452369 -41.51841621 -40.73622475 -58.95251211 -179.99999479 -36.88722097 -179.99999297 20.29135593 -1.87118568 51.11650553 -2.21950679 2.44021793 -15.38451583 -41.36021853 32.08202999 49.08309521 179.99997236 30.71331237 -179.99999315 -25.20989605 -6.82366825 -55.51276797 -72.4137817 -1.9588318 10.67291372 39.01600646 3.34270097 -0.79582141 5.77081284 0.18245687 -12.17609443 -2.32891919 -0.0000043 0.00000183 -64.43416147 -1.56742416 -29.40109901 53.60199444 -2.83406691 0.59350206 -14.54314152 -3.1545304 19.1776473 -0.35084438 0.0000087 -0.0000046
-0.01576376 0.99205597 -0.07781147 30.13270306 -2.66087893 4.71717155 20.42144201 -1.28402365 0.43956501 16.12537948 -1.22490208 0.02755257 16.13463913 -1.08945618 -0.01298779 6.61298723 -0.5310336 -1.37583608 19.78386428 -4.04490206 -2.52811063 1.02956569 -0.43461577 1.31199591 -42.75110991 -43.95665243 -60.78910124 -179.99999357 -40.21472167 179.99999749 20.78671898 -6.1337481 53.62493239 -2.24558941 2.43662632 -15.51860539 -41.91459121 27.03149138 49.21246935 -179.99999844 30.25008719 179.99999176 -26.59042611 -8.88508234 -52.09412745 -73.03162549 -2.80224697 11.87005903 39.09783576 3.28049861 -0.3791927 5.75148452 0.17647345 -12.60624615 -2.09978002 -0.00000229 0.00000188 -64.49701836 -2.51834869 -28.14885129 52.89715335 -2.99355632 1.3217604 -14.35983248 -3.0125351 18.54049529 -0.45816935 -0.00000221 -0.0000099
-0.01863149 0.99337395 -0.07681621 30.92636283 -3.92808111 3.79377254 20.63516384 -2.06280828 -0.14329645 16.23608589 -1.7138963 -0.42217775 16.24360276 -1.62548371 -0.45250546 8.35083678 -1.53703149 0.23202255 17.77067241 -6.60656933 -3.24453363 1.01317157 -0.36725533 1.30950085 -43.19880047 -46.21148548 -62.193933 179.99996581 -42.76849373 179.99997093 21.60265403 -9.43935164 55.78575681 -2.2714076 2.43318601 -15.65139067 -41.76330685 23.0620222 49.08085787 179.99996627 29.99999764 -179.99997748 -28.39427895 -10.14906921 -49.29999159 -73.66213988 -3.72326652 13.34662643 39.43126619 3.57693825 -0.03143799 5.5413739 0.18281003 -13.13998468 -1.86989592 0.00000164 -0.00000218 -64.80279543 -3.39139947 -26.75470718 52.05480508 -2.68964559 2.03269956 -14.05145293 -2.84765717 17.72250073 -0.41949014 0.00000693 0.00000752
-0.02100597 0.99470329 -0.07553752 31.93558234 -5.35917214 3.23395233 20.76144151 -2.84029639 -0.65030157 16.24644509 -2.22758459 -0.84371296 16.24834927 -2.21034886 -0.85309216 10.31836893 -1.89623905 0.94690336 15.58166333 -7.50122299 -3.66060173 0.99698674 -0.30058008 1.30703762 -42.72513437 -46.85158649 -62.70672752 179.99998539 -44.27047804 179.99998115 22.29396376 -11.80455239 56.77755475 -2.29701662 2.42993904 -15.78282888 -40.22940067 21.4702454 48.67149996 -179.9999979 29.99999766 179.99998961 -29.19996785 -9.98280104 -48.53704574 -74.32121526 -4.5797206 14.82053306 39.73151357 4.15975284 0.1567272 5.29484157 0.1938002 -13.65485626 -1.82094538 0.00000163 -3.7e-7 -65.35749206 -4.00516622 -25.40698007 51.11965665 -2.23241225 2.65230944 -13.64980934 -2.69603575 16.92959339 -0.39398892 0.00000531 -0.00000757
-0.02290719 0.99578743 -0.07426504 33.02884499 -6.52336698 2.98439787 20.81263954 -3.39469545 -0.95993987 16.18701344 -2.59286975 -1.09824745 16.18282315 -2.63258804 -1.08556103 12.34134589 -1.78092854 1.00027453 13.22345547 -7.12860919 -3.33550478 0.98092099 -0.234605 1.30457968 -41.79119731 -46.28486722 -62.5798701 179.99998238 -45.05769505 179.99998465 22.53566983 -13.7732918 56.44276535 -2.32238089 2.42684453 -15.91287901 -37.38907077 21.75469334 47.99727834 -179.99995538 30.00001414 179.99996667 -28.5317273 -8.40007131 -49.54332144 -74.98433936 -5.26740748 15.95545369 39.86321426 4.76356754 0.24838691 5.12694081 0.20148739 -14.08636652 -1.79853102 9.7e-7 0.00000421 -66.03826826 -4.32789378 -24.35903627 50.30360186 -1.85520639 3.16201997 -13.28731285 -2.58713279 16.30807127 -0.40143463 -3.1e-7 0.00000147
-0.0242536 0.99650009 -0.07339189 33.91056052 -7.16510801 2.97273538 20.90115624 -3.68815362 -1.05229467 16.1680414 -2.77234936 -1.14818383 16.16167195 -2.83085524 -1.12138688 14.19071656 -1.49401858 0.88209335 11.07661191 -6.32287688 -2.28012107 0.9650838 -0.16933841 1.30217997 -40.95342806 -45.39856474 -62.32533949 179.99994797 -45.57995976 179.99996357 22.19149137 -15.61075442 55.22849022 -2.34750314 2.42389597 -16.04148383 -33.9502636 22.6364255 47.15303163 -179.99998227 30.00001411 179.99998939 -27.00448008 -5.95521102 -51.22970135 -75.48288546 -5.70151963 16.50430774 39.79128514 5.27059766 0.34374201 5.093553 0.19771689 -14.40736853 -1.78484869 0.00000237 -0.00000129 -66.63413475 -4.37036138 -23.73689345 49.79901584 -1.71550318 3.43276144 -13.06294169 -2.53635377 15.98931497 -0.40997605 0.00000826 0.00001722
-0.02498743 0.9970005 -0.07293178 34.39436936 -7.31974889 3.14948909 21.09794986 -3.89166829 -0.978741 16.24480209 -2.89733616 -1.05103103 16.24060623 -2.94426378 -1.01655046 15.63703859 -1.20100771 0.75995051 9.45581671 -5.6023609 -0.8826944 0.94941072 -0.1048029 1.29981263 -40.4049817 -44.66923449 -62.14164795 179.99996918 -45.98536428 179.99997086 21.45901765 -17.17736346 53.77139331 -2.37235865 2.42111229 -16.16865033 -30.67383801 23.48591675 46.30626513 179.999973 30.00001403 179.99999246 -25.593715 -3.54005793 -52.95852731 -75.66484385 -5.85568875 16.49235683 39.55727128 5.67276349 0.46134825 5.16365037 0.18322349 -14.61528373 -1.78085508 0.00000175 0.00000147 -66.98981959 -4.15776875 -23.43756558 49.62449476 -1.86753062 3.3102992 -12.98248694 -2.54758801 16.0460138 -0.41655785 -4e-7 -0.00000139
-0.02539337 0.99762421 -0.07254749 34.56014711 -7.21788551 3.46206725 21.34468745 -4.23934373 -0.79183112 16.35288015 -3.1444782 -0.8753187 16.3521262 -3.17515986 -0.82887545 16.62023481 -0.90794352 0.41154679 8.34360274 -4.92938872 0.2926691 0.9339398 -0.04104957 1.29748232 -39.89306419 -43.92218578 -61.85289832 179.99996776 -46.09074161 179.99996769 20.85026577 -18.15686013 52.5831023 -2.39690313 2.4184746 -16.29432792 -28.1360224 24.39708405 45.57870221 -179.99999097 30.00001419 179.99998583 -25.39559987 -1.83379743 -54.46066648 -75.54458708 -5.77533412 16.21552948 39.20614526 5.95596553 0.51770259 5.27317335 0.16574481 -14.71194795 -1.78818694 -4.4e-7 -9.7e-7 -67.10556279 -3.78337051 -23.27543865 49.60170286 -2.17085367 2.85592123 -12.98585719 -2.60206186 16.36305462 -0.43751675 0.00000513 5.2e-7
-0.02616419 0.99885834 -0.07159682 34.53445242 -6.9817606 3.82114658 21.51074475 -4.75792234 -0.48794411 16.3826556 -3.52809683 -0.62399844 16.38393483 -3.55275039 -0.55532217 17.34342716 -0.60830117 -0.28363379 7.74827221 -4.07991852 0.74738403 0.9186262 0.02194311 1.29517003 -38.88050108 -42.95310459 -61.22470784 179.99998809 -45.70924605 179.99999243 20.81199593 -18.26007272 52.0025382 -2.42123829 2.41599838 -16.41842985 -26.28074161 25.54079651 44.93889277 -179.99998828 29.99999768 179.99998724 -27.06910758 -0.85966847 -55.58098345 -75.14822774 -5.5118373 15.91428246 38.68402478 6.06221946 0.44697274 5.40228363 0.15016735 -14.70191677 -1.80732643 5.9e-7 -0.00000287 -66.94194924 -3.36051435 -23.14390524 49.53161614 -2.45686271 2.24091039 -13.07623662 -2.68622017 16.77897927 -0.46249797 -0.00001008 -0.00000769
-0.02815894 1.00101807 -0.06929321 34.03979732 -6.305131 4.21157604 21.49239986 -5.09790493 0.0169829 16.27190642 -3.7953166 -0.22030516 16.2740262 -3.8156047 -0.12899568 18.14988804 -0.3819916 -0.97248309 8.07983032 -3.12484089 0.30350106 0.90356862 0.08413881 1.29288347 -36.88449296 -42.13722211 -60.27580962 179.99996862 -44.97496053 179.99997496 21.32295995 -17.37388397 52.21837295 -2.44525571 2.41364355 -16.54098937 -24.40872024 26.66230313 44.23696602 179.99999835 29.99999766 -179.99999171 -30.46917041 -0.12021714 -56.3469713 -74.17554462 -4.91036512 15.37154309 37.81722122 5.81768526 0.26663897 5.59776103 0.13507903 -14.55018591 -1.82546365 0.00000298 0.00000429 -66.11285126 -2.79992281 -23.12690426 49.52928516 -2.82362815 1.30809744 -13.48046981 -2.86802805 17.44517037 -0.67776516 -0.00000676 7.2e-7
-0.03172478 1.00404648 -0.06541831 32.39963588 -4.59170562 4.90045685 21.18921574 -4.72104551 0.83652499 15.96934002 -3.57615609 0.4234532 15.97265359 -3.57594209 0.51841062 19.25138983 -0.30523231 -1.13476919 9.82440862 -2.31403908 -0.71309168 0.88865466 0.14551341 1.29064389 -33.83303866 -42.08899183 -59.1744575 -179.99998292 -44.21105727 -179.99997807 21.84255265 -15.54630231 52.97144279 -2.46896792 2.41147658 -16.66194999 -21.85295374 27.61109239 43.32065091 -179.99995889 30.00001406 179.99997113 -34.25698111 1.18081009 -56.97305503 -71.96068847 -3.5538125 13.94594472 36.32369127 4.96386077 -0.00326384 5.98036012 0.11142102 -14.15002699 -1.82985242 -0.00000183 -0.00000484 -64.01147037 -1.84510212 -23.61708095 49.97462596 -3.64258923 -0.38535513 -14.46077448 -3.26232945 18.76541374 -0.95782649 -0.00001003 0.0000053
-0.0364376 1.00746964 -0.060384 29.26926398 -1.61420805 6.30524583 20.42967391 -3.3500648 1.98254607 15.3547754 -2.6856027 1.29039132 15.3591139 -2.64383284 1.35887953 20.51945834 -0.23999722 -0.7410599 12.86342679 -1.22806517 -1.5283234 0.87398714 0.20606991 1.28844805 -30.17807727 -42.52268127 -57.89223368 179.99996671 -43.33442385 179.99996218 21.60608223 -12.82607589 53.08516501 -2.49238157 2.40939159 -16.78123822 -18.30576717 29.63255034 41.96104069 179.99999364 29.99998135 179.99999709 -36.60669324 3.81812914 -58.42056837 -68.04792495 -1.32654739 11.16788003 34.01331316 3.44523478 -0.33408449 6.67023414 0.06579758 -13.49745766 -1.83671355 -0.00000346 -0.00000574 -60.33746273 -0.51959374 -25.04699865 50.94787271 -5.20246799 -2.91836149 -15.94819049 -3.91717802 20.88755272 -1.20786091 0.00000307 0.00000932
-0.04102054 1.00988511 -0.05438486 25.11020687 1.9698934 8.35769528 19.07836278 -1.2118365 3.29153704 14.32760687 -1.26317849 2.22228618 14.330998 -1.17565143 2.24159454 21.50974116 0.18051291 -0.43020176 16.15884759 1.44777751 -1.45749856 0.85954731 0.26576756 1.28627027 -26.92366791 -41.89129197 -56.38062417 179.99999081 -41.72589816 179.99999366 20.11351529 -9.26030146 50.86162315 -2.51549696 2.40748507 -16.89884393 -14.49873665 34.16590431 40.03440262 179.99998659 30.15257554 179.99999685 -37.31992727 8.12412856 -62.31847761 -63.0190316 1.03575969 7.45131729 31.55141255 1.5270259 -0.61856136 7.42009808 0.02007785 -12.81869078 -1.84347516 0.0000067 -1.3e-7 -55.49768687 0.58344787 -27.24865102 52.05339848 -7.38458184 -5.75633304 -17.53043855 -4.74017347 23.49446595 -1.31784956 -0.00000391 -5.8e-7
-0.04519558 1.01119415 -0.04879552 20.86162315 5.28191014 10.63014129 17.23519067 1.22365793 4.55736958 12.9742993 0.40166129 3.05088745 12.97597707 0.51403266 3.01831831 21.71888164 1.17303028 -0.90218207 18.14859758 6.39445438 -0.66187194 0.84528702 0.3245924 1.28411568 -25.63302231 -38.88203729 -55.12005459 179.99999842 -39.08898151 -179.999997 17.82094795 -5.09516775 45.75259738 -2.53829147 2.40568497 -17.01473468 -12.97194086 40.84013989 38.50792805 179.99999429 31.62184818 179.99999974 -36.87643034 14.15773432 -67.69759394 -57.90310647 2.83340727 3.711758 29.29081864 -0.37374533 -0.78300423 8.15491545 -0.03313659 -12.33513999 -1.84476828 0.00000502 -1.7e-7 -50.64556852 0.97738833 -29.63778969 53.02255573 -9.13108384 -8.17034852 -18.83520535 -6.01274815 25.51259997 -1.35397589 -0.00001075 -7.9e-7
-0.04841092 1.01156082 -0.04474952 17.39986775 7.72124581 12.62825063 15.18895911 3.63599821 5.68612793 11.52495381 2.11355519 3.7343239 11.52920627 2.21865663 3.66579062 20.92679367 2.40116771 -2.10809462 17.71976303 12.13451622 -0.24801581 0.83122153 0.3825419 1.28201354 -27.32419287 -34.25171824 -54.63612087 -179.99997531 -36.14638382 -179.99999727 16.38200856 -1.25351692 39.64123617 -2.56076949 2.40403349 -17.12886876 -16.40312373 46.23211384 39.47372559 179.99996281 34.04689582 -179.99997894 -36.8440239 19.73503845 -71.19350337 -53.77409385 3.93557574 0.78236078 27.57882862 -1.91452017 -0.92366337 8.75169 -0.0830845 -12.03039503 -1.8989559 0.00000245 -0.00000544 -46.83663516 0.80227109 -31.97504907 53.89622044 -9.11339617 -9.35141743 -19.81141662 -7.91518216 26.40980206 -1.30602984 -0.00000547 0.00001637
-0.05009436 1.011763 -0.04198227 15.15156474 9.42666929 14.01274508 13.17143263 5.85125152 6.64186191 10.14102528 3.74215674 4.29380813 10.15530423 3.81748889 4.21196045 19.39582466 3.12779582 -3.12383864 14.80669804 15.87547822 -1.36686122 0.81742077 0.43958933 1.27997602 -31.08637532 -30.59306985 -54.80128476 -179.99999436 -34.29246656 179.99999536 17.4107397 0.41190281 35.79501586 -2.5829169 2.40249468 -17.2412305 -24.64926535 47.71816531 43.70923663 179.9999944 37.70170139 179.99999173 -38.52447399 22.85374241 -69.54382631 -51.06638778 4.55270211 -1.16976161 26.33382391 -3.08834614 -1.1479186 9.23210845 -0.12279944 -11.74356369 -2.01264686 3.9e-7 0.00000101 -44.44052421 0.37129791 -34.1620267 54.48869644 -8.97419821 -9.36867375 -20.52909932 -8.71517423 26.75686655 -1.1771427 -0.00000585 0.00000749
-0.05044765 1.01195145 -0.039283 13.77868873 10.92056185 14.70997152 11.32934033 7.48349994 7.31467623 8.88038018 4.98807472 4.69246669 8.90827685 5.03138786 4.61333406 17.7442073 2.87404353 -2.97302349 10.41493616 15.86107739 -3.99870473 0.8038606 0.49570212 1.27794892 -34.92967808 -30.13509217 -55.41626524 179.99999682 -34.58853262 179.99999951 20.78530922 -1.21992277 36.33528169 -2.60468724 2.40106402 -17.35173995 -32.53736433 44.65533219 47.40850161 179.99999167 39.63608954 179.99998375 -41.31545521 21.50915583 -64.74031987 -49.51376197 4.82140107 -2.47243121 25.57514999 -4.18586392 -1.36501906 9.54934392 -0.1424619 -11.43857448 -2.08713017 0.00000209 -8.4e-7 -42.99591762 -0.55938998 -35.74298219 54.70533021 -8.89733969 -9.36492343 -20.99729271 -9.17212757 26.98093208 -1.1192199 -0.00000323 -0.00000276
-0.04977013 1.01225281 -0.03583707 12.63571902 12.25099848 14.83649607 9.90173737 7.89478726 7.57171456 7.84762805 5.36019467 4.85133441 7.88436781 5.38554061 4.77998502 16.56047952 1.88095976 -1.6166518 6.22670772 12.69884178 -6.63525534 0.79049688 0.55086686 1.27598452 -37.92161977 -32.70906903 -56.56534862 179.99999262 -36.89589001 179.99999884 24.52041518 -5.00899949 40.31422085 -2.62612305 2.39975029 -17.46047277 -37.64552042 39.02877447 48.82849049 179.99998774 39.00841972 -179.99998124 -43.54408687 16.46335644 -60.09582026 -48.52191732 4.83154418 -3.32698836 25.51924085 -5.2984335 -1.38758364 9.52823768 -0.1289973 -11.18169711 -2.12701927 -0.00000394 0.00000369 -41.72413326 -2.01270711 -36.82031403 54.59557812 -8.83089727 -9.36159811 -21.3436702 -9.46145787 27.17241568 -1.08427179 0.00000477 -0.00000617
-0.04847483 1.01296814 -0.03210699 11.4599724 12.98660568 14.56850864 9.19086838 6.65973736 7.4176446 7.22626125 4.50968559 4.76395515 7.26092339 4.53568602 4.70302415 16.06021243 0.88000938 -0.05866347 3.44280445 8.69119514 -7.39195798 0.77740547 0.60508095 1.27399865 -40.22703581 -35.99999084 -58.05990359 -179.99999337 -39.83299392 -179.99999499 26.31836609 -9.13311789 44.32709392 -2.64718004 2.39855415 -17.56719639 -40.09683594 33.52431291 48.74677285 179.99999379 36.50507487 -179.99999333 -44.26788531 10.74494444 -57.76088311 -47.69850269 4.70332352 -3.64356256 26.16671936 -6.18240652 -1.13652512 9.10713999 -0.08515756 -11.05341594 -2.13628383 -0.0000022 0.00000299 -40.41068589 -3.56199536 -37.34328714 54.32732242 -8.84627567 -9.227661 -21.64163693 -9.30144265 27.03832908 -1.1404189 0.00002598 1.6e-7
-0.04711021 1.01399338 -0.02905967 10.37284241 12.78356399 14.0333872 9.25876389 3.95817571 7.0068022 7.09732592 2.54774167 4.54047295 7.11856346 2.58620738 4.50220151 16.05124877 0.45023962 0.50916103 2.03531774 6.03049441 -5.94066732 0.76452221 0.65830558 1.27209366 -41.68894681 -37.74860046 -59.1244917 -179.99998951 -41.81396341 -179.99998673 25.71656447 -12.34240869 45.97602149 -2.66789724 2.39747396 -17.67202093 -41.16230092 30.11879162 48.43356247 179.999989 34.11421005 -179.99998176 -44.26660346 6.99076597 -57.72692214 -47.01757043 4.55789896 -3.28183976 27.33613893 -6.57757562 -0.69932208 8.36605395 -0.02204147 -11.07918035 -2.12289683 0.00000228 0.00000103 -39.05439165 -4.82790642 -37.27973796 53.70108811 -8.66761838 -8.97026813 -21.73206998 -8.76013002 27.12407864 -0.96054062 0.00003377 0.00001085
-0.04573381 1.01509552 -0.02707367 9.5528147 11.50903618 13.28359273 9.75458841 0.54126553 6.50002336 7.29583645 0.03819141 4.30380605 7.29730724 0.08478762 4.3059465 16.19749174 0.62829517 -0.3380893 1.2933035 5.50070028 -3.96658418 0.75189335 0.71051162 1.27016198 -41.96408652 -37.25730259 -59.1408163 -179.99999925 -42.11622492 -179.99998713 24.47155429 -13.81205119 45.6969063 -2.68822504 2.39648104 -17.77489478 -42.25153844 29.05828447 48.60973364 -179.99999835 33.38188011 179.99999601 -44.59563777 5.86025399 -58.23725788 -46.58259197 4.46513874 -2.17994326 28.90274984 -6.36517103 -0.20886749 7.35963532 0.05663167 -11.24068918 -2.08932202 0.00000105 -0.00000106 -38.00258746 -5.50714556 -36.47266371 52.9378892 -8.55485149 -8.85915729 -21.6513968 -7.69185852 27.20772007 -0.80825893 0.00000627 -0.00000891
-0.04390561 1.01556473 -0.02564994 9.03440072 9.31722601 12.49287467 10.12108036 -2.55735962 5.97036999 7.48722746 -2.22492641 4.1023135 7.46860478 -2.18714768 4.14711911 16.31771262 1.05387808 -1.96325703 0.70545731 6.54231444 -3.30149896 0.73951952 0.76172811 1.26836186 -41.25597208 -35.31955523 -58.36518164 -179.99999829 -41.09640936 -179.9999836 24.39610544 -13.5780827 45.11236402 -2.70817138 2.39558606 -17.87569495 -43.60465017 28.89424026 49.13801127 179.99999981 33.32456869 179.99999626 -45.78800028 6.1992621 -58.09406393 -46.45671828 4.34522255 -0.66855104 30.90140144 -5.43721223 0.37685449 6.05305225 0.15769794 -11.60717234 -2.02415255 -0.00000412 0.00000192 -37.4499999 -5.46794617 -35.16950087 52.40691274 -8.21307473 -8.91772515 -21.54402885 -6.507587 26.97524417 -0.73516361 0.00001336 -0.00000529
-0.0410005 1.01490112 -0.02366371 8.6744666 6.85003028 11.9652812 9.97711969 -4.3574519 5.47839376 7.39582834 -3.50505873 3.93335531 7.36257797 -3.49048159 3.99806928 16.4575411 1.35699449 -3.20984221 0.16689345 8.09917108 -4.24665671 0.72738888 0.81189169 1.26655508 -40.26468445 -33.43676578 -57.5335503 179.99999451 -39.77937452 -179.99999969 25.60569387 -12.46952381 44.97789566 -2.72771814 2.39477907 -17.97449445 -44.92731986 28.87332481 49.73797555 179.99999486 33.71386338 179.99999333 -47.92295328 6.75724338 -57.6535476 -46.46804433 4.06203508 0.48339126 33.13748494 -3.87261408 1.1689269 4.54643176 0.28576089 -12.23064512 -1.95525656 0.0000052 5.4e-7 -37.20583085 -4.98907243 -33.9527495 52.22630274 -6.80987964 -9.13915594 -21.46968408 -6.33123872 26.48826528 -0.83892483 0.00000339 -0.0000065
-0.03682048 1.01387405 -0.02049137 8.23315189 4.92066476 11.92185925 9.34146344 -4.35978214 5.17045442 6.98914152 -3.45775793 3.81348992 6.95215974 -3.46770419 3.86849843 16.73098212 1.38654409 -3.30841225 -0.35480684 9.31265137 -5.83760573 0.71553099 0.86101433 1.26479417 -39.69641297 -32.75968193 -57.13722203 179.99999414 -39.11215401 -179.99998364 27.11204036 -11.48802894 45.067537 -2.74686577 2.39407545 -18.0712305 -45.78753182 29.00822244 50.18304072 179.99998678 34.82238039 -179.99999461 -49.41859356 7.42842413 -57.43506679 -46.21267133 3.76116796 0.76006049 34.99016618 -2.22667392 1.93603151 3.19251462 0.42060899 -12.8365022 -1.96486188 0.00000588 -5.4e-7 -36.89218569 -4.48504809 -33.53041564 52.13123844 -5.5363146 -9.37569788 -21.44195227 -6.26273492 26.27661301 -0.88171446 -0.00000465 -0.00000743
-0.03152766 1.01348915 -0.01647835 7.48070358 3.9560846 12.40851436 8.52342705 -2.87521646 5.15528563 6.45900167 -2.33814854 3.7706689 6.4309786 -2.36647293 3.80266943 17.1474033 1.18909596 -2.33016188 -0.99740877 9.74634617 -7.05346838 0.70392527 0.90904389 1.2630654 -39.85669065 -33.43986994 -57.27516432 179.99999906 -39.42823495 -179.99998941 28.11395308 -11.35010982 45.14062356 -2.76559397 2.39345509 -18.16583318 -45.64317502 29.00815436 50.21817372 179.99998842 35.90894941 179.99999936 -49.33099998 8.00302045 -57.62115754 -45.40853083 3.84020059 0.31421412 36.05895417 -1.33526523 2.16191222 2.23864203 0.52618401 -12.90707416 -1.96203633 0.00000381 0.00000471 -36.15096408 -4.22951952 -34.25926708 51.94173209 -4.59415882 -9.38196608 -21.45030841 -6.15720273 26.33293656 -0.89158402 0.00001532 0.00001249
-0.02600538 1.01400108 -0.01287727 6.39065692 3.80460619 13.25238977 7.83294097 -0.8366423 5.39029285 6.02951973 -0.83374371 3.80532163 6.01852031 -0.87700325 3.82000211 17.57840983 0.88892197 -0.94277916 -1.87750828 9.33150227 -7.49254434 0.69260459 0.95599397 1.26143713 -40.59837405 -34.86298528 -57.81597041 179.9999994 -40.47504871 -179.99998174 28.46699941 -12.22722607 45.34923838 -2.78392813 2.39290633 -18.25826248 -44.68777709 28.6517948 49.91602045 -179.99999856 36.50987271 179.99999374 -47.29669668 8.43914485 -57.44214747 -44.08868658 4.48223663 -0.32948965 36.35531849 -1.57382612 1.62324421 1.73935739 0.57559932 -12.2496791 -1.93822391 -4e-7 -4.6e-7 -34.96272169 -4.27869645 -35.68434539 51.56588591 -4.04289026 -9.37595724 -21.42013995 -6.04745032 26.64409252 -0.87920812 0.00000281 0
-0.02121606 1.01512085 -0.01064261 5.22091195 4.03629789 14.08533843 7.40794521 0.79655823 5.73053759 5.79241377 0.36484111 3.89603763 5.79755068 0.30750675 3.90473483 17.8574927 0.6012245 0.06338924 -2.96354784 8.25367663 -7.27465641 0.68152843 1.0018267 1.25977808 -41.55399938 -36.23482382 -58.49590957 -179.9999915 -41.73190655 -179.99998259 28.47220167 -13.79843625 45.97555106 -2.80182223 2.39243614 -18.34848735 -43.77670296 28.0354754 49.60564391 179.99997668 36.71017142 -179.99999225 -44.41856947 8.16209191 -56.88916636 -42.60696351 5.44777811 -0.76990816 36.13327327 -2.59880615 0.66691258 1.61699487 0.57933931 -11.19925689 -2.07966271 -0.00000228 3.4e-7 -33.56908859 -4.46092233 -37.08392529 51.04381934 -3.86909598 -9.36888784 -21.31289781 -5.92896228 27.06083028 -0.80830254 -0.00000361 -0.00000224
-0.01758823 1.01607376 -0.01003177 4.32650667 4.24013958 14.58813078 7.26836556 1.47855066 6.04416247 5.72433297 0.86148807 4.01103491 5.73629256 0.79690187 4.01998645 17.92672264 0.38998232 0.1422541 -4.06367443 6.78492864 -6.69381081 0.67074652 1.04652951 1.25817475 -42.2817749 -37.00270011 -59.00368386 -179.99998331 -42.7315397 -179.99995908 28.49330937 -15.55984875 47.19936573 -2.81928746 2.39203664 -18.43651988 -43.67395818 27.51269234 49.56108529 179.99999501 36.67618821 -179.99999574 -41.54891061 6.94023116 -55.94052582 -41.49810181 6.32040937 -0.87449884 35.84363129 -3.74610949 -0.16854041 1.65563264 0.56762045 -10.27377134 -2.325426 -0.00000139 0.00000123 -32.40520282 -4.57793427 -37.92207646 50.55483275 -3.88835746 -9.36737793 -21.16253475 -5.82053765 27.41486872 -0.64294958 0.00001747 -0.00000447
-0.01455132 1.01617882 -0.01138317 3.95194766 4.01580307 14.67492962 7.44485224 1.10315662 6.19081047 5.82287867 0.57331934 4.07712485 5.82988168 0.5171956 4.08728898 17.89263364 0.24744369 -0.75146029 -4.8467701 5.06924975 -5.97698855 0.66024802 1.09008043 1.25664614 -42.38472972 -37.13754995 -59.16853689 -179.99998284 -43.31134014 -179.99997334 28.66832343 -17.14553543 49.08186521 -2.83630039 2.39170933 -18.52228684 -44.41613968 27.30012997 49.79249849 179.99999235 36.38846711 179.99999099 -39.06410149 4.84988363 -54.71679858 -41.15230534 6.83229573 -0.62279102 35.90581505 -4.31980516 -0.64891494 1.63491303 0.5646299 -9.74424047 -2.58708957 -8.2e-7 -0.00000622 -32.00280606 -4.44914078 -38.13896171 50.31963937 -3.62874141 -9.36315514 -20.98564892 -5.71018655 27.50157348 -0.48978896 -0.0000021 0.00000426
-0.01104465 1.01549911 -0.01577386 4.24897491 2.81179016 14.40779892 8.00550525 -0.12991496 5.98129227 6.17023506 -0.34592809 3.98096109 6.16720265 -0.37671566 3.99311691 17.8947237 0.12165551 -2.13610792 -4.90410458 3.09869808 -5.18419251 0.65002478 1.13247559 1.25516327 -41.7719679 -37.12517655 -59.09581066 -179.99999906 -43.64865123 -179.99999179 28.80990356 -18.41848035 51.44737161 -2.85288792 2.39145339 -18.60565598 -45.33433822 27.15021832 50.05514959 -179.99999539 35.51148082 179.99999069 -36.92361407 2.18567768 -53.51357776 -41.65360951 7.02087906 0.17087421 36.39780467 -3.85455728 -0.90444524 1.4930422 0.56886501 -9.60942646 -2.7763924 -3e-8 -0.0000059 -32.80183078 -3.77860256 -37.7588352 50.37741319 -2.59824272 -9.35501176 -20.64083513 -5.51010276 27.13662561 -0.43841205 0.00002115 0.00001026
-0.00685069 1.01485168 -0.02400494 5.35255873 0.16701406 13.82935442 8.96842875 -1.8361759 5.29034279 6.83841665 -1.58710837 3.65319403 6.83119855 -1.58339238 3.67089794 17.934848 0.00856585 -3.33947823 -3.94981662 1.06731366 -4.22123335 0.64007294 1.17366111 1.25368172 -40.76860036 -37.45635078 -58.99767475 -179.99999127 -43.95396798 -179.99999567 28.51601813 -19.28572997 53.61082278 -2.86898868 2.39123942 -18.68680363 -45.58910548 26.66053033 50.05885213 179.99999771 33.75130399 179.9999961 -34.94318331 -0.4453881 -52.79762406 -42.92110703 7.1329383 1.92291075 37.10549333 -2.32674133 -1.18816987 1.31786698 0.5718416 -9.76232237 -2.84585375 8.8e-7 -6.2e-7 -34.89852445 -2.30809717 -36.44037739 50.47129022 -0.74097861 -9.35620224 -19.87916128 -5.12939967 26.27542672 -0.47216675 0.00000434 0.00000567
-0.00301763 1.01489075 -0.03462952 7.17000844 -3.59013294 12.99497387 10.23553176 -3.62745797 4.24066879 7.77104869 -2.84501122 3.15720318 7.77064895 -2.80565791 3.18841644 17.94028518 0.01025174 -3.95019834 -2.06635954 -0.27452633 -2.99623756 0.63043572 1.21365687 1.2522788 -39.7344584 -38.01139693 -58.8816033 179.99999043 -44.10591246 -179.99999363 27.42473852 -19.48133246 54.46399602 -2.88462436 2.39108817 -18.76554446 -44.7895914 26.28820007 49.85691873 179.99998506 32.35874232 -179.99999602 -33.03418871 -1.61422728 -52.93938085 -44.76810142 7.25889824 4.74345503 37.8443422 -0.24559914 -1.57803087 1.18660284 0.57085396 -10.10478627 -2.86411077 7.9e-7 -4.1e-7 -37.82174974 -0.40196365 -33.92232248 50.23208358 1.47083453 -9.36527145 -18.64660321 -4.6231976 25.12298911 -0.48392717 -5.4e-7 -0.00000126
-0.00036201 1.01516617 -0.04435571 9.11235317 -7.24062461 12.06635379 11.63511724 -5.25409999 3.21013797 8.80815758 -3.95536302 2.6718926 8.82106825 -3.88382865 2.72863405 17.99881173 0.24194602 -3.99722019 0.29870054 -0.03139336 -1.6519955 0.62108888 1.2524296 1.25090608 -38.59471189 -38.17357501 -58.5214728 179.99999109 -43.75458417 -179.99999342 25.55290402 -18.64686446 53.29924158 -2.89982103 2.39098921 -18.84188018 -42.00146824 26.72275504 49.30325127 -179.99999838 31.29408741 179.99999227 -31.2646816 -0.67673197 -54.90462639 -46.76742326 7.19453981 7.84018739 38.64781153 1.72979223 -1.87708122 1.06844715 0.5779805 -10.55089887 -2.931311 2.7e-7 -0.00000525 -40.64227615 1.06433073 -30.87318931 49.65566581 3.24113815 -9.37390859 -17.24418163 -4.17662954 24.10884898 -0.54046681 0.00000421 -0.00000541
0.00171006 1.01547294 -0.05096769 10.38781157 -9.63164281 11.26637311 12.99687126 -6.54132204 2.58216051 9.79930907 -4.83999655 2.36840052 9.82282555 -4.74580287 2.459485 18.35243597 0.67077978 -3.80875042 2.65768079 1.79209367 -0.55355978 0.61205623 1.28994008 1.24960711 -37.03628061 -37.63872932 -57.80202296 -179.9999876 -42.82026859 -179.99997322 23.49108146 -16.7931678 50.70211274 -2.91449184 2.39091787 -18.91573741 -37.33267923 28.72409648 48.39135803 179.99999297 30.75866811 179.99999956 -29.77335146 1.99606631 -58.60695953 -48.19376526 6.91142619 9.97981666 39.31321366 3.18638549 -1.87621044 1.01856514 0.59513845 -10.94128688 -3.13148636 0.00000297 -0.00000447 -42.38692188 1.64753098 -28.58317932 48.97721906 4.38938336 -9.36924871 -16.16265017 -3.89532421 23.47917217 -0.58493953 -4.5e-7 -3e-8
0.00365552 1.01571197 -0.05484557 10.78429141 -10.48596703 10.88292524 14.17347126 -7.2944624 2.47498481 10.64334725 -5.38924446 2.29998765 10.66756412 -5.29020225 2.4227786 19.03943835 1.10727654 -3.75724935 4.71354574 4.02232736 0.04370824 0.60329731 1.32620875 1.24830812 -35.05257765 -36.76094628 -56.92250578 179.99997909 -41.67434852 179.9999881 21.98932224 -14.62256139 48.27759721 -2.92870593 2.39091961 -18.98710444 -32.36143521 32.03438828 47.33008298 -179.99999524 30.80071912 179.99998504 -28.48192043 4.84693398 -62.63671891 -48.74779089 6.70720003 10.59489739 39.53186817 4.01119172 -1.63924271 1.15346364 0.61026819 -11.12890681 -3.47416624 -0.00000313 -0.00000426 -42.94878977 1.75820046 -27.71883676 48.53050309 4.96460901 -9.37082834 -15.62541908 -3.76009259 23.27218531 -0.52628183 0.00000615 -0.00000328
0.00547692 1.0151162 -0.05719935 10.91989486 -10.35945081 10.92541605 15.05225221 -7.39805287 2.71434002 11.26529757 -5.50310055 2.39685179 11.27961047 -5.41770538 2.53951996 19.67596829 1.37790031 -4.03742323 6.20631928 5.38886871 0.17112526 0.59490918 1.36118402 1.24708668 -33.17702981 -36.06313468 -56.1967052 179.99997858 -40.78633468 179.99998645 21.37897984 -13.0696427 47.28251186 -2.94238623 2.39089961 -19.05595352 -28.99833513 35.15638747 46.56610841 -179.99999725 31.15316375 179.99998678 -27.03948684 6.44795175 -65.1812111 -49.09132203 6.61868504 10.25595521 39.54785292 4.36700584 -1.40503422 1.36515916 0.62744972 -11.13508322 -3.89788038 -0.00000122 -0.0000014 -43.13599812 1.95338994 -27.7894939 48.4762 5.01649873 -9.37256411 -15.50285561 -3.72059884 23.38539706 -0.4879448 0.00001323 0.00000292
0.00666876 1.01360711 -0.05876207 11.38796176 -9.91873304 11.1180824 15.59193392 -6.95043548 3.00442271 11.62956827 -5.21188912 2.52353846 11.63080989 -5.14633622 2.6732584 19.78202134 1.45407476 -4.54321121 6.86628769 5.56543114 0.0055047 0.58679159 1.39487528 1.24589744 -32.20994431 -35.7340582 -55.82783503 179.99999777 -40.35755839 179.99999498 21.53489793 -12.52263095 47.70364739 -2.95560585 2.39098194 -19.12222181 -28.0463358 37.00287864 46.51395221 -179.9999948 31.61396224 179.99998607 -25.090863 6.57108836 -65.52157586 -49.84977594 6.48368243 9.81941243 39.64791581 4.51535375 -1.31199011 1.53375689 0.65003406 -11.08189474 -4.29080369 0.00000245 -0.00000387 -43.57751305 2.38838064 -27.94483899 48.66492721 4.70228729 -9.37630245 -15.56730235 -3.7426635 23.64481726 -0.45741857 -0.00000634 -0.00000672
0.00690155 1.01185501 -0.05969299 12.08542435 -9.47075441 11.15496961 15.82769941 -6.2252019 3.09534198 11.76972997 -4.6879061 2.53702163 11.76401737 -4.6329453 2.68197824 19.30039469 1.40605138 -4.96828533 6.75553843 5.02671031 -0.27080132 0.57898152 1.42724601 1.24476234 -32.45533511 -35.71861701 -55.82992803 179.99999366 -40.32435567 179.99999391 22.05386658 -12.70289757 48.69188855 -2.96828847 2.39106817 -19.18592647 -28.97157707 37.49051502 47.1189134 179.99997785 32.16561648 -179.99999462 -22.88706238 5.96461052 -64.30562093 -50.90852173 6.26212374 9.70382778 39.88501094 4.51616241 -1.33672186 1.62218531 0.66943656 -11.01957431 -4.57137187 -0.00000191 0.00000485 -44.16087496 2.82168914 -27.79914319 48.89195448 4.13709518 -9.38373137 -15.67250345 -3.79874987 23.92190675 -0.45242636 -0.00000361 0.00000327
0.00640893 1.01063217 -0.0600581 12.65426709 -9.12101861 10.96078175 15.82933179 -5.52385529 2.86865746 11.76507051 -4.1511962 2.34872387 11.76217764 -4.09257305 2.47751925 18.65175179 1.29890711 -5.12492378 6.33207786 4.27926894 -0.51983543 0.57154029 1.45826943 1.24366834 -33.3173329 -35.96141199 -56.04255608 179.99999303 -40.54305702 179.99999584 22.54302034 -13.1687309 49.62077136 -2.98044191 2.39118524 -19.24702336 -30.34772461 37.25667014 47.90339707 -179.99999685 32.77327972 179.99999511 -20.77262104 5.36799405 -62.71455527 -51.81468824 6.0135049 9.8675114 40.13628943 4.396062 -1.38099309 1.6551515 0.67900779 -10.96916641 -4.67688454 -0.00000204 -0.00000362 -44.55969597 3.01691222 -27.43425383 49.01379297 3.52687231 -9.38548739 -15.74801722 -3.85330341 24.12917507 -0.45268341 9.4e-7 0.00000637
0.00561605 1.01032532 -0.05993575 13.07849923 -8.97039757 10.64541379 15.66862815 -5.06036656 2.34332817 11.68515188 -3.76806868 1.96868668 11.69091044 -3.69877756 2.07443235 18.2762881 1.15618146 -5.12325714 5.98376107 3.49553878 -0.75126995 0.56439377 1.48794289 1.24262983 -33.92941278 -36.39040422 -56.26144594 179.99999775 -40.88162304 -179.99999401 22.9771288 -13.67848189 50.54554909 -2.99208082 2.3913068 -19.305406 -31.28258146 36.88775075 48.55526236 -179.99999781 33.41639668 -179.99999978 -18.93083325 4.98662324 -61.26701827 -52.42484493 5.72047063 10.15234704 40.28745391 4.36018131 -1.36080308 1.66371088 0.68040374 -11.00617047 -4.57594987 1.5e-7 -0.00000806 -44.80945167 2.9614048 -26.96906101 48.94858482 3.0379521 -9.37474024 -15.71646812 -3.87542675 24.22139853 -0.4678554 -4.9e-7 -0.00000827
0.00443757 1.01055244 -0.05962647 13.71324382 -9.05718692 10.32820851 15.42434068 -4.91664428 1.63902425 11.56836025 -3.60155736 1.49400801 11.58138835 -3.5277241 1.58028864 18.2329525 0.98816836 -5.19286188 5.70118372 2.71077454 -1.14882129 0.55757525 1.51623858 1.24163224 -33.9904162 -36.82858731 -56.37444025 179.9999799 -41.20619281 179.99998155 23.62952319 -14.13752105 51.7527211 -3.00318031 2.39145726 -19.3611288 -31.97077919 36.64466633 49.13174123 179.99999191 34.14154073 -179.99999146 -17.58521794 4.69362647 -59.75390668 -53.07694846 5.28393342 10.54624633 40.35060262 4.60429361 -1.30194785 1.67825261 0.67225824 -11.19062952 -4.24777661 -0.0000037 -0.0000033 -45.34985 2.77695847 -26.37715589 48.77324139 2.77538405 -9.35315023 -15.57034862 -3.88048355 24.15620103 -0.5080904 0.00000371 -0.00000182
0.00251921 1.01048126 -0.05997347 14.98162617 -9.35777262 10.05839615 15.21195337 -5.07166249 0.94748846 11.4603067 -3.64052184 1.05935358 11.47366369 -3.57935936 1.14056638 18.27795979 0.84087744 -5.43218164 5.24701064 2.12555722 -1.78149335 0.55109711 1.54314588 1.24069923 -33.84211537 -37.0115597 -56.38284822 -179.99997798 -41.37815636 -179.99998274 24.57151796 -14.45877179 53.04200688 -3.01373858 2.39162662 -19.41408136 -32.85746391 36.63884351 49.75318832 179.99997992 35.06024172 179.99999761 -17.15928452 4.34139638 -58.24337255 -54.29010297 4.616119 11.18305226 40.40018258 5.1476427 -1.31022116 1.75590158 0.64665451 -11.51096786 -3.70570563 0.00000197 -5.8e-7 -46.73830859 2.55080999 -25.54169307 48.6625042 2.80134411 -9.33703632 -15.33241512 -3.90824552 23.88641804 -0.56908123 -2.5e-7 0.00000217
0.00047521 1.01016152 -0.06187379 17.01995415 -9.87568794 9.79386953 15.18703995 -5.46074132 0.47134651 11.45661302 -3.85567838 0.7744319 11.46326238 -3.82316455 0.86761976 18.26138285 0.79703016 -5.73579743 4.48926592 2.08156807 -2.30533305 0.54496409 1.56864677 1.2397725 -33.91721022 -36.73889863 -56.3376652 179.9999905 -41.33381669 -179.99999696 25.36877875 -14.6427533 53.63711922 -3.02374814 2.39180131 -19.46422236 -33.69076556 37.04396562 50.32430688 -179.99999666 36.07646177 179.99999156 -17.55457342 3.92140751 -57.63184003 -56.23019384 3.70453108 12.13890662 40.37932756 5.91614439 -1.40904209 1.98372966 0.59846254 -11.89659222 -3.07614235 -0.00000355 -0.00000247 -49.08427326 2.22013883 -24.37536325 48.46821414 3.12767918 -9.34053915 -14.8747027 -3.94127279 23.4332542 -0.63112324 0.00001626 0.00000772
-0.00007672 1.01072083 -0.06517359 19.56051762 -10.61120703 9.44574519 15.46472261 -5.99526154 0.27960512 11.66304284 -4.19812419 0.65520159 11.66224937 -4.19273827 0.76824774 18.38342682 0.87731065 -5.84331461 3.60544336 2.63972263 -2.24158113 0.5391696 1.59271954 1.23895173 -34.20997261 -36.19240464 -56.29475568 -179.99999664 -41.22044207 179.99998461 25.47740132 -14.8535403 53.03288989 -3.0331958 2.39198565 -19.51161432 -33.58202108 37.92167227 50.57681807 179.99999657 37.00396911 -179.99999918 -17.89632284 3.85034866 -58.64659897 -58.54572468 2.6259537 13.29473626 40.13042515 6.84224472 -1.49618999 2.39666306 0.53364846 -12.24451448 -2.54589174 0.00000222 -0.00000552 -51.79682186 1.73994265 -23.04311144 47.71109303 3.65488274 -9.10972902 -14.00316212 -3.86171686 22.8499282 -0.62176507 0.00001378 0.00000299
0.00161277 1.01248818 -0.06857056 22.1768014 -11.4494057 9.01868433 16.00402468 -6.57163423 0.21166709 12.08584275 -4.57727196 0.59754123 12.08431486 -4.5779289 0.72386407 19.02417285 0.95698523 -5.51194349 3.14049714 3.26234055 -1.64981633 0.53371276 1.6153473 1.23816025 -34.11096324 -36.05299934 -56.28091405 179.9999727 -41.35218698 179.99996955 24.9093309 -15.15857794 51.87347904 -3.04207791 2.39217318 -19.55611958 -31.80039314 38.95978352 50.26214192 -179.99998598 37.55621149 179.99998287 -17.39813236 4.39135667 -60.76142442 -60.81070224 1.48803065 14.38641783 39.70940053 7.8753687 -1.45937808 2.88426678 0.47057709 -12.51087638 -2.22204063 0.00000712 0.00000129 -54.18577769 1.3380913 -22.05610135 46.28367394 4.18734164 -8.02677695 -12.80052107 -3.54543679 22.06840058 -0.61444233 0.00000334 0.00000733
0.00434988 1.01399132 -0.07085664 24.56770481 -12.17791616 8.66148439 16.60549155 -7.13575042 0.0024941 12.59150141 -4.91829314 0.44804082 12.59840413 -4.90087542 0.57380123 20.29611753 0.87303801 -4.79981624 3.7831623 3.25390315 -1.23944195 0.52862772 1.63649962 1.23742353 -32.7931138 -36.8789041 -56.20480893 179.99998074 -41.82186973 179.9999654 24.27264015 -15.28029719 51.54284541 -3.05036783 2.39237688 -19.59774544 -28.57532833 39.7455589 49.42501375 -179.99997561 37.56698677 179.99999965 -16.11679133 5.17520499 -62.55565562 -62.8976247 0.38024032 15.1928535 39.45262514 8.90040503 -1.30490701 3.24315972 0.42903065 -12.75306564 -2.06656325 -0.00000288 7e-8 -56.07087039 1.0646191 -21.08546888 44.70023402 4.40293435 -7.21831456 -11.64189901 -3.2839684 21.65055578 -0.65796317 0.00000694 0.0000084
0.0065795 1.01396316 -0.07183017 26.60245052 -12.67894569 8.49040626 17.05761155 -7.75037185 -0.47719691 13.00915573 -5.25270126 0.13020798 13.03177155 -5.20406248 0.24555286 21.82230622 0.62736315 -4.12912468 5.74096816 2.62711655 -1.62701726 0.52392215 1.6561563 1.23673314 -30.06770559 -38.35302537 -55.83956999 179.99999343 -42.2424938 179.99999168 24.15743089 -14.73148208 52.69700919 -3.0581028 2.39255485 -19.63642824 -25.29267217 40.33946618 48.57381356 179.99998431 37.55587412 -179.99999057 -14.88417268 6.02354913 -62.90749973 -64.80608967 -0.61239625 15.70167417 39.56442375 9.39666171 -1.1689129 3.36433467 0.7626638 -13.01192224 -1.97475593 -0.00000181 0.00000637 -57.6607131 1.06894332 -20.21936115 43.64240443 4.30766633 -6.82891072 -10.8813333 -3.14366793 21.57049988 -0.72172498 0.00000338 0.00000843
0.0079324 1.01278588 -0.07188122 28.20582404 -12.92196919 8.50353366 17.28351953 -8.49299115 -1.08834292 13.26267817 -5.66808395 -0.26865614 13.30603149 -5.58193272 -0.16726461 23.05589398 0.37708853 -3.89442613 8.38247055 2.06476741 -2.78475663 0.51953577 1.67430795 1.2360957 -26.68619078 -39.62595618 -55.0776561 179.99993876 -42.16082534 179.99995525 24.66373861 -13.27345547 54.70703595 -3.06521816 2.3927452 -19.67218954 -22.93360867 40.82623714 47.92801867 179.99999614 37.50767485 179.99999714 -14.4131295 6.98085855 -61.85060375 -66.40826822 -1.40320455 15.95575934 39.88587641 9.39400356 -1.14058319 3.31785536 1.33326353 -13.23816185 -1.86504342 0.00000279 -0.0000053 -59.01397758 1.2564915 -19.61570169 43.18925827 4.10822182 -6.71950292 -10.53320318 -3.09567388 21.66024301 -0.77699173 -0.00001397 0.00000387
0.00879345 1.01175538 -0.07081196 29.26713308 -12.67140025 8.57257433 17.34200958 -9.16224887 -1.45974037 13.37936973 -6.07966202 -0.49977818 13.44370048 -5.95132684 -0.41494058 23.80088314 0.19100808 -4.00558397 10.88071822 1.81011776 -4.31425801 0.51555309 1.69093762 1.23553033 -23.58959009 -40.4573832 -54.15644538 179.99998555 -41.69049144 179.99999275 25.52515122 -11.32307302 56.81336243 -3.07175884 2.39291395 -19.70492099 -20.9486064 40.67795843 47.15039156 179.99996713 37.34248529 -179.99999094 -14.60794479 8.55279605 -59.74033096 -67.5099799 -1.92018748 15.7659214 40.04748625 9.39628075 -1.13951746 3.26577696 1.55661825 -13.32956868 -1.74430691 0.00000185 -7.9e-7 -59.86727545 1.41817445 -19.51205025 43.06457727 3.82673647 -6.74399764 -10.51540528 -3.12321292 21.86547682 -0.84075557 -6e-8 -0.00001157
0.00877312 1.01133393 -0.06754099 29.53029927 -11.29353351 8.58024522 17.28795654 -9.08985884 -1.12314298 13.37196175 -6.06974498 -0.25292099 13.44451005 -5.9084269 -0.18829407 24.31232563 -0.05030174 -3.93168455 12.99544378 1.14464703 -5.70269249 0.51190675 1.70604971 1.23499087 -21.21990589 -41.60673527 -53.43791516 -179.99996702 -41.52095371 -179.99998495 26.24171608 -9.75062834 59.01308505 -3.07772967 2.39309192 -19.73459716 -18.2895076 39.37410687 46.04806365 -179.99999454 36.84393429 179.99998514 -14.67650461 10.49137964 -57.00875797 -67.93873256 -2.00640723 14.62228009 39.75625384 9.41900279 -1.03687602 3.33157968 1.17630023 -13.17223246 -1.72184469 0.00000292 -9.7e-7 -59.78673735 1.5584098 -20.2804742 43.37723827 3.10369805 -6.94202892 -11.07216094 -3.30333974 22.35987093 -0.86729802 -0.00001954 -0.0000046
0.00682721 1.01104279 -0.06141256 28.54490133 -8.07206074 8.74403451 17.02293029 -7.48512278 0.22838366 13.13640686 -5.10376387 0.64259066 13.1934652 -4.94366951 0.68565181 24.886743 -0.42336018 -3.20364467 14.89890097 -0.51197483 -6.27049215 0.50865917 1.71958281 1.2345347 -19.72478685 -43.71015672 -53.13614484 179.99999982 -42.16912208 179.99999422 26.1448729 -9.22199904 61.16925587 -3.08301126 2.39324931 -19.76124358 -14.4904699 36.84112951 44.84246108 -179.99998761 36.02397391 179.99999337 -13.79828272 12.36638209 -54.54836704 -67.28316478 -1.30193537 11.92510958 38.75784181 8.8458403 -0.87535894 3.62183138 0.39513691 -12.63040495 -1.70875044 0.00000249 0.00000323 -58.27046634 1.92166836 -22.35011515 44.59306682 1.37989386 -7.59899874 -12.56795724 -3.77779036 23.49335437 -0.87068973 0.00000486 0.0000083
0.00267428 1.0106012 -0.05306293 25.96047813 -2.94744211 9.56493533 16.32647259 -4.22208803 2.4075099 12.51971067 -3.04772667 2.00681659 12.54685711 -2.92735638 2.02729026 25.46319991 -0.72960823 -1.9004073 16.59808053 -2.22058943 -5.52166828 0.50579849 1.73153383 1.23409998 -19.21807988 -45.98293731 -53.23385901 179.9999989 -43.20931494 -179.99999577 24.86251989 -9.60532238 61.99120198 -3.08772234 2.39338555 -19.78474818 -9.71613315 34.21342788 43.71018281 179.99998316 35.1739638 -179.99997749 -11.40715746 14.35900712 -54.287606 -64.89890575 0.35028991 7.53165242 36.86794365 6.36483358 -0.84931145 4.25328704 0.35886753 -11.69570754 -1.69209965 -1.3e-7 1.1e-7 -54.84511381 2.39705942 -25.88789378 46.60052221 -1.50906088 -8.83600816 -14.84372018 -4.59638055 25.4497743 -0.89458341 -0.00001178 -0.0000069
-0.00273729 1.00898857 -0.04331418 22.11087746 2.8698793 11.08351164 15.10003038 -0.19715389 4.66478753 11.5181507 -0.41681702 3.32103008 11.52610968 -0.34671789 3.31204583 25.67230839 -0.61333741 -0.74922599 17.81495666 -1.95309522 -3.77675225 0.50328191 1.74189266 1.23371105 -19.48673453 -46.61350525 -53.37160358 -179.99994472 -43.47619252 -179.99996711 22.57987808 -9.74854798 59.91549021 -3.09179736 2.39352054 -19.80511607 -5.11567781 33.83306494 42.39918486 179.99998459 34.85592269 -179.99997056 -8.05290273 16.3353149 -58.1405935 -61.08723159 2.20934716 2.54835172 34.98283096 3.08599644 -1.0244456 4.88469651 0.34088161 -10.67267384 -1.70688685 0.00000342 -0.00000431 -49.90782049 2.37564245 -30.59887933 48.92607777 -4.61581502 -9.4260351 -17.43206477 -5.4491369 27.44105341 -0.91777961 2.6e-7 -0.00000654
-0.0089043 1.00680435 -0.0334908 18.09658181 7.97054025 12.79135954 13.51096614 3.38314091 6.16229201 10.3239477 2.03529777 4.0793389 10.33713242 2.07236451 4.03426075 25.18264959 0.09795865 -0.70380651 18.12725767 1.34896874 -2.07556671 0.50118462 1.75063851 1.23343011 -20.31719938 -44.37289192 -53.20681816 179.99996933 -42.13700715 179.99999354 20.17687125 -8.44462971 54.98725981 -3.09522753 2.39362308 -19.82231387 -2.7326905 37.6262136 40.69058903 -179.99998127 35.09307732 179.99999359 -4.69956295 17.32877109 -65.24748456 -57.05511208 3.54254722 -1.60159079 33.63761249 -0.30848938 -1.31844479 5.30949691 0.34153079 -9.87248225 -1.71891139 -3e-7 7e-7 -44.92715662 1.25498974 -35.00380426 50.84701779 -7.05345403 -9.40088725 -19.72907858 -6.1425606 28.94529129 -0.8254645 0.00000322 -0.00000319
-0.0148139 1.00497864 -0.02478119 14.92143361 11.7012284 13.97529036 11.8193627 5.96945354 6.60503187 9.12881132 3.91925004 4.1769043 9.1582648 3.94441265 4.10330873 23.87933997 1.19063031 -2.25142844 16.69092873 6.32661293 -1.20907338 0.49948914 1.75774415 1.23319299 -22.2660381 -39.65231504 -53.05653233 -179.99997877 -39.60933105 -179.99998563 19.18487575 -6.45564656 49.31204908 -3.09801917 2.39370715 -19.83633326 -5.97760364 43.14118357 40.45174087 179.99997285 35.81623828 -179.9999845 -4.06904459 16.84690354 -70.55817481 -53.98077444 4.21029908 -4.19092862 32.99331485 -3.27930891 -1.56299884 5.46204918 0.35223669 -9.37072764 -1.72023287 -9.9e-7 -0.00000233 -41.22226012 -0.78941693 -37.89629429 51.98903396 -8.43230578 -9.38625178 -21.40131711 -6.79436 29.82970974 -0.62132115 0.00000969 -0.00001793
-0.01925861 1.00413857 -0.01785649 13.07837662 14.03906642 14.35657089 10.18338331 7.73028083 6.3352976 7.99213331 5.28392709 3.90456173 8.0266543 5.30967058 3.82330961 21.78657726 2.11561513 -4.9486058 11.96215149 9.92863072 -1.08798414 0.49816064 1.76319659 1.23299225 -26.23306621 -34.25239408 -53.45972586 179.9999956 -37.53154237 -179.99999828 20.51826653 -6.79288802 45.71524469 -3.10016636 2.39379003 -19.84701827 -16.04307441 46.02682788 43.90394213 -179.99999173 36.70700077 179.99999007 -6.98015781 14.75931412 -70.44670953 -52.30866963 4.34428086 -5.39781951 32.86146981 -5.39116359 -1.60732997 5.40028011 0.36158041 -9.16616944 -1.71473521 -0.00000111 -0.00000298 -39.16618651 -2.92400058 -39.24845396 52.51490531 -8.46993463 -9.36222564 -22.41100219 -7.84830898 29.91978071 -0.58870532 0.00000502 -0.00000549
-0.02148173 1.00476044 -0.01233863 12.50540116 15.36633181 14.06547193 8.70319948 8.88695205 5.90170495 6.94679099 6.21357498 3.61075551 6.97223653 6.24138359 3.54268814 19.08849143 2.27861018 -7.49495621 3.11279236 9.80731558 -1.31834835 0.497277 1.76697807 1.23287068 -32.80763635 -30.49814526 -54.54053605 -179.99999781 -37.51749139 -179.99998718 23.75368497 -11.26578142 45.99886349 -3.10165107 2.39384571 -19.85443335 -30.12908874 43.89498544 49.5254566 -179.99999584 37.57864127 -179.99999492 -12.20112458 10.21563761 -65.61870448 -51.78823739 4.11297684 -5.81791874 32.85665001 -6.60354687 -1.42281482 5.25391458 0.36159808 -9.18214443 -1.70992005 -0.00000404 0.00000154 -38.37275802 -4.63646575 -39.53543349 52.44835419 -8.48592305 -9.35442549 -22.85966149 -8.41219525 29.66494231 -0.60976012 0.0000021 -0.00000408
-0.02204492 1.00644684 -0.00773743 12.5260677 16.05557614 13.39329435 7.50939254 9.30928196 5.66154362 6.09372642 6.57015619 3.46330614 6.11338211 6.58966784 3.42012577 16.33007858 1.54067599 -8.46280391 -7.65164805 6.24054684 -2.12553741 0.49676698 1.76908664 1.23280163 -41.49845382 -30.00233625 -56.27395855 -179.99999602 -39.74474351 -179.99999277 28.22806044 -17.56514181 49.6784661 -3.10246724 2.39386588 -19.85852438 -41.87389539 35.15049487 53.05558028 -179.99998728 39.16819855 179.9999857 -20.90522931 7.25153543 -54.60160586 -51.75535213 3.71681297 -5.8441456 32.91877237 -7.26845394 -1.05400569 5.04436654 0.35820435 -9.31839337 -1.70961589 -8.5e-7 0.00000378 -38.06975492 -5.97646349 -39.20874137 52.03827328 -8.69842638 -9.3533047 -22.9938752 -8.53069332 29.19645748 -0.79401753 0.00000522 0.00000561
-0.02186075 1.00857911 -0.0042289 12.50236542 16.17628433 12.53286354 6.71939886 8.77273042 5.70841013 5.53203025 6.1725546 3.47339928 5.5613425 6.16840453 3.45597162 14.34242001 0.48253256 -7.40554999 -16.28636496 2.12209311 -3.55499832 0.39218087 2.08336903 2.32950918 -46.40816873 -28.70243896 -58.3540545 -179.99999962 -42.50612138 -179.99998524 33.01593121 -22.08462879 54.69764287 -3.29113683 1.94785292 -20.19547628 -48.05533982 27.87809375 53.99286627 179.99999777 41.64025861 179.99998362 -18.52836061 5.27346222 -44.30283114 -51.6982885 3.29479009 -5.53567886 33.20919149 -7.61698104 -0.51005128 4.72187464 0.3625882 -9.53662066 -1.73663427 -0.00000302 0.00000422 -37.49935982 -6.98658762 -38.6562414 51.39055981 -8.85259999 -8.9287764 -22.96420649 -8.30111206 28.79143221 -0.94837874 -0.00000912 -0.00000181
-0.02102998 1.01114198 -0.00243248 12.34246277 15.61177572 11.53844261 6.36562856 7.39609849 5.97359015 5.27477998 5.11074306 3.59600194 5.31987759 5.07631102 3.59661409 13.64592557 -0.08045176 -5.36863857 -20.96787793 0.62196562 -4.38347589 -0.15408199 3.15606919 7.22451181 -38.39924423 -15.59545839 -59.97589147 -179.99999831 -44.05819394 -179.99999721 35.83237159 -24.26606613 58.64406427 -3.51323023 0.60224312 -19.40815278 -49.85142797 26.25782086 55.36475991 -179.99999785 42.08004393 179.99998485 -14.47542244 2.26914925 -44.79193169 -51.51976407 2.86886758 -4.85585959 33.68844087 -7.56475635 0.19876956 4.32178771 0.37627107 -9.84979375 -1.8008003 0.00000154 -8.2e-7 -36.59384932 -7.66414297 -37.6095331 50.33833203 -8.83310049 -8.538209 -22.6200438 -8.00326961 28.72236865 -0.93264355 9.7e-7 -0.00000544
-0.01916428 1.01437082 -0.00282284 12.32110843 14.18670353 10.56749479 6.4348369 5.67459457 6.22424688 5.29373441 3.78236013 3.7352456 5.34493936 3.72321555 3.74362509 13.95833239 0.12723768 -4.07019504 -22.99024739 2.28082806 -3.74996437 -0.47665068 3.15776693 11.65197723 -29.08996985 -0.63499355 -62.90312145 -179.99999306 -46.99448094 -179.99998814 34.07081464 -24.5786956 59.57277555 -2.99604947 0.32668269 -16.38174015 -49.99504539 27.03516446 54.59465469 179.99999424 42.07284511 -179.99999084 -12.55691357 3.0760709 -47.55261352 -51.32986662 2.49889735 -3.81969638 34.07350643 -6.88744221 0.91905266 3.95862594 0.39210222 -10.24088853 -1.89573855 0.0000014 6.8e-7 -35.84820118 -7.78425124 -36.1263915 48.85627545 -8.69922179 -8.46194299 -21.87592225 -7.43900947 28.96945485 -0.79503625 -0.00001395 -0.00000669
-0.01645996 1.01758012 -0.00551762 12.62179972 11.74958739 9.94360548 6.91578975 4.1276461 6.19189469 5.58733594 2.61591513 3.75815022 5.63126196 2.5415885 3.76754418 14.5160749 0.73263229 -4.43337723 -24.10995551 5.23726482 -2.45580639 0.04418839 1.54880664 12.68412761 -24.15471176 7.68059316 -64.69084459 179.99999875 -49.72463465 -179.99997369 29.11461258 -21.32547161 58.03451767 -2.38493757 1.17458553 -13.92975649 -48.02845372 27.20484516 51.90619938 179.9999743 41.87249269 -179.99999124 -11.21964068 5.23734016 -49.62070259 -51.26504007 2.36847917 -2.4267894 34.30828002 -5.48803541 1.37545067 3.63980641 0.41070235 -10.63980912 -1.96620114 0.00000268 0.00000544 -36.10925154 -7.11569045 -34.6643266 47.7024338 -7.82845252 -8.64610421 -21.06871338 -6.71858647 28.62487428 -0.66153956 1.3e-7 -0.00000914
-0.01371754 1.01915564 -0.01020175 13.15866128 8.45669843 9.78276823 7.75934953 2.97537651 5.74177395 6.14686006 1.79527789 3.57042125 6.17829433 1.71134412 3.57949441 14.83520248 1.28207535 -5.9620762 -24.75302425 7.86217872 -1.72294673 0.83138033 -0.55873541 10.64286689 -22.67918417 11.40389759 -63.63856922 -179.99999494 -49.40231964 -179.99999129 25.41023213 -14.49337902 56.11827512 -2.12212361 2.27760408 -13.60292316 -44.76370071 25.39585857 49.00288979 -179.99999846 41.78033175 179.99998697 -10.93183819 6.99774839 -49.78625894 -51.49441658 2.53737379 -0.65835904 34.81403973 -3.57435445 1.44449799 3.2084929 0.44094968 -11.00994883 -2.00321804 -5.9e-7 -1.5e-7 -37.53517781 -5.89303941 -33.5114349 47.33442592 -5.4240717 -8.88805138 -20.45187018 -6.34647084 27.61189072 -0.77942538 -0.00000112 -0.00000258
-0.01119106 1.01859986 -0.01593152 13.77008512 4.92653292 9.74168382 8.80678968 2.13369722 5.00905365 6.87687301 1.23374797 3.20163885 6.89742731 1.14324396 3.21216892 14.99675031 1.65862334 -7.46604785 -24.54905482 9.92288613 -1.75677446 1.20272387 -1.76682869 8.19859004 -22.2533349 13.64542173 -61.4436386 179.99998928 -48.30216215 -179.99999485 23.47835516 -7.0525503 54.19927955 -2.1510221 2.94591705 -14.7286974 -41.595076 22.60137136 47.0081476 -179.99999681 42.12768416 179.99998707 -11.31177439 7.20755551 -48.4926788 -52.10696773 2.76473426 1.37097731 35.88974991 -1.64014318 1.31951614 2.58993947 0.48763497 -11.38193958 -1.98289549 0.00000353 -0.00000397 -39.53731131 -4.56342678 -32.39909101 47.56376313 -2.69880581 -9.05847451 -19.93759439 -5.9849662 26.48419626 -0.90518104 0.00001121 -0.00000159
-0.0086204 1.01672898 -0.0216662 14.42560788 1.90362919 9.39501829 9.83703152 1.39715885 4.24912418 7.61253648 0.74424916 2.77499171 7.62412949 0.65241361 2.78930629 15.25645312 1.97313617 -8.17529951 -23.50749266 11.75273541 -1.84853229 1.23967748 -1.88408535 7.08944184 -21.23275716 15.98414925 -60.29694603 -179.99999344 -46.47783515 -179.9999937 21.36005283 -0.60581858 52.00187967 -2.25266775 3.13421076 -15.70157669 -39.04606005 20.00343518 45.63362127 179.99999719 42.5289095 179.9999791 -10.92430019 5.6049671 -46.50033338 -53.12126963 2.70475711 3.34538585 37.34018046 -0.06673056 1.31744845 1.92858642 0.53900193 -11.80049965 -1.95075033 0.00000192 8e-8 -41.41986552 -3.52348562 -31.03544482 47.90524994 -0.71590439 -9.08257456 -19.36819489 -5.67372823 25.59778184 -0.99707165 -0.00000268 0.00000762
-0.00623851 1.01418199 -0.02685348 15.19499558 -0.21396548 8.69774892 10.7036215 0.62603816 3.5767178 8.2278129 0.21867324 2.37577863 8.2312628 0.13219909 2.39558182 15.59662873 2.29508256 -8.14289745 -22.39943205 13.38258442 -1.41261238 1.19502619 -1.65721698 6.96372406 -19.66047853 18.84674581 -60.34223567 179.99999724 -44.4702372 -179.99998812 18.75617324 5.13025339 49.66386862 -2.24000766 3.1317688 -15.61219824 -36.77966535 17.71097644 44.34770137 179.99997788 43.2367069 -179.99998108 -10.02536124 3.4431761 -43.86103647 -54.5152377 2.22016161 4.94008103 38.8096614 1.09553693 1.56297445 1.40604501 0.58244501 -12.27666935 -1.99715986 0.0000013 -1.9e-7 -42.99702724 -2.85672091 -29.60387395 48.17587919 0.4057219 -8.87760439 -18.85490689 -5.43960929 24.9757697 -1.05703141 -0.00000585 1.9e-7
-0.00442796 1.01120477 -0.0312323 16.06611603 -1.48288985 7.9135917 11.39238723 -0.14371098 2.9246516 8.7004645 -0.29629679 1.98836918 8.69753828 -0.37288244 2.01356323 15.76668416 2.57855813 -7.83045632 -22.04501006 14.53387606 -0.56592517 1.17944022 -1.57476927 6.87483111 -18.73386371 20.21791801 -60.07095617 179.99999121 -43.44591315 -179.99999898 16.09256189 10.19094491 47.52094244 -2.06165328 3.15022492 -14.53779831 -34.47224744 15.62557296 42.83528952 -179.99998548 44.01331601 179.99997453 -9.16142633 1.848613 -41.04518464 -56.11587426 1.50179924 6.05637883 40.08892939 1.86534545 1.90772252 1.06343806 0.62025085 -12.72893046 -1.98099626 -0.00000225 -0.00000193 -44.39960685 -2.43973401 -28.43908658 48.48172198 0.97199177 -8.47787362 -18.52019744 -5.27473115 24.51978705 -1.0745122 -0.00000997 -0.00000247
-0.00290362 1.00841752 -0.03441791 16.89184812 -2.18539512 7.26990125 11.94678647 -0.72992729 2.22160168 9.07210595 -0.65819336 1.56526395 9.06639356 -0.72340564 1.59301786 15.64322359 2.75315062 -7.56477725 -22.51303915 15.04953162 0.19416371 1.19642618 -1.6367854 6.5899243 -19.80297851 17.76318193 -58.12027665 179.99998612 -44.53744444 -179.9999836 12.89844797 13.67774911 46.13085233 -1.78532296 3.1883454 -12.92362421 -31.84392775 13.87988389 40.98264122 -179.99999719 44.5400235 179.9999913 -8.85627895 1.21488493 -38.42173956 -57.60267923 0.88228278 6.81945528 41.09631824 2.26001765 2.12181701 0.83686594 0.65010115 -12.99827594 -1.94857152 -0.00000182 -3.5e-7 -45.58334261 -2.19658767 -27.67270876 48.76121554 1.30961837 -8.06166684 -18.33588429 -5.15837535 24.19932496 -1.04544858 0.0000169 0.0000016
-0.00130235 1.00655533 -0.03596421 17.4662946 -2.60202272 6.82810777 12.3849381 -0.97856016 1.5115801 9.37626963 -0.77360371 1.11463642 9.37145713 -0.82780732 1.14133098 15.3665383 2.80987422 -7.4095275 -23.19165047 15.09991958 0.54453658 1.24924882 -1.81961294 6.31890073 -23.5807967 11.65445164 -55.01534502 -179.99999431 -48.03545831 -179.99999127 8.90076177 14.7112616 45.92986255 -1.49825384 3.18709253 -11.20702338 -29.06303364 12.24419853 38.87081926 -179.99999912 44.87834021 179.99999979 -9.25832769 1.12472979 -35.81760105 -58.65747053 0.58347668 7.41384154 41.8430459 2.33409251 2.10092372 0.63093391 0.67776711 -12.99515808 -1.91948386 0.00000111 -6.5e-7 -46.31395364 -2.10430739 -27.19664662 48.84475948 1.54018851 -7.82449482 -18.21052731 -5.08088043 24.05591758 -0.98109126 0.00000154 -0.00000392
0.00026735 1.00558998 -0.03562946 17.70145438 -2.89253792 6.54633749 12.69942822 -0.91200185 0.89753254 9.61207797 -0.68613544 0.70138345 9.6098323 -0.73087925 0.72642297 15.11749368 2.8057844 -7.33956303 -23.5224938 15.02311217 0.51617256 1.35723539 -2.17867847 6.05490656 -29.85970789 4.71262639 -52.44591793 -179.99998226 -52.92485592 -179.99999418 5.29235755 13.81010616 46.39745324 -1.26684383 3.16071073 -9.80070348 -26.56660627 10.89729613 36.88643134 -179.99998804 45.43768312 179.9999911 -9.8084792 0.78593295 -33.32052015 -59.20718164 0.59233075 7.93401314 42.46602643 2.21523239 1.91065534 0.34956457 0.71182419 -12.7912568 -1.89490347 4.9e-7 0.00000161 -46.51189664 -2.12528297 -26.88456874 48.75585638 1.68949034 -7.79704546 -18.14795012 -5.04564928 24.07337663 -0.90087919 0.00000207 -5.6e-7
0.00165061 1.00503128 -0.03356249 17.70251335 -3.06249274 6.34668715 12.88931179 -0.68479444 0.43476623 9.7622373 -0.51321034 0.38037116 9.76229657 -0.5511326 0.40620456 14.91496455 2.80444957 -7.33865309 -23.50943079 15.05778235 0.31046423 1.49608981 -2.64220694 5.58596399 -36.88731169 -0.27073 -50.92295122 179.99998313 -57.31134093 179.99999143 3.27608183 12.9588114 46.57549465 -1.12312039 3.14226912 -8.92677727 -24.53303495 9.99644488 35.34186944 179.99999085 46.5165682 179.999989 -9.67510733 -0.05544816 -31.59030087 -59.43022336 0.71949596 8.3196879 43.08036367 2.04928342 1.71632588 -0.03696655 0.75580004 -12.54605051 -1.87399412 -9.8e-7 0.00000375 -46.33390775 -2.2386302 -26.72103021 48.61560051 1.80274662 -7.84846386 -18.19630967 -5.05279884 24.16657359 -0.82503422 -0.00000727 -8.9e-7
0.00271262 1.00464935 -0.03027565 17.61529915 -3.05909787 6.17258298 12.96075781 -0.42322987 0.0999251 9.81593765 -0.32224362 0.14904069 9.81749809 -0.35659743 0.17591005 14.69445308 2.82039593 -7.35355886 -23.5565015 15.21871558 0.07921025 1.61829457 -3.0613233 4.84363644 -41.47818761 -2.77202446 -49.85855912 179.99998608 -59.81439984 -179.99999105 2.74905306 13.07374312 46.24646687 -1.03985574 3.12122422 -8.40396349 -22.83479036 9.57071528 34.13193126 179.99999881 47.95754959 179.99998755 -8.6339095 -0.92365329 -31.04759385 -59.50252204 0.80545606 8.48783181 43.65834206 1.90583685 1.63768654 -0.47115581 0.80484331 -12.37246899 -1.85917535 -0.00000171 -7.5e-7 -45.96997447 -2.45065187 -26.71234899 48.48101681 1.87291522 -7.86689021 -18.34948026 -5.09179359 24.27116879 -0.76364812 0.00000459 -0.00000373
0.00309136 1.00468186 -0.02642924 17.51883564 -2.88329318 6.00361729 12.91956725 -0.15329987 -0.16221479 9.77994142 -0.10356646 -0.03036818 9.78260989 -0.13728116 -0.00729175 14.45611713 2.83086056 -7.30608241 -23.99641081 15.39129923 -0.10138067 1.7245303 -3.43579956 3.98858401 -41.69151995 -3.61300565 -48.95627376 -179.99998731 -60.45978526 -179.99999243 2.71097163 13.03481952 45.8178251 -0.95835188 3.0810561 -7.8675891 -21.35403831 9.43970054 32.95661985 179.9999975 49.34141807 179.9999924 -7.24944424 -1.22728395 -31.3355764 -59.46330179 0.82929019 8.48678224 44.05549775 1.76562862 1.6608563 -0.84719653 0.84634688 -12.28209621 -1.85266632 0.00000128 0.00000473 -45.52352449 -2.76532825 -26.80507868 48.32435228 1.85666565 -7.81379474 -18.54713776 -5.1405189 24.34320473 -0.7159962 0.00000331 -0.00000642
0.00253142 1.00539559 -0.02265349 17.4542128 -2.61431527 5.82306625 12.7815041 0.1454416 -0.36444848 9.67792343 0.16258292 -0.16457713 9.68171974 0.12682956 -0.15096982 14.23837949 2.83414252 -7.22847067 -24.95085763 15.48152186 -0.08391153 1.87836837 -3.9853101 3.25771186 -38.39778265 -2.6367917 -47.9674651 -179.99998659 -60.16905459 -179.99997129 2.3778314 12.07746213 45.53629613 -0.86310171 3.06624196 -7.28615668 -20.22083789 9.26507902 31.89467093 -179.9999906 50.35682656 179.99998761 -6.28269726 -0.54696455 -31.61332256 -59.3222615 0.8285099 8.45844985 44.17384346 1.61660044 1.71280687 -1.08572636 0.8682118 -12.23943017 -1.85298668 0.00000177 2.7e-7 -45.07759562 -3.17831939 -26.93480357 48.10689264 1.76982754 -7.64277611 -18.71296804 -5.17037433 24.31909716 -0.69997423 -0.00000731 0.0000066
0.00130369 1.00689073 -0.0193883 17.4460703 -2.34253069 5.62740289 12.63116906 0.40084934 -0.51728193 9.56204864 0.3904354 -0.26135254 9.56693362 0.3519024 -0.255791 13.969785 2.85495525 -7.21410442 -25.96613366 15.53746277 0.05640738 2.00753136 -4.47442328 2.75790748 -35.62028539 -1.24573744 -47.01978229 179.99998228 -59.87179634 179.99999401 1.91006876 10.92000709 45.26155169 -0.77991826 3.08387232 -6.81805778 -19.42852774 9.15880229 31.08821685 179.99998994 51.27285901 179.99999689 -5.79669097 -0.12131284 -31.75028934 -59.10424074 0.83504407 8.48641277 43.99928215 1.47486364 1.75008098 -1.1612871 0.86681754 -12.21007686 -1.85628294 -0.0000047 -0.00000414 -44.71334018 -3.68707242 -27.08499007 47.79516558 1.60887504 -7.31951298 -18.74984125 -5.1559202 24.17902207 -0.71795457 -0.00001361 0.00000487
-0.00005985 1.00913866 -0.01675424 17.50597938 -2.10474771 5.44744015 12.4850399 0.61253127 -0.63381008 9.44484274 0.57535912 -0.33319252 9.45062297 0.53461603 -0.33374673 13.65843547 2.88969479 -7.24413896 -26.93826126 15.57747092 0.26078861 2.10745365 -4.8688999 2.4162426 -33.7314311 0.11518814 -46.17072588 179.99999039 -59.67755288 179.99999794 1.71459953 10.28326806 44.90257818 -0.70772624 3.11754862 -6.43365223 -18.86563739 9.13958646 30.46710905 179.99999985 52.14801331 179.99997913 -5.60153101 -0.14485794 -31.80877324 -58.82748128 0.87479837 8.55519715 43.54984708 1.33002108 1.75296173 -1.08783754 0.84500072 -12.16519755 -1.85854817 -0.00000208 -0.00000624 -44.44275117 -4.26486498 -27.2831127 47.34445956 1.53613793 -6.88026979 -18.66065643 -5.09711046 23.92011451 -0.74164253 -0.00000888 -0.00000481
-0.00129262 1.01193049 -0.01470298 17.61912253 -1.89265497 5.31739482 12.34637033 0.77637015 -0.71264925 9.32923482 0.71195674 -0.38316566 9.33558155 0.67073464 -0.38801378 13.3111155 2.9346477 -7.29762356 -27.82190904 15.60338528 0.5018592 2.17444816 -5.13812811 2.20849537 -32.70292616 1.17578588 -45.43219128 -179.99999545 -59.6078801 -179.99998599 1.88963775 10.21712914 44.5472289 -0.64301832 3.15500971 -6.09770218 -18.5070508 9.24306741 29.99975828 -179.99998714 52.97266866 179.99997835 -5.62329171 -0.777718 -31.8337652 -58.49917842 0.95489498 8.61839168 42.87275049 1.15257148 1.71716466 -0.89705405 0.81276119 -12.09779715 -1.86492694 2.7e-7 -0.000001 -44.2620118 -4.86672234 -27.54256468 46.78940317 1.49970796 -6.3793158 -18.45350685 -5.00741208 23.60213331 -0.84336957 0.00000546 0.00000455
-0.00241192 1.01492445 -0.01321437 17.74384497 -1.70520905 5.22056787 12.21571568 0.89918435 -0.75531004 9.21834915 0.80498895 -0.41674922 9.22479102 0.76590494 -0.42460554 12.94781651 2.9836516 -7.35277558 -28.59220483 15.61624378 0.74803051 2.21377901 -5.29566998 2.06481295 -32.29088181 1.7955569 -44.76365522 -179.99998405 -59.65813122 -179.99998908 2.39607488 10.61049527 44.29430287 -0.58283349 3.18554109 -5.77982409 -18.29607178 9.45549306 29.64133372 -179.99999935 53.71833755 179.99998864 -5.75316405 -2.05018301 -31.87615561 -58.13579497 1.04693326 8.66334169 42.06949621 0.9502065 1.67716127 -0.63073672 0.78007565 -12.03513675 -1.87952363 0.00000216 0.0000041 -44.17567327 -5.4790067 -27.84237999 46.22195448 1.29822018 -5.83608427 -18.10893867 -4.88654391 23.29462321 -0.87778304 -0.00000805 -0.0000014
-0.00348979 1.01790381 -0.01223626 17.84619078 -1.57958508 5.09967746 12.0915427 0.99525969 -0.76154981 9.11429356 0.8659909 -0.4375293 9.1203667 0.83181595 -0.4477634 12.5933119 3.03125283 -7.40353518 -29.249252 15.61800006 0.97592616 2.23898141 -5.39558203 1.89142097 -32.16435485 2.01609482 -44.10396065 179.99999661 -59.80027469 -179.99999516 3.17300879 11.35394986 44.11616368 -0.52846843 3.20589959 -5.48349322 -18.16010877 9.72199674 29.36433949 -179.99997668 54.34707097 179.9999826 -5.9118327 -3.85212302 -31.96821388 -57.7561083 1.11559833 8.73211914 41.24471902 0.75979308 1.68065963 -0.33279567 0.75153151 -12.01176659 -1.89887736 -0.00000343 0.00000317 -44.14755371 -6.09458718 -28.10068127 45.68858993 0.85359798 -5.25531393 -17.63806171 -4.73874526 23.01046868 -0.88480263 -0.00001334 -0.00000799
-0.004616 1.02075949 -0.01164657 17.90422665 -1.55272952 4.93572542 11.97026535 1.07943786 -0.72900277 9.0170592 0.90717296 -0.44604098 9.02236894 0.87988795 -0.45843678 12.26750443 3.07496332 -7.46413238 -29.80749118 15.61511373 1.17284295 2.26595132 -5.50350707 1.60690414 -32.05490733 1.99941101 -43.39701622 -179.99999492 -59.99724092 -179.9999889 4.0989754 12.26330195 43.94467202 -0.48563493 3.22062276 -5.24876254 -18.02243234 9.9820328 29.16544041 -179.99999349 54.83775522 179.99998274 -6.08036682 -5.98555108 -32.11824849 -57.36297053 1.16279086 8.86893561 40.46778834 0.60753731 1.73516737 -0.0401023 0.7277582 -12.03681003 -1.91806307 0.00000166 -0.00000213 -44.1024784 -6.66495399 -28.22514869 45.18571306 0.24949502 -4.70461071 -17.1080564 -4.58024614 22.7549485 -0.88103112 0.00001658 0.00000974
-0.00588584 1.02325797 -0.01130808 17.89239183 -1.60176037 4.76889041 11.848896 1.16094938 -0.65791397 8.92447069 0.9369914 -0.44186942 8.92888382 0.91716787 -0.45630832 11.97914168 3.11543345 -7.55618111 -30.28258324 15.62082475 1.33191584 2.3042847 -5.66281765 1.17830534 -31.84173164 1.92215063 -42.61443087 -179.9999898 -60.21767741 -179.99998573 5.01975806 13.14891716 43.77966541 -0.46057154 3.23669826 -5.12057029 -17.81269857 10.2079167 29.04295226 -179.99999623 55.2128315 179.99998264 -6.27726636 -8.2210489 -32.32174893 -56.95773298 1.21550006 9.05897943 39.7962647 0.49380088 1.80748603 0.21802425 0.70878752 -12.09159368 -1.93586949 0.00000137 0.00000756 -43.9947964 -7.14078681 -28.22870028 44.75320902 -0.26350103 -4.26660798 -16.66126006 -4.44077336 22.51453451 -0.85139746 -0.0000072 2.8e-7
-0.00734146 1.02518325 -0.01105018 17.80941659 -1.66630583 4.63644203 11.72719709 1.24109487 -0.55840845 8.83403982 0.95947611 -0.42753187 8.83757476 0.94625766 -0.4438001 11.72655772 3.15470716 -7.68800073 -30.68708915 15.65118611 1.44932746 2.35372162 -5.87864049 0.64076339 -31.54459341 1.90469252 -41.77651934 179.99998219 -60.44220408 179.99999209 5.82362759 13.90278097 43.64436193 -0.45379167 3.25718682 -5.1060142 -17.48352469 10.41850289 28.9698734 179.99999652 55.54213834 179.99999684 -6.50191356 -10.3113861 -32.57030898 -56.56300012 1.27793444 9.24881726 39.27117186 0.40862836 1.87658974 0.42122576 0.6974935 -12.16201252 -1.95610945 0.00000244 -0.00000179 -43.8320222 -7.52026857 -28.1877787 44.43780764 -0.47819751 -3.97048988 -16.40929703 -4.34249275 22.2722534 -0.79107727 0.00000836 -0.00000502
-0.00892644 1.02648178 -0.01072862 17.68315269 -1.72673357 4.53019789 11.6087588 1.31481694 -0.45287909 8.74500986 0.97613358 -0.41007667 8.74784 0.96779427 -0.42788785 11.50288664 3.19371318 -7.84300285 -31.03650754 15.71518344 1.5259995 2.40769655 -6.12691095 0.08497411 -31.25352767 1.99832732 -40.95255592 -179.99999941 -60.66079208 -179.99997822 6.47194668 14.50028438 43.54064904 -0.45790941 3.27882434 -5.15761805 -17.03085377 10.65433381 28.89365501 179.99997995 55.91148487 -179.99998446 -6.68449854 -11.9773896 -32.84631279 -56.21337211 1.31057211 9.40016085 38.91632969 0.3769079 1.97576321 0.55427878 0.69858438 -12.27136677 -1.98163223 0.00000691 0.00000176 -43.63805213 -7.812416 -28.11584079 44.24439938 -0.41422159 -3.80355879 -16.35177573 -4.2873362 22.04103683 -0.77561516 0.00001264 0.00000735
-0.01060455 1.02706551 -0.01043232 17.52143932 -1.81957251 4.42209048 11.49954496 1.3747802 -0.3685653 8.65920577 0.9879402 -0.39860197 8.66157318 0.9827066 -0.41770235 11.30352481 3.23031155 -7.98614077 -31.35391994 15.80487766 1.56922355 2.46073262 -6.37763244 -0.38315554 -31.04956785 2.20568037 -40.23149973 -179.99996874 -60.8666754 -179.99997638 6.98545914 14.96977151 43.4565537 -0.46140282 3.29461284 -5.19823111 -16.50252651 10.93066257 28.77122918 -179.99998973 56.36981653 179.99999102 -6.67851616 -12.91775304 -33.11336632 -55.93630062 1.26574718 9.51218153 38.77711005 0.44956851 2.16581918 0.59972314 0.71372425 -12.46746163 -2.00662446 -0.00000237 -7.7e-7 -43.44058832 -7.99166308 -27.96080868 44.20540837 -0.24530993 -3.74915119 -16.43157652 -4.26797243 21.85248964 -0.79625932 -7.9e-7 -0.00000369
-0.01239276 1.02704674 -0.01037868 17.30942589 -1.95643761 4.31965052 11.40323119 1.41577258 -0.32556515 8.57900908 0.99618781 -0.39996427 8.58095766 0.99286495 -0.42020851 11.1296488 3.25923319 -8.08208586 -31.66735615 15.89472896 1.58985628 2.51193813 -6.61489851 -0.69168355 -30.95792438 2.50319097 -39.67883001 -179.99998674 -61.05261656 -179.99998137 7.41873575 15.3649292 43.37598161 -0.4555239 3.29887112 -5.16901085 -15.97959421 11.20611165 28.60905939 -179.99999238 56.88588036 179.99999197 -6.30493518 -12.87114969 -33.32144848 -55.69706365 1.16075797 9.58727997 38.80238741 0.62359158 2.44892254 0.5879085 0.73662051 -12.7500286 -2.02592841 -0.00000278 -5.7e-7 -43.24861779 -8.04344294 -27.72115555 44.327645 -0.11156245 -3.7853509 -16.58653574 -4.27300693 21.72006353 -0.83532228 0.00000239 0.00000919
-0.01415256 1.02691406 -0.01050804 17.04604569 -2.08908194 4.23698937 11.3172746 1.43702362 -0.33013584 8.50424497 1.00254729 -0.41658636 8.50587375 1.00062301 -0.43788425 10.98595568 3.27445337 -8.11092969 -32.00178615 15.95180615 1.59925355 2.56410068 -6.84173576 -0.83017247 -30.94426521 2.85453092 -39.30516781 -179.99998601 -61.21026265 -179.99998513 7.83254773 15.73945984 43.28219676 -0.43844758 3.29078967 -5.05780945 -15.53433792 11.3954819 28.46402362 -179.99997396 57.35088575 179.99997206 -5.41958125 -11.70152514 -33.43229842 -55.42393809 1.07204383 9.64017516 38.84221766 0.80498253 2.73602771 0.57944825 0.75625432 -13.03085048 -2.03892428 -0.00000414 2e-8 -43.01556626 -8.03255776 -27.45373894 44.49092224 -0.06559593 -3.88025598 -16.74349851 -4.28626124 21.64457433 -0.87750995 -0.00002865 -3.4e-7
-0.01573565 1.02706863 -0.01055681 16.74396736 -2.16190047 4.17258247 11.23386142 1.44278043 -0.37518011 8.43190121 1.00889363 -0.44695267 8.43316032 1.00828585 -0.46920949 10.87329653 3.27332718 -8.07223891 -32.37408319 15.9520434 1.61133758 2.61980835 -7.0691488 -0.84585281 -30.94025261 3.22063788 -39.06191568 179.99998191 -61.33033432 179.99998041 8.26709934 16.12571675 43.16470778 -0.41287866 3.27399121 -4.88561588 -15.18697196 11.42200641 28.39171838 179.99997834 57.6343551 179.99999793 -3.96200595 -9.45708566 -33.44752894 -55.08300205 1.07430414 9.71063695 38.7996619 0.8642293 2.92005893 0.6014226 0.76757488 -13.20699873 -2.04310852 -2.5e-7 9.7e-7 -42.6918098 -8.04074495 -27.21079329 44.57557386 -0.10814623 -4.00556827 -16.86034434 -4.29805536 21.62230583 -0.90240713 -0.00001121 0.00000644
-0.01725364 1.02740273 -0.01041902 16.42763336 -2.16426711 4.12476607 11.14565017 1.44068933 -0.44590159 8.35871752 1.01683449 -0.48773255 8.35960006 1.01762005 -0.5108309 10.78140412 3.25963385 -7.97938714 -32.79438534 15.89098537 1.64878399 2.67766308 -7.29856235 -0.8137875 -30.87555929 3.57030619 -38.86009813 179.99999347 -61.40285316 -179.99998382 8.72707171 16.52365892 43.02328977 -0.38027172 3.25302595 -4.66658331 -14.8933524 11.27596593 28.38309338 179.99999511 57.66536645 -179.99999923 -1.9723497 -6.38866522 -33.4151452 -54.71915857 1.18471551 9.83715993 38.70711546 0.73593369 2.96172795 0.63372571 0.77299898 -13.25602432 -2.04289399 -0.0000036 -0.00000144 -42.31579319 -8.08085778 -27.01876771 44.6172943 -0.1921981 -4.12977882 -16.97048922 -4.31149563 21.62294769 -0.91133061 -0.00000301 3e-8
-0.01893364 1.02758705 -0.01017637 16.13803542 -2.12107926 4.08874462 11.0516521 1.43835786 -0.5274396 8.28490395 1.02691541 -0.53599993 8.28539403 1.0291858 -0.55983607 10.68831225 3.24300718 -7.85218167 -33.26797274 15.78197566 1.74296482 2.73100308 -7.51197345 -0.8050234 -30.70351652 3.88679222 -38.59941751 -179.9999892 -61.41977093 -179.99997663 9.18633367 16.90851126 42.86762727 -0.33727306 3.2301148 -4.38448622 -14.57762402 11.04009245 28.3480033 179.99998549 57.48674347 179.99999745 0.40386407 -2.9426461 -33.40607896 -54.4123955 1.35420899 10.02678295 38.6376182 0.46127946 2.89815267 0.65213139 0.77624024 -13.23208555 -2.03967968 0.00000496 0.00000126 -41.9844182 -8.12765861 -26.88285299 44.71651205 -0.24779882 -4.21538541 -17.1286552 -4.32809739 21.59819705 -0.89220655 -0.00000199 0.00001385
-0.02080572 1.02758636 -0.00993458 15.90151479 -2.0681504 4.04682546 10.95901801 1.44047603 -0.60812105 8.21537658 1.0381389 -0.5892696 8.21541063 1.04196372 -0.61378391 10.56973992 3.23368739 -7.71297002 -33.79301234 15.64281576 1.9203233 2.77051493 -7.67927485 -0.86784083 -30.41429013 4.16544491 -38.1972366 179.99998398 -61.38216787 179.9999897 9.61144109 17.25449628 42.71132384 -0.27898551 3.20495686 -4.00963869 -14.1921316 10.85830011 28.17000076 179.99999368 57.24890914 179.99998468 2.9079593 0.28168298 -33.46451456 -54.18639945 1.52050537 10.26295762 38.59989419 0.13487496 2.7917955 0.66044756 0.77867011 -13.19439649 -2.03401023 3.8e-7 -9e-7 -41.73768002 -8.17771528 -26.77547377 44.87808164 -0.26597297 -4.24527512 -17.32169971 -4.34445369 21.52820376 -0.86392184 -0.00000611 -0.00000168
-0.02277444 1.02754745 -0.00981551 15.69084884 -2.02436627 3.99856544 10.878325 1.44829789 -0.67785828 8.15699151 1.04837918 -0.64363557 8.15650776 1.05380155 -0.66879307 10.41382928 3.2357929 -7.58563857 -34.35524464 15.48111349 2.18109808 2.79024118 -7.7798725 -1.02730323 -30.03881431 4.41014875 -37.61222713 -179.99998373 -61.30758833 -179.99997104 9.98972629 17.56086443 42.56455167 -0.20622651 3.17798018 -3.54798201 -13.76186711 10.85901285 27.79800376 179.99997917 57.14724721 179.99999619 5.18381562 2.6518532 -33.55632451 -53.98504956 1.65414654 10.50149375 38.55231892 -0.1676833 2.69712695 0.68137578 0.78089956 -13.18034527 -2.02649135 -8.3e-7 -9.1e-7 -41.54509681 -8.24167623 -26.67442199 45.06041822 -0.26664771 -4.2486335 -17.51079506 -4.35816893 21.42821116 -0.83696637 0.00001155 -9.6e-7
-0.02482648 1.02741546 -0.00997424 15.45660093 -1.97627625 3.97460559 10.81676109 1.46083396 -0.724628 8.11420913 1.05545372 -0.69156768 8.11324668 1.06247985 -0.71729202 10.23050797 3.24387148 -7.49363537 -34.92698215 15.28886425 2.48851874 2.79257405 -7.82179277 -1.29408834 -29.64226703 4.637891 -36.85917509 -179.99998413 -61.22898916 -179.99998627 10.34323988 17.85929634 42.42752775 -0.13157163 3.15416746 -3.07939879 -13.38364219 11.07527662 27.31310354 -179.99998198 57.33643659 -179.9999999 6.86666584 3.70368076 -33.56119198 -53.75514622 1.74915602 10.68022225 38.48341848 -0.41948478 2.64618347 0.72491254 0.7793284 -13.21342352 -2.01747743 0.00000183 -0.00000292 -41.39395038 -8.31351523 -26.61359077 45.29965736 -0.24825236 -4.25464794 -17.70623665 -4.36760211 21.31217939 -0.81599556 -0.00000764 0.00000295
-0.02703548 1.02708351 -0.01045951 15.19843552 -1.9277518 3.99665988 10.77436504 1.4758675 -0.73519991 8.08659067 1.05795543 -0.72230907 8.08519688 1.06652527 -0.74843973 10.04706286 3.24579199 -7.45467775 -35.47372025 15.04908104 2.78180337 2.78748245 -7.84187973 -1.67014918 -29.30519767 4.88862452 -36.00955682 -179.99998476 -61.18212734 -179.99998014 10.71876708 18.1964886 42.28891434 -0.0777577 3.14351397 -2.74975837 -13.18543703 11.40949774 26.91838079 179.99999413 57.85887499 179.99999465 7.74502037 3.33298879 -33.33060264 -53.50196928 1.81331092 10.79454132 38.40484746 -0.62498868 2.63203634 0.7864728 0.77493692 -13.29737876 -2.00787799 0.00000587 -0.00000506 -41.31180458 -8.36941273 -26.61436392 45.63970012 -0.19701943 -4.26058048 -17.92878239 -4.37227372 21.17282901 -0.80219064 0.000013 -0.00000321
-0.02944223 1.02668198 -0.01116574 14.96963916 -1.93149083 4.04672404 10.74684923 1.4900438 -0.7002236 8.07078146 1.05524143 -0.72545011 8.06904446 1.06524801 -0.75175409 9.89113247 3.23029489 -7.47328553 -35.96562383 14.75046076 3.00600902 2.78626202 -7.88478034 -2.14481368 -29.09429482 5.22366302 -35.17172811 -179.9999745 -61.18751984 -179.99997495 11.16314878 18.60607373 42.13008935 -0.06773125 3.15683021 -2.70548999 -13.26847461 11.66841989 26.83960508 -179.99999075 58.61417775 179.99998891 7.89440437 1.85361361 -32.76369901 -53.26035455 1.86970386 10.92266454 38.30505517 -0.78659427 2.6221867 0.86291224 0.76842769 -13.41533705 -1.99939078 -0.00000499 -0.00000172 -41.30973217 -8.38069227 -26.61114373 46.02567449 -0.12472259 -4.25657801 -18.15112283 -4.3722874 21.00269472 -0.79353085 0.00000909 0.00000138
-0.03199298 1.02639267 -0.01204761 14.80433164 -2.01128066 4.09546332 10.73257235 1.49898182 -0.61934802 8.06522243 1.04680299 -0.69564449 8.06332136 1.05825893 -0.72188792 9.77202057 3.19385991 -7.53548332 -36.3866051 14.39887915 3.13841433 2.79462309 -7.97520465 -2.68109391 -29.03239715 5.7007741 -34.45473161 179.99999746 -61.24050774 -179.99998704 11.70445436 19.09496573 41.9329112 -0.11024187 3.1993736 -3.00503162 -13.65179327 11.65942203 27.18071702 179.99999726 59.38641417 179.99999325 7.66562256 -0.10652151 -31.84018103 -53.04974154 1.93328513 11.10719648 38.15819203 -0.9001069 2.61233034 0.96626736 0.75971303 -13.55380738 -1.99334285 -0.00000395 -0.0000026 -41.36644756 -8.33847541 -26.53532069 46.38209288 -0.06330413 -4.24949777 -18.33764833 -4.36457417 20.81372769 -0.78834216 -0.00000304 -0.00000112
-0.03461826 1.0261187 -0.01320903 14.69844495 -2.11751399 4.14557408 10.73728502 1.49738346 -0.50371262 8.07376781 1.03158598 -0.63580689 8.07179443 1.04483659 -0.66182979 9.67301285 3.14226428 -7.61088336 -36.73722295 14.01694597 3.19447124 2.81045259 -8.10258005 -3.21223829 -29.0845514 6.33767318 -33.93242498 179.99999233 -61.31573384 179.99999835 12.35222486 19.65303531 41.68575593 -0.1908703 3.26530174 -3.5604643 -14.24358592 11.30063124 27.83071924 -179.99999512 59.92738805 179.99998116 7.52290682 -1.80444396 -30.61882614 -52.88499379 1.98204937 11.29318607 37.96837947 -0.95621242 2.62148447 1.10972276 0.74777469 -13.71579644 -1.98961458 0.00000275 0 -41.48579593 -8.24650911 -26.4141052 46.73275899 -0.02700536 -4.2437556 -18.50177112 -4.35268088 20.62114537 -0.79117422 0.00000683 0.00000583
-0.03726694 1.0256588 -0.01470722 14.64607905 -2.20559967 4.22833062 10.77239188 1.47941538 -0.37379952 8.10414733 1.00760233 -0.55652286 8.10215075 1.02341863 -0.58226165 9.55982732 3.085969 -7.66471126 -37.03242942 13.62832471 3.21394152 2.82664337 -8.22815456 -3.66024519 -29.17148783 7.09120717 -33.62656952 -179.99998288 -61.38159129 -179.99998022 13.10734314 20.27059598 41.38481321 -0.27676133 3.33672843 -4.15913701 -14.86987021 10.67847597 28.50481413 -179.99999861 60.06543822 179.99998396 7.82467772 -2.60873312 -29.23380778 -52.7790443 1.99028353 11.40933872 37.76016534 -0.94513308 2.66261884 1.28793373 0.73220999 -13.91263406 -1.98677453 -7.3e-7 -0.00000201 -41.70116811 -8.0944289 -26.30840446 47.14362375 -0.01273273 -4.24628458 -18.67441917 -4.34462238 20.43736664 -0.80849635 -0.00001221 0.000003
-0.03986233 1.02500435 -0.01640114 14.63215496 -2.29574267 4.36379875 10.8472062 1.43948654 -0.2511248 8.16238552 0.97194213 -0.47131681 8.16038068 0.99130875 -0.49676234 9.39921211 3.03293795 -7.67563508 -37.29666253 13.2359349 3.24074435 2.83591881 -8.3085253 -3.97488707 -29.20718723 7.87008043 -33.51330551 -179.9999824 -61.41539922 179.99999251 13.96101562 20.93958411 41.03422737 -0.33344733 3.39088437 -4.56751926 -15.35529407 10.00675411 28.90931646 179.99999444 59.78669898 179.9999847 8.6675074 -2.20511596 -27.87282508 -52.71088517 1.97980553 11.46562262 37.55370917 -0.8783948 2.71321564 1.47489051 0.71409599 -14.13076653 -1.98330581 -5.5e-7 -0.00000618 -41.99958932 -7.87174332 -26.22000484 47.61275498 -0.01733322 -4.28582851 -18.85558004 -4.34380772 20.28056969 -0.83960198 0.0000046 -0.00000167
-0.04229078 1.02429466 -0.01803298 14.61459682 -2.42512594 4.53201806 10.9612285 1.37383909 -0.14784808 8.24748924 0.92131558 -0.39057444 8.24539436 0.94499549 -0.41568121 9.17530931 2.98370636 -7.64918052 -37.55875774 12.81113865 3.30604225 2.8327684 -8.31651649 -4.16630631 -29.13648489 8.56879655 -33.5430704 179.99999603 -61.41251183 -179.99999814 14.87573007 21.63288075 40.64908751 -0.34316534 3.41361894 -4.65717063 -15.60059187 9.50283174 28.91833178 -179.99999529 59.24429377 -179.9999961 9.86705818 -0.71303861 -26.7114605 -52.63692868 2.00083805 11.53064327 37.37691616 -0.805759 2.73862957 1.63434441 0.69658365 -14.33229538 -1.97915815 -0.00000293 -0.000004 -42.30504083 -7.60869825 -26.11862829 48.08340991 -0.04257742 -4.37504711 -19.02213866 -4.34971817 20.16095162 -0.87538483 0.00000339 0.00000238
-0.0444018 1.02368317 -0.01934772 14.56530351 -2.58834463 4.68683102 11.10165144 1.2820928 -0.06249986 8.34981574 0.85325716 -0.31845093 8.34773244 0.88128191 -0.34299483 8.89482161 2.93150139 -7.61560211 -37.84331258 12.30622503 3.4170641 2.81237987 -8.24192235 -4.30374037 -28.94942838 9.09232161 -33.66568877 179.99999536 -61.39235411 179.99998707 15.76747227 22.28704731 40.26079013 -0.31270673 3.40827912 -4.47145603 -15.60805947 9.26136754 28.64418611 -179.99998951 58.68487496 179.99998227 11.05645574 1.35517354 -25.8354448 -52.53684256 2.06651123 11.64161488 37.2512146 -0.76639202 2.73027684 1.74369982 0.68301454 -14.48831323 -1.9750877 -0.00000553 -0.00000134 -42.5423377 -7.37273725 -26.00051962 48.48874558 -0.07243205 -4.48543399 -19.15708772 -4.35753659 20.06932958 -0.90542611 0.00000197 0.00000106
-0.04603321 1.02333923 -0.02012022 14.50986612 -2.76312196 4.79566941 11.24725948 1.16776147 0.01390167 8.45419745 0.76765652 -0.25470466 8.4522219 0.79904404 -0.27824338 8.58089018 2.86658715 -7.60939182 -38.16201101 11.68617532 3.55152558 2.7691263 -8.0739825 -4.47053503 -28.66760084 9.35863132 -33.8544937 179.99998748 -61.40044571 179.99999568 16.51766396 22.81451867 39.91512594 -0.26734095 3.39177181 -4.18325651 -15.45668915 9.21416819 28.36157913 -179.99997852 58.33266653 179.99998049 11.83479316 3.29611668 -25.22307633 -52.42259082 2.14261644 11.78103498 37.1658415 -0.73922743 2.70691505 1.80035444 0.67598982 -14.59982662 -1.97092548 0.00000193 -0.00000607 -42.68541623 -7.2115417 -25.87786631 48.75744822 -0.08479629 -4.57829825 -19.24380916 -4.36154514 19.99404171 -0.92740163 0.00000447 -0.0000063
-0.04706243 1.02339493 -0.02019206 14.471955 -2.9629522 4.86574288 11.37552641 1.0369872 0.08582334 8.54479422 0.66770796 -0.19966903 8.5431211 0.70069385 -0.22161937 8.26253744 2.78132347 -7.64061477 -38.50877394 10.9574747 3.66270327 2.69748625 -7.78922411 -4.70376851 -28.31999625 9.3033797 -34.1205769 -179.99999227 -61.50175119 -179.99999518 17.01907008 23.14261824 39.65631894 -0.23339681 3.38180367 -3.97223854 -15.248773 9.20805805 28.33273505 -179.99996064 58.30094029 179.99995395 11.92010796 4.48527093 -24.80473183 -52.28614622 2.21331482 11.92304897 37.10039633 -0.67607519 2.68760758 1.8009168 0.67574316 -14.68130066 -1.9658156 -5.8e-7 0.00000174 -42.7361991 -7.12897465 -25.76259268 48.84646164 -0.05274467 -4.64645981 -19.26836111 -4.35701905 19.93183179 -0.94508969 0.00000609 -0.00001468
-0.04742753 1.02385773 -0.01951494 14.43231827 -3.22853041 4.93269308 11.46846268 0.89626035 0.14444686 8.60894585 0.55952659 -0.15822502 8.6077742 0.59233043 -0.17806512 7.9668086 2.67324558 -7.67747766 -38.86289107 10.17171448 3.69871228 2.59720329 -7.36664297 -4.95541553 -27.93035925 8.91480499 -34.50410837 179.99996398 -61.75846799 179.9999803 17.22898509 23.25126976 39.50271533 -0.21957528 3.38562249 -3.89923793 -15.05157364 9.1409466 28.63551499 179.99997209 58.58212462 -179.9999806 11.26826762 4.60192698 -24.54195924 -52.08923165 2.29921268 12.05447795 37.06067134 -0.54345088 2.67687414 1.73001332 0.68594415 -14.74212226 -1.96047759 0.00000365 0.00000879 -42.70134762 -7.11347184 -25.68248156 48.7623792 0.08848769 -4.70682698 -19.23403291 -4.34109241 19.87213488 -0.9553792 -0.00000494 -0.00001169
-0.0471122 1.02464631 -0.01814561 14.37912215 -3.58542447 5.01288103 11.51576349 0.75073937 0.16823595 8.63893345 0.45046943 -0.14000285 8.63833071 0.48219954 -0.15750083 7.71502701 2.5452964 -7.65524335 -39.19642224 9.39962345 3.63004382 2.47751686 -6.82357685 -5.11127971 -27.52196064 8.28230011 -35.03779095 -179.99998971 -62.19759532 -179.999985 17.19688586 23.1870844 39.43183472 -0.20898665 3.39565315 -3.85367017 -14.86290429 9.05168825 29.09363712 -179.99996371 59.10279259 179.99995923 10.10273973 3.73193821 -24.4539759 -51.82567217 2.41243931 12.18175615 37.06779562 -0.33508914 2.66767159 1.5759021 0.70708352 -14.78353284 -1.95645161 -0.00000233 -0.00000134 -42.6003933 -7.15326843 -25.65364088 48.53362146 0.37746903 -4.76254505 -19.14823788 -4.31182412 19.80413813 -0.95531795 -0.00000658 -0.00001145
-0.04614837 1.02575997 -0.01623871 14.35052291 -4.0403205 5.0853694 11.51536754 0.60432039 0.13364265 8.63248638 0.34702731 -0.15524298 8.63235465 0.37811072 -0.17058167 7.51935937 2.4042989 -7.51072859 -39.48039234 8.69442283 3.46770478 2.35527853 -6.23672295 -5.05509945 -27.12602329 7.5962045 -35.69892043 -179.99999528 -62.78744301 -179.99999448 17.05221082 23.05285406 39.38598817 -0.1671577 3.39278947 -3.60461233 -14.6210218 9.1013697 29.34798566 -179.99996525 59.78052388 179.99995043 8.82679977 2.30245373 -24.57314079 -51.5416903 2.54691619 12.34259752 37.11068278 -0.06871664 2.64105738 1.35530209 0.73669303 -14.79655308 -1.95352397 -0.00000263 -0.00000262 -42.45925668 -7.22543524 -25.6344918 48.14898673 0.76735738 -4.79832183 -18.99034912 -4.26509827 19.73273707 -0.93938794 0.00003084 -0.00000222
-0.04465851 1.02735795 -0.01406027 14.39900494 -4.60269825 5.13295886 11.47335651 0.46110297 0.03065376 8.59299987 0.2531892 -0.20816862 8.59315118 0.28504282 -0.22182556 7.37757021 2.25840055 -7.22290808 -39.68468982 8.06730651 3.25670864 2.24912956 -5.71835661 -4.74580105 -26.78150651 7.06063793 -36.38450395 -179.99997714 -63.44465964 -179.99998049 16.95821285 22.97767384 39.29763748 -0.06029509 3.35849311 -2.92680016 -14.24626385 9.46665915 29.02619255 -179.99994541 60.53555054 179.99993986 7.85719833 0.85344177 -24.8788606 -51.2685123 2.71124309 12.58588336 37.11139878 0.25032237 2.56549283 1.12465558 0.7674014 -14.76459743 -1.95012834 -0.00000316 4.8e-7 -42.30467774 -7.30186776 -25.55962293 47.56316792 1.17511158 -4.80446674 -18.71341714 -4.19263405 19.66694015 -0.89874532 0.00001848 -0.00000523
-0.0428845 1.0296097 -0.011935 14.54081862 -5.27201321 5.1769128 11.40283486 0.32634769 -0.12595215 8.52953209 0.16981232 -0.29142861 8.52982322 0.20393112 -0.30391001 7.26945711 2.11407414 -6.83318065 -39.77659164 7.48744241 3.04740232 2.17439023 -5.35917139 -4.25220976 -26.53169453 6.77080327 -36.93764368 179.99999089 -64.07261061 179.99999507 17.04463126 23.07018877 39.12140235 0.12592061 3.29064513 -1.73645651 -13.68834978 10.21437002 27.92465878 179.99999162 61.26794446 179.99999886 7.45522937 -0.23949837 -25.27405129 -50.97997739 2.9215839 12.91254598 36.95959659 0.65495537 2.42360438 0.9592949 0.78893482 -14.6868209 -1.94747484 -0.00000201 -0.00000402 -42.17105347 -7.38628578 -25.43086897 46.75988488 1.60523889 -4.77282219 -18.29319934 -4.08583101 19.5795255 -0.82689924 0.00000239 0.00000534
-0.04115 1.0324671 -0.01016626 14.76586722 -6.01577858 5.25899556 11.32158782 0.20529501 -0.29730157 8.45565667 0.09485442 -0.38515861 8.45599379 0.13196181 -0.39670812 7.16097373 1.97380118 -6.42981697 -39.73053158 6.90245956 2.8665462 2.13720271 -5.18268516 -3.7275739 -26.42214566 6.66147971 -37.21728165 179.99999995 -64.60466467 -179.9999869 17.34197435 23.3623386 38.85740594 0.37466222 3.20930278 -0.16600944 -12.96883794 11.23045987 26.12305633 -179.99999725 61.85463181 179.99999203 7.62755156 -0.91007239 -25.61332963 -50.63846559 3.15663891 13.25249489 36.58047098 1.19402731 2.24841182 0.91651906 0.79365102 -14.60493548 -1.94919899 -0.00000533 0.00000396 -42.12020086 -7.50975726 -25.32593026 45.80535925 2.12901714 -4.67364358 -17.75624636 -3.94382623 19.41114492 -0.76123993 0.00000473 0.00000169
-0.03979492 1.03560507 -0.00901648 15.05943319 -6.78014979 5.39802934 11.24838001 0.09962723 -0.43458087 8.38644447 0.02388506 -0.4624088 8.3869372 0.06372419 -0.47288814 7.01753414 1.83645097 -6.10396144 -39.55035114 6.26750575 2.71079575 2.13122472 -5.14544124 -3.33063519 -26.48506542 6.57715827 -37.16992915 -179.9999501 -65.02383267 -179.99994069 17.75157852 23.77680535 38.55603683 0.63904502 3.14372813 1.47008646 -12.20634352 12.24963131 23.98157045 -179.99999329 62.19389041 179.99997725 8.14794027 -1.32169435 -25.7507673 -50.25324714 3.36107706 13.52863539 35.98271728 1.86692731 2.11008745 1.01203947 0.78042965 -14.58412899 -1.9542799 0.00000211 -0.0000075 -42.20376106 -7.665504 -25.28888432 44.82746278 2.77363218 -4.48621451 -17.17128173 -3.78198101 19.12819834 -0.79459264 -0.00000507 0.00000421
-0.03904342 1.03862669 -0.00863079 15.39266845 -7.50545529 5.56239408 11.19875803 0.00342831 -0.50101763 8.33475841 -0.04943084 -0.49969678 8.3355793 -0.00764157 -0.50862996 6.82058604 1.70112662 -5.90539386 -39.28787171 5.57100342 2.56638815 2.1404683 -5.17421108 -3.15038482 -26.7094257 6.40109019 -36.85966394 -179.99998139 -65.34858726 -179.99998769 18.08247901 24.15113754 38.29933902 0.85915793 3.11123343 2.80447243 -11.59252195 12.97803102 22.0133309 -179.99998544 62.26866453 179.99999116 8.69208373 -1.66146901 -25.58412056 -49.87179486 3.49008382 13.72257495 35.24806487 2.59215764 2.06618703 1.22174826 0.7525996 -14.66114634 -1.9554815 -0.00000187 -0.00000321 -42.39377264 -7.79957551 -25.25278027 43.9318007 3.41877408 -4.25916867 -16.60120115 -3.62155496 18.78823058 -0.8182994 -0.00000601 0.00000293
-0.03896035 1.04122603 -0.00888943 15.72875592 -8.12674087 5.70078588 11.18244464 -0.09669091 -0.48630857 8.30870678 -0.13247742 -0.48625676 8.31007791 -0.08925707 -0.49304475 6.57703189 1.57197905 -5.82695652 -39.03311027 4.84666371 2.43661343 2.14893342 -5.20467584 -3.17337941 -27.02655307 6.12956844 -36.43813399 179.99999275 -65.6026046 179.99999682 18.15096575 24.3184114 38.1616439 0.98841816 3.10819515 3.5711161 -11.30561694 13.23904151 20.67858646 179.99997992 62.16983479 179.99999832 8.99767002 -1.9888855 -25.08334807 -49.54384638 3.5279982 13.85333384 34.48238671 3.26134854 2.13106266 1.49820277 0.71483622 -14.82789902 -1.94793617 -0.0000057 -0.00000553 -42.61887172 -7.87716237 -25.14887078 43.18894268 3.92652252 -4.04203826 -16.10439646 -3.48451502 18.4610233 -0.79388615 -0.00000147 -0.00000522
-0.03957107 1.04311569 -0.00949985 16.0394862 -8.61144921 5.80725939 11.20186251 -0.21629623 -0.40949141 8.31060335 -0.23138156 -0.42842582 8.31271851 -0.18665822 -0.43246505 6.31580566 1.45982695 -5.82551782 -38.87028207 4.16309154 2.35314145 2.14700202 -5.19798106 -3.31500161 -27.33283068 5.83595278 -36.07054055 -179.99999653 -65.79545825 -179.99998857 17.88793551 24.1999467 38.16658142 1.01242444 3.11885956 3.70035208 -11.41679848 13.04923124 20.20564724 -179.99996278 62.04931848 179.99997268 8.95055663 -2.22721356 -24.28959301 -49.3084294 3.49293857 13.94534656 33.80645065 3.8156266 2.26768649 1.77640613 0.67520987 -15.05451257 -1.93534273 -0.00000388 0.00000836 -42.86912728 -7.89081421 -25.00183738 42.68981672 4.27279972 -3.84905187 -15.74680825 -3.38207361 18.16531408 -0.75400987 0.00000517 -1.3e-7
-0.04077665 1.04416763 -0.01025618 16.29788545 -9.00906826 5.92130466 11.25111219 -0.36466853 -0.30844123 8.3368328 -0.34749631 -0.34610674 8.3398254 -0.30091195 -0.34691375 6.07452955 1.37817628 -5.85877932 -38.83077973 3.59264249 2.36058386 2.13156287 -5.13748 -3.48032929 -27.53195305 5.57269195 -35.86409143 -179.99996146 -65.92994309 -179.99996474 17.38223761 23.85105217 38.27079417 0.94947134 3.12892599 3.31220857 -11.86494831 12.58869965 20.53880602 179.99997424 62.02910579 -179.99998899 8.57277651 -2.25110353 -23.29240285 -49.15497249 3.43831005 14.03478433 33.30622068 4.26839337 2.4073336 1.9998155 0.64113275 -15.30460208 -1.9256259 -0.00000177 0.00000551 -43.16957173 -7.82743232 -24.85373548 42.49062826 4.52003206 -3.70608495 -15.55305261 -3.31441848 17.89813843 -0.71776302 0.00000797 -4.5e-7
-0.04230558 1.04452469 -0.01112741 16.47331262 -9.40964711 6.08470112 11.31622191 -0.53845141 -0.22229333 8.37820842 -0.47486275 -0.2633382 8.38208536 -0.42642243 -0.26061664 5.88391652 1.33565059 -5.90697252 -38.88070479 3.17622053 2.48653245 2.10296288 -5.0198869 -3.6097694 -27.56828757 5.31150791 -35.84429514 179.99998365 -66.023777 179.99998767 16.8299405 23.42971961 38.39029346 0.83693269 3.13231435 2.63620782 -12.50941974 12.09905469 21.41944392 179.99999066 62.12769933 -179.99999645 7.96151114 -1.97998454 -22.20770603 -49.02193264 3.42890324 14.15585693 32.99106003 4.6619868 2.48816577 2.14740556 0.61673757 -15.5406212 -1.92300146 -0.0000054 0.00000123 -43.50604988 -7.66578369 -24.69737704 42.54994808 4.72781758 -3.67247099 -15.48395798 -3.27603097 17.67765987 -0.71742483 0.00000186 -0.00000565
-0.0439088 1.04446472 -0.01214448 16.56377159 -9.88334629 6.31950136 11.37884102 -0.72259666 -0.17562111 8.42206183 -0.60175469 -0.19811443 8.42675537 -0.55206896 -0.1918695 5.755757 1.32989595 -5.9663992 -38.95521204 2.90652021 2.719911 2.06322792 -4.84993136 -3.67976172 -27.43988652 4.97396677 -35.9850951 179.99998623 -66.12097382 179.99998525 16.42914625 23.10887634 38.44536051 0.71482075 3.13003528 1.91196112 -13.20351337 11.77526097 22.51834288 179.99999338 62.2556512 -179.99997972 7.23158841 -1.42089167 -21.16185411 -48.85503389 3.51240178 14.33105017 32.80920245 5.03217325 2.47714615 2.23182977 0.60184011 -15.73638994 -1.92555754 -0.00000128 -0.00000106 -43.84758247 -7.38652394 -24.49911336 42.77045557 4.9223264 -3.78565855 -15.47695271 -3.25861014 17.52258231 -0.72819264 0.00000479 0.000003
-0.04548501 1.04426826 -0.01327872 16.61441236 -10.45895004 6.63407775 11.42195546 -0.89862838 -0.17146601 8.45575631 -0.71652204 -0.15639747 8.46113082 -0.66654425 -0.14692001 5.67941109 1.34727521 -6.02987201 -39.01147655 2.73798209 3.01142061 2.01553156 -4.63940566 -3.6776653 -27.1927948 4.51675792 -36.25663885 -179.99999297 -66.277177 -179.9999786 16.29161673 22.99008752 38.39061602 0.61340527 3.12637148 1.31392124 -13.83768345 11.70245864 23.54607403 179.9999681 62.28357511 -179.99997266 6.4843963 -0.6555489 -20.27540728 -48.6379625 3.69205261 14.55025176 32.6782521 5.427572 2.38828367 2.28546177 0.59250802 -15.89819872 -1.92880686 -1.6e-7 0.00000153 -44.1974474 -6.99580077 -24.25638257 43.05360291 5.12984557 -4.01000202 -15.47873052 -3.2503415 17.41338362 -0.74735776 -0.00002852 0.00000607
-0.04694986 1.04420883 -0.01435972 16.68064314 -11.09585443 7.005641 11.43646971 -1.05531763 -0.19381183 8.47068175 -0.81446528 -0.13207445 8.47661265 -0.76503681 -0.11976538 5.62808286 1.36872174 -6.07932528 -39.05661292 2.61222695 3.29459927 1.96448747 -4.4089063 -3.59048702 -26.90161515 3.99361358 -36.64383958 -179.99997915 -66.52699609 -179.99997331 16.41777705 23.07234548 38.21888201 0.54598362 3.12564187 0.91387207 -14.34693356 11.8526459 24.32269864 -179.99999031 62.13687271 179.99998976 5.79864337 0.20543344 -19.64785907 -48.37206613 3.90768255 14.74997246 32.50608269 5.8954785 2.28907873 2.34633929 0.58335781 -16.0592452 -1.93053623 -0.00000662 -0.00000247 -44.56095259 -6.57125926 -24.01741075 43.29982498 5.38182961 -4.25589887 -15.45023997 -3.24015615 17.30664251 -0.75882508 0.00000646 -0.00000191
-0.04822038 1.04444855 -0.01521003 16.78310924 -11.72508984 7.37696038 11.42359998 -1.19419649 -0.21533427 8.4650919 -0.90102682 -0.11136658 8.47144908 -0.85270059 -0.09647469 5.5719709 1.37820011 -6.09867419 -39.12856536 2.48227678 3.51299214 1.9157207 -4.18776238 -3.42470286 -26.64043252 3.54462398 -37.12271488 -179.99998002 -66.85990548 -179.99997415 16.73385069 23.2846349 37.94799397 0.50791408 3.13052247 0.67988367 -14.70047685 12.12703591 24.80672909 -179.99998994 61.85886134 179.99998645 5.23067287 1.07124592 -19.34741718 -48.07388017 4.09189177 14.88910133 32.25492569 6.42557426 2.23804879 2.43074705 0.5737653 -16.23933008 -1.93159757 -0.00000242 0.000015 -44.9099083 -6.2113715 -23.8093596 43.43644374 5.6722689 -4.46169074 -15.37141202 -3.22466236 17.1821858 -0.76780716 0.00000485 0.00000846
-0.04936203 1.04486603 -0.01584722 16.90648326 -12.32212647 7.70507583 11.39197209 -1.3270218 -0.20740937 8.44337845 -0.98909564 -0.07901045 8.45000271 -0.94226515 -0.06140511 5.49183267 1.36864289 -6.09113367 -39.2473697 2.32514837 3.63749044 1.87537654 -4.00742212 -3.22970288 -26.45011228 3.32138074 -37.62933007 -179.99997153 -67.22644195 -179.99997898 17.15133185 23.54415776 37.6045141 0.4826533 3.14134536 0.51319249 -14.8890456 12.42167089 25.07667993 -179.99995647 61.60259915 179.99996324 4.81714039 1.89605848 -19.40931795 -47.779508 4.23851892 15.00714819 31.97459952 6.95547368 2.22960548 2.52098507 0.56229065 -16.42988562 -1.93340085 0.00000325 -0.00000435 -45.2268287 -5.93368435 -23.60751115 43.49127182 5.96539125 -4.62413139 -15.2619706 -3.20687438 17.0447709 -0.77649811 -1.5e-7 0.00000359
-0.05052657 1.04517044 -0.01640267 17.01768385 -12.87983412 7.9824376 11.35082048 -1.46789714 -0.14958158 8.41203775 -1.09219152 -0.02400922 8.41880742 -1.04719577 -0.00318656 5.38485866 1.34246536 -6.07984067 -39.3811065 2.14247812 3.66681234 1.84783255 -3.88787036 -3.0853721 -26.31820243 3.4000659 -38.07178271 179.99995743 -67.57340094 179.99997528 17.59816068 23.78889412 37.21617796 0.45292878 3.15646783 0.31452802 -14.91500063 12.69063528 25.26581456 -179.99997313 61.5548195 179.99998441 4.58523956 2.66944107 -19.84409313 -47.52342574 4.36693364 15.1410702 31.75145712 7.43676752 2.24067114 2.59004601 0.5517416 -16.621625 -1.93633782 -0.00001071 -0.00000277 -45.51773363 -5.69676771 -23.40487315 43.54756496 6.03709825 -4.75774496 -15.16404373 -3.0197671 16.96076631 -0.77950206 -0.00001731 0.00000491
-0.05175215 1.04526627 -0.01692928 17.0857865 -13.36952748 8.21458992 11.30393624 -1.62583983 -0.03699542 8.37505462 -1.2174308 0.05688646 8.38192582 -1.17440655 0.08151503 5.26131613 1.30716457 -6.08890714 -39.45396425 1.95187136 3.61622676 1.83294777 -3.82585342 -3.04978543 -26.18576428 3.73887419 -38.38793454 179.99999539 -67.87850012 -179.99998595 18.00339177 23.96647379 36.82008641 0.41182638 3.17340125 0.04617056 -14.79256706 12.97239091 25.48467177 -179.99998596 61.83290528 179.99998338 4.56471738 3.38507645 -20.64786412 -47.29521383 4.47243698 15.25971122 31.59914723 7.86942439 2.28003345 2.64081326 0.54575641 -16.81712641 -1.93860802 0.00000421 6e-8 -45.76913238 -5.4834171 -23.21791745 43.65964901 5.9956596 -4.86988596 -15.10592391 -2.79752008 16.89954616 -0.77183212 -0.00002266 0.00000317
-0.05296529 1.04522919 -0.01739422 17.10768822 -13.77249466 8.40915502 11.24919044 -1.7997485 0.11946424 8.33224654 -1.36195376 0.15918551 8.33918757 -1.32042004 0.18798608 5.13714654 1.26953788 -6.12275405 -39.39317828 1.77339959 3.50500722 1.82525418 -3.79534384 -3.11242105 -25.97494927 4.201419 -38.59704679 -179.99996661 -68.15833778 -179.99998266 18.26658595 24.00758465 36.47294766 0.36660128 3.18989367 -0.24578298 -14.56314558 13.35253311 25.78247271 -179.9999827 62.41755524 179.99998304 4.78900095 4.01885034 -21.80730343 -47.07508592 4.5446384 15.325719 31.48370636 8.26619692 2.36033625 2.6863247 0.54132583 -17.01825559 -1.94526033 -6.6e-7 -0.00000364 -45.96697483 -5.29732487 -23.0576118 43.8179212 5.98825485 -4.97148708 -15.08457276 -2.68524686 16.82906626 -0.73932361 -4.7e-7 0.0000038
-0.05409281 1.04515389 -0.01775926 17.11716494 -14.11003178 8.56899655 11.18178284 -1.97922018 0.29822653 8.28083276 -1.51401465 0.27349716 8.28800751 -1.47274454 0.30636783 5.02923221 1.23170382 -6.16229512 -39.17522056 1.61541589 3.35117905 1.81738243 -3.76291827 -3.19716678 -25.62082296 4.62389945 -38.79371451 179.99999535 -68.44570644 179.99999454 18.26397641 23.82562764 36.24297067 0.33316237 3.2042086 -0.46496522 -14.31010015 13.88160228 26.16257944 -179.99997469 63.16419799 179.99998448 5.27528479 4.53338142 -23.29432325 -46.88127073 4.59671249 15.36553777 31.38899105 8.61902461 2.46194919 2.72740732 0.53972675 -17.21182927 -1.96047053 0.00000118 -3.4e-7 -46.12793614 -5.13984362 -22.9108198 43.97775297 5.99936848 -5.05865682 -15.07629017 -2.64712261 16.75563142 -0.71327999 -0.00000986 -0.00000526
-0.05508481 1.0451429 -0.01800535 17.17052388 -14.41005369 8.69077441 11.09919404 -2.14881451 0.47662164 8.2188757 -1.65767517 0.38972557 8.22647246 -1.61492578 0.42604049 4.95209873 1.19123006 -6.17966297 -38.83939049 1.4670522 3.17511303 1.80477945 -3.70781771 -3.21219913 -25.0979988 4.88330519 -39.0921556 -179.99994524 -68.75737609 -179.99993224 17.9098436 23.35764197 36.17477812 0.32579329 3.215044 -0.52530127 -14.14161865 14.51453252 26.61447938 179.99999817 63.88763097 -179.99999654 5.99911594 4.89803801 -25.05864605 -46.75689383 4.64146337 15.42972221 31.30365499 8.92903248 2.55358313 2.76769955 0.54046832 -17.37802921 -1.97888699 0.00000176 -0.00000203 -46.27411849 -4.99675521 -22.73878075 44.08217062 6.02048356 -5.12221538 -15.05326809 -2.66043781 16.68262402 -0.70337077 -4.1e-7 -0.00000235
-0.0558895 1.04535889 -0.01816245 17.30197637 -14.67537618 8.78460523 11.00389951 -2.29341924 0.63794293 8.14782832 -1.7784889 0.4996305 8.15606855 -1.73265243 0.53836879 4.91398873 1.14422738 -6.15660344 -38.46006391 1.30267841 3.00406681 1.78774048 -3.63182023 -3.09929208 -24.4329777 4.93590545 -39.57021116 -179.99996901 -69.0785105 -179.99997499 17.23058133 22.61845272 36.25145102 0.3495872 3.22123245 -0.39509059 -14.13355734 15.12774169 27.11820871 -179.99999281 64.4647573 -179.99999973 6.88629545 5.10336922 -27.0279838 -46.70401325 4.67918585 15.51798863 31.1816578 9.0678191 2.60760289 2.83626939 0.70068165 -17.49774618 -1.99494813 -0.0000027 0.00000265 -46.39766231 -4.8369776 -22.5009393 44.07500883 6.04302114 -5.1866125 -14.98547051 -2.76161936 16.62959841 -0.70775295 -0.00001231 0.0000048
-0.05642747 1.04590797 -0.01826683 17.47734781 -14.89705608 8.87349948 10.90336778 -2.40307409 0.77325664 8.07301423 -1.86775862 0.59717213 8.0819424 -1.81800178 0.63721248 4.90977242 1.08924908 -6.09245932 -38.10187326 1.09574133 2.8701129 1.77009879 -3.55346432 -2.84818766 -23.69208854 4.81904739 -40.24738089 -179.99997749 -69.37449978 -179.9999741 16.38528299 21.72468425 36.39075172 0.39977403 3.22164729 -0.10087949 -14.26828333 15.60396864 27.62395826 -179.9999767 64.89092129 179.99998069 7.83084153 5.16387445 -29.11893092 -46.65417663 4.70654662 15.57479671 30.9712937 9.03646337 2.63275189 2.95449591 1.04538625 -17.57275862 -2.00994285 -5.9e-7 0.00000864 -46.4683123 -4.65900299 -22.22169857 43.94093242 6.05091256 -5.2818773 -14.86095324 -2.94427914 16.61941828 -0.72401104 0.00001016 0.00000801
-0.05659828 1.04671531 -0.01825692 17.62416376 -15.07628607 8.96733549 10.80809651 -2.47606862 0.87865223 8.00186731 -1.9244759 0.67772156 8.01141118 -1.87115944 0.71817199 4.91813482 1.02889648 -6.00055561 -37.79138581 0.83406553 2.79899233 1.75636208 -3.49397204 -2.4845333 -22.94855534 4.62275641 -41.08932001 -179.99997809 -69.61750213 -179.99996918 15.60528489 20.86124704 36.48496012 0.46601677 3.21552109 0.29680021 -14.42759038 15.9164533 28.05030498 -179.99997617 65.25877806 179.9999626 8.72683479 5.11388677 -31.25075224 -46.53911923 4.72091545 15.55094263 30.68934569 9.00632992 2.67127195 3.09350954 1.39182979 -17.62779762 -2.02246415 7e-7 -0.00000977 -46.47393713 -4.51889895 -22.00120802 43.71547134 6.03366058 -5.3844435 -14.69881825 -3.0922763 16.64824261 -0.74651533 -0.00000638 0.00000421
-0.05633014 1.04755272 -0.01801452 17.721266 -15.24785375 9.05244084 10.72891715 -2.5195433 0.95243828 7.94167534 -1.95507598 0.73782949 7.95147678 -1.89968472 0.7782919 4.90710019 0.96847992 -5.90062047 -37.52049864 0.52593645 2.79767272 1.74992417 -3.46670741 -2.05839731 -22.25021177 4.4435083 -42.01453043 -179.99998821 -69.80431203 -179.99997852 15.09172351 20.20312425 36.45386044 0.53740076 3.2035732 0.73228806 -14.45792645 16.14337776 28.32282539 -179.99998064 65.68249055 179.99995893 9.4963043 5.00341673 -33.35443006 -46.38740851 4.7244986 15.48096572 30.45107677 8.97807365 2.7268281 3.18480568 1.71619225 -17.67719106 -2.03340734 -4.4e-7 -0.00000975 -46.44716534 -4.45858465 -21.89468153 43.44717162 5.99428702 -5.44054663 -14.52443864 -3.09269017 16.6926181 -0.76699259 0.00000418 0.00001049
-0.05562187 1.04821739 -0.01749338 17.82136665 -15.46693673 9.11369089 10.6746392 -2.54755892 0.99454495 7.89753304 -1.97127715 0.77610884 7.90712128 -1.91603968 0.81684987 4.84829177 0.91301462 -5.81274941 -37.2719708 0.19384657 2.85102968 1.75204696 -3.47492333 -1.64605658 -21.60994901 4.33854156 -42.90019665 -179.99999715 -69.95466293 -179.9999832 14.93537365 19.83904897 36.27418893 0.60592684 3.18874473 1.15477146 -14.2590532 16.40464644 28.42086443 -179.9999894 66.22030651 -179.99999196 10.1025307 4.89223314 -35.37497399 -46.30522079 4.73255549 15.46911584 30.37817814 8.95234528 2.75208998 3.17261715 2.00995868 -17.7065767 -2.04244689 -0.00000243 -0.0000016 -46.43927831 -4.43948981 -21.83615687 43.16040901 5.93874254 -5.44219843 -14.34237434 -2.95825358 16.7459767 -0.77911121 0.00001192 -2.2e-7
-0.05448272 1.04867599 -0.01672564 17.96498709 -15.74401499 9.15608619 10.6498176 -2.57628328 1.00762825 7.8715286 -1.98614385 0.79392366 7.88039287 -1.93336996 0.83575455 4.73190663 0.86490897 -5.75180507 -37.04296205 -0.13861928 2.9323521 1.76209736 -3.51384712 -1.34000059 -21.02101756 4.30248573 -43.60942485 179.99999195 -70.09521955 -179.99998855 15.09779171 19.74590122 35.97687954 0.66855164 3.17570574 1.54106909 -13.8283925 16.7808175 28.38353639 179.9999842 66.84414917 179.99999614 10.54900943 4.83871924 -37.27026974 -46.34459319 4.75875949 15.55529882 30.49144422 8.93007 2.70949157 3.05522221 2.2764785 -17.69310261 -2.04866081 -0.00000452 0.00000582 -46.46274665 -4.4036017 -21.75113711 42.85397976 5.86820266 -5.43352094 -14.14436397 -2.77888216 16.8282372 -0.78246367 -0.00002718 0.00000271
-0.05288019 1.04900032 -0.01573872 18.11532806 -16.01662533 9.19528664 10.65407413 -2.61751468 0.99635821 7.8627684 -2.00913791 0.79450357 7.87053139 -1.96058227 0.83848059 4.57247638 0.82347148 -5.71969462 -36.85123702 -0.45631649 3.01996715 1.77748097 -3.57299023 -1.21154068 -20.47972772 4.28101232 -44.04985093 -179.99998168 -70.24648447 -179.99998093 15.45133722 19.81991948 35.62293368 0.72866645 3.16930385 1.90600319 -13.23804938 17.2786987 28.26761139 179.9999769 67.46447072 -179.99996959 10.87066658 4.88286405 -39.01126228 -46.4538627 4.79586801 15.65584601 30.72650072 8.9116002 2.62174473 2.86848592 2.51560815 -17.63223827 -2.05125966 -4e-7 -0.00000442 -46.47818181 -4.35314404 -21.67273361 42.53445487 5.79103516 -5.45226145 -13.93943907 -2.61451384 16.95927235 -0.78109499 -0.00000183 0.00000235
-0.05082513 1.04922104 -0.01455666 18.21896877 -16.21257343 9.22925055 10.68209864 -2.673916 0.96437708 7.86802759 -2.04225439 0.78083186 7.87455175 -1.99869524 0.82782372 4.40079632 0.78577134 -5.69896385 -36.72302226 -0.75404309 3.10711 1.79421832 -3.63791384 -1.25764745 -19.99251435 4.21369144 -44.23560011 -179.99997617 -70.42023067 -179.99997755 15.84702797 19.93621657 35.27231432 0.79575257 3.17330316 2.30215346 -12.5734157 17.85247551 28.09117947 179.99999244 67.98402514 -179.99999019 11.12095458 5.02969001 -40.58332218 -46.57692887 4.82317407 15.6858126 31.02988271 8.89626362 2.52849696 2.64226964 2.71369434 -17.53220332 -2.0501987 -0.00000188 7.8e-7 -46.4449928 -4.31927589 -21.66141765 42.22352547 5.7166549 -5.50168287 -13.74842289 -2.4930837 17.13958373 -0.77892097 -0.00001564 2.4e-7
-0.04843862 1.04932915 -0.01326607 18.28136197 -16.31284046 9.23879794 10.72577617 -2.73884732 0.9122523 7.88272158 -2.0800467 0.75444036 7.88812614 -2.04123616 0.80482523 4.24731398 0.74772359 -5.65520754 -36.67613049 -1.03017562 3.19517662 1.8081721 -3.69244033 -1.38044512 -19.56355279 4.07846955 -44.30024977 -179.99999462 -70.6225693 -179.99998664 16.17702993 19.9996058 34.95744521 0.8830156 3.19004223 2.80309489 -11.88229411 18.44710857 27.80686693 179.99998586 68.34314899 -179.99999038 11.35699993 5.2431667 -41.98683911 -46.72757673 4.82989307 15.65915362 31.38604333 8.88308797 2.43430278 2.39153481 2.84796909 -17.39624614 -2.0477437 -3.7e-7 -0.00000702 -46.36101228 -4.30158445 -21.69774989 41.92864055 5.64399947 -5.57135849 -13.57720546 -2.44248778 17.35688307 -0.77736693 -0.00001411 0.00000357
-0.04587817 1.04938332 -0.01194946 18.34842105 -16.33333523 9.2118921 10.7776647 -2.80181687 0.83901664 7.90264851 -2.11385174 0.71605716 7.90727561 -2.07875587 0.76968275 4.12582273 0.70528527 -5.55138728 -36.70843407 -1.28218641 3.2789292 1.81553638 -3.72032928 -1.4291672 -19.17886116 3.90671005 -44.43385781 179.99994627 -70.85149902 179.99995668 16.41493189 19.97698594 34.66983457 1.00177204 3.2212766 3.47365675 -11.16420212 19.02861762 27.3249442 -179.99997609 68.53394581 179.99998074 11.62475056 5.45475066 -43.23554318 -46.93914824 4.8222163 15.63468973 31.76659441 8.87046815 2.31742201 2.1336456 2.89901806 -17.21889113 -2.04294816 -0.00000492 -0.00000113 -46.24611017 -4.28557407 -21.72773577 41.62468044 5.56537218 -5.64860214 -13.410584 -2.47796159 17.59619334 -0.77628013 5.8e-7 -0.00000269
-0.04325253 1.04947174 -0.01062203 18.44793112 -16.29325262 9.14895666 10.83398303 -2.85551163 0.74550387 7.92578102 -2.13755016 0.66754008 7.93008713 -2.10477388 0.72397207 4.02870905 0.6549198 -5.36769956 -36.79693087 -1.50765632 3.3364057 1.81267586 -3.70726675 -1.29544032 -18.80511687 3.75603118 -44.76627388 179.99997137 -71.0869443 179.99997671 16.63118004 19.91440565 34.36266323 1.15539734 3.26833676 4.33344486 -10.39775216 19.58483764 26.57529054 -179.99997242 68.58442895 179.99997713 11.94722497 5.58426299 -44.35252945 -47.21492211 4.81368925 15.64648278 32.137601 8.85773643 2.16359771 1.88206757 2.85855533 -16.99716352 -2.03519782 0.0000051 -0.00000279 -46.11611536 -4.27791638 -21.73671662 41.2849332 5.48188386 -5.71294226 -13.23365623 -2.58228573 17.83906635 -0.77378441 -3.8e-7 0.00000148
-0.04062436 1.04958321 -0.00930186 18.5594908 -16.20888839 9.04767083 10.89474236 -2.89944779 0.63800041 7.95256316 -2.15086852 0.61364285 7.95688238 -2.1190828 0.67240274 3.9347685 0.59370115 -5.1153045 -36.90157538 -1.71268463 3.33254062 1.79680982 -3.64672243 -1.00924483 -18.40574967 3.65429268 -45.25834636 179.99999673 -71.28470663 -179.99999669 16.97967495 19.93461125 33.96813609 1.33324958 3.33077549 5.32586142 -9.57982032 20.1020215 25.58016218 -179.99998459 68.53267054 179.9999911 12.31649648 5.56868637 -45.36531252 -47.53238197 4.81303432 15.69829658 32.50199854 8.84469853 1.98482076 1.63516954 2.73087933 -16.74273567 -2.02517987 -0.00000601 3.1e-7 -45.97098497 -4.29899846 -21.74243451 40.92168548 5.40026506 -5.74624675 -13.05191041 -2.71684571 18.06822333 -0.76680299 -0.00000101 -0.00000604
-0.03803917 1.04961845 -0.00805701 18.63796271 -16.08671029 8.90485109 10.96035334 -2.9377901 0.52983814 7.98364897 -2.15819024 0.5621986 7.98816688 -2.12651801 0.62299057 3.82438049 0.51853166 -4.83610055 -36.96983563 -1.91839899 3.23099665 1.77033357 -3.55321845 -0.77304496 -17.96656574 3.55616775 -45.66672272 179.99999809 -71.39042681 179.99999939 17.64399494 20.19620396 33.42747222 1.50959455 3.40287746 6.30809912 -8.75071758 20.54242779 24.49961286 -179.99992291 68.41556557 179.99991311 12.69410736 5.39089881 -46.30358526 -47.8616789 4.81651592 15.76808559 32.88414571 8.83180168 1.8131059 1.38860958 2.53620169 -16.47896211 -2.01352491 -0.00000466 3.9e-7 -45.80232397 -4.3569559 -21.7615644 40.58180323 5.31350187 -5.75231352 -12.88578711 -2.85441384 18.28085424 -0.75349608 0.00002371 0.0000037
-0.035542 1.04948898 -0.00696205 18.66528362 -15.92263601 8.74192466 11.02768115 -2.97303946 0.43874772 8.01737694 -2.16417892 0.52183772 8.02207235 -2.13247451 0.58451327 3.69167384 0.426546 -4.58843008 -36.9450172 -2.15838428 3.00625037 1.74740974 -3.47446072 -0.8923786 -17.51562676 3.35182707 -45.62299778 179.99997769 -71.37493112 179.99999038 18.74131372 20.80972746 32.7232199 1.6497855 3.47223855 7.084113 -7.98854991 20.85240872 23.60821965 179.99995463 68.2780026 -179.99994157 13.02163192 5.08948937 -47.20059885 -48.18170432 4.8092356 15.81050561 33.28708992 8.82146164 1.67331869 1.14827278 2.31205742 -16.22855076 -1.99875863 -4.1e-7 -6.3e-7 -45.61710879 -4.42433171 -21.80333247 40.31058863 5.21308733 -5.75559693 -12.75586174 -2.99608005 18.48894637 -0.73622605 3.3e-7 0.00000368
-0.0331682 1.04921845 -0.0060202 18.66589403 -15.7092274 8.60157021 11.09022902 -3.0010574 0.37842091 8.04973314 -2.16921859 0.49685733 8.05425457 -2.13834393 0.56129061 3.54717472 0.31646475 -4.42360679 -36.78690834 -2.46464566 2.65433736 1.75128716 -3.48554822 -1.61346484 -17.1192178 2.92922149 -44.81788541 -179.99996797 -71.27114546 -179.99997583 20.21307124 21.74754324 31.90630743 1.72456789 3.52412653 7.48518932 -7.37466544 21.00543346 23.18496332 -179.99998641 68.18687512 179.9999829 13.24032174 4.73277517 -48.09530292 -48.47978094 4.77784322 15.77363554 33.67008021 8.81626668 1.57359199 0.93358317 2.10136015 -16.0044049 -1.97862918 6.7e-7 -0.00000544 -45.45017367 -4.48037052 -21.89261105 40.11559529 5.07322048 -5.76960259 -12.66596117 -3.11056518 18.70603083 -0.71205815 0.0000049 0.00001091
-0.03094774 1.04893921 -0.00513752 18.67839663 -15.44560233 8.50340795 11.14294008 -3.01155228 0.34741684 8.07754729 -2.16780163 0.48203975 8.08140572 -2.13955311 0.54799997 3.40990067 0.19101354 -4.36300867 -36.50080107 -2.85079614 2.20353174 1.79606475 -3.65362148 -2.94816072 -16.84958988 2.24519628 -43.20958497 -179.99998874 -71.18513397 -179.99997919 21.76818017 22.80597932 31.10875536 1.72584755 3.55107581 7.46253639 -6.95033903 21.04789614 23.36285129 179.99994217 68.2239463 -179.99996275 13.31241623 4.36566231 -49.02767074 -48.75461092 4.72292233 15.64545347 33.98382667 8.81565094 1.50908299 0.75995447 1.92016832 -15.80557028 -1.95288501 0.00000131 -4.8e-7 -45.32512737 -4.54067283 -22.05286853 39.95235653 4.85226677 -5.77223043 -12.59997905 -3.12732923 18.93274231 -0.6821591 0.00001975 -0.00000257
-0.02894027 1.04877815 -0.00423793 18.71543802 -15.16305808 8.41588869 11.18826637 -2.99369667 0.32440171 8.10252852 -2.15098356 0.46219929 8.10527044 -2.12760946 0.52922362 3.29475896 0.05771016 -4.38733414 -36.15004804 -3.30592094 1.72030953 1.86916504 -3.98490968 -4.60730346 -16.74541393 1.35458333 -41.12282826 -179.99997169 -71.26669045 -179.99996042 22.95386614 23.66136073 30.5215245 1.67369481 3.55878176 7.13200057 -6.69460517 21.10089067 24.03975249 179.99998406 68.45332858 -179.99999702 13.23749947 3.97318605 -50.02843472 -49.01132785 4.66358421 15.4975079 34.22186173 8.81453939 1.45852206 0.62257973 1.7461041 -15.62020366 -1.92692262 0.00000384 0.00000109 -45.21840964 -4.62579332 -22.24486622 39.77611543 4.65946177 -5.72948486 -12.53726936 -3.13733966 19.11966537 -0.65197623 -0.00001132 0.00000903
-0.02728203 1.04870659 -0.003401 18.730076 -14.93628758 8.29986784 11.2366779 -2.94381945 0.27668172 8.13187399 -2.11223143 0.41896822 8.13330839 -2.09539029 0.48634623 3.20216865 -0.0735354 -4.44636498 -35.8319324 -3.80432071 1.29763363 1.94097615 -4.39373297 -6.11540998 -16.79150214 0.37989022 -39.13975374 -179.99996956 -71.64391235 -179.99997227 23.37301981 24.00816047 30.30762884 1.60831933 3.56181462 6.72658064 -6.53540802 21.30096934 24.92568611 179.999985 68.88377347 -179.9999963 13.05553404 3.49872764 -51.10772909 -49.22508792 4.63942355 15.43552879 34.43387659 8.80841184 1.40078161 0.49470957 1.55027574 -15.44767852 -1.9074764 0.00000516 0.00000223 -45.08471737 -4.7299913 -22.37596278 39.59361376 4.48419027 -5.67812159 -12.47240808 -3.14033192 19.26910172 -0.61812267 -4.8e-7 0.00000427
-0.02607475 1.04867821 -0.00274986 18.67652267 -14.81948482 8.14264287 11.30111181 -2.87082525 0.17789568 8.17433767 -2.05316413 0.34137276 8.17475636 -2.04314872 0.40835737 3.11642657 -0.1950719 -4.48540389 -35.62342963 -4.32470825 1.02049034 1.98994916 -4.73338719 -7.05431535 -16.92643082 -0.55270605 -37.81910886 179.99995349 -72.34808582 179.9999638 22.93496068 23.71785978 30.47833915 1.56963292 3.57393641 6.47520177 -6.38121184 21.71761301 25.69775748 -179.99996457 69.45678156 179.99997454 12.82860337 2.90159795 -52.24374557 -49.35974565 4.67088839 15.50320209 34.64790042 8.79593799 1.34091709 0.36473797 1.33813297 -15.3024385 -1.89542229 -0.00000173 3e-8 -44.89122309 -4.82686296 -22.37893351 39.42838824 4.31324682 -5.66736761 -12.40753637 -3.14064273 19.39448113 -0.58867188 0.0000073 1.7e-7
-0.02530001 1.04875648 -0.00232343 18.5757217 -14.77331152 7.95920166 11.38917623 -2.79537023 0.02451479 8.23508855 -1.98611106 0.23317506 8.23507749 -1.98152391 0.29922651 3.0130136 -0.30547868 -4.47264902 -35.53680947 -4.86302358 0.92371767 2.00901765 -4.87806346 -7.27925059 -17.07163642 -1.36466779 -37.41806403 179.99999609 -73.27314992 179.99999469 21.93789037 22.92762446 30.85394394 1.57655215 3.60100381 6.48574608 -6.1566065 22.31069034 26.15769538 179.99996759 70.06944306 -179.99998346 12.60972473 2.20009588 -53.37295592 -49.41619062 4.7248216 15.63309209 34.81210657 8.77757831 1.3142824 0.26510537 1.14467219 -15.20036917 -1.88819001 0.00000423 -0.0000046 -44.65193111 -4.91590197 -22.28485717 39.26658604 4.13535394 -5.68467263 -12.33863383 -3.1370927 19.49682461 -0.56075146 0.00000452 -0.00000383
-0.02486981 1.04905487 -0.00210193 18.47078813 -14.70504442 7.76403593 11.49900008 -2.74317136 -0.16158196 8.31254559 -1.9308896 0.11120648 8.31287455 -1.92933493 0.17635879 2.86992464 -0.40989589 -4.4111378 -35.51750247 -5.42950293 0.9712904 1.99519597 -4.7931185 -6.96323411 -17.15991357 -2.03254283 -37.79946723 179.99999028 -74.2120559 179.99999811 20.89203202 21.9822881 31.17656745 1.61950812 3.63920117 6.70653888 -5.83163385 22.95814013 26.30145766 -179.99998402 70.62198531 179.99997058 12.42265872 1.47175617 -54.39175306 -49.41379267 4.74677708 15.71574627 34.84615538 8.75392992 1.36317802 0.24351224 0.99708747 -15.14911171 -1.88351457 0.00000342 -0.00000497 -44.39472106 -5.03064263 -22.1795255 39.07770672 3.94654406 -5.67628754 -12.26033342 -3.12756908 19.56358024 -0.53286224 0.0000055 0.00001398
-0.02470846 1.04961829 -0.00203428 18.36182759 -14.55364666 7.56216436 11.620738 -2.73454501 -0.34437942 8.39953551 -1.9071973 -0.0034493 8.40068891 -1.90625439 0.06148554 2.67684268 -0.51680502 -4.33064334 -35.48384682 -6.03637853 1.07514751 1.95035428 -4.54411081 -6.45742504 -17.14610437 -2.5623698 -38.56884228 179.99998543 -74.95820152 179.99999698 20.23331603 21.2424342 31.26652564 1.67043886 3.67692839 6.9795014 -5.43285836 23.53061828 26.28079663 179.99996936 71.06397312 -179.99998886 12.26464847 0.82232648 -55.17743217 -49.34948363 4.71845128 15.69040469 34.71856122 8.72170357 1.50090976 0.31662658 0.89139739 -15.14197194 -1.88069642 -0.0000041 2.1e-7 -44.12092638 -5.20854494 -22.1336972 38.85648338 3.75895912 -5.60661705 -12.17841456 -3.11139916 19.58305429 -0.50555007 0.00000147 1.9e-7
-0.02476287 1.05038887 -0.00205246 18.21820928 -14.32260064 7.35916957 11.74109647 -2.7758023 -0.49153506 8.48619967 -1.92566776 -0.09556179 8.48843698 -1.92376457 -0.02966759 2.4392454 -0.63395708 -4.26683196 -35.3756143 -6.69058832 1.14252506 1.89020608 -4.24964991 -6.07835946 -17.00927012 -2.966546 -39.3212816 179.99999312 -75.40489359 179.99998726 20.13799673 20.89402534 31.08513394 1.70051115 3.70062813 7.14075233 -5.02669072 23.95721764 26.29869698 179.99994789 71.41088188 -179.99994236 12.12246591 0.34815268 -55.61885703 -49.20332732 4.65934312 15.56777146 34.46204835 8.63369697 1.69498833 0.46163883 0.8521728 -15.15822764 -1.8796881 -5e-8 -0.00000811 -43.82127412 -5.46496769 -22.17525971 38.62713208 3.60306647 -5.47751676 -12.10549302 -3.09110355 19.5518412 -0.48009812 0.0000221 0.00000303
-0.02501211 1.05125869 -0.00214722 18.0291049 -14.06113519 7.16674088 11.84711668 -2.85564579 -0.58799432 8.56295592 -1.98212579 -0.16095428 8.56621286 -1.97867311 -0.09290855 2.17778584 -0.76606037 -4.24064729 -35.17826937 -7.39635108 1.12172525 1.83923448 -4.02065564 -5.96300708 -16.75983863 -3.2614387 -39.83086286 -179.99998077 -75.58005236 -179.99997588 20.51064346 20.89505455 30.70322403 1.6945418 3.70271571 7.10164066 -4.68216907 24.23885863 26.50381342 -179.99999222 71.71786656 179.99999687 11.98826205 0.1065752 -55.64301878 -48.97439923 4.58938483 15.39234969 34.13056772 8.54432139 1.91428065 0.64590857 0.82686607 -15.19410208 -1.88023217 5.2e-7 -0.00000472 -43.51255184 -5.78392239 -22.28929341 38.42149126 3.51124601 -5.30849477 -12.04871717 -3.06866669 19.46956693 -0.45654973 -0.00000433 0.00001002
-0.02551177 1.05216164 -0.00241348 17.81877191 -13.82176301 6.99222169 11.92736965 -2.94894473 -0.63923059 8.62138429 -2.0582057 -0.20542464 8.62560775 -2.05308469 -0.13467329 1.92299312 -0.91469311 -4.24877376 -34.91395766 -8.16076089 1.0208063 1.81529605 -3.92135943 -6.05390857 -16.43947639 -3.47549495 -40.09389356 179.99996093 -75.60600982 179.99997707 21.09103293 21.05785265 30.24361422 1.65544306 3.68616407 6.8767829 -4.43292522 24.41203835 26.93132119 -179.99999154 72.02889657 179.99999457 11.86816282 0.10393435 -55.22928067 -48.68826162 4.51692667 15.21635296 33.75011982 8.48385536 2.13886871 0.85861631 0.79745702 -15.2540806 -1.8817202 0.00000151 -0.00000279 -43.22884922 -6.12869777 -22.42950337 38.25142191 3.49023118 -5.11311787 -12.00298519 -3.04295771 19.33402291 -0.43371694 -0.00000267 -0.00000702
-0.0264105 1.05309165 -0.0030026 17.62690082 -13.6388579 6.83111672 11.97228399 -3.02665121 -0.66519656 8.65459986 -2.12876353 -0.2397149 8.65976322 -2.12175304 -0.166657 1.70586142 -1.07929603 -4.26948878 -34.61600932 -8.9934207 0.89198991 1.82153482 -3.96016669 -6.18966276 -16.10077428 -3.64642117 -40.24592121 -179.99997216 -75.61919166 -179.99996991 21.59164031 21.16957285 29.83063401 1.59972283 3.66190879 6.55725157 -4.25756309 24.50338232 27.50559177 179.9999797 72.33779845 -179.99998218 11.78103937 0.30416111 -54.40978384 -48.38478757 4.45964674 15.1049785 33.31354761 8.43379256 2.34463792 1.11052442 0.76250085 -15.33265172 -1.88388024 -0.00000185 0.00000742 -42.99460002 -6.44930369 -22.52336547 38.11119346 3.49911276 -4.90656517 -11.95808319 -3.01200427 19.15109545 -0.41091278 -0.00001508 6.1e-7
-0.02782643 1.05402909 -0.00401412 17.48723021 -13.53450318 6.67836669 11.97472394 -3.06770348 -0.68889539 8.65741865 -2.172716 -0.27381513 8.66360524 -2.16332317 -0.19971 1.54457894 -1.25802993 -4.27804276 -34.3081687 -9.90048818 0.79589054 1.85027034 -4.10008286 -6.22246999 -15.7788106 -3.80338528 -40.43649772 -179.99996341 -75.69504466 -179.9999718 21.80374912 21.07484434 29.5523979 1.5471866 3.64186449 6.25392347 -4.09209087 24.51435472 28.09489936 179.9999882 72.59061091 179.99997258 11.74684469 0.6501031 -53.26063227 -48.1058606 4.44313892 15.12025274 32.82368653 8.36057395 2.49765281 1.40539791 0.72144951 -15.41352274 -1.88659235 -0.00000352 -0.00000572 -42.81845367 -6.68564133 -22.49020454 37.99589477 3.4623727 -4.72624657 -11.90591825 -2.97715931 18.94951286 -0.38854456 1.2e-7 0.00000781
-0.02969104 1.05490279 -0.00538023 17.40073444 -13.50122884 6.54067112 11.93217054 -3.06717832 -0.7260057 8.62749997 -2.18174771 -0.31304966 8.63478969 -2.16950636 -0.23942595 1.43324973 -1.44830859 -4.25953619 -34.00014625 -10.87809015 0.76771572 1.88877415 -4.27679637 -6.09793276 -15.47791745 -3.95320379 -40.74129715 -179.9999268 -75.8174453 -179.99992279 21.6480256 20.70878443 29.43964868 1.51103748 3.6328126 6.03949784 -3.87013311 24.43925201 28.58639601 -179.99996153 72.72696467 179.99994946 11.77055118 1.08404812 -51.88781971 -47.86559504 4.46902229 15.25038879 32.30715205 8.26224774 2.59450429 1.72804326 0.67629166 -15.49255347 -1.88963524 0.00000503 0.0000062 -42.69234626 -6.80167541 -22.30909393 37.91862232 3.32620965 -4.61594401 -11.85341221 -2.94501476 18.77153012 -0.3674781 0.00000877 -0.000004
-0.03180429 1.05563569 -0.00691899 17.3390165 -13.51034242 6.43815296 11.84871781 -3.03629683 -0.77913241 8.56698078 -2.16227051 -0.35675581 8.57531369 -2.14718059 -0.28476303 1.34182956 -1.64777145 -4.21018777 -33.69430322 -11.91027808 0.80340655 1.92222455 -4.41879671 -5.8618093 -15.17941906 -4.0894967 -41.14627008 -179.99999212 -75.91065809 -179.99998043 21.17415305 20.09631907 29.46668312 1.49322533 3.63485206 5.92441406 -3.56426287 24.29119409 28.9350621 -179.99998451 72.73065374 179.99999171 11.83285177 1.55649126 -50.41421042 -47.64119985 4.51543587 15.41393712 31.7934849 8.17729514 2.66773134 2.05598831 0.62966331 -15.58274367 -1.893422 -0.00000299 0.00000441 -42.60725208 -6.81157846 -22.04643313 37.90307902 3.11465119 -4.58285936 -11.81894246 -2.92110777 18.63315449 -0.3506542 0.00000331 -0.00000404
-0.03405009 1.05618164 -0.00858403 17.30084766 -13.56692508 6.39706207 11.73639108 -2.99582364 -0.83896099 8.48395924 -2.13087623 -0.39925009 8.49313184 -2.11339659 -0.32925178 1.23109605 -1.85468643 -4.12982476 -33.39477195 -12.97225413 0.87000382 1.93675692 -4.47005846 -5.61086277 -14.8608754 -4.21338177 -41.58872332 179.99997674 -75.91225314 179.99996791 20.52106047 19.32926355 29.57120783 1.48743684 3.64427258 5.87524377 -3.19582074 24.11383517 29.15469827 179.99994502 72.65396825 -179.99994095 11.8961183 2.02098373 -48.97235681 -47.42643289 4.57477695 15.57433669 31.29875188 8.15427193 2.72246397 2.38050524 0.58239763 -15.68768343 -1.8990629 -0.00000301 -0.00000358 -42.60163302 -6.74171355 -21.77494828 37.97112529 2.90855265 -4.59202299 -11.80927888 -2.90343204 18.50422087 -0.35556927 0.00002602 0.00000203
-0.03644349 1.05652954 -0.01049602 17.31369362 -13.70075246 6.42025548 11.61380603 -2.96739517 -0.88886193 8.39226806 -2.10672484 -0.4319159 8.40205226 -2.08749049 -0.36349022 1.07649626 -2.06773144 -4.0165968 -33.10868795 -14.0360824 0.92874773 1.92564468 -4.41203749 -5.42851818 -14.51205354 -4.33956982 -42.01267466 -179.99997197 -75.83226133 -179.99996586 19.85569155 18.52690211 29.68316395 1.48664965 3.65754453 5.85289568 -2.80857702 23.97230464 29.26889043 -179.99999596 72.59747718 179.99998749 11.92251531 2.42594564 -47.70008218 -47.25295605 4.66076589 15.77839087 30.83199531 8.20232965 2.72293485 2.70645667 0.53402416 -15.78891555 -1.9069941 -0.00000334 -0.00001103 -42.72118027 -6.60163954 -21.49976385 38.12115916 2.75971122 -4.60896768 -11.81367994 -2.88454741 18.34950467 -0.35714677 0.00000473 0.00001077
-0.03891085 1.05670639 -0.0125764 17.36021645 -13.88109583 6.46555863 11.50173925 -2.96753654 -0.91119474 8.30855873 -2.10557322 -0.44567937 8.31881839 -2.08486065 -0.37795149 0.88447389 -2.28454193 -3.87141301 -32.8427001 -15.07552936 0.9543256 1.89432653 -4.27453003 -5.34665365 -14.13950471 -4.47740166 -42.40038757 179.99997228 -75.75387987 179.99997306 19.31580484 17.79398983 29.74693575 1.48774157 3.67299648 5.84041571 -2.43280111 23.93032866 29.27461273 179.99999263 72.65655087 179.99999415 11.89217361 2.71195783 -46.73358843 -47.13077695 4.76473169 16.03592633 30.41211563 8.27833444 2.67738918 3.0239163 0.48631784 -15.87659828 -1.9167716 -0.00000173 -0.0000067 -42.92102069 -6.42899912 -21.21690768 38.32671685 2.64430077 -4.61238033 -11.82736849 -2.86526807 18.16953485 -0.36269442 0.00000415 0.00000734
-0.04114146 1.05683899 -0.0144431 17.35439602 -14.01893335 6.48901116 11.41704592 -3.00537824 -0.89247962 8.24716327 -2.13680005 -0.43340808 8.2578649 -2.11430283 -0.36536423 0.68843196 -2.50067296 -3.70736673 -32.59879731 -16.07079518 0.94004578 1.85863101 -4.12371715 -5.34544001 -13.75867159 -4.60787328 -42.76948301 179.99996544 -75.77969821 179.9999767 18.97954744 17.19357408 29.72851642 1.49068413 3.68938683 5.83926114 -2.06612777 24.02769421 29.14907167 179.99993063 72.86970878 -179.99993693 11.80947934 2.82092682 -46.19415033 -46.98455415 4.8518414 16.24224012 30.03620937 8.30356431 2.66081245 3.31006111 0.47318158 -15.96452715 -1.92879249 -4.5e-7 0.00000432 -43.07330481 -6.32111128 -21.00972743 38.53313146 2.56851152 -4.5773614 -11.85391516 -2.84826994 17.98048826 -0.36056005 -0.00000116 -0.00000403
-0.04284063 1.05706383 -0.01582 17.2199505 -14.07755016 6.48382119 11.36750754 -3.08212951 -0.82669576 8.21528242 -2.20255358 -0.39178145 8.22646725 -2.17753035 -0.32252104 0.52666838 -2.71059496 -3.55240589 -32.37319903 -17.01281498 0.88881621 1.83571499 -4.030195 -5.37987586 -13.3822096 -4.68314401 -43.15014427 179.99995782 -75.97186737 179.99996547 18.87018989 16.74748787 29.61034557 1.49575571 3.70455749 5.85345749 -1.67867412 24.2727125 28.87772607 179.99998856 73.20437254 179.99999703 11.69495659 2.70718538 -46.17266998 -46.72311245 4.91108194 16.30785077 29.69062816 8.26010378 2.72361979 3.54656574 0.50749263 -16.0638929 -1.94059347 0.00000171 -0.00000346 -43.09336081 -6.35402634 -20.97357485 38.70023905 2.59690531 -4.47982397 -11.88995752 -2.83185087 17.7778186 -0.34888979 0.00000427 6e-7
-0.04397839 1.05733055 -0.01673308 16.96919914 -14.09582691 6.48643608 11.34971153 -3.19187387 -0.71687663 8.21058956 -2.29792754 -0.32254075 8.22228729 -2.26970857 -0.25137903 0.41654013 -2.91079755 -3.43855086 -32.15907417 -17.90760618 0.80017842 1.8356968 -4.03524466 -5.40630612 -13.01227584 -4.6545734 -43.56477063 -179.99988868 -76.32694632 -179.99988907 18.98282879 16.45621251 29.38253316 1.50337724 3.71734988 5.88638512 -1.23115996 24.65804136 28.4619988 179.99996915 73.59304966 -179.99998163 11.5693159 2.34181654 -46.71710141 -46.34954964 4.96346103 16.24251693 29.39196817 8.21906785 2.84187885 3.72212942 0.54592378 -16.16819725 -1.95144703 0.00000153 0.00000179 -43.02193822 -6.49725917 -21.12355353 38.85151954 2.76162802 -4.32290471 -11.93532334 -2.81416674 17.55477702 -0.33148811 -0.00000341 -0.0000043
-0.04462691 1.05751396 -0.01728538 16.68259381 -14.10981974 6.49816746 11.35118038 -3.32351931 -0.57585484 8.22245521 -2.41227036 -0.23294412 8.23463671 -2.3806272 -0.15952459 0.34296832 -3.102753 -3.38391328 -31.95257984 -18.77485495 0.66410861 1.85839993 -4.13675434 -5.39565753 -12.64222176 -4.50753214 -44.01858468 179.99999511 -76.78897477 -179.99998157 19.30845161 16.31882524 29.03822596 1.51698081 3.73138561 5.95371191 -0.69631267 25.19165802 27.90202323 -179.99999543 73.99928849 -179.99999433 11.43738891 1.7091397 -47.826313 -45.97749603 5.01859701 16.13566534 29.20243749 8.18132572 2.95081731 3.82501085 0.60127104 -16.24860499 -1.95649484 0.00000246 -2e-7 -42.92374667 -6.67249529 -21.36282616 38.99513789 2.99101417 -4.14520546 -11.98156476 -2.79985614 17.34195024 -0.3143026 -0.00000197 0.00000165
-0.0447487 1.05762642 -0.01749745 16.44266111 -14.12695572 6.49008972 11.35557458 -3.4635151 -0.42386707 8.23673946 -2.53179642 -0.13455505 8.24913408 -2.4971989 -0.0588569 0.26766671 -3.29327454 -3.38048796 -31.75853228 -19.64229558 0.46683357 1.89632763 -4.30094347 -5.33544453 -12.26527516 -4.27801298 -44.4981948 -179.99999917 -77.27928733 -179.99999164 19.83396478 16.33279306 28.57943339 1.54446646 3.7562306 6.09201537 -0.07566835 25.91523105 27.18954086 179.99988525 74.46471844 -179.99987051 11.27863588 0.80745071 -49.44723414 -45.71208062 5.06221611 16.05320765 29.14503835 8.14636843 3.02476405 3.85539555 0.66906859 -16.28656236 -1.95237966 -0.0000018 0.00000326 -42.81542013 -6.82656492 -21.5732318 39.07383338 3.17908206 -3.99303372 -11.99939268 -2.78659198 17.19233715 -0.29836472 0.00000455 0.00000165
-0.04427866 1.05778153 -0.0173986 16.30297583 -14.15892187 6.45895499 11.34957828 -3.59847365 -0.28353659 8.24163396 -2.64292367 -0.04083059 8.25393068 -2.60653186 0.03689389 0.15087347 -3.4915802 -3.39678069 -31.59252754 -20.53658897 0.20385308 1.9400535 -4.48746855 -5.22703395 -11.88416516 -4.04146354 -44.97140265 -179.99990281 -77.7230648 -179.99991315 20.51436359 16.47112175 28.03205799 1.59434573 3.8025544 6.34078775 0.5927387 26.8808843 26.33881423 179.99998665 75.09273627 -179.99996569 11.04865697 -0.33804378 -51.47535577 -45.58056708 5.075876 15.99840652 29.17861451 8.11482306 3.07796206 3.8326297 0.76579606 -16.29111147 -1.95001664 -0.0000055 5.8e-7 -42.70910518 -6.9395723 -21.70132977 39.02651759 3.27983434 -3.88532905 -11.95319132 -2.7676823 17.12859235 -0.28466604 -0.00002305 -0.00000435
-0.04327443 1.05805031 -0.01709209 16.27028599 -14.23089932 6.43559369 11.32676124 -3.71724613 -0.17428422 8.23128694 -2.73517991 0.03598019 8.24299105 -2.69863528 0.11531869 -0.02881142 -3.70503651 -3.39395368 -31.47133899 -21.47606439 -0.1093563 1.98272812 -4.6704535 -5.08666151 -11.51291364 -3.87970457 -45.38797414 179.99995094 -78.06858064 179.99997501 21.24083705 16.65639953 27.46151664 1.66837618 3.87457163 6.71008463 1.24180509 28.0899185 25.43366346 179.99999229 75.96707096 -179.99999015 10.69543287 -1.65987086 -53.7591255 -45.54323057 5.06019932 15.94405609 29.24567766 8.08637663 3.12707172 3.78191569 0.9252041 -16.28350461 -1.94904566 -4e-7 0.00000791 -42.62938836 -7.00405168 -21.76050455 38.84654401 3.26996161 -3.82493274 -11.83065205 -2.68644525 17.14957331 -0.27152263 0.00001674 -0.00000948
-0.04187283 1.05839455 -0.01665899 16.30127 -14.35649071 6.43832247 11.28780601 -3.81264559 -0.10739283 8.20576844 -2.80302084 0.08788426 8.21640012 -2.76811948 0.16842764 -0.26849089 -3.935706 -3.3467331 -31.39389717 -22.46738741 -0.43750332 2.02239576 -4.84699564 -4.95052742 -11.16769988 -3.84138815 -45.68252269 -179.99999896 -78.29571072 179.99999646 21.84410224 16.76432824 26.96846293 1.75758699 3.96506544 7.1581098 1.79822811 29.44060353 24.63655274 179.99997953 77.0627112 -179.99998272 10.18568857 -3.04842242 -56.11360117 -45.54806275 5.03901696 15.88753101 29.33743025 8.06042355 3.16255413 3.70698247 1.14440208 -16.26643786 -1.94876342 -0.00000865 5.8e-7 -42.57497911 -7.02460725 -21.78459465 38.5828618 3.21632313 -3.80201227 -11.65301023 -2.56505939 17.22246443 -0.2684533 0.00000658 0.00000339
-0.04019478 1.05870834 -0.0161167 16.35578726 -14.52286068 6.4544077 11.23763078 -3.8824994 -0.08303302 8.16862152 -2.84659711 0.11317184 8.17780237 -2.81516867 0.19476142 -0.54771441 -4.17847625 -3.25980139 -31.32643344 -23.50393327 -0.73741549 2.0625696 -5.03571588 -4.88040477 -10.8521343 -3.91454831 -45.77708948 -179.99999561 -78.40857965 -179.99999449 22.15937904 16.67117143 26.65176703 1.84474951 4.05614547 7.6008291 2.20938084 30.73925295 24.13538949 179.9999623 78.22329814 -179.99997431 9.52294387 -4.37466642 -58.34129826 -45.59311714 5.0453295 15.87351699 29.49447352 8.03528689 3.13923911 3.58867096 1.36005668 -16.21060887 -1.94846621 0.00000293 8.4e-7 -42.52737104 -7.00858623 -21.77791612 38.2854236 3.12601762 -3.82157669 -11.45137179 -2.41376023 17.34169438 -0.26824824 0.00001381 -0.00000624
-0.03830154 1.0590062 -0.01545654 16.44564713 -14.70918335 6.46035839 11.18196894 -3.9301873 -0.09102312 8.12436034 -2.87132287 0.11637881 8.13155884 -2.84510835 0.19915185 -0.83978509 -4.42080236 -3.17235227 -31.20974815 -24.56262994 -0.97551248 2.11153769 -5.27116467 -4.96403254 -10.54934133 -4.02569508 -45.58367568 -179.99992982 -78.41628353 -179.99993686 22.12623921 16.32377886 26.55011846 1.91096993 4.12439972 7.94364993 2.4635072 31.78508388 24.05913312 -179.99998312 79.23528259 179.99996489 8.74343371 -5.52340192 -60.25748806 -45.71321763 5.1036915 15.95787947 29.71903185 8.00911725 3.01383013 3.42457148 1.4960553 -16.08028752 -1.94777791 -0.00000519 0.00001137 -42.47804559 -6.96729736 -21.72169587 37.94452835 3.00630667 -3.87060991 -11.22558991 -2.26968888 17.4961777 -0.26781217 0.00003805 0.00000283
-0.03617436 1.05939361 -0.01461843 16.59484768 -14.90288243 6.44108956 11.12530103 -3.96275664 -0.1156579 8.07715974 -2.88518433 0.10575439 8.08179342 -2.86597683 0.19006231 -1.11856376 -4.64451868 -3.14628089 -30.98947542 -25.6001595 -1.14309115 2.17880491 -5.59487368 -5.29460452 -10.2328068 -4.07136754 -45.01987072 -179.99999597 -78.31965178 -179.99999032 21.84643377 15.7846599 26.60886769 1.94175749 4.14649028 8.11335249 2.58977641 32.47272931 24.42452639 -179.99989608 79.94576734 179.99989371 7.89345285 -6.41532262 -61.71465348 -45.91943335 5.20858151 16.14271259 29.97488352 7.98257328 2.80217647 3.22718054 1.53045404 -15.877512 -1.94792806 0.00000394 -7e-7 -42.41991264 -6.92577369 -21.61632372 37.51249006 2.87671518 -3.91721846 -10.95565581 -2.15252071 17.66698281 -0.26413405 0.00000731 0.00000163
-0.03372991 1.0599051 -0.01352032 16.78394319 -15.08934408 6.39652155 11.07022085 -3.98632435 -0.14290337 8.03085421 -2.89411486 0.0893632 8.03208735 -2.88380168 0.17549129 -1.35814625 -4.83018186 -3.2379502 -30.65567208 -26.55277121 -1.26436302 2.26850065 -6.03860058 -5.92457739 -9.89373765 -3.97162626 -44.05248414 179.99996146 -78.12025767 179.99998923 21.54057221 15.21447666 26.70624212 1.93048882 4.1050679 8.08210776 2.63480964 32.83305588 25.14171593 -179.99988741 80.33306978 179.99990533 7.00800651 -7.01537163 -62.62336925 -46.17127667 5.31431973 16.34511307 30.24033894 7.95869268 2.58720863 3.005095 1.5191933 -15.65133402 -1.94662781 -0.0000059 -0.00000196 -42.33303779 -6.91082518 -21.49762906 36.97596752 2.7456066 -3.94845691 -10.63962963 -2.04754547 17.85206449 -0.25600009 -0.00001243 -0.00000198
-0.03094244 1.06053398 -0.01218922 16.9723302 -15.24305597 6.34508895 11.01793641 -4.00049305 -0.16742852 7.98877004 -2.89721674 0.071297 7.98604607 -2.89734887 0.15905589 -1.53199279 -4.96336527 -3.46260627 -30.26266693 -27.34270894 -1.39184677 2.37322548 -6.60020321 -6.80757302 -9.56070919 -3.72241141 -42.75651824 -179.99998129 -77.84365537 -179.99997783 21.42876079 14.79254748 26.71953671 1.88099323 3.99608823 7.88386233 2.63862878 32.98240247 26.05144442 179.99995758 80.48189174 -179.99996453 6.10583635 -7.33124909 -62.96450107 -46.40227934 5.3718384 16.45328509 30.48397577 7.9379462 2.44729383 2.78107771 1.54734531 -15.4511555 -1.93299289 -0.00000336 0.00000583 -42.20152795 -6.93516978 -21.4163623 36.35715743 2.61470207 -3.97215141 -10.29121066 -1.93772574 18.05738232 -0.2444942 -0.00001978 0.00000569
-0.02793366 1.06127656 -0.01080069 17.1440562 -15.34808651 6.30889215 10.96958409 -3.99672248 -0.19600164 7.9538852 -2.88572023 0.04977147 7.9471215 -2.89662411 0.13822235 -1.61918492 -5.04062687 -3.77191341 -29.91435478 -27.89340214 -1.58810147 2.47621286 -7.22461479 -7.77464324 -9.28498193 -3.4140024 -41.33935171 179.999979 -77.55323877 179.99999232 21.62110409 14.61999651 26.57764865 1.81019538 3.83623639 7.6159615 2.63557843 33.02981627 26.96021283 179.99987346 80.50073128 -179.99988189 5.19883569 -7.40709685 -62.7900899 -46.57840924 5.37547046 16.42858607 30.66340075 7.91914237 2.38867449 2.59023107 1.64913705 -15.28418309 -1.91653445 0.00000158 0.00000209 -42.03451372 -6.98477171 -21.38813454 35.68911265 2.48579703 -4.00179683 -9.92143102 -1.83601109 18.27972949 -0.23167346 -0.00000981 0.00000123
-0.02489124 1.06210251 -0.00952494 17.29692416 -15.41012488 6.27555708 10.92869548 -3.96354471 -0.24510703 7.92927072 -2.84797369 0.01793481 7.91924272 -2.86802345 0.10543587 -1.61839422 -5.0708909 -4.06510379 -29.72144403 -28.15089864 -1.8970054 2.56222587 -7.80908918 -8.5820284 -9.09904459 -3.19045157 -40.08697833 179.99997007 -77.33039288 179.99996329 22.08339408 14.67187894 26.27723424 1.74567916 3.66286357 7.41357796 2.66631748 33.0219332 27.67914539 -179.9999705 80.45459977 179.99995952 4.30205289 -7.30894487 -62.20703221 -46.71904617 5.36507946 16.34023114 30.77915255 7.89964405 2.36267956 2.44319131 1.77386797 -15.12075327 -1.89979032 0.00000397 -2.2e-7 -41.83183023 -7.03564131 -21.36638515 34.99494959 2.34713027 -4.0519385 -9.53652925 -1.7718294 18.51435996 -0.21577038 0.00000203 -0.00000387
-0.02198756 1.0629477 -0.00837749 17.42517152 -15.44138238 6.19248067 10.90251289 -3.8963191 -0.33214195 7.91862307 -2.77806463 -0.03261066 7.90684462 -2.80390132 0.05211773 -1.55855028 -5.06982355 -4.23673323 -29.75250026 -28.10620224 -2.31651313 2.62555723 -8.24328548 -9.02462894 -8.99238764 -3.15812478 -39.24206264 179.9999493 -77.22594237 179.99996102 22.67536322 14.82112965 25.87135269 1.71426989 3.52091388 7.38696503 2.76342676 32.9588053 28.09230913 -179.99998675 80.35931407 179.99997467 3.43176658 -7.10355038 -61.3454372 -46.87600362 5.39053603 16.31225174 30.88585713 7.87731842 2.31821482 2.31301946 1.81191136 -14.92659218 -1.88491161 -0.00000201 -0.00000883 -41.56691945 -7.0845064 -21.28041144 34.28405685 2.17503556 -4.11996064 -9.14659357 -1.76204779 18.75423193 -0.2015546 0.00001316 0.00000584
-0.01940458 1.06379204 -0.00726945 17.54286253 -15.43564101 6.04060606 10.90036441 -3.80346153 -0.46501127 7.92604286 -2.68247205 -0.1070196 7.91435596 -2.71015628 -0.02637312 -1.49074103 -5.0491944 -4.23581591 -29.99652568 -27.80208557 -2.7824186 2.66642623 -8.46470851 -9.04754035 -8.92856218 -3.30635754 -38.8828396 179.9999803 -77.222711 179.99998385 23.21653188 14.90531965 25.44988846 1.72580561 3.4412791 7.55266576 2.91261714 32.84898607 28.2290532 179.99996198 80.22207195 -179.99996545 2.59451224 -6.84051363 -60.32325194 -47.07351998 5.45960052 16.39185064 30.99345475 7.85221045 2.23656995 2.18960885 1.71521523 -14.69724688 -1.87275259 0.00000442 0.00000455 -41.24595109 -7.14616224 -21.12275492 33.56907204 1.9751373 -4.17585083 -8.7694712 -1.80824824 18.97582564 -0.19380567 -0.00000413 -0.00000243
-0.01728999 1.0647262 -0.00614407 17.66186557 -15.36006779 5.87080971 10.92867678 -3.70461822 -0.63695249 7.9542296 -2.57881421 -0.20417969 7.94402855 -2.60535951 -0.12792782 -1.46075357 -5.00740243 -4.0996784 -30.34878281 -27.31273882 -3.16944309 2.68499024 -8.49342526 -8.78292747 -8.87329781 -3.50765596 -38.87562838 179.99992652 -77.25118566 179.99991941 23.53826481 14.78568508 25.11850677 1.76453315 3.42381923 7.81188991 3.03813792 32.74529763 28.27507146 179.99994957 80.08555386 -179.9999329 1.78116898 -6.54495741 -59.22144554 -47.25645411 5.53716898 16.48648159 31.0200004 7.82501327 2.13510473 2.11498159 1.56562752 -14.45578855 -1.86466456 -0.0000089 -0.00000353 -40.90670769 -7.24505231 -20.9729084 32.86847515 1.77727061 -4.20133058 -8.42396383 -1.89026897 19.15888386 -0.19000064 8.1e-7 -0.00000847
-0.0156636 1.06589035 -0.00504308 17.73520597 -15.19541064 5.72745545 10.98533825 -3.62066935 -0.83035139 8.00169064 -2.48704244 -0.31710999 7.99352688 -2.51145124 -0.244685 -1.47917717 -4.92880127 -3.93894942 -30.63486069 -26.70730578 -3.32128597 2.68497167 -8.42168026 -8.4815432 -8.80620498 -3.60182802 -38.94025258 -179.99999027 -77.25484033 -179.99999334 23.5132706 14.37455679 24.9767326 1.79768106 3.43724726 8.00035102 3.04189146 32.72951209 28.48663704 179.99988955 80.03169391 -179.99991227 0.97558042 -6.22604439 -58.08106829 -47.31117416 5.60214931 16.4797544 30.87781118 7.79485384 2.05430178 2.1379974 1.47419575 -14.22774952 -1.86357235 0.00000304 -0.00000404 -40.53671894 -7.41496856 -20.90996713 32.18553024 1.58460744 -4.20209749 -8.11223943 -1.95791978 19.30161143 -0.19209236 0.00003004 -0.00000432
-0.01445102 1.06725844 -0.00405078 17.70880474 -14.98362677 5.59352757 11.05881052 -3.56225492 -1.02527011 8.06216046 -2.41871188 -0.43599314 8.05561334 -2.44217322 -0.36639886 -1.51384896 -4.79413711 -3.88031952 -30.68244794 -26.02838954 -3.11597528 2.67789121 -8.36497932 -8.38296824 -8.72656467 -3.49468672 -38.80018139 179.99994407 -77.24732455 179.99994189 23.08001694 13.63932172 25.08853526 1.79539572 3.4389435 7.97909909 2.8629711 32.85860675 29.05754426 -179.99998645 80.13772004 179.99998666 0.17400977 -5.8985569 -56.91645579 -47.19773938 5.66470849 16.37896785 30.59764497 7.76112579 2.02741143 2.24423677 1.46299426 -14.03324976 -1.8695484 1.1e-7 -0.00000299 -40.09939185 -7.65948831 -20.91491925 31.5240895 1.38843455 -4.18949737 -7.82738763 -1.97612264 19.40875932 -0.20384937 -0.00001052 0.00000424
-0.01361438 1.06858254 -0.00321215 17.59568481 -14.81454856 5.42262467 11.13348511 -3.52404799 -1.20627631 8.12642235 -2.37159974 -0.55168798 8.12053031 -2.39651884 -0.48409326 -1.51125926 -4.59723148 -3.99881917 -30.41989619 -25.30184562 -2.53960588 2.67716431 -8.40664826 -8.59877809 -8.65853751 -3.19565726 -38.33352611 -179.99999166 -77.30798008 -179.99998657 22.26954073 12.60398817 25.44962829 1.74693584 3.40167046 7.71099438 2.51390708 33.119491 30.02033222 179.99996126 80.41895274 -179.99994452 -0.59720981 -5.60203632 -55.73420584 -47.00174693 5.72770047 16.30671677 30.32192265 7.72533447 2.05750998 2.35532436 1.47240908 -13.89572225 -1.87964329 -5.1e-7 5.2e-7 -39.60609683 -7.9140552 -20.87912591 30.91756015 1.20274678 -4.16834136 -7.57279718 -1.97742868 19.47966389 -0.22017227 -0.00001743 0.00000234
-0.0131844 1.0696855 -0.00249403 17.44147485 -14.73252154 5.1911756 11.19661178 -3.48857552 -1.36562805 8.18561671 -2.33262272 -0.65844154 8.17952907 -2.36105493 -0.59257237 -1.43168818 -4.35584536 -4.27883418 -29.93154992 -24.55876348 -1.71622659 2.68846182 -8.56608104 -9.07066072 -8.63707462 -2.78039188 -37.63491977 179.99999487 -77.51748139 179.99999667 21.21887302 11.35413859 25.97283907 1.66475476 3.32743325 7.27771808 2.08123801 33.42902291 31.23222857 179.99997797 80.80787778 -179.99998585 -1.28155593 -5.39726187 -54.54475288 -46.81414674 5.78590825 16.34901707 30.14042305 7.68923592 2.13461611 2.41744284 1.437785 -13.82811092 -1.88894536 0.00000231 -0.00000734 -39.08685366 -8.11331975 -20.72176853 30.39321401 1.03914936 -4.14550276 -7.35766092 -2.01882671 19.51810067 -0.23235423 -0.00003353 0.00000562
-0.01313417 1.07064667 -0.00178324 17.28497088 -14.66947786 4.91099092 11.24299441 -3.43688207 -1.50309037 8.23374675 -2.28648044 -0.75498167 8.22707874 -2.31889892 -0.69110677 -1.27264577 -4.10753108 -4.62718493 -29.41986827 -23.84056065 -0.85860985 2.70899406 -8.80324913 -9.62040906 -8.67659632 -2.32225777 -36.95135474 -179.99999705 -77.8865879 -179.99998629 20.1421014 10.03378 26.51354715 1.57647262 3.24063515 6.82849942 1.69302719 33.67897133 32.44946613 179.9999389 81.18857273 -179.99995185 -1.81239411 -5.33988847 -53.35943555 -46.65943619 5.83476615 16.468194 30.00240759 7.65238635 2.24578015 2.452371 1.3213672 -13.80715625 -1.89245984 -0.00000289 -0.00000329 -38.55335628 -8.27689191 -20.47591859 29.9231034 0.86840527 -4.11974693 -7.18041969 -2.10491619 19.53765515 -0.23566325 0.00000141 0.00000242
-0.01339303 1.07158576 -0.00100437 17.15165633 -14.53015056 4.61041089 11.27402359 -3.35895426 -1.62281668 8.26822746 -2.22439787 -0.84342732 8.2613282 -2.25950958 -0.7820457 -1.06880368 -3.89140515 -4.92953943 -29.08893147 -23.18346086 -0.16747822 2.73389287 -9.05119778 -10.05739379 -8.75350791 -1.8465036 -36.53389068 -179.99998641 -78.3310244 -179.99998639 19.2577997 8.81327439 26.92811266 1.50929169 3.16959696 6.49749586 1.45978477 33.78958428 33.45197294 179.99999865 81.45589351 -179.99999932 -2.14257043 -5.4558656 -52.17858032 -46.5339432 5.86927041 16.58868067 29.82551309 7.61389429 2.36612422 2.50431795 1.10957115 -13.79329188 -1.88966416 -0.00000118 -0.00000266 -38.02549491 -8.4627349 -20.21974624 29.47523952 0.54579547 -4.10176169 -7.03979107 -2.09862528 19.57568509 -0.23104609 -0.00002009 -0.00000855
-0.01391806 1.07254479 -0.00020263 17.05290296 -14.30037925 4.30661125 11.29405518 -3.25775361 -1.72906423 8.28915982 -2.14774715 -0.92663948 8.28269211 -2.18333794 -0.86812405 -0.87405358 -3.7282304 -5.11267937 -29.02841713 -22.60007959 0.25541579 2.76020568 -9.25452347 -10.27612289 -8.81995979 -1.3334662 -36.49912165 179.99997919 -78.71158304 179.9999731 18.71013184 7.82970592 27.12851036 1.47574169 3.13167775 6.33532062 1.41837049 33.73590522 34.14840513 179.99991082 81.55889088 -179.99989429 -2.26510058 -5.73441059 -50.98222504 -46.43754965 5.89539107 16.69853333 29.58557839 7.57393407 2.4678339 2.59127582 0.81443245 -13.76347411 -1.88201794 3.8e-7 -0.00000128 -37.52243388 -8.68473651 -19.99053138 29.04884586 0.1697823 -4.06191221 -6.9291225 -2.07795973 19.60194315 -0.22168128 0.00001026 0.00000558
-0.01469309 1.07347808 0.00049367 16.99694395 -14.0255452 4.01073601 11.3075895 -3.14522896 -1.8225408 8.2984994 -2.0654192 -1.00568734 8.29303135 -2.09963893 -0.95000962 -0.73975415 -3.61225926 -5.17392978 -29.17573396 -22.07500354 0.43177646 2.78536147 -9.39126912 -10.28979701 -8.83327955 -0.75734896 -36.78662057 179.99994843 -78.91126341 179.99995139 18.52980344 7.13810796 27.10295855 1.46942815 3.12925803 6.29669161 1.52126116 33.53840269 34.59543208 179.99989996 81.50819248 -179.9999202 -2.21424813 -6.13677115 -49.7336 -46.37661801 5.90965714 16.82108028 29.30508202 7.47054463 2.52803559 2.71062412 0.54045663 -13.71796961 -1.87163829 0.00000283 -3.9e-7 -37.07369188 -8.91399421 -19.77247599 28.66084081 -0.21987373 -4.00021394 -6.84169379 -2.06205117 19.6051528 -0.20810475 0.00001831 0.00000215
-0.01564645 1.07434517 0.00098232 16.99046199 -13.7372315 3.73957756 11.3190385 -3.0345684 -1.90054183 8.300171 -1.98763136 -1.07926432 8.29590595 -2.01992828 -1.02594609 -0.69707601 -3.51957567 -5.16567152 -29.37472415 -21.57570098 0.46664747 2.80655167 -9.4706481 -10.19062328 -8.78072605 -0.12448711 -37.22833083 179.99995657 -78.89777409 179.99997039 18.65432622 6.7107689 26.89763597 1.4724342 3.15343504 6.28360668 1.67654011 33.23648455 34.9310706 179.99995648 81.35724517 -179.99996592 -2.04980415 -6.61020255 -48.39465971 -46.35015294 5.89435078 16.95932933 29.00842055 7.11649115 2.5102576 2.85970096 0.52421508 -13.65198339 -1.86138207 0.00000363 0.00000368 -36.70844477 -9.12667395 -19.56796876 28.32523038 -0.60851731 -3.91934227 -6.77073803 -2.048558 19.58431051 -0.18897451 0.000001 -0.00000656
-0.01671291 1.07511215 0.00122497 17.01228324 -13.43873908 3.50248952 11.33301284 -2.93453776 -1.96142265 8.2997018 -1.92065091 -1.14516767 8.29650293 -1.95164542 -1.09349289 -0.74713061 -3.42508317 -5.15335998 -29.48255832 -21.07247955 0.4777142 2.82188191 -9.51560961 -10.07839735 -8.68674532 0.51752972 -37.66684085 179.99988819 -78.73333636 179.99990219 18.98677089 6.48092152 26.57872511 1.46805787 3.19064515 6.20997455 1.80206346 32.86619125 35.27961265 179.9999194 81.17476831 -179.9999357 -1.83593719 -7.1013294 -46.94411826 -46.34027997 5.85939585 17.06141175 28.6823761 6.79455112 2.503718 3.04031812 0.50424456 -13.60395357 -1.85189339 4.4e-7 0.00000553 -36.424229 -9.31413613 -19.39080199 28.06235293 -0.99174911 -3.8324259 -6.72186197 -2.03785426 19.5494946 -0.16488616 -0.00001008 0.00000489
-0.01789254 1.07571312 0.00124205 17.01690382 -13.14026203 3.28097887 11.35366804 -2.8475047 -2.0091024 8.30313769 -1.86482114 -1.2032394 8.30064522 -1.89555719 -1.15256675 -0.86142458 -3.31605537 -5.17739053 -29.44586313 -20.55478968 0.53782514 2.8312791 -9.54506525 -10.00829186 -8.59887326 1.09931831 -38.03562728 179.99999891 -78.53523601 179.99999138 19.44931697 6.38897818 26.19886382 1.44929184 3.2279885 6.04771643 1.85673339 32.45482285 35.69173388 179.99996044 81.02107752 -179.99997078 -1.62517248 -7.56631755 -45.38809021 -46.33336495 5.82641269 17.15774816 28.37651498 6.47325098 2.49627546 3.22597126 0.48321724 -13.56515784 -1.84492674 -4.7e-7 0.00000398 -36.18046622 -9.46469812 -19.21499403 27.8951097 -1.37976422 -3.77049553 -6.71068832 -2.03232087 19.52077248 -0.13906757 0.00000314 -0.00000528
-0.01917848 1.07611168 0.00112015 16.98059787 -12.86919664 3.05608893 11.38291594 -2.77124363 -2.05441087 8.31448167 -1.81580458 -1.256668 8.31247845 -1.84683678 -1.20671499 -0.99526822 -3.19483765 -5.23887225 -29.30418766 -20.03235164 0.65877949 2.8360433 -9.56668082 -9.98139362 -8.56063463 1.55950467 -38.35917089 -179.99997364 -78.42153585 -179.99998409 19.99984199 6.39719356 25.78552033 1.42012902 3.25627969 5.83149784 1.84317072 32.02925216 36.13902089 179.99997278 80.93050636 -179.99998658 -1.45197869 -7.97422748 -43.75919244 -46.33278123 5.81450593 17.30356713 28.14817076 6.1274951 2.45599084 3.38228372 0.46642154 -13.52017673 -1.84160294 0.00000865 -0.00000685 -35.94612317 -9.56997087 -19.00843153 27.82273125 -1.77112824 -3.74778413 -6.73982746 -2.0351376 19.5067823 -0.1145716 -0.00000863 -4.3e-7
-0.02046517 1.07638367 0.00096811 16.92008573 -12.64654558 2.84526775 11.41863344 -2.7013784 -2.11075431 8.33373283 -1.76765283 -1.31098835 8.3321919 -1.798656 -1.26188814 -1.10799001 -3.07197051 -5.31213113 -29.1332102 -19.5213652 0.81245548 2.83778692 -9.58046672 -9.97177974 -8.58849689 1.86883254 -38.6939193 -179.99990347 -78.47045857 -179.99989671 20.61463369 6.47500374 25.35146422 1.39073755 3.27101301 5.62947736 1.79723824 31.62756521 36.54740002 -179.99990501 80.90180146 179.99990891 -1.33322701 -8.30527603 -42.10477895 -46.33181802 5.83047799 17.49493012 27.98563766 5.785084 2.37173647 3.50496913 0.45427295 -13.46153232 -1.84115212 0.0000043 0.00000222 -35.73236524 -9.65030434 -18.8067904 27.80703874 -2.1182343 -3.72815905 -6.78958143 -2.03882093 19.48670294 -0.09217477 -0.00001559 -5.4e-7
-0.02166145 1.07670021 0.0007683 16.8518072 -12.47547439 2.68166815 11.45454668 -2.63416769 -2.18684115 8.35604987 -1.71635727 -1.37097222 8.35509606 -1.74657255 -1.32304726 -1.17931021 -2.95585432 -5.37199012 -28.98233438 -19.02861254 0.96403898 2.83822689 -9.5875063 -9.95992577 -8.66449312 2.03974057 -39.06264628 179.99986779 -78.70063727 179.99988473 21.26294026 6.58301993 24.91159187 1.37060822 3.27251346 5.50040947 1.77482078 31.30328511 36.84320235 179.99987336 80.9016968 -179.9998601 -1.27391431 -8.54696072 -40.47249793 -46.28609082 5.87305907 17.66215899 27.79815303 5.5082761 2.28944162 3.63398273 0.44046862 -13.40866817 -1.84125432 -0.00000482 -0.00000149 -35.55532785 -9.73735262 -18.66875742 27.79882151 -2.37136916 -3.67073887 -6.82728678 -2.04182342 19.43076741 -0.07248537 0.00000357 0.00000307
-0.02288492 1.0771283 0.00039411 16.77563264 -12.34293759 2.57919433 11.48194369 -2.56902498 -2.27984717 8.37325465 -1.66266475 -1.43700214 8.37295975 -1.69170511 -1.39044885 -1.2128189 -2.84591088 -5.4168199 -28.84723632 -18.54334039 1.09376892 2.8383578 -9.59477276 -9.95642802 -8.74441394 2.11788383 -39.42927526 -179.99997224 -79.0684911 -179.99997455 21.90283535 6.67735025 24.48881021 1.36308262 3.26463477 5.46041438 1.837889 31.11607829 36.99157522 179.99991594 80.8864611 -179.99992075 -1.27296962 -8.69153859 -38.89642305 -46.15879725 5.9292249 17.74795101 27.51215177 5.33480535 2.26981567 3.81145139 0.41854468 -13.3983714 -1.83953908 3.3e-7 0.00000485 -35.41875686 -9.82207011 -18.58729802 27.79939452 -2.55833023 -3.60052197 -6.84893029 -2.04679878 19.3460515 -0.05663581 0.00001905 -6.7e-7
-0.02434319 1.07759644 -0.00015994 16.71042712 -12.22204858 2.52937177 11.49258945 -2.50900983 -2.37448802 8.37691976 -1.61218603 -1.50335273 8.37724477 -1.64059545 -1.45801349 -1.22613503 -2.73330122 -5.47069812 -28.68927672 -18.04140952 1.19826762 2.83838757 -9.61223724 -9.9943979 -8.77680265 2.15713557 -39.72476597 179.99998392 -79.48318931 179.99998734 22.50017064 6.73172668 24.10343969 1.36435471 3.25259737 5.47968361 2.03669083 31.10914951 37.01112254 179.99990318 80.83123103 -179.99992475 -1.32584094 -8.73588999 -37.39207035 -45.97538611 5.97763534 17.76187874 27.12680885 5.24118447 2.30771875 4.04309407 0.38759482 -13.43834507 -1.83510777 0.00000493 0.00000214 -35.33527567 -9.87161564 -18.51455269 27.84509907 -2.76323859 -3.56590648 -6.88049059 -2.04843011 19.26466786 -0.052332 0.00000345 0.00000413
-0.02604761 1.0780751 -0.00075908 16.68507253 -12.09406054 2.49978606 11.48216408 -2.45837612 -2.45017631 8.36231595 -1.57175208 -1.56032197 8.36292242 -1.60090177 -1.51568047 -1.23691398 -2.60798484 -5.56136574 -28.47609593 -17.49776233 1.27869151 2.83767163 -9.64500296 -10.10136704 -8.72609064 2.18998699 -39.90233538 -179.99990927 -79.84212561 -179.99991283 23.05515973 6.75605702 23.75580433 1.36765802 3.24071191 5.51017584 2.39402734 31.28375031 36.95354297 179.99981674 80.74694662 -179.99984363 -1.42196709 -8.68496486 -35.9606471 -45.79428879 6.01228279 17.77016284 26.68110342 5.15989117 2.33976371 4.30668889 0.35173343 -13.49256054 -1.82868795 4.2e-7 -8.5e-7 -35.29916459 -9.89624916 -18.42393093 27.91653052 -3.01569254 -3.55044979 -6.92170387 -2.05152183 19.18664733 -0.06346783 -0.00001175 -0.00000211
-0.02785033 1.07859924 -0.00133876 16.70246758 -11.96778588 2.45964116 11.45345841 -2.41813307 -2.49135379 8.33137716 -1.54417851 -1.59894074 8.33197735 -1.57541835 -1.55443268 -1.25324618 -2.46731605 -5.6898392 -28.21086617 -16.90021209 1.3294808 2.83530592 -9.68656987 -10.26522728 -8.58815882 2.20982835 -39.9810075 179.99984057 -80.07787615 179.99987532 23.61001799 6.79708881 23.41761788 1.36971402 3.23108465 5.53078987 2.90079632 31.59052725 36.85706174 179.99980701 80.67202007 -179.99979233 -1.53743779 -8.55643372 -34.60105443 -45.64397556 6.0436481 17.82484723 26.20908991 5.05209778 2.3291402 4.58222838 0.31515616 -13.53094231 -1.82170556 0.00000181 0.0000029 -35.28252739 -9.92585268 -18.31524854 27.96048745 -3.27680848 -3.50897975 -6.95271123 -2.05074765 19.09044522 -0.07515554 -0.00001934 0.00000276
-0.02965481 1.07915557 -0.00199793 16.73380697 -11.85051472 2.40874436 11.41655765 -2.38372158 -2.4946511 8.29296756 -1.52577493 -1.61526299 8.29334937 -1.55931532 -1.57061818 -1.27305973 -2.31885144 -5.81805558 -27.93011051 -16.25459593 1.34002287 2.83099344 -9.7186656 -10.4264519 -8.39017435 2.17836954 -40.04448161 179.99996062 -80.19224252 179.99996907 24.22870577 6.91925938 23.03888209 1.37506435 3.22368907 5.56969776 3.52585204 31.94884454 36.70800124 179.99994607 80.64715648 -179.99995171 -1.6319444 -8.38228072 -33.31879862 -45.50031558 6.06836828 17.89595693 25.71494977 4.94212149 2.31630124 4.87142603 0.27672422 -13.57103152 -1.81415842 0.00000686 -0.00000355 -35.26953006 -9.96007378 -18.19995301 27.98043934 -3.52368699 -3.44080979 -6.97054962 -2.04543103 18.97532013 -0.07713383 0.00001038 0.00000527
-0.03144899 1.07972183 -0.00286508 16.74388274 -11.71764885 2.36020368 11.38506823 -2.34790589 -2.46781397 8.25901824 -1.50915227 -1.61139843 8.25934845 -1.54372792 -1.56673671 -1.28960273 -2.17478335 -5.889836 -27.6782878 -15.5768341 1.30761775 2.82470834 -9.71872818 -10.5100079 -8.1757774 2.05641827 -40.19244171 179.99997305 -80.25383821 179.99996645 24.96108416 7.16904168 22.57224765 1.39234444 3.21740153 5.6825336 4.22712507 32.28463783 36.45138892 -179.99998409 80.69615136 -179.9999977 -1.65616039 -8.20141906 -32.1243815 -45.31599671 6.0723711 17.91965747 25.16876688 4.8434896 2.3474779 5.19344307 0.23328667 -13.63674339 -1.80421043 -0.00000653 0.00000803 -35.25240287 -9.99686001 -18.09971502 28.01138328 -3.76802447 -3.37040137 -6.9874157 -2.03829053 18.85620817 -0.0663105 -0.00001217 -0.00000347
-0.0332943 1.08029815 -0.00392068 16.71923814 -11.55371025 2.31664877 11.37049425 -2.3066202 -2.42161154 8.23954096 -1.48958919 -1.59256224 8.24017754 -1.52295014 -1.54818158 -1.29637552 -2.04180514 -5.87286524 -27.48443853 -14.87831464 1.24852283 2.81576028 -9.67277855 -10.48168154 -7.98745792 1.83982635 -40.47370117 179.99998813 -80.3572919 179.99997629 25.81435239 7.53818301 22.00419973 1.42550264 3.21138088 5.89460018 4.95224765 32.56267235 36.05153223 -179.99995703 80.8224856 179.99995164 -1.57056075 -8.04531661 -31.02159495 -45.07551323 6.07132198 17.90466242 24.55839737 4.71173658 2.39660845 5.55024909 0.1862925 -13.7152312 -1.79088022 0.00000707 -0.00000209 -35.22392419 -10.04527126 -18.01982374 28.06833586 -4.0166677 -3.31033055 -7.01436632 -2.03206034 18.73898118 -0.04449248 -0.00000666 -0.00000152
-0.03527349 1.08086846 -0.00503669 16.66444836 -11.38443568 2.27582851 11.37804644 -2.26227894 -2.36074465 8.23883275 -1.46899776 -1.56276354 8.24006248 -1.49909001 -1.51877042 -1.28755673 -1.91455463 -5.78798395 -27.35708949 -14.15598564 1.19620441 2.80260411 -9.58674243 -10.38105883 -7.85182722 1.57182975 -40.84951048 -179.99987404 -80.57209142 -179.99989379 26.7413216 7.95995671 21.37100645 1.46695746 3.20596891 6.1577564 5.63597464 32.79223975 35.55140901 179.99994772 81.01476123 -179.99997786 -1.36132439 -7.92496713 -29.99750691 -44.79731841 6.10150397 17.91078061 23.91729068 4.52152625 2.41386606 5.9187952 0.13978908 -13.78329418 -1.77621686 -0.00000227 -0.00000137 -35.18744015 -10.10948536 -17.95183573 28.15521064 -4.23991005 -3.25128445 -7.06060531 -2.02919249 18.61145958 -0.0118251 -0.00000165 -1.9e-7
-0.0373875 1.08139038 -0.00614652 16.58614794 -11.23902876 2.24325386 11.40551376 -2.22099317 -2.28147656 8.25472119 -1.45389142 -1.52289698 8.25667915 -1.47979348 -1.47904071 -1.25458416 -1.77861742 -5.69867073 -27.29442897 -13.39438845 1.18689193 2.78506398 -9.48875533 -10.30225209 -7.77256747 1.321782 -41.21794429 179.9999617 -80.91525862 179.99997948 27.65539169 8.34341451 20.74496844 1.50004078 3.20187893 6.36722388 6.21155509 33.00360303 35.07084417 179.99996921 81.25154067 -179.99995812 -1.04111469 -7.82759574 -29.02579847 -44.50082019 6.1739866 17.95328967 23.28542795 4.31806343 2.39830492 6.28147395 0.0942209 -13.8395444 -1.76092082 -0.00001127 -0.00000443 -35.15454275 -10.17463347 -17.89203698 28.2808702 -4.41148947 -3.18759663 -7.13254913 -2.03149503 18.46829915 -0.00002626 0.00000186 0.00000708
-0.03954468 1.08189248 -0.00728291 16.47860474 -11.12762216 2.2243861 11.44518485 -2.18610428 -2.1780088 8.28036137 -1.44903805 -1.47263899 8.2830419 -1.47080462 -1.4284979 -1.18504315 -1.62108846 -5.66637983 -27.29291019 -12.57810622 1.24130958 2.76715915 -9.4183973 -10.32510993 -7.7339902 1.14602432 -41.48638502 -179.99987815 -81.35676141 -179.99986875 28.47121688 8.61905528 20.19680795 1.51008846 3.19866639 6.43136875 6.63913339 33.21594775 34.73510282 -179.99987709 81.50014746 179.99986638 -0.63458003 -7.72709336 -28.08258542 -44.174118 6.28121825 18.00402817 22.66040719 4.15784336 2.37929603 6.64453047 0.04813394 -13.89128134 -1.72226183 -0.00000161 -0.00000559 -35.11553021 -10.22796347 -17.83366865 28.42697614 -4.54917698 -3.13533815 -7.21229244 -2.03640982 18.32197634 -0.00000888 0.00001138 0.00001116
-0.04161533 1.08250122 -0.00851224 16.32537076 -11.0500648 2.21009848 11.48759033 -2.15441879 -2.05055406 8.3076959 -1.45263384 -1.41319711 8.31100844 -1.47047389 -1.36852398 -1.06882813 -1.44017567 -5.7073663 -27.34378368 -11.70686651 1.35375413 2.75546923 -9.40709392 -10.45510057 -7.71308955 1.06052321 -41.64035947 -179.99995346 -81.84578136 -179.99995342 29.1501423 8.76897728 19.75459747 1.49479988 3.19419511 6.33782226 6.93042306 33.42393169 34.59071147 -179.99988628 81.71904037 179.9999041 -0.16246218 -7.60191575 -27.1624413 -43.78068104 6.42807716 18.05271175 21.99497807 4.04165726 2.36457203 7.03078362 -0.00192045 -13.93224737 -1.68085943 -0.00000639 0.00000324 -35.03059771 -10.2914656 -17.77544313 28.53194602 -4.64805865 -3.0914155 -7.26437842 -2.03817624 18.16923936 -0.00003899 0.00000929 -0.00000107
-0.04353872 1.08327943 -0.00987216 16.1313999 -10.99317932 2.19279827 11.52562022 -2.1189507 -1.90690396 8.33113231 -1.45762255 -1.34753581 8.33507349 -1.4710799 -1.30248099 -0.90784791 -1.24696846 -5.78613652 -27.42402401 -10.80267052 1.49665266 2.7552076 -9.45993558 -10.61675101 -7.69050017 1.04001812 -41.75582971 179.99988258 -82.33844695 179.99987742 29.71749481 8.82729954 19.38749725 1.46490627 3.18545995 6.15790344 7.14780769 33.61386577 34.57668328 179.99997143 81.8732333 -179.99996965 0.3613652 -7.44629785 -26.28020494 -43.31654522 6.62202398 18.10869616 21.25516643 3.92217861 2.33123249 7.45406544 -0.05480437 -13.94671682 -1.63144562 -0.00000264 2.5e-7 -34.89946808 -10.40406978 -17.74360906 28.57142707 -4.68610284 -3.01776202 -7.27464798 -2.03179917 17.98583281 -0.00001068 7.9e-7 -2.2e-7
-0.04546957 1.08404106 -0.01131779 15.94453834 -10.93855653 2.19214793 11.55791763 -2.07576067 -1.75629104 8.35012447 -1.45784194 -1.27760144 8.35488542 -1.46566469 -1.23264821 -0.72151408 -1.05822795 -5.8484131 -27.49562979 -9.90611946 1.63967942 2.76677279 -9.54984196 -10.70403458 -7.65436953 1.03637639 -41.94996932 179.99992481 -82.81322969 179.99991838 30.23931375 8.85555623 19.03075643 1.43514411 3.1704689 5.98647936 7.36986378 33.79062805 34.57326001 179.99989593 81.95689291 -179.99989675 0.9196874 -7.26836939 -25.45843421 -42.84368 6.83799457 18.16661898 20.47679172 3.78861175 2.2707773 7.89832696 -0.10828924 -13.94702378 -1.56982374 0.00000331 0.00000332 -34.80590883 -10.53969751 -17.76192025 28.63457784 -4.66455127 -2.89945819 -7.29315185 -2.02632655 17.76768574 -0.00003237 -0.00000764 0.00000293
-0.0476253 1.08449883 -0.01277786 15.79328993 -10.87745845 2.22232605 11.58860841 -2.02882909 -1.60289134 8.36896938 -1.45340352 -1.20218632 8.37468356 -1.45413205 -1.15782635 -0.54109469 -0.88657008 -5.86358356 -27.51751142 -9.06350783 1.77376447 2.78478199 -9.62843896 -10.64836155 -7.60049352 1.00080103 -42.30962768 -179.99999331 -83.27156061 -179.9999885 30.77879213 8.90991424 18.63245613 1.41368619 3.15031609 5.87253508 7.64314533 33.98710341 34.48659059 -179.99983191 82.00315987 179.99984238 1.48269725 -7.08053934 -24.71136827 -42.4312164 7.02518077 18.20957359 19.76056679 3.6792897 2.21707369 8.32050947 -0.16069386 -13.9727695 -1.49764804 0.00000139 9.9e-7 -34.81813767 -10.62117788 -17.80074881 28.84556504 -4.65553342 -2.78550894 -7.38460527 -2.03457045 17.55520062 -0.01167403 0.0000016 0.00000509
-0.04993395 1.08461838 -0.01425519 15.62496406 -10.81118823 2.24373085 11.62349179 -1.98862308 -1.4457955 8.39325706 -1.45053776 -1.11824824 8.39999934 -1.44346826 -1.0746541 -0.39663273 -0.7354271 -5.84220775 -27.46204786 -8.31337273 1.92254723 2.79994394 -9.64868184 -10.45338209 -7.53190226 0.89907364 -42.84500616 179.99993671 -83.72605464 179.99992577 31.36538529 9.01009454 18.17140902 1.3985 3.12976799 5.79770411 7.95506642 34.241715 34.3026987 179.99991402 82.06661175 -179.99991001 2.00960948 -6.89310029 -24.03788527 -42.07105821 7.16178572 18.23981014 19.17756108 3.60148941 2.21807419 8.68968403 -0.21129171 -14.04415796 -1.42007299 -0.00000358 0.00000627 -34.86089666 -10.63806404 -17.80211024 29.18838077 -4.70691813 -2.72065883 -7.54191157 -2.05678186 17.38238485 -0.05512386 -0.00001082 0.00000588
-0.05215678 1.08459473 -0.01580616 15.37723079 -10.75792987 2.20967194 11.66577938 -1.96505858 -1.28335501 8.42572289 -1.45645515 -1.02458174 8.43336103 -1.44218906 -0.9815168 -0.30589452 -0.60105663 -5.81930299 -27.32350747 -7.67762144 2.12981502 2.80283011 -9.58777196 -10.18561824 -7.45551119 0.71684003 -43.4885829 179.99983546 -84.18319479 179.99985013 31.99297173 9.12477217 17.64014589 1.38263669 3.1150294 5.71169124 8.24526006 34.56040903 34.07967522 -179.99997128 82.18754995 179.99997153 2.46399812 -6.71320438 -23.424457 -41.71490748 7.28293274 18.29250931 18.71968259 3.51065453 2.27329535 9.00608596 -0.25897146 -14.1411688 -1.34036866 0.00000506 -0.00000201 -34.82250318 -10.64573256 -17.743076 29.54993481 -4.78679795 -2.68899503 -7.70660127 -2.08246871 17.23531187 -0.09087655 0.00000259 0.00000792
-0.05424676 1.08456024 -0.01745112 15.08938104 -10.73467284 2.14492073 11.71363425 -1.96059456 -1.11755546 8.46396129 -1.4738576 -0.92458601 8.47221111 -1.45411774 -0.88154784 -0.27277851 -0.47834371 -5.82241792 -27.11605993 -7.15892536 2.42795878 2.78942268 -9.45798418 -9.93502896 -7.37693862 0.45799481 -44.12822581 -179.99995193 -84.63080341 -179.99994977 32.62960359 9.21010976 17.06454969 1.36218967 3.11075412 5.58514602 8.44131619 34.8938505 33.89813776 179.99971644 82.36279122 -179.99971616 2.83017238 -6.54972619 -22.85239513 -41.36594996 7.44221695 18.40227163 18.31694771 3.37210805 2.30427585 9.29758446 -0.30203632 -14.21735454 -1.24732821 -7.7e-7 5.2e-7 -34.73263606 -10.65230766 -17.64452296 29.88130317 -4.86592981 -2.67011574 -7.84864343 -2.1041228 17.09456321 -0.11944176 0.0000289 -5.2e-7
-0.05629763 1.08452255 -0.0191517 14.8581705 -10.72747709 2.11280266 11.76187804 -1.96890735 -0.95518829 8.50174347 -1.49904311 -0.82576446 8.51040321 -1.47604276 -0.78222654 -0.2925394 -0.36483571 -5.85111041 -26.86442464 -6.73982601 2.80913815 2.76355582 -9.30019687 -9.77436261 -7.29730608 0.13881269 -44.65625887 -179.99985808 -85.03914569 -179.99984783 33.23360378 9.25611675 16.51718735 1.33994617 3.11834966 5.43473203 8.49413673 35.1506533 33.81159576 179.99996852 82.54488179 -179.99996331 3.11940164 -6.41810918 -22.30098376 -41.0599638 7.64665425 18.54840482 17.88174215 3.20382882 2.24965316 9.60512809 -0.34262974 -14.24665793 -1.11981687 -0.0000063 -0.00000314 -34.70316612 -10.61927075 -17.53996897 30.20303214 -4.96645121 -2.67309655 -7.97454561 -2.12170614 16.96822128 -0.14665745 0.00000569 -0.0000012
-0.0583335 1.08447433 -0.02083929 14.71630436 -10.7153413 2.13599255 11.80573276 -1.98027192 -0.80767158 8.53320658 -1.5242426 -0.7367827 8.54204296 -1.49992859 -0.69239433 -0.3560752 -0.26105644 -5.8797734 -26.59601671 -6.38576662 3.22117754 2.73519897 -9.16479864 -9.73111363 -7.21477265 -0.21867362 -45.0119212 -179.99999376 -85.3768703 -179.99997958 33.77847913 9.26727287 16.04789164 1.32278707 3.13659838 5.30422465 8.39514759 35.24041217 33.82763428 179.99994479 82.67036373 -179.99994948 3.36075384 -6.34072416 -21.74679909 -40.78360506 7.83759488 18.65536372 17.36504237 3.08618519 2.17023547 9.95392805 -0.38912944 -14.26611843 -1.11953562 -0.00000476 0.00000419 -34.77295972 -10.54402423 -17.45715198 30.53048706 -5.09969192 -2.69225883 -8.09337193 -2.13753989 16.85861097 -0.17362048 0.00000532 -0.00000127
-0.06026725 1.08436554 -0.02244045 14.62613755 -10.6908988 2.1897933 11.84101261 -1.98174096 -0.67635532 8.55399321 -1.54132284 -0.66073547 8.56289642 -1.5163668 -0.61542022 -0.44996754 -0.16833821 -5.87621821 -26.33432043 -6.05436172 3.59053352 2.71464137 -9.09057967 -9.78495318 -7.12813924 -0.59390328 -45.19973069 179.99982432 -85.63092784 179.99983142 34.26231883 9.24407435 15.65280084 1.31587935 3.16365502 5.22817052 8.17415823 35.12079508 33.9206429 179.99995285 82.70068991 -179.999963 3.58591461 -6.34132195 -21.16466953 -40.5288204 7.97176987 18.6826775 16.83853494 3.04939575 2.15377692 10.30545856 -0.44241321 -14.31900655 -1.11830359 -0.00000512 -4.3e-7 -34.90778667 -10.46574079 -17.42054668 30.87325601 -5.22526227 -2.69230567 -8.21716506 -2.15048348 16.74867901 -0.20174302 0.00000427 0.00000966
-0.06200201 1.08425606 -0.02397492 14.54861874 -10.67173544 2.25386557 11.86651945 -1.9660908 -0.56265606 8.56381127 -1.54424012 -0.59719017 8.5727742 -1.51810006 -0.551185 -0.55511836 -0.08718796 -5.81967487 -26.09649978 -5.71070038 3.85690703 2.70822746 -9.09251859 -9.88194369 -7.03625989 -0.97468329 -45.27523945 -179.99977578 -85.81507298 -179.99976374 34.69673869 9.19142539 15.30831636 1.31972131 3.19865343 5.21010312 7.88541906 34.81948535 34.05525033 179.99997047 82.65014345 -179.99995322 3.81842294 -6.43956994 -20.53494767 -40.28347397 8.08452169 18.67392391 16.33532197 3.07722237 2.1630432 10.64552064 -0.49686711 -14.37106636 -1.22998147 -0.00000946 0.00000628 -35.06095094 -10.41397635 -17.43148459 31.20139878 -5.30466004 -2.65456182 -8.32925739 -2.16088761 16.62092536 -0.22929445 -0.00002526 0.00000171
-0.06351954 1.0842112 -0.02550031 14.46654896 -10.65654198 2.32015495 11.88167557 -1.93154419 -0.46725825 8.56410373 -1.52993244 -0.54332729 8.57308814 -1.50147556 -0.49711402 -0.6492334 -0.01717896 -5.70760898 -25.89134363 -5.33954889 3.99672126 2.71687947 -9.16149041 -9.96381145 -6.93297904 -1.36062489 -45.30749906 -179.99981872 -85.96294611 -179.99980638 35.09447393 9.11764506 14.99525222 1.33108203 3.24144774 5.22932458 7.59136422 34.4218967 34.19987067 -179.99990405 82.58541424 179.99989846 4.073143 -6.64753329 -19.85335269 -40.04211499 8.23554282 18.68860501 15.83626325 3.09115193 2.10921093 10.98445362 -0.54595397 -14.36838654 -1.42882704 -0.00000553 0.00000207 -35.19124511 -10.36376918 -17.43911443 31.480371 -5.39059979 -2.63819001 -8.41060945 -2.16804716 16.51263345 -0.25418064 0.00000189 -0.00000177
-0.06495847 1.08412865 -0.02699772 14.37341949 -10.61704505 2.39669372 11.88550223 -1.88121752 -0.39034714 8.55607218 -1.49879254 -0.49594886 8.56508612 -1.46733289 -0.45009169 -0.7129169 0.04307784 -5.55208145 -25.71588764 -4.94467122 4.02305852 2.73724668 -9.27294575 -9.99450083 -6.80371238 -1.75948234 -45.34299704 179.99996793 -86.11564029 179.99998004 35.46470581 9.02858166 14.70378145 1.34607065 3.29084498 5.26289866 7.35079956 34.03703595 34.32532724 -179.99996692 82.59789552 179.9999629 4.36395684 -6.96991908 -19.13418712 -39.80375049 8.409539 18.70098454 15.34757727 3.07364501 2.01216999 11.3200107 -0.59204679 -14.33208921 -1.63846329 0.00000482 0.00000248 -35.29028194 -10.24639496 -17.38320572 31.75233886 -5.60273482 -2.74215161 -8.48533519 -2.17726749 16.49833302 -0.27616165 -0.00001112 0.00000824
-0.06652601 1.08380875 -0.02839555 14.26656813 -10.54523139 2.49594698 11.87646452 -1.82239763 -0.32866569 8.53976285 -1.45558516 -0.45148626 8.54867744 -1.42143709 -0.40642047 -0.73538329 0.0965354 -5.37235821 -25.55447426 -4.53508676 3.96729667 2.76349375 -9.39865379 -9.97705103 -6.63024114 -2.17759856 -45.39033879 -179.99994643 -86.31165262 -179.99995264 35.81566032 8.93082471 14.43046648 1.36232882 3.34279514 5.30118209 7.20942965 33.75899513 34.40002575 -179.9999758 82.75991125 179.9999637 4.71351101 -7.40640211 -18.40100541 -39.58662599 8.54719524 18.65331563 14.94400552 3.0888795 1.97023993 11.6181947 -0.64248059 -14.32991635 -1.85733782 -0.00000226 -0.00000196 -35.39639832 -10.03870599 -17.28251224 32.11550284 -5.94408721 -2.95610543 -8.6091754 -2.19840437 16.57583415 -0.29747611 -0.00001427 0.00000511
-0.06823645 1.08324455 -0.02968683 14.14643417 -10.48799346 2.60631697 11.85317415 -1.76486321 -0.27276541 8.51445124 -1.40904475 -0.40492953 8.52304907 -1.37337491 -0.36079169 -0.71744413 0.14810164 -5.18865715 -25.38347445 -4.11213836 3.85949607 2.78899617 -9.51747297 -9.95270649 -6.4022107 -2.61182095 -45.42780249 179.99995911 -86.5818035 179.9999561 36.16132038 8.83739045 14.17067571 1.3786476 3.39051259 5.34698785 7.18754995 33.6296006 34.39522086 179.99973382 83.08657274 -179.99973131 5.15811093 -7.95328041 -17.67146504 -39.41593124 8.65066721 18.57518335 14.68811444 3.17975978 2.00567703 11.84944404 -0.69698661 -14.37249952 -2.08349261 7.7e-7 0.00000466 -35.53301374 -9.80267338 -17.20156102 32.57693556 -6.26743835 -3.15163315 -8.78765586 -2.22906463 16.64778895 -0.31856884 -0.00000615 0.0000059
-0.06985618 1.08267807 -0.03095532 14.02003987 -10.48110808 2.68805024 11.8164135 -1.71685818 -0.20826702 8.4804554 -1.36845266 -0.34993573 8.48860352 -1.3326247 -0.30652428 -0.6725069 0.2028957 -5.01647747 -25.18595972 -3.67050043 3.71997287 2.80845052 -9.62209375 -9.98132436 -6.12732898 -3.05131098 -45.42283057 179.99967545 -86.9414643 179.99968373 36.52208832 8.76744381 13.91229853 1.3946729 3.42822866 5.40678542 7.26202647 33.60718676 34.30044669 -179.99990061 83.52034581 179.99990221 5.7436083 -8.60365557 -16.94847186 -39.28779855 8.77276717 18.55210616 14.52080547 3.26885162 2.0460792 12.03534522 -0.74766839 -14.41299478 -2.29676315 0.00000108 0.00000436 -35.6634591 -9.61416188 -17.14735199 33.01702077 -6.47401833 -3.2492217 -8.95703428 -2.25641954 16.64833751 -0.33742273 -0.00000937 0.00000184
-0.07120988 1.08223838 -0.03226756 13.9035524 -10.4853105 2.71809887 11.77197589 -1.67885738 -0.12093253 8.44122405 -1.33782514 -0.28114878 8.44882841 -1.30250091 -0.23812565 -0.62637714 0.2623421 -4.85945693 -24.96517862 -3.21286199 3.56246006 2.82027091 -9.71890104 -10.10705323 -5.83253717 -3.48888776 -45.35588292 179.99993349 -87.38209203 179.99993098 36.91631199 8.73798569 13.63897546 1.41202266 3.45740064 5.48992864 7.35345559 33.55690586 34.13361665 -179.99997594 83.94912294 179.99998031 6.5149533 -9.34730502 -16.22376352 -39.19881071 8.91050533 18.60113259 14.36538281 3.27941882 2.03869077 12.21479023 -0.77932138 -14.41999626 -2.47670617 5.2e-7 -0.00000695 -35.76073375 -9.49539252 -17.09654729 33.36225114 -6.60625852 -3.27111002 -9.07867961 -2.27547071 16.599194 -0.35274086 -0.00002414 3.7e-7
-0.07235169 1.08180412 -0.03356853 13.80692313 -10.43896366 2.72650544 11.73149234 -1.64087555 -0.00761352 8.40440269 -1.31132763 -0.19866925 8.41149464 -1.27608918 -0.1559253 -0.61426922 0.32121113 -4.70297332 -24.74643614 -2.76146911 3.39960146 2.82675845 -9.81987068 -10.32545762 -5.55564293 -3.931063 -45.24160848 -179.99994433 -87.86810022 -179.99994446 37.34739535 8.75152098 13.34006345 1.43748085 3.49183374 5.61906325 7.33988737 33.28578337 33.925258 -179.99982762 84.25057371 179.99981939 7.50292442 -10.17049527 -15.48896587 -39.14277857 9.00639447 18.64820834 14.21313763 3.22311589 2.00335472 12.39047331 -0.79965312 -14.41358595 -2.59880137 0.00000843 -0.00000319 -35.85857195 -9.42263284 -17.07458243 33.67784429 -6.72892563 -3.2626215 -9.18894016 -2.29270137 16.54636588 -0.3655116 0.00001228 0.00000118
-0.07335338 1.08127044 -0.03472745 13.71157777 -10.33104646 2.75445034 11.70858129 -1.58474119 0.1205319 8.37900739 -1.27432496 -0.10936256 8.38578778 -1.23780761 -0.06729606 -0.67142053 0.36911601 -4.51572033 -24.56031798 -2.35133154 3.24356666 2.83283627 -9.93091554 -10.57301 -5.33240719 -4.39721962 -45.13824165 179.99997664 -88.34810043 179.99998321 37.79834932 8.78948813 13.01817071 1.48415024 3.5561959 5.84137886 7.10797024 32.62349684 33.68318619 179.99993733 84.34401082 -179.99992519 8.71378527 -11.05487589 -14.74419278 -39.09017569 9.03996223 18.62877922 14.0939486 3.1432436 1.97664581 12.5382592 -0.81777537 -14.42042885 -2.66757746 -5.4e-7 -1.8e-7 -35.97284967 -9.37031568 -17.12067937 34.03144833 -6.85037033 -3.24882476 -9.3261051 -2.31535672 16.51248396 -0.37702682 -0.00003067 0.00000486
-0.07416658 1.08063126 -0.03565787 13.59953536 -10.1864584 2.80124441 11.71217668 -1.49346339 0.24460537 8.37122054 -1.21149002 -0.02387681 8.37789894 -1.17185514 0.01656192 -0.8175557 0.39685671 -4.26501161 -24.41929415 -2.00757924 3.10205984 2.84307055 -10.0444479 -10.75490345 -5.18494286 -4.90389511 -45.12933984 -179.99990607 -88.77589534 -179.99990002 38.23869181 8.81821822 12.68881751 1.56652884 3.6750415 6.21534571 6.61801582 31.51736289 33.37275808 -179.99997934 84.22161111 179.99998525 10.12044495 -11.97074087 -13.99815081 -39.04549329 9.03345445 18.55715905 14.06124449 3.04109063 1.960752 12.62631338 -0.83016312 -14.43835892 -2.69124967 -0.00000296 0.00000444 -36.08242494 -9.32817937 -17.22270453 34.41779868 -6.96549868 -3.24396085 -9.48772968 -2.3445443 16.50649308 -0.38775507 0.00002289 5.7e-7
-0.07466608 1.07994544 -0.03635493 13.48572244 -10.02803527 2.8514579 11.74002838 -1.36263709 0.35060081 8.38030221 -1.11774406 0.04959105 8.38704902 -1.07336519 0.08720751 -1.04131313 0.40350563 -3.93991639 -24.30876754 -1.72436732 2.9747193 2.85884948 -10.14270553 -10.80217632 -5.11501044 -5.44496391 -45.27998908 -179.99969809 -89.12991598 -179.9996915 38.64009033 8.80541776 12.37293888 1.68944578 3.85657404 6.7701977 5.93850999 30.09023338 32.94290689 -179.99987298 83.94932957 179.99988011 11.66056666 -12.86911148 -13.26063459 -39.04676769 9.01332822 18.47443152 14.14300723 2.90742 1.9307861 12.64305989 -0.83177016 -14.44241363 -2.68377479 -0.00000117 -0.00000383 -36.17594928 -9.29061941 -17.34594514 34.78689179 -7.0851975 -3.25765278 -9.64340053 -2.37460869 16.53537917 -0.39751689 0.00000659 -0.0000047
-0.07476962 1.07929794 -0.03685962 13.38416233 -9.89180518 2.89785353 11.77695013 -1.20743077 0.43897147 8.39716462 -1.00500092 0.1102915 8.40407768 -0.95506261 0.144245 -1.29518151 0.39876956 -3.56614188 -24.20037173 -1.46432294 2.85452268 2.87749795 -10.20954866 -10.71552003 -5.10426345 -5.9812906 -45.59504389 179.99905127 -89.41903319 179.99904724 38.98919794 8.73600705 12.08792684 1.839383 4.08052728 7.46269021 5.22887194 28.61960931 32.38074446 -179.99994868 83.64325716 179.99995505 13.2404263 -13.67654715 -12.53622312 -39.10359426 9.00572834 18.41533096 14.32822969 2.75653509 1.86683935 12.5954337 -0.82004227 -14.41323051 -2.65219992 -0.00000304 -0.0000062 -36.24744401 -9.24446915 -17.45365152 35.08973567 -7.21519164 -3.30190138 -9.76002771 -2.39967902 16.60120642 -0.40574949 0.00000926 0.00000472
-0.07445643 1.07880418 -0.0371757 13.28221859 -9.81971908 2.93453578 11.79969865 -1.058609 0.52376842 8.40730332 -0.89888717 0.16515213 8.41436865 -0.8436395 0.19544525 -1.50902742 0.39861633 -3.1978663 -24.07599271 -1.17929709 2.73307843 2.89381753 -10.24170248 -10.56339964 -5.12173953 -6.4506363 -46.01434309 179.99986165 -89.67374133 179.99987083 39.2905347 8.61552548 11.8419879 1.98772692 4.30066469 8.1723619 4.67991481 27.42964957 31.74556813 179.99998651 83.43586458 -179.99999335 14.75086182 -14.30350009 -11.82489382 -39.17497586 9.02734579 18.39310637 14.58191925 2.62173432 1.7819916 12.49519898 -0.79690229 -14.35520827 -2.60130716 0.00000203 0.00000472 -36.26566784 -9.18359937 -17.51823374 35.2806725 -7.33819967 -3.38161745 -9.81325934 -2.41534082 16.6959143 -0.41185785 -0.00000749 0.00000356
-0.07371472 1.07852646 -0.0372267 13.16377582 -9.79840603 2.96295893 11.78771701 -0.94865981 0.62275481 8.39725058 -0.82637435 0.22417727 8.40436398 -0.76683837 0.25171894 -1.61827058 0.4167584 -2.88968849 -23.94248455 -0.83726586 2.60725861 2.9041692 -10.25153497 -10.43129445 -5.13775215 -6.79214241 -46.44942864 179.99370504 -89.92603823 179.99370703 39.55799363 8.46092931 11.63456559 2.11695764 4.45806963 8.59801941 4.33760496 26.71025498 31.28400051 -179.99993118 83.40698519 179.99995042 16.05778108 -14.6352423 -11.09397743 -39.21499238 9.05669693 18.36721082 14.86971313 2.52255247 1.71197589 12.35175642 -0.76477654 -14.28687373 -2.50957747 4.3e-7 7.6e-7 -36.21097727 -9.14046189 -17.57741254 35.35192157 -7.41519342 -3.46752811 -9.80853901 -2.42224011 16.79934567 -0.41742027 -0.00000458 -0.00000253
-0.07251466 1.0783767 -0.03691216 13.04326588 -9.74225412 3.00215511 11.7329833 -0.89583652 0.74516995 8.36126392 -0.80160068 0.29413018 8.36830757 -0.73903117 0.32035506 -1.59280869 0.45815999 -2.66815881 -23.82606624 -0.43544663 2.48133556 2.90967765 -10.26030958 -10.36520342 -5.13823695 -6.97066506 -46.82965836 -0.00064257 -89.81543067 -0.00062918 39.80158619 8.28650428 11.46148426 2.19825066 4.52575171 8.79073926 4.33927597 26.55000052 30.97585953 179.99978187 83.62419961 -179.99979621 17.12362407 -14.66503075 -10.39060366 -39.23031298 9.03433961 18.25359588 15.18065862 2.4694343 1.68022683 12.17525036 -0.72775564 -14.21604191 -2.40432186 -0.00000302 -0.0000019 -36.12909664 -9.17894036 -17.74620467 35.36396282 -7.40236463 -3.49784234 -9.78800035 -2.42674075 16.88696496 -0.42613553 -0.00002498 -0.00000271
-0.0708418 1.07825241 -0.03625654 12.95210945 -9.58353849 3.06571955 11.64386706 -0.89673719 0.88409026 8.30391341 -0.81905542 0.3743697 8.31087452 -0.75456285 0.40060506 -1.44976028 0.51853275 -2.52330461 -23.75334347 0.00650288 2.36298891 2.91514014 -10.28681332 -10.35334141 -5.12902062 -6.98722921 -47.12013321 -0.00018259 -89.57841769 -0.00017715 40.0173438 8.09587608 11.32284101 2.22142452 4.51159042 8.86071378 4.6723577 26.85478121 30.78065362 179.99988951 84.05670809 -179.99989467 17.95186743 -14.44781852 -9.75714843 -39.26124707 8.92189843 18.00460392 15.51123047 2.45455688 1.68451375 11.97945846 -0.68558756 -14.13631745 -2.2903501 0.00000302 -0.00000461 -36.07929236 -9.33114529 -18.09275922 35.36725903 -7.29680785 -3.43840773 -9.77787677 -2.43236586 16.95002706 -0.43895698 0.00001076 0.00000777
-0.06882995 1.07818878 -0.03549897 12.89400027 -9.37309743 3.13657736 11.53982515 -0.93124041 1.01919046 8.23720739 -0.85844658 0.45738792 8.24400167 -0.7930702 0.48441597 -1.24351715 0.58941249 -2.42378674 -23.73609209 0.4648679 2.25576311 2.92495037 -10.33759544 -10.35304132 -5.12658186 -6.87493544 -47.30711091 0.00100013 -89.42478294 0.00099356 40.18862059 7.88537257 11.22614124 2.20192971 4.44432102 8.83865241 5.1479538 27.40461666 30.73154835 179.99992829 84.58879381 -179.99990665 18.55846567 -14.04609058 -9.19901325 -39.31279475 8.76804057 17.68126063 15.82463832 2.46927818 1.7156271 11.79386252 -0.64064117 -14.04502898 -2.18145541 0.00000587 -0.00000624 -36.05150685 -9.53930272 -18.51889582 35.3324874 -7.15854989 -3.33374418 -9.74845923 -2.43340081 17.00351736 -0.45295273 0.0000048 -0.00001009
-0.06675128 1.07825852 -0.03486853 12.84946975 -9.22036772 3.18865099 11.44137397 -0.97595579 1.12830457 8.1737856 -0.89743663 0.53326026 8.18024596 -0.83242551 0.56128144 -1.04048426 0.66449451 -2.3410393 -23.76753921 0.92786323 2.15472318 2.93947674 -10.40360865 -10.33334862 -5.14412834 -6.68738583 -47.37730281 -0.00084635 -89.41806501 -0.00085188 40.30197613 7.6566769 11.17892517 2.16002186 4.35759214 8.76546479 5.5829786 28.00168615 30.8318702 -179.99987115 85.09827441 179.99986489 18.98440097 -13.52558687 -8.71298821 -39.36374818 8.65100888 17.39500255 16.09772017 2.51577132 1.76200336 11.63331152 -0.59762186 -13.95033446 -2.0960559 0.00000587 0.00000107 -35.99696198 -9.70014773 -18.85441693 35.21719893 -7.06927501 -3.26584688 -9.66410395 -2.42369497 17.07437087 -0.46838212 0.00002107 0.00000411
-0.06475478 1.0783699 -0.03428863 12.79734082 -9.1585093 3.22151418 11.36088298 -1.01623761 1.20005134 8.12082565 -0.92365672 0.59488886 8.12670559 -0.86057956 0.62383435 -0.89272982 0.74295496 -2.26461645 -23.83177614 1.40018531 2.0500774 2.95437976 -10.46430393 -10.29539689 -5.18409461 -6.48902127 -47.31510227 -0.00003676 -89.58113944 -0.00005504 40.36723585 7.43025643 11.17499365 2.10984482 4.27310808 8.67000651 5.88424131 28.54217558 31.06075196 179.99992388 85.50652991 -179.99993443 19.27873322 -12.93322608 -8.28996056 -39.41975721 8.58801624 17.1865694 16.39805858 2.57741092 1.81189893 11.45589796 -0.55541105 -13.86318628 -2.01481549 0.00000367 -0.00000172 -35.89780145 -9.76925571 -19.05290376 35.05335602 -7.05832106 -3.27199407 -9.54422619 -2.40739279 17.18412902 -0.49220647 0.00000452 -0.00000144
-0.06276181 1.07827285 -0.03350054 12.72970116 -9.15084208 3.25180211 11.29986525 -1.05074477 1.23815752 8.07828083 -0.93889397 0.64060867 8.08343905 -0.87931959 0.6705337 -0.82310299 0.82841015 -2.20142203 -23.91564927 1.89653259 1.93589786 2.96308853 -10.49759478 -10.26334544 -5.24036842 -6.34593424 -47.11662355 -0.00372084 -89.86997258 -0.00374704 40.42312242 7.24528425 11.18911609 2.05661591 4.19623389 8.56315463 6.06621741 29.01998178 31.37797894 -179.99993135 85.79901188 179.99993009 19.48504824 -12.29226111 -7.91766993 -39.54353976 8.55511347 17.05072443 16.88256427 2.59310012 1.82922616 11.17100467 -0.50198346 -13.77633736 -1.87478383 -0.00000375 -1.7e-7 -35.78745547 -9.7649397 -19.18863007 34.93446736 -7.09239741 -3.33478398 -9.44703787 -2.3957463 17.34087079 -0.53033453 -0.00000596 0.00000492
-0.06062765 1.07792023 -0.03245127 12.67881718 -9.16578875 3.29346865 11.25414424 -1.08991569 1.25096166 8.04299008 -0.95416228 0.67234596 8.04721902 -0.8993105 0.7036021 -0.82531021 0.92556535 -2.16549866 -24.01421662 2.42964674 1.81759023 2.96072308 -10.48981069 -10.26136824 -5.30673024 -6.30803967 -46.80284048 179.99803498 -89.80984215 179.99803704 40.51504683 7.13812157 11.19257862 2.00039446 4.1218887 8.44350324 6.20341075 29.48199288 31.73373956 -179.99978372 86.01207515 179.99976847 19.63488494 -11.61101253 -7.58367028 -39.77840031 8.52410409 16.97612719 17.57876692 2.61869927 1.76257552 10.77916564 -0.43133903 -13.64268585 -1.97331716 -0.00000678 0.0000028 -35.71607987 -9.72336001 -19.33147993 34.87748125 -7.12041006 -3.4118282 -9.38231629 -2.39089631 17.52502442 -0.57477302 -0.00001128 0.00000482
-0.05819227 1.07754173 -0.03126054 12.68828838 -9.16995379 3.34769538 11.21805491 -1.14220199 1.25436655 8.01114691 -0.98058016 0.69584245 8.01450152 -0.93070299 0.72902978 -0.87517173 1.03713003 -2.16841263 -24.12729973 3.00116567 1.71217788 2.94652902 -10.44012772 -10.296531 -5.38562511 -6.38185616 -46.42158832 179.99843318 -89.54760765 179.99843952 40.65501492 7.10807424 11.183007 1.94641058 4.04019917 8.22599855 6.30858459 29.95592639 32.15512126 179.99992525 86.18330905 -179.99993484 19.72977269 -10.87723383 -7.26105663 -40.07589243 8.4710728 16.8966525 18.30240783 2.65779352 1.65400561 10.36753677 -0.35829625 -13.47618589 -2.11600963 -0.00000405 -0.00000275 -35.70156556 -9.70454263 -19.52605663 34.79913202 -7.0981527 -3.45570783 -9.30592832 -2.38443204 17.70102643 -0.60787479 0.00000356 0.00000152
-0.0554159 1.07731278 -0.02995675 12.73108079 -9.11834993 3.39993226 11.19127115 -1.21005625 1.25831893 7.98358912 -1.02217715 0.71560531 7.98615748 -0.9766985 0.75127956 -0.94555123 1.16223444 -2.21456645 -24.25377147 3.59881301 1.6409995 2.92312721 -10.35740937 -10.35889135 -5.49250738 -6.51193842 -46.03907569 179.99985815 -89.37156012 179.99985536 40.79663128 7.09608304 11.20341353 1.89119914 3.95068943 7.96895837 6.44095184 30.47400795 32.56560186 179.99950927 86.37232264 -179.99950745 19.79029223 -10.11007734 -6.95639449 -40.35430656 8.36474436 16.73556893 18.93934878 2.71253055 1.58174436 9.98917812 -0.29270313 -13.31308818 -2.19884764 -0.00000255 6.5e-7 -35.6827829 -9.7523918 -19.77785101 34.63884904 -7.0379533 -3.47169783 -9.19622906 -2.37355275 17.8733347 -0.62013438 -0.00001211 0.0000018
-0.05248721 1.07716781 -0.0284847 12.72822146 -9.03746608 3.41802984 11.1780803 -1.28886701 1.26298115 7.96511876 -1.07455338 0.73271347 7.9670159 -1.03250383 0.77114463 -1.01825798 1.29638491 -2.29936345 -24.38934056 4.20040467 1.61857802 2.89449466 -10.25226648 -10.42744053 -5.65135438 -6.59847325 -45.72642211 179.99973657 -89.23516385 179.99974236 40.85173408 7.00178609 11.32737178 1.83505199 3.85753619 7.71015599 6.597768 31.03204686 32.9340787 179.99954535 86.6085088 -179.99956021 19.82490079 -9.32335996 -6.67509757 -40.58419219 8.23406381 16.54230297 19.57108468 2.75338984 1.5587381 9.60169392 -0.23072902 -13.16843754 -2.2559374 -0.00000936 -0.00000467 -35.55903903 -9.81585325 -19.98206913 34.40870801 -7.02403739 -3.54536445 -9.06750753 -2.363952 18.09659001 -0.61666003 -0.00001286 -0.0000012
-0.0495675 1.07704903 -0.02686768 12.67452036 -9.01495427 3.39479489 11.18267532 -1.36942421 1.26328668 7.96010594 -1.12870137 0.7458777 7.96150969 -1.08901986 0.78695997 -1.08750727 1.43252307 -2.40842015 -24.5291249 4.78180615 1.64409429 2.86358409 -10.12978498 -10.4772315 -5.87965057 -6.55263028 -45.5432522 179.9995004 -89.06010588 179.99950464 40.75007304 6.73879507 11.60671071 1.78193007 3.76860678 7.46685661 6.74585639 31.60634228 33.26311829 -179.99991066 86.88835077 179.9999225 19.8324395 -8.5251798 -6.42003259 -40.79200725 8.14598062 16.42787999 20.26241407 2.75499484 1.52990319 9.16866169 -0.16485161 -13.0267017 -2.30396958 0.00000366 -0.00000202 -35.32266769 -9.82247857 -20.05089514 34.11631959 -7.0813787 -3.7121244 -8.91614011 -2.35398237 18.37939078 -0.60516816 -0.00000172 0.00000578
-0.046536 1.0770475 -0.025149 12.64147763 -9.07313763 3.36243584 11.20465413 -1.44297882 1.25357884 7.96906272 -1.17649242 0.75283164 7.97015305 -1.13800186 0.79611438 -1.15488868 1.56327287 -2.52027453 -24.66910882 5.32658512 1.69981719 2.83200906 -9.98846562 -10.48328802 -6.17042457 -6.35465723 -45.51893792 179.99969398 -88.80050536 179.99969304 40.50870123 6.30044289 12.00760503 1.73698673 3.69357128 7.26226901 6.87557875 32.18194177 33.54752551 -179.99992187 87.19325189 179.99992727 19.80900975 -7.72143986 -6.19529688 -41.0028742 8.11056064 16.38665739 20.94779881 2.7505679 1.46612063 8.72048015 -0.0954289 -12.86724111 -2.34768678 -0.00000145 -0.00000673 -35.0728212 -9.81616057 -20.08503212 33.74787665 -7.08948965 -3.8582145 -8.72554085 -2.33441031 18.63755294 -0.58111424 -0.00001553 -0.00000212
-0.0432604 1.0771386 -0.0233073 12.65788683 -9.16592061 3.33858699 11.23739237 -1.50397755 1.22959087 7.98711313 -1.2134102 0.75057794 7.98807308 -1.17502076 0.79548103 -1.21918178 1.68330876 -2.6138335 -24.80416393 5.83194747 1.75511271 2.80024631 -9.8261494 -10.4294293 -6.48494698 -6.06906823 -45.63788128 179.99966441 -88.47711658 179.99966627 40.26554347 5.80277288 12.37783406 1.70511033 3.63986989 7.11807444 7.01300379 32.76343161 33.77342243 -179.99991638 87.50434249 179.99992271 19.74806426 -6.91423664 -6.00429885 -41.23487671 8.08511229 16.35335988 21.6124551 2.76953158 1.38783336 8.26929307 -0.02424644 -12.69235203 -2.38958736 -0.00000714 0.00000141 -34.87508785 -9.8727235 -20.20615999 33.3326767 -6.9599469 -3.88782332 -8.51048567 -2.30498967 18.81565106 -0.55222233 0.00000154 -0.00001039
-0.03980782 1.07715675 -0.02133344 12.68615421 -9.26521869 3.3128072 11.26876211 -1.54796198 1.18780587 8.00449522 -1.23686862 0.73508163 8.00552381 -1.19805465 0.78104903 -1.26991962 1.79042494 -2.67650232 -24.92114003 6.30674619 1.77231808 2.76934953 -9.64926691 -10.31517135 -6.76637789 -5.80325369 -45.83926084 -179.99983378 -88.15701184 -179.99982312 40.24828639 5.46686952 12.47682502 1.68787704 3.60966523 7.04155433 7.20076341 33.36539339 33.94035553 179.99944015 87.80866554 -179.99944203 19.64001275 -6.09908446 -5.84706579 -41.49364454 8.04243447 16.30748305 22.32618973 2.80931954 1.3274963 7.78751502 0.04875175 -12.52249151 -2.42776877 -0.00000249 -0.00000568 -34.70915157 -9.97936791 -20.39309331 32.92809167 -6.74829495 -3.84645046 -8.30076346 -2.27494013 18.95302661 -0.52565901 -0.00001641 0.0000039
-0.03625341 1.07707542 -0.01927778 12.6949296 -9.37835524 3.28005585 11.28480015 -1.56733984 1.12363898 8.00927964 -1.24209046 0.70121993 8.0104904 -1.20341943 0.74773542 -1.29087256 1.883753 -2.70590466 -24.9934536 6.75975608 1.71268785 2.74220818 -9.47811057 -10.15634823 -6.96791834 -5.64074695 -46.03772606 179.99937053 -87.90512897 179.99938867 40.68417517 5.51969636 12.06591409 1.68267477 3.59972148 7.01854638 7.46270692 33.98583962 34.08337485 179.99998958 88.09340884 -179.99998989 19.47458277 -5.26552861 -5.71902705 -41.75423725 7.98894013 16.25043724 23.09512207 2.87083471 1.30105546 7.27403886 0.12115991 -12.36972918 -2.4549663 0.00000766 0.00000407 -34.53624168 -10.09512102 -20.58788177 32.5380621 -6.5219686 -3.80005919 -8.09494666 -2.24690344 19.09222165 -0.50424339 -0.00000465 -0.00000199
-0.03270115 1.07692803 -0.01718091 12.70126914 -9.51694231 3.23708798 11.27653446 -1.55071739 1.0320169 7.99340622 -1.22079768 0.64435138 7.99469468 -1.18403119 0.69082697 -1.27118192 1.9608609 -2.70474144 -24.98450498 7.18539112 1.54672577 2.72348625 -9.34192018 -9.97679356 -7.08083099 -5.59735101 -46.16085601 -179.9997688 -87.74977029 -179.99975953 41.68557191 6.04402408 11.02720148 1.68418751 3.60388986 7.02271831 7.77995248 34.58545687 34.26555601 179.99964456 88.33585654 -179.99966247 19.24584622 -4.40423782 -5.61177346 -42.0129485 7.91275462 16.18207495 23.88461139 2.97963256 1.32912128 6.74717734 0.18794378 -12.25430407 -2.46084708 0.00000106 -2.7e-7 -34.36862087 -10.21505122 -20.77307977 32.15499701 -6.28011051 -3.74241481 -7.88952821 -2.21913978 19.22148743 -0.48675473 -0.0000395 -0.00000211
-0.02939392 1.07667435 -0.01492048 12.74977551 -9.69076228 3.18738345 11.24777994 -1.49045073 0.91387516 7.9595163 -1.16714519 0.56495314 7.96068427 -1.1345261 0.61066855 -1.21385942 2.01708671 -2.6765034 -24.86534085 7.55856205 1.27173162 2.71759299 -9.2654375 -9.79532577 -7.14531521 -5.62499009 -46.18740036 -179.999808 -87.68578522 -179.99979268 43.15344041 6.88892159 9.46778867 1.68765063 3.61597663 7.0303334 8.09484799 35.09663268 34.5388294 179.99960209 88.50420787 -179.99960709 18.95718745 -3.51670597 -5.51568975 -42.29507038 7.77186744 16.08889438 24.69100415 3.18953356 1.4583931 6.20488545 0.24430302 -12.22645752 -2.44020201 0.00000466 0.00000224 -34.23849754 -10.30181574 -20.90401244 31.79820435 -6.06207288 -3.69626606 -7.70371749 -2.19441063 19.35314445 -0.47143836 -0.00002539 -0.00000191
-0.02659327 1.07619103 -0.01241109 12.85681545 -9.9211898 3.13059816 11.21759031 -1.39606309 0.78595392 7.92389279 -1.08940821 0.4745613 7.92473145 -1.06213042 0.51881794 -1.13293184 2.04931962 -2.62926265 -24.64083074 7.84653486 0.92907482 2.72610006 -9.25457781 -9.61694183 -7.23775279 -5.65259221 -46.16691528 179.99974609 -87.70329916 179.99976053 44.7582887 7.74027737 7.74301199 1.68976727 3.63062716 7.02647015 8.33871589 35.46188289 34.90437 179.99976528 88.57355662 -179.99978448 18.62128387 -2.61978446 -5.42256345 -42.63523509 7.57785572 16.02245359 25.55529776 3.4813686 1.66425394 5.62448774 0.2934051 -12.29481122 -2.41313574 0.00000414 -6.8e-7 -34.12774283 -10.22788658 -20.82758642 31.49091998 -6.03968196 -3.82105181 -7.55237828 -2.17693144 19.59402504 -0.46051562 -0.00001999 0.00000214
-0.02419061 1.07558487 -0.00995711 12.96547881 -10.21528053 3.04981767 11.21393443 -1.30402817 0.68569517 7.91125867 -1.01868094 0.39772425 7.91189209 -0.99531134 0.44038121 -1.04108023 2.06169577 -2.58413352 -24.36959451 8.03211159 0.6045287 2.74546133 -9.2913741 -9.43892524 -7.43539167 -5.62755508 -46.20483518 179.99961802 -87.80947365 179.99963078 46.06032066 8.30586797 6.3303607 1.68727714 3.64263613 6.99571628 8.46335723 35.67211969 35.30569986 -179.99925908 88.54172232 179.9992664 18.25513789 -1.74146342 -5.32843006 -43.00237925 7.4435359 16.09296061 26.44480688 3.7020185 1.8023016 5.03145571 0.34564049 -12.35378292 -2.37757435 9.4e-7 -0.00000346 -33.93359892 -9.91973287 -20.4210259 31.15630168 -6.35032586 -4.2636685 -7.38060473 -2.15721382 20.03554633 -0.45392697 -0.00002085 0.0000026
-0.0217221 1.07524651 -0.00792799 12.97692623 -10.48685674 2.91254934 11.26040938 -1.27128155 0.66277 7.94275543 -1.00390973 0.36538653 7.94376346 -0.97970932 0.40741122 -0.94037372 2.06743879 -2.57650874 -24.15278612 8.12985542 0.39854735 2.76829412 -9.34216334 -9.26203113 -7.77622553 -5.53133897 -46.41242695 179.99997996 -88.01971454 179.99996796 46.73564003 8.44994762 5.58631828 1.67551189 3.64699648 6.91368766 8.45878172 35.77421283 35.65887882 179.99942293 88.42916262 -179.99942753 17.8760132 -0.90965945 -5.23643958 -43.27441537 7.41458501 16.26738728 27.21470182 3.74424723 1.82396447 4.51176196 0.40013957 -12.31368417 -2.33223853 -0.00000376 -0.0000013 -33.54533587 -9.56938163 -19.84448104 30.65545238 -6.83609874 -4.87970562 -7.11720028 -2.1191964 20.57687887 -0.44260153 -0.0000228 -0.00000667
-0.01871172 1.07548111 -0.0060835 12.83247714 -10.52752261 2.70091416 11.36390335 -1.35030767 0.75582702 8.02409689 -1.09043892 0.39998434 8.0266318 -1.05823577 0.44366048 -0.82665697 2.08296819 -2.6423128 -24.08827018 8.17967606 0.37613877 2.78587099 -9.37387736 -9.10127716 -8.23707835 -5.37028827 -46.84352846 179.99991705 -88.32490377 179.99990686 46.74036484 8.19855124 5.567495 1.65017509 3.64142617 6.75600558 8.35565786 35.84310735 35.89157254 179.99891624 88.2626351 -179.99893271 17.50141517 -0.14333056 -5.15948815 -43.32388549 7.32947486 16.25013551 27.73557744 3.70860019 1.92191408 4.13030396 0.44431423 -12.23572216 -2.28265843 0.00001066 7e-7 -32.95147787 -9.59193559 -19.55272029 29.97412383 -7.09542321 -5.23548613 -6.79731137 -2.06733314 20.95992229 -0.4129949 0.00001578 -0.00000659
-0.01492368 1.07618133 -0.0038491 12.56189193 -10.1344049 2.45194342 11.51027581 -1.55770274 0.96587424 8.14135456 -1.29248683 0.49996523 8.14693058 -1.2450317 0.54838896 -0.70411749 2.11726802 -2.7949528 -24.21358376 8.22029609 0.52708587 2.79222749 -9.36770486 -8.97847351 -8.74318752 -5.16517489 -47.45714055 -179.99996413 -88.66378288 -179.99997305 46.27626745 7.67838296 6.06308546 1.61199872 3.62994602 6.52506204 8.21825105 35.94050179 35.96074241 -179.99992296 88.06269703 179.99992038 17.15414317 0.550579 -5.11976581 -43.13103048 6.95628543 15.70026985 28.0034962 3.79164406 2.32499067 3.88313011 0.46911722 -12.24492941 -2.23663293 -0.00000152 0.0000016 -32.27147055 -10.29463506 -19.95755293 29.26083679 -6.82812175 -4.97699345 -6.5401675 -2.02709093 21.00684787 -0.3561358 0.00001627 -0.00000593
-0.01065142 1.07682076 -0.00119987 12.27813751 -9.35185675 2.23953143 11.67128377 -1.85778684 1.24389933 8.26736686 -1.57802795 0.6345825 8.27728232 -1.51080455 0.69054463 -0.59392791 2.16460617 -3.00894042 -24.47786354 8.26350788 0.76562578 2.78655957 -9.32261943 -8.9008884 -9.20196861 -4.95002804 -48.13440538 -179.99995365 -88.92982754 -179.99994386 45.61490423 7.04764105 6.78014378 1.57146126 3.62376119 6.27466316 8.13044015 36.08925843 35.84171674 179.9998819 87.84808128 -179.99986996 16.86644345 1.17394877 -5.14093649 -42.84983938 6.24876028 14.62387809 28.14828069 4.08713169 3.02270353 3.71703085 0.47662095 -12.381834 -2.20020688 -0.00000306 0.00000265 -31.71779434 -11.53715328 -21.0160241 28.69591055 -6.12558276 -4.18574489 -6.41379956 -2.01242233 20.78272701 -0.29488914 -0.00000326 1e-7
-0.00662878 1.0769397 0.00124794 12.07942986 -8.55327409 2.10443125 11.81689964 -2.17609781 1.502787 8.37419851 -1.87864375 0.75440968 8.38917169 -1.79160728 0.81924269 -0.52652771 2.20724963 -3.22368201 -24.76427728 8.29109475 0.97252643 2.77371691 -9.24939409 -8.8371254 -9.54156964 -4.77159928 -48.74594381 179.99944246 -89.0176889 179.99945178 44.94587435 6.43272914 7.50599293 1.54797671 3.63717665 6.11051353 8.1752727 36.27540468 35.50738975 179.99975166 87.648688 -179.99975991 16.67732375 1.73023585 -5.23412146 -42.68144736 5.45215053 13.46250883 28.35182924 4.52932476 3.76086981 3.55345005 0.47932389 -12.5767793 -2.17964059 -0.00000228 -0.00000484 -31.42733538 -12.78005918 -22.21067677 28.35750256 -5.33570174 -3.31192458 -6.37970718 -2.01502226 20.50641782 -0.22831567 0.00000838 0.00000353
-0.00361883 1.07645362 0.00291001 11.98916917 -8.13177762 2.02317182 11.92679661 -2.43503778 1.65450206 8.44505416 -2.12046169 0.8139706 8.46485866 -2.01768891 0.88692364 -0.52138657 2.22673145 -3.36892117 -24.95042602 8.27804176 1.05440228 2.76220565 -9.1627722 -8.71393454 -9.7358882 -4.67493762 -49.22383622 -179.99889201 -88.88474718 -179.99890018 44.3407421 5.89369657 8.15057188 1.56237977 3.68041804 6.14994892 8.40599255 36.46742485 34.92977384 -179.99994614 87.50746448 179.99993068 16.62066507 2.21973263 -5.38501119 -42.72645064 4.88628168 12.72565821 28.74053184 4.95618008 4.26857807 3.32666503 0.49144822 -12.73438151 -2.17626674 0.00000498 0.00000506 -31.38311811 -13.53128168 -23.00864983 28.25835219 -4.74890436 -2.73307133 -6.38542397 -2.0219715 20.33442256 -0.18145735 -0.00000392 -0.00000431
-0.00186599 1.07582375 0.0037381 11.99286195 -8.11374996 1.97917628 11.99493323 -2.58860486 1.64958379 8.47808575 -2.2569199 0.7919564 8.50174303 -2.14455291 0.87054178 -0.57144163 2.21547359 -3.39877672 -24.96309925 8.22086622 0.98372608 2.76052036 -9.07791615 -8.44884906 -9.80668995 -4.68101855 -49.58677737 179.99922609 -88.58917828 179.99923614 43.80194528 5.43595248 8.70097708 1.62488356 3.75363605 6.46001324 8.81350783 36.63466435 34.11699552 179.99947568 87.46231097 -179.99948832 16.70819533 2.64037155 -5.55282564 -42.89595831 4.65919325 12.50590759 29.16744773 5.23811541 4.47260728 3.09356632 0.51031643 -12.80575026 -2.17961878 0.0000028 -0.00000675 -31.46346894 -13.75324409 -23.30763031 28.27409666 -4.43783002 -2.49104434 -6.38029729 -2.02304416 20.2719788 -0.16245568 0.00003066 0.00000493
-0.0010292 1.07534065 0.00399826 12.05310383 -8.24969747 1.96896032 12.02817589 -2.63627191 1.49513893 8.48391643 -2.28426049 0.69769811 8.51004478 -2.16810608 0.77867251 -0.64435841 2.18039156 -3.31526517 -24.79919261 8.14477284 0.79801111 2.77448084 -9.01112129 -7.9989623 -9.80665394 -4.77429726 -49.90342306 -179.99953805 -88.27179493 -179.99953764 43.3177489 5.04287922 9.16895912 1.72709696 3.84533335 7.00812609 9.30884286 36.75592439 33.15849622 179.99980045 87.52119513 -179.99980919 16.91841212 2.99562731 -5.68437269 -43.08071139 4.63088019 12.54246822 29.47600377 5.36739447 4.49387592 2.92938657 0.52586352 -12.81431748 -2.17739019 -0.00000468 -0.00000305 -31.59503861 -13.72232787 -23.36721217 28.32840686 -4.29864734 -2.40177554 -6.36775213 -2.02157259 20.24502787 -0.16706602 0.00001593 -0.000002
-0.0007185 1.07493774 0.00379666 12.13118069 -8.36794319 1.97208196 12.04111614 -2.6111969 1.24394642 8.47861858 -2.23324736 0.56176804 8.50592347 -2.11746349 0.64228913 -0.69968197 2.13738695 -3.16670505 -24.50826049 8.08450954 0.5651262 2.80542584 -8.97916284 -7.3986438 -9.79261914 -4.91117192 -50.22595046 -179.99911597 -88.08776363 -179.99913656 42.88075659 4.69611933 9.57252744 1.84418136 3.93539511 7.66491457 9.74227405 36.82033239 32.22992622 -179.99983964 87.65566132 179.99983804 17.20040986 3.30243089 -5.73574531 -43.25377631 4.64188813 12.62627094 29.66352534 5.40943048 4.46718673 2.8486816 0.53366361 -12.80948748 -2.16591544 -0.00000611 -0.0000031 -31.76984894 -13.64853767 -23.39636717 28.43926961 -4.21037708 -2.31493117 -6.37571396 -2.02670458 20.19252576 -0.1852395 0.00002262 -0.00000187
-0.00069215 1.07471596 0.00311843 12.2090315 -8.48303438 1.9652716 12.04907587 -2.55505911 0.9644571 8.47630098 -2.14693553 0.4186011 8.50368465 -2.03391395 0.49691569 -0.70873578 2.10154758 -3.02183201 -24.15672487 8.05873083 0.3429514 2.85032527 -8.99463944 -6.75240158 -9.80217936 -5.04467489 -50.54688651 179.9996441 -88.12778849 179.99962051 42.47796213 4.37829127 9.94144308 1.94696037 4.00238692 8.26354304 9.95995816 36.82397129 31.53287218 -179.99968302 87.8183614 179.99968794 17.49360563 3.59001117 -5.68916207 -43.39170768 4.67164415 12.73935572 29.72332413 5.40859254 4.43344756 2.85366703 0.53371589 -12.80305299 -2.15014228 0.0000027 5e-7 -31.93757728 -13.56666121 -23.38701681 28.52381577 -4.13585466 -2.21656601 -6.36414041 -2.02492825 20.10666262 -0.21737647 0.00001752 -9.4e-7
-0.00102523 1.07476288 0.00191417 12.27678268 -8.63673285 1.94639495 12.06387901 -2.49785765 0.71187585 8.48528356 -2.05969743 0.29236606 8.51199524 -1.95066595 0.3679091 -0.66539274 2.08037492 -2.93627898 -23.79792104 8.06075809 0.1579513 2.90271391 -9.05976016 -6.18767377 -9.84392681 -5.14775294 -50.80759003 -179.99984961 -88.37981768 -179.99985591 42.08009572 4.06861444 10.32127517 2.02392014 4.0280261 8.5570098 9.77447372 36.73979344 31.3178173 179.99991223 87.92755959 -179.99992299 17.72071632 3.9036806 -5.53123163 -43.47238954 4.75770376 12.92442905 29.63578188 5.36170487 4.37586535 2.95103372 0.52536774 -12.78788931 -2.13347763 -8.8e-7 -0.00000883 -32.06337082 -13.43151852 -23.26495249 28.54558407 -4.11959974 -2.16769538 -6.30998125 -2.01222882 20.01458532 -0.25639089 -0.00000704 0.00001232
-0.00169795 1.07505012 0.00029422 12.31709752 -8.79428246 1.92370756 12.09126792 -2.45121332 0.51167124 8.50752193 -1.987721 0.19128156 8.53310086 -1.88341098 0.26430729 -0.58302789 2.07285716 -2.93132484 -23.45901423 8.06895995 0.00725665 2.95482314 -9.16492117 -5.79549306 -9.90433034 -5.22054283 -50.94369409 179.999772 -88.75236265 179.99978354 41.65088488 3.74487629 10.75886528 2.05951423 4.0179716 8.66110871 9.30410908 36.60017115 31.45641348 -179.99979229 88.02129403 179.99981729 17.89765126 4.23483264 -5.32016181 -43.47837598 4.88559186 13.14653237 29.40686048 5.27876775 4.29512786 3.1356513 0.50715778 -12.76123726 -2.10090721 -0.00000261 -0.00000402 -32.13391075 -13.25959398 -23.05174041 28.52053526 -4.17843554 -2.18968185 -6.22724407 -1.99234362 19.93817634 -0.30394594 -0.0000046 0.00000977
-0.00254443 1.07544014 -0.00153389 12.3296885 -8.91310365 1.89224218 12.1360464 -2.42705007 0.39247262 8.54491172 -1.94740226 0.12564769 8.56904995 -1.84825633 0.19718423 -0.46844228 2.08010693 -3.0386894 -23.16410801 8.06434391 -0.10914507 2.9989179 -9.30875011 -5.67322212 -9.97429693 -5.25310565 -50.88194661 -179.99966198 -89.20085451 -179.99966806 41.17176126 3.39109111 11.27856011 2.0344577 3.97108868 8.61188229 8.58976467 36.4142525 31.92106307 179.99999109 88.11817251 -179.99998846 18.02217714 4.58234818 -5.09400403 -43.4346067 5.00110447 13.35660035 29.10007924 5.19443326 4.2113172 3.37383455 0.48063167 -12.73161367 -2.02161318 -3.3e-7 0.00000118 -32.16668436 -13.10218132 -22.81193642 28.48311747 -4.27713929 -2.24624543 -6.14113959 -1.97137834 19.87246776 -0.3550554 0.00000708 0.00001105
