HIERARCHY
ROOT Hips
{
  OFFSET 0 1.1673769999999999 0
  CHANNELS 6 Xposition Yposition Zposition Xrotation Yrotation Zrotation
  JOINT Spine
  {
    OFFSET 0.000003812944337411511 0.10717500000681812 -0.009311
    CHANNELS 3 Xrotation Yrotation Zrotation
    JOINT Spine1
    {
      OFFSET 0 0.1058532983696241 -0.004285186608692496
      CHANNELS 3 Xrotation Yrotation Zrotation
      JOINT Spine2
      {
        OFFSET -8.470329472543003e-22 0.10599345671141647 -0.007812688101110094
        CHANNELS 3 Xrotation Yrotation Zrotation
        JOINT Neck
        {
          OFFSET -8.470329472543003e-22 0.26240299999999994 -0.04488100000000002
          CHANNELS 3 Xrotation Yrotation Zrotation
          JOINT Head
          {
            OFFSET -4.235164736271502e-22 0.17466899999999996 0.05625600000000003
            CHANNELS 3 Xrotation Yrotation Zrotation
            End Site
            {
              OFFSET -4.235164736271502e-22 0.10756799999999966 0.021070000000000005
            }
          }
        }
        JOINT LeftShoulder
        {
          OFFSET 0.10574399999999999 0.23009199999999996 -0.07323000000000002
          CHANNELS 3 Xrotation Yrotation Zrotation
          JOINT LeftArm
          {
            OFFSET 0.14878212914559852 -0.04653266654569688 -0.030693304075147546
            CHANNELS 3 Xrotation Yrotation Zrotation
            JOINT LeftForeArm
            {
              OFFSET 0.24109000000000003 2.220446049250313e-16 -5.551115123125783e-17
              CHANNELS 3 Xrotation Yrotation Zrotation
              JOINT LeftHand
              {
                OFFSET 0.316792 0 -1.1102230246251565e-16
                CHANNELS 3 Xrotation Yrotation Zrotation
                End Site
                {
                  OFFSET 0.06265729429771016 -0.10569948639925819 0.03859412819617963
                }
              }
            }
          }
        }
        JOINT RightShoulder
        {
          OFFSET -0.10574399999999999 0.23009099999999982 -0.07323000000000002
          CHANNELS 3 Xrotation Yrotation Zrotation
          JOINT RightArm
          {
            OFFSET -0.14878040829228295 -0.04653159475972379 -0.030692917709113934
            CHANNELS 3 Xrotation Yrotation Zrotation
            JOINT RightForeArm
            {
              OFFSET -0.24109000000000003 -6.661338147750939e-16 -2.7755575615628914e-17
              CHANNELS 3 Xrotation Yrotation Zrotation
              JOINT RightHand
              {
                OFFSET -0.31679300000631333 -8.881784197001252e-16 -5.551115123125783e-17
                CHANNELS 3 Xrotation Yrotation Zrotation
                End Site
                {
                  OFFSET -0.06265795211397429 -0.10570764472283312 0.03859362014678265
                }
              }
            }
          }
        }
      }
    }
  }
  JOINT LeftUpLeg
  {
    OFFSET 0.12297511767165623 -0.06742078536803264 -0.010003
    CHANNELS 3 Xrotation Yrotation Zrotation
    JOINT LeftLeg
    {
      OFFSET 0 -0.457033849483632 0.010304509991859542
      CHANNELS 3 Xrotation Yrotation Zrotation
      JOINT LeftFoot
      {
        OFFSET 0 -0.500280623664138 -0.036905110570505176
        CHANNELS 3 Xrotation Yrotation Zrotation
        JOINT LeftToeBase
        {
          OFFSET 0.025950805788189563 -0.14255151365608373 0.19507593811975638
          CHANNELS 3 Xrotation Yrotation Zrotation
          End Site
          {
            OFFSET 0.010732117804750613 -0.000035441498015504746 0.11362327680684622
          }
        }
      }
    }
  }
  JOINT RightUpLeg
  {
    OFFSET -0.12297488233495055 -0.0674172146317622 -0.010003
    CHANNELS 3 Xrotation Yrotation Zrotation
    JOINT RightLeg
    {
      OFFSET 0.00000159348816348992 -0.45703784846455486 0.01030460015485039
      CHANNELS 3 Xrotation Yrotation Zrotation
      JOINT RightFoot
      {
        OFFSET -0.0000015934881634621645 -0.5002806236608007 -0.03690511058134042
        CHANNELS 3 Xrotation Yrotation Zrotation
        JOINT RightToeBase
        {
          OFFSET -0.0259497668227143 -0.14255297441554501 0.19507500887383716
          CHANNELS 3 Xrotation Yrotation Zrotation
          End Site
          {
            OFFSET -0.010733201844058626 -0.000035030229497263656 0.11362417898958707
          }
        }
      }
    }
  }
}
MOTION
Frames: 122
Frame Time: 0.03333333333333333
-0.00231754 1.08381424 -0.01875974 4.7347454 23.21060378 -1.54663336 4.34215087 -2.10164392 4.2558195 8.88578273 -3.16040494 6.33178826 9.05782441 -3.22992449 6.04597658 12.52929273 -3.18107982 2.50462422 -12.58997112 -6.65470423 -16.18359033 6.92238048 -21.93089337 27.30565747 -69.90776021 -43.69409573 -46.11184875 -4e-8 -22.09536893 0.0000207 -9.65510156 -6.08684915 -5.027818 -1.24665752 -15.53339339 -1.64528713 -134.56794699 73.62457024 109.54196045 0.00000316 20.52084689 -0.00002342 10.79570912 -3.97878219 19.83863206 -28.54808193 6.31829453 12.08853192 42.50474674 -8.59655307 3.58549163 -15.7357213 -5.22860767 -9.05484876 -7.75234793 -0.00000815 0.00000251 -19.34822321 -7.77209356 -2.72167373 40.49461825 1.16564323 0.63264679 -25.68515728 0.10588417 -0.7689043 -0.00002499 0.00000789 -0.00000165
0.00205672 1.08210793 -0.01381646 4.67414109 22.29803231 -1.8599937 4.34640027 -2.05503652 3.89880873 8.84477448 -3.05241005 5.8639689 8.99444164 -3.11906573 5.59253217 12.34832007 -2.93495823 2.46421121 -12.69904839 -6.16455743 -14.75125661 6.70288473 -21.40983121 27.09829401 -70.91305751 -44.54421466 -46.59775754 -7e-8 -22.0389071 0.00002747 -9.6414069 -6.10449812 -4.95979092 -1.29077723 -15.18130653 -2.11254254 -132.13930328 73.76558251 107.8275008 -0.00000766 20.24470037 -0.00001644 13.37692183 -4.43630099 20.77670157 -32.42035674 5.39461757 12.55472717 42.92539786 -9.06355599 2.87981705 -12.44766514 -5.74046133 -8.48881409 -7.68451601 0.00000751 0.00000555 -17.96425543 -7.8602562 -2.19590828 40.00680706 2.25463494 0.64482476 -26.48070278 0.20763423 -1.21365701 -0.00003519 0.00000318 -3.1e-7
0.00801881 1.0804808 -0.00742165 4.51750437 20.80628171 -2.12309658 4.36905748 -1.95027935 3.54242313 8.85062586 -2.87141831 5.36749295 8.97831879 -2.93363806 5.11288039 12.26514522 -2.61699338 2.19571226 -13.34827836 -5.45149762 -13.18859292 6.40839567 -20.69174993 26.84418133 -71.30907421 -45.38457301 -46.58496958 0.00000595 -22.50756835 0.00002264 -9.68136872 -6.08910628 -5.03031493 -1.3415003 -14.67263723 -2.74588459 -129.43408794 73.78047235 105.93077387 0.00000488 20.10103369 -0.00002763 14.89404639 -4.40742204 21.21370576 -35.95292845 4.61140613 12.94766761 42.6759374 -9.29611539 1.9322172 -8.02989839 -3.88664753 -7.8840955 -7.54127313 -0.00000118 0.00000276 -16.39159328 -7.75912977 -1.62124643 39.3724455 3.93103691 0.42347905 -27.22048621 0.12187419 -1.71211381 -0.0000225 -0.00000187 0.00000213
0.01587927 1.0782769 0.00021709 4.30755302 18.5950004 -2.37342242 4.41349722 -1.7655132 3.19759464 8.91609611 -2.56803293 4.81941401 9.02338483 -2.62329587 4.58288164 12.16767297 -2.22219691 1.654426 -14.71744717 -4.47250685 -11.54250768 6.02995791 -19.75566183 26.50621097 -70.96939931 -46.30879491 -45.81966726 0.00000694 -23.33104639 0.00002395 -9.78075569 -6.03637062 -5.2550674 -1.38300158 -14.01318991 -3.46701864 -126.89343963 73.87311671 104.17797466 -0.00000104 20.24035946 -0.00002511 14.82905612 -3.76370982 20.95721703 -38.59468368 4.08830772 13.20754857 40.83001982 -9.48011347 1.19802951 -3.68859892 -2.4599853 -7.51614298 -5.58321698 -0.00001461 0.00000326 -14.80419268 -7.48014682 -1.11032379 38.80816115 5.96686599 -0.0388414 -27.97806514 0.10779172 -2.08048988 -0.00001411 -0.00000752 0.00000168
0.02584442 1.07572586 0.00887912 3.97384128 15.55418336 -2.42148608 4.51773769 -1.48524321 2.82427513 9.10138329 -2.04895333 4.16083935 9.19013021 -2.09938102 3.9330815 11.91862096 -1.76316208 0.8518456 -16.7473215 -3.16523078 -10.02889916 5.5882292 -18.66597509 26.03133998 -69.95416928 -47.33323949 -44.1730424 -0.00000214 -23.97687584 0.00002044 -9.91675556 -5.96137928 -5.56246217 -1.39615903 -13.23423718 -4.15360825 -125.25433032 74.29758098 103.13031464 -0.00000206 20.74861786 -0.0000123 13.49315416 -2.55190785 20.17213248 -40.22418949 3.73004647 13.38451119 37.65489359 -9.58300828 0.69640737 0.81467843 -0.843512 -7.95891555 -3.00370503 -0.00915793 0.35784286 -13.25201253 -7.16771055 -1.06173402 38.39026977 7.56091108 -0.70303141 -28.75485266 1.05601634 -1.81732421 -0.00000386 -0.00000225 4.3e-7
0.03851632 1.0727092 0.01851237 3.33089005 11.53825729 -2.10725812 4.76126949 -1.09789993 2.3261242 9.52628708 -1.23444349 3.33093066 9.59704552 -1.2909752 3.09021178 11.42310832 -1.25359899 -0.16704392 -19.14144751 -1.45153967 -8.90169369 5.09836469 -17.47879306 25.33304498 -68.60859424 -48.32554562 -41.82756867 0.00000785 -23.86105244 0.00003461 -10.03287621 -5.90128881 -5.79274638 -1.38068906 -12.37898665 -4.79520705 -125.34242435 75.09015148 103.46509264 0.00001101 21.52436013 -0.00002505 12.05515606 -0.94431383 19.20522578 -41.34393134 3.24800936 13.83474546 34.80813704 -7.13537087 0.29862482 5.46282891 -0.34261147 -9.44609585 -1.13526702 -0.02140745 1.06220281 -11.71278871 -6.96990898 -1.79980959 38.2377144 8.00744159 -1.65699407 -29.65810188 3.87515243 -0.34586473 -0.00000702 -0.00000181 -0.00000109
0.0541378 1.06908737 0.0288499 2.28802734 6.40136257 -1.46780513 5.21647677 -0.58747692 1.61640161 10.30558354 -0.16089885 2.31851757 10.35760048 -0.23911567 2.04983037 10.60353357 -0.69058004 -1.3822966 -21.62380165 0.66788411 -8.1654361 4.52194044 -16.07757614 24.300049 -67.50304344 -49.06444972 -39.24370511 0.00000602 -22.9908634 0.00003497 -10.05876459 -5.90002442 -5.76105931 -1.36376397 -11.48201157 -5.59367602 -127.66550668 75.87158513 105.61245258 -0.00000207 22.32132536 -0.00000326 11.53098616 0.93246999 18.1389168 -41.50029408 2.87581396 14.43191097 32.16964045 -3.01486599 0.09493454 9.58907931 -0.27738676 -9.8746507 -0.07577542 -0.00000365 -0.0000027 -10.25210474 -6.786129 -3.29348343 38.39375552 7.85125449 -3.16883779 -30.85254104 8.27221104 2.30050996 -0.00012535 -0.00000697 -0.00000211
0.07247556 1.0634655 0.0397575 1.01347142 0.10307072 -0.84853256 5.87138238 0.03435438 0.63901793 11.43197751 0.98187831 1.15957895 11.46595882 0.87204719 0.88146519 9.30897938 -0.05100003 -2.74395841 -24.16430749 3.08863123 -7.47439113 3.79567691 -14.19834877 22.85029929 -67.17462313 -49.42678528 -36.79656411 0.0000103 -22.08569148 0.00003401 -9.9372446 -5.98947818 -5.32654763 -1.37426482 -10.56043819 -6.80995063 -131.71773483 76.06576742 108.98991318 -0.00000126 22.97424712 -0.00001584 11.83721414 3.06442714 16.73929928 -40.79185219 2.55152126 15.56222738 29.46520492 2.37072196 0.48774125 13.8714194 -0.58099548 -10.56800211 -0.14460301 -0.00000109 4.1e-7 -9.2636186 -6.29965551 -5.17886479 39.04197166 7.42389647 -5.40002381 -32.67870288 13.70316794 6.04311704 -0.00000708 0.00000521 0.00000171
0.0929119 1.05414383 0.05118497 -0.12405435 -7.09769851 -0.52545311 6.6085311 0.67810065 -0.61237704 12.7277231 1.94195364 -0.10622377 12.74883356 1.80273971 -0.34038715 7.39408139 0.70928271 -4.02701525 -27.06909709 5.83850186 -6.40728861 2.92328406 -11.6927625 20.97063036 -67.72452886 -49.51388662 -34.31989875 0.00000479 -21.88487871 0.00002831 -9.64596025 -6.17306461 -4.46378212 -1.41245595 -9.62279056 -8.48592308 -136.02586036 75.41297422 112.0057266 7.6e-7 23.61491223 -0.00003449 11.83068445 5.50098857 14.78306575 -40.0065189 2.32614947 16.54264441 27.42339088 8.67815299 1.56072327 17.69487549 -0.87557759 -10.84972806 0.15689227 -0.00000782 -0.0000037 -9.32935084 -5.31690914 -7.22397757 40.44762862 7.16066362 -7.90503281 -35.23395118 18.56154522 10.32230211 -0.00001757 0.00000284 0.00000108
0.11443171 1.04042298 0.0631065 -0.75003709 -14.59158682 -0.47364481 7.27760484 1.16418184 -2.06118649 13.94266187 2.53121967 -1.42595288 13.96097333 2.37254397 -1.5621572 5.02446283 1.60581589 -4.80247397 -30.86491606 9.1939812 -4.90328569 2.02547743 -8.79226753 18.73865618 -68.80848441 -49.52417336 -31.28468734 -0.00000424 -22.43989497 0.00002426 -9.19717006 -6.42375615 -3.28699712 -1.45542009 -8.73349781 -10.30495744 -139.83625507 74.18933373 113.84513051 0.00000581 24.62942017 -0.00001553 10.30753864 8.26938703 12.34834459 -39.3049631 2.13448682 17.72431796 25.5913561 9.82447219 2.78362071 21.246433 3.92891638 -12.72441305 0.54294593 0.00000452 -8.2e-7 -10.85325809 -4.09419461 -9.48178066 42.83074479 7.36265967 -9.70824906 -37.66044803 20.36826767 14.00450308 -0.00003959 2.1e-7 0.00000316
0.13650785 1.02337899 0.07484218 -0.69619659 -21.50746534 -0.57589903 7.80220906 1.32697559 -3.4828398 14.9302291 2.68137919 -2.66292831 14.95598651 2.51214856 -2.68402723 2.86375379 2.52377679 -4.69964194 -35.8232303 13.21689541 -3.32906683 1.2817561 -6.08510917 16.4134407 -70.28463374 -49.44246558 -27.77001082 -0.00000718 -23.22487208 0.00000769 -8.61156469 -6.70799436 -1.92842447 -1.49042126 -8.09128216 -11.7163171 -143.66726268 72.880474 115.19763501 4.6e-7 26.32478546 -0.00003437 7.08018205 11.2417359 9.7444454 -38.80483524 2.32264942 19.44279148 22.79686566 9.79456249 3.71859475 25.27803765 8.80351689 -14.74168851 -1.99641806 -0.01659087 0.60667305 -13.62356154 -3.20330741 -12.02958118 46.01594451 8.27244045 -9.90312813 -38.36163697 17.01597779 15.80361367 -0.84273658 -0.00000104 8.1e-7
0.15895445 1.00522919 0.08702482 -0.20312111 -26.84174048 -0.84083857 8.21693852 1.20901055 -4.37178752 15.73805561 2.4393586 -3.60092455 15.7747639 2.26938548 -3.52950489 1.77248324 3.24965306 -3.79955367 -41.28321767 17.27433654 -2.01936211 0.81451424 -4.16876207 14.53695293 -72.76846545 -48.93337038 -25.13767765 0.00000688 -23.69863416 0.0000268 -7.90138301 -7.01462778 -0.33952473 -1.5323171 -7.98005546 -12.27289968 -147.84116781 71.77804291 116.8498005 0.00000552 28.55884286 -0.00002057 3.21100005 14.07655771 7.10454104 -42.66603309 2.16298248 20.9069584 34.11243202 10.03530547 4.01115161 16.26616507 12.44590545 -15.4839549 -3.7614384 -0.00000323 0.00000511 -16.38977576 -3.24998641 -14.48788478 49.07863409 9.08551039 -8.93449082 -37.12439445 8.5573213 16.36503546 -2.01018536 5.1e-7 3.1e-7
0.18114612 0.98769738 0.09771305 0.15845774 -30.03596639 -1.69061737 8.61350012 0.95210804 -4.6553894 16.5109299 1.94764977 -4.11444466 16.55551227 1.79667223 -3.97959896 2.18535002 3.65867727 -2.70314597 -45.58056453 20.26860737 -0.99178539 0.61838565 -3.24948989 13.76659917 -76.92346258 -47.68836205 -25.11626639 0.00000937 -23.45249178 0.00003182 -7.11355461 -7.34690425 1.66381461 -1.60662735 -8.53292594 -11.99253601 -151.49991505 70.96636031 118.51976317 0.00000621 30.66608365 -0.00002742 0.22462401 16.45908605 4.21678365 -47.2324799 2.31881163 22.91312506 43.74552711 10.09606137 3.88359802 10.3864003 13.40509175 -15.37407317 -7.72023064 -0.00001098 0.000008 -18.40384844 -4.08275157 -16.4784818 51.99294851 8.5065899 -7.080503 -35.39839857 -0.79158937 16.00230912 -0.66431116 0.00000436 0.00000572
0.20102171 0.97413658 0.1057222 0.33334301 -31.18359277 -2.78765833 9.0089329 0.7479239 -4.55510472 17.28202983 1.40082479 -4.34229691 17.33460374 1.29500259 -4.14623132 3.78248075 3.77239841 -2.09502964 -47.01920929 21.29290861 -0.14403033 0.58687246 -3.04123604 14.39070284 -81.97460963 -46.00811316 -27.93719496 2.2e-7 -21.99820414 0.00000196 -6.41031831 -7.67341837 3.95481029 -1.72097979 -9.49857227 -11.42801614 -153.33695038 70.60660315 119.26282583 0.00000711 31.79642162 -0.00002634 -0.98649641 18.32419211 1.12515941 -51.14735223 2.64459492 24.62904409 50.83189201 10.06420923 3.41230617 5.86512581 12.62430374 -14.00187543 -9.39896937 -0.00001129 0.00001109 -19.25234768 -5.05709456 -17.73059893 53.81910431 4.95286448 -5.59617534 -33.73243535 -5.98360636 16.8398623 -0.01609397 -0.00001122 -0.00000142
0.21684837 0.96733498 0.11014102 0.9507516 -31.09432935 -3.40544761 9.30337068 0.6508891 -4.55336196 17.87924371 0.96628926 -4.59255113 17.94976354 0.92243892 -4.31419367 5.8129698 3.68365346 -2.21467033 -45.22599472 20.3662188 0.6908518 0.60616193 -3.08227565 16.03292223 -85.98755029 -45.1472908 -32.04929017 0.00000138 -18.93903292 0.00000446 -6.0623285 -7.90046978 5.72205938 -1.85013794 -10.3175574 -11.2599231 -153.06305031 71.00621066 118.7205742 -0.00000205 31.43911829 -0.00001876 -0.52828474 19.61729528 -1.14977319 -53.96211849 2.85751955 25.39680549 55.17671499 10.07556923 2.74249804 2.51488488 11.59836966 -12.31345438 -8.53778891 -0.00001292 0.00000504 -19.40598077 -5.51372446 -18.15461931 54.02693864 0.58956893 -5.05425567 -32.28441824 -6.98958863 18.37793731 -0.03786797 0.00001056 -0.00000837
0.22823555 0.96781395 0.11061763 2.49174602 -30.57937919 -3.21452794 9.39485407 0.61341 -4.88840871 18.10685517 0.73578587 -5.04113938 18.20646855 0.74981055 -4.67238887 7.68932504 3.51834112 -2.74456622 -41.56644591 18.58563911 1.65219624 0.63539111 -3.16580505 17.95793367 -87.5905739 -46.43517112 -35.53189777 0.00000292 -14.59963738 0.00003052 -6.26693515 -7.91848556 5.86863508 -1.9452293 -10.54247045 -11.72500283 -151.75019605 72.3816185 117.56315852 0.00001055 29.73505367 -0.00002716 1.10583219 19.9828948 -0.91053717 -55.91856506 2.87037262 25.18155449 56.85950881 10.05826773 2.14824222 0.6636814 11.22510911 -11.01759613 -7.12103001 -0.00000669 6.6e-7 -19.3945631 -5.37401641 -17.84356103 52.41304211 -2.23786678 -5.28954022 -31.17801365 -6.45263103 19.64583255 -0.05401069 -0.00000316 0.00000373
0.23612573 0.97347404 0.10789428 4.62050692 -29.86310113 -2.60351402 9.31537675 0.61197361 -5.36293432 18.00312859 0.74482182 -5.59110928 18.12987091 0.79455835 -5.16230945 9.21717731 3.36754626 -3.15988217 -37.9818896 17.11735622 2.45571721 0.71087448 -3.41806901 19.65095867 -86.5154417 -49.6161914 -37.1917676 -0.00000335 -10.24857774 -4.3e-7 -6.92392689 -7.68649061 4.05083701 -1.96681703 -10.19120031 -12.4601727 -150.79924424 74.60088085 116.80926729 -0.0000012 27.35545389 -0.00002704 3.69347539 19.03610971 2.79622428 -57.32553404 2.70104997 24.35584683 56.67239469 10.05194652 1.79247164 -0.02576765 11.33609774 -10.14755393 -6.39205763 -0.00000411 0.00000917 -19.11757778 -5.1272247 -17.14770805 49.34766407 -3.05446199 -5.73291881 -30.15910398 -6.22606889 20.36830191 -0.05811069 0.00000512 0.00001129
0.24183373 0.98130623 0.10341808 6.51566783 -28.85844482 -2.14155612 9.20813148 0.67473159 -5.66391517 17.82541448 0.98568274 -6.04095159 17.96345212 1.04610673 -5.60542163 10.38496641 3.22792353 -3.14239804 -35.55541673 16.24131249 2.70790767 0.87400398 -3.98264572 21.03975038 -83.86904051 -52.79798099 -37.36374728 -0.00000252 -7.3450604 0.00001053 -7.65855948 -7.30037476 1.22627924 -1.91277041 -9.63639353 -12.89667226 -150.38601668 77.0900841 116.54293788 0.00000886 25.10017628 -0.000033 7.04282109 17.09662142 8.8159994 -58.160506 2.44411871 23.22469595 55.60111439 10.05287317 1.71973843 -0.13636715 11.5039264 -9.51625122 -6.14840147 0.0000067 0.0000051 -18.23027175 -5.28996314 -16.46425442 45.60142787 -3.14584027 -6.00166636 -29.00057964 -6.34260931 20.81899129 -0.05624899 0.00000838 0.00000239
0.24625223 0.98897918 0.09840932 7.69198539 -27.68817537 -2.00485962 9.17981417 0.82161246 -5.71769735 17.78189249 1.3928871 -6.31581859 17.91504711 1.44893205 -5.91185455 11.13901984 3.0597522 -2.68893579 -34.1776445 15.56320317 2.52853857 1.10135177 -4.74535914 22.2664369 -82.16204306 -54.29895882 -37.99123931 0.00001297 -6.47313265 0.00001189 -8.12315707 -6.96744085 -1.04159523 -1.80346071 -9.17320813 -12.72987844 -148.02956663 79.08434232 114.4632182 -0.00000396 23.55338894 -0.00002781 10.23155395 15.47274855 14.07115866 -58.35549654 2.21087267 21.96728476 54.3840474 10.05681147 1.87455557 -0.10965894 11.60423998 -9.05724859 -5.92977983 -0.00000376 0.00000679 -16.74248025 -5.94742926 -16.0365977 41.85140079 -3.47302919 -6.06953554 -27.70686419 -6.36658464 21.29693761 -0.05550892 -0.00001354 -0.00000442
0.24977158 0.99525337 0.09344065 8.27324937 -26.65243051 -2.03697267 9.21590222 1.02398604 -5.68266289 17.85846078 1.85540072 -6.49700613 17.98135653 1.90373801 -6.12994512 11.37770562 2.8703213 -1.93432166 -33.23918333 14.66843312 2.46198927 1.31430311 -5.41391174 23.41218471 -82.98446735 -53.87921969 -40.45355888 -0.00000586 -7.08369086 0.00000456 -8.22653542 -6.8468893 -1.81018654 -1.64766039 -8.7721967 -12.01975457 -139.65467412 79.956119 106.7529648 0.0000017 22.96345338 -0.00001725 11.75324005 15.6339087 15.64300894 -58.1239887 2.03899539 20.76880954 53.43831964 10.06255379 2.15141021 -0.17576783 11.74509383 -8.79053709 -5.69096447 0.0000023 -0.00000294 -14.99622463 -6.84990974 -15.8910675 38.38937712 -3.92338842 -6.05818418 -26.37994269 -6.2560952 21.94139813 -0.05476379 -0.00001983 0.00000851
0.25257601 0.99975494 0.08877134 8.59265031 -25.89214867 -2.10792566 9.24212051 1.22883176 -5.70852984 17.91632381 2.27812726 -6.68686788 18.03218635 2.32125865 -6.34464089 11.05194581 2.70999223 -0.9852248 -32.40494607 13.48824364 2.99074517 1.44990245 -5.79177933 24.44811517 -85.52893903 -52.302431 -44.06088401 -0.00000284 -8.21767796 -0.00000418 -8.08383522 -6.92864249 -1.25003168 -1.44600969 -8.26395739 -10.98240168 -126.01858367 79.22193608 94.29076052 0.00000238 23.24327903 -0.00003294 10.83568657 17.94896295 13.27660686 -57.81991027 1.91390222 19.78951146 52.93318316 10.07016654 2.45131971 -0.43385989 11.93372744 -8.6741077 -5.52096231 -0.00000765 0.00000602 -13.20299918 -7.80512434 -15.93340937 35.09939521 -4.07347115 -6.01280448 -25.07247974 -6.18466808 22.82440245 -0.04822916 -0.00002167 -0.00000328
0.25487066 1.0025956 0.08468878 8.81699873 -25.33457393 -2.1919998 9.22165263 1.40944057 -5.80524096 17.8762036 2.64289406 -6.91281647 17.98817064 2.68125788 -6.58936893 10.24455158 2.60990768 0.0616902 -31.80324099 12.25100222 4.18508648 1.5054871 -5.90637859 25.30295698 -88.30035523 -50.52777977 -47.48074552 0.00001012 -9.31873918 0.0000186 -7.85378072 -7.09307337 -0.14693522 -1.22549022 -7.66057376 -9.81683603 -114.05916441 76.95510284 83.88377813 9.4e-7 23.98614205 -0.0000244 8.21745182 21.20894846 9.627019 -57.63182986 1.86306368 19.09099546 52.90242431 10.07894348 2.67538648 -0.95058321 12.03096842 -8.58455779 -5.34246304 -0.00000178 0.00000231 -11.2915733 -8.85616446 -16.12508318 31.69468354 -3.73275572 -5.87703568 -23.76639773 -6.21188944 23.98790484 -0.03812685 0.00000129 0.00000572
0.25699896 1.00404243 0.08139242 8.95155207 -24.9071866 -2.22733229 9.16946469 1.57439763 -5.90992335 17.76122241 2.98887319 -7.14487741 17.86849184 3.01770725 -6.846287 9.19590991 2.55821805 1.02590708 -31.71925871 11.18713789 5.70357928 1.51804508 -5.90690331 25.88867102 -90.45226491 -49.18784121 -49.95406767 -0.00000241 -10.37434757 0.00000362 -7.64750618 -7.23397648 0.80949769 -1.04246654 -7.1776915 -8.73046745 -107.28563142 74.04598229 78.73889538 0.00000225 24.58939659 -0.00000164 5.58048581 23.43956864 7.59296406 -57.52760199 1.97982688 18.62910646 53.30663483 10.08655141 2.72728118 -1.77145904 11.96376655 -8.4121487 -5.03473838 -0.00000379 -0.00000142 -9.21833932 -10.11132641 -16.54269563 28.06139222 -2.9434414 -5.617357 -22.43221744 -6.26529797 25.36775304 -0.03160136 0.00000525 0.00001001
0.25947569 1.00433151 0.07874619 9.00684613 -24.64553237 -2.09877215 9.10245157 1.73052481 -5.99052259 17.60978107 3.33060811 -7.35115993 17.70996292 3.34297846 -7.08596216 8.24027849 2.53686357 1.66372293 -32.2338241 10.35418995 7.11289102 1.51982422 -5.90931307 26.1239613 -91.64252166 -48.50438928 -51.18224819 0.00001029 -11.53131275 0.00001154 -7.52072142 -7.30651695 1.3123791 -0.94180552 -6.9537787 -8.01017586 -104.56277181 71.47503211 77.43554336 0.00001301 24.5771846 -0.00003109 4.53300526 23.50377041 7.87102535 -57.42767328 2.32214883 18.28400402 54.05185505 10.0911791 2.58425685 -2.86478207 11.84736934 -8.14129964 -4.61831664 8.3e-7 0.0000096 -7.21766147 -11.48125573 -17.22917596 24.46747455 -1.93869547 -5.33187241 -21.11692082 -6.27310356 26.75048453 -0.02079736 0.0000219 0.00000352
0.26283596 1.00357704 0.07637811 9.05077423 -24.59697094 -1.7612396 9.0120216 1.85788106 -6.06353482 17.41515936 3.61948403 -7.52420429 17.50785704 3.61105657 -7.29440329 7.64327732 2.54325851 1.82293509 -33.11121288 9.68679836 8.18978555 1.51828273 -5.93427229 26.02699706 -91.77070092 -48.41922828 -51.08358126 -8.8e-7 -12.78349564 0.00000956 -7.48295516 -7.31287288 1.37093407 -0.92242634 -6.86766542 -7.9173862 -103.85134763 69.7859876 77.78376788 0.00001106 23.92312757 -0.00003328 5.57674592 21.95286286 9.31676662 -57.34191313 2.82775921 17.91691389 55.02926641 10.09217461 2.33588987 -4.12314454 11.87436388 -7.83195025 -4.19684364 -0.00000176 0.00000226 -5.65935308 -12.64508287 -18.03113158 21.45958836 -1.10120018 -5.29765835 -19.98415936 -6.24583029 27.91493079 -0.01445109 -0.00001263 0.00000379
0.26737789 1.00183235 0.07403703 9.13935483 -24.72984648 -1.29036694 8.88588999 1.92818477 -6.15617454 17.15722305 3.79457421 -7.68071658 17.24411654 3.76571625 -7.48155732 7.45838571 2.56501344 1.56878141 -33.95286021 9.09745475 8.92416853 1.50447071 -5.93492398 25.78422577 -91.04279643 -48.63975504 -49.88321564 -0.00000616 -13.99341501 4.3e-7 -7.49523592 -7.28410741 1.19364339 -0.9436359 -6.69559319 -8.43994848 -103.54618186 69.05212777 78.1663761 0.00000701 23.04431339 -0.00002033 7.81534256 20.26953787 10.55308096 -57.34003861 3.37477083 17.45517704 56.17196735 10.09018237 2.09645463 -5.45315898 12.13009955 -7.53101767 -3.83345964 -0.00000224 0.00000906 -4.72819152 -13.32584761 -18.77331057 19.45609277 -0.67305918 -5.65963463 -19.20910735 -6.23404093 28.72706239 -0.01504818 -0.0000044 -0.00000883
0.27307279 0.9992453 0.07187705 9.26200516 -24.97648441 -0.78725324 8.73460806 1.94015381 -6.28396184 16.8524583 3.85591501 -7.85349098 16.93596795 3.81042444 -7.67768532 7.55023158 2.57095132 1.14025986 -34.45209464 8.55519216 9.33418295 1.47092945 -5.86275753 25.65759577 -90.03076516 -48.73111466 -48.21218787 -0.00000421 -15.05701697 0.00000975 -7.48553547 -7.26525203 1.07897753 -0.961215 -6.38216874 -9.20430781 -102.86893239 69.02604698 77.87594937 0.00000674 22.43557606 -0.00002275 9.82543374 19.45390739 10.88675095 -57.43229841 3.91553179 16.92540111 57.45944491 10.08642559 1.89098504 -6.85064394 12.54930394 -7.22023198 -3.54593351 -0.00000414 0.00000717 -4.2949417 -13.62727143 -19.46594864 18.32295449 -0.51062302 -6.274411 -18.77065741 -6.24901993 29.19999728 -0.02074255 0.0000116 0.00000244
0.27971255 0.99611137 0.07041696 9.35696496 -25.33174772 -0.29062871 8.58700171 1.92895523 -6.45723061 16.55061421 3.87478125 -8.07144997 16.63321276 3.8171008 -7.91155863 7.76124001 2.54142938 0.77731359 -34.55501868 8.13143674 9.3841467 1.4258888 -5.7307473 25.77450753 -89.37434065 -48.3797181 -46.82322801 0.0000069 -15.96637779 0.00001339 -7.39839888 -7.29050812 1.25016315 -0.95796511 -6.07792234 -9.73732023 -101.96200898 69.3319795 77.14249225 0.0000027 22.29340697 -0.0000184 10.75624257 19.4234739 10.50207774 -57.51309951 4.49674276 16.3875973 58.87197421 10.08227448 1.67455207 -8.37172765 13.05765668 -6.86582803 -3.31703849 1.6e-7 -0.00000182 -4.10045862 -13.96858242 -20.30897664 17.51125704 -0.18807212 -6.84545139 -18.44917824 -6.24498678 29.4450897 -0.02150483 0.00000922 -0.00000331
0.28702804 0.99259483 0.07006672 9.35565717 -25.8692724 0.19693146 8.46590397 1.94297481 -6.68967349 16.29372208 3.93462773 -8.331402 16.3784607 3.86758597 -8.18006283 8.03220901 2.48925901 0.5880444 -34.42194623 7.94853828 9.0760272 1.39329929 -5.62084067 26.03492691 -89.27476201 -47.60216214 -46.06021476 0.00001257 -16.7450028 0.00002091 -7.23918181 -7.35930355 1.70839484 -0.94480738 -5.93674685 -9.85280049 -101.43001051 69.64985978 76.64281692 0.0000046 22.46156349 -0.00001602 10.73162775 19.54788886 9.96697973 -57.44614598 5.13021345 15.83159536 60.38052742 10.08357832 1.46928813 -10.02987437 13.73762974 -6.51805403 -3.08348625 -2.6e-7 -0.00000137 -4.01953897 -14.62117914 -21.47797997 16.68230393 0.54532049 -7.17609471 -18.06455012 -6.17861032 29.56155351 -0.0219609 -0.00000198 0.00000967
0.29489257 0.9888713 0.07094858 9.22590907 -26.63915037 0.59111933 8.37247816 2.0100372 -6.94065687 16.09000761 4.07149706 -8.59129965 16.17963587 3.99598646 -8.4427283 8.36415026 2.44447978 0.55961569 -34.25509313 8.06156118 8.53791334 1.39314398 -5.61050541 26.25109567 -89.40485522 -46.69726874 -45.71166698 2.9e-7 -17.37822669 0.00001778 -7.06899115 -7.4388517 2.24428821 -0.93993764 -5.95470048 -9.75228489 -101.59553358 69.79703545 76.76217235 0.00000637 22.66349053 -0.00002886 10.40648644 19.42191167 9.57205304 -57.16975702 5.68643623 15.1610175 61.92129982 10.08764313 1.42545229 -11.74092683 14.81589242 -6.29133988 -2.80113138 -0.00000383 0.00000364 -3.97418771 -15.45896624 -22.81590447 15.80465404 1.40450646 -7.31967914 -17.52952671 -6.02880846 29.51596182 -0.02664307 0.0000043 2e-8
0.30330124 0.98536713 0.07278798 9.00665639 -27.57767222 0.80152761 8.29277721 2.12182196 -7.13406462 15.92145706 4.27418813 -8.80028268 16.01551488 4.19062573 -8.6546611 8.72563869 2.42215498 0.64387214 -34.15212018 8.38906353 7.95711679 1.41908888 -5.68946016 26.35033639 -89.33008809 -46.00652612 -45.399789 -0.00000667 -17.81460791 0.00000497 -6.95645405 -7.49188027 2.60664441 -0.95281032 -6.0262721 -9.74814671 -102.28937203 69.70689865 77.39171501 -0.00000304 22.72995493 -0.00001024 10.29162224 19.10167029 9.23905202 -56.7150339 6.01929446 14.24217016 63.35443757 10.09174538 1.68774616 -13.35212026 16.45076407 -6.23679369 -2.49707276 -4.1e-7 8.3e-7 -3.96159096 -16.07334919 -23.94127303 15.19397012 1.76222276 -7.53486195 -16.92104196 -5.81440181 29.04893092 -0.03446538 0.00000569 0.00000867
0.31235599 0.9827301 0.07539278 8.78477544 -28.56313093 0.81655033 8.21304204 2.25914302 -7.14883453 15.77025487 4.52688588 -8.93600333 15.86221024 4.43733138 -8.80342294 9.05740752 2.40846523 0.7940913 -34.07304115 8.75853246 7.43269555 1.4432636 -5.77273721 26.39413884 -88.87883876 -45.69093058 -44.98024201 0.00000422 -18.00790238 0.0000159 -6.93269197 -7.50140911 2.6733622 -0.98315734 -6.09735107 -9.94144088 -103.29856538 69.37109604 78.37625206 -0.00000254 22.6279921 -0.0000235 10.51995997 18.83890597 8.80739901 -56.14072388 6.14470309 13.08585164 64.53790734 10.09571582 2.19799256 -14.80099788 18.49955236 -6.23956116 -2.22619369 -6.7e-7 0.00000237 -4.13075247 -16.13373574 -24.59572707 15.33213232 1.12104198 -8.03338014 -16.40709286 -5.51798682 27.70824914 -0.04916772 -0.00000495 -0.00001168
0.32217287 0.98220215 0.07908632 8.59482489 -29.50955544 0.6555931 8.13514786 2.40600475 -6.89487109 15.64261292 4.82606221 -9.01068401 15.72094374 4.73503977 -8.90875741 9.35587577 2.38366098 0.94559745 -33.89378206 9.03470976 6.95932146 1.44746242 -5.80322344 26.41977713 -88.15499325 -45.7090014 -44.57297328 0.00000389 -17.9430331 0.00001628 -6.98551657 -7.47429371 2.48650195 -1.02427249 -6.19628094 -10.19457877 -104.66009108 68.75565497 79.8174624 0.00000545 22.36478671 -0.00003215 11.02161575 18.80604385 8.19803614 -55.35603241 6.28688515 11.94588028 65.29652556 10.08745549 2.67286924 -16.19286683 20.49303828 -6.03464886 -2.01625675 -0.00000503 -0.0000049 -4.60426387 -15.68580205 -24.73456797 16.3147727 -0.80094119 -8.77350051 -15.90659158 -4.93534168 24.95554618 -0.64935143 0.00000427 -0.00000288
0.33230273 0.98461471 0.08383567 8.33548471 -30.38562025 0.32491056 8.07994934 2.54618805 -6.4005937 15.56949664 5.1486059 -9.04709328 15.62354507 5.06154904 -8.9912759 9.70219249 2.35793779 1.02870746 -33.49507815 9.21559292 6.57777372 1.44710924 -5.82780813 26.34549594 -87.32702426 -45.94389729 -44.30740593 -0.00000168 -17.64802733 0.00001677 -7.0846026 -7.42653891 2.1598823 -1.06282013 -6.32819427 -10.35584856 -106.36950052 67.73858028 81.79094074 0.00000778 21.94320334 -0.00003207 11.60292998 19.07495356 7.39648076 -54.16251127 6.70150361 11.1615424 65.52548292 10.06737348 2.81533229 -17.67919327 21.89108975 -5.43440914 -1.86741639 0.00000109 7.6e-7 -5.50908557 -14.95164342 -24.46625265 18.13816832 -4.21098576 -9.5765714 -15.1591222 -3.81435697 20.44761299 -1.65914206 -0.00000549 0.00000811
0.34180237 0.98964935 0.08868162 7.88416789 -30.57344324 -0.27307314 8.07200783 2.65349695 -5.82785573 15.57840999 5.43121683 -9.05734308 15.60438689 5.35118759 -9.05176645 10.1894553 2.37273311 1.03988728 -32.85575292 9.40234635 6.46386922 1.48614773 -5.98317631 26.06990886 -86.4479363 -46.27243213 -44.10886992 0.00001066 -17.2225005 0.00003841 -7.20336576 -7.36999453 1.77946971 -1.08186657 -6.4097581 -10.42237602 -108.04065344 66.17843864 83.97832429 9.2e-7 21.41151288 -0.00001467 11.82475232 19.67236172 6.47557761 -52.60526459 7.47275211 10.84019016 65.22615248 10.0399742 2.53900723 -19.26563314 21.86218765 -4.36905203 -1.76814538 -0.00000991 0.00000278 -6.37910305 -14.40550114 -23.65700298 20.26066615 -9.36259636 -10.26328618 -13.75598275 -2.39560794 14.25794821 -3.00421368 0.00000165 0.00000795
0.34937409 0.996186 0.09205701 7.37208243 -30.71059348 -0.89051805 8.11618613 2.70651298 -5.35619119 15.66196568 5.61426427 -9.04460258 15.66360874 5.53937759 -9.08231517 10.82909877 2.45575753 1.08162115 -32.10030367 9.67057817 6.7780898 1.6129091 -6.42047497 25.63241148 -85.48635348 -46.53044216 -43.77747194 0.0000048 -16.85051672 0.00001944 -7.31885173 -7.31095189 1.39077763 -1.07069299 -6.34691856 -10.47207724 -109.13345991 64.11959331 85.83047317 0.00000704 20.8964716 -0.00002931 11.11069024 20.48742705 5.71682087 -50.80992855 8.40211442 10.91619706 64.53071442 10.03472818 2.04054603 -20.66234462 21.24869362 -3.32910926 -1.69168106 -0.00000657 0.00000827 -7.61412536 -13.8304247 -22.67514121 22.82394871 -10.6475853 -10.45442638 -11.22285331 -5.3022615 6.2409295 -4.59213444 0.00001045 -0.00001314
0.35451366 1.00302291 0.09298786 6.81063133 -30.7824293 -1.51579126 8.19211102 2.71186887 -5.08091252 15.77985259 5.70347468 -9.01685572 15.76416082 5.62713689 -9.08820135 11.52377305 2.58020079 1.28817173 -31.43828625 9.96915997 7.43266076 1.84787599 -7.20076672 25.21610241 -84.51117125 -46.53533 -43.2717604 -0.00001443 -16.73118017 -0.00001127 -7.4063348 -7.25700908 1.04273517 -1.03382999 -6.15198358 -10.51419236 -109.48696742 61.91885838 87.05405235 -3.8e-7 20.5350846 -0.00001372 9.27184224 21.15297756 5.54656186 -48.98139256 9.23819494 11.1368383 63.62841606 10.04581762 1.57098211 -21.70143982 20.48069309 -2.54179858 -1.59809085 0.00000134 5.1e-7 -8.4197137 -13.51763766 -21.77783263 24.53853899 -11.89225462 -9.98582303 -8.46428848 -8.13605148 -0.76912157 -6.16416279 0.0000289 0.00000736
0.35773968 1.00953354 0.09162542 6.21269125 -30.77348766 -2.18916023 8.27101709 2.70430759 -4.97590883 15.89207023 5.76135919 -8.99197732 15.86440783 5.67607349 -9.09168433 12.12305905 2.68158393 1.67932264 -31.01318824 10.15930224 8.09991533 2.15004908 -8.18841723 24.96720726 -83.76511 -46.24839936 -42.84363826 -7.1e-7 -16.94865881 -0.00000426 -7.45072252 -7.21701726 0.78999296 -0.98980445 -5.94518933 -10.4889293 -109.42349997 60.08832203 87.7641376 -0.00000157 20.36597941 -0.00001969 6.90787757 21.23599674 6.11955202 -47.23944773 9.79832703 11.29376049 62.66793607 10.05671041 1.30098174 -22.38393742 19.91022401 -2.04709076 -1.45583321 6.6e-7 -0.00000131 -8.5079862 -13.48711719 -21.00825768 25.23051554 -12.77366642 -9.17115824 -6.11595757 -10.56155572 -4.99844588 -7.61495323 0.00000988 0.00000937
0.35985027 1.01474854 0.08887187 5.59299666 -30.67249648 -2.92914038 8.33553541 2.71289021 -4.94454895 15.98263563 5.83447571 -8.99048731 15.94466439 5.73674222 -9.11778601 12.51907414 2.72180024 2.08840224 -30.8154092 10.16550206 8.52134794 2.4138504 -9.0535949 24.82965718 -83.47574566 -45.88733772 -42.82233312 -0.0000014 -17.41088516 0.00000918 -7.46511217 -7.19177526 0.63516614 -0.96049871 -5.83608605 -10.41498933 -109.39733227 58.95122343 88.26570554 -9.8e-7 20.30024656 -0.00001786 5.04238056 20.70041471 7.05821026 -45.69489518 10.02197732 11.2838924 61.89238912 10.06061567 1.28510681 -22.88371527 19.69384679 -1.78793707 -1.26187946 -0.00000128 0.00000854 -8.13828309 -13.53579905 -20.19547443 25.61058313 -13.19124953 -8.49589653 -4.74947731 -12.49883646 -6.45488569 -8.32661027 0.00001158 0.00000809
0.36148495 1.01898842 0.08569637 4.96481455 -30.47542882 -3.73959158 8.38166376 2.73618207 -4.90394568 16.05103772 5.91547339 -9.02938016 16.0018967 5.80706521 -9.18437755 12.71378598 2.73324167 2.27631439 -30.74201564 10.07155315 8.77025789 2.53340327 -9.48136193 24.60473588 -83.63064395 -45.77018437 -43.29419234 0.00000631 -17.92936018 0.00000775 -7.48601229 -7.16961411 0.50423388 -0.9583345 -5.82313873 -10.45408078 -109.64648916 58.43437993 88.79904118 0.00001068 20.20194667 -0.00002061 4.28291792 20.03278164 7.78333968 -44.28171238 9.95287141 11.08999209 61.27186983 10.05732713 1.48933558 -23.2966734 19.80969379 -1.67536068 -1.17147528 -0.00000132 -0.00000346 -7.50150485 -13.53577764 -19.1315137 26.0535096 -13.26023929 -8.03722318 -4.42997024 -14.01865569 -6.74622116 -8.47919456 0.00001084 0.00001064
0.36280033 1.02289154 0.08248856 4.34139775 -30.18304226 -4.55410611 8.40698703 2.7591576 -4.84181826 16.0894544 5.98547715 -9.12221494 16.02771944 5.87049445 -9.30356799 12.81884673 2.78316896 2.15441532 -30.66570597 10.04703671 9.11412341 2.49952343 -9.45029242 24.19722748 -83.98256497 -46.00642906 -44.03061647 0.00001245 -18.34972678 0.00002575 -7.53981295 -7.13786943 0.31787316 -0.97836998 -5.81436054 -10.75758276 -110.07272164 58.18752472 89.40077325 -0.00000192 19.99365632 -0.000019 4.50085879 19.73136491 7.96056059 -42.88965036 9.71912909 10.74358234 60.67269393 10.05773714 1.82141745 -23.64348195 20.10644177 -1.63989141 -1.06892979 -0.00000383 5.4e-7 -6.77586569 -13.42658653 -17.81169375 26.68454713 -13.13446584 -7.71094455 -4.80711965 -15.39201422 -7.20089884 -8.36778282 0.00004302 -4.9e-7
0.36363213 1.02628517 0.07917896 3.73599783 -29.79343452 -5.32675193 8.40108583 2.78210849 -4.80839734 16.07176953 6.06260713 -9.27469342 15.99660914 5.94409191 -9.47965908 13.00212105 2.88532201 1.87518273 -30.40502498 10.16293625 9.62305881 2.420215 -9.28250133 23.74461841 -84.22593391 -46.37912161 -44.69790904 0.00001705 -18.5966131 0.00002507 -7.61693848 -7.09746846 0.07998647 -1.00102827 -5.73015629 -11.26223397 -110.36634216 57.84965776 89.96620176 0.0000041 19.69375725 -0.00002881 5.20486101 19.75645919 7.63166152 -41.54285978 9.46147115 10.40093494 60.14746826 10.0653693 2.1477029 -24.00447214 20.32944106 -1.63295925 -0.9500732 5e-7 0.00000673 -6.61176779 -13.11616197 -16.28620522 28.29859 -12.93418576 -7.46750512 -5.91804976 -16.79079675 -8.21764603 -8.23084767 -6.1e-7 9e-7
0.36380348 1.02937584 0.0760228 3.16268473 -29.29758955 -6.07504251 8.34540847 2.81966008 -4.81203698 15.96274926 6.17643128 -9.4726647 15.87425653 6.05568842 -9.69778648 13.41112405 2.96779161 1.66454079 -29.7007013 10.28154946 10.03284268 2.42816207 -9.37069395 23.47454046 -84.18281373 -46.5518277 -45.13693684 0.000012 -18.62710962 0.0000268 -7.68539432 -7.06157976 -0.13191628 -1.00607957 -5.57624196 -11.69605413 -110.2856826 57.16962191 90.47932685 -6.2e-7 19.36971592 -0.00001051 5.87416169 19.61169568 7.12189089 -40.22996172 9.30171816 10.26097806 59.6939926 10.06725379 2.33948572 -24.45510313 20.22113796 -1.60953075 -0.97215701 0.00000287 0.00000201 -6.23503301 -12.91691859 -14.73698759 29.75438983 -12.8303916 -7.0794281 -7.34945701 -17.875943 -9.41654043 -8.24067193 0.00001221 0.00001194
0.36308132 1.03219498 0.07314975 2.63434016 -28.68912923 -6.79208192 8.2282175 2.86669347 -4.84732626 15.73921495 6.30669054 -9.67933342 15.63784422 6.18483085 -9.92054992 14.09575215 2.9488297 1.58530237 -28.34281596 10.17016639 10.05093769 2.56676448 -9.8427629 23.4678939 -83.88961819 -46.3753946 -45.46559291 5e-8 -18.39886206 0.00002183 -7.72778102 -7.03955615 -0.26541242 -0.98928112 -5.43402315 -11.80702329 -109.85237137 55.99022685 91.13306707 -0.00000265 19.0623317 -0.00002552 5.97038857 18.92889815 6.84285427 -38.95132267 9.27458786 10.38363466 59.31470868 10.05934417 2.36327273 -25.0121416 19.70667727 -1.58236696 -0.98658494 4.2e-7 -0.00000112 -5.6871111 -12.86847765 -13.25241779 31.05617563 -12.8168406 -6.48534438 -8.92540723 -18.77742014 -10.42951991 -8.35487137 -0.00002855 -0.00001237
0.36136517 1.0346463 0.07069494 2.16088633 -27.97068584 -7.44716998 8.05464803 2.89724522 -4.90042275 15.40776854 6.38738377 -9.85527802 15.29416616 6.2664425 -10.10791213 14.95324791 2.82942171 1.51415527 -26.38967736 9.75606894 9.71313349 2.76852569 -10.48792721 23.62248163 -83.51466049 -45.98486821 -45.91221154 0.00001218 -17.90613064 -0.00000521 -7.7578401 -7.02574495 -0.35600072 -0.96610088 -5.39836629 -11.56730362 -109.30730639 54.30012924 92.17009236 0.0000021 18.75053296 -0.00001349 5.08615333 17.83602378 7.05794856 -37.70444269 9.30614907 10.63641016 59.00109921 10.05181156 2.31007116 -25.63110641 18.95191288 -1.6080237 -0.98460058 -0.00000928 0.00000565 -5.04792909 -12.9553606 -11.87935006 32.25846713 -12.82872992 -5.71680445 -10.3868201 -19.86403466 -11.12368776 -8.45108217 -0.00000891 0.00000362
0.35879742 1.03678108 0.06856859 1.7537915 -27.13509305 -8.03474927 7.84544988 2.89368243 -4.93689858 15.00931946 6.38295462 -9.98083681 14.88478923 6.26530391 -10.23980005 15.75555353 2.69360547 1.33388427 -24.21366372 9.25259363 9.34588162 2.92705113 -10.981237 23.7906809 -83.20515648 -45.63881615 -46.58499522 -0.00001205 -17.21949359 0.00002882 -7.80176549 -7.0064675 -0.4836098 -0.95839561 -5.51434942 -11.16118158 -108.91868995 52.32043453 93.64411729 7e-8 18.38609063 -0.00000418 3.3674236 16.74810432 7.73885877 -36.49655416 9.28481998 10.86043487 58.71423593 10.04443825 2.30495292 -26.23677264 18.1735704 -1.72377908 -0.9673223 -0.00000657 -0.00000115 -4.37119703 -13.10338342 -10.56723949 33.39587551 -12.81427562 -4.80920762 -11.68542013 -21.31221105 -11.64107915 -8.46886614 -0.00001705 0.00000295
0.35546508 1.03862595 0.06638554 1.4227429 -26.17881827 -8.52869863 7.63345179 2.87222757 -4.95416663 14.60892919 6.33145432 -10.04951774 14.47618714 6.21807806 -10.30997857 16.29414959 2.62708869 1.07950104 -22.25926712 8.97254396 9.22354388 2.98630696 -11.15639173 23.9044231 -83.00906459 -45.51584187 -47.41934096 0.00000513 -16.45750187 0.00001476 -7.87236291 -6.97401025 -0.69144821 -0.97697695 -5.74932311 -10.81851549 -108.82792828 50.40690278 95.39407479 0.00000471 17.96591013 -0.00002068 1.60138455 15.95457069 8.6077734 -35.35470833 9.19157049 10.98393474 58.42811038 10.03946565 2.41166735 -26.77667088 17.4393153 -1.94207512 -0.94655913 -0.00000982 -0.00000179 -3.73514205 -13.17221565 -9.1758203 34.53268083 -12.81193386 -3.91326676 -13.01809925 -22.98445292 -12.14160891 -8.46463805 -0.00000323 0.0000021
0.35107018 1.04016571 0.06412329 1.17580461 -25.09891257 -8.91189638 7.45131188 2.86163926 -4.93149945 14.27093859 6.291237 -10.04850335 14.13406445 6.18066669 -10.30653181 16.53129562 2.64336736 0.87762901 -20.74427579 9.00248062 9.3592964 2.9650785 -11.08309037 23.94999408 -82.8778631 -45.6498547 -48.28574996 0.00000753 -15.71485981 0.00003567 -7.96689833 -6.92894064 -0.97370334 -1.01511358 -6.01232222 -10.66681958 -108.98512528 48.80798178 97.19297131 -7e-7 17.56573096 -0.0000269 0.59439738 15.46394814 9.3095288 -34.29293591 9.07543636 11.04168266 58.14238642 10.03809978 2.64228386 -27.25388836 16.6878935 -2.28623007 -0.93207537 -5e-7 -0.00000397 -3.19212613 -13.04065263 -7.56018803 35.68600512 -12.90774402 -3.1820683 -14.49879955 -24.78145995 -12.68639622 -8.53789736 0.00005273 -0.00000656
0.3450256 1.04140938 0.06241109 1.01975215 -23.89091256 -9.17284377 7.3150415 2.86655101 -4.84312859 14.02168767 6.26821771 -9.96464459 13.88476071 6.15771773 -10.21716311 16.5977745 2.68786385 0.7960971 -19.59499545 9.13587553 9.60352211 2.91309168 -10.92893361 23.90850741 -82.71116528 -45.97148553 -49.08525959 -0.00000126 -15.03686559 0.00000418 -8.08396503 -6.87143627 -1.32794287 -1.05427326 -6.20683693 -10.68915403 -109.15320994 47.60620137 98.80387477 -9.1e-7 17.29634429 -0.00000806 0.45098216 15.11401505 9.66697786 -33.27508633 8.97021445 11.06236313 57.84693548 10.04037328 3.01370701 -27.70056226 15.88472316 -2.80221384 -0.92052104 0.00000303 0.00000516 -2.76087391 -12.71066649 -5.73480007 36.81992999 -13.14507063 -2.60029829 -16.01891527 -26.82495354 -13.26377738 -8.72557569 -0.00000881 -0.00000473
0.33735187 1.04232239 0.06187037 0.95515135 -22.54789631 -9.31248737 7.2104682 2.87010674 -4.68424658 13.82678418 6.22615784 -9.80607262 13.69206977 6.11400568 -10.05048948 16.64002737 2.71025217 0.79979763 -18.65098923 9.13894786 9.8582036 2.85826898 -10.78117766 23.78897132 -82.43494215 -46.35098704 -49.75855055 7.8e-7 -14.46568234 0.00002135 -8.22822842 -6.79751569 -1.77384305 -1.07686253 -6.28467275 -10.77261042 -109.02773468 46.92080606 99.92062454 -6.2e-7 17.22601335 -0.00002754 0.62257198 14.7233322 9.83006582 -32.26066726 8.85292029 11.01529076 57.53103652 10.04659086 3.52682696 -28.15017785 15.06938266 -3.48665034 -0.78219577 -6e-8 0.00000199 -2.54732132 -12.34648492 -3.93078202 38.07789242 -13.46475691 -1.98614913 -17.4167815 -29.05266569 -13.74966943 -9.11724587 -0.00001443 -0.0000049
0.32940494 1.04287743 0.06227255 0.95470453 -21.05711866 -9.40625554 7.1060331 2.86389541 -4.48478618 13.62256731 6.15330331 -9.60088963 13.48994747 6.03969884 -9.83488866 16.6837619 2.71608106 0.83434233 -17.8831111 8.98807258 10.18437298 2.7958632 -10.60394294 23.68268804 -82.06422518 -46.63803547 -50.26886371 0.00000382 -14.07059722 0.00001862 -8.39422939 -6.70837785 -2.2968112 -1.07773718 -6.26518856 -10.8087492 -108.42369466 47.00099352 100.21748171 0.00000298 17.34440513 -0.00001999 0.59824441 14.20564333 10.0744889 -31.25925111 8.65249917 10.90472198 57.22236615 10.05593771 4.09598021 -28.63577121 14.24578555 -4.22436302 -0.61020988 -0.00000265 0.00000508 -2.88321213 -12.16358014 -2.46078892 40.35056584 -13.51642192 -1.18302383 -19.15432959 -29.00925187 -13.24880293 -10.44934075 0.0000042 -0.00000201
0.32275868 1.04301178 0.06264138 1.01000341 -19.42723363 -9.44337293 6.98819716 2.85313555 -4.28410617 13.38685063 6.0802232 -9.37412392 13.25558324 5.96567514 -9.59593005 16.64954691 2.74497547 0.91087394 -17.3657818 8.81457895 10.73803002 2.71660507 -10.33629635 23.72849107 -81.67987898 -46.73636123 -50.61425256 -0.00000261 -13.87832863 0.00001569 -8.55577475 -6.61850845 -2.80698647 -1.06592106 -6.20498785 -10.78041754 -107.3353175 47.99243618 99.54251529 0.00000651 17.58534349 -0.00002023 0.29472331 13.6749704 10.42810157 -30.32443851 8.36696078 10.71036226 56.9550517 10.06760366 4.570636 -29.17223542 13.35311936 -4.85692074 -0.50046062 3.7e-7 -0.00000369 -3.92411652 -12.26025897 -1.30846077 43.28250256 -13.72835843 -0.31629548 -19.98341943 -28.99950605 -12.51605181 -12.85241233 -0.00001095 -0.00000683
0.31789816 1.04267601 0.06239077 1.11638236 -17.66931469 -9.40609956 6.87982256 2.84035525 -4.11925701 13.1675301 6.03102452 -9.13346198 13.0384805 5.91422068 -9.34229614 16.48151722 2.81435199 1.10276995 -17.07270389 8.69166982 11.61754661 2.62964776 -9.99210858 23.99847421 -81.34407413 -46.6568527 -50.8376911 -0.00000131 -13.78417925 0.00000644 -8.68603255 -6.54554948 -3.20817469 -1.05429556 -6.14812717 -10.74936094 -105.85605247 49.71589493 98.02481333 -0.00000212 17.86667215 -0.00001571 -0.22038868 13.44276373 10.58025631 -29.4892506 8.01141135 10.44990901 56.7644324 10.08144488 4.85659818 -29.76985098 12.3277816 -5.32417574 -0.50435759 0.00000214 -0.00000185 -5.90542242 -12.49625067 -0.37844616 47.07994535 -14.21099455 0.3620095 -19.6302621 -29.03899347 -11.4438001 -16.56422293 -0.00000606 7.2e-7
0.31395197 1.04181152 0.06192887 1.26869171 -15.79385721 -9.27549619 6.81369471 2.81501454 -3.99912455 13.02860384 5.9904334 -8.87423118 12.90466346 5.86839134 -9.07089826 16.23615099 2.89423137 1.47089417 -16.78470651 8.53967684 12.75953737 2.55490272 -9.65906535 24.43783578 -81.05770315 -46.47658425 -50.9973563 -0.00000846 -13.62362161 0.00001848 -8.78867317 -6.48924735 -3.51510171 -1.04940472 -6.11399303 -10.74634971 -104.08865719 51.80334955 95.9272366 -0.00000104 18.12147538 -0.00001192 -1.04037099 13.75624317 10.22900702 -28.72750623 7.60644044 10.15816005 56.6566681 10.09838081 4.97583714 -30.43391957 11.15882789 -5.70473556 -0.59178793 -7.9e-7 -0.00000366 -8.79816171 -12.72598096 0.44507436 51.54882969 -14.98201752 0.72428899 -18.04412199 -29.14550532 -10.04693496 -21.13041479 -0.00001108 -0.00000212
0.30985444 1.0403202 0.06209705 1.46009127 -13.81432692 -9.03440168 6.79686497 2.76829625 -3.90576841 12.98313819 5.92968125 -8.58978777 12.86726223 5.79975715 -8.77693446 16.03649691 2.93708795 1.98894252 -16.24019364 8.23282445 13.97557823 2.5058757 -9.42972948 24.94032009 -80.79324386 -46.25286487 -51.12693793 -0.00000292 -13.38802789 0.00001123 -8.89716971 -6.42847711 -3.85892083 -1.0532594 -6.13109575 -10.69517876 -102.06721963 53.99923573 93.38884502 -0.00000332 18.32589103 -0.00001553 -2.23939017 14.44536189 9.503886 -27.99614996 7.20657302 9.87547505 56.61887987 10.12217023 5.00064893 -31.1769162 9.83461199 -6.11466788 -0.70193581 0.00000287 -5.2e-7 -12.33989449 -12.84303332 1.22476889 56.24674214 -15.45121459 0.84747885 -15.74791607 -29.3321817 -8.63496667 -23.89405233 1.4e-7 0.00001255
0.30528542 1.03831261 0.06339969 1.68536768 -11.72201804 -8.76109923 6.81013582 2.70035114 -3.81782735 12.99505008 5.84123101 -8.27831989 12.88881265 5.70202922 -8.46037508 15.942639 2.92873098 2.53903687 -15.36957794 7.76713836 15.09551229 2.48375002 -9.350099 25.44961636 -80.53798772 -45.99177538 -51.22961699 0.00000824 -13.30659107 0.00001522 -9.03705385 -6.34344653 -4.34660937 -1.06989424 -6.25393986 -10.47453571 -99.7176572 56.24803233 90.33489235 0.00001165 18.51175358 -0.00001867 -3.5469433 14.93457932 8.92650964 -27.28763355 6.83661958 9.70753294 56.63265561 10.14134549 4.988218 -32.00864186 8.31962127 -6.61604734 -0.80988341 -0.00000162 0.00000103 -16.37981818 -12.66848821 2.09496659 60.9077491 -15.49693419 0.7743625 -13.04384383 -28.91761798 -6.99438847 -25.23475438 0.0000043 -1.8e-7
0.30028738 1.03583183 0.06558084 1.93863873 -9.52380496 -8.40951933 6.83403487 2.61272105 -3.73612772 13.02878314 5.73680034 -7.94393241 12.93283982 5.58719128 -8.12673848 15.8869745 2.90685903 2.98530804 -14.37361134 7.32237829 16.07877201 2.478657 -9.41496724 25.9441784 -80.29713785 -45.67974076 -51.2996501 -0.00000677 -13.63834818 0.00001759 -9.19770997 -6.23745768 -4.93615214 -1.10358182 -6.52381377 -10.03969464 -96.9089638 58.55551743 86.60124194 4.8e-7 18.73554662 -0.00000986 -4.46023969 14.76192786 8.92088531 -26.59599212 6.55301801 9.60170226 56.65350368 10.14600843 4.97749255 -32.9006523 6.62008255 -7.21622706 -0.93317962 -0.00000726 -0.00000338 -21.1954744 -11.93140743 3.15943439 65.41292515 -15.53858875 0.43033984 -9.74367646 -28.12370567 -4.98638514 -26.90761277 6.5e-7 0.00000394
0.29501657 1.03299202 0.06846593 2.21355744 -7.21802238 -7.98376548 6.86204925 2.50439266 -3.65894453 13.07540524 5.62660482 -7.59036565 12.99025561 5.46512628 -7.78127947 15.76235525 2.9340036 3.25929684 -13.57165848 7.16454088 17.00031357 2.46026268 -9.59224052 26.29404989 -80.07582592 -45.31606878 -51.33883761 0.00000822 -14.42370416 0.00002808 -9.35015329 -6.13212339 -5.48124535 -1.15119123 -6.92640614 -9.45184167 -93.53016206 60.87211117 82.0695062 -0.00000176 19.02685093 -0.00002644 -4.7377976 14.06030334 9.49627044 -25.90238887 6.33366093 9.52765029 56.64753163 10.12218099 4.97336804 -33.83703037 4.78361617 -7.89795115 -1.05733675 -0.00000473 0.00000336 -26.69550754 -10.57500666 4.47118429 69.32906218 -15.5505085 -0.12983777 -6.12373905 -27.64530299 -2.94327348 -28.94669131 -0.00913721 0.70083271
0.28960805 1.03013038 0.07232967 2.50323336 -4.80254246 -7.52536806 6.8940711 2.37410316 -3.54787502 13.1396224 5.51150479 -7.21454022 13.06552703 5.33717589 -7.42273704 15.56046375 3.04728423 3.38070757 -13.17316481 7.44408458 17.92017121 2.37781086 -9.85178848 26.22938927 -79.87084779 -44.91252653 -51.3547107 -0.00000176 -15.50252684 0.00001524 -9.48252064 -6.04473235 -5.88041941 -1.20232765 -7.40916088 -8.79747285 -89.50507026 63.10280507 76.67811905 0.00000716 19.37340784 -0.0000319 -4.65131469 13.38360162 10.3811571 -25.15119221 6.16436595 9.55468158 56.54803981 10.05852447 4.91301837 -34.8117855 2.77651972 -8.64676169 -1.12498742 -0.00000226 -0.00000271 -32.31552393 -8.88826518 5.67904705 72.2583496 -15.44262133 -0.60225676 -2.78121756 -27.61731317 -1.12882531 -30.03728771 -0.02712258 1.31809829
0.28410996 1.02757736 0.07754054 2.80055484 -2.28408499 -7.07935667 6.9294436 2.2255771 -3.3526107 13.222561 5.38938598 -6.80679986 13.15938744 5.20238128 -7.04319308 15.36262484 3.21136292 3.39735196 -13.18164803 8.01188465 18.70633715 2.19808232 -10.17306659 25.59371827 -79.67753131 -44.47923048 -51.35407768 0.00001008 -16.72118843 0.00001869 -9.60184019 -5.97890965 -6.1373535 -1.24744113 -7.93275439 -8.11474313 -84.76878928 65.1551172 70.3767187 -0.00001059 19.74905823 -0.0000147 -4.68066063 13.06968634 11.32237883 -24.31181756 6.0817119 9.81892614 56.29125837 9.95915035 4.72757505 -35.813596 0.47754371 -9.49107045 -1.14986236 -0.00000222 -0.00000302 -37.53029799 -7.30430121 6.13953932 74.11579536 -15.09384665 -0.65138493 -0.10470776 -28.06664661 0.39022726 -29.51599582 -0.04201856 1.71550201
0.27810654 1.02539513 0.08393628 3.09812186 0.32238439 -6.66818268 6.967461 2.06919416 -3.04411255 13.32106757 5.260827 -6.35592662 13.2684736 5.06211677 -6.63215967 15.16997361 3.31039183 3.3053113 -13.48067609 8.40681964 18.96201507 1.96312565 -10.53097019 24.67999977 -79.49697583 -44.02002191 -51.34221728 0.00000587 -18.04329689 0.00003071 -9.70434766 -5.93625972 -6.28086533 -1.28232335 -8.49133292 -7.39972615 -79.29016077 66.94975203 63.1432992 0.00000565 20.13815487 -0.00001635 -5.0416854 12.9385775 12.20338994 -23.42144863 6.06102887 10.36158313 55.8632505 9.84819898 4.45920007 -36.79695872 -2.0919114 -10.51063578 -0.84903242 -2.8e-7 3.5e-7 -41.99352493 -5.93435784 5.36622639 74.92986058 -14.57135945 -0.28114632 1.6490494 -28.35777016 1.8326032 -27.7909135 -0.04173955 1.76444582
0.2706033 1.02360275 0.09058783 3.38773421 3.0005502 -6.27758252 7.01063411 1.92038109 -2.60773607 13.43434983 5.1280597 -5.85364086 13.39193319 4.91960263 -6.18073883 14.81121147 3.20607136 3.03566138 -13.98188428 8.09029802 18.21358022 1.79205886 -10.8991226 24.15924824 -79.3301264 -43.53881735 -51.32200799 -0.00001054 -19.48720676 6.1e-7 -9.76378124 -5.92569064 -6.28585161 -1.30578766 -9.09055948 -6.64584995 -73.13042228 68.41842494 55.05061675 0.00000417 20.53794787 -0.00001025 -5.57046979 12.64315742 12.91816228 -22.53687097 5.92818943 11.04210313 55.26164815 9.60207758 4.24250271 -37.64186458 -4.52961324 -11.66925267 -0.88320465 -0.00000136 3e-8 -45.3776202 -4.52997621 3.29935919 74.49020834 -14.20673158 0.12409888 2.00443126 -27.36825131 3.08434233 -25.88114172 -0.00298096 0.47131656
0.2609495 1.02207863 0.09636989 3.66030345 5.73854044 -5.8747522 7.06436179 1.79540842 -2.0195346 13.56465367 4.99203365 -5.29711534 13.53122368 4.77817559 -5.6845999 14.0826839 2.82908099 2.51960607 -14.69338641 6.7776374 16.26310006 1.80395481 -11.2712002 24.5810663 -79.16625968 -43.04525196 -51.29280633 0.00001347 -21.03937427 0.00002765 -9.75736189 -5.95469514 -6.10660811 -1.31445307 -9.72409095 -5.85377661 -66.42949971 69.51797243 46.26017115 9.7e-7 20.95834945 -0.0000021 -6.00787886 12.10355514 13.32814706 -21.74865206 5.52456399 11.65548536 54.56734517 8.59401169 4.18323798 -38.19317672 -6.06534968 -12.51547311 -1.07833638 -0.00000877 0.00000166 -47.31979125 -2.98965082 0.26172927 72.47275968 -14.14045783 0.2127717 0.69728782 -24.58862692 3.6984289 -26.7894474 0.00002105 0.00000618
0.24994542 1.02207207 0.10032624 3.91183729 8.5112855 -5.57596908 7.13144467 1.70356175 -1.27335355 13.71066899 4.85290686 -4.69151417 13.6839463 4.640167 -5.14703786 12.94268981 2.21867161 1.75711829 -15.65855087 4.5778616 13.33079449 2.02916022 -11.65561886 25.96772791 -78.989233 -42.54927217 -51.25507263 -0.00000302 -22.65901882 0.00000449 -9.6903343 -6.01792236 -5.75004042 -1.3028583 -10.37653442 -5.02355597 -59.35201221 70.22937396 36.96584816 0.00001053 21.41514552 -0.0000074 -6.26622209 11.49074192 13.4045684 -20.99637674 4.83624807 12.27456212 53.53505196 7.67954898 4.24774508 -38.37070431 -7.39740809 -13.48326725 -1.30449199 -0.00000878 0.00000362 -47.50317089 -1.74931228 -3.14963732 68.36750305 -13.11065044 0.05838144 -1.82708655 -21.67869461 3.44389494 -22.70898168 0.00001429 0.00000906
0.23813294 1.02227409 0.10258839 4.12761034 11.33319544 -5.19705716 7.2078586 1.6340643 -0.44770813 13.86568238 4.7144118 -4.04690955 13.84446229 4.50735485 -4.57642105 11.51405939 1.47273848 0.82651441 -16.89292613 1.83764231 9.8295 2.40114708 -12.02729969 27.96392153 -78.81383488 -42.04802456 -51.22361809 -0.00000352 -24.33526859 0.00001771 -9.58527471 -6.10150259 -5.27619969 -1.2705032 -11.04406832 -4.17239999 -52.26459199 70.54322227 27.55268294 -0.00000773 21.89048211 -0.00001324 -6.39333944 10.95994198 13.22987994 -20.37414437 4.07860353 12.80444493 52.41118729 6.65011298 4.36811994 -38.32603097 -8.57206704 -14.41998516 -1.70575254 -0.00000258 -0.00000178 -46.79074664 -1.05589119 -6.81899317 62.8087902 -11.82170016 -0.23189078 -3.98608863 -18.011389 3.00360477 -14.28194413 0.0000069 -0.00000503
0.2253246 1.02169556 0.10361439 4.30995816 14.40934544 -4.4925444 7.28657543 1.57212432 0.33442301 14.02575092 4.58401473 -3.3728727 14.01236942 4.38096904 -3.98074196 9.9396373 0.67476302 -0.16264551 -18.40937397 -1.11508752 6.07768227 2.82286791 -12.3105857 30.24157498 -78.69128254 -41.53170057 -51.22093989 0.00000596 -26.07971595 0.00001492 -9.45688566 -6.19473304 -4.74159693 -1.22653627 -11.73771623 -3.35141894 -45.93781169 70.50796307 18.78859761 -0.00000178 22.30884296 -0.00002047 -6.43304293 10.54307277 12.81574802 -19.98507081 3.41680659 13.1131668 51.3220265 5.30713497 4.51412074 -38.12027856 -9.7296415 -15.27765698 -2.17826933 0.00000101 0.00000363 -45.68649871 -0.87727663 -10.80662222 56.75111672 -10.95055553 -0.60262778 -5.18417402 -13.29383321 3.20095508 -7.40958149 0.00000883 0.00000304
0.21127148 1.02012543 0.10354834 4.44256238 17.8557391 -3.3952155 7.36180862 1.49572802 0.96652047 14.18587195 4.45827541 -2.70044943 14.18427516 4.2515016 -3.3890086 8.30581436 -0.14532255 -1.15246719 -20.15121292 -4.15414557 2.21071446 3.27236924 -12.50735432 32.66475054 -78.60574637 -41.02287385 -51.23127482 0.00000905 -27.82195023 0.00002759 -9.31332097 -6.29230746 -4.1749998 -1.17325678 -12.4444195 -2.57385481 -40.85017879 70.26417117 11.18417206 -0.00000449 22.65048807 -0.00003292 -6.46406663 10.1841011 12.14715739 -19.88603855 2.87195272 13.15946115 50.28496961 3.58690687 4.68562607 -37.7286189 -10.92026943 -16.0681533 -2.90648002 -0.00000272 -6e-8 -44.62918669 -1.00025718 -15.36753426 50.7530221 -9.90221079 -0.98925901 -4.42748924 -8.08173345 5.77726913 -2.83816616 -0.00000353 0.00000326
0.1952913 1.01679444 0.10338811 4.4844569 21.55500602 -1.85998525 7.42571172 1.37615442 1.358755 14.3199883 4.31090248 -2.10314225 14.32883605 4.09215915 -2.87152869 6.66007581 -1.01908241 -2.21256284 -21.87750542 -7.43449761 -1.79727991 3.86567391 -12.83887133 35.1994667 -78.38641602 -40.58680009 -51.19048809 -0.00000422 -29.39527013 0.00000514 -9.17418382 -6.38853914 -3.59704734 -1.08189924 -13.09781245 -1.71038032 -36.02779708 69.85646202 3.90879368 0.00001165 23.11774556 -0.00003853 -6.66703133 9.74296168 11.55516191 -20.03049586 2.44609801 12.93800161 49.36483246 1.54897695 4.88612593 -37.23253758 -12.09226917 -16.87769123 -3.66489891 0.0000019 0.00000619 -43.95472231 -1.21392828 -20.62478007 45.08287612 -7.63905781 -1.43995594 -0.51377684 -3.15367167 12.70391588 -1.393348 0.00000476 -0.00000177
0.17812671 1.01263542 0.10291444 4.40062969 25.39958112 -0.09807804 7.46767202 1.21873122 1.58538231 14.39905086 4.13331672 -1.60916644 14.41176955 3.89998372 -2.45314348 4.9980228 -1.97012431 -3.44178768 -23.50113299 -11.08214066 -6.03730559 4.66604804 -13.43143744 37.80721829 -77.95488428 -40.21939031 -51.11255844 0.00000521 -30.82877002 0.0000331 -9.05387099 -6.47953931 -3.02315825 -0.92616431 -13.66949312 -0.65143506 -30.25108625 69.09052638 -4.13825415 0.00000531 23.89680519 -0.00002233 -7.02109868 9.11693482 11.57647678 -20.37597784 2.07784359 12.59703691 48.48697927 -0.66731288 5.10404306 -36.54408419 -13.27146774 -17.71489266 -4.4243972 -0.00000172 3.2e-7 -43.82943622 -2.02988503 -25.26146392 40.04930073 -2.33287047 -1.85098202 2.95123697 -1.82505978 17.02112149 -0.94349066 -0.00000278 -0.00000117
0.16053596 1.00870605 0.10202498 4.18600905 29.23185081 1.69917051 7.49566965 1.08705878 1.86791732 14.47507112 4.01258524 -1.03450965 14.5003228 3.7626962 -1.95003673 3.28371416 -2.85728994 -4.58370037 -25.65821319 -14.31443847 -10.3345787 5.26172648 -13.59532827 40.33394949 -77.81751688 -39.733282 -51.22326928 0.00001747 -32.60341009 0.00003385 -8.90882447 -6.57298705 -2.44226136 -0.79000091 -14.33020265 0.20396579 -26.15508085 68.19135263 -10.63039969 0.00000382 24.40443053 -0.00000966 -6.90978244 8.62316981 11.59735372 -20.76209144 1.75244906 12.26413889 47.40962598 -2.86328124 5.313482 -35.65964567 -14.4750332 -18.63591235 -5.1529991 0.0000032 0.00000338 -44.55118143 -3.12593541 -29.16897779 35.78578232 2.4557902 -2.25430468 6.21126176 -0.39053677 18.75693532 -0.48173615 0.00000943 0.00000501
0.14297401 1.00534543 0.10081937 3.8543649 32.91475082 3.41146142 7.54969529 1.0655899 2.46088571 14.70611626 4.08657091 -0.05703526 14.7878557 3.80653361 -1.04640359 1.68799385 -3.38343691 -4.82444693 -29.02796362 -15.31387978 -13.75150598 4.8729088 -12.07624737 42.42544199 -78.78685337 -38.97184753 -51.67804195 0.00000595 -34.99261637 0.00003974 -8.65728306 -6.6802451 -1.84876333 -0.87680142 -15.33263871 -0.06707831 -30.74753215 68.58925799 -9.25860868 -0.00000209 23.2227884 -0.00000295 -5.78481108 9.05344109 8.97342754 -21.10216286 1.45851871 12.01612287 46.06659751 -4.88315211 5.50454328 -34.63981809 -15.70799202 -19.6861162 -5.83304336 -0.00000248 0.00000585 -45.56104134 -4.55315014 -32.38166735 31.27870238 6.97222061 -2.62949079 9.77702698 1.06112388 19.24040699 -0.01398423 0.00000742 0.0000014
0.12304076 0.99335631 0.10263284 6.99996344 34.08647409 0.91951352 7.66692183 1.11631047 3.28094294 15.17305335 4.31285121 1.31432942 15.36242508 3.9831098 0.2451109 0.76944881 -3.43805978 -3.48690953 -32.74168734 -13.54347835 -14.59028552 3.50730167 -9.03116689 43.8254769 -80.56450029 -38.26654787 -51.96437316 0.00000897 -36.80352001 0.00003269 -8.32527549 -6.78668692 -1.33308531 -1.26133018 -16.51812328 -1.79051722 -50.5215255 69.93854265 6.81783929 -6.8e-7 19.80654894 -0.0000233 -4.65240921 10.66748158 1.55153588 -26.61089015 2.02974494 15.04937758 49.61144944 -4.98742668 4.70965806 -32.67425295 -12.25222713 -20.04371627 -7.22486066 -0.00001112 7.2e-7 -50.66283607 -2.94762141 -31.37357276 38.45132633 5.04620269 -1.72773702 6.4390076 0.29625896 17.72203609 -0.00003241 4.9e-7 0.00000411
0.10634525 0.98872041 0.103244 9.196042 34.36906025 -0.78241601 7.81565755 1.10543364 4.06679394 15.69684338 4.37853997 2.57310949 15.99244489 3.99793813 1.43443153 1.13372568 -3.23965938 -0.92667025 -34.9806359 -11.28210838 -12.09850673 2.43285202 -6.84712512 44.45137036 -81.59149125 -38.50000651 -51.17383369 0.00001395 -35.89859006 0.00004553 -8.09572092 -6.85009887 -1.06489807 -1.70053889 -17.19595102 -3.93123102 -77.57304173 68.12124807 31.58250753 0.00000859 15.73248292 -0.00002998 -5.56785695 12.28730205 -8.33388566 -29.72527828 2.88490276 17.41493108 50.80860122 -5.24418748 3.98935352 -30.6100072 -9.69079726 -20.32793676 -8.12334373 -0.00001007 0.00000595 -53.66070766 -2.17464177 -30.16041888 42.22669393 3.9597691 -1.0441414 4.43033357 -0.04293292 16.31913074 0.00001122 -0.00000509 1e-8
0.09378801 0.99112083 0.10196141 10.70900532 34.27468296 -1.68735532 7.90902354 0.92300091 4.49670277 15.98592535 4.0164594 3.29532447 16.32908623 3.61062198 2.1281545 2.83587917 -3.03568704 1.79350073 -34.80115692 -10.76254485 -7.72278875 2.74265416 -7.51623118 44.27228088 -80.86730382 -40.16549682 -49.06402767 0.00000251 -31.73708336 0.00002234 -8.10507808 -6.84896734 -1.1182546 -1.89940789 -16.88768443 -5.26996715 -93.27916898 64.39617843 47.19299155 -9.5e-7 13.03967858 -0.00000443 -8.50722678 12.30217235 -14.81059232 -30.68475374 3.69198361 18.57086786 49.74032425 -5.48964771 3.48553157 -28.80501438 -7.8704486 -20.54365651 -8.05377998 -0.00000668 0.00000978 -55.07628233 -2.03166515 -29.32020311 43.41964932 3.52146598 -0.47873513 3.46315592 -0.14640412 15.17370643 -0.00094718 0.00000142 0.00000488
0.08530724 0.99822997 0.09835907 12.10793953 34.19978403 -2.18204208 7.8987547 0.61911302 4.56807448 15.94363761 3.32658854 3.53032899 16.27661664 2.92729435 2.38152223 5.14206168 -2.94340149 3.80812966 -32.76959154 -11.92500724 -3.65422606 4.14263783 -10.33089437 43.72102876 -79.04609547 -42.60119028 -46.53500055 0.00000702 -26.28519676 0.00002857 -8.28466987 -6.80746325 -1.37722138 -1.85256108 -15.96404139 -5.6787794 -97.80648968 63.35189989 52.63862558 0.00000354 12.26770616 -0.00001053 -9.98946494 10.32254323 -13.74672819 -30.33199608 4.22877458 18.52716375 46.94663028 -5.70849398 3.18308293 -27.25626247 -6.33868408 -20.65901311 -7.03019482 -0.00001767 0.00000365 -55.70375344 -2.27912304 -29.0653768 42.95471006 3.35179713 0.05891017 3.22747572 -0.12837582 14.22482862 -0.00290132 0.0000015 -0.00000856
0.0797472 1.00670967 0.09291082 13.55657421 34.11604637 -2.56944084 7.84204436 0.32714899 4.47969041 15.77014253 2.66822038 3.55440839 16.07742236 2.28226694 2.43253819 7.00342247 -2.98555069 4.82602573 -30.47194682 -13.58956225 -1.13295058 5.46129681 -12.92407281 43.37989289 -77.97744658 -44.78667962 -45.17342139 -0.00000273 -22.11198418 0.00000916 -8.46056584 -6.7653951 -1.6495357 -1.77200589 -15.29618479 -5.75728529 -96.32359259 65.35305962 51.95620173 -0.00001321 12.64230686 7.1e-7 -6.88641267 7.55840743 -5.58023109 -29.41586031 4.66213139 17.99661939 43.3126388 -6.01481143 2.88050927 -25.88163663 -4.69985755 -20.62012277 -5.6471597 0.00001253 -6.4e-7 -56.1046661 -2.61765953 -29.02426732 41.82959333 3.19596633 0.52868888 3.34403018 -0.10138668 13.4363221 -0.00262525 -0.00000108 0.00000448
0.07592313 1.01408883 0.08647144 14.64198877 33.82990578 -2.81676498 7.83943141 0.13139772 4.40798007 15.74368138 2.3121054 3.53632959 16.040846 1.91589606 2.39990397 7.87179973 -3.09456976 5.03818216 -29.19955065 -14.96706301 -0.03807625 5.90374949 -13.75889026 43.45002846 -78.82045087 -46.25261916 -45.82418324 0.00000163 -20.33949094 0.00002168 -8.54007955 -6.73911158 -1.83220744 -1.80114422 -15.42022012 -5.87567815 -92.77156246 68.24476473 48.80533649 -0.00000373 13.29303191 -0.00001897 -0.89268493 5.77973892 5.3697035 -28.08863507 5.35829861 17.71747887 39.55879662 -6.28099577 2.42595819 -24.83555445 -3.26227839 -20.54066943 -4.54086871 7.4e-7 0.00000353 -56.28357111 -2.86600764 -28.77184461 40.76593827 3.07159368 0.83316904 3.48359069 -0.09816196 12.80681564 -0.0016354 0.00000166 -0.00000232
0.07320181 1.01923112 0.07950074 14.98448504 33.35066565 -2.84225398 7.92636703 0.03286198 4.41469822 15.9520307 2.26589642 3.4828233 16.2554101 1.83118221 2.27858555 7.99390182 -3.15120586 4.85801686 -29.13883439 -15.90352386 0.62902461 5.60793361 -13.12108017 43.86044813 -80.89727325 -47.05404259 -47.73144187 0.00001026 -20.54403485 0.00003867 -8.55514046 -6.72015617 -1.93588983 -1.91770256 -16.18144012 -5.98334457 -90.70215039 70.3647912 46.85448605 0.00000601 13.85605808 -0.00002225 2.80239261 5.36722158 13.92180725 -26.44658573 6.35898875 17.9587703 36.29008727 -6.42567273 1.90259586 -24.24871239 -2.58867676 -20.57190706 -3.92376812 -0.00000322 0.00000134 -56.1005755 -3.05555201 -28.26281251 40.12888299 3.0807754 0.99397586 3.45665887 -0.10778765 12.30920721 -0.00123883 0.00000357 0.00000353
0.07134557 1.02207749 0.07193573 14.63934228 32.80752223 -2.70560174 8.06114352 0.00452835 4.47895882 16.280972 2.37701335 3.35292221 16.59118073 1.89731677 2.06280616 7.92326604 -3.06366844 4.64079752 -29.62693717 -16.48683879 1.91969424 5.16084201 -12.16974715 44.40779692 -82.88246414 -47.43206512 -49.56325203 0.00000432 -21.96812744 0.00001011 -8.5597686 -6.70395347 -1.97692986 -2.04683631 -17.09091514 -6.01968422 -91.06173285 71.31764738 47.30632614 -7.5e-7 14.27809552 -0.00000843 1.52382337 5.25172062 17.58310078 -25.22162613 7.185081 18.6466036 34.6629744 -6.61938079 1.52920282 -23.80832187 -2.87786496 -20.72001096 -3.59718788 -0.00002955 0.00000374 -55.62556258 -3.29244671 -27.69488169 39.96579604 3.26746952 1.13512146 3.24289656 -0.12074708 11.86978059 -0.00143732 0.00000387 0.00000195
0.07001298 1.02328712 0.0637719 13.90404171 32.22220298 -2.4996075 8.19587247 0.03176723 4.54106929 16.59182377 2.52731663 3.13085034 16.89653006 2.02012286 1.77863226 7.89895035 -2.80077726 4.56035627 -29.8426071 -16.71020326 4.31171802 4.93547524 -11.66172796 44.91447233 -84.17113255 -47.4307631 -50.6860095 0.0000063 -24.35404808 0.00002623 -8.55161541 -6.70278648 -1.9180584 -2.16750209 -17.8271644 -6.11607433 -92.0008713 71.43398663 48.50008047 -5.1e-7 14.50197549 -0.0000108 -1.96665372 5.08108072 16.25406645 -23.90944442 7.78356282 19.36503291 33.55353786 -6.78345549 1.46354463 -23.84108221 -3.49479046 -21.05584854 -3.3069324 0.000015 0.00000214 -55.04627212 -3.59931018 -27.15416624 40.12956171 3.60514685 1.31276022 2.92176788 -0.13314631 11.42105002 -0.00185928 0.00000371 2.8e-7
0.06877722 1.02335793 0.05528996 13.04885271 31.54525036 -2.27786021 8.31532638 0.11816956 4.5740798 16.82773294 2.70585425 2.82705006 17.11349619 2.19532372 1.44777658 7.75402827 -2.40802623 4.67165506 -29.39462782 -16.43829129 7.50630507 4.93953919 -11.62109574 45.28779028 -84.79220084 -46.94028965 -51.15184822 -0.00000213 -27.78596847 0.00001307 -8.5154182 -6.72419634 -1.74851502 -2.29380864 -18.34881091 -6.38600027 -92.08126729 71.1942796 48.96757612 -0.00000107 14.44951812 -0.00000771 -3.3093961 5.44578044 11.55773718 -22.56770682 8.10256433 19.89953568 32.81290017 -6.9855008 1.72680818 -24.16139316 -3.84389404 -21.46812158 -3.01377752 0.00002381 0.00000167 -54.53308586 -3.87140475 -26.57233169 40.54194054 3.99345954 1.47095941 2.53176414 -0.14371292 10.96654865 -0.00256371 -0.00000269 4.4e-7
0.06719682 1.0224128 0.04683863 12.30862663 30.79593756 -2.14240924 8.41155944 0.25841398 4.59528988 16.9743058 2.93423804 2.47469119 17.23480373 2.43697937 1.0879983 7.28035674 -2.00700204 4.96853245 -28.52733596 -15.67614149 10.65816472 5.00784831 -11.75665292 45.32186187 -84.76891671 -46.14779618 -51.05391433 0.00000749 -32.15459361 0.00002963 -8.49878544 -6.74840332 -1.56987981 -2.41488521 -18.69368559 -6.75340632 -91.48513712 70.86833741 48.72899853 0.00000333 14.14787641 -0.00001645 -1.48718412 6.30016315 6.45076531 -21.43128266 8.24600283 20.30101245 32.4625574 -7.06288081 2.18488825 -24.63321174 -3.87379849 -21.9288039 -2.82726202 0.00000608 -0.00000122 -54.23314892 -4.0088551 -25.87523126 41.21556412 4.28654452 1.57537162 2.05601319 -0.15276588 10.53012312 -0.00328117 -0.00000119 -0.00000325
0.06480845 1.02076904 0.03870487 11.91503199 30.03357605 -2.25181599 8.46466473 0.42486944 4.62345293 17.01023476 3.18683273 2.12239846 17.24567418 2.71092279 0.7329171 6.52282415 -1.72783833 5.35576237 -27.79115582 -14.79766312 12.99696192 4.98272965 -11.82002774 44.70823247 -84.00424462 -45.58445079 -50.32294365 0 -36.94250422 0.00001608 -8.58565463 -6.74304156 -1.52972163 -2.50156936 -18.84617003 -7.09056848 -90.87610462 70.52405305 48.32636371 0.00000793 13.73352996 -0.00001484 0.9480563 6.85340969 3.57231389 -20.74301809 8.39149211 20.84670163 32.30732041 -7.0644105 2.60438259 -25.1269722 -3.91997686 -22.43261934 -2.7646491 -0.00001933 0.00000554 -54.30310658 -4.03810103 -25.04569493 42.1274348 4.46626387 1.71353995 1.48955142 -0.20802207 9.92410758 -0.00380267 -0.00000126 9.8e-7
0.061096 1.01895096 0.0312537 11.94885382 29.28712003 -2.65277507 8.46924222 0.58420905 4.64734891 16.94118096 3.40896575 1.80069581 17.15310021 2.95783921 0.41031703 5.72946722 -1.61483666 5.66675598 -27.53077301 -14.29595208 14.37128899 4.79199662 -11.66986392 43.45260383 -82.57808768 -45.57521509 -48.9787762 0.00003084 -41.39561194 0.00005304 -8.78726505 -6.69884029 -1.66866708 -2.55288442 -18.79773033 -7.40652148 -90.42631863 70.14386626 47.94328286 0.00000191 13.33888107 -0.00001141 1.33541905 6.73987249 3.74333404 -20.51670745 8.69912202 21.74851231 32.00280019 -7.10098206 2.80178783 -25.5026099 -4.26104013 -22.99375273 -2.66890455 -0.00000175 -9.7e-7 -54.89794414 -4.03521847 -24.10231201 43.38750732 4.52486911 2.0124491 0.77187718 -0.23589284 8.55905331 -0.00378749 -0.00000817 0.00000532
0.05569042 1.01743042 0.0247644 12.22299625 28.57547601 -3.2191297 8.45902225 0.71945599 4.64195653 16.84085411 3.58336146 1.49513404 17.02839535 3.15624386 0.10563953 5.12872015 -1.6085425 5.77575917 -27.69381004 -14.33850315 15.16491419 4.49200292 -11.30728435 42.12019325 -80.8886727 -45.8428382 -47.29346233 0.00000989 -44.8073418 0.00003755 -8.99906983 -6.64153666 -1.87908752 -2.59953446 -18.62302212 -7.80313238 -89.84107414 69.66385476 47.40441131 -0.00000163 13.01761656 -0.00001499 -0.62336261 6.34993377 5.65486084 -20.45830958 9.21424124 22.98275404 31.25643721 -7.25505445 2.78167303 -25.65739269 -4.88426588 -23.63569233 -2.34849173 -0.00000134 -5.2e-7 -55.54557979 -4.16656094 -23.16098938 44.42889691 4.59012124 2.47385184 0.09785013 -0.23948813 7.3385929 -0.00358439 -0.00000464 -0.00000336
0.04854612 1.01602745 0.01917415 12.45066076 27.96862488 -3.77144817 8.47687936 0.83524434 4.61685326 16.79814375 3.73908711 1.16885158 16.95821153 3.33193816 -0.2228423 4.79136818 -1.62435439 5.66064816 -27.96845013 -14.71463898 15.76181887 4.24588276 -10.93348237 41.40002412 -79.45183222 -45.80600394 -45.66480882 0.00001176 -46.77308334 0.00004101 -9.09082539 -6.60596814 -2.02135907 -2.6636502 -18.43911424 -8.3008652 -88.91971035 69.01802039 46.63394972 0.00000216 12.76211574 -0.00001955 -3.37192792 6.19487461 7.31353929 -20.25511396 9.81189762 24.3314666 30.0798137 -7.49978332 2.74403284 -25.62455771 -5.60191531 -24.41800075 -1.74772689 -0.00001386 4e-8 -56.04224529 -4.39257747 -22.22926106 45.3778308 4.64192539 2.97457478 -0.60078098 -0.23331636 6.34116565 -0.00343235 0.00001224 4.6e-7
0.03987784 1.01441146 0.01422014 12.56496256 27.54332626 -4.24302944 8.52070642 0.93753852 4.59191132 16.81395446 3.89337583 0.81958394 16.94378762 3.50440017 -0.57865426 4.62612643 -1.64209119 5.34693112 -28.00546043 -15.14427047 16.13884348 4.19543068 -10.81924833 41.44578671 -78.55684713 -45.15861694 -44.39539532 0.00002363 -47.36620505 0.00005919 -9.02159652 -6.60634673 -2.03906687 -2.73260149 -18.31312889 -8.77785377 -87.85101626 68.2408677 45.84959575 -0.00000314 12.55019148 -0.00001258 -5.20877212 6.35230779 7.67172584 -19.80189843 10.28954095 25.51304757 28.59596322 -7.73321781 2.93135876 -25.48409595 -6.21966007 -25.39812903 -1.00359442 -0.00001543 0.00000214 -56.41536738 -4.60539463 -21.29170066 46.43534536 4.55652143 3.39883915 -1.39733856 -0.22555783 5.49157582 -0.00335518 0.00000117 0.00000656
0.03015983 1.01222977 0.00971356 12.78768199 27.3638701 -4.75379114 8.53453425 1.02841015 4.59918394 16.78533514 4.01713957 0.51535781 16.88616431 3.65155862 -0.88437512 4.44340503 -1.73077073 4.85606774 -27.5894159 -15.56515294 15.88610635 4.34502706 -11.06726068 41.78449199 -78.20629505 -44.04534574 -43.67297912 0.00002527 -47.10716272 0.00006248 -8.85037935 -6.63544762 -1.94920627 -2.77137635 -18.23632338 -9.05185298 -86.93112826 67.52922121 45.24255189 -0.00000612 12.36780959 8.9e-7 -5.36772687 6.51048786 7.0099995 -19.30292318 10.42835116 26.36645648 26.99566259 -7.88544161 3.5007636 -25.33569905 -6.61838724 -26.58454103 -0.36838714 -0.00000515 -0.00000395 -56.8790272 -4.74594326 -20.38408214 47.68304042 4.23046682 3.75473021 -2.32006145 -0.21434153 4.76562557 -0.00363124 0.00000142 -0.00000207
0.01984095 1.00964493 0.00587254 13.34901777 27.54299796 -5.44669366 8.46630168 1.10952952 4.66758156 16.61930842 4.07785792 0.36853033 16.70060217 3.74414043 -1.0184273 4.0666212 -1.99239293 4.24950698 -26.77675428 -16.17506657 14.555905 4.6064661 -11.58644238 41.89686901 -78.29875486 -42.75218477 -43.62107063 0.00001328 -46.65795124 0.00004564 -8.65560234 -6.68321876 -1.77137533 -2.74977935 -18.17975617 -8.9814317 -86.19463752 67.13379178 44.65375056 0.00000328 12.21074351 -0.00001924 -4.20642579 6.38581733 6.27331135 -18.94000956 10.14290893 26.87050937 25.215657 -8.05097345 4.47789127 -25.13909351 -6.79458738 -27.94212785 -0.34631957 -0.00000592 0.00000564 -57.50558849 -4.86508176 -19.64080144 48.99424603 3.65416726 4.12598688 -3.36067897 -0.20394738 4.34459781 -0.00468936 -0.0000012 -0.00000158
0.00914416 1.00696686 0.00306226 14.16602134 28.24879828 -6.26464602 8.32732899 1.18239051 4.82855543 16.35328189 4.10107955 0.46092993 16.43466767 3.80070769 -0.90662592 3.46292695 -2.46966998 3.67928082 -25.96709003 -17.20932698 12.02045565 4.92783158 -12.2855588 41.70257537 -78.66293801 -41.41105737 -44.1484909 0.00001978 -46.42698716 0.00005118 -8.47584767 -6.74355501 -1.51815454 -2.66068099 -18.14979641 -8.52767207 -85.47453991 67.15394871 43.74499104 -0.00000164 12.08442605 -0.00001251 -2.74673898 6.01595448 6.10923845 -18.61120646 9.55004281 27.08447139 22.99093086 -8.33282118 5.74660156 -24.74786376 -6.96190706 -29.47531151 -1.02119731 -3.7e-7 0.00000321 -58.10575774 -5.03629446 -19.25962202 50.28670027 2.90214594 4.54283514 -4.54914822 -0.21778695 4.45585258 -0.00529686 -0.00000275 -0.00000285
-0.00178365 1.00431313 0.0011721 14.85302273 29.51856212 -6.93505309 8.18149486 1.25139896 5.12153244 16.12929154 4.16321317 0.78566005 16.23646496 3.88664515 -0.57799608 2.79500467 -3.09945244 3.32961117 -25.71808219 -18.62618702 8.57339422 5.33044813 -13.15601321 41.48681938 -78.99899454 -40.08877384 -44.8507439 0.00002592 -46.39970628 0.00006328 -8.32634417 -6.80362285 -1.24988318 -2.52104059 -18.16953685 -7.77641525 -84.72452821 67.46340086 42.43635272 0.00000667 12.00627265 -0.00000423 -1.88783777 5.65725153 6.38182732 -17.94456941 8.95069531 27.11453842 20.08677995 -8.72120708 7.02234746 -24.0722316 -7.43448538 -31.16799241 -1.67760814 6.4e-7 0.00000551 -58.66126641 -5.26013357 -19.25126747 52.04182306 2.01917467 4.94460947 -6.06807842 -0.20468306 4.06873977 -0.00377703 0.00000256 0.00000199
-0.0127569 1.00195076 -0.00025614 15.09883003 31.1151714 -7.17696966 8.07291827 1.32079763 5.56043235 16.03518364 4.31162879 1.25861092 16.19020645 4.04579376 -0.12866433 2.3266028 -3.74554085 3.28638644 -26.31327654 -20.05236883 4.80866057 5.80865111 -14.13720833 41.46994051 -78.97630329 -39.035382 -45.24904713 0.00001391 -46.32398495 0.00005 -8.24104088 -6.83813756 -1.09469887 -2.35791086 -18.20656007 -6.90584857 -84.1426841 67.84687374 41.05867486 -1e-8 11.99600204 -0.00002325 -1.8440583 5.46606508 6.52907446 -16.80672365 8.59473202 27.12727003 16.92487729 -9.31439931 7.86152899 -23.33602773 -8.13600913 -32.15591327 -1.72105291 0.000009 -0.00000216 -58.8693842 -5.50763422 -19.53955701 53.94611854 1.21270747 5.23206121 -7.71678559 -0.23228366 3.58249379 -0.00162805 -0.0000047 1e-7
-0.02295037 0.99983421 -0.00194971 15.01929512 32.65852974 -7.09465635 7.978493 1.38440451 6.07705943 15.99991444 4.497613 1.7799844 16.21195643 4.23673917 0.35828911 2.25053725 -4.27167427 3.47342116 -27.48904938 -21.10111677 1.44331376 6.26429725 -15.03781139 41.58393018 -78.38534154 -38.66703104 -45.08379363 0.00000832 -46.03713069 0.00004879 -8.27472577 -6.81962107 -1.1840287 -2.19404703 -18.13909737 -6.11287074 -83.92007788 68.15934559 40.02729716 -0.00000119 12.04826562 -0.00000739 -2.21537339 5.36230726 6.24075989 -15.95356487 8.27992995 27.06023886 15.24131068 -9.21584956 8.3734636 -23.32723146 -9.23764387 -32.15504573 -1.75028147 -0.00000235 0.00000254 -58.8188241 -5.7371305 -19.88106666 55.72876458 0.48034912 5.40829017 -9.28257579 -0.24323891 3.16506676 -0.00038936 9.9e-7 0.00000116
-0.03193666 0.99864243 -0.00388041 15.0511652 33.91777088 -6.98523954 7.84353352 1.4223441 6.51894629 15.87256495 4.60879325 2.28068299 16.13593829 4.35632768 0.84709206 2.58383935 -4.59858252 3.7266272 -28.60839464 -21.64204966 -0.9487238 6.58434772 -15.68425834 41.60338474 -77.1627389 -39.25743438 -44.32065009 0.00002201 -45.59637887 0.00006904 -8.46231175 -6.73589315 -1.56205588 -2.04534865 -17.8224505 -5.55600499 -83.99975237 68.33868306 39.50223333 -0.00000252 12.11026333 -0.00001145 -2.50227042 5.20128761 5.68145712 -15.4366854 8.05519991 26.93591486 14.46800684 -8.70139704 8.60196238 -23.43650255 -9.94488725 -31.31981507 -2.66136492 -0.00000981 0.00000573 -58.76274031 -5.93501793 -20.11765004 57.12845849 -0.1923143 5.55890316 -10.63136841 -0.22835791 2.77496443 -0.00010083 -0.00000927 0.00000172
-0.03971147 0.99885979 -0.00571785 15.42566172 34.85442492 -7.03688825 7.64949887 1.41316761 6.7355984 15.58241206 4.57399143 2.7273823 15.88368301 4.33358832 1.32324244 3.20231775 -4.71495245 3.93348645 -29.04207921 -21.6653931 -2.25131961 6.7520067 -16.08567631 41.39357423 -75.38921333 -40.65019189 -43.05305069 0.00001531 -45.13740769 0.00005835 -8.77845144 -6.60001196 -2.14872367 -1.92326348 -17.2150517 -5.3110471 -84.27176476 68.37499341 39.52811128 0.0000081 12.1160189 -0.00002074 -2.44341775 4.97086366 5.16161675 -15.40010825 7.72401971 26.86596109 14.12514686 -8.58850502 8.68764894 -22.03364485 -9.97576611 -31.37508193 -4.18136736 -7.1e-7 0.00000654 -58.79315449 -6.12627693 -20.20978732 58.04388065 -0.7994911 5.75544359 -11.7478842 -0.18824065 2.36358367 -5.5e-7 -0.00000534 -0.0000016
-0.04652034 1.00052147 -0.00706421 15.93081695 35.47919669 -7.17368452 7.42589642 1.34682699 6.68921774 15.18430743 4.41353383 3.12272408 15.51372994 4.18026343 1.77914098 3.96837796 -4.65678017 4.10163378 -28.44192795 -21.04526262 -2.89122883 6.85146104 -16.40132288 41.01998326 -73.35569288 -42.24861697 -41.57625886 0.00000904 -44.70573584 0.00003529 -9.13453386 -6.44845571 -2.77525416 -1.82870066 -16.45549731 -5.29472574 -84.92346969 68.38154123 40.36259562 -0.00000235 12.07580051 -0.00000185 -1.86433238 4.71275693 4.80583146 -15.45951825 7.41120655 26.68385175 14.06046177 -8.34841151 8.8172438 -20.3633957 -9.39200938 -30.84935155 -5.5206882 -0.00000816 0.00000178 -58.72277395 -6.37456949 -20.13941399 58.51863945 -1.28227624 6.01820505 -12.69474489 -0.12193225 1.87210579 0.00000376 -0.00000276 0.00000164
-0.05249895 1.0036531 -0.00748806 16.24052842 35.85297457 -7.24810545 7.20225694 1.22095321 6.48259066 14.76322789 4.17422117 3.51799237 15.11991707 3.93697234 2.24308548 4.83538976 -4.49375569 4.30079598 -26.87722335 -19.6912851 -3.57472107 6.98840637 -16.79265166 40.67739531 -71.57359825 -43.32705124 -40.45995097 0.00002877 -44.25873981 0.00006425 -9.41849215 -6.32702769 -3.26169891 -1.74766622 -15.80969283 -5.25017218 -86.37735941 68.6370677 42.38933609 2.8e-7 12.11952214 -0.00000259 -0.47643998 4.30826581 4.6523069 -15.45596906 7.17339041 26.42907194 14.56529158 -7.80928919 8.99808233 -19.12127776 -8.2461593 -28.76774533 -6.49520381 -0.00000785 0.00000331 -58.26084506 -6.76192598 -19.91436194 58.59750216 -1.6114509 6.35566286 -13.54546914 -0.02284322 1.27025903 -0.00038938 0.00000136 0.00000377
-0.05731682 1.00817024 -0.00706502 16.27142003 36.18872935 -7.26350256 6.9781988 1.02863577 6.28013735 14.35221958 3.84458774 3.99211914 14.74042833 3.59635581 2.78158608 5.82546181 -4.32351787 4.55809714 -24.81164839 -17.91339215 -4.81147222 7.22353504 -17.33352185 40.52815678 -70.55236625 -43.48270382 -40.26327514 0.00001675 -43.74284346 0.00005833 -9.55382379 -6.26852549 -3.49767824 -1.66857738 -15.51803166 -4.93990546 -88.88476261 69.38745303 45.70248562 0.00000249 12.39758611 -0.00000899 1.84333015 3.53335436 4.92794438 -15.36983978 7.02660095 26.17008966 15.45687764 -7.18967785 9.1291419 -17.62804562 -6.41590147 -26.09530019 -7.5374778 -0.00000501 0.00000224 -57.28144349 -7.3366901 -19.64030451 58.32168118 -1.86025302 6.76703453 -14.34901131 0.08918452 0.63521131 -0.00096873 0.00000122 0.00000322
-0.0606437 1.01400376 -0.0064729 16.10991677 36.77166393 -7.2132865 6.75177246 0.7665333 6.19451832 13.96306019 3.37721638 4.57896809 14.3842595 3.11985122 3.42981047 6.909668 -4.2411228 4.82489141 -22.88384244 -16.37318412 -6.5689551 7.55094057 -18.00123953 40.58490138 -70.47576693 -42.88841328 -41.07755923 0.00001066 -43.08741456 0.00004515 -9.53774151 -6.27498929 -3.48852358 -1.60838832 -15.6596329 -4.41636861 -92.23491717 70.55813287 49.88209372 0.00000363 12.91390225 -0.00002073 4.61060492 2.37348291 5.93223397 -15.30704368 6.88144127 25.73840502 16.58244963 -6.53309241 9.19404052 -15.40846633 -3.77411267 -23.7628948 -8.99535399 -0.00001183 0.00000707 -55.85522694 -8.05330389 -19.51248034 57.74662475 -2.15590949 7.18201352 -15.10465856 0.1741324 0.11817703 -0.00106179 4e-8 0.00000182
-0.06248166 1.02106477 -0.00653034 15.73967455 37.66487329 -6.91950332 6.55150126 0.45744634 6.22267704 13.64057534 2.79505026 5.21320561 14.08930266 2.53442949 4.12382215 7.9521254 -4.2885243 5.033066 -21.58645712 -15.57442547 -8.42266793 7.90890426 -18.69511056 40.73953447 -71.14179841 -42.11355524 -42.49272935 0.00001113 -42.1807657 0.00004212 -9.43031987 -6.32018894 -3.33676274 -1.60664247 -16.12222432 -4.01388187 -95.77250786 71.7707972 54.13553584 -0.00001144 13.48982926 0.00000179 6.94850382 1.10835101 7.55265475 -15.06580002 6.78545493 24.88258376 17.51097079 -6.06025891 9.20546184 -12.44006778 -0.38070977 -22.5430339 -10.28952547 -0.00000777 0.00000351 -54.09879017 -8.79946991 -19.63594911 56.92990827 -2.52774508 7.47333447 -15.76193791 0.20402751 -0.19272567 -0.00037527 0.00000104 -8.9e-7
-0.06297544 1.02884516 -0.00771584 15.03728642 38.54183832 -6.23551106 6.41502628 0.16017675 6.27452811 13.4323122 2.23279767 5.76482942 13.89784664 1.97129405 4.72820112 8.8076003 -4.42915555 5.1524756 -21.03273175 -15.48520838 -10.01747836 8.2180421 -19.28075604 40.89346263 -72.17233984 -41.64953014 -44.00248018 0.00001367 -40.97144708 0.00005643 -9.30717802 -6.37010459 -3.16981205 -1.68006319 -16.67544495 -4.00083695 -98.86435917 72.67781156 57.81215669 4.4e-7 13.92185739 -0.00001037 8.42404112 0.00984033 9.15279305 -14.35871302 6.83520444 23.63037548 17.90331119 -5.00868242 9.18647334 -9.34679444 2.36771949 -22.85202791 -11.26164687 0.00001948 0.00000345 -52.10793796 -9.47425817 -19.84639818 55.92862396 -2.86567978 7.56054322 -16.26179397 0.19837571 -0.33936275 -0.00008751 4e-8 0.00000146
-0.06247598 1.03691455 -0.00964389 14.02683412 38.90828649 -5.23674727 6.34518871 -0.06068746 6.24926171 13.3228578 1.83851454 6.13559176 13.79413748 1.57375696 5.13963895 9.453713 -4.57778808 5.18846353 -21.01378514 -15.63940415 -11.30906684 8.43123082 -19.67068348 41.02743426 -73.17936739 -41.57474387 -45.28655156 0.00000742 -39.6015743 0.00004031 -9.21610479 -6.40356603 -3.06783581 -1.79036797 -17.0900871 -4.30439504 -101.53268515 73.20089937 60.96769741 -0.0000032 14.15496899 -0.00000769 9.43628002 -0.88233174 10.08781973 -13.11618288 7.07107901 22.22542285 17.73160446 -2.63702627 9.13100535 -6.8399737 3.11576129 -24.12320167 -12.13582529 -0.00001824 -0.00000478 -49.97832268 -9.99336842 -19.80378546 54.72761131 -3.03109096 7.45908283 -16.56614851 0.19533259 -0.45515286 -0.00007558 0.00000364 0.00000246
-0.06135977 1.04502149 -0.01165483 12.94440327 38.51177766 -4.20360062 6.30672255 -0.1806042 6.11506416 13.24283489 1.6503654 6.32771693 13.7127649 1.37910383 5.3626021 9.99360054 -4.66500967 5.14867163 -21.25168749 -15.54740446 -12.46163215 8.56065682 -19.89308424 41.14490137 -73.82637257 -41.64881401 -46.17250123 0.00002568 -38.33418234 0.00005081 -9.16752506 -6.41762201 -3.0422288 -1.87511236 -17.24146905 -4.6465472 -104.31787927 73.44227986 64.16517636 -0.00000316 14.27876303 -0.00002179 10.57223847 -1.62277428 10.18959581 -11.58551566 7.44538709 20.87121044 17.3926736 -0.06767484 8.99367507 -5.38966818 2.72591338 -25.17272581 -12.95183531 0.0000025 0.00002076 -47.82153611 -10.28810152 -19.25651023 53.30466326 -3.01431439 7.22446122 -16.67988697 0.21081263 -0.61279607 -0.00006894 -0.00000142 -1.7e-7
-0.05976308 1.05283484 -0.01363069 11.97122597 37.53676597 -3.36106881 6.26295148 -0.22633646 5.94142835 13.13933547 1.59450706 6.42889522 13.60709676 1.31633585 5.48900838 10.54480602 -4.68044076 5.02178851 -21.53632333 -15.05215379 -13.63170836 8.66293944 -20.08189033 41.19977163 -73.93965439 -41.64829929 -46.56629576 0.00000368 -37.29006451 0.00003505 -9.15153864 -6.41945615 -3.06409121 -1.9088339 -17.15293759 -4.87453313 -107.49498898 73.46541696 67.69924208 -0.00000864 14.38461094 -0.00000618 11.79243218 -2.1445218 9.76000094 -10.04495345 7.88619362 19.64321095 17.17560303 1.51386184 8.7473914 -5.00591043 2.39308509 -25.60188019 -13.62240756 -0.00000751 0.00000417 -45.69729041 -10.35436033 -18.23514404 51.73973258 -2.93680789 6.88664116 -16.66577702 0.23350997 -0.75180715 -0.0000902 -4.3e-7 -0.00000103
-0.05756379 1.05985397 -0.01596741 11.05048845 36.38825462 -2.69815505 6.20034764 -0.24288355 5.84999715 13.00899829 1.58453253 6.53471029 13.48016664 1.30173342 5.61380757 11.1533748 -4.6648019 4.77591961 -21.68659506 -14.37976756 -14.83594701 8.79821025 -20.38737419 41.11778971 -73.58954494 -41.5416136 -46.4975916 0.00000458 -36.32671753 0.00002835 -9.1569768 -6.41573535 -3.10645425 -1.91406008 -16.95648383 -5.03296122 -110.85087084 73.2432125 71.39957073 -0.00000583 14.47984983 -0.00001174 12.55946804 -2.32891668 9.23306993 -8.58753788 8.35112433 18.51572199 17.14698422 1.9713676 8.41096719 -5.27630777 2.49268224 -25.89857274 -14.28782464 -6e-8 0.00001629 -43.59511968 -10.27427471 -17.00059801 50.22141921 -2.88619061 6.44683586 -16.63321051 0.23641633 -0.77736766 -0.00003933 -0.00000166 4.2e-7
-0.05460876 1.06557915 -0.01899457 10.05522969 35.32165854 -2.11307297 6.11958811 -0.26210043 5.90657473 12.86293516 1.57696212 6.68477919 13.34525514 1.29250939 5.77509421 11.7956853 -4.66746584 4.37774663 -21.52427965 -13.89633135 -15.98174997 8.99255691 -20.87846747 40.8637247 -72.93970477 -41.38153965 -46.10475153 0.00001087 -35.26042788 0.00003263 -9.17906585 -6.40709313 -3.16848111 -1.90964654 -16.79815156 -5.12249384 -114.31553564 72.77400199 75.26571953 0.00000177 14.55059476 -0.00002919 12.6628844 -2.25077854 8.89039184 -7.32599171 8.80585041 17.46515834 17.53797525 2.19668192 8.02129454 -5.71736014 2.76864692 -26.61192352 -14.93799585 -0.00001802 0.00001325 -41.5216881 -10.15892847 -15.79236962 48.93617437 -2.82423882 5.91619862 -16.68064265 0.20303179 -0.67437137 -7e-8 -0.00000407 6.5e-7
-0.051123 1.07013871 -0.02234032 9.03235069 34.33645476 -1.58298931 6.01948193 -0.30831327 6.0481041 12.68775301 1.5221473 6.86239793 13.18314007 1.23933464 5.96269538 12.41975766 -4.706381 3.83997763 -20.949842 -13.77074561 -16.99181432 9.22014251 -21.50614773 40.4454936 -72.02407575 -41.14189412 -45.5072043 0.00000279 -34.1600186 0.00003729 -9.21885784 -6.38868262 -3.26961027 -1.86827127 -16.75985712 -4.91657486 -118.40366232 72.142125 79.89846681 0.0000021 14.66673693 -2.4e-7 12.56633249 -2.20285946 8.77544434 -6.4734159 9.2663296 16.53723058 18.59247731 3.27200314 7.53464517 -5.92251351 2.94700475 -27.687304 -15.73117789 -0.00001668 0.00001811 -39.53453415 -10.07226687 -14.68685372 47.88328345 -2.66127824 5.34958837 -16.82675805 0.14605661 -0.53246768 0.00001104 5e-8 0.00000335
-0.04762563 1.07415719 -0.02519277 8.17266099 33.37270776 -1.19041356 5.89745507 -0.41653767 6.14013584 12.45747762 1.31499456 7.03609113 12.95656804 1.03865298 6.15901561 12.98029106 -4.75717665 3.26610686 -20.02622536 -13.80640443 -17.88356404 9.40826619 -22.13806704 39.84618123 -70.79072603 -40.74064486 -44.77410447 0.00001347 -33.28733196 0.00005093 -9.27898891 -6.35641551 -3.42454905 -1.73836602 -16.84109206 -4.11300546 -123.66058404 71.46585954 85.92595207 0.00000493 14.97941612 -0.00001148 12.86171258 -2.41880664 8.8410919 -6.16647955 9.79465072 15.8573673 20.18222253 5.63620633 6.87307245 -5.67839237 2.9548661 -28.66702785 -16.62724184 -0.00001936 0.00001019 -37.68561066 -10.0349581 -13.65716085 46.9052514 -2.37637293 4.84669634 -17.03257988 0.09564526 -0.46277104 -0.00005688 0.00000118 -7.8e-7
-0.04454101 1.07819108 -0.02689338 7.56641128 32.4813897 -0.98478321 5.7562557 -0.61945395 6.1128508 12.16471263 0.85625804 7.1914195 12.65013279 0.59344493 6.35908944 13.46369372 -4.77581242 2.82052547 -18.94264041 -13.60656832 -18.73521029 9.47059077 -22.63855317 38.97632613 -69.37953279 -40.21377449 -44.07574776 -0.00000211 -32.70555196 0.00000971 -9.35807055 -6.31224394 -3.62503343 -1.50607601 -16.98230795 -2.67893581 -129.80568159 70.8631892 93.11169049 0.00001329 15.59988421 -0.00001719 13.59034294 -2.86602023 9.27614421 -6.30308633 10.42796197 15.3535067 21.94785851 8.72562495 6.13005151 -5.72527736 2.95232546 -28.37458124 -16.90723215 -0.00001348 0.00001208 -35.92128826 -10.05444053 -12.68054512 45.85803475 -2.05389968 4.48796007 -17.27294897 0.07005306 -0.50066618 -0.0000466 0.00000673 -0.00000216
-0.04172773 1.08177214 -0.02762617 7.09221805 31.76446189 -0.98024663 5.5988929 -0.90796747 6.01466151 11.81836401 0.17094987 7.33115039 12.27530774 -0.07093525 6.56192386 13.89177092 -4.73775735 2.60939415 -17.8570053 -12.94868153 -19.57996336 9.36389431 -22.96212523 37.72163184 -68.20032925 -39.79071167 -43.74768283 0.00001511 -32.05767449 0.00003707 -9.44828443 -6.26268829 -3.84971265 -1.23072702 -17.09633973 -1.01728654 -135.67625244 70.48921118 100.28559984 -3.2e-7 16.48244313 -0.00003155 14.24318784 -3.4383308 10.57024312 -6.65741304 10.97417079 15.13952863 23.46381513 10.87531686 5.51573443 -5.87881546 2.99211426 -27.93311059 -16.84628397 -0.00003268 0.00001956 -34.1519595 -10.11887388 -11.68562731 44.83444977 -1.84108924 4.25150755 -17.59866077 0.0591064 -0.56110114 -0.00000359 0.0000029 -8.3e-7
-0.03894508 1.0845993 -0.02769827 6.56685998 31.2012849 -1.04101423 5.4223807 -1.21662835 5.9252169 11.42410161 -0.56813644 7.45956924 11.84895321 -0.78513426 6.75882877 14.28660065 -4.65907216 2.57734244 -16.79071583 -12.00764093 -20.35295803 9.12857261 -23.19524304 36.0650515 -67.6188785 -39.71655923 -44.05135859 0.00000669 -30.86790809 0.00001958 -9.539188 -6.21297788 -4.08688888 -1.01276758 -17.10667742 0.25792638 -139.98660855 70.47065689 106.12032878 -0.00000133 17.42984467 -0.00001604 14.37881212 -4.25602678 13.07503523 -7.03930081 11.25119727 14.94549621 24.78613104 11.03127808 5.19855392 -6.8770088 3.1854115 -27.01327361 -16.44850131 -0.00000716 0.0000185 -32.30390275 -10.12156826 -10.60116125 43.94744736 -1.84161577 3.98647488 -18.04345592 0.03992293 -0.53085014 -0.00009732 -9e-7 0.00000166
-0.035975 1.0866053 -0.0275139 5.93147031 30.6295772 -1.03423338 5.22658193 -1.46175116 5.86811322 10.99331945 -1.15729633 7.57367214 11.39300241 -1.35112029 6.93467119 14.62220114 -4.58104835 2.54285098 -15.70897666 -11.19767588 -20.96833232 8.86416098 -23.48003973 34.18140729 -67.60502293 -39.98912398 -44.86546502 0.0000058 -29.08494216 0.00002392 -9.62352523 -6.16442668 -4.33448212 -0.91749647 -16.99623743 0.77426589 -142.096564 70.70585154 109.88107846 0.00000267 18.21673663 -0.00001779 14.12028665 -5.53399002 16.44879298 -7.43166218 11.19785832 14.59069941 26.19461033 9.44885775 5.1360714 -8.7004458 3.46252446 -25.54424246 -15.87309406 -0.00000224 0.0000145 -30.43806803 -9.9244592 -9.39139844 43.26231783 -2.03881603 3.53821154 -18.58894275 -0.0044391 -0.35289806 -0.00004432 -0.00000855 0.0000015
-0.03266646 1.08794662 -0.02745705 5.28091201 29.8884519 -0.942989 5.02734954 -1.6008979 5.8324312 10.56525253 -1.50234385 7.6674706 10.94977985 -1.67818822 7.07830257 14.82331801 -4.53647364 2.35199068 -14.66176424 -10.79628271 -21.4362928 8.65588804 -23.86854941 32.39630762 -67.71935279 -40.34101896 -45.67454614 9.2e-7 -27.26376511 0.00001473 -9.69860935 -6.11832577 -4.57579282 -0.92651779 -16.8258659 0.66567218 -142.40328833 70.85995219 111.77991155 5e-7 18.72411509 -0.00001001 13.98720664 -7.1133798 19.64775638 -7.96518971 10.91843895 14.07658196 27.91721585 7.29071097 5.16395623 -10.73514932 3.69739425 -23.7969037 -15.46283229 -0.00002365 0.00000868 -28.6979569 -9.50125187 -8.12208978 42.7491244 -2.27834225 2.89858606 -19.17538791 -0.06817927 -0.07442649 -0.00005359 0.00000733 4.7e-7
-0.02890823 1.08880264 -0.02772043 4.76685729 28.93849232 -0.85876787 4.8500997 -1.65377573 5.83046495 10.19224922 -1.65296379 7.74134152 10.56766957 -1.8148283 7.19164171 14.83062892 -4.52780755 1.99744634 -13.79335903 -10.72769575 -21.88715999 8.52176172 -24.26477377 30.99949362 -67.47255158 -40.47214969 -45.94658205 -8e-8 -26.15288927 0.00003033 -9.76330216 -6.07949234 -4.77107525 -0.96790922 -16.68522008 0.38151131 -142.12349387 70.67614151 112.81981807 9.7e-7 18.9841467 -0.0000225 14.30136967 -8.35342349 21.63878902 -8.71842918 10.60229874 13.42172544 29.82280007 5.35104091 5.18476868 -12.68277711 3.87931868 -21.94998797 -15.01927321 -0.00000561 0.00001241 -27.20096152 -8.98680911 -6.94859378 42.33116606 -2.32989433 2.21900461 -19.75702959 -0.12593323 0.18469881 -0.00003932 0.00000356 0.00000156
-0.02466463 1.08920036 -0.02828928 4.48349915 27.85676602 -0.87827556 4.70829489 -1.67271518 5.88915445 9.89680347 -1.73049556 7.80050189 10.26321591 -1.87848934 7.28500723 14.6669939 -4.52947395 1.60022102 -13.21690121 -10.67792829 -22.451273 8.4194923 -24.51830546 30.05822385 -66.73378905 -40.26241726 -45.56183012 0.00001022 -26.06651563 0.00002133 -9.81542771 -6.05311588 -4.88805115 -0.99008033 -16.61629774 0.24163124 -142.25865655 70.22462095 113.90122114 0.00000846 19.12898437 -0.00003095 14.81559362 -8.66732936 22.1086171 -9.60642605 10.37724666 12.60764043 31.48391438 3.44688512 5.17542947 -14.85586593 3.99081651 -19.80520781 -13.83526687 -0.00002026 0.00000382 -25.99207494 -8.56059996 -6.00743525 41.97534933 -2.03936519 1.66737416 -20.33721287 -0.15644878 0.3268331 -0.00002894 -5.6e-7 0.00000157
-0.02014335 1.08919777 -0.02890731 4.41057133 26.76765787 -0.98350137 4.59763205 -1.70195617 5.96773684 9.66174232 -1.84224574 7.83489323 10.01448149 -1.97467571 7.35318756 14.42605993 -4.50138401 1.30820433 -12.90826803 -10.36731018 -23.05216544 8.29239952 -24.5471122 29.4191196 -65.79147906 -39.8442867 -44.84137514 0.00000194 -26.61369875 0.00002722 -9.851907 -6.03857001 -4.93918452 -0.99701478 -16.5807701 0.21130961 -142.79611542 69.82211316 115.08045699 -0.00000626 19.30786027 -0.00000762 14.865939 -8.05487851 21.50831463 -10.62290823 10.20396179 11.70141364 32.73141827 1.33736029 5.12480937 -17.24133528 3.90471962 -17.33196475 -11.75312919 -0.00002146 0.00001373 -25.02581457 -8.29055904 -5.33078318 41.68558803 -1.46592776 1.28392375 -20.94386922 -0.15867233 0.34333768 -0.00001049 0.00000119 0.00000197
-0.01578672 1.08882172 -0.0292438 4.44370486 25.79252413 -1.07428055 4.51221266 -1.76116836 5.94024399 9.46608961 -2.04380961 7.80395179 9.79702298 -2.16125981 7.35797115 14.18763988 -4.40197136 1.21883383 -12.74424851 -9.72527054 -23.3240488 8.10938999 -24.35723383 28.89449611 -65.08484234 -39.54288525 -44.20823281 0.00000997 -27.00041068 0.00002171 -9.86919671 -6.02994964 -4.97614969 -1.01801367 -16.49943843 0.08305272 -143.06595388 69.80533384 115.83652558 -0.0000062 19.61796031 0.00001527 13.87457645 -6.9775319 20.55305197 -12.0451371 9.91439614 10.98157978 33.9921954 -0.34646644 4.93243476 -19.07184176 3.64771808 -15.14103348 -9.89427248 -0.00002004 0.00000294 -24.20663088 -8.11461072 -4.83924169 41.50026113 -0.84319122 0.99042716 -21.61421577 -0.14614359 0.29383842 -0.00003528 -0.00000749 -0.00000233
-0.01232055 1.08881622 -0.02862499 4.48451678 25.00786388 -0.96818281 4.45283591 -1.84956884 5.68384453 9.30840804 -2.33559006 7.66261007 9.60830651 -2.44154418 7.25407069 13.9520235 -4.20867286 1.35487976 -12.63661099 -8.88582538 -22.84142111 7.87496681 -23.98966144 28.4185353 -64.95030922 -39.68690008 -43.91476043 0.00000397 -26.62294762 0.00000982 -9.86269513 -6.02338372 -5.03976568 -1.06314575 -16.33030755 -0.22849228 -142.51767663 70.33534413 115.71948021 0.00000633 20.05218386 -0.00000696 11.871653 -5.85155661 19.71389238 -14.31083768 9.42731778 10.60054409 35.97251734 -1.59800914 4.58246129 -19.35594103 3.70099339 -13.59159566 -9.52140433 0.00000725 0.00000907 -23.35073003 -7.91078726 -4.50183458 41.28415826 -0.37354313 0.71753431 -22.3162806 -0.12857742 0.20936997 -0.00001901 6.8e-7 3.9e-7
-0.00982728 1.08875244 -0.02709004 4.51661805 24.44989654 -0.80230445 4.41764749 -1.95147879 5.25415939 9.18822564 -2.66587584 7.40788664 9.45107414 -2.76322647 7.03656874 13.66475832 -3.94153559 1.66161718 -12.58424055 -8.0679184 -21.50321452 7.61600545 -23.49626806 28.02508218 -65.5319102 -40.3888603 -44.03311983 -0.00000117 -25.46608097 0.00001553 -9.82942521 -6.02202213 -5.11786413 -1.11759083 -16.10720335 -0.62790265 -141.07402588 71.28845936 114.67908571 -0.00001193 20.484829 0.00000705 9.67390294 -4.85238181 19.14685568 -17.43329729 8.77137018 10.66305491 38.51034646 -2.96800151 4.16149588 -18.49168624 3.67959687 -12.4221579 -10.24397239 -0.00000961 0.00000416 -22.42004173 -7.69375955 -4.1862343 41.06005063 -0.08855063 0.50063112 -23.07297912 -0.11586955 0.08639158 -0.0000943 -0.00000273 4.2e-7
-0.00774715 1.08775086 -0.02500036 4.58115117 24.07198293 -0.8529725 4.39424349 -2.04051991 4.82429217 9.0878989 -2.94993635 7.07996686 9.31446338 -3.03858107 6.74281439 13.29983152 -3.65626489 2.02385189 -12.59082281 -7.43138762 -19.65565206 7.36231351 -22.94819031 27.73470639 -66.74941794 -41.47481343 -44.52959137 -0.00000665 -24.01650334 0.00001899 -9.77430102 -6.0321259 -5.15876816 -1.16612832 -15.89418531 -0.99822756 -139.03493225 72.32756356 113.03722342 -0.00000969 20.74381117 -0.00000605 8.44330126 -4.11008629 18.92941954 -21.01239562 8.02425521 11.06455052 40.67663288 -5.03261788 3.89433096 -17.72529733 2.1012371 -11.08979404 -10.35071872 0.00002321 0.00001142 -21.47036077 -7.57905093 -3.76085239 40.90697975 0.14981433 0.42473605 -23.91832482 -0.09941398 -0.10682307 0.00000789 0.00000284 7.5e-7
-0.00543536 1.08586906 -0.02234462 4.67980204 23.72879241 -1.16037362 4.36981215 -2.09378646 4.49647938 8.98805065 -3.12113915 6.71760352 9.18415457 -3.19995339 6.40925897 12.89842845 -3.3994628 2.32618602 -12.60938862 -6.98995881 -17.78581263 7.13068176 -22.41495716 27.51143733 -68.32007223 -42.64602977 -45.28104505 -9.9e-7 -22.80597496 0.00000558 -9.71114966 -6.05532717 -5.12703881 -1.20721015 -15.71297737 -1.32089143 -136.78634314 73.14680488 111.22909706 0.00000482 20.74409691 -0.00002405 8.84483502 -3.79127887 19.14402314 -24.72816625 7.21672392 11.57497671 41.90767542 -7.33696379 3.82038595 -17.20853944 -1.57207846 -9.76309046 -9.07630852 -0.00000433 0.00000547 -20.48396945 -7.62636129 -3.24559718 40.76377409 0.51960959 0.50411148 -24.81410826 -0.03335847 -0.3954106 -0.00008019 -1.5e-7 -0.00000136
-0.00231748 1.08381424 -0.01875977 4.73474366 23.21060395 -1.54662913 4.34215376 -2.10163834 4.25581409 8.88578268 -3.16040463 6.33178735 9.057827 -3.22992445 6.04597582 12.5292919 -3.18108039 2.50462512 -12.58996261 -6.65470522 -16.18359149 6.92238048 -21.93089336 27.30565746 -69.90779008 -43.69411006 -46.11187532 -0.00000536 -22.09534876 0.00002091 -9.65510859 -6.08683606 -5.02781855 -1.24666191 -15.5333979 -1.64530543 -134.56796416 73.6245727 109.54197897 -0.0000018 20.520863 -0.00001419 10.79571181 -3.97876504 19.83863262 -28.54811047 6.31829461 12.0885349 42.50478472 -8.59654955 3.58549605 -15.73577058 -5.22859246 -9.05484584 -7.75233139 -0.00001149 0.00000445 -19.34820026 -7.77209143 -2.72167713 40.49456227 1.16564544 0.63264719 -25.68510218 0.10588776 -0.76890298 -0.00005087 0.00000209 8e-8
