HIERARCHY
ROOT Hips
{
  OFFSET 0 1.1673769999999999 0
  CHANNELS 6 Xposition Yposition Zposition Xrotation Yrotation Zrotation
  JOINT Spine
  {
    OFFSET 0.000003812944337411511 0.10717500000681812 -0.009311
    CHANNELS 3 Xrotation Yrotation Zrotation
    JOINT Spine1
    {
      OFFSET 0 0.1058532983696241 -0.004285186608692496
      CHANNELS 3 Xrotation Yrotation Zrotation
      JOINT Spine2
      {
        OFFSET -8.470329472543003e-22 0.10599345671141647 -0.007812688101110094
        CHANNELS 3 Xrotation Yrotation Zrotation
        JOINT Neck
        {
          OFFSET -8.470329472543003e-22 0.26240299999999994 -0.04488100000000002
          CHANNELS 3 Xrotation Yrotation Zrotation
          JOINT Head
          {
            OFFSET -4.235164736271502e-22 0.17466899999999996 0.05625600000000003
            CHANNELS 3 Xrotation Yrotation Zrotation
            End Site
            {
              OFFSET -4.235164736271502e-22 0.10756799999999966 0.021070000000000005
            }
          }
        }
        JOINT LeftShoulder
        {
          OFFSET 0.10574399999999999 0.23009199999999996 -0.07323000000000002
          CHANNELS 3 Xrotation Yrotation Zrotation
          JOINT LeftArm
          {
            OFFSET 0.14878212914559852 -0.04653266654569688 -0.030693304075147546
            CHANNELS 3 Xrotation Yrotation Zrotation
            JOINT LeftForeArm
            {
              OFFSET 0.24109000000000003 2.220446049250313e-16 -5.551115123125783e-17
              CHANNELS 3 Xrotation Yrotation Zrotation
              JOINT LeftHand
              {
                OFFSET 0.316792 0 -1.1102230246251565e-16
                CHANNELS 3 Xrotation Yrotation Zrotation
                End Site
                {
                  OFFSET 0.06265729429771016 -0.10569948639925819 0.03859412819617963
                }
              }
            }
          }
        }
        JOINT RightShoulder
        {
          OFFSET -0.10574399999999999 0.23009099999999982 -0.07323000000000002
          CHANNELS 3 Xrotation Yrotation Zrotation
          JOINT RightArm
          {
            OFFSET -0.14878040829228295 -0.04653159475972379 -0.030692917709113934
            CHANNELS 3 Xrotation Yrotation Zrotation
            JOINT RightForeArm
            {
              OFFSET -0.24109000000000003 -6.661338147750939e-16 -2.7755575615628914e-17
              CHANNELS 3 Xrotation Yrotation Zrotation
              JOINT RightHand
              {
                OFFSET -0.31679300000631333 -8.881784197001252e-16 -5.551115123125783e-17
                CHANNELS 3 Xrotation Yrotation Zrotation
                End Site
                {
                  OFFSET -0.06265795211397429 -0.10570764472283312 0.03859362014678265
                }
              }
            }
          }
        }
      }
    }
  }
  JOINT LeftUpLeg
  {
    OFFSET 0.12297511767165623 -0.06742078536803264 -0.010003
    CHANNELS 3 Xrotation Yrotation Zrotation
    JOINT LeftLeg
    {
      OFFSET 0 -0.457033849483632 0.010304509991859542
      CHANNELS 3 Xrotation Yrotation Zrotation
      JOINT LeftFoot
      {
        OFFSET 0 -0.500280623664138 -0.036905110570505176
        CHANNELS 3 Xrotation Yrotation Zrotation
        JOINT LeftToeBase
        {
          OFFSET 0.025950805788189563 -0.14255151365608373 0.19507593811975638
          CHANNELS 3 Xrotation Yrotation Zrotation
          End Site
          {
            OFFSET 0.010732117804750613 -0.000035441498015504746 0.11362327680684622
          }
        }
      }
    }
  }
  JOINT RightUpLeg
  {
    OFFSET -0.12297488233495055 -0.0674172146317622 -0.010003
    CHANNELS 3 Xrotation Yrotation Zrotation
    JOINT RightLeg
    {
      OFFSET 0.00000159348816348992 -0.45703784846455486 0.01030460015485039
      CHANNELS 3 Xrotation Yrotation Zrotation
      JOINT RightFoot
      {
        OFFSET -0.0000015934881634621645 -0.5002806236608007 -0.03690511058134042
        CHANNELS 3 Xrotation Yrotation Zrotation
        JOINT RightToeBase
        {
          OFFSET -0.0259497668227143 -0.14255297441554501 0.19507500887383716
          CHANNELS 3 Xrotation Yrotation Zrotation
          End Site
          {
            OFFSET -0.010733201844058626 -0.000035030229497263656 0.11362417898958707
          }
        }
      }
    }
  }
}
MOTION
Frames: 140
Frame Time: 0.03333333333333333
-0.00226139 1.04964378 0.00761717 11.1613598 -17.5713426 2.30916383 6.90708293 -1.71314985 -0.40379905 12.78276934 -3.41479496 -0.71434412 12.78166363 -3.4066086 -0.74295782 -8.18647414 3.0775105 -1.35979377 -30.95522327 13.96344343 0.41008411 0.70690222 0.56517278 0.60711878 -14.81921298 -29.24675884 -49.75074125 0.00000829 -76.84457207 0.00001463 10.19413543 -6.41209417 25.63616766 2.14795781 5.95299732 10.15573636 -17.33663981 22.84569239 70.29853806 179.99982913 87.23325292 -179.99983362 46.20010948 -0.89609075 -3.62496967 -46.44492732 7.11647386 18.00535739 45.32754463 5.80965222 0.3530303 -8.11602112 1.81267816 -10.69314601 -0.22529832 -0.00000556 -0.00000556 -37.77627887 -10.76832598 -21.20141384 36.54193085 -1.22003086 -4.92130531 -7.56349805 -2.74005515 20.11857531 0.00000174 0.00002113 -0.00000672
-0.00297517 1.05036484 0.00692874 11.30284202 -17.39567191 2.34110567 6.88719819 -1.54025969 -0.49738343 12.74109376 -3.07820346 -0.90258573 12.74083184 -3.06912588 -0.92824448 -8.28553319 2.94570008 -1.38821451 -31.17947715 13.2959512 0.36919098 0.69174125 0.76568185 0.31892764 -14.68801453 -31.18087457 -48.94284971 0.00001881 -75.32715709 0.00002765 6.49779189 -8.92358747 24.18138965 2.12707588 5.88840663 10.05833463 -18.16584099 22.68192143 70.39548732 179.99973025 87.7366191 -179.99973156 46.06306271 -1.06542921 -3.60616536 -46.54551255 7.22939947 18.08736812 45.02788385 5.53070144 0.22944822 -7.92120497 1.77769387 -10.54210843 -0.45771892 -0.00000216 -0.00000601 -37.70857498 -10.67639177 -21.00252283 36.33926144 -1.40947654 -5.08432718 -7.52291803 -2.78937317 20.22314698 -0.06243918 -0.00002073 0.00000476
-0.00452554 1.05102486 0.00390326 11.93208426 -17.26176455 2.70362587 6.73767632 -1.36078257 -0.64687434 12.42853597 -2.73052935 -1.20862915 12.42980716 -2.71967707 -1.2317399 -8.43283646 2.84680191 -1.42234463 -31.51644518 12.8278349 0.26367998 0.72827413 0.55531106 0.84295385 -14.13738195 -33.69671422 -48.74124674 0.00003911 -73.50800457 0.00003705 -0.35332398 -12.53008448 22.15384066 2.11051295 5.8437183 9.81148572 -19.04172225 22.54782307 70.64408481 179.99937922 88.84129642 -179.99941316 44.80577624 -1.3585237 -3.44561572 -47.02344242 7.2991502 18.16095108 44.44545987 5.3297496 -0.12929805 -7.43757634 1.71187376 -10.35203026 -0.67144644 -0.00000284 5.4e-7 -38.43869298 -10.41952821 -21.00317529 36.39808842 -1.64597746 -5.00715237 -7.42600691 -2.80336873 20.07129433 -0.13625175 0.00004297 0.0000027
-0.00687738 1.05056519 -0.00253719 13.35825786 -17.08365844 3.38002065 6.44897027 -1.19622698 -0.8394004 11.80478719 -2.40720665 -1.6059079 11.812504 -2.39293548 -1.62717877 -8.69431076 2.77275477 -1.44162596 -31.92497831 12.48375963 0.13888748 0.82511936 -0.02165783 2.04802574 -12.94927728 -36.41335151 -48.96880191 0.00000419 -71.66803953 0.0000166 -9.94319398 -16.59784549 19.38686483 2.10090043 5.78897063 9.4017728 -19.94053462 22.3552253 71.02394021 0.00173351 89.24880893 -0.00174501 42.08671061 -1.75876924 -3.18856351 -48.40615715 7.1890686 18.40409115 43.78863335 5.12846366 -0.87124635 -6.64921435 1.60763388 -10.03052799 -0.82352399 -0.00000374 -0.00000357 -40.40865898 -9.95502339 -21.19631414 36.96488135 -1.88401599 -4.55641412 -7.35039087 -2.79232547 19.58250126 -0.21731035 0.00000625 0.00000228
-0.00989375 1.04830154 -0.01212508 15.57392809 -16.73943712 4.19889661 6.02921579 -1.07406198 -1.01147952 10.87077263 -2.15375255 -1.96918056 10.88390425 -2.13452012 -1.98984204 -9.23457149 2.71191503 -1.38837541 -32.43625798 12.23278808 0.03378448 0.97892802 -0.84910186 3.58830086 -11.73803885 -39.27831416 -50.08045814 0.00003603 -69.99495008 0.00005369 -21.21061447 -19.71817147 16.4366876 2.08605594 5.89015479 8.66481026 -20.92100848 22.18660146 71.30953393 0.00022775 85.98656171 -0.00022915 37.67784713 -2.11586274 -2.97784962 -50.86842219 6.84592529 18.93078666 43.2553954 4.82375641 -1.97249406 -5.63302886 1.47717759 -9.54016896 -0.90216063 -0.00000595 0.00000383 -43.5174455 -9.2758232 -21.46287395 38.06536448 -2.20416483 -3.72120512 -7.35869472 -2.77220005 18.82581755 -0.29946613 -0.00001992 0.00000578
-0.01359169 1.04320534 -0.02453214 18.4781344 -16.00778596 4.88391829 5.64324923 -1.01009048 -1.09599161 9.95821057 -2.00276058 -2.15500817 9.94778392 -1.9787186 -2.176564 -10.1540278 2.63133597 -1.1513244 -33.28379451 12.08745055 -0.0806741 1.1561947 -1.74361096 5.11301822 -11.45447866 -41.68443807 -52.34014481 0.00006407 -68.76701173 0.00008035 -31.87937273 -19.58752646 14.02769055 2.00871147 6.87850407 7.13249554 -22.39334399 22.89329522 70.49045231 0.00005976 80.86518611 -0.00005584 32.60761669 -1.92013511 -3.11266527 -54.58234726 6.15236126 19.74911052 43.09671539 4.24061735 -3.26277507 -4.47543387 1.34086852 -8.90437105 -0.9169522 -0.00000493 0.00000253 -47.6090766 -8.4515845 -21.70021945 39.82599418 -2.82025028 -2.52468748 -7.56021701 -2.76387535 17.92405358 -0.37915911 0.00002019 -8e-7
-0.0176425 1.0348967 -0.03875166 21.55848801 -14.93823612 5.24969749 5.48818943 -1.04097389 -1.07478257 9.45491306 -2.03791369 -2.12434148 9.42974337 -2.01052481 -2.14945159 -11.39782129 2.56249562 -0.93530193 -34.70522447 11.94410551 -0.04336734 1.30626634 -2.44319781 6.35762605 -12.17388027 -43.54078726 -55.19849974 -0.00005084 -68.33301175 -0.00006725 -40.5821201 -15.56737862 13.15396839 2.02440458 8.61605005 4.19920433 -25.22788217 25.40015761 68.40073956 0.00001122 73.91133076 -0.00005152 27.52989721 -0.81666735 -3.68223993 -59.09550145 5.17918727 20.74117188 43.4484345 3.29547813 -4.591454 -3.32737528 1.22263066 -8.17786963 -0.83198954 0.00000199 -0.00000155 -52.24441969 -7.68898858 -22.07762863 42.29912128 -3.4554961 -0.99599196 -8.04390512 -2.77312458 16.89724248 -0.4312092 0.0000108 9e-7
-0.02178196 1.02296074 -0.05440687 24.69933641 -13.76078911 5.42697208 5.70844855 -1.17522563 -0.84118726 9.63520468 -2.28812709 -1.67578131 9.64727172 -2.26220368 -1.70878331 -12.84162898 2.62002481 -1.37681477 -36.68049395 11.57777374 0.20501424 1.37189031 -2.74869203 6.99418913 -13.33043979 -44.9249015 -57.63945153 0.00003828 -69.14121066 0.00002453 -46.88959555 -8.66461093 13.69888076 2.38665724 10.69582165 -0.29225116 -29.45101235 30.23974184 65.59872269 0.00000348 66.14526884 -0.00002341 22.67036728 1.021254 -4.48070012 -64.18778358 3.93888978 21.70964221 44.37564727 2.22410324 -5.83684207 -2.27108131 1.13903522 -7.51652513 -0.5808325 0.00000644 -0.00000272 -57.44697198 -6.97837789 -22.75403167 45.50201057 -3.79915921 0.8003275 -8.77776769 -2.7803726 15.71742723 -0.44131833 0.00002975 -0.00000111
-0.0260967 1.00752686 -0.07090901 27.87816268 -12.62070346 5.52141185 6.34705581 -1.34844911 -0.39416778 10.56609339 -2.63580142 -0.81731819 10.59775017 -2.61909763 -0.86276792 -14.14377133 2.78847305 -2.48669204 -38.87132895 10.93381294 0.44711007 1.4022155 -2.88428441 7.17112719 -14.58873974 -45.38934158 -59.13991435 0.00002882 -70.98442068 0.00003251 -50.48291891 -0.22343183 12.18264954 3.20635618 12.72896681 -5.47430181 -34.07883605 36.66306768 63.22816741 -0.00001756 59.37879285 0.00001901 18.46506995 2.96107287 -5.20527237 -69.6807268 2.40075766 22.47796635 45.85043458 1.2981953 -6.83972841 -1.33909836 1.09460712 -7.0994821 -0.18863225 -0.00000344 -3.8e-7 -63.11985777 -6.24892126 -23.67372309 49.25566067 -3.78042948 2.70691217 -9.68321739 -2.76524312 14.43496542 -0.38933622 -0.00002821 -0.00000269
-0.03070824 0.989992 -0.08736461 30.70501549 -11.63244625 5.57230315 7.36045696 -1.500641 0.0314357 12.16253135 -2.96254486 -0.00852054 12.14912967 -2.95950739 -0.0700809 -14.76436025 2.8739108 -3.33718932 -40.68662268 10.31902951 0.48271787 1.49221469 -3.24229938 7.40048784 -16.60562399 -44.28197085 -60.09073374 0.00002836 -72.30263505 8.7e-7 -49.75044183 8.98056786 3.65223136 4.292057 14.51189824 -9.8772289 -38.58195422 42.88659112 62.43105821 0.00000796 54.35185911 0.00000139 15.86646179 4.66866324 -5.83524531 -74.9620192 0.76398559 22.97186442 47.65013396 0.56589715 -7.48966457 -0.5375432 1.07885667 -6.99868937 -0.01275947 0.00000109 0.00000427 -68.67108263 -5.48995574 -24.66665392 53.20756456 -3.46466088 4.42586666 -10.65169495 -2.71886662 13.18126682 -0.27710707 0.00000721 0.00000317
-0.03598439 0.97219666 -0.10265111 32.75396466 -10.88512261 5.64941474 8.61448915 -1.68223956 0.24050317 14.20467477 -3.36192315 0.38935621 14.16042793 -3.37204475 0.30658678 -14.22184777 2.83702815 -3.52316522 -41.26414373 10.06110221 0.44952488 1.63259023 -3.78516615 7.82899565 -20.32564318 -42.40072885 -61.18618607 -0.00002765 -70.92623049 -0.00003044 -43.88134404 16.04850314 -13.63222144 5.34067428 16.06579702 -12.59337027 -44.16594287 47.57677926 64.36689855 -0.0000035 48.86982904 -0.00000797 15.57495528 6.62207962 -6.64998316 -79.37815561 -0.63826346 23.32490827 49.51753796 -0.06071855 -7.86218951 0.11822776 1.07673395 -7.13493973 -0.00465663 -0.00000172 0.00000424 -73.48094021 -4.69682964 -25.52569933 57.08037568 -3.00535745 5.67304192 -11.62968475 -2.65564274 12.0890704 -0.14077914 0.00003364 -0.00000222
-0.04239683 0.95574006 -0.11585416 33.95223701 -10.33052771 5.80849539 9.8618432 -1.96801581 0.23165009 16.27788132 -3.97870158 0.39202309 16.26530227 -4.00075615 0.28112137 -12.25587372 2.809526 -3.54615647 -39.74309404 9.99532976 0.76273367 1.71935459 -4.09621471 8.05259697 -24.03444831 -41.55015983 -61.30463798 0.00000696 -66.48748996 0.00000671 -37.45260124 16.09858081 -33.2381959 6.20868723 17.46153915 -13.87890677 -52.71578399 50.30669663 70.0854776 0.00001083 39.27668071 -0.00002106 17.14112586 9.44507238 -7.91588763 -82.65520072 -1.62608895 23.68142872 51.17935997 -0.69721631 -8.11447381 0.65981636 1.07783938 -7.38734153 -0.00002816 0.00000145 0.00000521 -77.29995323 -3.9148191 -26.17238565 60.69330057 -2.5657633 6.41010279 -12.61052025 -2.5933535 11.18354767 -0.02613491 0.00000122 0.00000569
-0.04988354 0.94246598 -0.12686212 34.36276796 -9.83876295 5.97002512 10.81878015 -2.29969398 0.09455566 17.88102203 -4.69108996 0.15874266 17.91030297 -4.72182245 0.01818966 -8.83078852 2.81045181 -3.8123885 -35.76377355 9.67272481 1.49580076 1.72275475 -4.06226546 7.83929608 -25.79514983 -43.54757364 -59.90770897 0.00001431 -60.01210779 0.00000384 -37.21327783 8.35974666 -44.48357196 6.89317767 18.61724091 -14.56158242 -63.73116023 50.90713909 78.72252199 -0.00000843 25.37358175 -0.00000327 19.34913923 12.85615672 -9.53941844 -84.67279319 -2.21792197 23.96425188 52.27925478 -1.33631332 -8.2341578 1.21687207 1.07214398 -7.73031006 -0.00648418 -0.00000158 -0.00000464 -79.97107133 -3.32946988 -26.6803409 63.76172093 -2.26019309 6.81359106 -13.52068307 -2.52730329 10.38263012 -0.09147373 0.00001439 -0.00000937
-0.05820864 0.93465065 -0.1361738 34.07089082 -9.40167718 5.95813073 11.3508661 -2.5246525 -0.0910333 18.78064947 -5.1815918 -0.17924283 18.81550549 -5.2134251 -0.33939114 -4.35112848 2.71484318 -4.11750279 -29.87752036 9.00092604 2.02557678 1.74004915 -4.09415352 7.68071029 -24.92650147 -47.96648382 -58.12159208 -0.00003549 -53.0975161 -0.00004734 -41.8098197 -6.22879062 -44.43862025 7.30917499 19.18751152 -15.09949262 -73.58118067 49.83706035 86.78924527 -0.00000367 12.36963002 -0.00000868 21.56279084 15.7728189 -11.11501738 -85.30202778 -2.55676141 24.04182339 52.43670076 -1.77600321 -8.04829639 1.9607848 1.04428464 -8.26043605 -0.02045791 -0.00000182 1e-8 -81.26876801 -3.16982216 -26.98475303 65.84143455 -2.17085495 7.08517593 -14.21034583 -2.43757252 9.59484473 -0.19848693 -0.00003001 0.00000731
-0.06745223 0.93415291 -0.14421215 33.21357334 -9.12343846 5.66566448 11.56882253 -2.55909101 -0.27215577 19.22706327 -5.27221259 -0.51738335 19.19438819 -5.29794807 -0.67960129 0.09761149 2.46554077 -4.06548146 -23.37462991 8.24800153 1.83885436 1.83119676 -4.55055898 8.41685449 -22.93266125 -51.99612369 -58.21563573 0.00002112 -48.16258857 0.00000133 -42.68524894 -25.76115432 -36.33192086 7.19849522 18.55435911 -15.37122298 -79.20007434 48.83594721 92.76039736 -0.00002202 5.27917136 0.00001607 24.19649805 17.25412123 -12.48515867 -84.44676618 -2.764581 23.90268457 51.33617503 -1.82943742 -7.40415459 3.01417507 0.97680542 -9.10041985 -0.0428187 0.00000194 0.00000651 -81.04559771 -3.53757722 -26.80981722 66.56888975 -2.46166573 7.29721187 -14.54809848 -2.32010135 8.83302493 -0.29382261 -0.00002331 -0.00000266
-0.07772844 0.94104012 -0.15072151 31.76899961 -9.10036001 5.11964488 11.66773999 -2.40312845 -0.39360081 19.62055039 -4.95727526 -0.74415009 19.49072777 -4.97321706 -0.89029235 3.2856559 2.14831006 -3.58683616 -17.60987972 7.50847096 1.28289082 1.96132534 -5.26185034 10.42337754 -22.69389306 -53.05254765 -62.13869983 -0.00000545 -48.07920758 -0.00002802 -31.92549921 -39.39830484 -19.15293428 6.40022131 16.23571337 -15.24445909 -79.74109883 49.37780357 96.28380365 0.00000971 5.27975379 -0.00002058 27.23217918 16.9076824 -13.44246258 -82.02699319 -2.78676676 23.66772895 48.9585779 -1.60231113 -6.26244763 4.32742102 0.86290221 -10.27502797 -0.05300668 3.4e-7 8.9e-7 -79.23339714 -4.33363942 -25.94470306 65.94906721 -3.19198936 7.35114028 -14.54834291 -2.19850236 8.19801812 -0.36482178 -0.00002134 -0.00000486
-0.08877675 0.95341933 -0.15443195 29.42279333 -9.38227463 4.38133887 11.63246518 -2.06232014 -0.41461742 19.84810726 -4.24320311 -0.7979658 19.80554683 -4.24595823 -0.9130377 4.99860862 1.81602505 -2.9610201 -13.28980284 6.4972835 0.88531989 2.0685421 -5.84895722 13.21683043 -23.46712654 -50.49707474 -68.03289632 0.00000139 -54.07699416 -0.00000127 -18.76891863 -34.44466609 -2.21200096 5.19169981 12.7699053 -15.04535183 -74.03553535 52.06053549 95.64573606 0.00000669 13.71474818 -0.0000095 28.72221371 14.78151086 -12.97744645 -77.97234869 -2.41182136 23.5299774 45.76185512 -1.45196585 -4.68997256 5.61599051 0.7223484 -11.67523765 -0.01967341 0.00000368 0.00000419 -75.72710504 -5.40075039 -24.45971939 64.37182586 -4.19279349 7.08317361 -14.40161353 -2.103729 7.78378325 -0.40497941 -0.00002968 -0.00000457
-0.09974535 0.9689727 -0.1533077 25.89045045 -9.92963679 3.48863629 11.16110564 -1.57913182 -0.36310598 19.12237428 -3.21785717 -0.74801495 19.4964064 -3.20386814 -0.82502858 6.30746179 1.47876156 -2.59936061 -10.08587006 5.07036045 0.78936964 2.1331893 -6.28470184 15.87686247 -22.71613625 -45.98772141 -72.64206562 0.00001493 -64.02545382 0.00000672 -14.66857178 -15.85093597 -2.15148402 4.02745102 9.58768128 -15.21309733 -60.78876202 55.53368506 88.23579581 1.1e-7 30.64096411 -0.0000174 26.42882102 11.3224029 -10.49971233 -72.37552306 -1.45498738 23.55162393 42.48216882 -1.51627833 -2.81576143 6.49738686 0.59838719 -13.11806292 -0.01209498 -0.00000232 0.00000284 -70.47522597 -6.65434083 -22.69304012 62.26943234 -5.14299394 6.42717488 -14.34368333 -2.05658427 7.63421973 -0.42717616 -0.0000163 0.00000101
-0.10947336 0.98631316 -0.14547303 21.33302425 -10.5851639 2.57621366 9.9724381 -1.06987568 -0.29056336 16.73258647 -2.13467317 -0.68032112 17.80898907 -2.10660785 -0.72344302 8.24337468 1.20404732 -2.71485363 -6.92683762 3.52203353 1.0282983 2.19861018 -6.83945977 17.85235016 -20.83682829 -41.28085427 -74.994129 0.00009143 -74.37334438 0.000092 -10.15042135 0.91718302 -14.1060058 3.28740788 8.28893195 -15.79931947 -41.59478387 56.05288436 74.03269896 0.00000454 50.1900851 -0.00001719 21.27698346 7.30920555 -7.50838211 -65.53000335 0.09325574 23.50041195 39.53170523 -1.65675654 -0.77283204 6.73046706 0.52311331 -14.50673494 -0.07510383 -0.0000018 0.00000181 -63.73741802 -7.96676731 -21.02045706 59.83724558 -5.82474264 5.35961596 -14.48654035 -2.07792387 7.83846706 -0.44026338 0.00003664 0.00000293
-0.11725773 1.00459023 -0.130079 16.26406122 -11.16625014 1.85476661 8.17566287 -0.64702704 -0.19837178 12.89664616 -1.23774926 -0.5729316 13.30627049 -1.20379792 -0.59387399 10.48703739 0.98481375 -3.00204125 -3.03954188 2.19647294 1.10870541 2.32406647 -7.6033928 19.16302544 -20.45904789 -36.33059102 -75.56122227 0.00015403 -82.63280317 0.000168 -6.55208519 5.53298731 -25.36205194 3.17538366 9.53958934 -16.46106963 -25.08182445 51.26987153 60.66682428 0.00001465 66.01552576 -0.00002458 17.758312 4.1047625 -5.82051854 -57.81699647 2.03176771 22.97216596 36.87482964 -1.53754611 1.36516029 6.33267405 0.4943933 -15.85798231 -0.13791338 0.00000596 -0.00000337 -56.06317288 -9.17295974 -19.69408006 57.11649199 -6.21736111 3.8390151 -14.82300481 -2.18885158 8.5264455 -0.4212767 0.00000898 0.0000016
-0.12344438 1.02332137 -0.10753921 11.10250552 -11.52131986 1.28764055 6.24204293 -0.33689947 -0.07647052 8.69011411 -0.58818545 -0.37727295 8.76536763 -0.55653582 -0.38548156 11.79777882 0.76761935 -2.97551839 0.94330422 1.40298242 0.23088497 2.60856005 -8.35650024 19.85509677 -20.99671604 -29.87820855 -72.89826963 0.00002259 -87.53657052 0.00002937 -7.84300486 2.18483534 -27.21065734 3.60775069 12.66469947 -16.85691717 -17.4369618 43.69392734 53.44630596 -0.00003929 76.9651242 0.00002983 19.89691843 2.47865935 -5.14487683 -49.52364403 4.10876258 21.83344756 34.15819549 -1.28492476 3.59746692 5.52355606 0.50039315 -17.2200327 -0.19844464 -0.00000379 -0.00000709 -47.8014148 -10.42189515 -18.79366196 53.98444364 -6.3339981 2.02152365 -15.28260604 -2.38012286 9.631731 -0.35334563 0.00000743 -0.00000282
-0.12918535 1.04174271 -0.07880014 6.12724107 -11.51040087 0.64175602 4.60911687 -0.14068258 0.07852359 5.12919506 -0.1844255 -0.07665822 5.22916969 -0.15779552 -0.07977914 11.32063337 0.63756159 -2.66145521 3.09225734 1.30949634 -1.06783344 3.02784246 -8.87786423 19.80553772 -23.67528871 -22.48620651 -66.49818923 -0.0002145 -88.23918763 -0.00020657 -8.66095688 -0.15259631 -24.1862105 4.28759454 16.32007526 -16.90581934 -18.41396929 37.12612775 50.00747075 -2.3e-7 83.71609807 0.00000195 26.90160627 1.66539868 -3.70906037 -41.04493446 6.20534869 20.44826677 31.18479673 -1.54805277 5.82407313 4.49350453 0.56327973 -18.54223067 -0.27366235 0.00000142 0.00000464 -39.12123728 -12.10006152 -18.26700952 50.31821867 -6.08851269 0.34349467 -15.81260691 -2.61088756 10.84180413 -0.24908115 0.00000778 0.00000397
-0.1356507 1.05850684 -0.04540795 1.87660788 -11.2302551 -0.07628241 3.3737977 -0.06260467 0.25638019 2.413937 -0.0359494 0.26989496 2.53998902 -0.01300891 0.26826613 8.90400124 0.69940447 -2.30720019 2.02106115 1.90160163 -1.63399906 2.93347306 -9.22156187 19.35036287 -30.12843718 -16.71578008 -56.02191612 -0.0000255 -84.52204198 -0.00001133 -6.89192877 3.61315463 -23.73332944 4.98921894 19.51113277 -16.76812003 -27.82027871 34.29949286 47.29170049 -8.4e-7 85.26500895 -0.00000163 33.91948492 1.20027746 0.32658927 -33.19244473 8.36071357 19.51204104 28.13403352 -2.65826913 7.50252138 3.33530872 0.7189058 -19.57545744 -0.37035518 0.00000275 -0.000001 -30.65006586 -14.24975996 -17.92383755 46.2059354 -5.41355486 -0.80135171 -16.34142367 -2.83278283 11.83084706 -0.1507756 -0.00001983 0.00000381
-0.14275228 1.07199456 -0.00988757 -0.90237808 -11.14362771 -0.66328839 2.34093358 -0.04115877 0.3767412 0.02399749 -0.01821725 0.52425221 0.16418592 0.00012463 0.5233539 4.64745827 0.87958154 -1.59016835 -1.43742813 3.19151943 -1.45348248 1.01038573 -9.69364555 19.58166146 -39.89507038 -15.28488347 -43.14966416 0.00000773 -77.89830563 0.00000856 -4.4619456 9.23232374 -25.51148513 5.46431916 21.40189818 -16.609609 -43.19207747 35.38174497 44.16460863 0.00002946 81.62275966 -0.00002814 37.18073664 1.24176223 6.66965714 -27.07325704 10.55129549 19.43055562 25.51016803 -4.04259748 8.18873325 2.04947657 0.9659617 -20.16024167 -0.46132926 0.00000174 0.0000023 -23.51787306 -16.29556454 -17.48027144 42.01327854 -4.45253931 -1.3895298 -16.75750782 -3.02299064 12.53344334 -0.10040025 -0.00004257 0.00000492
-0.14845023 1.07963051 0.02554549 -1.90038224 -11.58881862 -1.04789688 1.28770633 -0.02627883 0.49393792 -2.61448567 -0.02022625 0.6631121 -2.52228638 -0.0066085 0.66276658 -0.93647872 0.93098171 0.1699755 -5.14060105 5.19101384 -1.25454147 -3.72301464 -10.81640893 21.4377351 -50.61360014 -17.90358877 -32.95422097 -0.0000179 -71.45480036 -0.00001736 -4.84676935 10.68789342 -23.61471125 5.51325339 21.5499232 -16.52700237 -61.44207806 39.27657339 42.26357283 -0.00001465 75.46413485 6.4e-7 36.60572245 1.44193162 12.09179522 -23.67813747 12.2368869 20.01064455 24.69748417 -4.68009103 8.14556898 0.15271341 1.34952817 -20.41736905 -0.50884562 -3.4e-7 -0.00000605 -18.68238324 -17.50579328 -16.88200932 38.62775496 -3.53331055 -1.74603986 -17.21756765 -3.24268207 13.24404096 -0.10949111 -0.00000524 0.00000291
-0.15247718 1.08412476 0.05891791 -1.61682016 -12.44711417 -1.17432913 0.16187488 -0.07620026 0.55672219 -5.61021643 -0.16606035 0.69542708 -5.57269265 -0.16281612 0.6956143 -6.44000184 0.66501655 2.662075 -8.07424866 7.35854877 -1.20127136 -11.01162144 -13.3500246 24.52624232 -60.07819731 -19.10046626 -29.42781292 -0.00000818 -67.64167887 -0.00000991 -8.05119099 8.17653239 -16.74945913 5.26830251 20.5714112 -16.68001167 -79.33133711 43.31586903 42.28218942 -0.00003401 68.79147564 0.00003033 33.72813674 1.69502148 12.9323589 -21.77057383 13.27947173 20.49044495 24.49227938 -4.18029964 7.93505508 -1.79128417 1.73780684 -20.683557 -0.51430824 -0.00000333 0.00000329 -15.57150902 -17.95478764 -16.10896144 35.64072195 -2.95200902 -2.28569919 -17.4854065 -3.48885833 14.14090134 -0.15556945 -0.00000979 9.7e-7
-0.15431962 1.0865123 0.08966067 -0.92456893 -13.49907188 -0.95079563 -0.93367124 -0.25702572 0.54739616 -8.6317763 -0.57614106 0.65192132 -8.59982987 -0.58562244 0.65175549 -10.17077569 0.35434328 4.5074134 -10.75954839 8.92905379 -0.81239684 -19.70955852 -17.7255894 27.24613342 -68.67043573 -15.64903236 -32.32702154 0.00002703 -66.62538045 0.00002055 -11.81831431 5.8234643 -8.45093574 4.89651153 19.16041761 -17.15158781 -95.88326796 46.34493514 44.41475882 -0.00001634 61.13666308 0.00000674 29.69189495 2.07533819 8.17998245 -20.12822526 13.78502574 20.24929876 24.41415044 -2.86479934 7.96537223 -3.66801275 2.10871855 -21.12343596 -0.51613015 0.00000337 0.00000389 -13.46011609 -18.02916115 -15.55134008 33.04499749 -2.5600829 -3.24768373 -17.6001869 -3.77127344 15.32356212 -0.21775395 -0.00001288 0.00000426
-0.15345136 1.08714806 0.11722239 -0.36010727 -14.63989373 -0.42903288 -1.87577754 -0.49801641 0.4236243 -11.27129954 -1.08477659 0.44900764 -11.21719251 -1.10219746 0.44700644 -11.50455214 0.30834022 5.09999854 -13.79325157 9.56329216 -0.01499295 -28.70549185 -23.37283657 28.3542199 -76.44983353 -8.2772131 -37.94837585 0.00002006 -67.25033798 0.00001987 -16.51864269 5.01226383 -1.28945206 4.52860048 17.82767943 -17.95910837 -111.09387209 48.30174808 47.8868463 -0.00004022 52.80953031 0.00002139 25.09646794 2.16091339 0.13220816 -18.43024651 14.05503567 19.39205906 24.58053633 -1.2182448 8.06333011 -5.52824702 2.47346496 -21.51003559 -0.52572719 0.00000856 0.00000398 -11.96285591 -18.07417894 -15.51744175 30.93927679 -2.03910968 -4.52081613 -17.62519532 -4.07130886 16.69462475 -0.29544184 0.00001153 -7e-7
-0.15017301 1.08680969 0.14121724 0.12209431 -15.74317236 0.21582703 -2.60550373 -0.64234033 0.14301262 -13.32052766 -1.35714182 0.02482135 -13.28404467 -1.37241948 0.02119479 -11.16467706 0.47575153 4.78597279 -17.12086576 9.41666731 0.74297449 -37.37250555 -29.01591594 28.14042361 -81.32636339 0.96339735 -42.47834836 0.0000579 -69.18968527 0.00007151 -22.32964748 3.48269568 4.16158704 4.24100933 16.82383695 -19.03423271 -123.07504859 48.90293399 50.31525146 0.0000309 47.83123902 -0.00002215 19.79900765 1.28728167 -7.72257122 -16.96940994 14.28684414 18.38902744 24.9955095 0.23886629 7.92302877 -7.33031054 2.81371192 -21.60957686 -0.51341141 0.00000582 2.2e-7 -10.92748742 -18.22006286 -15.89068298 29.12932349 -1.33155198 -5.78438427 -17.49368713 -4.38319462 18.05955769 -0.43307326 0.00001821 -0.00000373
-0.14489439 1.08611717 0.16256561 0.74111327 -16.57268189 0.81674076 -3.13174611 -0.59598593 -0.16875174 -14.8125472 -1.21392022 -0.41064418 -14.81434958 -1.21866753 -0.41418087 -10.21698466 0.78869777 3.97545602 -20.40673673 9.20161034 1.05065232 -45.77459005 -33.74207914 27.27014431 -81.08503145 8.21034037 -45.32827594 -0.00003798 -73.81635236 -0.00004132 -28.22379728 0.27005568 8.4342474 4.08078925 16.2397508 -20.05805851 -129.36923757 47.97506771 49.96586192 0.00001185 51.3831615 6.8e-7 13.37802816 -0.89766248 -13.65826608 -16.10486045 14.44575677 17.5274082 25.69417685 1.33237076 7.53331742 -9.06705879 3.11767768 -21.38932324 -0.46879603 0.00000235 -0.00001306 -10.09326008 -18.41529317 -16.32412301 27.21457139 -0.80793861 -6.83700338 -17.09613838 -4.68455572 19.41342587 -0.63517601 -0.00002297 -0.0000068
-0.1392387 1.08361259 0.18137291 1.41887015 -16.8735966 1.20724688 -3.51328538 -0.3951651 -0.42568838 -15.93780863 -0.74471951 -0.69660612 -15.92633222 -0.73306714 -0.69843464 -9.16209075 1.0688622 3.30507962 -23.26282174 9.31471566 0.49303775 -54.8206374 -37.5212531 24.21918149 -75.02414923 10.95989417 -47.36365025 0.00003784 -82.63280893 0.00003524 -33.71962471 -3.20028157 13.00253197 4.06922913 16.09566441 -20.3862939 -129.7668947 45.52734266 47.58140609 -0.00000187 63.90877811 0.00000301 5.79255779 -4.01601475 -18.57375825 -16.20510497 14.44533317 17.11842749 27.26040787 1.78699937 7.069863 -10.97333232 3.43475913 -20.99203461 -0.38499656 0.00000342 -0.00000267 -9.41460273 -18.50378663 -16.57510379 25.7469936 -1.02991822 -7.65985583 -16.79385346 -4.95739965 20.80567129 -0.79680266 0.00000931 0.00000389
-0.13382164 1.08075332 0.19725362 1.94426695 -16.46694528 1.26369502 -3.81904346 -0.12687204 -0.61592321 -16.89735563 -0.1393108 -0.9089942 -16.86940212 -0.11179199 -0.9075159 -7.63718291 1.00003523 3.33365232 -24.47291032 8.97225328 -0.9615555 -64.95816791 -40.00575661 16.38273011 -65.23463067 9.46990229 -48.16111178 179.99969121 -85.39032497 179.99971116 -39.09896176 -5.96366862 18.86349778 4.14649582 16.28689927 -19.45428391 -129.38266349 44.33577905 46.97671391 0.00008768 79.92664635 -0.00008341 -2.83700209 -6.78622452 -24.09402387 -16.95006559 14.555858 17.32317889 29.15240063 1.18518913 6.4737484 -12.76851774 3.69130598 -20.29273076 -0.39403157 4.9e-7 0.00000599 -8.33950299 -18.67624331 -16.47773706 24.20077492 -2.0762137 -8.1796471 -16.42577612 -5.02495156 22.15025093 -0.93167715 -0.00000309 0.00000277
-0.12888922 1.07917336 0.20837229 2.31814207 -15.22919594 1.00838135 -4.05788078 0.13313639 -0.81253751 -17.71913821 0.4480071 -1.17538876 -17.70134536 0.48996346 -1.16929217 -4.60344532 0.56627815 3.57054339 -21.5409696 7.11477936 -2.28544146 -75.30901432 -40.05549944 5.75192384 -54.96376886 5.10058397 -47.42644578 -179.99997647 -74.02984388 -179.99997122 -44.12248527 -8.90590271 24.56923642 4.18022174 16.52518589 -17.46956407 -128.39814832 43.91550005 47.08297657 -179.99988842 86.19595213 179.99987796 -12.0971087 -7.80358939 -30.4727731 -18.23666808 14.86678647 18.16776605 30.80126378 -0.6391008 5.64233679 -14.04315814 3.77576272 -19.14880084 -0.41345154 0.00000296 -0.00000596 -6.72874373 -19.08920217 -15.99369942 22.19375514 -3.73131704 -8.28371753 -15.82213683 -4.81837328 23.21922113 -1.07277512 0.0000019 -0.00000572
-0.12421346 1.07849136 0.21263729 2.76007561 -13.22615957 0.58572511 -4.16494484 0.33689414 -1.00627065 -18.18972848 0.91341025 -1.44207933 -18.22001268 0.96840166 -1.43107073 0.56458478 0.05082311 3.26462179 -12.86637254 4.14665376 -2.57612747 -83.1429531 -37.72393808 -1.71302251 -46.94498506 -0.91010522 -45.48565178 -179.99999715 -66.92169993 179.99997788 -48.60284821 -11.08690553 29.02673184 4.10661379 16.4539655 -15.53720389 -126.81578179 42.90047519 46.6058946 179.99998989 76.63081474 -179.99998064 -20.94850683 -6.73353476 -36.50387551 -20.34836778 15.07356013 19.45928833 32.2851787 -3.48430189 4.62603725 -14.71886645 3.65920425 -17.6036425 -1.20364062 0.00000129 -0.00000436 -5.2039182 -19.55059825 -15.21388753 20.33119348 -5.32945917 -8.06695325 -15.22826148 -4.77795045 23.78400358 -1.22534274 0.00002278 0.0000086
-0.11896727 1.07880982 0.20912357 3.58325745 -10.93672332 0.19435684 -4.07776602 0.49075955 -1.12556694 -17.99999741 1.24503321 -1.58764177 -18.00109735 1.30660173 -1.57324915 6.92344079 -0.33346595 2.4256357 -0.56915973 1.31793203 -2.31812111 -86.29742571 -34.63161451 -5.02815244 -42.05521232 -7.32017274 -42.60552054 -179.99997328 -64.60666172 -179.9999787 -52.37427672 -11.47547301 31.21207442 3.96686784 15.90755274 -14.77503789 -125.24222183 40.47726272 45.50065201 -179.99996003 71.44324504 179.99994716 -28.69744498 -4.25656178 -40.55365498 -23.18381313 14.83852247 20.63455867 33.39241842 -6.26549868 3.54016674 -14.64892063 3.35176663 -15.94814277 -3.27970353 -0.00000265 -0.00000106 -4.56097621 -19.79718998 -14.43516277 18.98592557 -6.41400511 -7.62614295 -14.71329317 -4.95078354 23.81548993 -1.34944531 0.00002131 7.9e-7
-0.11174242 1.08125573 0.1974489 5.06208785 -9.05409466 -0.02789433 -3.76625289 0.64229327 -1.15466662 -16.93464559 1.51890116 -1.64507466 -16.88978318 1.57401655 -1.63132279 12.58709267 -0.54991511 1.54391596 10.54907105 -0.6344136 -2.21181364 -84.5917927 -31.51005766 -5.4716704 -39.18450273 -13.23882501 -38.62583227 179.99998452 -65.68684568 -179.99999747 -55.42710833 -9.3548361 30.75502 3.78227147 15.01487039 -15.25558174 -124.3955388 36.93890664 44.42500286 179.9999502 69.8660894 -179.999964 -36.42266122 -0.98426536 -40.95290797 -26.34068083 14.06970934 21.08039388 33.63726678 -7.67424204 2.54006555 -13.6560244 2.90644373 -14.55182241 -1.93284118 -0.00000775 0.00000194 -5.4577284 -19.78486688 -14.09007262 17.97146991 -7.15343838 -6.8965004 -13.9306713 -4.73833785 23.44210857 -2.13587281 0.00001439 0.00000138
-0.09959573 1.08552497 0.17779712 7.25107756 -7.99517653 -0.0557044 -3.15034548 0.81977466 -1.1022256 -14.89183618 1.782409 -1.76166716 -14.8754154 1.81292884 -1.75488474 16.2712488 -0.6752306 1.15487991 17.00130578 -1.52636404 -2.53041482 -78.70324559 -27.71338062 -2.28018976 -37.15705297 -19.1043224 -33.75344146 -179.99995101 -69.87763583 -179.99994254 -57.74412725 -4.64670487 27.924141 3.52761632 13.97159253 -15.97186387 -124.32173684 33.22055198 43.65671154 179.99992966 70.64126529 -179.99992081 -46.97779858 2.22425091 -36.56984361 -29.7460865 12.83743957 20.63994702 33.23881028 -7.46735463 1.66193071 -12.02955986 2.41513841 -13.3416105 -2.05945779 0.00000158 -0.00000422 -8.47239882 -19.52268981 -14.65752412 17.64616548 -7.58373591 -5.71816758 -12.47693053 -4.191468 22.80159053 -2.95331197 0.00000492 -0.00000161
-0.08644737 1.08151665 0.1459132 9.9371247 -7.84363843 0.11860295 -2.0749073 0.97186755 -1.25411921 -11.81059871 2.01232988 -2.2019357 -11.74905073 2.02633433 -2.19903991 17.79779673 -0.90981501 1.77251579 18.41613441 -1.59241032 -4.03181118 -71.81815525 -22.72378549 2.98084395 -36.28789486 -26.24345041 -28.71491502 -179.9999828 -77.55410958 -179.99996873 -59.39720461 1.27123547 23.92546466 3.19074509 12.79911999 -15.8006714 -123.94961289 29.94515788 42.94180345 179.9999834 72.07811836 -179.9999955 -62.30378978 2.98534361 -28.99963968 -36.42935585 10.16277439 20.4455489 37.17407881 -6.71009905 1.07008591 -9.59076459 1.94194217 -12.38117177 -5.32094637 -9.3e-7 0.00000104 -17.18315588 -17.87674268 -17.06896073 24.92049602 -7.40192354 -4.24460167 -12.41469101 -3.97806803 22.17830088 -4.55042313 -0.00000295 0.0000013
-0.07141276 1.07141204 0.10535051 12.7650394 -8.605314 0.53282122 -0.44847885 1.09777756 -1.55750983 -7.70542774 2.22345673 -2.84171281 -7.65724402 2.23258789 -2.83639457 17.58948302 -1.4135419 3.51112905 15.39507067 -1.51022581 -7.07746369 -65.12040171 -17.90012357 6.89490797 -36.56080289 -33.17937807 -23.10173793 179.99983592 -86.10631863 179.99984416 -61.42303285 6.56256675 20.05579504 2.81099203 11.44024499 -14.34737946 -121.73335013 27.15568383 42.38744861 179.99997931 72.15549747 -179.99997542 -79.80846022 0.3805212 -22.7631089 -43.29413565 7.70328389 20.22709484 40.80402935 -5.91331298 0.42093164 -7.70383438 1.65547252 -11.61640574 -6.68850875 1.2e-7 0.00000227 -27.55495319 -15.54072241 -19.9421057 33.41898671 -6.58677917 -2.44305804 -11.77135623 -3.64882273 21.18121928 -6.61955167 0.00000416 0.00000636
-0.05486202 1.0573065 0.06085554 15.28726652 -10.11182562 1.1632353 1.6190149 1.19616601 -1.85607995 -2.82644767 2.42876435 -3.39062397 -2.80587485 2.44349972 -3.37751439 15.9668117 -1.89154319 5.45541884 7.92614012 -1.42430823 -9.53291639 -57.08488986 -14.48523371 8.3203525 -36.67373832 -38.21349523 -16.2874312 0.00009194 -88.45331888 0.00009512 -64.64617761 8.72744703 17.93692405 2.49238235 10.03682541 -11.93641707 -116.69426289 24.70107239 42.74707484 179.99993574 69.83643743 -179.9999495 -93.85086066 -2.64451455 -19.07776477 -48.96234384 6.28828961 20.4398435 42.84830011 -5.64051357 -0.6531419 -7.43184016 1.59120663 -10.50831342 -5.31348892 0.00000157 -9.9e-7 -37.03875033 -12.96580791 -22.08124934 40.07454603 -5.65217936 -0.88804523 -10.56405203 -3.20484829 19.88109329 -7.60356101 0.00001236 0.00000415
-0.0386014 1.04115953 0.01725561 17.06143895 -11.8811802 1.76231332 3.81155587 1.21514038 -2.03884073 2.21913713 2.49840826 -3.74594392 2.33908799 2.52755793 -3.72244078 13.02480522 -1.85217927 6.28126671 -2.67653781 -0.86897635 -8.77078845 -45.79127558 -11.78210172 8.40435368 -36.04775928 -42.05749726 -8.65004984 0.00009956 -87.28766332 0.00010421 -68.20744852 5.46720868 18.22224319 2.33948168 8.99878101 -9.11170549 -108.75886997 22.80930836 44.4983565 179.99997852 66.95673778 -179.99998396 -99.94298965 -4.34630138 -14.64142866 -53.63476114 5.7752945 21.53627775 44.29298156 -5.8591054 -2.27478439 -7.74639816 1.58506015 -9.01631924 -3.76794595 -1.7e-7 -0.00000329 -44.18814202 -10.8275422 -23.04192622 44.13264215 -4.80773141 0.22827679 -9.97377754 -2.89231756 18.3674117 -6.52858516 0.00000196 0.00000468
-0.02491236 1.02544869 -0.02061021 18.10260626 -13.51665285 2.1167629 5.75785201 1.12950571 -2.10219234 6.66711363 2.29406978 -4.00640665 6.87892213 2.34230943 -3.9759993 9.25886678 -1.48459703 6.30478964 -12.80740925 -0.10269043 -5.92007861 -30.02156606 -9.06725996 7.84583907 -34.27357496 -45.10194885 -0.39307624 0.00000916 -86.33487355 0.00001054 -70.14098433 -1.72554402 20.05448197 2.36458001 8.74362689 -6.39648003 -98.42027041 21.84189336 47.03261008 179.99996856 67.01008267 -179.99997787 -98.0991977 -4.86053916 -8.38284787 -58.38187208 5.40988202 23.5093651 46.74402885 -6.72787556 -4.1407778 -6.48504058 1.45774506 -7.37163357 -4.91321344 0.000001 -0.00000269 -48.76301157 -9.78423288 -23.26460608 45.81193612 -3.70356085 1.19772708 -10.67173202 -2.7924302 16.59378968 -3.2749476 -0.00001247 0.00000797
-0.01600838 1.01236205 -0.04884247 19.33789854 -14.97047615 2.41601953 7.27452816 0.89270836 -2.26798987 10.10123619 1.82602801 -4.33362747 10.2650263 1.89150292 -4.30359732 5.68292547 -1.297164 6.79965722 -19.69513803 0.77260505 -3.78375861 -12.41043005 -7.51498026 6.24855032 -30.27577193 -48.54226487 9.03287288 -0.00001457 -78.9174388 -0.00001164 -70.90763763 -8.71235147 23.04930588 2.49347609 9.3809272 -4.39230182 -86.90462787 21.57886133 49.30729064 -179.99996918 70.81211861 179.99996861 -93.18545869 -4.32992507 -2.42662483 -62.42872122 5.23051932 25.6270234 48.49103503 -7.03041513 -5.79058913 -5.33083866 1.36912584 -6.02141895 -1.75522625 9.2e-7 -0.0000041 -53.40611129 -9.32218876 -24.10010467 47.72250433 -0.84182532 2.81530472 -10.17163602 -2.48213032 14.40327767 -1.50383416 0.00000545 -6.7e-7
-0.01093852 1.00181585 -0.06522941 22.2121415 -16.28701417 2.71015322 8.46283103 0.54627452 -2.46925697 12.6960762 1.13510094 -4.61833535 12.77520023 1.20648322 -4.59490989 2.93239325 -1.60596403 8.05269399 -23.61963085 1.41887776 -3.58834383 0.33555725 -7.58565083 3.75664228 -20.64543097 -54.54135317 22.27190594 0.00001392 -62.87037173 0.00001705 -73.916851 -10.99778423 25.40215592 2.69308794 10.67946283 -3.72531493 -76.51001758 22.08950845 51.14416312 179.99998618 76.7218816 -179.99999973 -89.17922829 -3.32416405 1.67493154 -67.088536 4.36833344 27.71436399 49.92506079 -7.09124882 -7.04619036 -4.70860839 1.3222356 -5.21956933 -1.38898697 0.00000268 -0.00000197 -58.40901282 -9.95502993 -25.54268646 48.3380061 3.10418515 5.88620349 -9.30699272 -2.05326456 11.43056997 -1.34704362 -0.00002997 -0.00000213
-0.00818836 0.99146302 -0.07171321 27.48790123 -17.14251064 2.9998792 9.5366353 0.09144023 -2.49625205 14.84980278 0.20087988 -4.47695694 14.98099157 0.2575279 -4.46676686 0.88856951 -2.41914138 9.34183301 -26.16324171 1.21194438 -4.61066056 3.92386481 -6.18730659 0.29327565 2.05211433 -61.60667003 45.48123492 -0.00001072 -42.13262528 -0.00000365 -80.72580073 -7.25245897 25.51771292 3.05513261 12.31279907 -4.6520259 -70.29154569 25.06936641 53.0895427 179.99983843 87.29064872 -179.99985103 -84.02712242 -1.47430423 3.91456537 -73.46408485 2.18680282 29.49648573 51.55370829 -6.65925378 -8.09268631 -4.57607295 1.2661333 -4.84191173 -1.47082626 0.00000112 -0.00000134 -64.29683511 -11.35402766 -26.91289816 47.7355167 6.31401947 9.73350391 -8.34327579 -1.66598448 8.52344996 -1.21152454 -0.00000949 0.00000635
-0.00689623 0.98053436 -0.07334725 34.61409865 -17.39685493 3.56416578 10.58284339 -0.41818404 -2.30186742 16.72168103 -0.80819869 -3.89182321 16.98836294 -0.77876794 -3.90308741 -0.77038914 -3.15754254 9.47927151 -28.10040013 1.08809385 -4.15490043 1.35774782 -0.21880599 -4.62757909 39.0078298 -63.27264556 78.50227197 2.5e-7 -23.32004941 -9.6e-7 -88.09105168 -1.57928902 24.74976727 3.6939664 14.07767375 -6.71771594 -71.08571361 32.05243799 56.20379993 -0.00000686 70.17907622 0.00001976 -72.71029395 1.96247874 3.76830704 -81.0952618 -0.80048938 30.79984955 52.97588884 -5.86292021 -9.43516025 -4.47442023 1.15829679 -4.51334133 -1.62664258 -7.7e-7 4.9e-7 -71.6056022 -12.81049392 -26.23954577 47.80895884 7.05670313 10.19786828 -7.88960511 -1.63142491 7.92048377 -1.17554442 -0.0000058 0.00000651
-0.00765177 0.9677394 -0.07578837 42.10764394 -17.30209835 4.87670351 11.56952419 -0.80333906 -2.13926078 18.29734822 -1.56257485 -3.42774755 18.50811806 -1.55958557 -3.46338939 -2.16441565 -2.60111507 7.14330736 -29.29353973 3.15900865 0.45600199 -1.08895987 7.64819767 -9.44750525 68.18333069 -60.10994442 99.89551918 0.00000746 -12.83469249 0.00000966 -91.42395172 3.09171037 23.86349375 4.57011402 15.92014981 -8.88442658 -79.46637092 41.14888861 62.01171541 -0.00000367 36.88451932 -6.7e-7 -54.95164943 5.00072081 0.22047639 -88.99555947 -3.27613791 31.27947894 54.35581913 -4.75657487 -10.13512222 -4.3147288 1.03862085 -4.63500565 -1.85830111 -2.3e-7 -4.9e-7 -79.50799379 -13.02345101 -25.49342388 48.84254435 6.77061415 10.18078547 -7.87126186 -1.61102614 7.84519484 -1.22256872 -0.00003821 -4.4e-7
-0.0098108 0.95294627 -0.08209395 48.18847284 -16.86873462 6.88678243 12.51984182 -1.00375227 -2.17965388 19.7168882 -1.92405612 -3.47065218 19.82772137 -1.91900773 -3.52637268 -3.2702044 -0.36871891 2.80412685 -29.53020824 5.62295671 7.84952943 -1.37428822 10.49791092 -10.89855275 80.8452655 -61.47926436 104.43093842 0.00000946 -13.11886741 0.00001228 -88.66331483 2.09014154 23.7589218 5.44377319 17.86809532 -10.11051442 -90.70211201 47.92491616 68.6227052 -0.00000488 10.56831115 -0.00001502 -38.30349388 5.44965988 -3.70935295 -95.85508804 -4.41816323 31.15680453 55.8221955 -3.73787687 -10.11973343 -4.09749752 0.93498643 -5.06967302 -1.9326563 -0.00000348 6.7e-7 -87.10765152 -12.17389084 -25.5502857 50.98344827 6.86542067 10.15569117 -8.1554668 -1.57868972 7.54654663 -1.29554443 0.00000777 -1.8e-7
-0.01181053 0.93728067 -0.09117795 51.57667576 -16.07668757 8.7410271 13.51478541 -1.06885599 -2.29445022 21.221762 -1.98337731 -3.77888621 21.20110745 -1.94335389 -3.84737692 -4.08668379 0.96980104 0.8838599 -29.4579714 5.71282266 10.56937974 -0.59296737 6.80784425 -8.03943593 80.19690511 -69.14210769 98.70968078 -0.00000468 -16.23376242 -0.00000697 -82.39296741 -2.16352168 26.22441326 6.03749633 19.94229362 -9.98474337 -96.23547407 50.63127413 69.84211365 0.00000662 3.72404872 -0.00001986 -30.93067479 6.82942167 -3.75133924 -100.60629814 -4.45642655 30.92192099 57.34963573 -3.48622866 -10.10346717 -3.86972892 0.87409058 -5.2501903 -1.98661892 0.00000702 -0.00000333 -93.17432986 -11.07083344 -26.64791729 53.96978289 7.80309984 10.12612545 -8.66087378 -1.56850295 6.86964358 -1.35470609 -0.00002536 -0.00000206
-0.01312711 0.92342331 -0.09959339 52.32486827 -15.27705456 9.66177634 14.51577449 -1.0999005 -2.23481707 22.8119046 -2.00727736 -3.79022489 22.78978518 -1.93821933 -3.8694611 -4.67747059 1.5159856 0.66230552 -29.24617084 6.79220447 10.51176849 0.61617862 2.00922817 -4.11838114 47.30399809 -77.82161181 65.73084344 -0.00000426 -22.90323792 0.00000409 -76.51647347 -4.86608803 29.60330489 6.2836854 22.07115086 -8.95764731 -94.89791899 50.53110262 65.51601898 -0.00000609 6.43188239 -0.00001064 -33.43220933 11.59062755 0.79156371 -103.08827886 -4.09348239 30.70014321 58.84284216 -3.98368861 -10.08685195 -3.72295684 0.86624518 -5.14923536 -1.99036671 -0.00000471 -0.00000623 -96.79340575 -10.27881194 -28.21844328 57.0150949 8.98938548 10.0970777 -9.28348109 -1.58598135 6.08486158 -1.4045254 -0.00002509 0.00000486
-0.0147213 0.9141455 -0.10494273 51.82129563 -14.80819692 9.76330584 15.31720324 -1.17310813 -1.98237867 24.15084478 -2.18443937 -3.37880968 24.17144465 -2.12362943 -3.47179836 -5.10404874 2.27334892 0.04028804 -28.84713422 9.04698577 10.72359818 1.13372688 0.12958753 -2.17187856 -4.41576541 -81.31952716 14.23603398 0.00000557 -24.06545218 -0.00001738 -72.39455384 -5.04490781 30.57031934 6.39433925 24.10393636 -7.93600745 -92.92349929 49.8557374 61.70134241 0.00000553 8.47846589 -0.00003287 -39.64868754 16.76834997 7.84783592 -103.97907802 -3.89534401 30.66502855 59.92759236 -4.72686062 -10.07342261 -3.64721862 0.88593465 -4.99887723 -1.97386764 -0.00000429 -0.00000628 -98.24664713 -9.87351046 -29.33013387 59.29147405 9.56408524 10.07533464 -9.87499474 -1.5291526 5.55403025 -1.46409754 -0.00003154 -0.00000349
-0.01762804 0.91016381 -0.10752784 51.76603741 -14.62338946 9.87806752 15.72984042 -1.26227205 -1.73592392 24.86523617 -2.41887538 -2.91745334 24.89009358 -2.38564729 -3.02286462 -5.42750865 3.11438993 -1.26678466 -28.32135815 10.81307008 11.49835638 1.0000131 0.15801615 -1.93988946 -49.28507471 -78.56007272 -30.74633362 0.00001293 -24.38514489 -0.00001284 -69.48339885 -4.43662625 29.19036966 6.6239384 25.90920423 -7.50867594 -93.39403156 50.1280236 61.06684204 0.0000046 7.56412679 -0.00000115 -42.19879682 20.10940803 12.52259916 -104.37469476 -3.9132944 30.77769408 60.24391326 -5.03736804 -10.0679112 -3.53744058 0.90537173 -5.12005667 -1.95493606 1.1e-7 0.00000349 -98.93829291 -9.53372139 -29.49812479 60.40640139 9.54685273 10.0671618 -10.25686116 -1.58194164 5.30126071 -1.47796873 0.00001924 -0.00000175
-0.02181228 0.90977325 -0.10917246 52.56931206 -14.5269048 10.60021849 15.77071821 -1.30589163 -1.6134364 24.92850393 -2.53684507 -2.68416583 24.91309608 -2.51911048 -2.79559081 -5.67802948 3.59912795 -2.57762581 -27.83069201 11.21135532 11.86226084 1.05094089 -0.4149992 -1.38990282 -62.85469034 -71.97649577 -44.97920874 -6.4e-7 -27.08391463 -6.8e-7 -67.68813603 -4.61079935 27.64175579 6.9734667 27.42627912 -7.50602658 -94.72823185 50.62568391 61.99512294 -0.00000286 6.71744465 0.00000943 -38.16236659 21.50007185 11.81902165 -104.68830211 -3.92758014 30.84295875 59.88495309 -4.55309584 -10.0706783 -3.34478889 0.9186185 -5.64369673 -1.94396632 -0.00000483 -0.00000183 -99.8332517 -8.93567292 -29.047179 60.7010316 9.24649409 10.06810434 -10.36299315 -1.59943326 5.13069516 -1.45051469 -0.0000194 -0.00000707
-0.02658703 0.91069214 -0.11115751 53.05015534 -14.63271168 11.6518554 15.64627926 -1.26701734 -1.61690906 24.70761833 -2.45255944 -2.71309825 24.66016622 -2.42735838 -2.82123376 -5.80697983 3.66230577 -3.26679938 -27.38113395 10.89721471 11.09959598 1.52918658 -2.42432874 0.49595225 -63.84281619 -65.27358673 -46.86427492 7e-7 -29.88237381 0.00000166 -67.42660965 -6.00508624 26.94267013 7.20652398 28.63551352 -7.34032757 -95.18071413 50.36840002 62.66344399 -0.00001005 7.5359188 0.0000082 -29.1833973 20.20708242 7.09663365 -104.30941391 -3.83266386 30.96129688 59.41839856 -3.59552097 -10.07520586 -3.17624433 0.94207503 -6.38335275 -1.95522498 0.00000572 -0.00000269 -100.4045576 -8.22172322 -28.48127347 60.79189584 9.19207023 10.07071977 -10.33876823 -1.54530424 4.80609615 -1.40281965 0.00001794 0.00000257
-0.0317723 0.91168289 -0.11355318 51.99191535 -15.26093355 12.35644541 15.56399353 -1.15301999 -1.67749091 24.61717087 -2.20923043 -2.85101333 24.58787924 -2.16824699 -2.94695375 -5.70178455 3.53576407 -3.54147626 -26.6958615 10.54981366 9.38959159 2.25389534 -5.24164951 3.39557323 -63.07844406 -60.22241137 -46.82690868 -0.00000792 -30.21950737 -0.00001569 -68.38212357 -8.33522819 26.38227683 7.15835722 29.49320428 -6.73462983 -95.65431411 49.70175715 63.53189922 -0.00000409 8.43504325 -0.00001 -18.42674269 15.84851701 1.63189642 -102.59314444 -3.65665643 31.46833097 59.32124484 -2.83202447 -10.07567789 -3.15715547 0.98944315 -7.06002348 -2.00038532 0.00000563 -6.5e-7 -99.63775319 -7.74693069 -27.94901953 61.11162367 9.53242466 10.06948377 -10.41825027 -1.42928267 4.27413202 -1.36357735 -0.00000579 -0.00000687
-0.03782991 0.91268822 -0.11594792 49.40350803 -16.315559 12.39189997 15.57565081 -1.01739014 -1.69094901 24.77130679 -1.94934726 -2.87449496 24.78510848 -1.90485934 -2.95531298 -5.2865542 3.41639275 -3.84095567 -25.5424688 10.33664342 7.38910624 2.99259347 -8.18386144 6.87200326 -61.61883031 -56.00474325 -46.12264615 -0.00001483 -28.69449667 0.00000592 -69.43140492 -11.32402837 25.24200067 6.9343727 29.9101202 -6.0150755 -97.62242977 49.53850944 65.67996341 -0.00000295 7.45360029 0.0000263 -8.74332517 9.91698338 -2.10818559 -99.67554504 -3.43058394 32.35621127 59.50197964 -2.56611472 -10.0724508 -3.24322373 1.03796467 -7.58918902 -2.07000697 -0.00000427 -0.00000121 -97.41069256 -7.52106036 -27.43572213 61.81692921 9.60255417 10.0635144 -10.74811377 -0.93472767 3.74584881 -1.40491215 -0.0000148 -0.0000028
-0.04514376 0.91421875 -0.1181625 46.2393809 -17.31811351 11.96112392 15.59565576 -0.91361076 -1.61589182 24.99312776 -1.79130854 -2.70828228 25.01347638 -1.76087522 -2.77731535 -4.5780783 3.36973389 -4.24838617 -23.92199076 10.30411963 5.50492697 3.63890372 -10.76725991 10.79691802 -60.1803123 -52.10970742 -45.80352885 0.00000272 -26.29353285 -0.00001797 -69.78976516 -14.7000084 23.72896394 6.76414059 29.8061376 -5.70653972 -100.59196134 50.09959185 68.78087706 -0.00000343 5.34580755 0.00002073 -2.08765263 5.19958266 -3.82009556 -96.28583963 -3.16843657 33.26497219 59.50489649 -2.64120209 -10.06903422 -3.25613369 1.06446546 -8.06580968 -2.1312493 0.00000424 0.00000481 -94.51955043 -7.31751043 -26.89093933 62.644434 9.58682564 10.05822356 -11.31629143 -0.64244299 3.26524175 -1.41942471 -0.00001513 0.0000024
-0.05366035 0.91671166 -0.12009891 43.30154278 -17.98777335 11.40166446 15.53500328 -0.85616696 -1.50257665 25.09389984 -1.74247188 -2.46538193 25.08444544 -1.73323857 -2.52735569 -3.64347908 3.36467288 -4.5536823 -21.971154 10.46841057 3.78704778 4.09144394 -12.4136465 14.78828874 -59.41977473 -49.01121615 -46.55695391 0.00000327 -23.38013609 0.00000587 -69.64433553 -17.950697 22.40265091 6.73238746 29.1599947 -5.98080608 -102.86748856 50.93971126 71.63012436 0.00001548 3.873566 0.00000462 1.01144403 3.47868393 -4.60611973 -92.98823195 -2.88694186 33.94734646 59.0417361 -2.84311239 -10.06832921 -3.09415533 1.08191203 -8.58357222 -2.15556319 -0.00000295 -0.00000299 -91.67050943 -7.04588941 -26.30824924 63.34338427 9.54303074 10.05524846 -12.00974272 -0.69463668 2.83959564 -1.37615303 -0.00000829 0.00000135
-0.06294804 0.92029595 -0.12154535 40.68546955 -18.39910132 10.83424249 15.38860213 -0.83047948 -1.42670409 25.06035023 -1.74411015 -2.31152852 25.03542591 -1.74869285 -2.36938204 -2.54641397 3.31093213 -4.50882567 -19.83051029 10.68380288 2.21532378 4.18141156 -12.78506955 18.03854994 -59.96437309 -47.54855838 -48.61611477 -0.00000203 -19.81193004 0.0000176 -69.52693808 -20.44278822 21.43536653 6.73087201 28.02888064 -6.57174059 -103.56914426 51.5828963 73.56656344 -0.00000641 3.28917047 -0.00000736 2.02146032 4.02902757 -5.17325203 -89.79735481 -2.61155765 34.41815301 58.1523996 -3.08953604 -10.07065369 -2.80790722 1.11305782 -9.16513335 -2.14273078 -9.4e-7 0.00000214 -88.93339287 -6.76765452 -25.69021865 63.81363537 9.4975314 10.05452825 -12.74015114 -0.9654132 2.451083 -1.30502966 -0.00003353 -0.00000184
-0.07257345 0.92476837 -0.12246429 38.13178061 -18.73320549 10.23070145 15.21044403 -0.82959791 -1.43083156 24.99565613 -1.76896132 -2.33457009 24.98396032 -1.77438351 -2.39009065 -1.33683826 3.15907872 -4.0671003 -17.6022118 10.79019753 0.880718 3.93856568 -12.21562017 20.0029585 -61.53520225 -47.55612694 -51.3239672 0.00000508 -16.07959736 0.00000198 -69.42326736 -22.01071219 20.71712186 6.63963245 26.57932097 -7.13035067 -102.65469607 51.73769631 74.46419008 -0.00000712 3.81609503 0.00002404 3.36310789 4.38553945 -5.62152105 -86.48966759 -2.35450882 34.79041109 57.00797834 -3.37128803 -10.06423505 -2.4930758 1.16197878 -9.80866826 -2.11011611 -0.00000685 -0.00000559 -86.06653698 -6.47053598 -25.00422429 64.15513855 9.0431306 10.05409044 -13.47335017 -1.00371698 2.20524226 -1.29866265 -0.00002988 -0.00000307
-0.08240892 0.92999161 -0.12315994 35.54149943 -19.0643113 9.5982338 15.04963741 -0.85404547 -1.51863493 24.97991978 -1.84441647 -2.51474248 24.98525541 -1.84633229 -2.56939488 -0.06294146 2.9855511 -3.48446988 -15.35181769 10.8476246 -0.02290863 3.62378564 -11.39826762 20.88099536 -62.83233107 -48.11589899 -53.3980832 -7.9e-7 -13.28216111 -0.00002503 -68.9320296 -23.15596959 20.20142174 6.46718552 25.07690598 -7.53416481 -100.1087528 51.38261885 74.12481885 -0.00000232 7.02425714 0.00001021 6.09374973 2.73284606 -5.83189574 -83.23881586 -1.91461704 34.51374004 55.88318666 -3.31939449 -8.92292014 -2.23083878 1.21248042 -11.05453023 -2.07576285 -0.00000213 0.00000706 -83.02283075 -6.11509142 -24.13661665 64.41740894 8.15012841 9.9643195 -14.19301322 -0.91391902 2.14377803 -1.3277062 -0.0000112 0.00000177
-0.09214997 0.9356157 -0.12365019 33.00248683 -19.35000115 8.96961326 14.92443627 -0.91534167 -1.64424455 25.02912681 -1.98657489 -2.76246937 25.02899932 -1.98411637 -2.81854653 1.22229901 2.89919909 -3.05523421 -13.13926108 11.02210046 -0.40562812 3.40281914 -10.76508052 21.29307101 -62.70655797 -48.60465934 -53.72677274 0.00000651 -12.1438836 -0.00001258 -68.08946208 -24.61607335 19.93900772 6.30194508 23.7614706 -7.86489977 -96.46835165 50.77269186 72.77742333 0.00001442 11.49200411 0.00003709 8.91433245 -0.4956886 -5.52372845 -79.98962943 -1.38434891 34.07637093 54.6394354 -3.18997854 -7.56075838 -1.9492431 1.24083119 -12.39505385 -2.04297421 0.00000105 -0.00000598 -80.11927955 -5.90836745 -22.69383734 64.81223289 6.69713374 8.91795141 -14.95807829 -0.96633092 2.6383008 -1.35553133 0.00001068 0.0000021
-0.1015713 0.94124917 -0.12395502 30.54202263 -19.54772176 8.33945033 14.83373374 -0.99962857 -1.78055412 25.12796256 -2.17887689 -3.02562695 25.1098518 -2.17377927 -3.08406352 2.4646666 2.9075083 -2.82371793 -11.05117512 11.33712923 -0.44200685 3.24772548 -10.31363926 21.72743015 -61.4673225 -49.04892042 -52.40303936 0.00001279 -11.9507415 -0.00000362 -67.57262919 -25.97537114 19.68460913 6.19484474 22.72066761 -8.20297755 -92.80212462 50.19792925 71.20955348 -0.00001332 16.99625835 -6.3e-7 9.59731783 -3.85293292 -4.91493663 -76.79425606 -0.81489707 33.65635174 53.30279184 -3.06020627 -6.33351965 -1.61760458 1.2502685 -13.60513807 -2.00735751 0.00000285 0.00000472 -77.27917838 -5.76962365 -21.26988999 65.10339645 5.17679772 7.79175562 -15.66902758 -1.04415386 3.20929412 -1.35799899 4.5e-7 -0.00000502
-0.1102822 0.94718241 -0.12431086 28.1321756 -19.67413139 7.75037846 14.75838079 -1.10223363 -1.92755099 25.23343975 -2.40683249 -3.31188068 25.21917314 -2.39835542 -3.37366016 3.61218722 2.9357943 -2.64663657 -9.195167 11.67469056 -0.40987724 3.08453603 -9.86875515 22.25688747 -59.89466107 -49.68983234 -50.79233576 0.0000039 -11.74616883 0.00000325 -67.58700522 -26.30827028 19.37440929 6.12124749 21.91404571 -8.50741065 -89.81573864 49.76270417 70.17506569 -0.00001882 22.46241564 0.00002402 7.35152758 -6.74040926 -4.59741619 -73.5969293 -0.18225042 33.13576684 51.84554052 -2.8109486 -5.14739566 -1.20882487 1.24998416 -14.73277604 -1.97547512 -0.00000423 -6e-8 -74.45497227 -5.6980714 -20.06016899 65.15939891 3.85232615 6.78778825 -16.24469314 -1.11353252 3.69021608 -1.34734631 -0.00001025 9.1e-7
-0.11805224 0.95334341 -0.12493444 25.83881244 -19.84444315 7.30192115 14.65157508 -1.22505301 -2.10859268 25.25740607 -2.67107292 -3.66450874 25.25453514 -2.6570121 -3.73063243 4.61413277 2.94493575 -2.43804143 -7.67041004 11.99055216 -0.43823623 2.88581851 -9.32043688 22.59709027 -58.23092105 -50.48051309 -49.11167016 -0.00000342 -11.32339557 0.00001191 -66.86090421 -25.46707706 19.7115438 6.0261356 21.27414903 -8.66736185 -87.61227754 49.43239426 70.13030907 -0.00001003 27.53245204 0.00000407 3.86901168 -9.36821697 -4.74822277 -70.38443958 0.49730061 32.49766266 50.28518114 -2.35504166 -3.95768954 -0.74702305 1.24372978 -15.85290288 -1.95816166 1.4e-7 -0.00000749 -71.74368283 -5.6137165 -18.95493289 64.99860129 2.72870671 5.8115466 -16.64514795 -1.18166375 4.10913048 -1.32745821 -0.00001579 -0.00000849
-0.12474746 0.95903548 -0.12572656 23.80028076 -20.17340006 7.01917064 14.45966015 -1.37844023 -2.31518981 25.10416159 -2.99465495 -4.0606993 25.09838689 -2.97537104 -4.13206327 5.41617506 2.99089846 -2.30362373 -6.55138039 12.42336845 -0.48680918 2.66010728 -8.65042566 22.42676579 -56.21773427 -50.80339787 -47.26352315 0.00000101 -11.45782772 0.00001661 -63.37985203 -24.49163157 21.69203411 5.88096335 20.7554388 -8.62362543 -86.02724317 49.20525739 71.19477219 -0.00000254 32.17112173 0.0000081 1.85950779 -11.94939179 -4.98902908 -67.34272705 1.16490495 31.91392465 48.78757285 -1.76789438 -2.85904016 -0.31524435 1.23289837 -16.92716089 -1.95919007 0.00000106 3.7e-7 -69.32391656 -5.448111 -17.8476613 64.73285347 1.76449539 4.85303319 -16.88853339 -1.24936891 4.48954471 -1.30709337 0.00000435 -0.00000117
-0.13017478 0.96370879 -0.12633449 22.09423492 -20.63195397 6.79538632 14.1691055 -1.56427359 -2.50043851 24.74890175 -3.38177755 -4.40867481 24.73708299 -3.36057135 -4.48579728 5.95931988 3.12008789 -2.33994491 -5.92076478 13.04828941 -0.44773217 2.42066048 -7.87970493 21.71680474 -53.86084546 -49.38852217 -45.5602606 0.00000152 -13.85087536 0.00000525 -56.20505839 -24.23319094 25.71421876 5.70249855 20.32793142 -8.42824513 -84.91155067 49.14598136 73.06549043 0.00001412 36.30405022 -0.00002391 2.4718596 -14.43092655 -4.86042567 -64.72573147 1.75859476 31.54355784 47.5445577 -1.23268599 -1.95584394 0.01325428 1.22191907 -17.83740975 -1.97246853 -0.00000246 0.00000635 -67.2811204 -5.28171064 -16.81624646 64.44009405 1.00721082 4.03681933 -17.02799586 -1.30428484 4.78418033 -1.29496012 0.00002388 -0.00000313
-0.1341062 0.96748054 -0.12644459 20.67001558 -21.14400872 6.51083616 13.82350383 -1.74096164 -2.64829786 24.2677581 -3.74733593 -4.67996648 24.253835 -3.72667534 -4.76134246 6.19496746 3.26384553 -2.41427221 -5.89481096 13.68154499 -0.28135405 2.1770497 -7.0560954 20.7448048 -51.30132401 -45.17591969 -44.52787063 -6.6e-7 -19.79767473 -0.00000953 -45.85309631 -23.75190373 31.3874648 5.52785635 19.9539013 -8.19846266 -84.20580852 49.27955088 75.09287073 0.00000689 39.84336684 -0.00001556 4.30968886 -16.61645337 -4.42040788 -62.60276584 2.26648103 31.41176612 46.63071006 -0.85769598 -1.2460989 0.20705861 1.21775786 -18.52236196 -1.98718632 3.3e-7 0.00000713 -65.53521648 -5.2444024 -15.98634832 64.10288423 0.54163938 3.46661956 -17.09054018 -1.33281278 4.93781679 -1.29282672 0.0000059 -0.00000602
-0.13642959 0.97076561 -0.12606895 19.42454409 -21.74948887 6.15504797 13.49426285 -1.84852779 -2.77874516 23.79359448 -3.97298468 -4.91415013 23.7752736 -3.95350316 -4.99585514 6.11296285 3.32815308 -2.36031893 -6.56534 14.11195646 -0.12878577 1.95303755 -6.28583331 19.83778066 -49.39344651 -39.46750042 -44.79492025 -0.00001083 -27.14520394 0.00000202 -34.97861752 -22.32711442 36.47207262 5.37304016 19.55886218 -8.03232694 -83.95954665 49.53355191 76.71107121 0.0000068 42.72645281 -0.00001893 5.04786706 -18.36974764 -4.19896673 -60.8348917 2.73279312 31.47019931 46.01523901 -0.57595704 -0.65663212 0.26191701 1.22637738 -19.03202112 -1.99244273 5.7e-7 -0.00000614 -63.96792032 -5.3451986 -15.33251698 63.67326823 0.38964079 3.09747268 -17.0538531 -1.33293926 4.95814514 -1.29734784 -0.00003388 7e-7
-0.13718929 0.97384049 -0.1254055 18.26940355 -22.51939973 5.77752531 13.22813332 -1.87725046 -2.88904673 23.42241968 -4.04094447 -5.10820929 23.39865383 -4.02314297 -5.18644179 5.74615146 3.31965846 -2.21663307 -7.91512626 14.39599058 -0.20775004 1.79761314 -5.74530065 19.18828299 -47.76070447 -34.16344838 -45.44517267 -0.00001992 -33.89726131 4.9e-7 -26.64081205 -19.90588353 39.69780319 5.21719844 19.04086374 -7.9450982 -84.26957951 49.80008025 77.88194763 0.00000201 44.92938625 -0.00001633 3.88269716 -19.7033621 -4.47291671 -59.23949377 3.20124079 31.62995469 45.63193348 -0.25761387 -0.10369525 0.18916153 1.25061951 -19.46113996 -1.98077413 0.00000113 -0.00000445 -62.50368373 -5.49041566 -14.73692095 63.14179588 0.48190966 2.79253666 -16.89440212 -1.31770942 4.92126446 -1.30395271 -0.00002334 0.00000765
-0.1364453 0.97679475 -0.12444818 17.12793402 -23.37837706 5.38085082 13.01612624 -1.8819035 -2.95773144 23.14472174 -4.05803862 -5.22598025 23.12559517 -4.04252802 -5.29993761 5.14390723 3.31249746 -2.08888847 -9.84009193 14.79767707 -0.56960132 1.75569798 -5.58957585 18.85940174 -45.49886763 -29.88673317 -45.32006608 0.00000248 -40.02508243 0.00001337 -21.31643477 -16.67266873 41.58929066 5.03591576 18.37125259 -7.87876384 -85.1540835 50.02309196 79.04351653 -0.0000119 46.43573834 0.00000111 2.02954984 -20.80792449 -4.91228774 -57.72047461 3.66463722 31.75506538 45.42763623 0.12180901 0.46989288 0.00687581 1.29158936 -19.84954669 -1.95162246 0.00000202 9.2e-7 -61.0764061 -5.61555463 -14.1792584 62.54433815 0.6999203 2.4583205 -16.6416297 -1.30886114 4.92988487 -1.31013316 0.00000238 -0.00000293
-0.13428743 0.97968537 -0.12298023 16.03902975 -24.17247652 4.95499879 12.81034205 -1.92990995 -2.98815287 22.86667786 -4.15626185 -5.27125803 22.86185978 -4.14370402 -5.34326049 4.35056755 3.361866 -1.99627301 -12.22558254 15.50207607 -1.01389379 1.81833184 -5.7860317 18.79052627 -42.5113091 -26.11867852 -44.47766348 0.00001172 -45.74809421 0.00000438 -17.67028676 -13.01391742 43.30349561 4.84969191 17.70489343 -7.77274756 -86.4239544 50.21326122 80.54099961 0.00002439 47.24183597 -0.00003153 1.02281928 -21.91169851 -5.05353271 -56.33916403 4.07634598 31.77333943 45.36100141 0.50592943 1.03057186 -0.25691945 1.34721463 -20.15337614 -1.91111604 -9.9e-7 -0.00001019 -59.69668352 -5.71985243 -13.71864068 61.89390603 0.94624687 2.1034965 -16.33564562 -1.31937879 5.04289206 -1.3153848 -3.3e-7 -0.0000032
-0.13096837 0.98264167 -0.12100916 15.16788293 -24.86377349 4.55360375 12.57619335 -2.0463619 -3.01420861 22.5158999 -4.38806597 -5.29787826 22.51177857 -4.3797559 -5.37084776 3.40307562 3.48104331 -1.9181359 -14.97252195 16.47011195 -1.2379727 1.9113106 -6.07968708 18.78664523 -39.33730161 -22.21384193 -43.69687114 0.0000017 -51.06890257 0.00000917 -14.39876597 -9.51333526 45.14356025 4.71759976 17.29539531 -7.62209683 -87.68747355 50.42558207 82.19083907 -0.0000053 47.65527137 0.00000863 1.26263685 -22.71423444 -4.79239456 -55.23607441 4.43304449 31.77261059 45.36804946 0.85302744 1.44510612 -0.5529646 1.40750231 -20.29284431 -1.86714396 4.6e-7 0.00000147 -58.48248352 -5.81014514 -13.35236419 61.14614397 1.19866284 1.77667231 -15.96295911 -1.3446582 5.23767608 -1.31952787 0.00001521 -7.5e-7
-0.12678065 0.98579772 -0.11887423 14.56786881 -25.51292294 4.22906432 12.3306655 -2.20618206 -3.04880192 22.12708115 -4.70716194 -5.32770298 22.09751096 -4.70463626 -5.40304532 2.33832136 3.65153297 -1.86526112 -17.98400965 17.52312332 -1.13507989 1.95129446 -6.19839714 18.64860641 -36.50678376 -18.24466871 -43.45395122 -0.00003547 -55.78708442 -0.00002571 -11.1888106 -6.70297313 46.54464664 4.67237788 17.22585914 -7.47669966 -88.56448331 50.73423335 83.50900244 -0.00000783 47.89497242 3.4e-7 2.31710421 -22.14950548 -4.3316391 -54.43221783 4.80595563 31.87291329 45.3758448 1.12284266 1.61276853 -0.83433571 1.45855929 -20.21882638 -1.82459593 0.00000369 0.00000295 -57.48198465 -5.89225644 -13.04288774 60.26410543 1.4969764 1.49013812 -15.49010896 -1.37322439 5.45696005 -1.32231948 -0.00003357 0.00000224
-0.12181092 0.9891719 -0.11678887 14.12049619 -26.12771747 3.95956203 12.11863533 -2.3685513 -3.05567023 21.79508612 -5.03090382 -5.30132843 21.74982026 -5.03503861 -5.3788603 1.19690795 3.83897896 -1.86695731 -21.14912061 18.51026906 -0.89804578 1.91593372 -6.0720759 18.34016416 -34.18066007 -14.58082026 -43.68922215 0.00000474 -59.84859078 0.00000687 -8.38435565 -4.74783181 47.00508579 4.68619456 17.30603269 -7.39740417 -88.89637199 51.16136716 84.23770068 -0.00000595 48.09910181 -0.00000955 3.86874991 -19.29204485 -3.91324661 -53.80874849 5.21613227 32.02609995 45.35873519 1.31042333 1.60548058 -1.09431325 1.49571432 -19.97800272 -1.78247197 -0.00000223 -0.00000471 -56.60646469 -5.99244038 -12.81342709 59.26249495 1.87201531 1.23423832 -14.92249633 -1.40066962 5.67795258 -1.32384738 -0.00001455 -0.0000045
-0.11590384 0.99264648 -0.11454188 13.74881673 -26.66737659 3.70243746 11.94851278 -2.51196217 -3.00768239 21.54201069 -5.31244035 -5.17551655 21.51787116 -5.32313041 -5.25456169 0.02099223 4.0210409 -1.92719326 -24.34753891 19.4118991 -0.74088258 1.84090188 -5.81057375 17.94105042 -32.27866061 -11.35460206 -44.2473053 0.00001396 -63.31748876 0.0000278 -6.20824727 -3.4358691 46.57649907 4.70816006 17.30724647 -7.39894639 -88.69527817 51.61309751 84.48480237 -0.00001524 48.40359793 0.00003247 5.8577364 -14.60420479 -3.70970405 -53.27960598 5.5650719 32.06518801 45.36437777 1.51118043 1.59697363 -1.3709276 1.52880261 -19.68907593 -1.73294811 -1.5e-7 -0.00000215 -55.7865696 -6.12728745 -12.70549753 58.16985112 2.31053836 1.01461808 -14.28821168 -1.43081974 5.92509627 -1.32424738 -2.8e-7 0.00000515
-0.10890218 0.99609101 -0.11179352 13.49188835 -27.164072 3.46119136 11.77540133 -2.63361576 -2.9376439 21.2807202 -5.54709444 -5.01093861 21.27471796 -5.56381691 -5.09067004 -1.15269069 4.19861804 -2.0381914 -27.46690617 20.25994704 -0.63144478 1.75981745 -5.5175923 17.46312383 -30.65334843 -8.52476578 -45.02730545 0.00001669 -66.25485429 0.00002264 -4.44443168 -2.46390649 45.67597661 4.71025254 17.215535 -7.40689294 -87.92237249 51.91893437 84.42079963 0.00001544 48.8889087 -0.00002327 8.07473939 -9.8477474 -3.77400761 -52.85947411 5.78390995 31.95138449 45.46910046 1.83034073 1.64517813 -1.71204976 1.57023109 -19.41087917 -1.66832544 0.00000576 -0.00000388 -55.04092226 -6.26363239 -12.67809538 56.98894202 2.77684692 0.82495168 -13.59222742 -1.46709297 6.23738273 -1.32472467 0.00003475 0.0000019
-0.10082394 0.99951821 -0.1084053 13.35727071 -27.6909995 3.26734209 11.56271172 -2.73713268 -2.89666162 20.93726371 -5.74702108 -4.8990539 20.91348301 -5.76942527 -4.97851351 -2.29391987 4.37930198 -2.17881132 -30.43047756 21.06626248 -0.41232126 1.67578006 -5.19599339 16.82109971 -29.22085271 -6.11495673 -45.86545952 -0.00002971 -68.70976171 -0.00003374 -2.77566632 -1.72391965 44.6763375 4.68694869 17.17671193 -7.27363937 -86.47396638 51.94913022 84.0628351 -0.00002318 49.98468011 0.00000547 10.11277734 -6.53713419 -3.94417558 -52.54300914 5.93841211 31.77395224 45.69059922 2.27420357 1.66555879 -2.13336957 1.62096373 -19.09873102 -1.59114454 0.00000257 0.00000242 -54.36547585 -6.3496752 -12.66254904 55.70883653 3.24599158 0.61809972 -12.8254717 -1.50963865 6.64598758 -1.3270434 0.0000047 -0.00000148
-0.09178387 1.00305825 -0.10443103 13.22468131 -28.21396087 3.12044343 11.33745997 -2.83070246 -2.89039739 20.56276679 -5.93136289 -4.8513815 20.51562572 -5.95906108 -4.93010996 -3.36214069 4.56705941 -2.30763913 -33.17870851 21.84403568 0.00134338 1.58166427 -4.8150785 15.96711297 -28.02931215 -4.21554736 -46.58333535 -0.00000989 -70.7395568 -0.00000396 -1.12202744 -1.2747848 43.71293235 4.62415187 17.24313832 -6.87827912 -84.54811247 51.72360531 83.5034979 -0.00002271 51.94957103 0.00002535 11.72298189 -4.75848761 -4.04175348 -52.22354809 6.12735131 31.52699562 45.96660197 2.77090045 1.60858039 -2.60958912 1.67142238 -18.69632962 -1.51510534 -0.00000165 0.00001255 -53.66141005 -6.39724042 -12.71352416 54.33904933 3.74004754 0.35672666 -12.0068975 -1.55688312 7.1552639 -1.32744165 -0.00003544 2.4e-7
-0.08192248 1.00671164 -0.09994036 12.97266331 -28.61590504 2.98303832 11.16328744 -2.91200113 -2.88027065 20.2811201 -6.09363706 -4.80125642 20.23848532 -6.12599063 -4.87927241 -4.28915546 4.7537106 -2.40370584 -35.55295156 22.56350918 0.55874342 1.48631729 -4.40423683 14.9857021 -27.21010893 -2.83409178 -47.19943879 0.00000439 -72.40840009 0.00002863 0.48210003 -1.12670177 42.77709028 4.47717658 17.1507636 -6.26667337 -82.48215638 51.33886882 82.80606949 -0.00001523 54.13868646 -0.0000039 13.02719195 -3.60618159 -4.11537204 -51.82206705 6.37161039 31.1246821 46.25075962 3.23544616 1.50870913 -3.11608293 1.71428767 -18.1902163 -1.45309256 -0.00000127 0.00000546 -52.84005981 -6.47264898 -12.95707115 52.91732406 4.31028245 0.06063919 -11.18325297 -1.60687636 7.74180974 -1.31654784 0.0000399 0.00000458
-0.07137272 1.01019958 -0.09483798 12.66301015 -28.83096196 2.85124 11.07228775 -2.95600209 -2.82965451 20.15488376 -6.17961197 -4.68509744 20.12541275 -6.21583359 -4.76186922 -5.01494652 4.90744471 -2.45907405 -37.25042726 23.12789309 1.0513424 1.41501283 -4.06736897 14.09040294 -26.84464803 -1.80379894 -48.03334526 -0.00001614 -73.80858162 -0.00002074 2.13901274 -1.14408542 41.91735915 4.26061957 16.83100007 -5.54217487 -80.21927664 50.78456583 81.84760716 -0.00003776 56.05386058 0.00005015 14.32189384 -2.38807424 -4.30946826 -51.44049268 6.61435198 30.56256189 46.59381078 3.63499286 1.37652495 -3.66507422 1.7514438 -17.58078571 -1.40753404 -0.00000386 -0.0000036 -51.96725228 -6.59154083 -13.41907465 51.49558426 4.93512022 -0.23113076 -10.396879 -1.66008294 8.40408309 -1.29015971 0.00002903 -6.5e-7
-0.06023092 1.01312782 -0.08896294 12.49235958 -28.87827432 2.77240725 11.04372273 -2.92642846 -2.73211255 20.14083451 -6.11380156 -4.49357734 20.11107535 -6.15272957 -4.56777676 -5.57272859 4.9712683 -2.39989923 -38.0711707 23.40807666 1.20729787 1.38886785 -3.92207806 13.55554223 -26.86164792 -0.8352465 -49.5231291 -0.00001484 -75.0769003 0.00002015 4.0534632 -1.15086539 41.34996773 3.97795325 16.31033625 -4.65218831 -77.83153561 50.00143287 80.70566553 0.00001127 58.067742 -1.7e-7 15.79626625 -1.14520499 -4.64609095 -51.29014372 6.78245364 29.92321673 47.09976533 3.99982955 1.16875135 -4.28941116 1.78891911 -16.86588717 -1.37325095 0.00000274 -1.1e-7 -51.2159755 -6.69426498 -14.00722919 50.11834748 5.4654552 -0.50442843 -9.65943445 -1.71622752 9.17744312 -1.2587815 0.0000242 0.00000477
-0.04868222 1.01522888 -0.08248193 12.56777988 -28.84822198 2.77354509 11.0392673 -2.80408561 -2.61406705 20.16009058 -5.859385 -4.27354035 20.12927469 -5.90002089 -4.34336992 -6.08551312 4.90747817 -2.15540165 -38.20049278 23.3154637 0.94942143 1.40809753 -4.01025405 13.56550094 -27.06548817 0.2857042 -51.84536647 -0.00001897 -76.33457463 -0.00002759 6.30694892 -1.09036985 41.34949538 3.63605582 15.60927919 -3.55369868 -75.41721093 48.93902676 79.49193656 0.0000041 60.56266647 -0.00000665 17.45086964 -0.22542772 -5.02380145 -51.47234754 6.85689689 29.31271401 47.81906254 4.36465669 0.85997118 -5.00047539 1.829134 -16.07100024 -1.34554927 3e-7 -0.0000045 -50.69463977 -6.71890497 -14.59089225 48.82115785 5.74343643 -0.76717602 -8.95054287 -1.76766691 10.06687365 -1.24055529 -0.00001405 0.0000036
-0.03705898 1.01646164 -0.07588884 12.80882337 -28.82049027 2.83395497 11.04266707 -2.60741186 -2.50657375 20.17940353 -5.45768004 -4.07762926 20.15170971 -5.49972121 -4.14149942 -6.62716448 4.74982069 -1.81320881 -38.05225744 22.90285483 0.47432566 1.45367206 -4.25523314 14.06008208 -27.30940583 1.50107356 -54.70599983 -0.00002294 -77.60238914 -0.00003591 8.75440852 -1.06703172 41.9896555 3.25682677 14.73816625 -2.27613449 -73.15874775 47.6363632 78.40471801 -0.00000364 63.2960877 -0.00000303 19.17528417 0.2869882 -5.35781883 -51.89024314 6.87797447 28.77590712 48.70356608 4.70484791 0.48360953 -5.77559805 1.86863111 -15.25000943 -1.32493763 -0.00000363 0.00001165 -50.37038086 -6.64819647 -15.09883537 47.64373655 5.75591175 -1.04658868 -8.25921769 -1.807385 11.03015278 -1.23921298 -0.00003162 -0.00000636
-0.02566501 1.01693741 -0.06959144 13.04498334 -28.76498949 2.90143738 11.06724407 -2.37288637 -2.41381794 20.22792259 -4.9831659 -3.91157508 20.19935559 -5.0264693 -3.96872632 -7.16229093 4.55904206 -1.51626299 -37.90721494 22.3014347 -0.01718924 1.50013743 -4.52698027 14.77145023 -27.65483439 2.54045863 -57.55769469 -0.00004791 -78.81678809 -0.00005025 11.11166528 -1.24317207 42.99354292 2.87328846 13.66380511 -0.9554182 -71.22353281 46.23365515 77.62022827 -0.00003405 65.65000502 0.00004376 20.8337654 0.66424704 -5.66909627 -52.37366757 6.88515923 28.26459283 49.66042552 4.92103534 0.10402216 -6.57856424 1.9009711 -14.43553724 -1.31367934 -0.00000484 -0.00000334 -50.11561254 -6.5027824 -15.55237655 46.621478 5.60816815 -1.38362997 -7.61999854 -1.84179362 12.04085064 -1.23626036 0.00002065 -0.00000184
-0.01470751 1.01680252 -0.06373109 13.14411421 -28.53559485 2.89363767 11.13288907 -2.12795109 -2.31253789 20.34893466 -4.48883941 -3.73277171 20.31808815 -4.53319775 -3.78311082 -7.64096549 4.35188888 -1.29758717 -37.80888106 21.5632172 -0.51356603 1.53517766 -4.75727203 15.45217974 -28.28285347 3.2039028 -60.03250084 0.00010872 -79.94041395 0.00010987 13.08024456 -1.68759125 43.87751344 2.52130282 12.31654351 0.18047809 -69.66218214 44.92638305 77.1905685 -0.00001695 66.94234407 0.00001498 22.30145494 1.23906121 -6.04257125 -52.83301686 6.86284116 27.69064406 50.62155226 4.92402538 -0.21517617 -7.36376324 1.91969254 -13.61903287 -1.30774103 0.0000032 0.00000419 -49.79103203 -6.34114279 -16.02362343 45.77075669 5.363682 -1.7831158 -7.0960055 -1.88359411 13.10169424 -1.21236694 0.00002216 0.00000493
-0.00432206 1.01626503 -0.05825697 13.08558073 -27.90923647 2.76444894 11.23633877 -1.89871875 -2.16617795 20.53685452 -4.02129116 -3.47671367 20.51357758 -4.06607752 -3.52096826 -8.07010416 4.10963035 -1.11644499 -37.68082866 20.64955261 -1.09649097 1.5678906 -4.97366962 16.04837151 -29.2110234 3.51250276 -62.14266692 0.00004799 -81.03302528 0.00003142 14.46165028 -2.31426954 44.2858197 2.22171997 10.64514521 0.89538515 -68.3857912 43.88377348 77.02828659 0.00001225 67.25526531 -0.00003895 23.48657212 2.11151227 -6.53735055 -53.2717338 6.73857638 26.89932689 51.51763784 4.73149518 -0.4166789 -8.05903732 1.91956826 -12.78467468 -1.29596368 0.00000149 -5e-8 -49.32891062 -6.26012458 -16.65535667 45.08366637 4.98439372 -2.17459414 -6.73640292 -1.93833451 14.20405141 -1.1674223 -0.00003485 7.4e-7
0.0053131 1.01542923 -0.05306158 13.01781593 -26.72804841 2.60658379 11.34480946 -1.71543972 -1.95140875 20.72486407 -3.63277638 -3.1102061 20.71708462 -3.67550106 -3.15055321 -8.47752189 3.82240002 -0.94440204 -37.42997183 19.52721281 -1.76201257 1.60928216 -5.22159739 16.65996342 -30.178722 3.57538715 -64.08983425 0.00013348 -82.18930598 0.00012906 15.30909127 -2.98334765 44.21350556 1.96367547 8.68636879 1.06496205 -67.23179171 43.17740864 76.97644691 0.00000915 67.28559265 -0.00001064 24.34939887 3.12363114 -7.1513464 -53.77646092 6.43990861 25.72840079 52.28331158 4.43547851 -0.50009705 -8.60206115 1.90021113 -11.9383327 -1.27018745 3e-7 -0.00000365 -48.84129281 -6.29558049 -17.57953351 44.58115444 4.37571111 -2.49108347 -6.56367139 -2.00801063 15.3352584 -1.11560178 -0.00002256 -0.00000584
0.01372171 1.01430092 -0.04825081 13.14706295 -25.1361879 2.56005961 11.42233955 -1.57853413 -1.69916776 20.84388713 -3.32337788 -2.69633823 20.83584494 -3.36010526 -2.73513692 -8.84518002 3.50562994 -0.76101604 -36.95953357 18.26411702 -2.43398425 1.65323464 -5.49051176 17.37328807 -30.89035584 3.42630797 -65.97551112 0.00002546 -83.3863447 0.00003426 15.96428732 -3.65844181 43.91248488 1.7135147 6.5990879 0.76181018 -66.06468958 42.75608567 76.90477617 0.00001696 67.54509608 -0.00002679 24.90611725 4.06575065 -7.83571759 -54.4461421 6.00065941 24.28212498 52.88963051 4.10023144 -0.55766658 -8.98041587 1.86646852 -11.11206721 -1.23360905 -0.00000107 -0.0000038 -48.52648607 -6.35008281 -18.67884194 44.28554607 3.48736916 -2.757665 -6.54814719 -2.09208373 16.47633966 -1.06856359 -0.00001423 -2.8e-7
0.02020089 1.01316467 -0.0443412 13.40451875 -23.5709986 2.57706582 11.45982944 -1.43719849 -1.48218817 20.88435095 -3.00592451 -2.35552026 20.86424491 -3.0349546 -2.39247395 -9.09839845 3.19673956 -0.57941503 -36.18057317 17.01715396 -3.05900045 1.688462 -5.73694181 18.12459055 -31.32081858 3.03460301 -67.66978033 0.0000852 -84.44176062 0.00008366 16.79217793 -4.40286474 43.58974165 1.45471645 4.63210706 0.24045746 -64.8388208 42.47554578 76.76745949 0.00005406 67.84731396 -0.00005693 25.23818361 4.8593932 -8.50764128 -55.1590722 5.59488016 22.9803371 53.32145895 3.72495214 -0.65789489 -9.2149279 1.82554989 -10.36721709 -1.31549415 0.00000285 0.00000951 -48.33881278 -6.34420905 -19.60299107 44.124123 2.45955405 -3.03342521 -6.60195466 -2.17664481 17.52994158 -1.02477359 -0.00002867 0.00000166
0.02439801 1.01238609 -0.04175181 13.51146112 -22.35614763 2.49802682 11.47022796 -1.2525669 -1.34608606 20.88189362 -2.61649525 -2.15196424 20.86518714 -2.6393426 -2.18445464 -9.16947238 2.9288328 -0.45468384 -35.11328345 15.89470231 -3.60556815 1.71914664 -5.94105624 18.67334486 -31.68788157 2.34923597 -68.85252657 -0.00005283 -85.21679403 -0.00004925 17.80766792 -5.20340627 43.21064617 1.21625116 3.03611717 -0.1740492 -63.58519163 42.16839179 76.5949668 -0.00003985 67.60900285 0.00004559 25.5052301 5.52790985 -9.06089155 -55.65003109 5.35487167 22.12518566 53.59036182 3.31177183 -0.75487721 -9.33735569 1.7863841 -9.77140076 -1.81735804 0.00000772 0.0000027 -48.05556037 -6.34006103 -20.16251895 44.01508342 1.55951468 -3.29759921 -6.67211703 -2.24546191 18.35049866 -0.976207 -0.00001602 -0.00000147
0.02655553 1.01193542 -0.04025955 13.39184382 -21.43030615 2.28874451 11.46036024 -1.05324464 -1.28209848 20.85450456 -2.20908794 -2.0689333 20.85079101 -2.227083 -2.09546104 -9.07517246 2.68391797 -0.37217449 -33.96762111 14.84470452 -4.09295483 1.7570049 -6.09470399 18.71461801 -32.17571184 1.28060674 -69.20767664 0.00003794 -85.81951776 0.00002931 18.62117956 -5.89163466 42.57383934 1.05153599 1.96875529 -0.23758418 -62.34659615 41.7184549 76.43838915 -0.00000322 66.77041447 -0.00000747 25.90097103 6.03725148 -9.40288782 -55.8734021 5.23447353 21.62841825 53.74485204 2.89755164 -0.78355739 -9.37586417 1.75621676 -9.34268606 -1.60386816 0.00000435 0.00000553 -47.64171175 -6.43027566 -20.5014836 43.98493151 0.90735782 -3.45836387 -6.79305584 -2.29998698 18.88247628 -0.92287252 -0.00001925 0.0000068
0.02707067 1.01158417 -0.03943489 13.21897539 -20.57676633 2.03428948 11.42246895 -0.88704165 -1.25351752 20.78542563 -1.86899725 -2.04976861 20.78691875 -1.88159319 -2.07115772 -8.91522473 2.41958106 -0.27173077 -33.03742872 13.71747049 -4.50744875 1.79448022 -6.15760464 18.10187327 -32.77435531 -0.22668034 -68.70658921 -0.0001392 -86.47839781 -0.00014332 18.8198897 -6.29907778 41.55347073 0.98882523 1.44456568 0.11492841 -61.12946922 41.10235826 76.32139346 0.00006561 66.08364937 -0.00006524 26.54537584 6.26708642 -9.51035691 -56.01638021 5.13177078 21.29970937 53.81078101 2.44020544 -0.77080465 -9.338234 1.73047851 -9.02346486 -1.40797062 -1.8e-7 0.00000544 -47.26080943 -6.62380955 -20.81397354 44.09131208 0.40748743 -3.4578964 -7.00363137 -2.34985524 19.1760022 -0.87308822 0.00000553 -0.00000139
0.02611767 1.01129906 -0.03915563 13.15801383 -19.70360304 1.81415944 11.35461627 -0.770143 -1.21900932 20.66543111 -1.62397561 -2.02088821 20.66127148 -1.63067013 -2.03883989 -8.78285807 2.15626428 -0.20251281 -32.5020507 12.51009899 -4.7045251 1.80846245 -6.08184334 17.00459922 -33.34882816 -2.02978729 -67.73333595 0.00018569 -87.24915036 0.00018801 18.38007612 -6.45125405 40.27130794 1.01009876 1.34971164 0.77611708 -59.91098166 40.3794399 76.23467567 -0.00001122 66.11872992 0.00002816 27.41562857 6.16576617 -9.45601691 -56.23014398 5.01457713 21.07806615 53.76189977 1.90169902 -0.78646844 -9.20387628 1.70126533 -8.75549723 -1.2383003 -0.00000128 -0.00000113 -47.04605756 -6.86815842 -21.13351795 44.3300851 -0.07214422 -3.31790753 -7.29111534 -2.39856329 19.29761228 -0.83156425 -0.00000957 0.00000139
0.02365226 1.01124352 -0.03942141 13.21234591 -18.85544488 1.65048389 11.27332958 -0.6880722 -1.15161479 20.51956425 -1.44632838 -1.92729723 20.50858292 -1.44826763 -1.94297779 -8.68782987 1.9597761 -0.28786406 -32.33666893 11.37997336 -4.58684912 1.79112437 -5.8860156 15.81163053 -33.77897304 -3.81298605 -66.83849512 0.00024578 -87.97025423 0.00025025 17.66846816 -6.55412675 39.02469779 1.07341374 1.50758977 1.56049306 -58.6779718 39.64382741 76.16155509 -0.00000513 66.40009885 0.00000699 28.39269174 5.8388174 -9.36273029 -56.4722362 4.88458973 20.9388763 53.55510496 1.34957345 -0.81170906 -8.95988396 1.67266375 -8.58049279 -1.10054246 -0.00000229 0.0000021 -46.98314772 -7.11791762 -21.39655793 44.65983454 -0.57294226 -3.10517687 -7.62965416 -2.44543945 19.28440079 -0.79750885 -0.00004085 -0.00000382
0.01957196 1.01153213 -0.04009172 13.28357222 -18.10468953 1.53256408 11.19679599 -0.61060298 -1.06421184 20.37802279 -1.27899302 -1.79132769 20.37010584 -1.27752062 -1.80482376 -8.56589117 1.84011017 -0.54046416 -32.38588213 10.38056844 -4.22115763 1.75897525 -5.66735804 14.86163744 -34.00044826 -5.34404192 -66.33603849 0.00036225 -88.4904649 0.0003771 17.10084543 -6.76383662 38.05557426 1.14529335 1.75819529 2.31126983 -57.44794873 38.97288723 76.09895688 0.00002393 66.59337489 -0.00003183 29.37431965 5.44692205 -9.31265887 -56.59990019 4.73678336 20.82930376 53.18525104 0.90969082 -0.75352203 -8.6275473 1.65896617 -8.60053924 -1.03841816 0.00000201 -8.8e-7 -46.97837534 -7.35988633 -21.55770036 45.06287913 -1.05914795 -2.87513386 -8.0221034 -2.49093512 19.14780523 -0.76878074 -0.00001763 -0.00000241
0.01388263 1.01207474 -0.04102145 13.29539275 -17.47331131 1.44253758 11.12253573 -0.51953005 -1.00386622 20.23806099 -1.08825377 -1.70420123 20.23920513 -1.08334637 -1.71497231 -8.35325723 1.74276706 -0.81528961 -32.49255003 9.43870618 -3.71798487 1.73287111 -5.51791872 14.2559779 -33.97002738 -6.62556646 -66.15869317 -0.00058718 -88.84136023 -0.00058535 16.85624048 -7.01473141 37.40263354 1.21207307 2.00860734 2.95271414 -56.25521615 38.40364173 76.05859306 -0.00002739 66.6201726 0.00005297 30.33844681 5.08565899 -9.29972324 -56.54989188 4.58706887 20.751749 52.69141616 0.59809214 -0.58537267 -8.2396922 1.6641979 -8.8321331 -1.02112683 -6.9e-7 0.0000014 -46.9693797 -7.59254109 -21.61521628 45.55984212 -1.49786399 -2.64683507 -8.49237553 -2.53560179 18.89693995 -0.74271125 0.00002446 9.6e-7
0.00685243 1.01264832 -0.0422605 13.23826002 -16.8981635 1.35501745 11.03531105 -0.4368857 -0.99394216 20.07664139 -0.91835583 -1.71044588 20.08090318 -0.90942314 -1.71863901 -8.05796021 1.63121771 -0.97213999 -32.56489101 8.54326034 -3.14316375 1.71884418 -5.44012184 13.86037937 -33.69031916 -7.78377018 -66.04454135 0.00060394 -89.16735207 0.00061458 16.85622994 -7.1330896 36.92985886 1.27299371 2.23310012 3.47403041 -55.12281009 37.94318885 76.05464866 -0.00004962 66.60615463 0.00005723 31.30681944 4.76934634 -9.26644749 -56.37988849 4.4378999 20.72256466 52.12151429 0.32763409 -0.34779663 -7.80457039 1.6781593 -9.2017817 -1.00844552 -0.00000508 -5.4e-7 -46.94350099 -7.81346488 -21.58955377 46.16982266 -1.92908886 -2.42125612 -9.04906216 -2.57963901 18.56984144 -0.71795729 -0.00002364 0.00000411
-0.00107492 1.01318031 -0.04393979 13.1308069 -16.2816774 1.25156427 10.93427131 -0.40102812 -1.00433194 19.89609003 -0.84385666 -1.75228662 19.8925112 -0.83113488 -1.75940242 -7.77016138 1.52236242 -1.01439929 -32.56894225 7.76302559 -2.52110627 1.70504371 -5.35601553 13.43437556 -33.26505383 -8.89764676 -65.80911222 0.00289866 -89.53341514 0.00289352 16.91701734 -7.08174628 36.46140266 1.32945869 2.43871041 3.88635544 -54.04709266 37.58954943 76.09061111 -4.1e-7 66.63443416 0.00001454 32.2800081 4.47699733 -9.17511326 -56.15238097 4.26164702 20.68976176 51.47724351 0.04997837 -0.06241988 -7.299502 1.68862258 -9.64645758 -1.00050407 0.0000057 -0.00000137 -46.88872409 -8.02789048 -21.5066631 46.8586891 -2.43353521 -2.2073585 -9.6640134 -2.6222226 18.2246685 -0.695278 0.00002502 0.00000493
-0.0096274 1.01379471 -0.04605996 12.97430096 -15.60373812 1.14144275 10.83951843 -0.41895354 -0.97597102 19.73283935 -0.87494201 -1.71903688 19.72202045 -0.85965182 -1.72693818 -7.59629361 1.45395418 -1.09140125 -32.48893007 7.12756237 -1.90401647 1.67638543 -5.18979942 12.81525071 -32.85226524 -9.9540273 -65.49330998 0.00056513 -89.84478654 0.00054272 16.90163768 -7.01252059 35.91344542 1.38054327 2.6318802 4.19560977 -53.00116716 37.33942593 76.15245208 -0.00001099 66.65548339 0.00000327 33.2282658 4.19347791 -9.04173407 -55.85330248 4.06662267 20.61691699 50.72403755 -0.23081469 0.26325597 -6.70952174 1.68946815 -10.14429721 -0.99285954 -0.00000241 -0.00000228 -46.78126807 -8.23661963 -21.37201321 47.56719619 -3.03800164 -2.02909182 -10.29987123 -2.66184314 17.89435611 -0.67479745 0.0000233 0.00000277
-0.01878681 1.01459725 -0.04852704 12.75802814 -14.92296808 1.05343612 10.76469803 -0.46706918 -0.86859098 19.61306219 -0.96192665 -1.5362353 19.6089095 -0.94572238 -1.54599215 -7.57201075 1.44107309 -1.34957423 -32.30927882 6.59773747 -1.41976101 1.62987123 -4.93334603 12.03581497 -32.52698838 -10.91131832 -65.30071178 0.03969286 -89.96855478 0.03969997 16.79410427 -7.08035977 35.33186824 1.42395649 2.80827426 4.40856037 -51.95038166 37.17935275 76.21193125 0.00004929 66.60042607 -0.00003571 34.1309534 3.91825179 -8.90813677 -55.43730271 3.90568994 20.53855296 49.83675931 -0.52042948 0.60478881 -6.04414224 1.67913484 -10.68663343 -0.98110055 -0.00000144 5.3e-7 -46.61583828 -8.43229617 -21.18228316 48.26376496 -3.68847288 -1.90034941 -10.94060359 -2.69620975 17.56650949 -0.65407583 0.00001178 0.00000499
-0.0285119 1.01553559 -0.05124875 12.49736501 -14.29275602 1.01557001 10.69526 -0.52031214 -0.71027191 19.51618483 -1.05740936 -1.25603321 19.52090157 -1.04153573 -1.26769124 -7.63826346 1.45750099 -1.73942033 -32.04112495 6.13223657 -1.15009172 1.57402555 -4.63930361 11.2672767 -32.21882346 -11.77418582 -65.38302273 0.00579022 -89.90753153 0.00577883 16.71006383 -7.25982578 34.82952568 1.45938111 2.96265257 4.54935032 -50.86914488 37.07807312 76.23912827 6e-8 66.51505961 -0.00000815 34.99170271 3.64900021 -8.78617781 -54.90669589 3.81022621 20.49093985 48.82681999 -0.82558955 0.93377003 -5.32515154 1.65748058 -11.26416511 -0.96412232 -0.00000198 -0.0000025 -46.4388735 -8.62195382 -20.97962343 48.9575958 -4.28411765 -1.78541489 -11.58973612 -2.72055316 17.19317048 -0.63105748 -0.00000771 0.00000261
-0.03858341 1.01641144 -0.05407947 12.24977543 -13.72278602 1.04457887 10.604392 -0.5683036 -0.57054571 19.39565662 -1.14557079 -1.00803272 19.39370225 -1.13028689 -1.02099002 -7.70164089 1.46122801 -2.07589952 -31.74035729 5.71405281 -1.03010217 1.51832917 -4.36400111 10.63658122 -31.80263893 -12.60479318 -65.69485344 -0.00347225 -89.80722437 -0.00347873 16.8271895 -7.36206344 34.49597629 1.4896361 3.10017295 4.65966147 -49.74935358 36.99519923 76.21569889 0.0000539 66.5690841 -0.00005037 35.80882599 3.36929925 -8.63864819 -54.33137041 3.75465298 20.46280809 47.74711423 -1.11693912 1.23684629 -4.58233082 1.62588958 -11.87127572 -0.94359128 0.0000039 0.00000117 -46.33037652 -8.81032811 -20.82350938 49.67524988 -4.76711972 -1.6360434 -12.25419019 -2.7318559 16.74902445 -0.60673801 -0.0000173 0.00000802
-0.04864954 1.01715698 -0.05681904 12.07369635 -13.21189156 1.14339375 10.48064857 -0.61452824 -0.47934305 19.2206646 -1.23323799 -0.85122142 19.21099225 -1.21766847 -0.86508867 -7.69942051 1.43914858 -2.25622198 -31.46763703 5.37049717 -0.96685933 1.46736717 -4.11953961 10.10714143 -31.21955466 -13.46928174 -66.05491052 -0.00204077 -89.80292297 -0.002052 17.22541333 -7.20259663 34.34144339 1.51955977 3.23636042 4.7778125 -48.59631214 36.90141761 76.1396019 0.00000299 66.88366219 -0.00000424 36.56441205 3.06737006 -8.42087557 -53.77673023 3.70959086 20.42810514 46.639071 -1.34244988 1.51032708 -3.83952965 1.58674008 -12.49582089 -0.91722136 5.2e-7 -0.00000177 -46.32078195 -8.96131782 -20.68820048 50.39127984 -5.20365417 -1.48299912 -12.90828921 -2.73332599 16.29159298 -0.58393214 0.00000479 0.00000277
-0.05841073 1.01793312 -0.05932181 11.96795484 -12.78535343 1.29198524 10.33115625 -0.66827032 -0.41337417 18.98817726 -1.33379484 -0.7465362 18.98739884 -1.31637982 -0.76166492 -7.60543781 1.41769333 -2.32101839 -31.22827613 5.17444285 -0.90933474 1.41819661 -3.87072105 9.5423272 -30.48423508 -14.390379 -66.30600247 -0.00765544 -89.88534348 -0.00763831 17.77051397 -6.74790906 34.29742999 1.55293278 3.38704647 4.91773182 -47.4135543 36.79032662 76.01804422 0.00000771 67.34496299 -0.00002778 37.27104388 2.76706307 -8.14039049 -53.23534284 3.68926854 20.39727414 45.50608674 -1.46818284 1.75810391 -3.10703942 1.54069227 -13.11943972 -0.88244753 7.7e-7 0.00000407 -46.34796862 -9.02231859 -20.45661402 51.02651885 -5.7274405 -1.42498458 -13.49821386 -2.73349673 15.92024893 -0.56495038 0.00002418 0.00000724
-0.06776198 1.01890518 -0.06153549 11.8534797 -12.48787639 1.45293584 10.1679912 -0.7384576 -0.35383158 18.71534965 -1.46311508 -0.65789514 18.72069547 -1.44271969 -0.67498421 -7.4233445 1.43154253 -2.35454573 -30.97213327 5.17451902 -0.7653198 1.36023156 -3.5669638 8.87540935 -29.61838602 -15.34290659 -66.41836419 -0.0263793 -89.95775535 -0.02639657 18.21636903 -6.12544551 34.27443056 1.59063322 3.55846626 5.06740004 -46.18782016 36.67012251 75.85568986 0.00002926 67.6960485 -0.0000489 38.00994813 2.52168198 -7.86248153 -52.62476046 3.73195835 20.41049481 44.3477212 -1.52069928 2.00150145 -2.40204824 1.48744309 -13.73913799 -0.8493691 0.00000153 -0.0000061 -46.30762053 -9.00226002 -20.06951271 51.52826446 -6.34539885 -1.49846584 -13.99833792 -2.73515499 15.65043107 -0.54965077 0.00001135 0.00000804
-0.07668213 1.02010864 -0.06343328 11.65024896 -12.35648654 1.60066177 10.00368811 -0.82552636 -0.31033584 18.43578699 -1.62557369 -0.59669754 18.4286436 -1.60214354 -0.61610702 -7.20675134 1.49531371 -2.39661595 -30.65560007 5.36561771 -0.45772927 1.28326305 -3.186633 8.18448929 -28.63969632 -16.26442907 -66.4884775 0.00001604 -89.9833642 0 18.45261558 -5.50177873 34.22839882 1.63115141 3.74459647 5.20739841 -44.89122449 36.5459206 75.65191733 0.00004935 67.86069829 -0.00004721 38.87319488 2.36167818 -7.65016646 -51.866936 3.85452711 20.4835096 43.18585181 -1.50648506 2.27350421 -1.74869245 1.42945017 -14.37261618 -0.81952181 -0.00000353 4.9e-7 -46.14128292 -8.96745156 -19.58988442 51.89851288 -6.90416039 -1.63915468 -14.4254674 -2.73198429 15.39836445 -0.5359106 -0.00002431 -0.00000608
-0.08503723 1.02150635 -0.06495512 11.37486806 -12.38775361 1.73955659 9.84699297 -0.91607384 -0.28403797 18.17835506 -1.79624741 -0.56098029 18.1652399 -1.77034562 -0.58239498 -7.03535574 1.59177581 -2.4271806 -30.28784044 5.71628758 -0.13108434 1.19325523 -2.77216839 7.57805141 -27.61065066 -17.07534569 -66.6429562 5.6e-7 -89.99418378 0 18.59457356 -4.94085419 34.16130628 1.67181992 3.93205123 5.33227368 -43.5077267 36.4140984 75.41353159 -2.4e-7 68.06160408 -0.00000854 39.84112973 2.2560467 -7.4984128 -50.97574506 4.03403831 20.58623894 42.03868378 -1.40681218 2.58747435 -1.15990378 1.36866511 -15.02822515 -0.79318281 0.00000229 -0.0000058 -45.88321544 -8.96073372 -19.11082212 52.1532884 -7.28425688 -1.77210425 -14.79545853 -2.71831116 15.09901441 -0.52297809 0.00002584 -0.00000193
-0.09253446 1.02302659 -0.06601774 11.11145113 -12.49240199 1.90828504 9.69109835 -1.00668844 -0.24637915 17.93236153 -1.96475866 -0.5019157 17.93362867 -1.93639842 -0.52506045 -6.92471966 1.6812561 -2.40820515 -29.91117834 6.18367012 -0.12273181 1.11977479 -2.42626865 7.05841706 -26.63164223 -17.70194845 -66.92061498 -0.00001323 -89.98586024 0 18.76405903 -4.38515579 34.06711286 1.71008787 4.10668057 5.45234592 -42.06672317 36.27990068 75.17120865 0.00002948 68.54348321 -0.00002581 40.73692957 2.14057307 -7.33252004 -50.04139005 4.22742574 20.62565241 40.91116948 -1.21084388 2.91791105 -0.62709094 1.3039891 -15.67161459 -0.76600278 -0.00000252 -0.00000221 -45.63142775 -9.00425615 -18.76219747 52.32083415 -7.46303997 -1.84672457 -15.11758147 -2.69432904 14.74817136 -0.51253601 -0.00002756 0.00000343
-0.09888703 1.02458206 -0.06660467 10.90874864 -12.54327898 2.15802133 9.51969926 -1.1195228 -0.17289218 17.66047139 -2.17101669 -0.38121466 17.67238299 -2.13917076 -0.40665385 -6.80398669 1.74611954 -2.32700688 -29.56777401 6.76847058 -0.60395938 1.0971158 -2.25659898 6.58540687 -25.7489897 -18.05654243 -67.27399053 -0.00300767 -89.87703572 -0.00297624 18.81171286 -3.78573399 33.9057929 1.74365381 4.25700391 5.57863115 -40.65288498 36.18166157 74.98027679 0.00001055 69.27526941 -0.00000354 41.34823253 1.98369784 -7.08056373 -49.13582309 4.41128758 20.4972311 39.80324362 -0.93406113 3.2118668 -0.12825384 1.23319496 -16.23650592 -0.73273502 0.00000259 0.00000622 -45.46628794 -9.12534572 -18.7036203 52.44881156 -7.42431874 -1.83023655 -15.41230289 -2.66256134 14.35675491 -0.50475815 -0.00000401 0.00000435
-0.10414484 1.02612945 -0.06685305 10.73609645 -12.56585897 2.46802768 9.3372093 -1.26344363 -0.07817788 17.36363165 -2.43591756 -0.22234794 17.3642212 -2.40030826 -0.25078282 -6.627084 1.82841747 -2.22169987 -29.29293043 7.57473661 -1.35433937 1.12925769 -2.29910849 6.23492287 -24.89510274 -18.01274595 -67.67871688 0.00106953 -89.48087597 0.00105292 18.35639095 -3.22631433 33.65419526 1.77021738 4.37376781 5.70574003 -39.37165248 36.19068734 74.89655169 0.00000459 69.99553633 -0.00000619 41.62316387 1.81156868 -6.75331588 -48.26892576 4.61932168 20.27960545 38.74742102 -0.62411526 3.42555456 0.33286447 1.16035798 -16.68561206 -0.69048943 0.00000527 0.00000378 -45.35597909 -9.28972774 -18.86376011 52.54026519 -7.18582687 -1.76413076 -15.67933216 -2.62563749 13.94716986 -0.49557316 -0.00000616 0.00000875
-0.10871727 1.02768493 -0.06698687 10.51352419 -12.7600222 2.7191658 9.17752265 -1.42181442 0.00566047 17.10162445 -2.73446432 -0.06994997 17.0865725 -2.69718451 -0.1014809 -6.46641508 1.99952145 -2.19156652 -29.09124398 8.71329488 -2.00824629 1.1810675 -2.46863618 6.13731107 -23.95391071 -17.49404407 -68.13495156 0.0022917 -88.87038553 0.00229013 17.15805169 -2.87578067 33.36568883 1.78780363 4.4492444 5.81298269 -38.28561975 36.37275465 74.94150472 -0.00002775 70.49019965 0.00003096 41.73087462 1.67343694 -6.44283576 -47.41234254 4.93148139 20.25127183 37.81726477 -0.36204571 3.55322652 0.71188817 1.09523814 -17.03864993 -0.6424248 0.00000528 0.00000501 -45.15966664 -9.40172953 -18.89342866 52.53919126 -6.85352783 -1.75269558 -15.88208079 -2.58610011 13.55739753 -0.47971098 -0.00000679 -0.00000176
-0.11282833 1.02936188 -0.06706891 10.2284603 -13.22837357 2.83489242 9.0644206 -1.59703487 0.07424438 16.91904463 -3.07493661 0.07744574 16.91086183 -3.03963823 0.04251449 -6.44501102 2.28055086 -2.32446787 -28.90149408 10.12176131 -2.45313054 1.20825767 -2.59839081 6.24258931 -22.88813708 -16.61855348 -68.54500742 0.00024489 -88.21331913 0.00024077 15.43457562 -2.82656002 33.12843079 1.79566086 4.48081502 5.88148589 -37.36294969 36.73190342 75.07856374 0.00005076 70.79350178 -0.00005765 41.88479799 1.59034475 -6.23371888 -46.56442718 5.38047329 20.55806027 37.02764343 -0.19462546 3.60215088 0.98960507 1.04257187 -17.31969462 -0.59686128 -1.8e-7 -0.00000303 -44.80659056 -9.42617062 -18.59545615 52.3882258 -6.53589841 -1.83216179 -15.97988014 -2.5441607 13.20851975 -0.45659018 0.00001692 0.00000121
-0.11616631 1.03118897 -0.06691182 10.01576588 -13.8603834 2.89512412 8.97595215 -1.79992305 0.13817281 16.77590449 -3.47439517 0.2286729 16.78602821 -3.44303462 0.18960447 -6.59677171 2.59295819 -2.53616391 -28.64902066 11.53616366 -2.87447698 1.19343172 -2.57950452 6.32710908 -21.78767349 -15.65908176 -68.74952027 0.00017373 -87.6618639 0.00018462 13.770731 -3.01588643 32.95551574 1.79574673 4.47780323 5.91405932 -36.47776591 37.18022163 75.21626968 0.0000203 71.17958086 -0.00001413 42.10469843 1.53324042 -6.12040159 -45.81076643 5.87760808 21.0164066 36.33262824 -0.02070656 3.58857364 1.19210421 0.99799136 -17.53946106 -0.55959331 0.00000342 0.00000131 -44.45495273 -9.40172605 -18.15929885 52.10392581 -6.24010708 -1.92504534 -15.96480616 -2.49816842 12.89041144 -0.43147869 0.00000349 -0.00000553
-0.11827569 1.03309189 -0.06634981 10.0349258 -14.52696322 3.03993695 8.8686215 -1.99896227 0.18112 16.59067638 -3.86672914 0.33575456 16.60007888 -3.83856573 0.29268572 -6.84074998 2.82798879 -2.60741855 -28.35594803 12.71410322 -3.39922706 1.15867836 -2.46674352 6.29175208 -20.78517725 -14.81144864 -68.76032506 -0.00011333 -87.26241305 -0.00010723 12.69114652 -3.28759153 32.76828487 1.79384942 4.46561927 5.93968251 -35.4709647 37.56134071 75.24007951 -0.00001577 71.98077059 0.00000165 42.22190318 1.45006651 -6.01877532 -45.23694214 6.28862989 21.34668246 35.69525562 0.35028298 3.55511753 1.34847373 0.95749064 -17.72698251 -0.52910194 0.00000223 -0.00000658 -44.33597673 -9.37262973 -17.88024261 51.74304646 -5.86539065 -1.92711408 -15.85020806 -2.44368648 12.5602747 -0.4093545 -0.00005224 8.8e-7
-0.11897189 1.03500321 -0.06530892 10.27571264 -15.2033526 3.31676509 8.7317475 -2.14935154 0.18891249 16.34169304 -4.16265801 0.36529843 16.33498494 -4.13599215 0.31942237 -7.07950877 2.96666732 -2.46946605 -28.12869715 13.65109234 -3.93642667 1.13664337 -2.40141862 6.27430734 -19.95308651 -14.08423631 -68.78660581 0.00046714 -86.94540314 0.00048656 12.30990847 -3.48559514 32.50771405 1.79840079 4.48085752 6.00058726 -34.23812162 37.71430118 75.06489414 0.00001539 73.34544476 -0.00003866 42.16987373 1.31171749 -5.85895084 -44.81327051 6.58081232 21.45325226 35.13460816 0.97613132 3.53194914 1.44607127 0.9251731 -17.89807087 -0.49964554 -0.00000453 0.0000016 -44.46906546 -9.33845414 -17.83920802 51.3326802 -5.34525693 -1.84078829 -15.65268412 -2.38437237 12.2196048 -0.39066516 0.0000162 -0.00000268
-0.11832316 1.03687546 -0.06369337 10.54440728 -15.86984216 3.65508854 8.5976598 -2.25785161 0.18448971 16.08996065 -4.3748296 0.36232557 16.07906215 -4.34853645 0.31425734 -7.26762226 3.07912988 -2.27516715 -28.03095078 14.50473017 -4.37313164 1.13305136 -2.42806794 6.38149286 -19.3097441 -13.4527575 -68.90789033 0.00014722 -86.5535453 0.00016255 12.35427549 -3.48240446 32.22531686 1.81690541 4.55644744 6.13252997 -32.78596405 37.53927673 74.67984121 0.00000717 75.09528032 -0.00001606 42.20164592 1.13515875 -5.65360773 -44.41360483 6.80711537 21.3802796 34.71477241 1.721643 3.53491187 1.44030258 0.91106439 -18.03728749 -0.46809422 0.00000244 0.00000223 -44.63431332 -9.28860632 -17.94572762 50.87852687 -4.73011018 -1.77118127 -15.40505025 -2.3375635 11.95059028 -0.37397053 -0.00001139 0.00000924
-0.11643761 1.03864479 -0.06147222 10.63249205 -16.44640642 3.95184566 8.4989887 -2.37471806 0.1989807 15.90183365 -4.60209532 0.38947396 15.89913915 -4.57574031 0.33847099 -7.3934736 3.22749863 -2.1987373 -28.01833138 15.37700185 -4.67539111 1.1261924 -2.44167765 6.48487609 -18.88272042 -13.02113514 -68.88469802 0.00009406 -85.91800373 0.00009465 12.45849663 -3.2038978 32.04809813 1.85179873 4.70524365 6.34962134 -31.21651539 37.03073266 74.14995966 -0.00002884 76.83214025 0.00003113 42.68387012 0.97310395 -5.46827513 -43.92358066 6.99377761 21.14245159 34.48703833 2.43585832 3.60431996 1.30708414 0.92093373 -18.13476503 -0.436154 0.00000274 -0.00000426 -44.60903428 -9.27718145 -18.17779855 50.40343976 -4.04699887 -1.76377521 -15.1565965 -2.31448706 11.79826803 -0.35895888 0.00000248 -0.00000452
-0.11341433 1.04028778 -0.05875657 10.48360331 -16.92167782 4.15665473 8.43378282 -2.51814332 0.23042784 15.7780835 -4.88224349 0.44813219 15.77957535 -4.8560154 0.39341576 -7.46405347 3.40302483 -2.25081635 -27.98166788 16.2310173 -4.90132661 1.09475488 -2.33033976 6.41094738 -18.70504348 -12.94402047 -68.45807206 0.00022093 -84.99696718 0.00022865 12.40677234 -2.71951828 32.0759176 1.89923222 4.91355771 6.63660021 -29.65526617 36.26708656 73.57240116 0.00005579 78.26554539 -0.00007796 43.63009178 0.87653873 -5.34224905 -43.33213105 7.1607912 20.78340501 34.45999872 3.06928763 3.73928074 1.05427765 0.95325472 -18.17999612 -0.40709331 -0.00000278 -0.00000217 -44.35200079 -9.36637031 -18.56779791 49.91653813 -3.22126672 -1.76513544 -14.92341124 -2.30680501 11.70756168 -0.34564832 0.00002779 -0.00000264
-0.10945412 1.04178421 -0.05571535 10.23590439 -17.43868082 4.28256044 8.37297455 -2.63648474 0.24602066 15.66235525 -5.11777285 0.48176309 15.6613571 -5.09265859 0.42412866 -7.51583028 3.54790801 -2.27781194 -27.8309082 16.96352394 -5.14751149 1.04342207 -2.11807374 6.20773447 -18.74606234 -13.22047169 -67.72337668 0.00024825 -83.95940416 0.00027364 12.15992886 -2.26870839 32.30932751 1.95158389 5.15050375 6.95542049 -28.18420628 35.37095712 73.02602541 0.0000405 79.45993732 -0.00006331 44.53886771 0.85773776 -5.24843881 -42.76967072 7.36461395 20.48677413 34.64565401 3.64196933 3.83704077 0.68236411 1.00639638 -18.14635254 -0.38235251 0.0000012 -0.00000435 -44.00023191 -9.5036219 -19.00774524 49.39114231 -2.23523565 -1.73947343 -14.6623375 -2.30112465 11.6216615 -0.33419627 -0.0000292 3e-8
-0.10477993 1.04300812 -0.05244127 10.10296287 -18.13314146 4.36852251 8.28833829 -2.67201135 0.22917568 15.49585281 -5.19586707 0.45916325 15.49218298 -5.17311778 0.4008489 -7.57838812 3.62664785 -2.16355434 -27.5621309 17.51336398 -5.43409266 0.99505404 -1.92821224 6.06814487 -18.89627551 -13.63861484 -67.02784616 -0.00000597 -83.06727749 0.00000643 11.7637881 -2.09215879 32.63602447 2.00250061 5.38694843 7.25769976 -26.82339325 34.46331635 72.55038117 -0.00002674 80.69244482 0.00000946 44.81126628 0.88543548 -5.12147381 -42.4259652 7.61100257 20.41286247 35.07395919 4.21091594 3.80614228 0.18146607 1.07987474 -18.03311609 -0.36033633 0.00000643 -0.00000876 -43.74037948 -9.55318412 -19.29803706 48.81505458 -1.23950973 -1.72265604 -14.32443732 -2.29698054 11.57321743 -0.32491925 0.00000107 -0.00000251
-0.09946499 1.04386314 -0.04892507 10.16321209 -18.97953902 4.44446323 8.16986159 -2.63628711 0.20138111 15.25728778 -5.13670062 0.41773704 15.25267787 -5.11712841 0.36058765 -7.61040009 3.67331691 -1.99219955 -27.26470233 17.96363353 -5.71870147 0.96612201 -1.83306721 6.04024374 -19.021717 -13.95515725 -66.53699763 0.00018735 -82.44703765 0.00018486 11.29894613 -2.20982305 32.8693529 2.04981127 5.61008719 7.50585993 -25.55456276 33.63094494 72.15353139 0.00004624 82.05166076 -0.00005297 44.3300921 0.90623205 -4.92595587 -42.35644739 7.83703107 20.51986758 35.73464093 4.82787252 3.66647038 -0.43741068 1.16915565 -17.87444239 -0.33687909 1.1e-7 0.00000301 -43.63258025 -9.4493612 -19.37074784 48.20579801 -0.40146522 -1.76927994 -13.90633349 -2.30340682 11.63727229 -0.31684154 -0.00003503 -0.00000768
-0.09344327 1.04442566 -0.04508457 10.28465802 -19.86229993 4.50620405 8.02659097 -2.59809868 0.18907106 14.96629298 -5.07358558 0.40589313 14.95993665 -5.05772324 0.34996648 -7.52454045 3.76600448 -1.94591567 -27.05949481 18.53263395 -5.95138422 0.95649887 -1.79411709 5.97446225 -19.01123679 -14.09150075 -66.08489278 -0.00004323 -82.03062879 -0.00004442 10.89642744 -2.4021156 32.84274316 2.09464477 5.82321163 7.68872553 -24.35252238 32.91183301 71.82995241 -0.00009756 83.30843431 0.00008281 43.57044967 0.87747047 -4.6893287 -42.41292744 8.01614256 20.6519603 36.56534355 5.48587031 3.49693365 -1.14769467 1.26814755 -17.69475888 -0.31001825 -0.00000216 7e-7 -43.55383704 -9.24516446 -19.32680171 47.57932127 0.26591329 -1.90781977 -13.44259727 -2.32592392 11.84884065 -0.30717509 0.00000817 6.1e-7
-0.08668369 1.04480759 -0.04082278 10.31586926 -20.71233824 4.52591557 7.87607993 -2.5968784 0.1874737 14.66161323 -5.08403071 0.41422811 14.65260581 -5.07206014 0.35854194 -7.29816487 3.93153435 -2.058609 -27.02980011 19.30910121 -6.03299952 0.95697855 -1.75262523 5.77282403 -18.81948764 -14.12596532 -65.47894936 -0.00001761 -81.71108172 -0.00000785 10.71805342 -2.42585008 32.51640978 2.13859854 6.03295133 7.82348257 -23.19796771 32.29791628 71.56957957 -0.00000339 84.24941659 0.00002376 43.14298482 0.79199621 -4.46391616 -42.44271973 8.17760102 20.7247283 37.51507467 6.14097038 3.34480464 -1.93462674 1.37571146 -17.4942561 -0.28376057 -0.00000282 0.00000208 -43.3642147 -9.01300506 -19.2702739 46.93525515 0.84557724 -2.13376365 -12.96602522 -2.36289985 12.19516934 -0.29317222 -0.00002082 -0.00000919
-0.07934495 1.04507546 -0.03614906 10.25556835 -21.51912166 4.48998801 7.73057442 -2.60239085 0.1652446 14.37309825 -5.10918035 0.38596077 14.36435879 -5.10102241 0.33049638 -7.01579521 4.1051116 -2.17069027 -27.19773752 20.09227186 -5.86402236 0.961563 -1.71305857 5.53288733 -18.49713127 -14.18021877 -64.75150675 0.00000422 -81.45264209 0.00000716 10.83006253 -2.23772348 31.99694732 2.18114983 6.23721863 7.94094747 -22.07496812 31.7502001 71.35896295 -0.00009148 84.9881665 0.00006231 43.27755205 0.67065448 -4.27732154 -42.44262366 8.34895527 20.76561693 38.5455864 6.75676366 3.19857455 -2.77826021 1.49170111 -17.26049065 -0.26508047 -0.0000036 -0.00000868 -43.05743776 -8.79505415 -19.23630343 46.25833472 1.40832646 -2.39449596 -12.48487617 -2.40605179 12.62371277 -0.27410355 0.00000566 -0.00000426
-0.07168097 1.04524483 -0.03120794 10.19320138 -22.2602101 4.41026774 7.59070937 -2.57567663 0.10968816 14.10691072 -5.07256922 0.30106526 14.0995483 -5.06831159 0.24729649 -6.78216866 4.22123408 -2.1575567 -27.52323748 20.65874792 -5.47687796 0.96814388 -1.69995331 5.37187339 -18.15766038 -14.38069632 -64.00859425 -0.00003194 -81.22599164 -0.00000905 11.08030449 -2.01553656 31.43302975 2.22005532 6.42464231 8.06749441 -20.97021598 31.21883547 71.18210855 0.00024043 85.81924069 -0.00027697 43.73375572 0.54056961 -4.12399354 -42.49454843 8.51548203 20.80950076 39.61361605 7.32403344 3.0344546 -3.63947113 1.61132347 -16.98583741 -0.25783686 0.00000483 7.3e-7 -42.72230156 -8.62881405 -19.25585744 45.54308395 1.9824311 -2.60455085 -11.99715791 -2.44455451 13.06527127 -0.25148171 0.00001352 -6.1e-7
-0.06386357 1.04540558 -0.02618788 10.17980529 -22.87698397 4.31157971 7.45239192 -2.52193714 0.04374575 13.85318911 -4.98350859 0.20209922 13.84292876 -4.98327759 0.15135231 -6.63096384 4.27889714 -2.06613106 -27.9138152 20.97143985 -4.98986059 0.97320681 -1.68892569 5.24010564 -17.89872458 -14.83499126 -63.22387186 -0.00002711 -80.95081661 -0.0000247 11.17953992 -1.9954713 30.88656238 2.25344647 6.58407977 8.2185416 -19.88352851 30.65921966 71.02717712 -0.00012401 86.85333949 0.00012576 44.11836133 0.4227551 -3.9823664 -42.62617129 8.64856371 20.82395157 40.64648144 7.84046091 2.84953101 -4.46675224 1.72404423 -16.66586803 -0.26350409 0.00000169 0.00000129 -42.40227384 -8.52942431 -19.3438553 44.77945678 2.51010411 -2.75110716 -11.49607527 -2.47630156 13.51401677 -0.22803725 -0.00002529 0.00000277
-0.05597374 1.04575035 -0.02126073 10.21398813 -23.31272166 4.20989193 7.31470939 -2.46711979 -0.00453846 13.60082452 -4.88983903 0.1330097 13.58559843 -4.89320584 0.08519289 -6.53329552 4.30140341 -1.99165804 -28.26211012 21.06539892 -4.47610829 0.97540104 -1.64657264 5.03274803 -17.73211592 -15.53742609 -62.34482541 0.00003478 -80.57861522 0.00004476 10.97508564 -2.2850538 30.32016084 2.28134312 6.71361423 8.40780965 -18.84115294 30.03869966 70.89521164 0.00035531 87.92784865 -0.00035657 44.22904058 0.32394452 -3.82824801 -42.80852877 8.74976191 20.77224388 41.5567477 8.2547806 2.63760611 -5.21655573 1.81777165 -16.27890285 -0.27473434 -0.00000368 0.00000395 -42.05122595 -8.45847002 -19.42901602 43.92661661 2.84002274 -2.94144022 -10.96418554 -2.5092622 14.05640579 -0.20600312 0.00000295 0.00000102
-0.04820758 1.04631828 -0.01661977 10.28252593 -23.55137034 4.09816123 7.1774954 -2.41828911 -0.03581697 13.34110309 -4.80385953 0.08519546 13.32548442 -4.80956059 0.03937876 -6.45724477 4.3025091 -1.930616 -28.50438611 21.00936073 -3.95004076 0.98210454 -1.6169823 4.81764551 -17.57148476 -16.31875442 -61.49621106 -0.00004942 -80.1884387 -0.00004327 10.63219842 -2.786234 29.71264526 2.30524791 6.82027668 8.65401884 -17.89399862 29.3372557 70.80104061 0.00043566 88.85295468 -0.00044475 44.13815028 0.22850826 -3.64168942 -43.0404717 8.84820985 20.70267633 42.32278522 8.46845864 2.3651758 -5.87803728 1.88595601 -15.79176995 -0.28508491 0.00000205 -0.00000298 -41.62854766 -8.37524054 -19.42630785 42.98145903 2.8810147 -3.25754179 -10.40667326 -2.54754907 14.74185888 -0.18479387 -0.00003491 0.00000376
-0.04086654 1.04698074 -0.01244273 10.37943228 -23.61115834 3.96428222 7.03734499 -2.36383902 -0.08561855 13.06746026 -4.70450951 -0.00673808 13.05614071 -4.71117647 -0.05081833 -6.40433193 4.29645662 -1.79749042 -28.66272343 20.9400343 -3.32507395 1.00272505 -1.68972093 4.79562768 -17.31406961 -16.97285498 -60.90465071 0.00011284 -79.94380004 0.00011651 10.49137748 -3.27542298 29.15208985 2.32634617 6.91195675 8.97799663 -17.09571604 28.54805372 70.76265918 0.00101641 89.6426083 -0.00101844 44.04018305 0.1077396 -3.42076931 -43.34686551 8.97046101 20.70034433 42.97569996 8.41609348 1.9970298 -6.45796299 1.92780324 -15.18762311 -0.29000398 -0.00000762 0.00001009 -41.15690344 -8.29050207 -19.34089047 41.99589177 2.69222724 -3.65621721 -9.85394777 -2.58486023 15.5085981 -0.16066511 -0.00001613 -0.0000038
-0.03412711 1.04752762 -0.00874788 10.54375883 -23.48746045 3.83059093 6.8960995 -2.30237425 -0.17396993 12.78855564 -4.59060888 -0.17595233 12.77986952 -4.59721282 -0.21808269 -6.41536663 4.28098005 -1.57693911 -28.79828191 20.85211545 -2.54060373 1.03433043 -1.85428036 4.98915691 -16.95226724 -17.50336437 -60.57225091 -0.00001749 -79.93079523 -0.00002444 10.70522852 -3.55366028 28.78338181 2.34420293 6.99041121 9.38848633 -16.47375734 27.67949962 70.78689148 179.99731591 89.55475262 -179.99731446 44.06154258 -0.04777332 -3.19897988 -43.76809569 9.06068566 20.73236736 43.55430262 8.17780129 1.56511659 -6.95778455 1.94689304 -14.51278614 -0.29628964 0.00000364 0.00000227 -40.72956252 -8.23154084 -19.25280027 41.05209336 2.3562768 -4.05149112 -9.34615995 -2.61707617 16.27920238 -0.13187605 0.00000808 -0.00000123
-0.02783886 1.0479319 -0.00534211 10.80726911 -23.07736894 3.73869537 6.77162694 -2.26296165 -0.25689082 12.54283948 -4.51786178 -0.34082508 12.52736101 -4.52356069 -0.38170696 -6.54100461 4.21652012 -1.36440068 -28.93409765 20.51378876 -1.82061429 1.05357684 -1.94156613 5.08031545 -16.58814957 -18.22244018 -60.09607562 -0.00003864 -80.02984831 -0.00002728 11.03688558 -3.53878811 28.67364533 2.35793899 7.05200769 9.8733176 -16.01671448 26.7524145 70.86433916 -179.99955723 88.7042733 179.99956831 44.18473051 -0.20857828 -3.03580076 -44.29076588 8.98478474 20.56888165 44.03449024 7.94805696 1.18796787 -7.34817019 1.9464749 -13.85380267 -0.73152931 -2.7e-7 0.0000011 -40.40599573 -8.26749265 -19.32296957 40.18394866 1.91679563 -4.36988721 -8.90774403 -2.64545219 17.02247268 -0.10119579 -0.00001772 6.2e-7
-0.02170177 1.04831306 -0.00200656 11.06091665 -22.24958738 3.66364455 6.68926662 -2.27756106 -0.27901598 12.38195658 -4.54670555 -0.40155472 12.35776125 -4.55058116 -0.44284935 -6.77958103 4.08565157 -1.22645517 -29.08440586 19.82664683 -1.35538103 1.03175993 -1.76791469 4.68860912 -16.30831486 -19.49014165 -58.96797565 -0.00001353 -79.98617689 -0.00002483 11.09832431 -3.28904953 28.74915722 2.35864542 7.04158748 10.33499282 -15.76690235 25.84421229 70.9367537 -179.99972685 87.9644101 179.99973914 44.3131191 -0.33098183 -2.97374764 -44.79235667 8.67178078 19.98744066 44.37712337 7.82661715 0.9880562 -7.60691196 1.93337528 -13.25898166 -0.97011552 -0.0000048 -0.00000695 -40.0956955 -8.52879669 -19.73468002 39.3896878 1.44413599 -4.54337928 -8.55908837 -2.67295968 17.71474296 -0.07071884 -0.00003008 -0.00000404
-0.01581586 1.04870605 0.00115002 11.14131541 -21.09553532 3.52337067 6.65752403 -2.330827 -0.24444039 12.32517706 -4.64803851 -0.36243651 12.31066927 -4.64937205 -0.40519001 -7.05352305 3.93744545 -1.1781057 -29.30598789 18.98225752 -0.96357322 0.9727982 -1.33673052 3.81703839 -16.05892164 -21.27914958 -57.17437837 -0.0000054 -79.67509987 -0.00001234 10.81908625 -2.99302944 28.84679136 2.33965361 6.919001 10.48100727 -15.55581387 25.15874947 70.87679884 -179.99976779 87.49748833 179.999761 44.3984389 -0.40437775 -3.00479187 -45.14710674 8.23176259 19.110838 44.60952942 7.70547059 0.95827336 -7.76783956 1.91514471 -12.71475111 -0.78504917 -6.5e-7 -0.00000711 -39.65937535 -9.03942775 -20.43203583 38.67946473 1.00071334 -4.57224722 -8.30304822 -2.69978293 18.32460587 -0.04112334 -0.00000529 0.00000399
-0.01081957 1.04901298 0.00366907 11.08363594 -19.97174829 3.29827153 6.66074955 -2.35808741 -0.20868564 12.3417117 -4.69834317 -0.31594669 12.33992474 -4.69749493 -0.35923645 -7.28107772 3.81855981 -1.21064173 -29.64241513 18.18726894 -0.47087513 0.91144953 -0.86852658 2.92884927 -15.7567444 -23.04895857 -55.41343783 -0.00002885 -79.27262786 -0.00002234 10.59680345 -2.89286815 28.80928555 2.31182613 6.77774804 10.40600085 -15.40533823 24.64159538 70.7463256 -179.99997941 87.27368187 179.9999884 44.50685988 -0.46277809 -3.0872823 -45.40144246 7.86171385 18.37244457 44.80571327 7.43842735 0.94779816 -7.88875599 1.8953344 -12.19682071 -0.56422929 0.00000601 -0.00000428 -39.13779624 -9.5925963 -21.05028891 38.07348817 0.55667929 -4.56596697 -8.10147316 -2.72142814 18.8416687 -0.01472525 0.00001769 0.00000512
-0.00729495 1.04916809 0.00527394 11.06416265 -19.16069345 3.05539713 6.68267789 -2.29648132 -0.21638948 12.39547883 -4.57597438 -0.3396652 12.38299497 -4.57380754 -0.38117077 -7.4668693 3.71571071 -1.28558735 -30.05558289 17.45829207 -0.03832735 0.87517963 -0.6298975 2.57018044 -15.40378909 -24.19705773 -54.37225777 0.00010765 -79.09340849 0.00010831 10.92803822 -3.15467118 28.61465144 2.27903632 6.63050206 10.23838914 -15.37338361 24.23228204 70.5956015 -179.9999411 87.11797137 179.99993896 44.78094634 -0.54910548 -3.1915986 -45.68458455 7.64428307 18.03819404 44.99521659 7.05225202 0.84401812 -7.98821271 1.87753025 -11.72887289 -0.33886856 -4.7e-7 -0.00000256 -38.70675652 -9.96272515 -21.31077376 37.59088356 0.06947096 -4.62850994 -7.92323195 -2.73436899 19.27066531 -0.00001789 0.00003036 0.00000829
-0.00477506 1.04927887 0.00634314 11.09974116 -18.54791482 2.84877606 6.72138177 -2.17684043 -0.24890747 12.47253452 -4.33890218 -0.40828833 12.45408928 -4.33528761 -0.44688345 -7.67624825 3.58427118 -1.33714937 -30.41920294 16.66569439 0.21482466 0.8500559 -0.47461067 2.38754437 -14.97030349 -25.20806608 -53.26893052 0.00003299 -78.98716883 0.00003764 11.38171999 -3.58369564 28.25358559 2.24266735 6.44991544 10.12913397 -15.5454547 23.8402275 70.47154207 179.99999991 86.98454819 179.99999415 45.14423805 -0.65156266 -3.30439764 -45.98361296 7.54093757 17.92727218 45.14238907 6.5839141 0.67724493 -8.06351249 1.85714919 -11.29353222 -0.22866091 -5.6e-7 -0.00000482 -38.35755468 -10.15733569 -21.35331336 37.19125994 -0.47473306 -4.75339086 -7.76466385 -2.74240494 19.66296783 0.00001089 -0.0000056 0.00000849
-0.00316375 1.04932076 0.00698417 11.14975861 -18.11140146 2.65864198 6.78054551 -2.0268619 -0.29484485 12.57355386 -4.03975835 -0.50073105 12.5588994 -4.03439526 -0.53591555 -7.88872682 3.420086 -1.35398168 -30.67201316 15.7727874 0.33490842 0.81302759 -0.24171235 2.03294049 -14.68784128 -26.32712094 -52.06173189 0.00002401 -78.69334459 0.00004063 11.694771 -4.15142961 27.63787025 2.20591015 6.25050903 10.10983479 -15.96015566 23.45544231 70.37767272 -179.9999486 86.93774354 179.99995094 45.52429125 -0.74321588 -3.42463602 -46.23593806 7.41561138 17.91700554 45.26164181 6.21895759 0.52955258 -8.11300104 1.83940914 -10.98277004 -0.22195852 -7.8e-7 0.00000285 -38.11598566 -10.32559731 -21.30465695 36.89915014 -0.88363008 -4.86801612 -7.65075068 -2.74542451 19.94042658 -0.00000967 0.00004249 8.4e-7
-0.00234068 1.04935486 0.00740121 11.1669403 -17.80431892 2.46381305 6.85279263 -1.8715608 -0.34467095 12.69080882 -3.7288822 -0.59865362 12.68454424 -3.72183606 -0.63044208 -8.0646164 3.24134017 -1.35184859 -30.81948311 14.82727843 0.39099655 0.75733304 0.14426031 1.35303954 -14.69702925 -27.66888323 -50.85286423 -0.00008708 -77.99172551 -0.00009244 11.53480326 -4.97401597 26.75633475 2.1736445 6.07267747 10.14743837 -16.5837033 23.10699336 70.31217106 179.99990823 87.01502795 -179.9999019 45.89546722 -0.81219522 -3.5431952 -46.39813295 7.2513214 17.95703755 45.35541902 5.98455479 0.42914084 -8.14354259 1.82667342 -10.80003299 -0.22263838 0.00000301 7.4e-7 -37.93432701 -10.54116878 -21.24200995 36.70280902 -1.10466098 -4.92354384 -7.59256948 -2.74554751 20.08232462 -0.00002491 0.00000131 -0.00000238
-0.00226143 1.04964386 0.00761718 11.16136232 -17.57134214 2.30916884 6.90708207 -1.71315641 -0.40379816 12.78277717 -3.41479355 -0.71434284 12.7816601 -3.40661711 -0.7429587 -8.18646969 3.0775211 -1.35979613 -30.95517617 13.96345614 0.41006948 0.70690222 0.56517278 0.60711878 -14.81919671 -29.24674918 -49.75073065 0.00002639 -76.84459829 0.00003459 10.19414842 -6.41207696 25.63617248 2.14797942 5.95301231 10.15563459 -17.33664879 22.84569719 70.29852523 179.99985507 87.23324764 -179.99986526 46.2001125 -0.89608277 -3.62498194 -46.44474584 7.11653308 18.00533109 45.32721875 5.80962089 0.35303331 -8.11590595 1.81266072 -10.69313689 -0.22538513 -0.00000256 -0.00000571 -37.77642583 -10.76827095 -21.20140924 36.5422473 -1.22010501 -4.92134206 -7.56362523 -2.74012702 20.11859174 -0.00000717 0.00002108 -0.0000034
