HIERARCHY
ROOT Hips
{
  OFFSET 0 1.1673769999999999 0
  CHANNELS 6 Xposition Yposition Zposition Xrotation Yrotation Zrotation
  JOINT Spine
  {
    OFFSET 0.000003812944337411511 0.10717500000681812 -0.009311
    CHANNELS 3 Xrotation Yrotation Zrotation
    JOINT Spine1
    {
      OFFSET 0 0.1058532983696241 -0.004285186608692496
      CHANNELS 3 Xrotation Yrotation Zrotation
      JOINT Spine2
      {
        OFFSET -8.470329472543003e-22 0.10599345671141647 -0.007812688101110094
        CHANNELS 3 Xrotation Yrotation Zrotation
        JOINT Neck
        {
          OFFSET -8.470329472543003e-22 0.26240299999999994 -0.04488100000000002
          CHANNELS 3 Xrotation Yrotation Zrotation
          JOINT Head
          {
            OFFSET -4.235164736271502e-22 0.17466899999999996 0.05625600000000003
            CHANNELS 3 Xrotation Yrotation Zrotation
            End Site
            {
              OFFSET -4.235164736271502e-22 0.10756799999999966 0.021070000000000005
            }
          }
        }
        JOINT LeftShoulder
        {
          OFFSET 0.10574399999999999 0.23009199999999996 -0.07323000000000002
          CHANNELS 3 Xrotation Yrotation Zrotation
          JOINT LeftArm
          {
            OFFSET 0.14878212914559852 -0.04653266654569688 -0.030693304075147546
            CHANNELS 3 Xrotation Yrotation Zrotation
            JOINT LeftForeArm
            {
              OFFSET 0.24109000000000003 2.220446049250313e-16 -5.551115123125783e-17
              CHANNELS 3 Xrotation Yrotation Zrotation
              JOINT LeftHand
              {
                OFFSET 0.316792 0 -1.1102230246251565e-16
                CHANNELS 3 Xrotation Yrotation Zrotation
                End Site
                {
                  OFFSET 0.06265729429771016 -0.10569948639925819 0.03859412819617963
                }
              }
            }
          }
        }
        JOINT RightShoulder
        {
          OFFSET -0.10574399999999999 0.23009099999999982 -0.07323000000000002
          CHANNELS 3 Xrotation Yrotation Zrotation
          JOINT RightArm
          {
            OFFSET -0.14878040829228295 -0.04653159475972379 -0.030692917709113934
            CHANNELS 3 Xrotation Yrotation Zrotation
            JOINT RightForeArm
            {
              OFFSET -0.24109000000000003 -6.661338147750939e-16 -2.7755575615628914e-17
              CHANNELS 3 Xrotation Yrotation Zrotation
              JOINT RightHand
              {
                OFFSET -0.31679300000631333 -8.881784197001252e-16 -5.551115123125783e-17
                CHANNELS 3 Xrotation Yrotation Zrotation
                End Site
                {
                  OFFSET -0.06265795211397429 -0.10570764472283312 0.03859362014678265
                }
              }
            }
          }
        }
      }
    }
  }
  JOINT LeftUpLeg
  {
    OFFSET 0.12297511767165623 -0.06742078536803264 -0.010003
    CHANNELS 3 Xrotation Yrotation Zrotation
    JOINT LeftLeg
    {
      OFFSET 0 -0.457033849483632 0.010304509991859542
      CHANNELS 3 Xrotation Yrotation Zrotation
      JOINT LeftFoot
      {
        OFFSET 0 -0.500280623664138 -0.036905110570505176
        CHANNELS 3 Xrotation Yrotation Zrotation
        JOINT LeftToeBase
        {
          OFFSET 0.025950805788189563 -0.14255151365608373 0.19507593811975638
          CHANNELS 3 Xrotation Yrotation Zrotation
          End Site
          {
            OFFSET 0.010732117804750613 -0.000035441498015504746 0.11362327680684622
          }
        }
      }
    }
  }
  JOINT RightUpLeg
  {
    OFFSET -0.12297488233495055 -0.0674172146317622 -0.010003
    CHANNELS 3 Xrotation Yrotation Zrotation
    JOINT RightLeg
    {
      OFFSET 0.00000159348816348992 -0.45703784846455486 0.01030460015485039
      CHANNELS 3 Xrotation Yrotation Zrotation
      JOINT RightFoot
      {
        OFFSET -0.0000015934881634621645 -0.5002806236608007 -0.03690511058134042
        CHANNELS 3 Xrotation Yrotation Zrotation
        JOINT RightToeBase
        {
          OFFSET -0.0259497668227143 -0.14255297441554501 0.19507500887383716
          CHANNELS 3 Xrotation Yrotation Zrotation
          End Site
          {
            OFFSET -0.010733201844058626 -0.000035030229497263656 0.11362417898958707
          }
        }
      }
    }
  }
}
MOTION
Frames: 184
Frame Time: 0.03333333333333333
-0.00105057 1.04041183 -0.00905127 12.15979624 -19.51082018 1.81514258 3.26057945 -0.63809624 1.08244058 8.25252684 -1.09784894 0.67171244 8.26262094 -1.0492665 0.6057833 -6.34083518 3.73627581 -2.18754569 -23.6185024 16.11402396 0.65797499 0.49338861 5.23717278 -10.7793354 -8.59721753 -21.17913526 -55.19639549 -0.00017342 -81.56934659 -0.00017997 19.9414884 4.68443466 19.00610986 1.79145538 5.01518915 10.51621918 -17.58763105 20.43327314 65.96424512 179.99706249 89.54128331 -179.99705895 26.60419809 -5.77117965 -1.22142192 -49.05247216 6.94523945 25.39206385 37.96585302 7.72514952 0.95173248 2.01574669 0.77385174 -14.76184487 0.00052664 -7e-8 -0.00001073 -46.40227201 -9.78180861 -17.9123598 46.38573483 -7.95655644 2.19558117 -8.79614688 -1.38780718 10.53464049 -0.00303984 0.00001183 0.00000265
-0.00097061 1.0405687 -0.00923583 12.13701071 -19.69240141 1.81373951 3.23374251 -0.55473063 1.09061864 8.19799615 -0.92067395 0.69233477 8.20767274 -0.87129164 0.62325199 -6.49022777 3.74464887 -2.30779198 -23.84107817 15.93357962 0.87397904 0.491515 5.26468826 -10.79729135 -8.62111553 -20.9473352 -55.42307042 0.00002015 -81.59125277 0.00002595 19.81595656 4.71407805 19.23066564 1.76053043 4.93347467 10.28174589 -17.41040876 20.27427751 65.59556701 -179.9999321 89.34731876 179.99992063 25.95086825 -5.83430633 -1.28646186 -49.00857368 7.06622361 25.58235907 37.94909473 7.66967887 0.84759175 2.03275549 0.76981613 -14.72580687 0.00048527 -0.0000075 0.00000298 -46.35630927 -9.70061358 -17.75303648 46.28605036 -7.84345317 2.1095226 -8.74261712 -1.37830085 10.53676675 -0.00303874 0.00001017 1.5e-7
-0.00064388 1.0406694 -0.0092701 12.1137563 -19.88613978 1.81110294 3.21109314 -0.48915198 1.09934466 8.15506674 -0.78084706 0.71558246 8.16449663 -0.73055568 0.64399156 -6.61872771 3.75436757 -2.39338577 -24.02241823 15.82803577 1.01151877 0.48980173 5.29341349 -10.82143784 -8.64561382 -20.73448188 -55.62740896 -0.00003032 -81.60743475 -0.00003534 19.69468187 4.74333103 19.438375 1.73356337 4.85635266 10.09296567 -17.2455893 20.17507456 65.31032532 179.99962333 89.19271837 -179.99960392 25.39217962 -5.89204715 -1.32437151 -48.97515422 7.17056614 25.76258944 37.98348756 7.63699896 0.7482271 2.02459302 0.7681538 -14.70519136 0.00044131 -0.0000075 -0.00000171 -46.31490246 -9.62570547 -17.60815294 46.18300275 -7.7043571 2.01698 -8.68190987 -1.37160049 10.54954437 -0.00303919 0.00001078 0.00000119
-0.00011056 1.04070686 -0.0091663 12.08968143 -20.09064882 1.8078441 3.19555224 -0.45318011 1.11052206 8.13099827 -0.70312959 0.74464847 8.14045405 -0.65188919 0.6714485 -6.70485178 3.76429655 -2.41289221 -24.12119311 15.85238612 1.00089341 0.48833883 5.32525115 -10.8559186 -8.66943307 -20.56282336 -55.79092068 0.00000287 -81.61462065 0.00001558 19.58566445 4.77036868 19.6080303 1.71619213 4.79135933 9.998542 -17.10267359 20.15135892 65.17788384 179.99836103 89.1022324 -179.99837821 25.0231277 -5.94401058 -1.30936779 -48.94920124 7.25543165 25.92770983 38.06556674 7.63053193 0.65976495 1.98894776 0.77017163 -14.6985861 0.0003301 0.00000544 0.00000675 -46.28089909 -9.56174233 -17.48245991 46.08236663 -7.54118606 1.92454118 -8.61684532 -1.36739386 10.56680735 -0.00304002 0.00001177 0.00000314
0.00056109 1.04068153 -0.00896145 12.06471329 -20.30244815 1.80401435 3.18619275 -0.44170212 1.12753268 8.12036246 -0.67785923 0.78160255 8.13016741 -0.62562256 0.70730246 -6.73927691 3.77123171 -2.36374202 -24.13018639 15.99331396 0.84533649 0.48736896 5.36357155 -10.9118386 -8.69374547 -20.47841418 -55.86903278 -0.00002252 -81.60384548 -0.0000146 19.50088497 4.79355486 19.69549485 1.71157676 4.74660121 10.02003808 -16.9858954 20.14221767 65.20687739 179.99981712 89.06000335 -179.99983464 24.87192316 -5.99753397 -1.24242458 -48.92819358 7.31962036 26.07275066 38.18544458 7.65154591 0.59204976 1.93111329 0.77519653 -14.71069003 0.0002032 0.000003 9.9e-7 -46.25619734 -9.50833293 -17.37451263 45.99136763 -7.37055581 1.83750719 -8.54999023 -1.36495855 10.58458393 -0.00303941 0.00001103 0.00000168
0.00136485 1.04056984 -0.00865596 12.03785753 -20.51991302 1.79915608 3.17940223 -0.43733075 1.15450762 8.10879307 -0.67082816 0.8279267 8.11914189 -0.61745492 0.75260239 -6.73646988 3.77438724 -2.28587291 -24.08917389 16.16749696 0.64205197 0.48738234 5.4117654 -11.00391726 -8.72290877 -20.53433244 -55.8033333 0.00002909 -81.56321733 0.00002436 19.44784482 4.81274929 19.64835904 1.71722786 4.72920885 10.11761877 -16.89204399 20.06884415 65.32282151 179.99886375 89.02311403 -179.99889083 24.85847118 -6.05872362 -1.16367254 -48.91403505 7.35914025 26.18901801 38.34686542 7.70578451 0.56036308 1.85281278 0.78233156 -14.75594995 0.00009738 0.00001433 -7.3e-7 -46.24339723 -9.46050957 -17.28195294 45.92004761 -7.21855874 1.75619233 -8.48186071 -1.3647694 10.60703254 -0.00304004 0.0000122 0.00000308
0.00250819 1.04026314 -0.00809875 12.00697771 -20.7531887 1.79335507 3.17439143 -0.43321112 1.19262651 8.09090923 -0.66835797 0.88520608 8.10188843 -0.61340513 0.80930188 -6.72293823 3.7804736 -2.22925651 -24.05230097 16.31341585 0.49820003 0.48883937 5.46892733 -11.13787643 -8.76155645 -20.74035218 -55.56954301 -0.00014167 -81.48967269 -0.00017208 19.41263902 4.82949764 19.45082335 1.72649713 4.74130199 10.21195746 -16.81439702 19.95556351 65.43671362 179.99966403 88.97885953 -179.99966029 24.83829533 -6.12266472 -1.12252679 -48.92206513 7.35743236 26.2678731 38.61133222 7.81290907 0.57145603 1.72653269 0.79404053 -14.85632305 0.00001112 -0.00000211 0.00000208 -46.25363304 -9.4192089 -17.2200816 45.88388314 -7.07433697 1.67508018 -8.41318902 -1.36924412 10.64655579 -0.00303938 0.00001086 0.00000162
0.00430037 1.03969711 -0.00704802 11.97200562 -21.02053339 1.79037352 3.17395182 -0.43892763 1.23538466 8.07584968 -0.68666961 0.95298898 8.08762163 -0.62952417 0.87779631 -6.71913866 3.80107565 -2.21922741 -24.05873674 16.44422441 0.45931465 0.49085564 5.50887456 -11.25524382 -8.80709099 -20.86176316 -55.32123103 0.00012747 -81.44856057 0.00011672 19.28773868 4.82201604 19.27246903 1.7330858 4.77562385 10.2395734 -16.75116881 19.92055085 65.50647569 179.9980404 88.95911204 -179.99803938 24.66258999 -6.17815537 -1.14373387 -48.97508955 7.32587847 26.31278895 39.06007369 7.98782872 0.59549475 1.45664401 0.8240918 -14.92586581 0.00000541 0.00000364 0.00000896 -46.28558545 -9.36586707 -17.19234162 45.87782007 -6.93047707 1.57320826 -8.33523829 -1.38111568 10.73453556 -0.00303965 0.00001138 0.00000229
0.0067968 1.03894844 -0.0054152 11.93848932 -21.32689412 1.79404706 3.17921543 -0.46273 1.27217469 8.07315637 -0.7377254 1.0254712 8.08584931 -0.67795735 0.95244327 -6.7317177 3.84311452 -2.25172564 -24.1257574 16.60268206 0.51820967 0.49129518 5.52644836 -11.31287123 -8.8259636 -20.80875156 -55.14961767 0.00002344 -81.48356968 0.00003518 19.11603998 4.74235266 19.19050111 1.73440886 4.81661084 10.19109282 -16.70777157 20.03695623 65.5364246 -179.99987872 88.99128393 179.99988277 24.21865927 -6.22248704 -1.2233747 -49.07894114 7.30367681 26.35712567 39.68423543 8.20844013 0.58546201 1.0430765 0.87365491 -14.92321461 -0.00002461 -0.00000533 0.00004465 -46.31768842 -9.27304053 -17.18062188 45.86820056 -6.76648999 1.4343007 -8.2421544 -1.39892595 10.89062103 -0.0030389 0.00001006 5.2e-7
0.00975588 1.03817535 -0.00333119 11.91352745 -21.65312373 1.80652714 3.18578633 -0.49858658 1.292687 8.0791257 -0.80587686 1.09201726 8.09273221 -0.74367021 1.02178927 -6.75264545 3.90160791 -2.30486582 -24.2457748 16.7997275 0.64738883 0.48964302 5.52913162 -11.31209915 -8.80202027 -20.64275707 -55.0562038 -0.0000803 -81.57620368 -0.00008429 18.95034554 4.59089261 19.18792908 1.73255347 4.84883672 10.11562417 -16.69102614 20.24129233 65.55768233 -179.99948568 89.05788686 179.99948154 23.48053868 -6.26936763 -1.34188523 -49.20881945 7.3089453 26.4057782 40.38668385 8.44701627 0.54418206 0.56770399 0.93115137 -14.89028857 -0.0000105 -0.00000203 0.00003981 -46.33577946 -9.14666922 -17.1770665 45.83008815 -6.60123868 1.27205368 -8.13124154 -1.41810777 11.09823021 -0.00303952 0.00001132 0.00000188
0.01297928 1.03743736 -0.00092288 11.89716737 -21.97278951 1.83224919 3.18585939 -0.53067043 1.29210837 8.07793284 -0.85851992 1.14333697 8.09216675 -0.79469155 1.0753903 -6.7639098 3.96150421 -2.35273661 -24.38887494 17.00216351 0.81269274 0.48699439 5.52134038 -11.27219706 -8.73072737 -20.48470876 -55.01327983 -0.00001344 -81.66445382 3.9e-7 18.82322642 4.40418263 19.23972777 1.73255741 4.86577286 10.08675499 -16.69804992 20.38091764 65.60897884 -179.99875027 89.10453853 179.99876387 22.5462019 -6.34084 -1.47744272 -49.34765009 7.3473327 26.4575221 41.11082651 8.66244909 0.45894267 0.06052113 0.99148017 -14.8172534 -0.00007609 0.00000535 0.00006966 -46.34237534 -9.00270362 -17.19434913 45.77069246 -6.47218042 1.10201744 -8.00591567 -1.43722918 11.34100202 -0.00303935 0.00001097 0.00000152
0.01643206 1.03669594 0.00180512 11.88371215 -22.27524613 1.87836601 3.17248631 -0.54474073 1.27594234 8.05253649 -0.87067287 1.17839761 8.06711987 -0.80619531 1.11152245 -6.74705057 4.00719016 -2.37844871 -24.5214771 17.16204575 0.98073678 0.48522231 5.50150131 -11.21495819 -8.60621074 -20.44127048 -54.97754951 -0.00002946 -81.68496089 -0.00001011 18.7342149 4.21840438 19.34348714 1.73893757 4.87281226 10.15277907 -16.7052464 20.33430183 65.71490718 -179.99947499 89.07956266 179.99947549 21.60862218 -6.44972371 -1.61396999 -49.47574326 7.4026331 26.48180769 41.8452448 8.84927363 0.34558089 -0.47843707 1.05415089 -14.70668545 -0.00001293 -0.00000211 0.00004138 -46.34973104 -8.85532712 -17.25615781 45.71307812 -6.39506334 0.92964061 -7.87210071 -1.45755847 11.61213632 -0.00304002 0.00001184 0.00000316
0.02008421 1.0359726 0.00489337 11.87754758 -22.57383228 1.945582 3.14235342 -0.5362544 1.25828811 7.99396496 -0.83903775 1.20546339 8.00865767 -0.77439016 1.13849741 -6.69251166 4.03135286 -2.3806406 -24.63123486 17.25065656 1.13113432 0.48548727 5.46891481 -11.15753897 -8.41465033 -20.54746079 -54.90964089 -0.00001059 -81.61800012 -0.00000178 18.64647929 4.04740243 19.5071017 1.75291433 4.88305032 10.30651173 -16.66992966 20.0901986 65.86935731 179.99855183 88.96341386 -179.99853216 20.86607065 -6.58627615 -1.74269023 -49.57917961 7.46338152 26.46531007 42.5797675 9.01538148 0.23238337 -1.05275951 1.11930052 -14.58991119 -0.00000958 0.00000245 0.00004447 -46.35700478 -8.71107148 -17.35547857 45.64547882 -6.3371391 0.74984042 -7.72999046 -1.47945825 11.90604942 -0.00303893 0.00001045 4.8e-7
0.02382138 1.03538689 0.00833916 11.90367628 -22.88935927 2.02029367 3.0953961 -0.51070754 1.25199537 7.90253032 -0.77844822 1.235217 7.91728911 -0.71336948 1.16758617 -6.60208234 4.0365316 -2.36803047 -24.73273521 17.27162471 1.26106709 0.48779758 5.42743345 -11.10852596 -8.14278788 -20.75725981 -54.79355549 -0.00001103 -81.49849411 -0.00001434 18.51440286 3.88564165 19.71434635 1.77231426 4.90858222 10.50014273 -16.55177283 19.73088924 66.04146375 179.99910435 88.77103375 -179.99910864 20.4334798 -6.72115248 -1.86061911 -49.66873637 7.54398799 26.45163201 43.27691709 9.12785807 0.11470289 -1.65151009 1.1836458 -14.44781169 -0.00003173 0.00000178 0.00004126 -46.35071089 -8.57749888 -17.44768078 45.5151609 -6.23466261 0.55919078 -7.57473549 -1.50107823 12.21088266 -0.00303872 0.00000999 0
0.02755334 1.03501335 0.01208673 11.99122003 -23.22107245 2.08215816 3.03369212 -0.47803709 1.25777363 7.78443257 -0.70758539 1.2713657 7.7993111 -0.64156627 1.20310705 -6.48633426 4.0296829 -2.34715268 -24.8443366 17.25209538 1.3701874 0.49127219 5.38162747 -11.0654265 -7.79589752 -20.98346589 -54.64291154 0.00001132 -81.38624348 0.00001924 18.33048006 3.7284855 19.91731877 1.79360659 4.95220314 10.68630295 -16.34034346 19.35583232 66.19904085 -179.99986153 88.53404573 179.99984747 20.30877091 -6.8236504 -1.96888283 -49.78141462 7.64866175 26.49517724 43.91689802 9.14844827 -0.03122407 -2.26069793 1.24267212 -14.249143 -0.00002081 -0.00000109 -0.00000122 -46.32394725 -8.46336727 -17.49559369 45.28235144 -6.05739664 0.36771441 -7.40289703 -1.52011766 12.5172699 -0.00303995 0.00001171 0.000003
0.0313124 1.03475479 0.01603862 12.14156841 -23.5382241 2.12480326 2.9615714 -0.44657642 1.26162838 7.64976123 -0.63676168 1.30757279 7.66477035 -0.56961643 1.23898799 -6.36145725 4.01634265 -2.31628669 -24.95895048 17.2256174 1.43964933 0.49497477 5.33234015 -11.01754623 -7.41109871 -21.15346295 -54.49001932 -0.00008722 -81.31853818 -0.00007284 18.14838818 3.58741507 20.07113943 1.81395819 5.00477751 10.84558867 -16.06478578 19.02102476 66.32899088 -179.99968185 88.28196923 179.99966074 20.40005641 -6.88277721 -2.07176117 -49.94664026 7.7502992 26.58445952 44.52673643 9.1009459 -0.20687095 -2.87326808 1.29495562 -13.99653377 -0.00002973 0.00000122 0.00002374 -46.28709054 -8.36310713 -17.51480177 44.97160079 -5.83014719 0.19339557 -7.22184517 -1.53710839 12.82827998 -0.00303967 0.00001155 0.00000224
0.03520114 1.0344236 0.0200753 12.31930965 -23.81021925 2.16681173 2.8871683 -0.42038027 1.24483066 7.51415962 -0.5661579 1.33404708 7.52917099 -0.49836534 1.26527475 -6.24616771 3.99939833 -2.27171603 -25.04196567 17.21865362 1.4326948 0.49846074 5.27830913 -10.95681456 -7.0530675 -21.24407752 -54.3649229 -0.00004096 -81.28436813 -0.00004965 18.05449974 3.48334079 20.17197131 1.83162355 5.05098177 10.98083478 -15.77943144 18.7351912 66.43668445 -179.99902442 88.03827327 179.99903508 20.58361701 -6.91406858 -2.17271187 -50.14859825 7.8181192 26.64224652 45.1476977 9.0685877 -0.38483292 -3.48548562 1.34235395 -13.72764225 -0.00003134 -0.00000456 0.00004327 -46.26276132 -8.26615087 -17.56655076 44.65797635 -5.59237555 0.04234063 -7.0476088 -1.55425831 13.14986372 -0.00303899 0.00001008 7.3e-7
0.03926185 1.0339048 0.02408752 12.47712496 -24.04114294 2.23361262 2.82325717 -0.40105885 1.19987421 7.40015121 -0.49541801 1.34801026 7.4150073 -0.42785686 1.27881258 -6.15663873 3.98169531 -2.21836384 -25.0614566 17.24332721 1.32617347 0.50168578 5.22211552 -10.88800796 -6.7940641 -21.28208419 -54.28057361 0.00010429 -81.23582833 0.00010788 18.1065752 3.42452016 20.25100057 1.8452446 5.07943344 11.09686842 -15.54031447 18.48918747 66.53008718 179.99956899 87.82513438 -179.99956524 20.7584397 -6.94697724 -2.2669554 -50.34420437 7.86413017 26.62170297 45.80116525 9.11076921 -0.55347113 -4.09561077 1.38811825 -13.47366081 -0.00001405 -0.00000667 -0.00000164 -46.26537871 -8.17043481 -17.6982989 44.39951465 -5.3459698 -0.100012 -6.88970004 -1.57266132 13.47878478 -0.0030393 0.00001093 0.00000136
0.0434538 1.03322586 0.02803968 12.57667711 -24.25162829 2.31892408 2.78497747 -0.39204809 1.13925907 7.33283509 -0.4356314 1.35795677 7.3475345 -0.36893619 1.28793802 -6.09616181 3.96733758 -2.17151066 -25.0265225 17.29408789 1.14664364 0.50475801 5.17110235 -10.82904222 -6.68848172 -21.31949949 -54.23202445 0.00007582 -81.12501969 0.00006396 18.29042297 3.39471808 20.32998622 1.85463992 5.09096339 11.19082275 -15.39038472 18.2715108 66.6077529 179.99953505 87.66940281 -179.99952817 20.874832 -7.00196916 -2.33600154 -50.51388855 7.93564939 26.57213558 46.50131744 9.19152222 -0.73686977 -4.71165665 1.43652487 -13.26865023 -0.00001593 1.1e-7 0.00001093 -46.26844329 -8.0773162 -17.89683046 44.19821813 -5.09229631 -0.25469197 -6.74597113 -1.59161294 13.81576134 -0.00303937 0.00001098 0.00000158
0.04775402 1.03250145 0.03201143 12.57939143 -24.41280278 2.36649416 2.78390906 -0.40111158 1.08728196 7.32929733 -0.41155045 1.37778228 7.34409618 -0.34580576 1.30685786 -6.04933208 3.95976623 -2.14689583 -24.99311229 17.34998234 0.97169579 0.50775397 5.1317163 -10.79883684 -6.75192694 -21.40442254 -54.2071149 0.00002441 -80.93820535 0.00001416 18.52635311 3.36760257 20.38910578 1.86154427 5.09829291 11.26447459 -15.35699013 18.06016552 66.66426749 179.99986209 87.59720326 -179.9998696 20.92876787 -7.07604685 -2.3526815 -50.64451023 8.06470622 26.52875099 47.21655488 9.22139813 -0.93262803 -5.33065047 1.48551343 -13.02838337 -0.00000926 -0.00000324 0.00001106 -46.18858933 -8.00521248 -18.12918508 44.01538715 -4.86423433 -0.42518487 -6.61546111 -1.61224681 14.17839295 -0.00304027 0.00001235 0.00000378
0.05224608 1.031819 0.03618591 12.4433723 -24.42210251 2.3014373 2.82118745 -0.43633488 1.06498752 7.38725404 -0.44891749 1.41630179 7.40259106 -0.38378454 1.34511094 -5.98790654 3.95919007 -2.14962403 -25.02564389 17.38659795 0.88455598 0.51085575 5.1037586 -10.8044255 -6.95096999 -21.55870516 -54.19564382 -0.00019197 -80.70652579 -0.00019826 18.71529858 3.33357602 20.38482229 1.86944432 5.11732013 11.33450533 -15.44908762 17.82099646 66.70131994 179.99995919 87.61844951 -179.99994358 20.9333527 -7.14715625 -2.29848576 -50.71808941 8.19071068 26.42209925 47.92486609 9.15072479 -1.06176036 -5.951942 1.53351407 -12.74890285 -0.00006239 -0.00000724 0.00004877 -45.93214981 -8.02602031 -18.43004198 43.813455 -4.66439973 -0.58041755 -6.51225244 -1.63846728 14.57877369 -0.00303997 0.00001192 0.00000302
0.05702703 1.03118469 0.04070439 12.16878523 -24.18635088 2.10119351 2.88401293 -0.49901651 1.07633497 7.48158238 -0.554287 1.47162836 7.49783891 -0.48933055 1.40140878 -5.89014825 3.96306128 -2.17358094 -25.14314912 17.39274501 0.91456295 0.51416164 5.08256686 -10.83879422 -7.21121875 -21.7692027 -54.18956841 -0.00002305 -80.48895998 -0.00002374 18.78703834 3.30982221 20.29728854 1.88102912 5.15603139 11.42123353 -15.64586082 17.53466546 66.72949736 179.99970228 87.71244832 -179.99970516 20.9011629 -7.19273526 -2.18220096 -50.71794036 8.20426271 26.11943847 48.61544026 9.03394983 -1.03831385 -6.56920874 1.57973838 -12.48476811 -0.00002616 -0.0000021 -0.00000342 -45.49426428 -8.24262681 -18.89864617 43.5890358 -4.44039947 -0.66493138 -6.45245763 -1.67187656 14.9896644 -0.00303916 0.00001055 0.00000101
0.0620207 1.03056595 0.04548867 11.84749896 -23.74277624 1.83685538 2.94975542 -0.57944427 1.1074946 7.57381358 -0.70429291 1.53429869 7.59121446 -0.63932313 1.46632081 -5.75892786 3.96889495 -2.21068653 -25.29541447 17.37786064 1.01455027 0.51740294 5.0666258 -10.88966694 -7.44702028 -21.99767692 -54.17793968 0.0000504 -80.33846381 0.00004794 18.7240953 3.32127355 20.15871396 1.89569625 5.20903578 11.5243325 -15.88833108 17.22979425 66.75732017 179.99984885 87.83085313 -179.99987136 20.86546124 -7.20452034 -2.04229544 -50.67360375 8.06836271 25.59047256 49.27624608 8.97493082 -0.87776524 -7.16613091 1.62283348 -12.27225493 -0.00003912 -0.00000275 0.00003104 -44.98851505 -8.64735258 -19.54877074 43.35225182 -4.16973788 -0.66160937 -6.42325285 -1.70927649 15.37774265 -0.00303979 0.00001166 0.00000262
0.06693435 1.02991623 0.05022037 11.62718036 -23.26454751 1.62980212 2.99775455 -0.66032682 1.13882264 7.63227834 -0.85615671 1.59468174 7.65075522 -0.79106438 1.52951901 -5.62370921 3.97585366 -2.25821473 -25.39193216 17.36071151 1.09542498 0.52004225 5.06084373 -10.94827419 -7.60484335 -22.20628488 -54.14585537 0.00010479 -80.27009333 0.00010479 18.55763982 3.37267164 20.03583551 1.90914421 5.26105518 11.61516993 -16.09603824 16.98031889 66.78254246 -179.99981227 87.92130954 179.99982229 20.92071941 -7.18757157 -1.92511999 -50.68029033 7.88179838 24.99897431 49.89977505 9.00106468 -0.72335706 -7.72765292 1.65919928 -12.07801913 -0.00007766 -0.00000131 0.0000473 -44.57042069 -9.03727061 -20.21076468 43.11275083 -3.94848466 -0.64787031 -6.38538499 -1.74749387 15.76959628 -0.00303933 0.00001111 0.00000139
0.07142462 1.02920891 0.0545422 11.59848635 -22.90898099 1.55552443 3.02204014 -0.72601826 1.15791389 7.65160393 -0.97228811 1.64668802 7.67092676 -0.90704359 1.58387343 -5.52324598 3.98220608 -2.31495785 -25.36286786 17.34581483 1.08906758 0.52166887 5.06779683 -11.00692897 -7.69607422 -22.38320189 -54.08251102 -0.00012245 -80.24802848 -0.00012248 18.3498849 3.44351256 19.99033494 1.91657817 5.29706838 11.65608676 -16.21068459 16.8568779 66.79393466 179.99969505 87.96033253 -179.99968374 21.21663864 -7.14811761 -1.85482125 -50.82101496 7.77463721 24.55949385 50.48534275 9.06190685 -0.73373524 -8.2429546 1.68266147 -11.83408593 -0.00117718 0.00000519 0.00000154 -44.33164975 -9.20598869 -20.68647229 42.89150636 -3.908425 -0.72359795 -6.31415128 -1.78546883 16.21087169 -0.00304019 0.00001232 0.00000358
0.07530104 1.02845573 0.05828319 11.71923756 -22.66870308 1.58639011 3.03642481 -0.77060447 1.16291202 7.65801893 -1.03931787 1.68501861 7.6779755 -0.97401705 1.62331791 -5.48225029 3.98102885 -2.3706315 -25.20486655 17.30704557 0.98762567 0.52261754 5.07435241 -11.04792296 -7.79477708 -22.54678824 -53.99336592 0.00005881 -80.20263461 0.00006134 18.17286402 3.51005962 20.05136441 1.91586398 5.31082705 11.63187312 -16.23689258 16.87472855 66.78280344 179.9999499 87.96866348 -179.99996836 21.86440919 -7.08615095 -1.82285986 -51.08038453 7.76706804 24.31315989 51.02710337 9.1166404 -0.9197715 -8.69900903 1.69201547 -11.52538173 -0.12453514 -0.00000608 -0.00000174 -44.24221685 -9.16490318 -20.96555051 42.70996319 -4.04762946 -0.89012416 -6.22540981 -1.82257845 16.68874053 -0.00303881 0.00001017 2.2e-7
0.07856292 1.02770042 0.06147603 11.84984797 -22.39937807 1.62322813 3.06526377 -0.7969764 1.15610762 7.69320682 -1.06631613 1.70072917 7.71339713 -1.0012933 1.63869422 -5.49752423 3.95952337 -2.40213496 -24.97802708 17.19479275 0.83339573 0.52406716 5.04913451 -11.03925697 -7.99208613 -22.72256883 -53.90267586 -0.00001826 -80.06978831 -0.00001556 18.08068445 3.56245609 20.20745959 1.90889976 5.30555167 11.5610141 -16.24103192 16.98782446 66.75244577 -179.99928125 87.99485873 179.99925802 22.80990396 -7.00074533 -1.80490471 -51.36573502 7.78516563 24.13098855 51.51008881 9.15963377 -1.15514486 -9.07619874 1.69389062 -11.19223931 -0.22615782 0.00001112 0.00000406 -44.17677136 -9.09239649 -21.19312653 42.5857012 -4.26541579 -1.06394729 -6.16688698 -1.85988928 17.14932048 -0.00304021 0.00001243 0.00000345
0.08128967 1.02695969 0.06420498 11.86873399 -21.99542707 1.58160772 3.1246893 -0.80906302 1.13846713 7.7832426 -1.06726332 1.68231112 7.80320407 -1.00327386 1.61888537 -5.54034257 3.90490881 -2.38476536 -24.76022652 16.96556773 0.67644153 0.5275056 4.96148057 -10.95298781 -8.33014953 -22.91312154 -53.83621538 0.00006907 -79.83339643 0.00006828 18.07594933 3.5935417 20.40294723 1.89934616 5.28718526 11.48149075 -16.29990638 17.13223839 66.71994796 179.99921764 88.07778169 -179.99923182 23.80186389 -6.90059104 -1.7864294 -51.60896143 7.75714077 23.94017634 51.97596552 9.1204999 -1.33530644 -9.39760277 1.70767153 -11.01575813 -0.2502127 0.00000303 -0.00000452 -44.02143687 -9.12691222 -21.48050655 42.52800423 -4.47110432 -1.17864476 -6.17594296 -1.89947633 17.55486407 -0.00303984 0.00001165 0.0000027
0.08352822 1.02624664 0.06647944 11.76682277 -21.50678976 1.46060042 3.20681332 -0.80835228 1.10613891 7.91327901 -1.0474582 1.62396216 7.93246895 -0.98529836 1.55874045 -5.56968962 3.81414449 -2.31158116 -24.59211952 16.61574812 0.53720956 0.53417328 4.81196575 -10.79796387 -8.75735945 -23.09075066 -53.79096296 0.00001913 -79.54239048 0.00000805 18.08779689 3.57320715 20.53688464 1.88992906 5.25720598 11.42367769 -16.43522462 17.27332414 66.70888771 179.99964748 88.21516641 -179.99965101 24.52541479 -6.80971437 -1.76932978 -51.79041785 7.71938872 23.7758955 52.41307199 8.95587312 -1.46520327 -9.67692856 1.7264743 -10.92860969 -0.26243573 -0.00000535 -0.00000286 -43.77456906 -9.26915132 -21.81738384 42.52457814 -4.61571377 -1.22445843 -6.24329599 -1.93890322 17.88524352 -0.00304005 0.00001197 0.00000316
0.08532408 1.02555588 0.06829507 11.6459909 -21.07505684 1.3316668 3.28029702 -0.79436951 1.06002245 8.02900752 -1.00584993 1.53437785 8.04699129 -0.94587644 1.46763615 -5.55090342 3.70004666 -2.20404672 -24.45258309 16.19685907 0.39889906 0.54346336 4.64904023 -10.63957702 -9.14199807 -23.22153744 -53.71817149 0.0001061 -79.28790094 0.00010755 17.99113072 3.44964859 20.49032351 1.88121776 5.21275873 11.39711217 -16.58997785 17.41484942 66.73820689 179.99984754 88.36312785 -179.99984999 24.81729417 -6.75955493 -1.75856068 -51.95802173 7.74387992 23.71481367 52.79619091 8.68953578 -1.60441582 -9.92176849 1.73502258 -10.7988637 -0.28294564 0.00000555 6e-8 -43.54893565 -9.43099002 -22.13882509 42.55106646 -4.6703558 -1.21659834 -6.32818863 -1.9720709 18.12677701 -0.00304038 0.00001251 0.00000389
0.08678046 1.02489403 0.0697242 11.63429872 -20.77955767 1.27373906 3.30981676 -0.76951093 1.01289321 8.06938336 -0.94696148 1.43661673 8.08608968 -0.88861148 1.36907236 -5.47226753 3.58786414 -2.10260985 -24.28072389 15.80015435 0.22769158 0.55172941 4.5504869 -10.5769307 -9.34433614 -23.29643541 -53.54550761 0.00009689 -79.15179338 0.00010105 17.67664435 3.19155537 20.19243253 1.8725098 5.15291139 11.39384949 -16.67178475 17.57624933 66.8135408 179.99954173 88.46659029 -179.99955002 24.78225494 -6.76987611 -1.7486575 -52.17830091 7.82836113 23.74330312 53.10578068 8.40351377 -1.77457252 -10.13034105 1.73056662 -10.59902607 -0.31364964 -0.00000293 0.00000319 -43.48068889 -9.54952921 -22.42295804 42.5898644 -4.63989543 -1.16270681 -6.39435336 -1.99427144 18.27398571 -0.00303934 0.00001099 0.00000146
0.08802571 1.02429367 0.07087111 11.788532 -20.57956173 1.31493727 3.28140627 -0.74076422 0.98349852 8.01039402 -0.88583413 1.35588223 8.02613627 -0.82773528 1.28830581 -5.35333299 3.50293607 -2.0425283 -24.02864691 15.51495709 0.00255261 0.55494677 4.57620146 -10.68123144 -9.30214208 -23.33435853 -53.23162696 0.00001916 -79.15717288 0.00002895 17.13390469 2.83257108 19.68730624 1.86346276 5.0844409 11.39735967 -16.6313659 17.77305489 66.92248239 179.99876276 88.49831866 -179.99878523 24.70376068 -6.83265386 -1.72467648 -52.46459558 7.87124622 23.72346556 53.32917234 8.22752731 -1.92216739 -10.28614003 1.72381254 -10.40640875 -0.32841308 -0.00000149 -0.00000317 -43.62370486 -9.65204588 -22.72536305 42.62590404 -4.51054032 -1.04763785 -6.43462838 -2.00483629 18.32492195 -0.00303883 0.00001023 4e-7
0.08910786 1.02382233 0.07174435 12.0522158 -20.40288213 1.42110268 3.21494967 -0.7157924 0.98240895 7.88699302 -0.83943068 1.30322608 7.90230856 -0.78011654 1.23600939 -5.23679874 3.45770081 -2.03370528 -23.70546427 15.38129469 -0.26278009 0.55275702 4.72492611 -10.93977668 -9.06998381 -23.35484148 -52.81202001 -0.00000725 -79.25661905 0.00000459 16.48435379 2.46469122 19.13825244 1.85436323 5.02034942 11.39041908 -16.51215502 18.01796465 67.03790063 179.99954891 88.47762511 -179.99956126 24.82054477 -6.91401597 -1.67726252 -52.76030239 7.79391393 23.54984012 53.46242722 8.22875099 -1.98073287 -10.37389712 1.72631787 -10.3102249 -0.30844172 0.00000583 0.00000461 -43.90748118 -9.78407078 -23.07460766 42.64603119 -4.29925519 -0.87878897 -6.45579826 -2.00630998 18.29692129 -0.00303988 0.00001187 0.00000269
0.08991915 1.02355003 0.07220961 12.29873957 -20.25121737 1.532603 3.15305853 -0.69771894 1.00121821 7.77454117 -0.8139578 1.26855869 7.78974567 -0.75263535 1.20150406 -5.16344474 3.44631112 -2.06007704 -23.3806804 15.36729091 -0.51504323 0.5485382 4.92999879 -11.25297666 -8.78780192 -23.35199125 -52.39407327 -0.00007232 -79.36514841 -0.00007429 15.92501443 2.18358288 18.74154968 1.84544986 4.97234539 11.35860571 -16.42852295 18.32751088 67.13028669 179.99980928 88.45480153 -179.99981116 25.15261311 -6.97399397 -1.61750485 -52.98189131 7.65499379 23.2937776 53.50631701 8.32007199 -1.9538028 -10.39629856 1.73524745 -10.30181628 -0.27808498 0.00000375 0.00000426 -44.18677758 -9.91310054 -23.38589897 42.64662856 -4.09587877 -0.72167511 -6.45855716 -2.00303188 18.23835443 -0.00303903 0.00001068 7.3e-7
0.09024668 1.02350128 0.07209779 12.42332937 -20.19053254 1.61111289 3.13432915 -0.6844765 1.01562499 7.74182502 -0.80155975 1.22948835 7.75687853 -0.73861096 1.16191943 -5.14668021 3.45084931 -2.09706727 -23.14226607 15.38817156 -0.67909595 0.54500821 5.09976648 -11.49308827 -8.60047183 -23.29904856 -52.09775207 0.00004095 -79.41495336 0.00005126 15.61755525 2.04268073 18.60366617 1.83641556 4.94372314 11.29353631 -16.48806024 18.71466716 67.18168317 179.99989753 88.4754289 -179.99992054 25.50650806 -6.98960704 -1.57621023 -53.06555908 7.57497162 23.11867631 53.46540587 8.3598389 -1.89897435 -10.36856124 1.73907467 -10.31344023 -0.29728344 -0.00000584 0.00000132 -44.35729113 -9.97476192 -23.54746128 42.64433809 -3.97511001 -0.64001293 -6.44353574 -1.99762298 18.17908633 -0.00303952 0.00001117 0.00000188
0.08990531 1.02362747 0.07133985 12.40643658 -20.25524897 1.65476515 3.17040334 -0.67343343 1.00040076 7.81019215 -0.78950204 1.16849962 7.82471451 -0.72631467 1.09967738 -5.16548846 3.45356719 -2.12960985 -23.03819648 15.3576356 -0.69525328 0.54284151 5.17244624 -11.58042159 -8.57950921 -23.1778621 -51.98537751 0.00003719 -79.3916588 0.00003097 15.61218863 2.04680577 18.68134487 1.82683042 4.92903182 11.19895873 -16.71791664 19.16899862 67.19315794 179.99980228 88.55165943 -179.99981361 25.63709082 -6.96371815 -1.58410079 -53.00639035 7.60320598 23.10968998 53.35103358 8.28231728 -1.85865039 -10.30032245 1.73354755 -10.31658737 -0.41832677 -0.00000309 0.00000683 -44.42086493 -9.95663332 -23.54115881 42.67378288 -3.92321678 -0.63117418 -6.42775668 -1.99048737 18.10139915 -0.00304018 0.00001221 0.00000347
0.08884104 1.02384445 0.06998313 12.30635604 -20.39414584 1.67761103 3.24275679 -0.66546027 0.94388492 7.9470226 -0.77216533 1.08323831 7.96056262 -0.71053891 1.01277938 -5.18385002 3.44591694 -2.15374513 -23.04452723 15.23976045 -0.55796737 0.54233092 5.14364919 -11.51703125 -8.69929269 -23.00090654 -52.03476772 -0.00008556 -79.33176554 -0.00007475 15.86163111 2.16500806 18.83354686 1.81729069 4.91957428 11.09477582 -17.0499576 19.64377967 67.18445025 179.99936532 88.6620023 -179.99939228 25.43204765 -6.91401961 -1.64978775 -52.86653463 7.68671416 23.22433782 53.17933609 8.12757989 -1.8303913 -10.18295362 1.72550746 -10.34716464 -0.57862591 -0.00000996 0.0000016 -44.44109026 -9.89352165 -23.42776113 42.75999716 -3.89948294 -0.64880929 -6.43742738 -1.9828665 17.98187512 -0.00303945 0.0000111 0.00000177
0.08712577 1.02410507 0.06809744 12.2048363 -20.51461393 1.68533671 3.31856022 -0.66453224 0.85166822 8.09364252 -0.75488793 0.98174065 8.10592361 -0.69641452 0.90972738 -5.18093376 3.42941751 -2.16339573 -23.07970584 15.06774817 -0.32739522 0.54356502 5.05060051 -11.35851601 -8.87958105 -22.80170614 -52.17356852 0.00007399 -79.28973774 0.00006462 16.29055735 2.34423976 18.93296003 1.80998332 4.91020235 11.01801377 -17.37165547 20.06551032 67.18945032 179.99936472 88.77536757 -179.99938145 24.98737446 -6.85644313 -1.75418293 -52.73798952 7.7371592 23.3675685 52.96376633 7.99300121 -1.77956657 -9.99320026 1.72550247 -10.46540754 -0.68819595 7.9e-7 9.3e-7 -44.4689588 -9.81331254 -23.25699785 42.89879887 -3.9181916 -0.65321785 -6.48481703 -1.97694281 17.82665916 -0.00304023 0.00001232 0.0000035
0.08486944 1.02442726 0.06570004 12.15493349 -20.55968383 1.67449708 3.37207929 -0.67313542 0.73960779 8.20333517 -0.74777547 0.86970717 8.21426055 -0.69354155 0.79656086 -5.1657488 3.41018106 -2.14098628 -23.0562421 14.9186202 -0.10131334 0.54553031 4.93453375 -11.15973174 -9.05168953 -22.60466381 -52.33819536 0.00004335 -79.3034233 0.00002111 16.84306841 2.52481976 18.94085103 1.80856655 4.90237313 11.0100382 -17.59699966 20.36451991 67.24646595 179.99942621 88.87494126 -179.99944551 24.53164301 -6.79804578 -1.86264442 -52.685909 7.71163471 23.48470007 52.70400504 7.94281342 -1.67590529 -9.70972392 1.73849723 -10.70140451 -0.67403141 0.00001103 -0.00001113 -44.52124687 -9.722767 -23.03894774 43.06453859 -4.02643929 -0.62416997 -6.55868258 -1.97172803 17.65054327 -0.00303925 0.00001071 0.00000134
0.08213989 1.02485977 0.06279252 12.16144562 -20.53527204 1.64826626 3.39672042 -0.6886296 0.62468404 8.26276923 -0.75654761 0.7448614 8.27228705 -0.707129 0.67104356 -5.16548049 3.3936106 -2.06769013 -22.93134199 14.86284134 0.03671934 0.54665178 4.81714649 -10.94581627 -9.19434927 -22.40978216 -52.50452404 0.00001582 -79.37786658 0.00002028 17.47007502 2.65857708 18.89731978 1.815974 4.90291562 11.09479108 -17.70448509 20.50885001 67.37954065 179.99973924 88.96197764 -179.99974663 24.25975991 -6.74178566 -1.94539236 -52.71197927 7.63815634 23.59700717 52.38265537 7.93756363 -1.54150521 -9.3317096 1.75738377 -11.00852945 -0.53679855 0.00000199 0.00000665 -44.59928219 -9.62780588 -22.77337259 43.23628075 -4.23460878 -0.56312474 -6.64065394 -1.96327522 17.4533509 -0.0030398 0.00001159 0.00000258
0.07895084 1.02542976 0.05943164 12.19182617 -20.4790494 1.62276986 3.40246652 -0.7046605 0.51964057 8.28808 -0.77859087 0.6043856 8.29614432 -0.73404018 0.53017831 -5.20046457 3.38304817 -1.94597965 -22.72446165 14.92322175 0.05737468 0.54618849 4.70504573 -10.72523193 -9.32613565 -22.21090718 -52.67521561 0.00004866 -79.49037106 0.00004601 18.09514757 2.72175406 18.85950857 1.83172293 4.91920856 11.25480447 -17.72398458 20.52195289 67.57544847 179.9991088 89.04274993 -179.99910873 24.20092713 -6.69180414 -1.99266571 -52.76129848 7.58333594 23.76204942 51.97492817 7.86603228 -1.44559398 -8.8799495 1.76537533 -11.27900937 -0.340021 -0.0000062 9.7e-7 -44.69753802 -9.53515034 -22.47469659 43.41465737 -4.50189725 -0.48818804 -6.72643396 -1.9500438 17.22692136 -0.00303903 0.00001038 8.6e-7
0.07531011 1.02612915 0.05573558 12.20330621 -20.41848632 1.61436999 3.40509828 -0.71581649 0.43155506 8.30569846 -0.80594211 0.45595772 8.31224166 -0.76598131 0.38143465 -5.26791152 3.380631 -1.80938797 -22.49568204 15.06753894 -0.01149268 0.54442731 4.60658671 -10.5161793 -9.47488001 -22.02341421 -52.84963149 0.00005154 -79.60849463 0.0000527 18.61664265 2.71820158 18.85381487 1.85102051 4.95292734 11.429881 -17.69945312 20.47182948 67.7794101 179.99997679 89.11912858 -179.99997003 24.23059676 -6.65187202 -2.01412752 -52.76127511 7.5825292 23.9829682 51.46619948 7.6944116 -1.41585088 -8.37511395 1.75098743 -11.45463526 -0.25678435 0.00000607 0.00000333 -44.79965945 -9.44877078 -22.17041741 43.61116381 -4.77110859 -0.41546414 -6.82639128 -1.9339646 16.96718412 -0.00303906 0.00001069 8.9e-7
0.07125726 1.02692993 0.05180253 12.17192874 -20.35561041 1.62474108 3.41598535 -0.72178677 0.36159073 8.33431891 -0.83125582 0.31846654 8.339421 -0.79543106 0.24355469 -5.34692386 3.38723047 -1.70425488 -22.30483916 15.23400138 -0.11381041 0.54183539 4.53657322 -10.35040457 -9.65233057 -21.8841146 -53.01345999 -0.0000649 -79.7081515 -0.00008081 18.9578478 2.67300902 18.87598538 1.86676623 4.99525516 11.55092508 -17.6641395 20.43522169 67.92443583 -179.99998762 89.19142083 179.99997044 24.2275276 -6.61772646 -2.02196672 -52.66650051 7.60279491 24.18754951 50.86154186 7.51421086 -1.39634005 -7.82306245 1.71713165 -11.58402303 -0.20493489 -0.00000552 0.0000035 -44.88929311 -9.37531645 -21.8823587 43.83133175 -5.00852772 -0.34562913 -6.94968947 -1.91761538 16.67400725 -0.00303986 0.00001199 0.00000261
0.06686818 1.02780327 0.04764337 12.10448522 -20.27657809 1.63978037 3.43758394 -0.72557424 0.30707709 8.37789507 -0.85107697 0.2100388 8.38179395 -0.81902696 0.13462127 -5.41629852 3.40085882 -1.6571782 -22.18170838 15.36855488 -0.19963981 0.53876386 4.50499295 -10.25032072 -9.84476406 -21.82100939 -53.15341252 -0.00000355 -79.78324805 7.8e-7 19.12003692 2.62355694 18.92054104 1.87414089 5.02797541 11.58606947 -17.63929958 20.45664031 67.9778551 179.99898551 89.265284 -179.99900908 24.2403153 -6.57442191 -2.01216039 -52.48797467 7.59912006 24.3320964 50.17100047 7.35526316 -1.3335804 -7.224045 1.67121504 -11.72878833 -0.11683047 -0.00000467 0.00000127 -44.96298732 -9.32227788 -21.61154091 44.06935581 -5.22476086 -0.26520156 -7.09219769 -1.90050288 16.34881037 -0.0030388 0.00001032 2.1e-7
0.06223124 1.02872368 0.04322503 12.02590657 -20.17289795 1.64441469 3.4650769 -0.72874469 0.26608961 8.42927951 -0.86475084 0.13558451 8.43221253 -0.83608082 0.05949879 -5.46821376 3.41629205 -1.65854316 -22.12345972 15.44809084 -0.24403874 0.53561883 4.50676006 -10.21061649 -10.01839319 -21.82741082 -53.27259013 -0.00004405 -79.84134373 -0.00004948 19.18292906 2.60901017 18.99762537 1.87293526 5.03265351 11.56312971 -17.64112881 20.52805833 67.96284473 179.99930885 89.34743192 -179.99930733 24.49348367 -6.5045534 -1.96290112 -52.27883907 7.57799253 24.45358565 49.40829667 7.17305522 -1.2428212 -6.58059328 1.61434686 -11.87142732 -0.02189847 0.0000012 -0.00000255 -45.03119868 -9.29340082 -21.34369491 44.31266532 -5.45346868 -0.16051587 -7.2392613 -1.87966811 15.99354602 -0.00303963 0.00001134 0.00000215
0.05742619 1.0296463 0.03861112 11.95451482 -20.06186762 1.63671215 3.49058196 -0.72736377 0.24409026 8.4779784 -0.87132505 0.08641317 8.48021253 -0.84534697 0.00948645 -5.50856008 3.42735617 -1.67676696 -22.10904444 15.47698207 -0.24920756 0.53285642 4.52688163 -10.20663534 -10.13322197 -21.87029603 -53.38197946 -0.00002973 -79.89013687 -0.00001 19.2451164 2.65622553 19.11773353 1.86698505 5.00350485 11.53900514 -17.67761793 20.60643054 67.93115004 -179.99950076 89.43454331 179.99951153 25.1942657 -6.40399967 -1.85678287 -52.077262 7.56844157 24.60878991 48.5986687 6.91362926 -1.16061681 -5.91249099 1.54928189 -11.99074044 -0.00014469 -0.00000383 -0.00000259 -45.10716127 -9.28026176 -21.0681145 44.55606209 -5.70239701 -0.0258229 -7.38201978 -1.85305084 15.61062465 -0.00303911 0.00001071 9.6e-7
0.05251154 1.03049568 0.03403729 11.89072176 -19.98894142 1.62889065 3.50770168 -0.71318352 0.25390334 8.51659419 -0.86813987 0.05131252 8.51836911 -0.8434843 -0.02657815 -5.54869227 3.42975995 -1.68665772 -22.11168508 15.46805024 -0.23944844 0.53065338 4.55593367 -10.22162894 -10.16136301 -21.92275357 -53.47942762 -0.00001208 -79.92831096 -0.0000068 19.35380792 2.76659188 19.2627313 1.86065902 4.95358469 11.54505956 -17.73807834 20.65663154 67.91187862 179.99902293 89.51027095 -179.99903014 26.30126521 -6.2887612 -1.70606047 -51.86767131 7.55658579 24.78534761 47.78892708 6.66441225 -1.07138377 -5.25244917 1.48673846 -12.13920704 -0.00012632 0.00000799 0.00000181 -45.20049094 -9.26981142 -20.78413324 44.8096409 -5.93511909 0.12974242 -7.5273962 -1.82236119 15.20331185 -0.00304019 0.00001203 0.00000354
0.04752088 1.03120064 0.02978107 11.82928428 -19.99809118 1.63280309 3.51436755 -0.68001017 0.30585315 8.54303967 -0.85220324 0.02673197 8.54460074 -0.82687821 -0.05207078 -5.59744737 3.42238554 -1.68427671 -22.10474815 15.42887732 -0.25104894 0.52874825 4.59676739 -10.2594192 -10.10220846 -21.98138411 -53.54473542 -0.00000634 -79.95136851 -0.00000116 19.48518895 2.91325277 19.37710034 1.85571827 4.90830657 11.55772484 -17.79348599 20.68241816 67.88635638 179.9966569 89.55769028 -179.99664369 27.48043861 -6.18735099 -1.55341561 -51.60621644 7.48439313 24.9066086 47.02211962 6.59404048 -0.89694263 -4.6293879 1.43879312 -12.41354103 -0.00013317 -0.0000012 -0.0000044 -45.3146234 -9.25389151 -20.48096176 45.08359401 -6.11789142 0.27296576 -7.6861352 -1.7921486 14.78699078 -0.00303996 0.00001156 0.00000302
0.04247033 1.03175796 0.02590182 11.77784898 -20.08846018 1.64460236 3.51334371 -0.62981362 0.39439565 8.55954705 -0.82315813 0.01633378 8.56112623 -0.79526615 -0.06301704 -5.65652601 3.40715733 -1.67886565 -22.07133393 15.36596444 -0.31138215 0.52692733 4.65447795 -10.32900161 -9.98577144 -22.04929224 -53.56325236 -0.00014211 -79.96723253 -0.00014029 19.59026469 3.05616056 19.3940522 1.85096299 4.88916892 11.52774905 -17.81862421 20.71535242 67.81537485 -179.99933579 89.57496315 179.99934426 28.31451077 -6.12223763 -1.44475871 -51.2915561 7.32371888 24.93598203 46.30388606 6.77147835 -0.59296163 -4.04185026 1.40576049 -12.83748353 -0.00012409 -0.0000051 -0.00000885 -45.4446893 -9.22284203 -20.12755514 45.37178149 -6.28205012 0.37161052 -7.85666815 -1.76547617 14.38847071 -0.00303987 0.00001176 0.00000271
0.03737355 1.0322625 0.02214879 11.75622246 -20.20546136 1.64601174 3.50966704 -0.57357203 0.49530242 8.5695322 -0.78605401 0.02265342 8.57136596 -0.7548233 -0.0565712 -5.71887954 3.38995865 -1.67758284 -22.02186866 15.29886183 -0.40924316 0.52524827 4.72108802 -10.41896112 -9.85731009 -22.10781659 -53.55508332 0.00012926 -80.00425735 0.00013635 19.65849642 3.16774525 19.28123909 1.84568939 4.90021729 11.4395715 -17.81876662 20.77115511 67.69193045 179.99918235 89.57564915 -179.99917488 28.59616829 -6.09372987 -1.399635 -50.98640287 7.12176686 24.94339708 45.59604891 7.0954763 -0.2344632 -3.44875018 1.37251184 -13.30847074 -0.00010193 -0.00000443 -0.00000653 -45.57919963 -9.17640651 -19.71531606 45.64278392 -6.46963915 0.44844726 -8.02355551 -1.74003796 14.00895281 -0.0030392 0.0000106 0.00000121
0.03226051 1.0328627 0.01819925 11.77693298 -20.28154994 1.62375066 3.50637543 -0.52688017 0.57932761 8.57441693 -0.75347196 0.04148736 8.57657003 -0.71946832 -0.03680067 -5.7700597 3.38153504 -1.68143325 -22.00535851 15.26539649 -0.47955039 0.52379966 4.77513933 -10.49268827 -9.749301 -22.11610817 -53.57481512 -7.9e-7 -80.0989279 0.00000169 19.7358594 3.25020873 19.0717654 1.8420688 4.92735153 11.34301264 -17.83328856 20.82006893 67.56381434 179.99798109 89.57425983 -179.99799427 28.454948 -6.08181456 -1.39963554 -50.75289146 6.95037266 25.01764777 44.84555595 7.40965745 0.06499984 -2.80219012 1.3232901 -13.70661899 -0.00009001 -0.00000108 -0.00000333 -45.70862127 -9.13866994 -19.28122492 45.86037898 -6.69003786 0.56314633 -8.16774821 -1.71023394 13.61875593 -0.00303955 0.00001128 0.00000201
0.02721301 1.03366394 0.01399794 11.83461677 -20.27621331 1.58613609 3.5015435 -0.50352913 0.63242713 8.57176567 -0.74521332 0.06539887 8.57422011 -0.70979464 -0.01111415 -5.79499464 3.39493621 -1.69274214 -22.08786178 15.30588718 -0.43047296 0.52241123 4.79871407 -10.51422557 -9.65872701 -22.04423125 -53.67358267 -0.00000912 -80.27248644 -0.00000753 19.87839235 3.33301099 18.85458969 1.84366116 4.94950294 11.31803545 -17.90605485 20.80814987 67.50030058 179.99824144 89.57898161 -179.99824054 28.221396 -6.0632783 -1.40290773 -50.59453542 6.84962223 25.17164565 44.02042335 7.60590106 0.25374118 -2.09360542 1.25539234 -13.991468 -0.00007665 -1.1e-7 -0.00000596 -45.82542327 -9.13544719 -18.87335257 46.00453035 -6.93343801 0.72963422 -8.2793948 -1.6742681 13.21037802 -0.0030398 0.00001127 0.00000271
0.02240082 1.03467819 0.00982549 11.91767305 -20.16904951 1.55789483 3.48937713 -0.51150647 0.6646188 8.55666813 -0.78310589 0.09178609 8.55956416 -0.74730734 0.01786999 -5.78857538 3.43812731 -1.72008622 -22.30346265 15.43575286 -0.20804055 0.52056612 4.79576911 -10.48025875 -9.54995002 -21.90652631 -53.85687488 0.00010999 -80.51507598 0.00011394 20.08866309 3.45581997 18.72440208 1.85125487 4.95229033 11.39946276 -18.04271694 20.7167765 67.52877799 179.99987953 89.59893916 -179.99988446 28.16113051 -6.02588234 -1.37529343 -50.47471791 6.81324178 25.33917925 43.12613283 7.64724131 0.34743725 -1.35835277 1.17726492 -14.19362487 -0.00007279 7.1e-7 -0.00000622 -45.92545725 -9.17723603 -18.54078724 46.0788453 -7.19349706 0.91875836 -8.36299497 -1.63648477 12.81279672 -0.00303963 0.0000112 0.00000222
0.01804383 1.03581657 0.00603689 12.02050593 -19.94020719 1.55977235 3.46513457 -0.55108949 0.69895291 8.52599771 -0.88008588 0.12596297 8.52957864 -0.84386944 0.05544808 -5.76175291 3.50671683 -1.77166878 -22.61575296 15.63132331 0.14952232 0.51790307 4.79125302 -10.42572801 -9.38562295 -21.75834131 -54.07815374 -0.00010763 -80.79053272 -0.00009971 20.30059474 3.64749988 18.7196392 1.86053348 4.93538704 11.53248701 -18.1946048 20.60229115 67.60213271 179.9996637 89.65524491 -179.99966722 28.30377506 -5.96817073 -1.31398634 -50.35820642 6.77764195 25.40317887 42.20068421 7.60449873 0.40973296 -0.63776466 1.09836074 -14.37461701 -0.00004597 0.00000269 0.00000261 -46.02178844 -9.28670181 -18.36142932 46.11045429 -7.42910265 1.13335159 -8.43672892 -1.60080667 12.43781293 -0.00303905 0.00001059 8.2e-7
0.01426558 1.03694313 0.00278001 12.13478071 -19.59653316 1.59520688 3.43011891 -0.61477965 0.75071449 8.48259125 -1.02873921 0.17540344 8.48727749 -0.99129968 0.10897429 -5.73615928 3.58434673 -1.84422611 -22.93225667 15.8438624 0.52036265 0.51433464 4.81122878 -10.39645787 -9.16246004 -21.65705508 -54.27302591 -0.000219 -81.05377004 -0.00022524 20.43306017 3.90560373 18.79241786 1.86406493 4.91186311 11.6048498 -18.28842291 20.5674905 67.62912719 -179.99948906 89.76981614 179.99949205 28.48245308 -5.89415218 -1.24484065 -50.21456667 6.65517081 25.2590808 41.28855593 7.62991324 0.52973775 0.04173322 1.02426491 -14.58844183 -0.00005423 0.00000487 0.00000109 -46.14046266 -9.50105236 -18.40226807 46.13795596 -7.57221535 1.41093841 -8.51831018 -1.565939 12.05616493 -0.00303932 0.00001067 0.00000152
0.0109589 1.03793373 -0.00002257 12.23644848 -19.21547316 1.65358272 3.39205152 -0.68853597 0.81570711 8.43579002 -1.19907758 0.24121468 8.44185372 -1.15961013 0.17907186 -5.72979138 3.65156568 -1.92019056 -23.16553874 16.0302316 0.77250868 0.51044816 4.86231552 -10.41583354 -8.92041965 -21.6269042 -54.40035634 0.00002737 -81.26788675 0.000035 20.46174058 4.18852519 18.83533058 1.85741078 4.90152182 11.53411325 -18.27829152 20.67850881 67.54360317 179.98790094 89.93791017 -179.98792173 28.51213462 -5.81162188 -1.19776971 -50.02017054 6.43608931 24.92215917 40.42607282 7.80804017 0.76158639 0.65182552 0.95845957 -14.83807306 -0.00005008 -0.00000534 0.00000103 -46.28564415 -9.79433614 -18.60863748 46.19384912 -7.63599983 1.74109844 -8.60873318 -1.53001405 11.65657729 -0.00303949 0.00001136 0.0000018
0.00786872 1.0386586 -0.00247207 12.29656707 -18.92228811 1.71506976 3.360201 -0.75426534 0.88054668 8.39689566 -1.35093359 0.3158221 8.40437965 -1.30937155 0.25738811 -5.74736096 3.69641832 -1.97678841 -23.28541875 16.17423838 0.8433233 0.50706259 4.93070438 -10.47533928 -8.71715052 -21.66220287 -54.45279241 0.0000844 -81.41197437 0.00010449 20.43627129 4.43050346 18.75393892 1.84390765 4.92155989 11.3349553 -18.17744311 20.8986907 67.35303637 -0.00790537 89.88744984 0.00790903 28.34396297 -5.7331025 -1.18245278 -49.79267719 6.22558444 24.60142023 39.65415081 8.03324441 1.04047823 1.25114514 0.89005098 -15.19301256 0.0000021 -0.0000054 0.00000757 -46.42849559 -10.04406868 -18.79561334 46.30697287 -7.74402049 2.04278443 -8.70220876 -1.49716581 11.28872262 -0.00303964 0.00001136 0.00000223
0.00476712 1.03910912 -0.0045972 12.30422179 -18.79204743 1.76364662 3.33974606 -0.80142409 0.92857343 8.3732901 -1.454725 0.38899825 8.38189925 -1.41157188 0.33292446 -5.7827014 3.71823315 -1.99892663 -23.31766425 16.28368972 0.76019009 0.50471988 4.99897621 -10.55276904 -8.59041164 -21.75672197 -54.43730633 0.00006331 -81.48118207 0.00008294 20.42394386 4.57265905 18.54049259 1.8329346 4.976353 11.10938082 -18.04903831 21.10554347 67.13007553 0.00301959 89.77462695 -0.00303947 28.08474368 -5.67294649 -1.18353919 -49.56920983 6.15986473 24.46899657 39.02402843 8.14983211 1.23870536 1.67738917 0.84169437 -15.36011786 -0.00000396 0.00000887 -0.00000501 -46.53129815 -10.16535145 -18.8238791 46.47265697 -7.93920034 2.25786928 -8.80404134 -1.47144931 10.98563205 -0.00304015 0.00001189 0.00000345
0.00168617 1.03925224 -0.00633243 12.26957991 -18.79797321 1.7758654 3.32978592 -0.82669139 0.96221085 8.36534868 -1.5054962 0.45557108 8.37476966 -1.46134469 0.40019593 -5.8288099 3.72379663 -1.98635026 -23.30062589 16.37276341 0.59667229 0.50308381 5.06194358 -10.63596375 -8.53768493 -21.91966882 -54.35640326 0.00009082 -81.48361381 0.0000935 20.43710213 4.59130061 18.29645007 1.83225084 5.05273367 10.96895228 -17.96318475 21.18199284 66.95812399 0.0022963 89.76617447 -0.00230121 27.89723119 -5.63996875 -1.17601737 -49.39193944 6.22057279 24.56234089 38.57550806 8.10314147 1.31921947 1.93091694 0.81603538 -15.36407495 0.0000188 0.00000782 0.00000198 -46.590743 -10.2056514 -18.7237923 46.67610016 -8.10339077 2.41181518 -8.9334655 -1.45177742 10.72669534 -0.00303897 0.00001064 6.6e-7
-0.00116957 1.03906784 -0.00763196 12.20651674 -18.8598432 1.73550011 3.32609095 -0.83494064 0.99535294 8.36839166 -1.52036575 0.51736778 8.37842988 -1.4754381 0.46136196 -5.88292628 3.72171828 -1.95248034 -23.25059391 16.45011828 0.41533751 0.5015002 5.12625064 -10.72577902 -8.52741654 -22.15825749 -54.21658776 0.00000795 -81.43492719 0.00001365 20.42327717 4.50694195 18.17901763 1.84143203 5.1263644 10.95404235 -17.94857346 21.10440958 66.87492218 -0.00370503 89.84225154 0.00371509 27.878925 -5.6297315 -1.14630056 -49.27880721 6.29431972 24.77570354 38.31544774 7.94556955 1.36932761 2.07572442 0.80380552 -15.39501449 -0.00000271 0.00000612 0.00000433 -46.61832558 -10.24513336 -18.58333507 46.90858826 -8.13715521 2.54181746 -9.1064849 -1.43553471 10.49227428 -0.00303908 0.00001076 8.9e-7
-0.00361911 1.03861465 -0.00851069 12.12144785 -18.93018053 1.65320314 3.32515687 -0.83585654 1.03636708 8.37656582 -1.52221917 0.57936949 8.38724137 -1.47634703 0.52207846 -5.94323403 3.7193015 -1.91763024 -23.16477349 16.52002821 0.244005 0.49955509 5.19649523 -10.82188574 -8.52768201 -22.44924802 -54.05067761 0.00003886 -81.35209967 0.00004895 20.32852527 4.36762665 18.3004986 1.85319906 5.17596178 11.01499159 -17.97743229 20.95301595 66.85669061 -0.00380936 89.93235231 0.00380989 28.00915402 -5.6256733 -1.10140894 -49.20771857 6.31113878 24.97496736 38.21174508 7.79713209 1.48246115 2.14316931 0.80058374 -15.50790234 -0.00000298 -0.00000347 0.00000204 -46.61582868 -10.28394207 -18.4329167 47.1517236 -8.06189579 2.63420153 -9.30705851 -1.42341201 10.30712095 -0.00303949 0.0000113 0.00000183
-0.00556254 1.03798859 -0.00895945 12.01705645 -19.02090654 1.56057607 3.32547768 -0.836091 1.08416266 8.38485454 -1.52333048 0.64558536 8.3961632 -1.47629541 0.58697724 -6.00396969 3.72099533 -1.89935991 -23.04161667 16.58499348 0.08278984 0.49747976 5.26475259 -10.91135088 -8.5253867 -22.73680927 -53.9212462 -0.00007195 -81.25033426 -0.00007491 20.16422571 4.22028256 18.65073754 1.85933442 5.19512266 11.06128182 -17.99291622 20.83934612 66.84617945 0.02608888 89.964676 -0.02609328 28.18355489 -5.61139471 -1.05974032 -49.15199771 6.28739339 25.12967419 38.24339126 7.73595198 1.64098707 2.13640812 0.80519132 -15.66331217 0.00000307 -0.00000721 -0.00001477 -46.58716301 -10.2778061 -18.26211561 47.39498635 -7.96790378 2.66033937 -9.50642451 -1.41916065 10.20150633 -0.0030396 0.0000114 0.00000211
-0.00693017 1.03727653 -0.00890355 11.89635047 -19.1602681 1.48485574 3.32573571 -0.83610833 1.13179791 8.38806089 -1.5209644 0.71844823 8.4001195 -1.47270077 0.65872775 -6.05808191 3.7255936 -1.90241433 -22.88326888 16.64060421 -0.0880002 0.4959139 5.31444398 -10.97518621 -8.52079766 -22.96382871 -53.89036509 0.00004273 -81.14468876 0.0000623 20.00461745 4.0929088 19.09842832 1.85615995 5.19257593 11.03091046 -17.95120938 20.81762521 66.79505994 0.00121533 89.91958685 -0.00122966 28.28728182 -5.5841836 -1.03376324 -49.10609736 6.28582898 25.29247677 38.41151175 7.74888166 1.75047379 2.04008092 0.81940355 -15.78010201 0.00000443 -0.00000986 -0.0000039 -46.53924924 -10.21451144 -18.08320232 47.6257651 -7.87947229 2.62111083 -9.68496792 -1.42433766 10.17212914 -0.00303921 0.00001085 0.00000124
-0.00764247 1.03648353 -0.00825792 11.76307491 -19.35215845 1.42829487 3.32280502 -0.83302656 1.17331179 8.38048672 -1.50616601 0.7995174 8.39325403 -1.45682713 0.73888074 -6.10669467 3.72482545 -1.91387104 -22.67956524 16.67029024 -0.30705688 0.49556063 5.33508958 -11.00489044 -8.50770335 -23.10721565 -53.97892003 -0.00001511 -81.05459405 -0.00000591 19.91986977 3.99219655 19.4723529 1.84555925 5.1818486 10.92354879 -17.84585846 20.85680323 66.68776074 -0.00052622 89.8363972 0.00052087 28.24414638 -5.55767815 -1.02201672 -49.08569532 6.33603837 25.50224806 38.73266796 7.76653793 1.76226751 1.83192946 0.8470805 -15.82132253 0.00001102 1.2e-7 0.00000145 -46.48052405 -10.11969801 -17.92770034 47.84212553 -7.77180104 2.53856044 -9.8409074 -1.43770241 10.20113303 -0.00303948 0.00001113 0.0000018
-0.00764606 1.03554978 -0.00700161 11.62735609 -19.57743515 1.37765926 3.31312014 -0.82629031 1.20590293 8.35874881 -1.47718052 0.88789158 8.37221771 -1.42689421 0.82647049 -6.16505544 3.70772745 -1.90974762 -22.40600424 16.6543707 -0.61545572 0.49633276 5.33264649 -11.01001055 -8.46534438 -23.18084582 -54.15130674 0.00001738 -81.00380691 0.00002405 19.92004822 3.90891963 19.66826418 1.83200896 5.17104569 10.77987679 -17.70351305 20.8915727 66.53641688 0.00245457 89.78231352 -0.00246278 28.01755374 -5.54991463 -1.01895699 -49.11191357 6.41369259 25.74118983 39.21393896 7.74099775 1.71369817 1.50660069 0.89014665 -15.81778884 0.00000358 -0.00000904 -0.00000998 -46.42333668 -10.019765 -17.81495545 48.05338207 -7.63928791 2.43315366 -9.97955017 -1.45796199 10.28006307 -0.00303998 0.00001192 0.00000294
-0.00693928 1.03439072 -0.00516968 11.51003447 -19.8151317 1.33114483 3.29593614 -0.8198488 1.22937342 8.32666145 -1.44576107 0.97680624 8.34080641 -1.39465658 0.91487722 -6.25572713 3.67049225 -1.87153702 -22.05618584 16.59189172 -1.01596412 0.49720972 5.32647005 -11.00754735 -8.3727133 -23.20824086 -54.33956358 0.0000469 -81.01149617 0.00004863 19.97076053 3.83050248 19.71184384 1.81884126 5.16183908 10.63687374 -17.56212358 20.89763919 66.36113914 0.0001478 89.80177884 -0.00013701 27.59022192 -5.56573453 -1.03095274 -49.20704102 6.48253866 25.98798132 39.84036548 7.67679644 1.64739624 1.15021624 0.93640704 -15.89414898 -0.00000428 -0.00001184 -0.00000314 -46.39389569 -9.91217846 -17.75230456 48.28240105 -7.51095249 2.319616 -10.10750884 -1.48548965 10.41159187 -0.00303923 0.00001075 0.00000124
-0.0056022 1.03305046 -0.0028323 11.43172837 -20.05185783 1.3151521 3.27524683 -0.82272787 1.23899849 8.2961487 -1.43124071 1.05379186 8.31093683 -1.37941652 0.9918862 -6.391966 3.62306953 -1.80074261 -21.6788615 16.51332869 -1.44151507 0.4966193 5.33399698 -11.00397361 -8.22847197 -23.19695306 -54.48585433 0.00002825 -81.07942547 0.00002956 20.05406274 3.75979914 19.73647809 1.80706882 5.15704462 10.50297928 -17.44876258 20.91419306 66.17527222 -0.00377099 89.88552918 0.00378039 26.96432569 -5.58896294 -1.0777537 -49.36874168 6.55074427 26.20737929 40.58165066 7.58856596 1.55537048 0.71592034 0.993205 -15.9541409 1.4e-7 8.6e-7 -0.00000242 -46.41298257 -9.77709803 -17.75183213 48.53094839 -7.4100308 2.20305728 -10.22317893 -1.51966538 10.59585852 -0.00304002 0.00001177 0.00000321
-0.00373908 1.03166428 -0.00004568 11.39409094 -20.2839986 1.35373829 3.25748476 -0.84008404 1.23239975 8.28024697 -1.44605051 1.10746291 8.29556264 -1.39356407 1.0462809 -6.56310236 3.58443704 -1.71843333 -21.37350551 16.46604084 -1.77871861 0.49349318 5.35636762 -10.98827553 -8.05336706 -23.14351693 -54.56962579 0.00007521 -81.18701338 0.00007743 20.19616007 3.72430059 19.892822 1.7972944 5.16482952 10.37248012 -17.37124525 20.99157795 65.99026374 7.8e-7 89.98912703 0 26.19051622 -5.59295995 -1.17371169 -49.55344443 6.62538322 26.36987244 41.37738099 7.5212843 1.42733567 0.22070314 1.05747314 -15.97606119 -0.0000059 -0.0000011 0.00000623 -46.47682467 -9.61464036 -17.82338685 48.77541375 -7.31281365 2.07176597 -10.32193164 -1.55932675 10.82593651 -0.00303989 0.00001142 0.00000284
-0.00145116 1.0303598 0.00313721 11.37926087 -20.51696517 1.43289897 3.24628417 -0.86770881 1.21304679 8.28200756 -1.4835817 1.13644601 8.29771431 -1.43047162 1.07666861 -6.73344323 3.56910424 -1.64964685 -21.23381026 16.48142236 -1.94225018 0.48853809 5.3763383 -10.94302224 -7.87091286 -23.05900842 -54.60188252 0.00004795 -81.30074043 0.00004263 20.41701809 3.76350735 20.24926985 1.79183226 5.19385001 10.25731913 -17.32196543 21.11701305 65.83035378 -179.97308316 89.93069555 179.97311584 25.38859324 -5.56487469 -1.30729025 -49.71561898 6.69634571 26.46459213 42.18224181 7.51415507 1.28528394 -0.31126072 1.12560428 -15.97832416 0.00001878 -0.00000451 2.5e-7 -46.55030565 -9.44626159 -17.94185217 48.97701593 -7.17491042 1.90352355 -10.39929525 -1.60385856 11.09490609 -0.00303996 0.00001174 0.00000299
0.00119257 1.02916702 0.00666166 11.3683092 -20.75773474 1.50258535 3.23900442 -0.89328823 1.18748165 8.28888026 -1.51821847 1.15186198 8.30477186 -1.46436036 1.09387956 -6.85745406 3.57681877 -1.60703325 -21.28483823 16.55433158 -1.9376199 0.48393318 5.37144076 -10.86356982 -7.68505187 -22.97856113 -54.59932448 -0.00000331 -81.39419993 0.00000494 20.65786655 3.89514985 20.7450771 1.79401225 5.24339079 10.19802215 -17.2850655 21.19953788 65.73611733 179.99432386 89.87078172 -179.99433659 24.7179709 -5.52260232 -1.44254272 -49.86596194 6.7681932 26.52529413 43.00991564 7.55046457 1.15097433 -0.93676275 1.20503235 -15.88605169 -0.00004359 -0.00000347 0.00005917 -46.58423106 -9.27742039 -18.04324215 49.10693511 -6.99927769 1.69076212 -10.45118939 -1.65378342 11.4073163 -0.00303998 0.00001206 0.00000292
0.0042093 1.02799423 0.01051667 11.35466078 -21.00961508 1.51737842 3.22811849 -0.90092937 1.16520167 8.27944304 -1.51837404 1.16967211 8.29542493 -1.46363028 1.1134894 -6.9037632 3.59521545 -1.58810218 -21.46822805 16.65263451 -1.85277878 0.48199497 5.3324819 -10.76743057 -7.47955699 -22.93467536 -54.56728204 0.00006119 -81.46259219 0.00004732 20.78677644 4.0822019 21.22383701 1.80535637 5.30045351 10.23501218 -17.23988607 21.13903467 65.74487311 -179.99437894 89.80060001 179.99437456 24.30159337 -5.50624115 -1.54491806 -50.04857496 6.84342599 26.62714243 43.8909769 7.55766106 1.02280504 -1.61461684 1.2892987 -15.76358993 -0.00000916 -0.00000154 0.00001906 -46.55382354 -9.09985712 -18.08709467 49.16792718 -6.81246402 1.45618298 -10.47949791 -1.70900371 11.76615935 -0.00303947 0.00001126 0.00000176
0.00761748 1.02683204 0.01470894 11.34329215 -21.27996645 1.49012773 3.20715197 -0.88221374 1.14827386 8.23969465 -1.46483028 1.19923008 8.25560644 -1.40890984 1.14432317 -6.87225926 3.61231961 -1.58590667 -21.68877706 16.74567709 -1.78358342 0.48341676 5.27165189 -10.68369255 -7.24344976 -22.91909377 -54.50859927 0.00000233 -81.51893493 0.00002762 20.7080171 4.23831829 21.5248261 1.82317697 5.34762625 10.36815274 -17.16401764 20.91880468 65.86193503 -179.99981067 89.69321584 179.99980286 24.15902323 -5.54795695 -1.606218 -50.2554047 6.91922013 26.76041468 44.82039237 7.54599166 0.90060286 -2.34024236 1.37735886 -15.62772762 -0.00001549 -0.00000556 0.00001357 -46.47696145 -8.92921401 -18.11158383 49.16621697 -6.58354897 1.22952617 -10.48559981 -1.76458793 12.14407251 -0.00303942 0.00001113 0.00000162
0.01136502 1.0258088 0.01921845 11.34498673 -21.59531845 1.48336632 3.17717239 -0.84094482 1.13356116 8.17631356 -1.36309734 1.23809572 8.19213601 -1.30567411 1.18353966 -6.79380932 3.6264798 -1.59922896 -21.88029419 16.82448055 -1.76044603 0.48673529 5.21322684 -10.63193938 -7.00132967 -22.87855267 -54.44643155 0.00000732 -81.57255987 0.00001471 20.47401512 4.2833814 21.5738664 1.84158002 5.37414248 10.54549916 -17.04593533 20.63166327 66.04795628 179.99799301 89.55761821 -179.99799898 24.20247153 -5.64605661 -1.6460207 -50.41370614 7.00381058 26.85694132 45.72616764 7.60057989 0.78216925 -3.08638986 1.46568336 -15.47802639 -0.00000355 -0.00000259 0.00000722 -46.39484306 -8.78609837 -18.1780692 49.09434042 -6.2479708 1.00867897 -10.4628818 -1.81354325 12.50507068 -0.00304011 0.00001187 0.00000342
0.0153605 1.02506325 0.02396639 11.36437168 -21.97764274 1.54145021 3.14891093 -0.79214093 1.12009496 8.11699234 -1.24420442 1.27760419 8.13273698 -1.18491508 1.22237442 -6.71266221 3.64489577 -1.63130187 -22.03754797 16.89920583 -1.73781096 0.48954148 5.17464041 -10.60750221 -6.81818339 -22.76077359 -54.43028537 -0.00003236 -81.60978423 -0.00002065 20.27319538 4.20473229 21.4220399 1.85477782 5.38000984 10.69447222 -16.90298379 20.4111433 66.23589558 179.99848126 89.43730527 -179.99847793 24.29264988 -5.76496265 -1.68896999 -50.48164124 7.13614548 26.91171558 46.553453 7.73919985 0.62932349 -3.82927477 1.54970532 -15.30843416 -0.00002972 -0.00000566 0.0000255 -46.31988097 -8.64714323 -18.28295087 48.93733318 -5.82708189 0.76320147 -10.39560789 -1.85374269 12.85389419 -0.00303931 0.00001077 0.00000147
0.01960154 1.02459618 0.02885605 11.37643544 -22.37795444 1.63199601 3.13826209 -0.75682838 1.11209233 8.09568654 -1.15334453 1.31318841 8.11153291 -1.09187944 1.256711 -6.66015195 3.67435282 -1.68089938 -22.19663887 16.98232596 -1.64741433 0.49028664 5.15420228 -10.58661796 -6.76809262 -22.57083233 -54.50859653 0.00005978 -81.59649203 0.00005518 20.28100392 4.07462932 21.20967889 1.86002017 5.37134189 10.77112413 -16.78337903 20.32961771 66.36818867 179.99869407 89.38015426 -179.99869243 24.30467151 -5.85918284 -1.7399818 -50.47881914 7.32805701 26.9473288 47.30200223 7.88555156 0.42670275 -4.55990768 1.62447808 -15.07997073 -0.00002015 0.00000714 0.00000785 -46.20760698 -8.49294028 -18.39642648 48.69861492 -5.43379178 0.48653656 -10.27819362 -1.88964143 13.22985451 -0.0030393 0.00001088 0.00000142
0.02423215 1.02426781 0.03385904 11.3205491 -22.65712476 1.66419045 3.15723976 -0.75381916 1.11561753 8.1326975 -1.1301263 1.34930294 8.14894 -1.06642226 1.29189064 -6.63826062 3.71418219 -1.73847939 -22.39012009 17.07559813 -1.45987256 0.48928947 5.13568563 -10.54698044 -6.88924831 -22.38121091 -54.68727639 0.00003736 -81.50333507 0.00004549 20.50185393 4.01299688 21.07260255 1.85854817 5.35407365 10.7826429 -16.74179401 20.35414321 66.4251528 179.99853266 89.40305264 -179.99854423 24.15956679 -5.9032736 -1.78073366 -50.43330863 7.50306118 26.89486625 48.00640921 7.97423643 0.25604681 -5.27835681 1.68739067 -14.78054258 -0.00001412 0.00000367 0.00000508 -45.98463456 -8.39707174 -18.57116968 48.4067872 -5.14250002 0.22906016 -10.13105327 -1.92682916 13.64990005 -0.00303933 0.00001101 0.0000014
0.02940962 1.02392754 0.03900939 11.14776072 -22.68458505 1.57479984 3.20650119 -0.79051503 1.13122397 8.22262592 -1.18828271 1.3944276 8.23956549 -1.12265258 1.33722728 -6.62209182 3.75734608 -1.7931288 -22.61558601 17.1697778 -1.20392718 0.4880265 5.10396941 -10.48692819 -7.15852813 -22.27973217 -54.91304872 0.00005567 -81.33345045 0.00006037 20.74659113 4.11064913 21.048529 1.85409016 5.33256571 10.76852561 -16.80562169 20.39034381 66.42512073 -179.9996236 89.47923765 179.99963171 23.82658787 -5.90623882 -1.78928568 -50.34583302 7.54724081 26.62487537 48.70106624 8.0297596 0.22493109 -5.98430515 1.74098176 -14.4583123 -0.0000283 6e-7 0.00000281 -45.62014558 -8.49268604 -18.93434694 48.09561709 -4.89145068 0.06214898 -9.9879751 -1.96650654 14.07956698 -0.00303926 0.00001072 0.00000131
0.03511143 1.02349594 0.04428385 10.88628444 -22.4779633 1.39246635 3.27434478 -0.85760179 1.14959595 8.33771385 -1.3054527 1.4512591 8.35550885 -1.23862173 1.39557241 -6.58016553 3.79636895 -1.84200346 -22.83578387 17.25150478 -0.94026545 0.48810653 5.05662576 -10.42588629 -7.50250352 -22.30250276 -55.10147748 -0.00009558 -81.1256185 -0.00008901 20.77408616 4.35152847 21.06278745 1.85037482 5.31277906 10.76354751 -16.95665614 20.36269473 66.40181536 179.99984433 89.55473254 -179.99987069 23.329802 -5.90204565 -1.76414577 -50.23201219 7.44525022 26.13193118 49.40743584 8.10523948 0.32191826 -6.67932926 1.79031892 -14.154404 -0.00004424 0.00000545 0.00002299 -45.16551946 -8.79222255 -19.5106035 47.7779017 -4.58887059 -0.00949132 -9.86113362 -2.00721721 14.49191777 -0.00303938 0.00001121 0.0000015
0.04109651 1.02295036 0.04952319 10.63813153 -22.2159059 1.20933527 3.34287359 -0.93190584 1.1562282 8.44332185 -1.43208442 1.51175826 8.46188979 -1.36504606 1.45815318 -6.49700529 3.82715832 -1.89077698 -22.99974226 17.30908734 -0.72467893 0.49039171 5.00208326 -10.38766138 -7.83324928 -22.41245398 -55.18581024 0.00003527 -80.929765 0.00003881 20.47785441 4.60074894 21.00726471 1.84959421 5.30399573 10.77687146 -17.14021412 20.25877993 66.38193063 179.99849804 89.58389063 -179.99849834 22.76572138 -5.92256113 -1.72814703 -50.16336253 7.32855354 25.60563722 50.1382384 8.18494927 0.41433434 -7.37332612 1.83905014 -13.85647689 -0.06303068 0.00000306 0.00000927 -44.71897144 -9.10050086 -20.1184188 47.44669965 -4.2879594 -0.07836838 -9.72305331 -2.04892075 14.92809025 -0.00303948 0.00001101 0.00000188
0.04698324 1.02233353 0.05451977 10.50005252 -22.08657494 1.09877455 3.39647925 -0.98818357 1.14207215 8.51432265 -1.51747335 1.56228004 8.53332637 -1.45113665 1.51016229 -6.38124217 3.84821566 -1.94485806 -23.06280872 17.33433787 -0.59237193 0.4947315 4.94931812 -10.3809755 -8.08477922 -22.54262054 -55.14742314 -0.00001969 -80.77502909 -0.00003027 19.95812303 4.68726913 20.8394018 1.85220603 5.31416855 10.79956634 -17.29201756 20.11289878 66.37757927 179.9977715 89.55141446 -179.99778555 22.29287254 -5.97417775 -1.70905943 -50.20549318 7.32542099 25.24764985 50.88531446 8.27016095 0.38984407 -8.05845209 1.88855215 -13.56375939 -0.15049395 -0.0000013 0.00000149 -44.36529423 -9.22248123 -20.54896808 47.09662611 -4.10163083 -0.22971006 -9.54051372 -2.08954059 15.42301865 -0.00304003 0.00001192 0.00000317
0.05232556 1.02178826 0.05914774 10.49737028 -22.13400297 1.07132241 3.4271888 -1.01266851 1.11048516 8.54260391 -1.53690182 1.59438106 8.56169429 -1.47175299 1.54239194 -6.2540958 3.85817697 -2.00280713 -22.99822245 17.3229515 -0.5633905 0.50040208 4.90073829 -10.39521621 -8.23011469 -22.66189094 -55.00826775 0.00003728 -80.65626114 0.00004346 19.42969118 4.52375456 20.62135731 1.85737186 5.34149483 10.82399319 -17.36233648 19.96227008 66.38996677 179.99877438 89.46850503 -179.99877242 22.0606523 -6.03778525 -1.71638426 -50.33613117 7.42377748 25.08069456 51.59288935 8.44647616 0.2525686 -8.69023096 1.93882302 -13.32170527 -0.21976617 -3.5e-7 -0.00000357 -44.13416697 -9.17750035 -20.77557494 46.72745986 -4.01809253 -0.44547405 -9.31781328 -2.12248276 15.92264655 -0.00303949 0.00001131 0.00000183
0.05671148 1.02150894 0.06337067 10.59033518 -22.26420886 1.09697612 3.4347117 -1.00885847 1.07436403 8.53425457 -1.5009905 1.6109587 8.55322126 -1.43685745 1.55788092 -6.13136691 3.85610212 -2.05947651 -22.80548272 17.27616017 -0.64576903 0.50658358 4.85461222 -10.41268464 -8.27643167 -22.79682711 -54.80061185 0.00005497 -80.54698572 0.00006416 19.06520909 4.1708352 20.47768711 1.86329 5.37108074 10.85166789 -17.32837996 19.8231465 66.41472776 179.99936098 89.35313426 -179.99935884 22.11112117 -6.09041329 -1.73683722 -50.47115206 7.53226536 24.99463082 52.17589115 8.75727396 0.08036712 -9.21627025 1.98822351 -13.18588659 -0.29477939 7.6e-7 -3.8e-7 -43.99115435 -9.11473114 -20.90313243 46.34356237 -3.94310945 -0.65693904 -9.09728494 -2.14506275 16.34538826 -0.00303889 0.00001014 4.8e-7
0.05996067 1.02161972 0.06718514 10.72660644 -22.37253911 1.14825269 3.42363425 -0.991202 1.04525664 8.50142576 -1.44063249 1.62118922 8.52028817 -1.37695705 1.56663693 -6.01778459 3.84380238 -2.11263618 -22.52087745 17.20323051 -0.82356499 0.51249121 4.8120371 -10.42390316 -8.25223402 -22.98564861 -54.54956827 -0.00001137 -80.42626618 -0.0000058 18.90560149 3.79468744 20.5010153 1.86740436 5.3830365 10.88520423 -17.19899095 19.69946189 66.44373331 179.9998452 89.21460118 -179.99984614 22.34275068 -6.12576271 -1.75076436 -50.54741396 7.61183514 24.90121213 52.56867793 9.1132346 -0.06877274 -9.61571731 2.03051018 -13.13298776 -0.38673556 -0.00000673 0.00000164 -43.8683462 -9.10973173 -21.00792916 45.943762 -3.82542569 -0.83211175 -8.91780232 -2.16210497 16.67308682 -0.0030394 0.00001088 0.00000167
0.06226543 1.02208153 0.07066001 10.87873829 -22.43217248 1.21593472 3.40008549 -0.97212915 1.02588598 8.45457168 -1.38140595 1.6294846 8.473352 -1.31762662 1.57379381 -5.9167535 3.82694506 -2.16312294 -22.2147043 17.12072547 -1.04582555 0.5173377 4.77851194 -10.4309805 -8.19557982 -23.21422717 -54.28074088 0.00002543 -80.29722799 0.00003413 18.87919471 3.54478178 20.68010539 1.86778116 5.3674389 10.9170689 -17.01189831 19.59843306 66.46618493 179.99976964 89.06285038 -179.99975324 22.58519316 -6.15494002 -1.75018038 -50.56665362 7.69300956 24.80324795 52.78698647 9.39196072 -0.1963597 -9.91907702 2.0627228 -13.10920971 -0.48111241 -0.00000642 0.00000259 -43.72195792 -9.11995158 -21.08357014 45.53176202 -3.71639162 -0.98649137 -8.78117274 -2.17981723 16.95016753 -0.00303931 0.00001081 0.00000147
0.06404449 1.02275131 0.07395768 11.0422984 -22.47386545 1.29908394 3.36909581 -0.95389524 1.01154934 8.39831721 -1.32889201 1.63090376 8.41700097 -1.264832 1.57454056 -5.83788293 3.81232169 -2.20976033 -21.96140861 17.04678666 -1.24355359 0.52064271 4.75881974 -10.43912586 -8.14109331 -23.40990205 -54.02915644 -0.00005882 -80.18309515 -0.00006276 18.88194538 3.45621507 20.91760852 1.86421062 5.33187196 10.93180775 -16.8157162 19.52966222 66.47209363 179.99951463 88.91574723 -179.99954016 22.72336238 -6.1909436 -1.74210993 -50.56636258 7.81822805 24.74339597 52.90657392 9.54666918 -0.33401482 -10.18111414 2.08757353 -13.07587154 -0.55612829 -0.00000406 1e-8 -43.54461077 -9.08513489 -21.10508007 45.10783921 -3.66575029 -1.14798163 -8.66566085 -2.19993592 17.22757913 -0.00303886 0.00001025 3.7e-7
0.06561772 1.02351494 0.07710981 11.21807463 -22.52377414 1.39481417 3.33360894 -0.93164955 0.99712521 8.33286391 -1.27460926 1.61805339 8.35127445 -1.21044322 1.56113784 -5.79095331 3.80396902 -2.24836209 -21.79948688 16.99300825 -1.36951577 0.52236809 4.75169792 -10.44826126 -8.10677665 -23.50264208 -53.8265521 -0.00009496 -80.10570138 -0.00009544 18.84805406 3.46159544 21.11714351 1.8580838 5.29362178 10.91932417 -16.6436193 19.49339063 66.457798 179.99863735 88.79381848 -179.99864057 22.75484676 -6.23638627 -1.73838825 -50.57342651 7.99291633 24.73598183 52.98172415 9.59838111 -0.49586537 -10.42839259 2.1072612 -13.02038901 -0.59710666 0.00000694 0.00000846 -43.35968664 -9.01183972 -21.07578283 44.6678581 -3.66813059 -1.33722561 -8.54438312 -2.21773072 17.51980344 -0.00303974 0.00001143 0.00000249
0.06702685 1.024347 0.07974065 11.40405906 -22.57974907 1.49857251 3.29490578 -0.90134753 0.98140357 8.25777448 -1.2104865 1.58978567 8.27572879 -1.14651796 1.53209295 -5.7752969 3.80185416 -2.27660139 -21.71741399 16.96069068 -1.42195849 0.52295511 4.75096943 -10.45366793 -8.09028368 -23.48093192 -53.68068358 -0.00006598 -80.06825621 -0.0000607 18.76626675 3.48036629 21.24791288 1.85115022 5.26455498 10.88242472 -16.49952207 19.47874098 66.42729407 -179.99965118 88.70415951 179.99965358 22.74187903 -6.28521511 -1.74450398 -50.59636888 8.18046653 24.75222042 53.00175373 9.5904143 -0.65671211 -10.62726912 2.12113641 -12.96306888 -0.62610785 0.00000802 0.00000196 -43.21185612 -8.94408804 -21.00265419 44.22612842 -3.72676289 -1.56096908 -8.39503609 -2.22496676 17.80175792 -0.00304003 0.00001188 0.00000318
0.06815304 1.02527008 0.08122918 11.59720715 -22.62792421 1.60730372 3.25315513 -0.86298708 0.96588367 8.17325131 -1.13500336 1.5507874 8.19061941 -1.07149581 1.49203893 -5.78086053 3.8040028 -2.29692395 -21.6800565 16.94440206 -1.42775636 0.52292601 4.75082718 -10.45174584 -8.07983806 -23.37998208 -53.57484915 0.00009374 -80.05897951 0.00008323 18.65043391 3.48112713 21.33392506 1.84419116 5.24544423 10.8293861 -16.3677933 19.47316329 66.38663005 179.99997859 88.63836067 -179.99996933 22.73286794 -6.3327504 -1.75841224 -50.64152484 8.3309779 24.7508816 52.92710229 9.57794577 -0.77471406 -10.71075126 2.12895849 -12.95045292 -0.68646708 -0.00000153 -0.00000192 -43.14054806 -8.89752004 -20.88099239 43.80466549 -3.85160445 -1.80549848 -8.20334619 -2.21654816 18.0338772 -0.00303905 0.00001048 7.8e-7
0.06891887 1.02629967 0.08127723 11.79527078 -22.66215072 1.72041417 3.206944 -0.81787214 0.95070692 8.07794629 -1.04898081 1.50484329 8.09465996 -0.9859723 1.44480864 -5.7986968 3.8089817 -2.31354436 -21.66387012 16.93842235 -1.40892378 0.52254691 4.74961234 -10.44266714 -8.06855058 -23.2309492 -53.48811674 0.00003105 -80.06607969 0.00002999 18.5089546 3.47273287 21.4052994 1.83690254 5.23128678 10.76481578 -16.23265051 19.47123485 66.33821741 179.99929204 88.58335742 -179.999302 22.73362192 -6.38018218 -1.77679442 -50.67080651 8.39836366 24.72130488 52.69713354 9.49386093 -0.91001326 -10.64165647 2.16754445 -12.80795364 -0.72445512 -1.5e-7 -0.00000873 -43.13838169 -8.79078172 -20.71025293 43.43202618 -4.15478776 -1.98162566 -7.95451428 -2.19228529 18.18809652 -0.00303895 0.00001049 5.6e-7
0.06939208 1.02740478 0.08022795 11.9967045 -22.6859785 1.83695644 3.15500217 -0.76636631 0.93503713 7.97013352 -0.95223953 1.45184149 7.98609136 -0.88981272 1.39035435 -5.82678792 3.81626858 -2.3284126 -21.6654951 16.93941494 -1.36991327 0.52182353 4.7488444 -10.42933527 -8.05774126 -23.0392709 -53.41112001 0.00001487 -80.08558971 0.0000047 18.3412321 3.46811001 21.47074933 1.82877462 5.21865073 10.68815025 -16.08927321 19.47310721 66.28110558 179.99994606 88.53275504 -179.99994922 22.73083722 -6.43107979 -1.79887228 -50.66382158 8.37734602 24.64824341 52.32608137 9.36902356 -1.06536998 -10.44729638 2.23276784 -12.50765546 -0.69146619 0.00000351 9.9e-7 -43.19999436 -8.6481231 -20.58121921 43.11705965 -4.52890964 -1.9842282 -7.67395859 -2.15270945 18.20730904 -0.00303915 0.00001077 9.9e-7
0.06971307 1.02853905 0.07872546 12.19975097 -22.70465388 1.95484335 3.09867084 -0.70966766 0.91874101 7.85262404 -0.84720109 1.39158143 7.86774125 -0.78541305 1.32849292 -5.86520085 3.82519179 -2.34063342 -21.68803939 16.94498393 -1.30968911 0.52075007 4.75031643 -10.41518393 -8.0513449 -22.80627152 -53.34548027 0.00001144 -80.11695413 0.0000209 18.15261109 3.46800075 21.5244589 1.81991791 5.20748188 10.6011166 -15.94400568 19.47900307 66.21599355 179.99966615 88.4877139 -179.99966125 22.71789794 -6.48550594 -1.82446214 -50.64928434 8.32138272 24.55263625 51.90434137 9.27884003 -1.20339278 -10.19853583 2.28556822 -12.20744757 -0.63726992 9.9e-7 -0.00000564 -43.30455166 -8.54255372 -20.53051472 42.82838562 -4.80948119 -1.86027454 -7.39974969 -2.10153806 18.11409902 -0.00303914 0.00001058 0.00000101
0.06996037 1.02968124 0.0771708 12.40291017 -22.71888998 2.07355437 3.04204456 -0.65208887 0.90138236 7.73397616 -0.74123214 1.32707153 7.74819077 -0.68015815 1.2623218 -5.91137645 3.8343646 -2.34848907 -21.72933814 16.9519574 -1.23311903 0.51939375 4.75479317 -10.40339176 -8.05146877 -22.54842484 -53.29536184 0.00004479 -80.15711958 0.00005852 17.96050436 3.46808913 21.56113623 1.81114986 5.19885747 10.51041275 -15.80856722 19.48697314 66.14756154 -179.9998302 88.45123309 179.99983643 22.69828822 -6.5393493 -1.85192244 -50.69163052 8.3699391 24.61057435 51.52008774 9.0407005 -1.52462147 -9.932559 2.52827941 -11.76184506 -0.72833362 -0.00000949 -0.00000454 -43.39214659 -8.40976256 -20.4332362 42.52869305 -5.11336652 -1.79331507 -7.13339277 -2.04641094 18.05768906 -0.00304023 0.00001223 0.00000357
0.07009328 1.03082802 0.07561754 12.60476294 -22.72576867 2.189954 2.98901617 -0.59724425 0.88632958 7.62250659 -0.64194264 1.26312903 7.63586948 -0.58160232 1.19678776 -5.96161022 3.84233785 -2.35106619 -21.78340235 16.95706774 -1.14836876 0.51792407 4.76255689 -10.39626481 -8.05818304 -22.2875448 -53.26190802 0.00003239 -80.20174789 0.00004957 17.78274141 3.46681869 21.58075581 1.80308054 5.19299581 10.42414263 -15.69193261 19.49453704 66.081016 179.99951038 88.42456959 -179.99950325 22.67628387 -6.5885513 -1.87889963 -50.72742666 8.42690761 24.72637947 51.13148187 8.79536268 -1.91641475 -9.67327435 2.70682094 -11.29211623 -0.92989099 0.00000658 0.00000533 -43.47187812 -8.28693455 -20.31090045 42.22219151 -5.3848598 -1.77304015 -6.88458214 -1.9948838 18.0173939 -0.0030392 0.00001077 0.00000115
0.07004337 1.03191185 0.07404627 12.80308628 -22.72077178 2.29620814 2.94032962 -0.54470771 0.87838481 7.52016266 -0.55143934 1.20107762 7.53271089 -0.49179458 1.13323567 -6.01360949 3.84834143 -2.34848347 -21.84601906 16.95787151 -1.06037097 0.51637765 4.77402702 -10.39580938 -8.07146968 -22.03280718 -53.24227453 -0.00016369 -80.24792886 -0.0001832 17.62565363 3.46484 21.58603764 1.79590493 5.18915002 10.34486467 -15.59502871 19.50012355 66.01811834 179.99914071 88.40624134 -179.99914512 22.6531128 -6.63268317 -1.90424038 -50.84334437 8.4032571 24.82354821 50.8700764 8.73630674 -2.18976896 -9.3063926 2.69900767 -11.10380414 -1.12202577 0.00000418 -0.00000135 -43.57997446 -8.26971741 -20.21489051 41.92778351 -5.45508169 -1.78523191 -6.68624498 -1.95573351 17.94478589 -0.00303989 0.0000119 0.00000274
0.06972024 1.03298782 0.07254507 12.99457966 -22.69646872 2.39642591 2.8942593 -0.49609476 0.86949103 7.42401035 -0.46753564 1.13923571 7.43576671 -0.4085302 1.06996572 -6.06705266 3.85182257 -2.34104352 -21.91500223 16.95164331 -0.97098977 0.51481289 4.79034707 -10.40455198 -8.092171 -21.78285075 -53.23095859 0.00017835 -80.29421769 0.00018753 17.48829921 3.46109236 21.57951872 1.78938319 5.18598542 10.27201893 -15.51379297 19.50210716 65.95836221 179.99962205 88.39290604 -179.99963418 22.62877072 -6.67397988 -1.92787181 -50.90456884 8.38677497 24.77869204 50.52327082 8.94801359 -2.24519391 -8.99817166 2.569093 -11.09106289 -1.16616886 -0.00001371 0.00000133 -43.70211493 -8.34356367 -20.17020184 41.6547775 -5.36921705 -1.77813531 -6.53904346 -1.92652008 17.82370492 -0.00303898 0.00001031 6e-7
0.06917232 1.03405166 0.0713259 13.17653669 -22.65112199 2.49035741 2.84976944 -0.45095545 0.85930893 7.33242606 -0.38948971 1.07627852 7.34341767 -0.33111161 1.00563977 -6.12139158 3.85166006 -2.3283136 -21.98856518 16.93398305 -0.88260059 0.51324206 4.81311141 -10.42612228 -8.12247655 -21.53895248 -53.22286781 -0.00003161 -80.3381064 -0.00002635 17.37474814 3.45464535 21.56354053 1.78344251 5.18257835 10.20624622 -15.4466849 19.49788667 65.90095716 179.9992567 88.38179439 -179.9992453 22.60136542 -6.71370719 -1.94993633 -50.8767914 8.41557697 24.68747314 50.09161892 9.23455413 -2.2074704 -8.88698963 2.44202446 -11.30930667 -1.10334622 -0.00000734 -0.00000475 -43.7943696 -8.40706274 -20.14796723 41.41060145 -5.31452873 -1.72716411 -6.42466103 -1.90145751 17.69688919 -0.00303888 0.00001022 4.3e-7
0.06855733 1.03502785 0.07047971 13.34896499 -22.59064681 2.57364377 2.80752627 -0.40801878 0.8545747 7.24716123 -0.3194929 1.01274772 7.25740621 -0.26170317 0.94082694 -6.17649675 3.84676701 -2.30979788 -22.06449262 16.90061779 -0.79782234 0.51172259 4.84330446 -10.46226206 -8.1642319 -21.30823012 -53.21572636 -0.00000756 -80.37711791 -0.00001781 17.29371788 3.44915858 21.54168249 1.77809876 5.17834283 10.1493195 -15.39630309 19.48662485 65.84571471 179.99992944 88.37179869 -179.99992136 22.56655359 -6.75058863 -1.97016637 -50.94153285 8.40913124 24.61057122 49.81795749 9.52170677 -2.11868674 -8.67215149 2.26910816 -11.62164056 -0.99443962 -0.00001134 -0.00000196 -43.86586774 -8.46667456 -20.13755684 41.19926894 -5.30900136 -1.66446872 -6.33425065 -1.88304525 17.58764556 -0.00303925 0.00001073 0.00000129
0.06792498 1.03593002 0.06977819 13.51374486 -22.5215489 2.64688044 2.76843809 -0.36904849 0.85228784 7.17002841 -0.25845144 0.94990482 7.17955965 -0.20115888 0.87679705 -6.23164385 3.83738197 -2.28667516 -22.14022746 16.85182249 -0.71822792 0.51024049 4.87966697 -10.51023716 -8.21609118 -21.09490871 -53.20886031 0.00001063 -80.41059424 0.00002465 17.24531811 3.4503227 21.51868384 1.77336719 5.1731504 10.10046706 -15.3625354 19.47058682 65.79223714 179.99964915 88.36234584 -179.99965785 22.52332057 -6.78364378 -1.98817466 -50.99463477 8.38926767 24.50708481 49.54636458 9.84743453 -2.0023023 -8.4670685 2.06451489 -11.89688801 -0.89150995 -0.00000361 -0.00000605 -43.93865466 -8.54093416 -20.13537529 41.01470063 -5.33792175 -1.59757628 -6.25110782 -1.868651 17.48186765 -0.00303896 0.00001013 7.1e-7
0.06714908 1.03670914 0.06882882 13.66832641 -22.44266934 2.69902755 2.73254589 -0.33351224 0.85111081 7.10055779 -0.20403065 0.88844817 7.1094206 -0.14719297 0.81423608 -6.28415802 3.82458848 -2.26126741 -22.21025235 16.79132219 -0.64738739 0.50893893 4.92032357 -10.56814627 -8.27401665 -20.89968104 -53.19902221 0.00001898 -80.43888706 0.000029 17.2200939 3.45351725 21.49544383 1.76906444 5.16625779 10.0602237 -15.34021423 19.45087805 65.74329521 -179.99958638 88.35207625 179.9995804 22.4826572 -6.81493375 -2.00273988 -51.04908438 8.32636999 24.39456298 49.265623 10.15702746 -1.86549833 -8.24154926 1.87280084 -12.13146928 -0.80123778 -0.00000437 -0.00000155 -44.02622561 -8.60887507 -20.10948941 40.87931933 -5.40949938 -1.52573258 -6.1810357 -1.85662817 17.36819537 -0.00303995 0.00001199 0.00000281
0.06596198 1.03730774 0.06734182 13.79789677 -22.32645019 2.7175403 2.69979909 -0.30177853 0.85232878 7.0390514 -0.15732552 0.82902798 7.04726172 -0.10081674 0.75380849 -6.32818786 3.80676265 -2.2325767 -22.26790387 16.71583096 -0.59518004 0.50821926 4.96795784 -10.64561834 -8.33940095 -20.73397015 -53.17897971 -0.00004251 -80.45670448 -0.00004573 17.22615297 3.43816528 21.46429196 1.76570972 5.15634296 10.03581994 -15.32839564 19.41866647 65.70604799 179.99970932 88.33754042 -179.9996992 22.45860205 -6.84748488 -2.0114641 -51.12198352 8.22730002 24.30229959 48.96296101 10.32597191 -1.71287228 -7.97092736 1.75381627 -12.31949815 -0.70908525 0.00000509 -0.00000435 -44.11692111 -8.62843655 -20.02673041 40.83511675 -5.5631291 -1.45616543 -6.15507791 -1.84874317 17.25614607 -0.0030391 0.00001064 8.6e-7
0.06417941 1.03773689 0.06526401 13.87758377 -22.11543853 2.70641414 2.67229364 -0.27960751 0.85983873 6.9925232 -0.13092113 0.77302559 7.00021929 -0.07456532 0.69708123 -6.36096659 3.77728706 -2.19287976 -22.31280553 16.60491799 -0.57217985 0.50845293 5.03202399 -10.76360407 -8.4264708 -20.62780744 -53.14407015 0.00002179 -80.45197492 0.000009 17.31384967 3.39531762 21.41877626 1.76436922 5.14249173 10.04205281 -15.34536978 19.35837548 65.6846015 179.99997033 88.31667176 -179.99997098 22.43773241 -6.87732368 -2.01305882 -51.19725347 8.11386644 24.2204259 48.61094866 10.25638003 -1.56486986 -7.63802064 1.74393944 -12.43522085 -0.60746957 0.00000499 0.00000199 -44.19769993 -8.61570703 -19.92990828 40.91599775 -5.8065353 -1.38204245 -6.20391307 -1.84689281 17.14491592 -0.00304005 0.00001194 0.00000318
0.06187801 1.03808792 0.06268722 13.89061838 -21.7564886 2.68606782 2.65634661 -0.27668273 0.87622544 6.97738814 -0.14456233 0.72109353 6.98477639 -0.08806464 0.64490573 -6.39318509 3.72864498 -2.13316632 -22.35720031 16.42932399 -0.57295432 0.50938163 5.12137816 -10.93069573 -8.55605957 -20.60622657 -53.10409579 0.00005901 -80.41822674 0.00004901 17.54800899 3.37677184 21.37393311 1.76561078 5.12514607 10.08351243 -15.42915136 19.27296008 65.66795103 -179.99911479 88.29550224 179.99913025 22.36467225 -6.88943208 -2.00879455 -51.23091058 7.97701163 24.07974289 48.18216188 10.09320084 -1.42813245 -7.23026366 1.71735722 -12.49589863 -0.49816999 -0.0000064 0.00000136 -44.28003746 -8.66244534 -19.93918317 41.1217761 -6.06721831 -1.2625904 -6.33144209 -1.84846427 16.99678016 -0.00303902 0.00001035 8e-7
0.05928835 1.03844002 0.05968565 13.84600583 -21.25657281 2.6679532 2.66233763 -0.29731953 0.8967246 7.01454437 -0.20533254 0.66954622 7.02181163 -0.14854943 0.59358409 -6.44966633 3.66172323 -2.05556255 -22.41910787 16.17868301 -0.56761356 0.50976179 5.23201953 -11.11823602 -8.735639 -20.64730286 -53.08513429 -0.00004273 -80.37195603 -0.00005596 17.92933167 3.50298325 21.36771032 1.76810049 5.10532143 10.14102702 -15.616085 19.20931676 65.63495705 179.99998283 88.29274285 179.99999275 22.18972183 -6.86697995 -1.99866319 -51.19889735 7.77217139 23.80974705 47.6703262 9.94291799 -1.26946491 -6.74294207 1.67828724 -12.55882862 -0.38501839 -0.00000648 -0.00000219 -44.38490449 -8.83894213 -20.12463829 41.41417748 -6.25529887 -1.05616684 -6.51227836 -1.84750288 16.76853541 -0.00303955 0.00001128 0.00000196
0.05650957 1.03879921 0.05625482 13.76958517 -20.7081848 2.63908142 2.70001989 -0.33222551 0.90828584 7.11706121 -0.29201232 0.60982752 7.12418871 -0.23512264 0.53414968 -6.5506263 3.58983091 -1.97876122 -22.50539347 15.88354168 -0.52061515 0.50783629 5.34437355 -11.27098336 -8.94500465 -20.67446543 -53.10984081 -0.00001736 -80.35048668 -0.000024 18.34679652 3.87883321 21.42433466 1.76904793 5.08210877 10.18331523 -15.91125605 19.24258683 65.58182198 179.99989293 88.33281197 -179.99990764 21.94807083 -6.81055129 -1.97560488 -51.13064965 7.50131256 23.46862855 47.11156031 9.87150057 -1.06557406 -6.19130205 1.63557422 -12.68573129 -0.26723445 -0.00000586 -0.0000021 -44.50644891 -9.08751885 -20.38652385 41.74231534 -6.38025717 -0.78166297 -6.70963777 -1.84082482 16.46860395 -0.0030398 0.00001149 0.00000257
0.0533763 1.0391465 0.05239632 13.6699379 -20.25221044 2.58739594 2.7704225 -0.36197585 0.89842735 7.27693893 -0.36407117 0.53434146 7.28364501 -0.30763053 0.45846993 -6.68792703 3.53132248 -1.92667272 -22.60096939 15.60582662 -0.42526875 0.50293687 5.43546291 -11.35095115 -9.1437106 -20.60958626 -53.17168345 -0.0000145 -80.38175808 -0.00002364 18.63564504 4.47376811 21.52044775 1.76668086 5.05304297 10.19645276 -16.27372609 19.41554889 65.54204087 179.9996086 88.42808442 -179.99963347 21.77213773 -6.74624682 -1.92925176 -51.05335337 7.26594804 23.23783062 46.54285295 9.81366932 -0.85918884 -5.60955215 1.59270812 -12.86509921 -0.14364454 0.00000228 0.00000159 -44.61068968 -9.27348121 -20.53423361 42.07651644 -6.51708693 -0.51327778 -6.90102667 -1.82938623 16.14077181 -0.00303989 0.00001181 0.00000271
0.04959243 1.03954178 0.04823639 13.51942715 -20.00292907 2.53898026 2.86217241 -0.37035054 0.86525308 7.46409788 -0.38997929 0.44323071 7.469958 -0.33456838 0.36645628 -6.82523493 3.49682628 -1.90944976 -22.67743427 15.40182187 -0.31778028 0.49667762 5.49281542 -11.36538881 -9.29702917 -20.43479617 -53.23706164 0.00001277 -80.45489183 0.00003761 18.70119083 5.10033252 21.60337793 1.76226104 5.0176925 10.19761003 -16.63367671 19.69407536 65.568 179.99917352 88.56559028 -179.9991999 21.80136449 -6.70849182 -1.85810435 -50.90100166 7.18104207 23.24122633 45.9452774 9.67333426 -0.71842452 -5.02848348 1.5474693 -13.04350051 -0.02339084 0.00000363 -0.00000347 -44.67532923 -9.34160254 -20.48513702 42.41513216 -6.6480687 -0.31595903 -7.09148694 -1.81398653 15.79273312 -0.00303959 0.00001135 0.00000205
0.04497855 1.04013565 0.04402128 13.28529897 -19.98750772 2.54729003 2.95883962 -0.35389451 0.81794155 7.64498319 -0.36658071 0.34259462 7.64961551 -0.31259171 0.2644328 -6.92569967 3.48310417 -1.91636202 -22.71258869 15.29029628 -0.25484328 0.49180865 5.5154023 -11.34753137 -9.39926038 -20.19340152 -53.2783923 -0.00002015 -80.52403502 -0.00003296 18.57934337 5.53751136 21.64026731 1.75876434 4.9801178 10.21688382 -16.93154233 19.99328722 65.68782586 179.99945053 88.71388042 -179.99946954 22.08898281 -6.71298106 -1.77326877 -50.56349421 7.31717925 23.46882143 45.25009424 9.39832113 -0.68781278 -4.45804567 1.49556326 -13.17176762 -0.00014584 0.00000254 -0.00000821 -44.69592113 -9.32997853 -20.28932142 42.75589642 -6.69996253 -0.23045878 -7.29502715 -1.79524225 15.41323628 -0.0030389 0.00001022 5.3e-7
0.03965264 1.0410257 0.03993824 12.98145385 -20.12748422 2.63351265 3.05100653 -0.32077257 0.76889767 7.80446276 -0.31435126 0.23765923 7.80765346 -0.26192838 0.15800347 -6.97882982 3.47873173 -1.92767788 -22.70452487 15.25102689 -0.27447222 0.48992068 5.50749076 -11.31984969 -9.47431859 -19.94166859 -53.30234613 0.00000832 -80.54591218 0.0000139 18.37598047 5.68294249 21.63762836 1.75831607 4.94675757 10.2675093 -17.14705376 20.24221931 65.88120352 -179.99978241 88.83932522 179.99978983 22.59852022 -6.74602625 -1.68726094 -50.03441204 7.66919796 23.83763203 44.41600902 9.00017785 -0.77369547 -3.88255919 1.43442489 -13.22808431 -0.00013379 0.00000361 -0.00000328 -44.66993068 -9.27387334 -20.01515179 43.08025761 -6.70840395 -0.25922086 -7.50768403 -1.77553534 15.02408549 -0.00303948 0.0000111 0.00000186
0.03404608 1.0421196 0.03593076 12.67487723 -20.27084324 2.7494627 3.1359442 -0.28395808 0.72917277 7.9435922 -0.26087963 0.13501874 7.94540069 -0.21005766 0.05403704 -6.99736431 3.47531384 -1.93403438 -22.67836944 15.24936238 -0.36509661 0.4906685 5.47880335 -11.28841174 -9.55047193 -19.72537703 -53.33774361 0.00012318 -80.5186262 0.00013917 18.16814301 5.60472423 21.61398842 1.76050678 4.92285365 10.33563137 -17.28978 20.40820962 66.08322456 179.99852694 88.91323106 -179.99854715 23.24304346 -6.77668691 -1.60497738 -49.44138923 8.09774796 24.22556096 43.47282995 8.55534351 -0.91435581 -3.2727711 1.36415859 -13.24077999 -0.00011524 0.00000341 4e-7 -44.61315152 -9.2019862 -19.71955001 43.37016983 -6.77941617 -0.32158106 -7.71056233 -1.75610143 14.64883012 -0.00303982 0.00001139 0.00000272
0.02870638 1.04317283 0.03173717 12.4404056 -20.27221626 2.81550218 3.20626201 -0.25609349 0.70955555 8.05715016 -0.22898229 0.05268506 8.05788266 -0.17958067 -0.02935801 -6.99334766 3.47494984 -1.94688897 -22.68450271 15.26179996 -0.4578466 0.49231385 5.45190998 -11.26845973 -9.63090505 -19.59888493 -53.39564746 -0.00005437 -80.4917893 -0.00005285 17.96450127 5.48377364 21.55930125 1.76320359 4.91114126 10.38946827 -17.36631698 20.47391682 66.2077304 -179.99921423 88.91090407 179.99920406 23.89554563 -6.77723439 -1.52869862 -48.95280661 8.38778134 24.50204349 42.50116423 8.17832368 -0.99339317 -2.60536733 1.28552295 -13.26752244 -0.00010166 8.2e-7 -0.00000379 -44.57359323 -9.17023739 -19.45878858 43.62513216 -6.96151789 -0.29919264 -7.88609471 -1.73470923 14.27725342 -0.00303955 0.00001114 0.00000205
0.02398406 1.04398834 0.02714531 12.32015966 -20.0828235 2.79249791 3.24700883 -0.24562743 0.71864884 8.12596408 -0.22958911 0.01751466 8.12631621 -0.18118489 -0.0652725 -6.96417914 3.4877685 -1.99170881 -22.78069984 15.28184897 -0.45358396 0.49307852 5.45988894 -11.29601785 -9.68777909 -19.62401256 -53.44966682 0.00011573 -80.53923288 0.00012188 17.73244135 5.50934016 21.43093378 1.76405263 4.91158286 10.39958859 -17.36775615 20.42846721 66.18863441 -179.99948906 88.82352999 179.99948895 24.40898562 -6.73800748 -1.46576308 -48.66716278 8.42190182 24.60964822 41.5669513 7.92687461 -0.93548171 -1.88084505 1.19972683 -13.34213972 -0.00010759 0.00000793 -0.00000481 -44.60316695 -9.21720671 -19.25756436 43.85081865 -7.212379 -0.14572325 -8.02637735 -1.70854174 13.89564001 -0.00303958 0.0000111 0.00000212
0.01985866 1.04456207 0.02220998 12.31627149 -19.77778972 2.70466846 3.24934484 -0.25293794 0.75595356 8.13738075 -0.25745897 0.04538168 8.13811792 -0.20947868 -0.03789838 -6.90243242 3.52167796 -2.0874618 -22.99111306 15.30831487 -0.28489251 0.49202768 5.52621087 -11.40301865 -9.68584589 -19.82197576 -53.46350936 0.00001242 -80.70867671 0.00001245 17.45006607 5.77674099 21.19592007 1.76168317 4.92069537 10.35586877 -17.29104291 20.29331916 66.02394341 -179.99989913 88.67941622 179.99988718 24.69116894 -6.66834829 -1.42590078 -48.56708043 8.24490581 24.59293562 40.6826278 7.78460835 -0.75233785 -1.12444134 1.1113256 -13.47633883 -0.00006867 -0.00000483 0.00000703 -44.72112126 -9.32239863 -19.08775805 44.04183215 -7.46294164 0.09999394 -8.12896379 -1.67569381 13.50161455 -0.00303892 0.00001048 4.9e-7
0.01607056 1.04501678 0.01722558 12.39258931 -19.48831692 2.59681798 3.22271691 -0.27046734 0.8099692 8.10475595 -0.29547577 0.12663704 8.10651687 -0.2474655 0.04291958 -6.8135332 3.57246124 -2.22680096 -23.27247944 15.33244388 0.02675942 0.48982916 5.64313021 -11.57991444 -9.61393788 -20.13725625 -53.43840103 0.00005655 -80.98123437 0.00005917 17.14701772 6.22927241 20.87682179 1.75618525 4.93249624 10.26908119 -17.16042027 20.13309978 65.77891905 179.99941658 88.54377534 -179.99944028 24.77096637 -6.58482949 -1.41216424 -48.56352232 7.99628342 24.55856413 39.83546185 7.69537887 -0.50832896 -0.3772932 1.02655819 -13.66679467 -0.0000737 2.2e-7 0.00001565 -44.89890169 -9.43490571 -18.90778886 44.19193008 -7.65859905 0.39231449 -8.20051256 -1.63529709 13.08781777 -0.0030401 0.00001208 0.00000325
0.01242779 1.04540756 0.01251798 12.47925051 -19.29879383 2.48819744 3.19025264 -0.28891521 0.86692715 8.06189422 -0.32797958 0.23355141 8.06489848 -0.27972942 0.14924178 -6.72050297 3.62350601 -2.37415597 -23.52584773 15.33757745 0.37191435 0.48777992 5.77208725 -11.77170624 -9.50054498 -20.46752961 -53.42777187 -0.00003564 -81.2752087 -0.00003444 16.90189052 6.68916567 20.55119298 1.74860714 4.94115988 10.16108221 -17.02468206 20.02058846 65.53875529 -179.99944727 88.48751605 179.99942441 24.77740819 -6.49622287 -1.41618767 -48.57722164 7.81133938 24.61589107 39.04890568 7.58943691 -0.28864815 0.31253779 0.94995839 -13.87622633 -0.00005363 -0.0000042 -0.0000014 -45.08193643 -9.54067884 -18.7160857 44.3187577 -7.76660413 0.71373332 -8.25915796 -1.58862725 12.64342931 -0.00303924 0.00001066 0.00000134
0.00898019 1.04562897 0.00827349 12.50290794 -19.20355604 2.3741641 3.17316524 -0.30347826 0.91970083 8.04047545 -0.35104424 0.33932685 8.04469441 -0.30255625 0.25417921 -6.65061948 3.65658987 -2.4862996 -23.66091193 15.31146509 0.62506052 0.48651868 5.86929029 -11.91281844 -9.39909669 -20.73453305 -53.50083473 -0.00011068 -81.49443344 -0.00011671 16.79168606 6.97153704 20.30414863 1.74016748 4.94277849 10.05600755 -16.93809922 19.98502317 65.35592961 -179.99961394 88.54691237 179.99963425 24.84895858 -6.4001942 -1.42217234 -48.5699984 7.72569406 24.78144662 38.39089113 7.46150465 -0.13590869 0.9071312 0.88408455 -14.06307535 -0.00006483 -0.00000279 -0.00000862 -45.23457593 -9.67201824 -18.55439879 44.47163099 -7.78339702 1.04172661 -8.32969032 -1.54087608 12.18088579 -0.00303964 0.00001131 0.00000217
0.00593821 1.04552032 0.00452275 12.43499639 -19.1498144 2.25376989 3.1790912 -0.31463253 0.96791886 8.05282055 -0.37032018 0.42959464 8.05807298 -0.32170084 0.34343649 -6.61709734 3.66480159 -2.53976093 -23.66328562 15.25966762 0.73346706 0.48589161 5.91268019 -11.96868969 -9.35104911 -20.92523483 -53.68859423 0.00004468 -81.58597438 0.00003678 16.83641973 6.99960779 20.17415798 1.7324972 4.93607715 9.97470269 -16.93855685 19.99289992 65.23619306 179.99824425 88.70416978 -179.99826896 25.04927118 -6.29254907 -1.41627773 -48.54242049 7.68164026 24.97716663 37.92183489 7.3742885 -0.02802821 1.3911997 0.8303763 -14.21873759 -0.00005892 -0.00000838 0.00001447 -45.35773482 -9.83057101 -18.45262945 44.69749729 -7.7497424 1.3350539 -8.42685548 -1.49959282 11.74868967 -0.00303947 0.00001086 0.00000193
0.00346928 1.04502975 0.00122857 12.30965167 -19.10470903 2.1395208 3.20087764 -0.32443902 1.01149522 8.08948852 -0.39154264 0.50110372 8.09561893 -0.34297492 0.41399794 -6.6111887 3.65647698 -2.54265183 -23.60428129 15.20537292 0.7472362 0.48585877 5.90623966 -11.94532044 -9.35750091 -21.06898152 -53.9667555 -0.00000466 -81.56404345 -0.00000722 16.99355204 6.82879472 20.13397507 1.72729946 4.92314799 9.93524425 -17.03008362 19.97578626 65.159778 -179.99913148 88.89855757 179.99914159 25.34020242 -6.17767984 -1.39693271 -48.52765978 7.62457095 25.14070815 37.65201622 7.35289949 0.06343285 1.76501804 0.78917448 -14.35239411 -0.00003654 0.00000286 0.00000113 -45.47345719 -9.96034361 -18.39443857 44.99790847 -7.72142497 1.56645788 -8.54412913 -1.46892287 11.39603579 -0.00303941 0.00001101 0.0000017
0.00157142 1.04426758 -0.0016302 12.19122533 -19.07824086 2.04474607 3.22406386 -0.33383745 1.0477546 8.12891255 -0.41594509 0.55561487 8.1356955 -0.36764584 0.46802856 -6.61275716 3.64757217 -2.5232867 -23.58315247 15.17406339 0.76859842 0.48651058 5.86283323 -11.86368095 -9.38141097 -21.17971648 -54.28934264 0.00005603 -81.48901299 0.0000516 17.20549553 6.57076632 20.11693829 1.72605082 4.90927449 9.9445 -17.17783908 19.88451964 65.10745691 -179.99910373 89.05840362 179.99909529 25.61650425 -6.0702974 -1.37606339 -48.56315542 7.55311732 25.28263555 37.53762973 7.34349551 0.14012797 2.03666937 0.75960115 -14.47304694 -0.00004691 -0.0000035 0.0000275 -45.60509247 -10.01330656 -18.33423271 45.3275447 -7.71887774 1.73422015 -8.66109004 -1.44735883 11.13513743 -0.00303919 0.00001058 0.00000125
0.00010442 1.04342522 -0.00404113 12.12751978 -19.09626293 1.97579994 3.23635797 -0.34337598 1.07386705 8.15155979 -0.44400241 0.59634036 8.15888915 -0.39612564 0.50929005 -6.60833641 3.65012695 -2.50804597 -23.65389532 15.17928819 0.86755419 0.48763073 5.78703823 -11.7317238 -9.3743693 -21.22227139 -54.63217107 0.00003503 -81.42617598 0.00003395 17.45028476 6.29999115 20.07024262 1.72863907 4.90033076 9.99009052 -17.32306126 19.73189481 65.07105857 179.99989103 89.13757625 -179.99987069 25.77363323 -5.98658802 -1.36948505 -48.65191555 7.48356321 25.4287072 37.50637959 7.30150289 0.20587346 2.22424491 0.73903594 -14.59085401 -0.00001644 0.00000408 0.00001202 -45.76108744 -9.98946127 -18.23365884 45.62798369 -7.72738235 1.84519218 -8.75823895 -1.43080028 10.94775752 -0.00303983 0.00001178 0.0000026
-0.00107396 1.0426635 -0.00598857 12.13060133 -19.16888607 1.93710259 3.23405886 -0.35537184 1.09017217 8.15130638 -0.48001633 0.62756335 8.1590193 -0.43232338 0.54244961 -6.60137273 3.66664024 -2.50655342 -23.79742022 15.2231261 1.03373789 0.48892944 5.67729566 -11.54444797 -9.30544228 -21.13659033 -54.99891282 0.00004427 -81.41477786 0.00004681 17.74554133 6.02284131 19.99478507 1.73255929 4.89712218 10.04023835 -17.41116447 19.59514239 65.05019641 179.99979112 89.13680161 -179.99978189 25.76458921 -5.93423082 -1.38305543 -48.76506667 7.42431637 25.57922644 37.49681732 7.24417386 0.26352104 2.35292103 0.72383937 -14.70115037 0 -0.00000226 0.00002625 -45.93635861 -9.91365253 -18.08617404 45.86500533 -7.73323096 1.90507182 -8.82676878 -1.41664993 10.8125337 -0.00304008 0.00001188 0.0000033
-0.00199514 1.04207214 -0.00748742 12.18098535 -19.28780214 1.93185473 3.22213714 -0.37339466 1.09959752 8.13701778 -0.52924369 0.65447542 8.14510602 -0.48121127 0.57262356 -6.60608232 3.69229048 -2.51162648 -23.95328184 15.30692796 1.19270352 0.49008944 5.54249061 -11.30982195 -9.1747023 -20.9011463 -55.38746003 -0.00004788 -81.46016463 -0.00005506 18.10760586 5.71781384 19.93662742 1.73392916 4.89247607 10.0601052 -17.41562684 19.56891818 65.0448562 179.99933699 89.09713652 -179.99931359 25.61340123 -5.9100322 -1.40576545 -48.86057655 7.38807576 25.71793459 37.46612334 7.21183165 0.29647451 2.44953804 0.71213171 -14.73888948 -0.00002832 0.00000424 0.00003898 -46.11520119 -9.81415793 -17.91909285 46.02998772 -7.728716 1.92478954 -8.86330289 -1.40388389 10.71272674 -0.00303994 0.00001165 0.0000029
-0.00257371 1.04168831 -0.00858351 12.23802781 -19.44387196 1.95100435 3.20884723 -0.39818593 1.10532571 8.12391709 -0.5895589 0.68170745 8.13238569 -0.54060493 0.60365686 -6.63211965 3.72040981 -2.50820594 -24.069548 15.43603424 1.26295592 0.49068313 5.41194352 -11.06905681 -9.00960615 -20.57779048 -55.7563761 0.00015141 -81.54106159 0.00017539 18.51296148 5.39203125 19.93543176 1.73010948 4.87505319 10.03730436 -17.34421802 19.69450574 65.05493031 -179.99940394 89.06701324 179.9994169 25.38686093 -5.90595241 -1.41452861 -48.9181423 7.38138391 25.83388754 37.44707035 7.23385435 0.29883854 2.46196483 0.71130713 -14.67591338 -0.00000302 -0.00000899 -0.00000132 -46.26640921 -9.71349985 -17.76302054 46.12013334 -7.70338246 1.91813588 -8.86222007 -1.39198002 10.63662836 -0.00303977 0.00001173 0.00000241
-0.00269045 1.04149559 -0.00932375 12.25865909 -19.63825577 1.96782709 3.1992402 -0.42414449 1.11062409 8.12084865 -0.64712358 0.71178726 8.12977384 -0.59691224 0.63681904 -6.67402724 3.74547238 -2.48282104 -24.12925165 15.61053461 1.20637225 0.49018997 5.32437407 -10.88656937 -8.85274315 -20.29454496 -56.02913598 -0.0000242 -81.62142397 -0.00001158 18.90000328 5.09663192 19.97419764 1.72207745 4.83886922 9.99535653 -17.22761825 19.91662769 65.08361333 179.99917748 89.06702138 -179.99918326 25.15715763 -5.91762242 -1.38873702 -48.92251367 7.40130588 25.93300569 37.4618385 7.30131738 0.29731485 2.4127036 0.718169 -14.58479132 0.00000783 -0.00000512 0.00000179 -46.35190831 -9.62796177 -17.62453982 46.13285731 -7.64495688 1.89520464 -8.8178637 -1.3809859 10.5781339 -0.00303984 0.00001175 0.00000271
-0.00228207 1.04142166 -0.00972181 12.22401813 -19.87425601 1.95542486 3.1929176 -0.44200742 1.11847249 8.1241432 -0.68324966 0.74538525 8.13353658 -0.63180148 0.6717884 -6.71413204 3.76330494 -2.43019904 -24.1414219 15.81285409 1.04270489 0.48855671 5.30349521 -10.81490008 -8.74397804 -20.17496213 -56.13595838 -0.00004255 -81.66381764 -0.00004147 19.20310581 4.89284941 19.98035003 1.71442751 4.79066312 9.98040361 -17.10060005 20.10989404 65.13843174 -179.99999924 89.07917746 179.99999632 24.9811136 -5.94678762 -1.3241952 -48.88134689 7.43010484 26.02540667 37.5351913 7.39626306 0.32997458 2.33348417 0.72761893 -14.55583309 0.00000836 0.00000771 0.00000291 -46.35482959 -9.56664601 -17.49210531 46.07621698 -7.55164831 1.86022281 -8.73322829 -1.37109031 10.53773244 -0.00303904 0.00001062 8e-7
-0.00135092 1.04132637 -0.00974237 12.15083987 -20.14450992 1.90917847 3.18671887 -0.44587773 1.1325262 8.12271503 -0.68878568 0.78346623 8.13258588 -0.63631013 0.70944834 -6.73571279 3.77198515 -2.35716035 -24.12142699 16.00999451 0.82993809 0.48695993 5.34231766 -10.86301431 -8.70224394 -20.26362404 -56.0586545 0.0000028 -81.64514382 0.0000034 19.38543255 4.80625109 19.88501851 1.71235079 4.74803095 10.025839 -16.98648694 20.16579274 65.22361808 -179.99960289 89.07017947 179.99961815 24.88877107 -5.99532155 -1.23783393 -48.83249997 7.44401022 26.11094762 37.70424744 7.51158066 0.41044302 2.21665122 0.74040959 -14.60865348 0.00001151 0.00000267 0.00000271 -46.30283432 -9.5233742 -17.36311244 45.98208456 -7.4235386 1.81301264 -8.62464619 -1.36361605 10.52374016 -0.00304016 0.00001217 0.00000346
0.00007782 1.04104088 -0.0093222 12.07320106 -20.43175407 1.84984084 3.17952053 -0.43853953 1.15708051 8.10979195 -0.67413439 0.82893296 8.12013763 -0.62062219 0.7536473 -6.73509416 3.77450704 -2.28260857 -24.08506786 16.17479406 0.63323729 0.4870223 5.4092744 -10.99232286 -8.71854144 -20.49708089 -55.84268222 0.0000539 -81.57310899 0.0000188 19.44587168 4.80876034 19.68593681 1.71746935 4.72900004 10.12042528 -16.89206608 20.07710126 65.32957972 -179.99930937 89.02768647 179.99932173 24.86582597 -6.0583642 -1.16061743 -48.82236655 7.42450824 26.18810284 38.00835704 7.64659626 0.50865835 2.04728659 0.75822926 -14.72298596 -0.00000858 0.00000326 -0.00001183 -46.2532335 -9.4843572 -17.25859724 45.90130405 -7.27002167 1.75360768 -8.5155973 -1.36106166 10.54691249 -0.00303973 0.00001147 0.00000246
0.00197087 1.04047691 -0.00842475 12.01283942 -20.72325558 1.80474242 3.17395277 -0.43145718 1.19355907 8.0899658 -0.66489077 0.8853273 8.10094373 -0.60991654 0.80932468 -6.7240685 3.78021161 -2.23113582 -24.05474374 16.3085014 0.50229593 0.48886019 5.47059136 -11.14087097 -8.76462501 -20.73894681 -55.57102741 0.00005096 -81.4891333 0.00005324 19.40325138 4.83645535 19.45351104 1.72624115 4.74074951 10.21029331 -16.81415888 19.94838806 65.43167942 -179.99987409 88.97599002 179.9998734 24.83331576 -6.12342396 -1.12369572 -48.87333932 7.37540876 26.26065001 38.46465193 7.80027435 0.5754781 1.81395275 0.78284808 -14.86457622 0 -0.00000195 -0.00000727 -46.24838806 -9.43717056 -17.20228067 45.86999079 -7.10320167 1.67777132 -8.42047938 -1.36670445 10.61471508 -0.00303982 0.00001171 0.00000259
0.00425876 1.03971786 -0.00708493 11.97010311 -21.02018764 1.78784226 3.1737273 -0.43804726 1.23540112 8.07521996 -0.68484141 0.95289142 8.08698423 -0.62768432 0.87765352 -6.71985136 3.8009809 -2.22071104 -24.06060348 16.44073941 0.4631266 0.49086385 5.50904669 -11.25574758 -8.80839581 -20.85913625 -55.32394926 -0.0000263 -81.44860393 -0.00003964 19.28289234 4.82509876 19.27442756 1.73296902 4.77557752 10.23822992 -16.75111192 19.91621888 65.50307933 -179.99983622 88.95693477 179.99984231 24.65913893 -6.17840744 -1.14501392 -48.97009858 7.32651308 26.31609504 39.04892504 7.98647175 0.59548129 1.46399899 0.8231452 -14.92650635 -0.00000905 -0.00000328 0.00001469 -46.2817113 -9.36926038 -17.18723645 45.87389285 -6.93232052 1.5731874 -8.33416885 -1.38065333 10.73094645 -0.00303927 0.00001084 0.00000132
0.00687138 1.03891785 -0.00536809 11.93807653 -21.33089587 1.79250302 3.17927027 -0.46310474 1.27200713 8.07329985 -0.73850182 1.02546123 8.0859928 -0.67873601 0.95245556 -6.73149211 3.84318905 -2.2514264 -24.12532111 16.60355158 0.51771201 0.4912791 5.5258883 -11.31198053 -8.82519177 -20.80859659 -55.14969123 0.00001593 -81.48377646 0.00002108 19.11815252 4.74068308 19.18998273 1.73443611 4.81680638 10.19154356 -16.70787628 20.03838311 65.53735161 -179.99938407 88.9918205 179.99939093 24.21958625 -6.22230174 -1.22327258 -49.08565937 7.30059268 26.35740683 39.70427514 8.2108841 0.5854876 1.03080354 0.87523406 -14.92222475 -0.00006261 0.0000012 0.0000484 -46.31899796 -9.27113719 -17.18369958 45.87029756 -6.76167428 1.43435596 -8.24132152 -1.39927142 10.89468911 -0.00304016 0.00001209 0.00000352
0.00977011 1.0381675 -0.00331775 11.91441117 -21.65319857 1.80745078 3.18590467 -0.49899501 1.29267628 8.07938897 -0.80670367 1.09205945 8.09297962 -0.74448544 1.02184754 -6.75234152 3.90165786 -2.30428666 -24.24501172 16.80112938 0.64597984 0.48962078 5.52896716 -11.31167021 -8.80138016 -20.64367671 -55.05531716 0.00012076 -81.57616864 0.00013457 18.95248963 4.58941877 19.18714811 1.73261286 4.84890259 10.11609282 -16.69108476 20.24311204 65.55903423 -179.99907745 89.05870179 179.99909431 23.4819964 -6.26927574 -1.34140689 -49.21095399 7.30857939 26.40463767 40.3909142 8.44737593 0.54419046 0.56498532 0.93150758 -14.89005792 -0.00002629 -3e-8 0.00002706 -46.33728369 -9.1454102 -17.17878646 45.83153073 -6.60074537 1.27207694 -8.13165993 -1.41829951 11.09955107 -0.00303891 0.00001044 4.1e-7
0.01295632 1.03744622 -0.00093612 11.8975111 -21.97142672 1.83299243 3.18586728 -0.53066474 1.29216329 8.07793585 -0.85846952 1.14334937 8.0921915 -0.79464416 1.07539861 -6.76389436 3.96148826 -2.35268877 -24.38882055 17.00222186 0.81249361 0.48699514 5.52146521 -11.27237104 -8.73081006 -20.48495195 -55.01299157 -0.00018998 -81.66436337 -0.00018324 18.8231044 4.40435282 19.23972509 1.73255418 4.86572303 10.08676754 -16.69798549 20.38089786 65.6090106 -179.99806792 89.1045994 179.99807611 22.54627259 -6.34089706 -1.47736502 -49.34577022 7.34833291 26.45721801 41.10482252 8.66162746 0.45893459 0.06414218 0.99100169 -14.81734329 -0.00002151 -0.00000597 0.00002834 -46.3423321 -9.00307653 -17.19367244 45.77048047 -6.47377895 1.10199964 -8.00643689 -1.4371455 11.33990289 -0.00303994 0.00001168 0.00000302
0.01642263 1.03670044 0.00179773 11.88348864 -22.27493879 1.87822082 3.17246016 -0.54462317 1.27595103 8.0524692 -0.87040783 1.17838965 8.06705302 -0.8059125 1.11149712 -6.74718314 4.0071661 -2.37862625 -24.5216021 17.16160293 0.98112066 0.485214 5.50158354 -11.21515199 -8.60642768 -20.44103691 -54.97777752 0.00001706 -81.68497161 0.00002362 18.73346364 4.21897676 19.34373922 1.73891571 4.87277921 10.15259089 -16.70522045 20.33370043 65.71446494 179.99939098 89.07927602 -179.99937811 21.60818276 -6.44975614 -1.61405961 -49.47462191 7.40296111 26.48209078 41.84249753 8.84895443 0.34558092 -0.47670464 1.05392549 -14.70661215 0.0000052 -0.00000371 0.00002092 -46.34922762 -8.85580858 -17.25544489 45.71258581 -6.39553105 0.92962679 -7.87205608 -1.457532 11.61147706 -0.00303994 0.00001184 0.00000292
0.02008953 1.03597077 0.00489602 11.87735848 -22.57419936 1.94528808 3.14234315 -0.53624538 1.25827624 7.99394331 -0.83900834 1.20545915 8.0086449 -0.77434149 1.13848929 -6.69254178 4.03135009 -2.38069716 -24.63130112 17.25053452 1.13127884 0.48548951 5.4688955 -11.15754012 -8.41468101 -20.54730633 -54.90979657 -0.00011746 -81.61801147 -0.00013226 18.64634534 4.04745282 19.50719065 1.75290641 4.88306598 10.30646162 -16.66991896 20.09004129 65.86927045 179.99941358 88.96336439 -179.99942649 20.8659508 -6.58628355 -1.74274103 -49.579414 7.46319351 26.46544478 42.58090944 9.01560555 0.23239828 -1.05346805 1.11938366 -14.58981199 -0.00007645 -0.00000864 0.0000607 -46.35701056 -8.71104542 -17.35557577 45.64570706 -6.3367735 0.74986634 -7.72995902 -1.47951421 11.90626458 -0.00303932 0.00001111 0.00000136
0.0238258 1.03538605 0.00834265 11.90369372 -22.88957058 2.02026508 3.0954073 -0.51076606 1.25198667 7.90254811 -0.77852135 1.23521629 7.91730161 -0.71345754 1.16759086 -6.60207175 4.03653787 -2.36798897 -24.73268394 17.27173674 1.26097787 0.48780062 5.42739987 -11.10846868 -8.14273037 -20.75730724 -54.79352281 0.00003365 -81.49851495 0.00003692 18.514631 3.88547843 19.71429764 1.77231192 4.90859458 10.50025719 -16.55179922 19.73104116 66.04161173 179.99983811 88.77120991 -179.99982252 20.43362583 -6.72113319 -1.86058445 -49.66884282 7.54396958 26.45159091 43.27752176 9.12786807 0.11471918 -1.65202512 1.1837095 -14.44793775 -0.00001805 -0.00000131 0.00005685 -46.35069395 -8.57737353 -17.44789439 45.51506672 -6.23443244 0.55919434 -7.57460572 -1.50106647 12.21114903 -0.00304006 0.00001181 0.00000328
0.02755247 1.03501358 0.01208666 11.99130458 -23.22104604 2.08227309 3.03370115 -0.47807143 1.25776331 7.78442667 -0.70761829 1.27137146 7.79933262 -0.64161181 1.20311389 -6.48637114 4.02969377 -2.3471254 -24.84424023 17.25216675 1.3701174 0.49126973 5.38162335 -11.06542073 -7.79586108 -20.98353198 -54.64285777 -0.0000078 -81.38622237 0.00000136 18.33055892 3.72842748 19.91724061 1.7935882 4.95220226 10.68641516 -16.34034358 19.35590726 66.19913817 179.9995468 88.53414126 -179.9995539 20.30881905 -6.82365584 -1.9688521 -49.78137149 7.64869741 26.49511306 43.91674817 9.14841417 -0.03122127 -2.26063889 1.24268223 -14.24924598 -0.00002566 -0.00000763 6.7e-7 -46.32397244 -8.46337852 -17.4956201 45.28228368 -6.05748565 0.36772925 -7.40288339 -1.52012822 12.51721371 -0.00304019 0.00001205 0.00000365
0.03131095 1.0347554 0.01603744 12.14156815 -23.53812594 2.12483738 2.96156354 -0.44657676 1.26162387 7.64975073 -0.63674343 1.30757205 7.6647745 -0.56959989 1.23898877 -6.3614608 4.01633953 -2.31629809 -24.95892688 17.22559639 1.43962951 0.49497187 5.33231908 -11.01761542 -7.41110785 -21.15342356 -54.48998571 0.00003209 -81.31852746 0.00003589 18.14834989 3.58744986 20.07114995 1.81396305 5.0048098 10.84554607 -16.06478704 19.02095447 66.32898386 179.99956031 88.28205509 -179.99957579 20.40005985 -6.88278762 -2.07173134 -49.94656289 7.75036171 26.58440014 44.52639826 9.10103069 -0.2068528 -2.87301513 1.29487302 -13.99625209 -0.00002718 -0.00000555 0.00001233 -46.28712314 -8.36315946 -17.51475244 44.97173729 -5.83024342 0.19338491 -7.22196641 -1.5371185 12.82818617 -0.00303942 0.00001095 0.00000168
0.03520101 1.0344236 0.02007501 12.31928354 -23.81024765 2.16678394 2.88716254 -0.42037337 1.2448277 7.51415918 -0.56614083 1.33404546 7.52916462 -0.49835867 1.26527558 -6.24621258 3.99940216 -2.27172754 -25.04193725 17.21862556 1.43272895 0.49846484 5.2782964 -10.95680823 -7.05308026 -21.24408594 -54.36496938 0.0000368 -81.28435319 0.00005016 18.05444679 3.48337054 20.17198845 1.83159899 5.05098475 10.98099258 -15.77942835 18.73513819 66.43666722 179.99992009 88.03821134 -179.99992794 20.5836077 -6.91407383 -2.17274351 -50.14854881 7.81811463 26.64227291 45.14772927 9.0686305 -0.38482561 -3.485538 1.34232795 -13.72766702 -0.00001907 0.00000183 0.00001411 -46.26273349 -8.26616611 -17.56651767 44.65792524 -5.59239853 0.04233673 -7.04753134 -1.55426837 13.14984127 -0.00303916 0.0000108 0.00000101
0.03926211 1.0339051 0.02408784 12.47711923 -24.04115735 2.23360495 2.82326126 -0.40106599 1.19986825 7.40014982 -0.49541913 1.34800955 7.41500374 -0.42785901 1.27881472 -6.15662936 3.98168767 -2.21836188 -25.06147084 17.24334375 1.32617498 0.50169365 5.22209271 -10.8880157 -6.79406398 -21.28207214 -54.28057206 -0.00005424 -81.2358117 -0.00004168 18.10657868 3.4245394 20.25101399 1.84522826 5.07940748 11.09702574 -15.5403346 18.48919759 66.53007727 179.99971216 87.82505972 -179.99972179 20.75843578 -6.94697967 -2.26693687 -50.34417471 7.86414381 26.62172302 45.80117169 9.1107963 -0.55348418 -4.09560923 1.38813742 -13.47375434 -0.00003016 -0.00000651 0.00005249 -46.26545904 -8.17039211 -17.6983443 44.39963061 -5.34592123 -0.09999092 -6.88971514 -1.57267666 13.47879619 -0.00303871 0.00000983 -1e-8
0.04345411 1.0332254 0.0280397 12.57668324 -24.25164235 2.3189196 2.78498141 -0.39204353 1.13926468 7.33284048 -0.43562245 1.35795472 7.34753095 -0.36893184 1.28794183 -6.09619268 3.96732287 -2.1715151 -25.02651762 17.29408161 1.14663887 0.50477183 5.17110356 -10.82901763 -6.68848713 -21.31950631 -54.23199629 -0.0000794 -81.12502845 -0.00008792 18.29043534 3.39469526 20.33001352 1.85465081 5.09094497 11.19077709 -15.39039328 18.27154596 66.60775262 -179.99996522 87.66941576 179.99996759 20.87484835 -7.00195849 -2.33597588 -50.51388298 7.93566342 26.57209256 46.50133504 9.19156949 -0.73687949 -4.71167969 1.43648709 -13.2683106 -0.00008806 0.0000013 0.00005148 -46.26848149 -8.07729467 -17.89685434 44.19827877 -5.09233911 -0.25469773 -6.74598262 -1.59158812 13.81578717 -0.00304017 0.00001236 0.0000035
0.04775396 1.03250328 0.03201154 12.57939805 -24.41279781 2.36650751 2.78390697 -0.40110879 1.08728067 7.32929783 -0.41154103 1.37777825 7.34409727 -0.34580552 1.30686108 -6.0493638 3.95975314 -2.14689834 -24.99305342 17.34998233 0.97171375 0.50776007 5.13171535 -10.79884806 -6.75192492 -21.4044464 -54.20713453 -0.00004518 -80.9382145 -0.00003173 18.52636123 3.36759181 20.38912639 1.86155066 5.09828197 11.26448448 -15.35698819 18.06016809 66.66428668 -179.99984672 87.59716789 179.99983233 20.92876037 -7.07604027 -2.35267127 -50.64425551 8.06483136 26.5286911 47.21609123 9.22124653 -0.93261896 -5.33052126 1.48549707 -13.02833372 -0.0000376 -0.00000265 0.00004914 -46.18809631 -8.00535827 -18.12909654 44.01451407 -4.86424183 -0.42517499 -6.61511683 -1.61218947 14.17833418 -0.00303916 0.00001075 9.7e-7
0.05224591 1.031819 0.03618588 12.44337399 -24.42210197 2.30145309 2.82119147 -0.43632557 1.06497271 7.38725411 -0.44891942 1.41630235 7.40259505 -0.38378804 1.34511142 -5.98790252 3.9591943 -2.14962446 -25.02566478 17.38659294 0.88455531 0.51085354 5.10375173 -10.80445036 -6.95096649 -21.5586961 -54.1956592 0.00006401 -80.70650479 0.00007158 18.71528903 3.33355762 20.38477794 1.86943339 5.11731221 11.33463877 -15.44909156 17.82100751 66.7013314 179.99981991 87.61845182 -179.99983328 20.93335892 -7.14716994 -2.29847877 -50.71816634 8.19068814 26.42210475 47.92502925 9.15070845 -1.06176461 -5.95200222 1.53353421 -12.74900318 -0.00003269 -0.0000053 0.00003316 -45.93233427 -8.0259495 -18.43008022 43.81372839 -4.66433753 -0.58041133 -6.51236486 -1.63845796 14.57875753 -0.00303979 0.00001152 0.00000267
0.05702718 1.03118469 0.04070433 12.16877661 -24.18633031 2.10118997 2.8840098 -0.49900187 1.07632781 7.48157902 -0.55428839 1.47162776 7.4978377 -0.48933347 1.40140889 -5.89014591 3.96305487 -2.17358171 -25.14314863 17.3927358 0.91457509 0.51416404 5.08253849 -10.83879735 -7.21120521 -21.76918988 -54.18955977 0.00019868 -80.48892184 0.00020926 18.78701885 3.30982515 20.29729273 1.88105167 5.15603419 11.42120201 -15.64587664 17.53466807 66.72946819 179.9998055 87.71256705 -179.99980486 20.90117734 -7.19274754 -2.18219876 -50.71793922 8.20428958 26.1194204 48.61543673 9.0339432 -1.03831555 -6.56925064 1.57973189 -12.48473386 -0.0000244 5.6e-7 0.00000196 -45.49434908 -8.24255691 -18.89869474 43.58930512 -4.44044595 -0.66494044 -6.45260906 -1.67189019 14.98973469 -0.00303968 0.00001118 0.00000243
0.06202074 1.03056594 0.04548867 11.84749758 -23.74277272 1.83685506 2.94975947 -0.57943627 1.10749477 7.57382265 -0.70429911 1.5342995 7.59120963 -0.63931947 1.46632051 -5.7589296 3.96889027 -2.21068529 -25.29539807 17.37785536 1.01454168 0.5174091 5.06662863 -10.88968509 -7.44703773 -21.99770119 -54.17794961 -0.00001376 -80.33846055 -0.00001679 18.72409678 3.32126655 20.1587302 1.89569378 5.20903538 11.5243512 -15.88833477 17.22979533 66.75730955 179.99960426 87.83085647 -179.99960995 20.86546793 -7.20454275 -2.04229588 -50.6736064 8.0683492 25.59045565 49.27627343 8.97490707 -0.87776913 -7.16613437 1.62283613 -12.27223363 -0.00002903 -3.8e-7 -0.00000316 -44.98853564 -8.64733092 -19.5487699 43.35232471 -4.16977455 -0.66161845 -6.42325965 -1.70930541 15.37775517 -0.00303944 0.00001103 0.00000177
0.06693425 1.02991608 0.05022029 11.62717608 -23.26455283 1.62980085 2.99775568 -0.66033768 1.13882563 7.63228385 -0.85614986 1.59468054 7.65075399 -0.79106746 1.52951694 -5.62370418 3.97585093 -2.25821492 -25.39186379 17.36069701 1.09541734 0.52003984 5.06084216 -10.94828996 -7.60484197 -22.20628114 -54.14585079 -0.00005108 -80.27005576 -0.0000348 18.55759912 3.37264846 20.03582756 1.90915991 5.26105933 11.61515487 -16.09603488 16.9803274 66.78255403 -179.9999428 87.92135651 179.99993452 20.92069237 -7.18757034 -1.92510077 -50.68032993 7.88178064 24.99902699 49.89988135 9.00111359 -0.72335914 -7.72770688 1.65922585 -12.07823201 -0.00004354 -8.7e-7 0.00006162 -44.57065418 -9.03716361 -20.21079077 43.11320105 -3.94854048 -0.64789965 -6.38555884 -1.74752385 15.76964045 -0.0030393 0.00001084 0.00000136
0.07142455 1.02920884 0.05454207 11.59848452 -22.9089774 1.55554241 3.02204714 -0.72603361 1.15789512 7.65160549 -0.97228439 1.64668738 7.67093027 -0.9070501 1.58387639 -5.52324381 3.98220827 -2.31496052 -25.36289299 17.34580145 1.08909249 0.5216636 5.06780367 -11.00696131 -7.69606238 -22.38322871 -54.08252218 0.00005552 -80.24805969 0.00005723 18.34991787 3.44349564 19.9903431 1.91656863 5.29706801 11.65609739 -16.21067592 16.85688656 66.79394277 179.99992517 87.96035037 -179.99992723 21.21664413 -7.1481197 -1.85482833 -50.82104142 7.77463872 24.55947762 50.48537815 9.06191108 -0.73373597 -8.2429681 1.6826667 -11.83409874 -0.00118638 0.00000125 0.00000479 -44.33172806 -9.20598156 -20.68646907 42.89153577 -3.90837974 -0.72361007 -6.31414774 -1.78547445 16.21083162 -0.00303998 0.00001177 0.0000031
0.07530098 1.02845574 0.05828321 11.71923939 -22.66871478 1.58637774 3.03642855 -0.77061896 1.16292661 7.65801931 -1.03931727 1.68501882 7.67796022 -0.97400014 1.62331344 -5.48225003 3.98103181 -2.37063024 -25.20490812 17.30704588 0.98762385 0.52262894 5.07435319 -11.04786567 -7.79476362 -22.54679114 -53.99334212 0.00000851 -80.20264048 0.00001969 18.17287113 3.51003235 20.05135179 1.91588938 5.31081706 11.63176984 -16.23688381 16.87473024 66.78276351 179.99959545 87.96857647 -179.99959114 21.86442943 -7.08617257 -1.82288225 -51.0804404 7.76701179 24.31321483 51.02727092 9.11664435 -0.91976293 -8.69905118 1.69205869 -11.52565247 -0.12454429 -0.00000299 0.00000111 -44.24224459 -9.16488571 -20.9655416 42.71001661 -4.04757814 -0.89011731 -6.22543687 -1.82258111 16.68875031 -0.00304016 0.00001225 0.00000344
0.07856301 1.0277002 0.06147588 11.84985753 -22.39940869 1.62322933 3.06525552 -0.79695996 1.15611034 7.69321327 -1.06632386 1.70073124 7.71340209 -1.00128846 1.63869072 -5.49754073 3.95952992 -2.40213636 -24.9780427 17.19479981 0.83339419 0.52405263 5.04913482 -11.0392842 -7.99209699 -22.72254288 -53.90266931 0.00006912 -80.06979073 0.00006103 18.0806937 3.56245252 20.20744488 1.90890238 5.30555246 11.5609963 -16.24104938 16.9878235 66.7524384 179.99908234 87.99482757 -179.99909344 22.80987548 -7.00074302 -1.80489296 -51.36575082 7.78516846 24.13099671 51.51009061 9.15953623 -1.15515005 -9.07618223 1.69387575 -11.19216233 -0.22615045 6.2e-7 -0.00000339 -44.17697141 -9.09230531 -21.19313631 42.5860403 -4.26537258 -1.06394457 -6.16702307 -1.85992284 17.14932293 -0.00304035 0.00001231 0.00000388
0.08128953 1.02695984 0.06420499 11.86872913 -21.99541521 1.58161354 3.12467893 -0.80906445 1.13845769 7.78324328 -1.06727241 1.68231505 7.80320164 -1.00326566 1.61888166 -5.54033526 3.90490665 -2.38475974 -24.76018301 16.96559326 0.67642182 0.52750563 4.96148201 -10.95297278 -8.33015195 -22.91313652 -53.8362315 0.00009427 -79.83341026 0.00010494 18.07596145 3.59353012 20.40293889 1.89936426 5.28717406 11.48139993 -16.29990749 17.13226089 66.71995301 179.99992141 88.07785407 -179.99993596 23.80185996 -6.90058652 -1.78643617 -51.60892238 7.75717636 23.94019566 51.97586455 9.1204448 -1.33531261 -9.39754388 1.70767303 -11.01576641 -0.25021604 -0.00000206 -0.00000216 -44.0213665 -9.1269831 -21.48050898 42.52785029 -4.47099053 -1.17864075 -6.17592219 -1.89950199 17.55483881 -0.00303936 0.00001083 0.00000156
0.08352826 1.02624558 0.06647933 11.76681049 -21.50680004 1.46061131 3.20679988 -0.80833873 1.10612656 7.91327905 -1.04744983 1.62395894 7.93247318 -0.98530481 1.55874226 -5.56968461 3.81413925 -2.31157827 -24.5921242 16.61575881 0.53719802 0.53418258 4.81198385 -10.79793687 -8.75736343 -23.09075793 -53.79096872 -0.0000058 -79.54234275 -0.00000823 18.08777453 3.57320872 20.53686569 1.88993914 5.25721591 11.42364213 -16.43523299 17.2733409 66.70890686 -179.99999723 88.21522369 179.99998305 24.52544551 -6.80972718 -1.76932254 -51.79064383 7.71930642 23.77589146 52.41338305 8.95594434 -1.46519296 -9.67699036 1.72647615 -10.92845003 -0.26242717 0.00000361 0.00000218 -43.7747067 -9.2690787 -21.8174336 42.52492313 -4.61571065 -1.22446002 -6.24341857 -1.9389367 17.88528653 -0.00303943 0.00001129 0.00000168
0.08532415 1.0255558 0.06829505 11.64599198 -21.07505328 1.3316731 3.28029999 -0.79437155 1.06001581 8.0290074 -1.00585135 1.53437851 8.04699464 -0.94587687 1.46763779 -5.550919 3.70006071 -2.20405156 -24.45253453 16.19684609 0.3988922 0.54344562 4.64904547 -10.63961429 -9.14200099 -23.22154542 -53.71817395 0.00001655 -79.28791207 0.00001758 17.99117271 3.44962173 20.4903192 1.88119472 5.21276788 11.39721686 -16.58999836 17.41484605 66.73822326 179.99980536 88.36318094 -179.99981867 24.81729223 -6.75960202 -1.75855902 -51.95800105 7.74388296 23.71478113 52.79615978 8.68954648 -1.60442061 -9.92173313 1.73503051 -10.79885458 -0.28295452 9e-8 0.00000907 -43.54901999 -9.4309753 -22.13885579 42.55123817 -4.67031485 -1.21659972 -6.32829402 -1.97205804 18.12676859 -0.00304018 0.00001222 0.00000346
0.08678046 1.02489403 0.0697242 11.63429872 -20.77955767 1.27373906 3.30981906 -0.76950593 1.0128933 8.06938334 -0.94696006 1.43661601 8.0860862 -0.88861077 1.36907332 -5.47226926 3.58786019 -2.10261148 -24.2806889 15.80015773 0.22767971 0.55174285 4.55049949 -10.57689104 -9.34432717 -23.2964543 -53.54548409 0.00003492 -79.15175961 0.00002546 17.67664048 3.19152578 20.19243725 1.87251418 5.15291919 11.39380054 -16.67178173 17.57624635 66.81353378 179.99932151 88.46654221 -179.99931041 24.78224233 -6.76987604 -1.74866208 -52.17830091 7.82836113 23.74330312 53.10578059 8.40351299 -1.77457215 -10.1303411 1.7305673 -10.59902676 -0.31364572 -0.00000294 0.00000348 -43.48067564 -9.54952588 -22.42295532 42.58981887 -4.63993153 -1.1627009 -6.39430412 -1.99427303 18.27398302 -0.00303884 0.00001007 3.4e-7
0.08802571 1.02429367 0.07087111 11.788532 -20.57956173 1.31493727 3.28140627 -0.74076422 0.98349852 8.01039402 -0.88583413 1.35588223 8.02613627 -0.82773528 1.28830581 -5.35333299 3.50293607 -2.0425283 -24.02864691 15.51495709 0.00255261 0.55494677 4.57620146 -10.68123144 -9.30214208 -23.33435853 -53.23162696 0.00001916 -79.15717288 0.00002895 17.13390469 2.83257108 19.68730624 1.86346276 5.0844409 11.39735967 -16.6313659 17.77305489 66.92248239 179.99876276 88.49831866 -179.99878523 24.70376068 -6.83265386 -1.72467648 -52.46459558 7.87124622 23.72346556 53.32917234 8.22752731 -1.92216739 -10.28614003 1.72381254 -10.40640875 -0.32841359 -0.0000015 -0.00000315 -43.62370486 -9.65204588 -22.72536305 42.62590404 -4.51054032 -1.04763785 -6.43462838 -2.00483629 18.32492195 -0.00303883 0.00001023 4e-7
0.08910793 1.02382217 0.0717444 12.05221707 -20.40287949 1.42110559 3.21495988 -0.71579309 0.98240567 7.88699218 -0.83943046 1.30322667 7.90229735 -0.78010365 1.23600346 -5.23677793 3.45769576 -2.03370462 -23.70550358 15.3812887 -0.26278097 0.55277709 4.72493204 -10.93975547 -9.06998626 -23.35486257 -52.81202354 -0.00004509 -79.25662978 -0.00003856 16.48436695 2.46468988 19.13824022 1.8543847 5.02034962 11.39035698 -16.51216782 18.01796589 67.03794823 -179.99997972 88.47762089 179.99999358 24.82056994 -6.91402206 -1.67727629 -52.76046625 7.79386987 23.54983987 53.4627061 8.22877055 -1.98076049 -10.3740088 1.72631751 -10.31005382 -0.30843536 -0.00000473 -0.00000174 -43.90754458 -9.78403725 -23.07460782 42.64613222 -4.29923469 -0.8787732 -6.4558005 -2.00633951 18.29690264 -0.00303925 0.00001095 0.0000013
0.08991925 1.02355003 0.0722096 12.29874009 -20.25121895 1.53260268 3.15306242 -0.69771978 1.0012146 7.77453826 -0.81395106 1.26855765 7.78974992 -0.75264021 1.20150674 -5.16344153 3.4463154 -2.06007856 -23.38073977 15.36728874 -0.51504652 0.54853461 4.93000067 -11.25296547 -8.7877805 -23.35196681 -52.39402534 0.00004439 -79.36516354 0.00003591 15.92501722 2.18361933 18.74156499 1.84543679 4.97234142 11.35864874 -16.42853424 18.32749439 67.13032305 179.99982295 88.45476419 -179.99983009 25.15262423 -6.97397429 -1.61749843 -52.98191429 7.65498308 23.29377257 53.50643912 8.3200837 -1.95380103 -10.39639541 1.73522246 -10.30178855 -0.27808661 -0.00000581 -0.00000841 -44.18665993 -9.91314013 -23.38589404 42.64639545 -4.09588667 -0.72166974 -6.45846141 -2.00302296 18.23836381 -0.00303966 0.00001135 0.00000228
0.09024666 1.02350143 0.07209778 12.42333338 -20.19052956 1.61112672 3.1343299 -0.68449588 1.01561186 7.74182829 -0.80156121 1.22948877 7.75687706 -0.73861283 1.1619195 -5.14667558 3.45084898 -2.09706689 -23.14228826 15.38817185 -0.67909548 0.5450059 5.09977005 -11.49309601 -8.60046639 -23.29905604 -52.09776006 0.00004443 -79.41491598 0.00004459 15.61754823 2.04268164 18.60365771 1.8364076 4.94372082 11.29354317 -16.48806683 18.71466528 67.1817056 179.9998434 88.47543083 -179.99984405 25.50651613 -6.98961822 -1.57622034 -53.06555487 7.57496494 23.11868397 53.46541936 8.35982695 -1.89896123 -10.36856357 1.73908619 -10.31360362 -0.29728947 -0.00000617 0.00000615 -44.35724512 -9.97481928 -23.54739964 42.64429646 -3.97516208 -0.64003329 -6.44352992 -1.99762928 18.17905182 -0.00303906 0.0000105 8.9e-7
0.0899053 1.02362763 0.07133985 12.40643959 -20.2552504 1.65477379 3.17040948 -0.67346323 1.00039359 7.81018524 -0.78949441 1.16849669 7.82471508 -0.72632008 1.09967968 -5.16548447 3.4535565 -2.12960796 -23.03824323 15.35764381 -0.69525105 0.54283129 5.17244861 -11.58044944 -8.57951749 -23.17788378 -51.98537981 -0.00002845 -79.39168608 -0.00002569 15.61220646 2.04681206 18.68132874 1.82685734 4.92902926 11.19882693 -16.71790825 19.16900706 67.19320812 179.99994389 88.55165978 -179.99996261 25.63710853 -6.963739 -1.58409071 -53.00638104 7.60321245 23.10967995 53.35101376 8.28233473 -1.85864755 -10.30032844 1.73354391 -10.31655706 -0.41833154 -0.00001187 0.00000349 -44.42077316 -9.95669044 -23.54120322 42.67358089 -3.9231012 -0.63115614 -6.42767618 -1.99046771 18.10138788 -0.00303999 0.00001202 0.00000299
0.08884119 1.02384445 0.06998313 12.30635251 -20.39415024 1.67759479 3.24275021 -0.66547042 0.94390191 7.94703137 -0.77216638 1.0832389 7.96056881 -0.7105373 1.01277479 -5.18384927 3.44591604 -2.15374229 -23.04454512 15.23975645 -0.55795981 0.54233883 5.14364453 -11.51701846 -8.699278 -23.00089322 -52.03474791 -0.00003974 -79.33174356 -0.00002422 15.86159729 2.16505613 18.8335438 1.81727502 4.91957476 11.09487233 -17.04997808 19.6437662 67.1844519 179.999186 88.66199105 -179.99919088 25.43203108 -6.91401771 -1.64978281 -52.86667497 7.68663348 23.22440919 53.17949523 8.12754446 -1.83040779 -10.18295372 1.72554452 -10.34741835 -0.57864071 0.00000113 0.00000292 -44.44110008 -9.89354626 -23.42777964 42.76000523 -3.89931146 -0.64880005 -6.43746483 -1.98289656 17.98185278 -0.00303978 0.00001168 0.0000024
0.08712584 1.02410507 0.06809745 12.20483413 -20.51461377 1.68530785 3.31855014 -0.66452246 0.85169615 8.09364515 -0.75489816 0.98174221 8.10593157 -0.69642167 0.90972741 -5.18094221 3.42942131 -2.16339367 -23.07972779 15.06775397 -0.32739892 0.5435699 5.05061162 -11.35847987 -8.87959296 -22.80170538 -52.17356382 0.00002863 -79.28970135 0.00003858 16.29054735 2.34423324 18.93295821 1.8099676 4.91020339 11.01813316 -17.37165377 20.06551328 67.18942319 179.99889329 88.77534918 -179.99891701 24.98735786 -6.85645053 -1.75416884 -52.73800312 7.7371522 23.36756674 52.96371516 7.99298743 -1.7795578 -9.99317241 1.72549176 -10.46527872 -0.68817592 0.00000305 0.00000722 -44.46894357 -9.81333154 -23.25698703 42.89871107 -3.91817324 -0.6532133 -6.48476752 -1.97694427 17.82664776 -0.00304036 0.00001269 0.00000375
0.08486954 1.02442726 0.0657001 12.15492078 -20.55968393 1.67448482 3.37209967 -0.67312961 0.73962062 8.20332835 -0.74776827 0.8697078 8.2142774 -0.69354981 0.79656268 -5.1657598 3.41017551 -2.14098321 -23.05624911 14.91862638 -0.10132073 0.54552163 4.93453907 -11.15976297 -9.05169513 -22.60467795 -52.33821334 0.0000117 -79.30344433 0.00001571 16.843075 2.5248644 18.94085593 1.80855606 4.90238633 11.0100725 -17.59697539 20.36451221 67.24643081 179.99977802 88.87495209 -179.99980291 24.53164664 -6.79803893 -1.86264461 -52.68591759 7.71162362 23.48471639 52.70392668 7.94268697 -1.67591168 -9.70965891 1.73850153 -10.70138046 -0.67400627 0.00000576 0.00000774 -44.52114538 -9.72277374 -23.03892372 43.06441014 -4.02639024 -0.62414947 -6.55865867 -1.97170199 17.65053795 -0.00303913 0.00001071 9.8e-7
0.08213988 1.02485939 0.06279253 12.16144993 -20.5352676 1.64827726 3.39672487 -0.68864015 0.62467633 8.26276978 -0.75655372 0.74486518 8.27229273 -0.70712494 0.67104248 -5.16547106 3.3936042 -2.06769298 -22.93137376 14.86284247 0.03672625 0.54665246 4.81714092 -10.94582406 -9.19433929 -22.40977899 -52.50452378 -0.00002316 -79.37789074 -0.00002036 17.47009489 2.65856953 18.89733728 1.81596902 4.90290728 11.09478994 -17.70448708 20.50885265 67.37954567 -179.99973348 88.9619639 179.9997352 24.25977427 -6.74179165 -1.94540543 -52.71208517 7.63813502 23.59702419 52.38278088 7.93755556 -1.54149211 -9.33175694 1.75737911 -11.00846198 -0.53680505 -0.00001338 -0.00000911 -44.59931789 -9.62778543 -22.77337057 43.236367 -4.23463933 -0.56312817 -6.64070603 -1.9633137 17.45334632 -0.00304006 0.00001215 0.00000318
0.07895091 1.02542984 0.05943169 12.19183473 -20.4790491 1.62275969 3.40246318 -0.70464337 0.51965145 8.28807518 -0.77859022 0.60438573 8.29614512 -0.73404148 0.53017973 -5.20047782 3.38305022 -1.94598035 -22.72444243 14.92322438 0.05737351 0.54618793 4.70503272 -10.72522829 -9.32612185 -22.21087781 -52.67519141 -0.00013365 -79.49040353 -0.00015157 18.0951296 2.72174999 18.85950929 1.83173284 4.91921957 11.25474637 -17.72399375 20.52194278 67.57541791 179.99907328 89.04272371 -179.99907415 24.20090835 -6.69181744 -1.99264464 -52.76122277 7.58337116 23.76202586 51.97477084 7.86607351 -1.44560005 -8.87989926 1.7653501 -11.27884849 -0.3400223 0.0000092 -0.00000462 -44.69750614 -9.53519686 -22.47470477 43.41455259 -4.50183415 -0.48816308 -6.72641817 -1.95000974 17.22688685 -0.00304026 0.00001224 0.00000366
0.07531004 1.02612915 0.05573557 12.20330705 -20.4184831 1.6143854 3.40509824 -0.71581994 0.4315486 8.30569974 -0.80594696 0.45596278 8.31224334 -0.76598114 0.38143564 -5.26790603 3.38063463 -1.80939037 -22.49569598 15.06755267 -0.0114807 0.54442184 4.60660131 -10.51617332 -9.47489809 -22.02341375 -52.84965222 0.00002906 -79.60845981 0.00002878 18.61662318 2.71818599 18.8538103 1.85099537 4.9529233 11.42999886 -17.69946282 20.47181606 67.77939706 179.9988581 89.11908324 -179.99885387 24.23062405 -6.65187269 -2.01416036 -52.76129249 7.58254016 23.98295878 51.46621477 7.69444372 -1.41585028 -8.37509467 1.75098545 -11.45455936 -0.25680701 0.00000725 -0.00000515 -44.79947194 -9.44887151 -22.17037928 43.61084327 -4.7712069 -0.41547343 -6.82624244 -1.93397034 16.96715537 -0.00303906 0.00001027 9e-7
0.0712572 1.02692993 0.05180254 12.17192575 -20.35560425 1.62474981 3.41599146 -0.72179384 0.36158236 8.3343188 -0.83125594 0.31846667 8.33942612 -0.79543099 0.24355673 -5.34690916 3.38723652 -1.70426261 -22.30482545 15.23398988 -0.1137999 0.54182393 4.53655993 -10.35039123 -9.65232208 -21.88409398 -53.01341602 -0.00004564 -79.70819552 -0.00003992 18.95785377 2.67301121 18.87597162 1.86676724 4.99524793 11.55093824 -17.66413189 20.435229 67.92446141 179.99935562 89.19144839 -179.99936359 24.2275157 -6.61774817 -2.02198545 -52.66649159 7.60277251 24.18757449 50.86148012 7.51416014 -1.39634399 -7.823019 1.7171358 -11.58418006 -0.20491798 0.000005 0.00000179 -44.88938545 -9.37527368 -21.88236708 43.83145827 -5.00853696 -0.34563822 -6.94969501 -1.91764151 16.67401034 -0.0030395 0.00001139 0.00000181
0.06686819 1.02780289 0.04764344 12.10449606 -20.27658556 1.63977235 3.43759526 -0.72556291 0.30708086 8.37790178 -0.85108224 0.2100403 8.38178074 -0.81902604 0.13462172 -5.41628405 3.40085953 -1.65718164 -22.18167779 15.36854501 -0.19963195 0.53876456 4.50497669 -10.25034459 -9.8447603 -21.82100654 -53.15341843 0.00000827 -79.78324536 -0.00001287 19.12001761 2.62354152 18.92052429 1.87414526 5.02796872 11.5861114 -17.63930236 20.45663268 67.97787749 179.99996386 89.26530821 -179.99998226 24.24031166 -6.57442375 -2.01216762 -52.48803074 7.59906283 24.33217284 50.17109135 7.35514363 -1.33359124 -7.22408875 1.67125763 -11.7289972 -0.11685179 -0.00000133 0.00000292 -44.9629834 -9.3222568 -21.61150099 44.06948662 -5.22476686 -0.26521451 -7.09235473 -1.90053013 16.34884229 -0.00303905 0.00001054 7.9e-7
0.06223143 1.02872368 0.04322521 12.02591565 -20.17288771 1.64439472 3.46507693 -0.72874069 0.26611271 8.42928037 -0.86475291 0.13558392 8.43221336 -0.83607238 0.05949502 -5.46821649 3.41628742 -1.65853945 -22.12345284 15.44809179 -0.24403638 0.53561531 4.5067673 -10.21058041 -10.01838148 -21.82743838 -53.27259842 -0.00003289 -79.84134459 -0.00003569 19.1829444 2.60896295 18.99762257 1.87292756 5.0326492 11.56311232 -17.64113094 20.52805266 67.9628309 -179.9974799 89.34740185 179.99748984 24.49350395 -6.50452991 -1.96290283 -52.278877 7.57798741 24.45356113 49.4083986 7.17310928 -1.24282966 -6.5806623 1.614348 -11.87137805 -0.02189862 -0.0000089 -0.00000737 -45.03117478 -9.29342207 -21.34365559 44.31266073 -5.45347403 -0.16052953 -7.23929487 -1.87966575 15.99354446 -0.00303988 0.00001157 0.00000275
0.05742653 1.02964645 0.03861107 11.95450266 -20.0618728 1.63671163 3.49057923 -0.72735828 0.24409847 8.47798226 -0.87132831 0.08641292 8.48021605 -0.84535553 0.00949107 -5.50856256 3.42734767 -1.67675873 -22.10896843 15.47698886 -0.24922621 0.53287947 4.52690086 -10.20661668 -10.13321408 -21.87033807 -53.38196586 -0.00009101 -79.89013883 -0.00010775 19.24512993 2.65624001 19.11774572 1.86698478 5.00350572 11.53901571 -17.67761971 20.6064397 67.93118332 -179.99938305 89.43462039 179.99936784 25.19431336 -6.40402558 -1.8567719 -52.07721332 7.56847733 24.60874232 48.5987014 6.91358452 -1.16061989 -5.91258416 1.54926665 -11.99067672 -0.00016135 4e-8 0.00000486 -45.10720223 -9.28025694 -21.06813358 44.55616748 -5.70240138 -0.02582104 -7.38205227 -1.85306166 15.61062849 -0.00303981 0.00001155 0.00000266
0.05251142 1.03049568 0.03403713 11.89072653 -19.98898036 1.62888568 3.50769962 -0.71318519 0.25391594 8.51658433 -0.86813853 0.05131402 8.51837535 -0.84348814 -0.02657494 -5.54869 3.42976787 -1.68665869 -22.11166721 15.46804412 -0.23945789 0.5306418 4.55592797 -10.22166141 -10.16133682 -21.92273469 -53.47941254 0.00016546 -79.92827382 0.00016685 19.35380618 2.76659455 19.26275364 1.86067675 4.95358423 11.54500654 -17.73808495 20.65665136 67.91190017 179.99870396 89.51020312 -179.99871001 26.30124111 -6.28875783 -1.70608621 -51.86759487 7.55658829 24.78536659 47.78878399 6.66439896 -1.07138064 -5.25234586 1.48673495 -12.13933893 -0.00014595 0.0000136 -0.00000674 -45.20049081 -9.26981966 -20.78406309 44.80960636 -5.93520384 0.12976077 -7.52733672 -1.82234266 15.20327511 -0.00303906 0.00001055 8.5e-7
0.04751995 1.03120064 0.02978093 11.82928358 -19.99809561 1.63281394 3.5143678 -0.68002337 0.3058345 8.54303674 -0.8522016 0.02673144 8.54459812 -0.82685334 -0.05207927 -5.59746018 3.42238194 -1.68428678 -22.10475874 15.42886263 -0.25101862 0.52873994 4.59675916 -10.25937817 -10.10220009 -21.9813365 -53.54479497 0.0000609 -79.95138585 0.00006152 19.48520704 2.91325064 19.37707289 1.85570145 4.90830114 11.55775845 -17.79347228 20.68240802 67.88629033 179.99965322 89.55761411 -179.99965614 27.48039403 -6.18735353 -1.55341926 -51.60615911 7.48440063 24.90663196 47.02207513 6.59404256 -0.89693353 -4.62937522 1.43879563 -12.41352876 -0.00012873 0.00000781 0.00000377 -45.31460417 -9.25389829 -20.4808839 45.08359723 -6.11787979 0.27294727 -7.68619548 -1.79216667 14.78695452 -0.00303902 0.00001031 7.9e-7
0.04247033 1.03175759 0.02590199 11.77784333 -20.08847648 1.64457562 3.51335719 -0.62981142 0.39438614 8.55954104 -0.82314339 0.01633063 8.56114889 -0.79526521 -0.06301541 -5.65657656 3.4071638 -1.67887181 -22.07132597 15.36595301 -0.31135553 0.52692418 4.65446806 -10.32903794 -9.98579043 -22.04923168 -53.5632265 -0.00000263 -79.96726917 -0.00002291 19.59024715 3.05618672 19.39401716 1.85097499 4.88915658 11.5276946 -17.81861732 20.7153426 67.81536658 179.99849208 89.57496921 -179.99850205 28.31449509 -6.12221735 -1.44476823 -51.29158461 7.32366163 24.93600505 46.30412163 6.77143613 -0.59296391 -4.04203091 1.40577669 -12.83746734 -0.00011917 -0.00000153 -7e-7 -45.44473533 -9.22283741 -20.12758978 45.37189198 -6.28204831 0.37161441 -7.85667994 -1.7654662 14.3885108 -0.00303937 0.00001093 0.00000162
0.03737574 1.0322625 0.02214959 11.75622698 -20.20549108 1.64604635 3.50965488 -0.57359351 0.49528773 8.56955028 -0.78607388 0.02265754 8.57137996 -0.75485896 -0.05656592 -5.71888526 3.38995243 -1.67755605 -22.02183883 15.29889781 -0.40928888 0.52523566 4.72113238 -10.41897516 -9.85731973 -22.1079853 -53.55496712 -0.00002254 -80.00421331 -0.00003559 19.6585089 3.16769641 19.28128916 1.8457215 4.90022007 11.43953171 -17.81881382 20.77117695 67.69198075 179.99885782 89.57563083 -179.99885141 28.59631428 -6.09373582 -1.3995975 -50.98649303 7.12179758 24.94328612 45.59619638 7.09554791 -0.23446112 -3.44880435 1.37251908 -13.30839752 -0.00010351 -0.00000233 0.0000015 -45.57912044 -9.17634864 -19.71547455 45.64255731 -6.46958161 0.44846746 -8.02339649 -1.73999571 14.00905428 -0.00304021 0.00001203 0.00000359
0.03226216 1.03286232 0.01819955 11.77701769 -20.28161246 1.62387524 3.50637856 -0.52689454 0.57934597 8.57442086 -0.75352458 0.04150115 8.57657551 -0.71952013 -0.03678592 -5.76998106 3.38152416 -1.68139807 -22.00525252 15.26547317 -0.4796623 0.52379411 4.77514874 -10.49269032 -9.74925528 -22.1163463 -53.57466562 0.00005011 -80.09885056 0.00004761 19.73587467 3.25014901 19.07187091 1.84207284 4.9273873 11.34318679 -17.83335044 20.82007795 67.56388677 -179.99955436 89.57440659 179.99956718 28.45517458 -6.08179152 -1.39960012 -50.75295807 6.95045546 25.01746431 44.84561276 7.40994256 0.06500509 -2.80221363 1.32327932 -13.70643128 -0.0000908 -9.8e-7 -0.00000867 -45.70886447 -9.138514 -19.28141079 45.86047035 -6.6898875 0.56317118 -8.16768943 -1.71019708 13.61879557 -0.00304011 0.00001185 0.0000034
0.02720672 1.03366379 0.01399528 11.83458927 -20.27608364 1.58617172 3.50154708 -0.50350406 0.63241796 8.57175022 -0.74516833 0.06539165 8.57420253 -0.70975186 -0.01112205 -5.79500173 3.39494493 -1.69279175 -22.08797917 15.30582331 -0.43037224 0.52240835 4.79870137 -10.51417332 -9.65876778 -22.04398817 -53.6738532 -0.0000082 -80.27244958 0.00000128 19.87845606 3.33308253 18.85458432 1.84363523 4.94947533 11.3179663 -17.90595696 20.80820379 67.50014218 179.99937427 89.57897006 -179.99938729 28.2211238 -6.06328075 -1.40298384 -50.59422391 6.84964695 25.17187586 44.01962261 7.60577094 0.25373325 -2.09303755 1.25532933 -13.99160356 -0.00008033 0.00000766 -0.00000444 -45.82565676 -9.13550559 -18.87316492 46.00509642 -6.93356244 0.72965541 -8.27980263 -1.67431843 13.21010606 -0.00304018 0.0000121 0.00000349
0.02239145 1.03467614 0.00982316 11.91746252 -20.16872445 1.55753291 3.48936473 -0.51138243 0.66457655 8.55660457 -0.78289856 0.09173685 8.55949442 -0.74709261 0.01781241 -5.78866152 3.43811683 -1.72022177 -22.303965 15.43546213 -0.2076345 0.52056721 4.79567629 -10.48013969 -9.55003617 -21.9055695 -53.85755676 0.00005912 -80.51530166 0.00006316 20.0886774 3.45614403 18.72408635 1.85124699 4.95220503 11.39904369 -18.04251331 20.71664995 67.52832778 -179.99816402 89.59879791 179.99817144 28.16019974 -6.02599889 -1.37539164 -50.47476048 6.81284192 25.33986582 43.12611831 7.64665665 0.34743746 -1.35808474 1.17724878 -14.19418365 -0.00006741 -0.00000572 2.6e-7 -45.92555783 -9.17744353 -18.54020283 46.08002431 -7.19381396 0.91875305 -8.36392534 -1.6365708 12.81250504 -0.00303978 0.00001153 0.00000258
0.01805558 1.03581474 0.00604333 12.02040976 -19.94039219 1.55938083 3.46514094 -0.55108824 0.69895285 8.52599481 -0.8800739 0.12595063 8.52959793 -0.84387079 0.05543882 -5.76183988 3.50670577 -1.77162298 -22.61569802 15.63128895 0.14950174 0.51789583 4.79132041 -10.42577607 -9.38561769 -21.75850233 -54.07795603 -0.00002731 -80.79055843 -0.00001 20.30049445 3.64745135 18.71950102 1.86055214 4.9354203 11.53261151 -18.19471892 20.60201262 67.60213865 -179.99851216 89.65509823 179.99850902 28.30394886 -5.96822932 -1.31393775 -50.35899955 6.77739105 25.4030396 42.20277649 7.60451987 0.40973955 -0.63915364 1.09848719 -14.374059 -0.00007531 -0.00000181 0.00000121 -46.02137929 -9.28662402 -18.36179592 46.10989275 -7.42876852 1.13335377 -8.43623842 -1.60081342 12.43849942 -0.00303891 0.00001037 4.8e-7
0.01430185 1.0369493 0.00279193 12.13528259 -19.5975026 1.59596894 3.43022041 -0.61511489 0.75081481 8.48282159 -1.02936727 0.17555063 8.48751029 -0.99193475 0.10912985 -5.73589325 3.58434558 -1.84376624 -22.93104074 15.84472219 0.51912645 0.51434032 4.81151899 -10.39684388 -9.16229247 -21.66001619 -54.27088246 -0.00001356 -81.05307493 0.00000559 20.4329414 3.90452139 18.79319153 1.86417802 4.91213889 11.60590646 -18.2891629 20.56769993 67.63048417 179.9958311 89.77043944 -179.9958316 28.48552556 -5.89384724 -1.24443837 -50.21487177 6.65619721 25.25674046 41.29009441 7.63156987 0.52974531 0.03931517 1.02451471 -14.58596922 -0.00004245 -0.00000445 -0.00000124 -46.13965691 -9.50023203 -18.40420982 46.13392977 -7.57107351 1.41096308 -8.51520673 -1.56575907 12.05757005 -0.00304006 0.00001205 0.00000316
0.01094678 1.03794281 -0.00003428 12.23710095 -19.21558495 1.65520855 3.39211902 -0.68878841 0.81584427 8.43593978 -1.19957219 0.24136316 8.44203461 -1.16013765 0.17923798 -5.7294642 3.65160348 -1.91996964 -23.16459454 16.03101178 0.77158141 0.51044601 4.86236642 -10.4159694 -8.92025862 -21.62872571 -54.39922753 -0.00005748 -81.26732447 -0.00005198 20.46195198 4.18784214 18.83630011 1.85740872 4.90163952 11.53440468 -18.27845635 20.67947572 67.54442296 179.97774694 89.93947386 -179.97777272 28.51402919 -5.81127947 -1.19757046 -50.01823457 6.4373705 24.92115866 40.42093636 7.80903878 0.76160288 0.6546216 0.95810391 -14.83812729 -0.0000212 0.00000195 -0.00000133 -46.28651534 -9.79411965 -18.60876322 46.19302743 -7.63598199 1.74111041 -8.6083411 -1.52985359 11.65533532 -0.00303999 0.00001183 0.00000301
0.00775449 1.03865013 -0.00251438 12.29552943 -18.91949714 1.71402005 3.35996103 -0.75355857 0.88018563 8.39633254 -1.3494357 0.315468 8.40380167 -1.30786498 0.25701874 -5.74790934 3.69648313 -1.97797497 -23.28834094 16.17227002 0.84625603 0.50708765 4.92996083 -10.47410544 -8.71761953 -21.65489484 -54.45847413 -0.00002236 -81.41356098 -0.00002369 20.43681712 4.433108 18.75235081 1.84355815 4.92084176 11.33206459 -18.17538303 20.89884735 67.34969273 0.00217515 89.88833127 -0.0021647 28.33628616 -5.73366391 -1.1833898 -49.78626754 6.21805638 24.60466054 39.6440467 8.03327162 1.03976233 1.25862249 0.88906413 -15.19823435 -0.00000672 -0.00000774 0.00000198 -46.43341453 -10.0505965 -18.79003745 46.31932326 -7.76371071 2.0416128 -8.70759367 -1.49728921 11.28438416 -0.00304029 0.00001214 0.00000368
0.00480403 1.03908501 -0.00456124 12.30252715 -18.79212389 1.75905373 3.33937086 -0.80021929 0.92800347 8.3724524 -1.45219761 0.38832931 8.38106365 -1.40905521 0.33221827 -5.7840374 3.71814184 -2.00035216 -23.32243867 16.28010289 0.76481116 0.50473872 4.99826737 -10.55159377 -8.59113836 -21.74651804 -54.44430463 -0.00006933 -81.48389691 -0.00008875 20.42379426 4.57637222 18.53640732 1.8326475 4.97556571 11.10676514 -18.04720221 21.10279928 67.125462 -0.00004802 89.77860041 0.000041 28.07395808 -5.67436077 -1.1846456 -49.58089099 6.16913132 24.48467186 39.04072814 8.1259618 1.22755851 1.66757465 0.84303317 -15.35169772 0.00000829 -0.00000491 0.00000478 -46.52653235 -10.15891495 -18.818587 46.4740075 -7.93976936 2.25439401 -8.80571328 -1.47235784 10.99355012 -0.00303936 0.00001102 0.00000151
0.00252719 1.03932777 -0.00601864 12.2785996 -18.82096013 1.78423775 3.33027107 -0.82804064 0.96289459 8.36651548 -1.50841117 0.45617799 8.37595124 -1.46424119 0.40081556 -5.82786005 3.72352601 -1.98366138 -23.29494324 16.37632421 0.59070222 0.50302086 5.06213745 -10.63585359 -8.53908021 -21.91545374 -54.35893315 -0.00000742 -81.48292911 -0.00003127 20.42961375 4.58971423 18.31640034 1.83301037 5.0543855 10.97573486 -17.96820605 21.17976263 66.96521235 -0.00011617 89.76562266 0.00011264 27.91341564 -5.63910233 -1.17395617 -49.43045982 6.26005397 24.54889262 38.65082152 8.09681929 1.29887165 1.87495578 0.82265335 -15.3254598 0.00010028 0.00000369 -0.00000771 -46.55874835 -10.14361663 -18.71498263 46.59092543 -8.09165673 2.36265853 -8.87376498 -1.45335528 10.80389245 -0.00303999 0.00001165 0.00000304
0.00109299 1.03950836 -0.00695857 12.24947627 -18.93050521 1.79528069 3.32743261 -0.83900534 0.99644557 8.37125356 -1.52855733 0.51942641 8.38135827 -1.48359653 0.46351065 -5.87897502 3.72182238 -1.9473416 -23.234841 16.46147103 0.40008186 0.50129585 5.10924511 -10.6905479 -8.53359069 -21.91680542 -54.40473811 -0.00002074 -81.48253529 -0.00003917 20.37664477 4.59159714 18.30855536 1.84258052 5.12916347 10.96437271 -17.95598527 21.11076026 66.8908193 0.00850366 89.83147671 -0.00851548 27.91563392 -5.62555078 -1.14240467 -49.3308204 6.39976742 24.70552637 38.42586209 8.00700282 1.27961297 1.96405454 0.81693878 -15.24195713 0.00022517 -0.00000657 0.00000315 -46.55068438 -10.07779777 -18.55764143 46.63089436 -8.16059866 2.38549115 -8.89958173 -1.43618588 10.69773166 -0.00303979 0.00001173 0.00000251
0.0002079 1.03971893 -0.00764159 12.22539137 -19.05976611 1.80212078 3.32257036 -0.82886117 1.03023609 8.37050297 -1.50561326 0.57547761 8.38106277 -1.45973349 0.51804296 -5.9501359 3.720503 -1.93184013 -23.19849644 16.49869594 0.27972271 0.49943645 5.14807551 -10.72694161 -8.54011087 -21.81521233 -54.53576368 -0.00007508 -81.49519813 -0.00005187 20.29302569 4.60630074 18.4002795 1.84936293 5.16664174 10.98226479 -17.95378531 20.95752406 66.81934329 -0.00372481 89.94168948 0.00371885 27.9236755 -5.63192142 -1.11227571 -49.25150437 6.53830358 24.87314106 38.26818203 7.91544112 1.21872642 2.00653661 0.81742482 -15.13316607 0.00035602 -0.00000513 -0.00000685 -46.52448884 -10.00824352 -18.39792838 46.60789476 -8.15904014 2.36486821 -8.89435637 -1.41829964 10.63268529 -0.00304035 0.00001246 0.00000377
-0.00042321 1.03995964 -0.00822496 12.20412313 -19.19503883 1.80833789 3.30937142 -0.78922246 1.05722521 8.34955617 -1.42095632 0.61893828 8.36026939 -1.37412473 0.55921573 -6.0545577 3.72304766 -1.97130832 -23.25046363 16.4457171 0.29514706 0.49742665 5.18061945 -10.74937019 -8.5552502 -21.63615139 -54.73104884 0.0001036 -81.51733538 0.00010365 20.18620943 4.62905542 18.56834797 1.84238104 5.15074422 10.91860075 -17.89251022 20.78387065 66.64330419 179.9890023 89.91467641 -179.9890116 27.71589813 -5.66067775 -1.11446618 -49.17682102 6.67243734 25.03794035 38.13252059 7.83194455 1.1417253 2.03352095 0.81931416 -15.01534818 0.00045719 0.00000993 -0.00000269 -46.49004414 -9.93911522 -18.24031588 46.55218503 -8.12076103 2.32496147 -8.87285882 -1.40146502 10.58468863 -0.00303994 0.00001176 0.00000294
-0.00085831 1.04019745 -0.00870757 12.18236575 -19.34425787 1.81296483 3.28736829 -0.72146843 1.07348551 8.30704145 -1.27624581 0.64925679 8.31754031 -1.2284901 0.58659553 -6.18986778 3.72888736 -2.06528405 -23.40396444 16.30350491 0.44122369 0.49538211 5.20962651 -10.76483133 -8.57497387 -21.41505617 -54.95968909 -0.00002282 -81.54363134 -0.00003513 20.06657967 4.65572207 18.77911953 1.82093691 5.0928063 10.74727622 -17.75938937 20.60950881 66.33907478 179.99348225 89.73904264 -179.99347574 27.23857852 -5.70996525 -1.1563119 -49.10925443 6.80915185 25.21058618 38.02726381 7.7506865 1.05172358 2.03911308 0.8216705 -14.890461 0.00051281 -0.00000765 -0.00001003 -46.44866846 -9.86334425 -18.07771456 46.47753133 -8.05694222 2.26871119 -8.84035936 -1.38823167 10.55180331 -0.00303906 0.00001058 8.4e-7
-0.00105002 1.04041138 -0.00905097 12.15981879 -19.51082261 1.81511367 3.26058977 -0.63808179 1.08245024 8.25253606 -1.09784306 0.6716952 8.2626287 -1.0492786 0.60576945 -6.34083835 3.73627224 -2.18754193 -23.61850303 16.11403274 0.65797581 0.49337731 5.23716686 -10.77936777 -8.59722291 -21.1791117 -55.19638439 -0.00000154 -81.56930001 -0.00001691 19.94149118 4.68444368 19.00611965 1.79147503 5.01517709 10.51615247 -17.5876289 20.43328695 65.96419786 179.99879796 89.54122427 -179.9987903 26.60420008 -5.77118304 -1.22142652 -49.05273777 6.94561266 25.39070139 37.96637414 7.6744587 0.95076854 2.01608382 0.82493074 -14.76213253 0.00052363 -0.0000033 -0.00000325 -46.40211182 -9.78176611 -17.91262126 46.38582511 -7.9654174 2.19547331 -8.79597193 -1.37898152 10.53646427 -0.0030398 0.00001135 0.00000268
